<?xml version="1.0" encoding="UTF-8"?>
<gpx creator="StravaGPX" version="1.1" xmlns="http://www.topografix.com/GPX/1/1" xmlns:xsi="http://www.w3.org/2001/XMLSchema-instance" xsi:schemaLocation="http://www.topografix.com/GPX/1/1 http://www.topografix.com/GPX/1/1/gpx.xsd">
 <metadata>
  <time>2026-05-19T13:18:53Z</time>
 </metadata>
 <trk>
  <name>Дневной велозаезд</name>
  <type>cycling</type>
  <trkseg>
   <trkpt lat="51.0540270" lon="13.7491990">
    <ele>109.6</ele>
    <time>2026-05-19T13:18:53Z</time>
   </trkpt>
   <trkpt lat="51.0540430" lon="13.7492600">
    <ele>109.6</ele>
    <time>2026-05-19T13:18:54Z</time>
   </trkpt>
   <trkpt lat="51.0540590" lon="13.7493220">
    <ele>109.6</ele>
    <time>2026-05-19T13:18:55Z</time>
   </trkpt>
   <trkpt lat="51.0540750" lon="13.7493830">
    <ele>109.6</ele>
    <time>2026-05-19T13:18:56Z</time>
   </trkpt>
   <trkpt lat="51.0540910" lon="13.7494450">
    <ele>109.6</ele>
    <time>2026-05-19T13:18:57Z</time>
   </trkpt>
   <trkpt lat="51.0541070" lon="13.7495060">
    <ele>109.8</ele>
    <time>2026-05-19T13:18:58Z</time>
   </trkpt>
   <trkpt lat="51.0541290" lon="13.7495940">
    <ele>110.6</ele>
    <time>2026-05-19T13:18:59Z</time>
   </trkpt>
   <trkpt lat="51.0541530" lon="13.7496830">
    <ele>111.0</ele>
    <time>2026-05-19T13:19:00Z</time>
   </trkpt>
   <trkpt lat="51.0541770" lon="13.7497710">
    <ele>110.8</ele>
    <time>2026-05-19T13:19:01Z</time>
   </trkpt>
   <trkpt lat="51.0542010" lon="13.7498600">
    <ele>111.0</ele>
    <time>2026-05-19T13:19:02Z</time>
   </trkpt>
   <trkpt lat="51.0542260" lon="13.7499500">
    <ele>111.4</ele>
    <time>2026-05-19T13:19:03Z</time>
   </trkpt>
   <trkpt lat="51.0542510" lon="13.7500410">
    <ele>111.6</ele>
    <time>2026-05-19T13:19:04Z</time>
   </trkpt>
   <trkpt lat="51.0542770" lon="13.7501330">
    <ele>111.6</ele>
    <time>2026-05-19T13:19:05Z</time>
   </trkpt>
   <trkpt lat="51.0543030" lon="13.7502250">
    <ele>111.6</ele>
    <time>2026-05-19T13:19:06Z</time>
   </trkpt>
   <trkpt lat="51.0543280" lon="13.7503170">
    <ele>111.8</ele>
    <time>2026-05-19T13:19:07Z</time>
   </trkpt>
   <trkpt lat="51.0543530" lon="13.7504090">
    <ele>111.8</ele>
    <time>2026-05-19T13:19:08Z</time>
   </trkpt>
   <trkpt lat="51.0543770" lon="13.7505020">
    <ele>112.0</ele>
    <time>2026-05-19T13:19:09Z</time>
   </trkpt>
   <trkpt lat="51.0544000" lon="13.7505940">
    <ele>112.0</ele>
    <time>2026-05-19T13:19:10Z</time>
   </trkpt>
   <trkpt lat="51.0544240" lon="13.7506860">
    <ele>112.0</ele>
    <time>2026-05-19T13:19:11Z</time>
   </trkpt>
   <trkpt lat="51.0544500" lon="13.7507790">
    <ele>112.0</ele>
    <time>2026-05-19T13:19:12Z</time>
   </trkpt>
   <trkpt lat="51.0544780" lon="13.7508710">
    <ele>112.0</ele>
    <time>2026-05-19T13:19:13Z</time>
   </trkpt>
   <trkpt lat="51.0545080" lon="13.7509630">
    <ele>111.8</ele>
    <time>2026-05-19T13:19:14Z</time>
   </trkpt>
   <trkpt lat="51.0545400" lon="13.7510540">
    <ele>111.6</ele>
    <time>2026-05-19T13:19:15Z</time>
   </trkpt>
   <trkpt lat="51.0545720" lon="13.7511460">
    <ele>111.6</ele>
    <time>2026-05-19T13:19:16Z</time>
   </trkpt>
   <trkpt lat="51.0546060" lon="13.7512390">
    <ele>111.6</ele>
    <time>2026-05-19T13:19:17Z</time>
   </trkpt>
   <trkpt lat="51.0546410" lon="13.7513350">
    <ele>111.6</ele>
    <time>2026-05-19T13:19:18Z</time>
   </trkpt>
   <trkpt lat="51.0546770" lon="13.7514330">
    <ele>111.4</ele>
    <time>2026-05-19T13:19:19Z</time>
   </trkpt>
   <trkpt lat="51.0547140" lon="13.7515350">
    <ele>111.2</ele>
    <time>2026-05-19T13:19:20Z</time>
   </trkpt>
   <trkpt lat="51.0547520" lon="13.7516390">
    <ele>111.0</ele>
    <time>2026-05-19T13:19:21Z</time>
   </trkpt>
   <trkpt lat="51.0547900" lon="13.7517450">
    <ele>110.6</ele>
    <time>2026-05-19T13:19:22Z</time>
   </trkpt>
   <trkpt lat="51.0548290" lon="13.7518530">
    <ele>110.2</ele>
    <time>2026-05-19T13:19:23Z</time>
   </trkpt>
   <trkpt lat="51.0548680" lon="13.7519610">
    <ele>110.0</ele>
    <time>2026-05-19T13:19:24Z</time>
   </trkpt>
   <trkpt lat="51.0549070" lon="13.7520690">
    <ele>109.6</ele>
    <time>2026-05-19T13:19:25Z</time>
   </trkpt>
   <trkpt lat="51.0549440" lon="13.7521750">
    <ele>109.6</ele>
    <time>2026-05-19T13:19:26Z</time>
   </trkpt>
   <trkpt lat="51.0549820" lon="13.7522810">
    <ele>109.4</ele>
    <time>2026-05-19T13:19:27Z</time>
   </trkpt>
   <trkpt lat="51.0550200" lon="13.7523870">
    <ele>109.2</ele>
    <time>2026-05-19T13:19:28Z</time>
   </trkpt>
   <trkpt lat="51.0550590" lon="13.7524930">
    <ele>109.0</ele>
    <time>2026-05-19T13:19:29Z</time>
   </trkpt>
   <trkpt lat="51.0550980" lon="13.7525990">
    <ele>109.0</ele>
    <time>2026-05-19T13:19:30Z</time>
   </trkpt>
   <trkpt lat="51.0551370" lon="13.7527050">
    <ele>108.8</ele>
    <time>2026-05-19T13:19:31Z</time>
   </trkpt>
   <trkpt lat="51.0551760" lon="13.7528110">
    <ele>108.6</ele>
    <time>2026-05-19T13:19:32Z</time>
   </trkpt>
   <trkpt lat="51.0552160" lon="13.7529170">
    <ele>108.6</ele>
    <time>2026-05-19T13:19:33Z</time>
   </trkpt>
   <trkpt lat="51.0552540" lon="13.7530230">
    <ele>108.4</ele>
    <time>2026-05-19T13:19:34Z</time>
   </trkpt>
   <trkpt lat="51.0552930" lon="13.7531310">
    <ele>108.4</ele>
    <time>2026-05-19T13:19:35Z</time>
   </trkpt>
   <trkpt lat="51.0553330" lon="13.7532390">
    <ele>108.4</ele>
    <time>2026-05-19T13:19:36Z</time>
   </trkpt>
   <trkpt lat="51.0553720" lon="13.7533480">
    <ele>108.4</ele>
    <time>2026-05-19T13:19:37Z</time>
   </trkpt>
   <trkpt lat="51.0554130" lon="13.7534550">
    <ele>108.6</ele>
    <time>2026-05-19T13:19:38Z</time>
   </trkpt>
   <trkpt lat="51.0554540" lon="13.7535630">
    <ele>108.6</ele>
    <time>2026-05-19T13:19:39Z</time>
   </trkpt>
   <trkpt lat="51.0554960" lon="13.7536690">
    <ele>108.8</ele>
    <time>2026-05-19T13:19:40Z</time>
   </trkpt>
   <trkpt lat="51.0555390" lon="13.7537760">
    <ele>108.8</ele>
    <time>2026-05-19T13:19:41Z</time>
   </trkpt>
   <trkpt lat="51.0555800" lon="13.7538830">
    <ele>108.6</ele>
    <time>2026-05-19T13:19:42Z</time>
   </trkpt>
   <trkpt lat="51.0556230" lon="13.7539900">
    <ele>108.6</ele>
    <time>2026-05-19T13:19:43Z</time>
   </trkpt>
   <trkpt lat="51.0556660" lon="13.7540950">
    <ele>108.6</ele>
    <time>2026-05-19T13:19:44Z</time>
   </trkpt>
   <trkpt lat="51.0557080" lon="13.7542010">
    <ele>108.6</ele>
    <time>2026-05-19T13:19:45Z</time>
   </trkpt>
   <trkpt lat="51.0557500" lon="13.7543070">
    <ele>108.4</ele>
    <time>2026-05-19T13:19:46Z</time>
   </trkpt>
   <trkpt lat="51.0557920" lon="13.7544140">
    <ele>108.4</ele>
    <time>2026-05-19T13:19:47Z</time>
   </trkpt>
   <trkpt lat="51.0558350" lon="13.7545200">
    <ele>108.4</ele>
    <time>2026-05-19T13:19:48Z</time>
   </trkpt>
   <trkpt lat="51.0558790" lon="13.7546270">
    <ele>108.4</ele>
    <time>2026-05-19T13:19:49Z</time>
   </trkpt>
   <trkpt lat="51.0559250" lon="13.7547340">
    <ele>108.6</ele>
    <time>2026-05-19T13:19:50Z</time>
   </trkpt>
   <trkpt lat="51.0559700" lon="13.7548410">
    <ele>108.6</ele>
    <time>2026-05-19T13:19:51Z</time>
   </trkpt>
   <trkpt lat="51.0560160" lon="13.7549490">
    <ele>108.6</ele>
    <time>2026-05-19T13:19:52Z</time>
   </trkpt>
   <trkpt lat="51.0560610" lon="13.7550560">
    <ele>108.6</ele>
    <time>2026-05-19T13:19:53Z</time>
   </trkpt>
   <trkpt lat="51.0561060" lon="13.7551640">
    <ele>108.6</ele>
    <time>2026-05-19T13:19:54Z</time>
   </trkpt>
   <trkpt lat="51.0561530" lon="13.7552720">
    <ele>108.6</ele>
    <time>2026-05-19T13:19:55Z</time>
   </trkpt>
   <trkpt lat="51.0562000" lon="13.7553800">
    <ele>108.8</ele>
    <time>2026-05-19T13:19:56Z</time>
   </trkpt>
   <trkpt lat="51.0562490" lon="13.7554870">
    <ele>108.8</ele>
    <time>2026-05-19T13:19:57Z</time>
   </trkpt>
   <trkpt lat="51.0562980" lon="13.7555940">
    <ele>108.8</ele>
    <time>2026-05-19T13:19:58Z</time>
   </trkpt>
   <trkpt lat="51.0563460" lon="13.7557010">
    <ele>108.8</ele>
    <time>2026-05-19T13:19:59Z</time>
   </trkpt>
   <trkpt lat="51.0563930" lon="13.7558090">
    <ele>109.0</ele>
    <time>2026-05-19T13:20:00Z</time>
   </trkpt>
   <trkpt lat="51.0564380" lon="13.7559190">
    <ele>109.0</ele>
    <time>2026-05-19T13:20:01Z</time>
   </trkpt>
   <trkpt lat="51.0564850" lon="13.7560310">
    <ele>109.0</ele>
    <time>2026-05-19T13:20:02Z</time>
   </trkpt>
   <trkpt lat="51.0565350" lon="13.7561440">
    <ele>109.0</ele>
    <time>2026-05-19T13:20:03Z</time>
   </trkpt>
   <trkpt lat="51.0565860" lon="13.7562560">
    <ele>109.0</ele>
    <time>2026-05-19T13:20:04Z</time>
   </trkpt>
   <trkpt lat="51.0566370" lon="13.7563680">
    <ele>109.0</ele>
    <time>2026-05-19T13:20:05Z</time>
   </trkpt>
   <trkpt lat="51.0566880" lon="13.7564790">
    <ele>109.4</ele>
    <time>2026-05-19T13:20:06Z</time>
   </trkpt>
   <trkpt lat="51.0567390" lon="13.7565890">
    <ele>109.4</ele>
    <time>2026-05-19T13:20:07Z</time>
   </trkpt>
   <trkpt lat="51.0567900" lon="13.7567000">
    <ele>109.4</ele>
    <time>2026-05-19T13:20:08Z</time>
   </trkpt>
   <trkpt lat="51.0568410" lon="13.7568090">
    <ele>109.4</ele>
    <time>2026-05-19T13:20:09Z</time>
   </trkpt>
   <trkpt lat="51.0568910" lon="13.7569180">
    <ele>109.2</ele>
    <time>2026-05-19T13:20:10Z</time>
   </trkpt>
   <trkpt lat="51.0569410" lon="13.7570270">
    <ele>109.0</ele>
    <time>2026-05-19T13:20:11Z</time>
   </trkpt>
   <trkpt lat="51.0569910" lon="13.7571360">
    <ele>109.0</ele>
    <time>2026-05-19T13:20:12Z</time>
   </trkpt>
   <trkpt lat="51.0570400" lon="13.7572460">
    <ele>109.0</ele>
    <time>2026-05-19T13:20:13Z</time>
   </trkpt>
   <trkpt lat="51.0570890" lon="13.7573540">
    <ele>108.8</ele>
    <time>2026-05-19T13:20:14Z</time>
   </trkpt>
   <trkpt lat="51.0571380" lon="13.7574620">
    <ele>108.8</ele>
    <time>2026-05-19T13:20:15Z</time>
   </trkpt>
   <trkpt lat="51.0571870" lon="13.7575690">
    <ele>108.8</ele>
    <time>2026-05-19T13:20:16Z</time>
   </trkpt>
   <trkpt lat="51.0572370" lon="13.7576740">
    <ele>108.8</ele>
    <time>2026-05-19T13:20:17Z</time>
   </trkpt>
   <trkpt lat="51.0572870" lon="13.7577800">
    <ele>108.8</ele>
    <time>2026-05-19T13:20:18Z</time>
   </trkpt>
   <trkpt lat="51.0573370" lon="13.7578840">
    <ele>108.8</ele>
    <time>2026-05-19T13:20:19Z</time>
   </trkpt>
   <trkpt lat="51.0573880" lon="13.7579890">
    <ele>108.8</ele>
    <time>2026-05-19T13:20:20Z</time>
   </trkpt>
   <trkpt lat="51.0574380" lon="13.7580930">
    <ele>108.8</ele>
    <time>2026-05-19T13:20:21Z</time>
   </trkpt>
   <trkpt lat="51.0574890" lon="13.7581950">
    <ele>109.0</ele>
    <time>2026-05-19T13:20:22Z</time>
   </trkpt>
   <trkpt lat="51.0575400" lon="13.7582940">
    <ele>109.0</ele>
    <time>2026-05-19T13:20:23Z</time>
   </trkpt>
   <trkpt lat="51.0575920" lon="13.7583930">
    <ele>109.0</ele>
    <time>2026-05-19T13:20:24Z</time>
   </trkpt>
   <trkpt lat="51.0576430" lon="13.7584910">
    <ele>108.8</ele>
    <time>2026-05-19T13:20:25Z</time>
   </trkpt>
   <trkpt lat="51.0576930" lon="13.7585890">
    <ele>108.8</ele>
    <time>2026-05-19T13:20:26Z</time>
   </trkpt>
   <trkpt lat="51.0577420" lon="13.7586860">
    <ele>108.6</ele>
    <time>2026-05-19T13:20:27Z</time>
   </trkpt>
   <trkpt lat="51.0577910" lon="13.7587830">
    <ele>108.6</ele>
    <time>2026-05-19T13:20:28Z</time>
   </trkpt>
   <trkpt lat="51.0578390" lon="13.7588800">
    <ele>108.8</ele>
    <time>2026-05-19T13:20:29Z</time>
   </trkpt>
   <trkpt lat="51.0578840" lon="13.7589790">
    <ele>108.8</ele>
    <time>2026-05-19T13:20:30Z</time>
   </trkpt>
   <trkpt lat="51.0579290" lon="13.7590780">
    <ele>109.0</ele>
    <time>2026-05-19T13:20:31Z</time>
   </trkpt>
   <trkpt lat="51.0579750" lon="13.7591760">
    <ele>109.0</ele>
    <time>2026-05-19T13:20:32Z</time>
   </trkpt>
   <trkpt lat="51.0580240" lon="13.7592700">
    <ele>109.0</ele>
    <time>2026-05-19T13:20:33Z</time>
   </trkpt>
   <trkpt lat="51.0580770" lon="13.7593600">
    <ele>109.0</ele>
    <time>2026-05-19T13:20:34Z</time>
   </trkpt>
   <trkpt lat="51.0581300" lon="13.7594490">
    <ele>109.0</ele>
    <time>2026-05-19T13:20:35Z</time>
   </trkpt>
   <trkpt lat="51.0581840" lon="13.7595400">
    <ele>109.0</ele>
    <time>2026-05-19T13:20:36Z</time>
   </trkpt>
   <trkpt lat="51.0582360" lon="13.7596340">
    <ele>109.2</ele>
    <time>2026-05-19T13:20:37Z</time>
   </trkpt>
   <trkpt lat="51.0582860" lon="13.7597300">
    <ele>109.0</ele>
    <time>2026-05-19T13:20:38Z</time>
   </trkpt>
   <trkpt lat="51.0583360" lon="13.7598270">
    <ele>109.0</ele>
    <time>2026-05-19T13:20:39Z</time>
   </trkpt>
   <trkpt lat="51.0583840" lon="13.7599240">
    <ele>109.0</ele>
    <time>2026-05-19T13:20:40Z</time>
   </trkpt>
   <trkpt lat="51.0584310" lon="13.7600230">
    <ele>109.0</ele>
    <time>2026-05-19T13:20:41Z</time>
   </trkpt>
   <trkpt lat="51.0584780" lon="13.7601230">
    <ele>109.0</ele>
    <time>2026-05-19T13:20:42Z</time>
   </trkpt>
   <trkpt lat="51.0585240" lon="13.7602220">
    <ele>109.0</ele>
    <time>2026-05-19T13:20:43Z</time>
   </trkpt>
   <trkpt lat="51.0585710" lon="13.7603210">
    <ele>109.0</ele>
    <time>2026-05-19T13:20:44Z</time>
   </trkpt>
   <trkpt lat="51.0586190" lon="13.7604180">
    <ele>109.0</ele>
    <time>2026-05-19T13:20:45Z</time>
   </trkpt>
   <trkpt lat="51.0586680" lon="13.7605150">
    <ele>109.0</ele>
    <time>2026-05-19T13:20:46Z</time>
   </trkpt>
   <trkpt lat="51.0587170" lon="13.7606130">
    <ele>109.0</ele>
    <time>2026-05-19T13:20:47Z</time>
   </trkpt>
   <trkpt lat="51.0587660" lon="13.7607110">
    <ele>109.0</ele>
    <time>2026-05-19T13:20:48Z</time>
   </trkpt>
   <trkpt lat="51.0588160" lon="13.7608090">
    <ele>109.0</ele>
    <time>2026-05-19T13:20:49Z</time>
   </trkpt>
   <trkpt lat="51.0588660" lon="13.7609070">
    <ele>109.0</ele>
    <time>2026-05-19T13:20:50Z</time>
   </trkpt>
   <trkpt lat="51.0589160" lon="13.7610050">
    <ele>109.0</ele>
    <time>2026-05-19T13:20:51Z</time>
   </trkpt>
   <trkpt lat="51.0589670" lon="13.7611010">
    <ele>109.2</ele>
    <time>2026-05-19T13:20:52Z</time>
   </trkpt>
   <trkpt lat="51.0590190" lon="13.7611980">
    <ele>109.4</ele>
    <time>2026-05-19T13:20:53Z</time>
   </trkpt>
   <trkpt lat="51.0590690" lon="13.7612960">
    <ele>109.4</ele>
    <time>2026-05-19T13:20:54Z</time>
   </trkpt>
   <trkpt lat="51.0591180" lon="13.7613990">
    <ele>109.6</ele>
    <time>2026-05-19T13:20:55Z</time>
   </trkpt>
   <trkpt lat="51.0591660" lon="13.7615060">
    <ele>109.6</ele>
    <time>2026-05-19T13:20:56Z</time>
   </trkpt>
   <trkpt lat="51.0592150" lon="13.7616110">
    <ele>109.6</ele>
    <time>2026-05-19T13:20:57Z</time>
   </trkpt>
   <trkpt lat="51.0592640" lon="13.7617160">
    <ele>109.6</ele>
    <time>2026-05-19T13:20:58Z</time>
   </trkpt>
   <trkpt lat="51.0593130" lon="13.7618180">
    <ele>109.6</ele>
    <time>2026-05-19T13:20:59Z</time>
   </trkpt>
   <trkpt lat="51.0593620" lon="13.7619200">
    <ele>109.6</ele>
    <time>2026-05-19T13:21:00Z</time>
   </trkpt>
   <trkpt lat="51.0594130" lon="13.7620200">
    <ele>109.6</ele>
    <time>2026-05-19T13:21:01Z</time>
   </trkpt>
   <trkpt lat="51.0594630" lon="13.7621200">
    <ele>109.6</ele>
    <time>2026-05-19T13:21:02Z</time>
   </trkpt>
   <trkpt lat="51.0595150" lon="13.7622190">
    <ele>109.6</ele>
    <time>2026-05-19T13:21:03Z</time>
   </trkpt>
   <trkpt lat="51.0595650" lon="13.7623170">
    <ele>109.4</ele>
    <time>2026-05-19T13:21:04Z</time>
   </trkpt>
   <trkpt lat="51.0596140" lon="13.7624130">
    <ele>109.4</ele>
    <time>2026-05-19T13:21:05Z</time>
   </trkpt>
   <trkpt lat="51.0596610" lon="13.7625100">
    <ele>109.2</ele>
    <time>2026-05-19T13:21:06Z</time>
   </trkpt>
   <trkpt lat="51.0597090" lon="13.7626060">
    <ele>109.0</ele>
    <time>2026-05-19T13:21:07Z</time>
   </trkpt>
   <trkpt lat="51.0597580" lon="13.7627030">
    <ele>109.0</ele>
    <time>2026-05-19T13:21:08Z</time>
   </trkpt>
   <trkpt lat="51.0598070" lon="13.7628000">
    <ele>109.0</ele>
    <time>2026-05-19T13:21:09Z</time>
   </trkpt>
   <trkpt lat="51.0598560" lon="13.7629000">
    <ele>109.0</ele>
    <time>2026-05-19T13:21:10Z</time>
   </trkpt>
   <trkpt lat="51.0599030" lon="13.7630010">
    <ele>109.0</ele>
    <time>2026-05-19T13:21:11Z</time>
   </trkpt>
   <trkpt lat="51.0599500" lon="13.7631030">
    <ele>109.0</ele>
    <time>2026-05-19T13:21:12Z</time>
   </trkpt>
   <trkpt lat="51.0599950" lon="13.7632070">
    <ele>109.0</ele>
    <time>2026-05-19T13:21:13Z</time>
   </trkpt>
   <trkpt lat="51.0600390" lon="13.7633130">
    <ele>109.2</ele>
    <time>2026-05-19T13:21:14Z</time>
   </trkpt>
   <trkpt lat="51.0600840" lon="13.7634190">
    <ele>109.2</ele>
    <time>2026-05-19T13:21:15Z</time>
   </trkpt>
   <trkpt lat="51.0601280" lon="13.7635230">
    <ele>109.2</ele>
    <time>2026-05-19T13:21:16Z</time>
   </trkpt>
   <trkpt lat="51.0601730" lon="13.7636260">
    <ele>109.4</ele>
    <time>2026-05-19T13:21:17Z</time>
   </trkpt>
   <trkpt lat="51.0602180" lon="13.7637280">
    <ele>109.4</ele>
    <time>2026-05-19T13:21:18Z</time>
   </trkpt>
   <trkpt lat="51.0602630" lon="13.7638310">
    <ele>109.4</ele>
    <time>2026-05-19T13:21:19Z</time>
   </trkpt>
   <trkpt lat="51.0603080" lon="13.7639330">
    <ele>109.6</ele>
    <time>2026-05-19T13:21:20Z</time>
   </trkpt>
   <trkpt lat="51.0603520" lon="13.7640350">
    <ele>109.6</ele>
    <time>2026-05-19T13:21:21Z</time>
   </trkpt>
   <trkpt lat="51.0603950" lon="13.7641380">
    <ele>109.6</ele>
    <time>2026-05-19T13:21:22Z</time>
   </trkpt>
   <trkpt lat="51.0604380" lon="13.7642430">
    <ele>109.6</ele>
    <time>2026-05-19T13:21:23Z</time>
   </trkpt>
   <trkpt lat="51.0604800" lon="13.7643490">
    <ele>109.8</ele>
    <time>2026-05-19T13:21:24Z</time>
   </trkpt>
   <trkpt lat="51.0605230" lon="13.7644570">
    <ele>110.0</ele>
    <time>2026-05-19T13:21:25Z</time>
   </trkpt>
   <trkpt lat="51.0605650" lon="13.7645660">
    <ele>110.0</ele>
    <time>2026-05-19T13:21:26Z</time>
   </trkpt>
   <trkpt lat="51.0606080" lon="13.7646750">
    <ele>110.0</ele>
    <time>2026-05-19T13:21:27Z</time>
   </trkpt>
   <trkpt lat="51.0606500" lon="13.7647860">
    <ele>110.0</ele>
    <time>2026-05-19T13:21:28Z</time>
   </trkpt>
   <trkpt lat="51.0606930" lon="13.7648960">
    <ele>110.0</ele>
    <time>2026-05-19T13:21:29Z</time>
   </trkpt>
   <trkpt lat="51.0607350" lon="13.7650080">
    <ele>110.0</ele>
    <time>2026-05-19T13:21:30Z</time>
   </trkpt>
   <trkpt lat="51.0607770" lon="13.7651190">
    <ele>110.2</ele>
    <time>2026-05-19T13:21:31Z</time>
   </trkpt>
   <trkpt lat="51.0608200" lon="13.7652310">
    <ele>110.4</ele>
    <time>2026-05-19T13:21:32Z</time>
   </trkpt>
   <trkpt lat="51.0608630" lon="13.7653410">
    <ele>110.2</ele>
    <time>2026-05-19T13:21:33Z</time>
   </trkpt>
   <trkpt lat="51.0609030" lon="13.7654550">
    <ele>110.4</ele>
    <time>2026-05-19T13:21:34Z</time>
   </trkpt>
   <trkpt lat="51.0609380" lon="13.7655700">
    <ele>110.6</ele>
    <time>2026-05-19T13:21:35Z</time>
   </trkpt>
   <trkpt lat="51.0609720" lon="13.7656850">
    <ele>110.6</ele>
    <time>2026-05-19T13:21:36Z</time>
   </trkpt>
   <trkpt lat="51.0610100" lon="13.7657960">
    <ele>110.8</ele>
    <time>2026-05-19T13:21:37Z</time>
   </trkpt>
   <trkpt lat="51.0610500" lon="13.7659060">
    <ele>111.0</ele>
    <time>2026-05-19T13:21:38Z</time>
   </trkpt>
   <trkpt lat="51.0610880" lon="13.7660160">
    <ele>111.4</ele>
    <time>2026-05-19T13:21:39Z</time>
   </trkpt>
   <trkpt lat="51.0611240" lon="13.7661280">
    <ele>111.6</ele>
    <time>2026-05-19T13:21:40Z</time>
   </trkpt>
   <trkpt lat="51.0611580" lon="13.7662400">
    <ele>111.6</ele>
    <time>2026-05-19T13:21:41Z</time>
   </trkpt>
   <trkpt lat="51.0611920" lon="13.7663530">
    <ele>111.6</ele>
    <time>2026-05-19T13:21:42Z</time>
   </trkpt>
   <trkpt lat="51.0612250" lon="13.7664660">
    <ele>111.6</ele>
    <time>2026-05-19T13:21:43Z</time>
   </trkpt>
   <trkpt lat="51.0612580" lon="13.7665790">
    <ele>111.6</ele>
    <time>2026-05-19T13:21:44Z</time>
   </trkpt>
   <trkpt lat="51.0612900" lon="13.7666910">
    <ele>111.6</ele>
    <time>2026-05-19T13:21:45Z</time>
   </trkpt>
   <trkpt lat="51.0613230" lon="13.7668040">
    <ele>111.6</ele>
    <time>2026-05-19T13:21:46Z</time>
   </trkpt>
   <trkpt lat="51.0613550" lon="13.7669190">
    <ele>111.6</ele>
    <time>2026-05-19T13:21:47Z</time>
   </trkpt>
   <trkpt lat="51.0613860" lon="13.7670340">
    <ele>111.6</ele>
    <time>2026-05-19T13:21:48Z</time>
   </trkpt>
   <trkpt lat="51.0614170" lon="13.7671500">
    <ele>111.6</ele>
    <time>2026-05-19T13:21:49Z</time>
   </trkpt>
   <trkpt lat="51.0614460" lon="13.7672660">
    <ele>111.6</ele>
    <time>2026-05-19T13:21:50Z</time>
   </trkpt>
   <trkpt lat="51.0614740" lon="13.7673810">
    <ele>111.6</ele>
    <time>2026-05-19T13:21:51Z</time>
   </trkpt>
   <trkpt lat="51.0615020" lon="13.7674980">
    <ele>111.6</ele>
    <time>2026-05-19T13:21:52Z</time>
   </trkpt>
   <trkpt lat="51.0615290" lon="13.7676160">
    <ele>111.6</ele>
    <time>2026-05-19T13:21:53Z</time>
   </trkpt>
   <trkpt lat="51.0615560" lon="13.7677330">
    <ele>111.8</ele>
    <time>2026-05-19T13:21:54Z</time>
   </trkpt>
   <trkpt lat="51.0615850" lon="13.7678500">
    <ele>112.0</ele>
    <time>2026-05-19T13:21:55Z</time>
   </trkpt>
   <trkpt lat="51.0616140" lon="13.7679680">
    <ele>112.0</ele>
    <time>2026-05-19T13:21:56Z</time>
   </trkpt>
   <trkpt lat="51.0616450" lon="13.7680860">
    <ele>112.2</ele>
    <time>2026-05-19T13:21:57Z</time>
   </trkpt>
   <trkpt lat="51.0616750" lon="13.7682060">
    <ele>112.4</ele>
    <time>2026-05-19T13:21:58Z</time>
   </trkpt>
   <trkpt lat="51.0617060" lon="13.7683260">
    <ele>112.4</ele>
    <time>2026-05-19T13:21:59Z</time>
   </trkpt>
   <trkpt lat="51.0617360" lon="13.7684470">
    <ele>112.6</ele>
    <time>2026-05-19T13:22:00Z</time>
   </trkpt>
   <trkpt lat="51.0617640" lon="13.7685690">
    <ele>112.6</ele>
    <time>2026-05-19T13:22:01Z</time>
   </trkpt>
   <trkpt lat="51.0617910" lon="13.7686910">
    <ele>112.8</ele>
    <time>2026-05-19T13:22:02Z</time>
   </trkpt>
   <trkpt lat="51.0618150" lon="13.7688140">
    <ele>113.0</ele>
    <time>2026-05-19T13:22:03Z</time>
   </trkpt>
   <trkpt lat="51.0618390" lon="13.7689360">
    <ele>113.0</ele>
    <time>2026-05-19T13:22:04Z</time>
   </trkpt>
   <trkpt lat="51.0618630" lon="13.7690570">
    <ele>113.2</ele>
    <time>2026-05-19T13:22:05Z</time>
   </trkpt>
   <trkpt lat="51.0618860" lon="13.7691760">
    <ele>113.0</ele>
    <time>2026-05-19T13:22:06Z</time>
   </trkpt>
   <trkpt lat="51.0619100" lon="13.7692960">
    <ele>113.4</ele>
    <time>2026-05-19T13:22:07Z</time>
   </trkpt>
   <trkpt lat="51.0619330" lon="13.7694160">
    <ele>113.4</ele>
    <time>2026-05-19T13:22:08Z</time>
   </trkpt>
   <trkpt lat="51.0619560" lon="13.7695350">
    <ele>113.4</ele>
    <time>2026-05-19T13:22:09Z</time>
   </trkpt>
   <trkpt lat="51.0619820" lon="13.7696550">
    <ele>113.0</ele>
    <time>2026-05-19T13:22:10Z</time>
   </trkpt>
   <trkpt lat="51.0620090" lon="13.7697740">
    <ele>112.8</ele>
    <time>2026-05-19T13:22:11Z</time>
   </trkpt>
   <trkpt lat="51.0620370" lon="13.7698930">
    <ele>112.6</ele>
    <time>2026-05-19T13:22:12Z</time>
   </trkpt>
   <trkpt lat="51.0620660" lon="13.7700130">
    <ele>112.0</ele>
    <time>2026-05-19T13:22:13Z</time>
   </trkpt>
   <trkpt lat="51.0620950" lon="13.7701330">
    <ele>111.8</ele>
    <time>2026-05-19T13:22:14Z</time>
   </trkpt>
   <trkpt lat="51.0621230" lon="13.7702540">
    <ele>111.6</ele>
    <time>2026-05-19T13:22:15Z</time>
   </trkpt>
   <trkpt lat="51.0621520" lon="13.7703750">
    <ele>111.6</ele>
    <time>2026-05-19T13:22:16Z</time>
   </trkpt>
   <trkpt lat="51.0621800" lon="13.7704950">
    <ele>111.6</ele>
    <time>2026-05-19T13:22:17Z</time>
   </trkpt>
   <trkpt lat="51.0622070" lon="13.7706130">
    <ele>111.6</ele>
    <time>2026-05-19T13:22:18Z</time>
   </trkpt>
   <trkpt lat="51.0622320" lon="13.7707300">
    <ele>111.8</ele>
    <time>2026-05-19T13:22:19Z</time>
   </trkpt>
   <trkpt lat="51.0622520" lon="13.7708470">
    <ele>112.0</ele>
    <time>2026-05-19T13:22:20Z</time>
   </trkpt>
   <trkpt lat="51.0622720" lon="13.7709630">
    <ele>112.0</ele>
    <time>2026-05-19T13:22:21Z</time>
   </trkpt>
   <trkpt lat="51.0622910" lon="13.7710790">
    <ele>112.0</ele>
    <time>2026-05-19T13:22:22Z</time>
   </trkpt>
   <trkpt lat="51.0623100" lon="13.7711960">
    <ele>112.0</ele>
    <time>2026-05-19T13:22:23Z</time>
   </trkpt>
   <trkpt lat="51.0623290" lon="13.7713160">
    <ele>112.0</ele>
    <time>2026-05-19T13:22:24Z</time>
   </trkpt>
   <trkpt lat="51.0623470" lon="13.7714380">
    <ele>112.2</ele>
    <time>2026-05-19T13:22:25Z</time>
   </trkpt>
   <trkpt lat="51.0623660" lon="13.7715610">
    <ele>112.2</ele>
    <time>2026-05-19T13:22:26Z</time>
   </trkpt>
   <trkpt lat="51.0623830" lon="13.7716860">
    <ele>112.4</ele>
    <time>2026-05-19T13:22:27Z</time>
   </trkpt>
   <trkpt lat="51.0624010" lon="13.7718120">
    <ele>112.0</ele>
    <time>2026-05-19T13:22:28Z</time>
   </trkpt>
   <trkpt lat="51.0624200" lon="13.7719390">
    <ele>112.0</ele>
    <time>2026-05-19T13:22:29Z</time>
   </trkpt>
   <trkpt lat="51.0624390" lon="13.7720660">
    <ele>112.0</ele>
    <time>2026-05-19T13:22:30Z</time>
   </trkpt>
   <trkpt lat="51.0624590" lon="13.7721940">
    <ele>111.8</ele>
    <time>2026-05-19T13:22:31Z</time>
   </trkpt>
   <trkpt lat="51.0624790" lon="13.7723240">
    <ele>111.6</ele>
    <time>2026-05-19T13:22:32Z</time>
   </trkpt>
   <trkpt lat="51.0625000" lon="13.7724550">
    <ele>111.6</ele>
    <time>2026-05-19T13:22:33Z</time>
   </trkpt>
   <trkpt lat="51.0625210" lon="13.7725850">
    <ele>111.6</ele>
    <time>2026-05-19T13:22:34Z</time>
   </trkpt>
   <trkpt lat="51.0625420" lon="13.7727140">
    <ele>111.6</ele>
    <time>2026-05-19T13:22:35Z</time>
   </trkpt>
   <trkpt lat="51.0625620" lon="13.7728450">
    <ele>111.6</ele>
    <time>2026-05-19T13:22:36Z</time>
   </trkpt>
   <trkpt lat="51.0625820" lon="13.7729770">
    <ele>111.4</ele>
    <time>2026-05-19T13:22:37Z</time>
   </trkpt>
   <trkpt lat="51.0625980" lon="13.7731100">
    <ele>111.4</ele>
    <time>2026-05-19T13:22:38Z</time>
   </trkpt>
   <trkpt lat="51.0626090" lon="13.7732460">
    <ele>111.2</ele>
    <time>2026-05-19T13:22:39Z</time>
   </trkpt>
   <trkpt lat="51.0626160" lon="13.7733840">
    <ele>111.2</ele>
    <time>2026-05-19T13:22:40Z</time>
   </trkpt>
   <trkpt lat="51.0626220" lon="13.7735210">
    <ele>111.2</ele>
    <time>2026-05-19T13:22:41Z</time>
   </trkpt>
   <trkpt lat="51.0626270" lon="13.7736590">
    <ele>111.2</ele>
    <time>2026-05-19T13:22:42Z</time>
   </trkpt>
   <trkpt lat="51.0626310" lon="13.7737960">
    <ele>111.0</ele>
    <time>2026-05-19T13:22:43Z</time>
   </trkpt>
   <trkpt lat="51.0626360" lon="13.7739340">
    <ele>111.0</ele>
    <time>2026-05-19T13:22:44Z</time>
   </trkpt>
   <trkpt lat="51.0626410" lon="13.7740710">
    <ele>111.0</ele>
    <time>2026-05-19T13:22:45Z</time>
   </trkpt>
   <trkpt lat="51.0626460" lon="13.7742090">
    <ele>111.0</ele>
    <time>2026-05-19T13:22:46Z</time>
   </trkpt>
   <trkpt lat="51.0626510" lon="13.7743470">
    <ele>111.0</ele>
    <time>2026-05-19T13:22:47Z</time>
   </trkpt>
   <trkpt lat="51.0626580" lon="13.7744850">
    <ele>111.0</ele>
    <time>2026-05-19T13:22:48Z</time>
   </trkpt>
   <trkpt lat="51.0626650" lon="13.7746230">
    <ele>111.0</ele>
    <time>2026-05-19T13:22:49Z</time>
   </trkpt>
   <trkpt lat="51.0626720" lon="13.7747600">
    <ele>111.0</ele>
    <time>2026-05-19T13:22:50Z</time>
   </trkpt>
   <trkpt lat="51.0626800" lon="13.7748990">
    <ele>111.4</ele>
    <time>2026-05-19T13:22:51Z</time>
   </trkpt>
   <trkpt lat="51.0626880" lon="13.7750370">
    <ele>111.6</ele>
    <time>2026-05-19T13:22:52Z</time>
   </trkpt>
   <trkpt lat="51.0626950" lon="13.7751750">
    <ele>111.6</ele>
    <time>2026-05-19T13:22:53Z</time>
   </trkpt>
   <trkpt lat="51.0627020" lon="13.7753120">
    <ele>111.6</ele>
    <time>2026-05-19T13:22:54Z</time>
   </trkpt>
   <trkpt lat="51.0627100" lon="13.7754480">
    <ele>111.6</ele>
    <time>2026-05-19T13:22:55Z</time>
   </trkpt>
   <trkpt lat="51.0627170" lon="13.7755830">
    <ele>111.6</ele>
    <time>2026-05-19T13:22:56Z</time>
   </trkpt>
   <trkpt lat="51.0627250" lon="13.7757190">
    <ele>111.8</ele>
    <time>2026-05-19T13:22:57Z</time>
   </trkpt>
   <trkpt lat="51.0627330" lon="13.7758560">
    <ele>112.0</ele>
    <time>2026-05-19T13:22:58Z</time>
   </trkpt>
   <trkpt lat="51.0627410" lon="13.7759920">
    <ele>112.0</ele>
    <time>2026-05-19T13:22:59Z</time>
   </trkpt>
   <trkpt lat="51.0627500" lon="13.7761300">
    <ele>112.0</ele>
    <time>2026-05-19T13:23:00Z</time>
   </trkpt>
   <trkpt lat="51.0627610" lon="13.7762670">
    <ele>112.0</ele>
    <time>2026-05-19T13:23:01Z</time>
   </trkpt>
   <trkpt lat="51.0627720" lon="13.7764030">
    <ele>112.0</ele>
    <time>2026-05-19T13:23:02Z</time>
   </trkpt>
   <trkpt lat="51.0627820" lon="13.7765400">
    <ele>112.0</ele>
    <time>2026-05-19T13:23:03Z</time>
   </trkpt>
   <trkpt lat="51.0627900" lon="13.7766770">
    <ele>112.0</ele>
    <time>2026-05-19T13:23:04Z</time>
   </trkpt>
   <trkpt lat="51.0627980" lon="13.7768150">
    <ele>112.0</ele>
    <time>2026-05-19T13:23:05Z</time>
   </trkpt>
   <trkpt lat="51.0628050" lon="13.7769520">
    <ele>112.2</ele>
    <time>2026-05-19T13:23:06Z</time>
   </trkpt>
   <trkpt lat="51.0628130" lon="13.7770900">
    <ele>112.2</ele>
    <time>2026-05-19T13:23:07Z</time>
   </trkpt>
   <trkpt lat="51.0628210" lon="13.7772290">
    <ele>112.2</ele>
    <time>2026-05-19T13:23:08Z</time>
   </trkpt>
   <trkpt lat="51.0628300" lon="13.7773680">
    <ele>112.2</ele>
    <time>2026-05-19T13:23:09Z</time>
   </trkpt>
   <trkpt lat="51.0628390" lon="13.7775060">
    <ele>112.4</ele>
    <time>2026-05-19T13:23:10Z</time>
   </trkpt>
   <trkpt lat="51.0628480" lon="13.7776450">
    <ele>112.4</ele>
    <time>2026-05-19T13:23:11Z</time>
   </trkpt>
   <trkpt lat="51.0628570" lon="13.7777850">
    <ele>112.4</ele>
    <time>2026-05-19T13:23:12Z</time>
   </trkpt>
   <trkpt lat="51.0628670" lon="13.7779240">
    <ele>112.4</ele>
    <time>2026-05-19T13:23:13Z</time>
   </trkpt>
   <trkpt lat="51.0628760" lon="13.7780620">
    <ele>112.2</ele>
    <time>2026-05-19T13:23:14Z</time>
   </trkpt>
   <trkpt lat="51.0628840" lon="13.7782010">
    <ele>112.0</ele>
    <time>2026-05-19T13:23:15Z</time>
   </trkpt>
   <trkpt lat="51.0628920" lon="13.7783390">
    <ele>112.0</ele>
    <time>2026-05-19T13:23:16Z</time>
   </trkpt>
   <trkpt lat="51.0629020" lon="13.7784770">
    <ele>112.0</ele>
    <time>2026-05-19T13:23:17Z</time>
   </trkpt>
   <trkpt lat="51.0629120" lon="13.7786140">
    <ele>112.0</ele>
    <time>2026-05-19T13:23:18Z</time>
   </trkpt>
   <trkpt lat="51.0629210" lon="13.7787520">
    <ele>112.0</ele>
    <time>2026-05-19T13:23:19Z</time>
   </trkpt>
   <trkpt lat="51.0629310" lon="13.7788890">
    <ele>111.8</ele>
    <time>2026-05-19T13:23:20Z</time>
   </trkpt>
   <trkpt lat="51.0629410" lon="13.7790270">
    <ele>112.0</ele>
    <time>2026-05-19T13:23:21Z</time>
   </trkpt>
   <trkpt lat="51.0629530" lon="13.7791650">
    <ele>112.0</ele>
    <time>2026-05-19T13:23:22Z</time>
   </trkpt>
   <trkpt lat="51.0629630" lon="13.7793020">
    <ele>112.0</ele>
    <time>2026-05-19T13:23:23Z</time>
   </trkpt>
   <trkpt lat="51.0629730" lon="13.7794410">
    <ele>112.0</ele>
    <time>2026-05-19T13:23:24Z</time>
   </trkpt>
   <trkpt lat="51.0629810" lon="13.7795800">
    <ele>112.0</ele>
    <time>2026-05-19T13:23:25Z</time>
   </trkpt>
   <trkpt lat="51.0629870" lon="13.7797200">
    <ele>112.0</ele>
    <time>2026-05-19T13:23:26Z</time>
   </trkpt>
   <trkpt lat="51.0629940" lon="13.7798600">
    <ele>112.0</ele>
    <time>2026-05-19T13:23:27Z</time>
   </trkpt>
   <trkpt lat="51.0630010" lon="13.7800000">
    <ele>112.0</ele>
    <time>2026-05-19T13:23:28Z</time>
   </trkpt>
   <trkpt lat="51.0630100" lon="13.7801400">
    <ele>111.8</ele>
    <time>2026-05-19T13:23:29Z</time>
   </trkpt>
   <trkpt lat="51.0630200" lon="13.7802790">
    <ele>112.0</ele>
    <time>2026-05-19T13:23:30Z</time>
   </trkpt>
   <trkpt lat="51.0630310" lon="13.7804180">
    <ele>112.0</ele>
    <time>2026-05-19T13:23:31Z</time>
   </trkpt>
   <trkpt lat="51.0630400" lon="13.7805570">
    <ele>112.0</ele>
    <time>2026-05-19T13:23:32Z</time>
   </trkpt>
   <trkpt lat="51.0630490" lon="13.7806960">
    <ele>112.0</ele>
    <time>2026-05-19T13:23:33Z</time>
   </trkpt>
   <trkpt lat="51.0630570" lon="13.7808360">
    <ele>112.0</ele>
    <time>2026-05-19T13:23:34Z</time>
   </trkpt>
   <trkpt lat="51.0630660" lon="13.7809750">
    <ele>112.0</ele>
    <time>2026-05-19T13:23:35Z</time>
   </trkpt>
   <trkpt lat="51.0630720" lon="13.7811150">
    <ele>112.2</ele>
    <time>2026-05-19T13:23:36Z</time>
   </trkpt>
   <trkpt lat="51.0630750" lon="13.7812550">
    <ele>112.2</ele>
    <time>2026-05-19T13:23:37Z</time>
   </trkpt>
   <trkpt lat="51.0630740" lon="13.7813950">
    <ele>112.0</ele>
    <time>2026-05-19T13:23:38Z</time>
   </trkpt>
   <trkpt lat="51.0630710" lon="13.7815340">
    <ele>112.0</ele>
    <time>2026-05-19T13:23:39Z</time>
   </trkpt>
   <trkpt lat="51.0630680" lon="13.7816730">
    <ele>112.0</ele>
    <time>2026-05-19T13:23:40Z</time>
   </trkpt>
   <trkpt lat="51.0630650" lon="13.7818100">
    <ele>112.0</ele>
    <time>2026-05-19T13:23:41Z</time>
   </trkpt>
   <trkpt lat="51.0630630" lon="13.7819460">
    <ele>112.0</ele>
    <time>2026-05-19T13:23:42Z</time>
   </trkpt>
   <trkpt lat="51.0630620" lon="13.7820810">
    <ele>112.0</ele>
    <time>2026-05-19T13:23:43Z</time>
   </trkpt>
   <trkpt lat="51.0630570" lon="13.7822160">
    <ele>112.0</ele>
    <time>2026-05-19T13:23:44Z</time>
   </trkpt>
   <trkpt lat="51.0630500" lon="13.7823490">
    <ele>112.0</ele>
    <time>2026-05-19T13:23:45Z</time>
   </trkpt>
   <trkpt lat="51.0630410" lon="13.7824830">
    <ele>112.0</ele>
    <time>2026-05-19T13:23:46Z</time>
   </trkpt>
   <trkpt lat="51.0630320" lon="13.7826170">
    <ele>112.0</ele>
    <time>2026-05-19T13:23:47Z</time>
   </trkpt>
   <trkpt lat="51.0630230" lon="13.7827500">
    <ele>112.0</ele>
    <time>2026-05-19T13:23:48Z</time>
   </trkpt>
   <trkpt lat="51.0630140" lon="13.7828840">
    <ele>112.0</ele>
    <time>2026-05-19T13:23:49Z</time>
   </trkpt>
   <trkpt lat="51.0630050" lon="13.7830160">
    <ele>112.0</ele>
    <time>2026-05-19T13:23:50Z</time>
   </trkpt>
   <trkpt lat="51.0629950" lon="13.7831490">
    <ele>112.0</ele>
    <time>2026-05-19T13:23:51Z</time>
   </trkpt>
   <trkpt lat="51.0629830" lon="13.7832800">
    <ele>112.0</ele>
    <time>2026-05-19T13:23:52Z</time>
   </trkpt>
   <trkpt lat="51.0629710" lon="13.7834120">
    <ele>112.0</ele>
    <time>2026-05-19T13:23:53Z</time>
   </trkpt>
   <trkpt lat="51.0629570" lon="13.7835420">
    <ele>112.0</ele>
    <time>2026-05-19T13:23:54Z</time>
   </trkpt>
   <trkpt lat="51.0629410" lon="13.7836730">
    <ele>112.0</ele>
    <time>2026-05-19T13:23:55Z</time>
   </trkpt>
   <trkpt lat="51.0629240" lon="13.7838020">
    <ele>112.0</ele>
    <time>2026-05-19T13:23:56Z</time>
   </trkpt>
   <trkpt lat="51.0629060" lon="13.7839310">
    <ele>112.2</ele>
    <time>2026-05-19T13:23:57Z</time>
   </trkpt>
   <trkpt lat="51.0628880" lon="13.7840590">
    <ele>112.2</ele>
    <time>2026-05-19T13:23:58Z</time>
   </trkpt>
   <trkpt lat="51.0628700" lon="13.7841870">
    <ele>112.2</ele>
    <time>2026-05-19T13:23:59Z</time>
   </trkpt>
   <trkpt lat="51.0628530" lon="13.7843150">
    <ele>112.4</ele>
    <time>2026-05-19T13:24:00Z</time>
   </trkpt>
   <trkpt lat="51.0628380" lon="13.7844430">
    <ele>112.4</ele>
    <time>2026-05-19T13:24:01Z</time>
   </trkpt>
   <trkpt lat="51.0628240" lon="13.7845720">
    <ele>112.4</ele>
    <time>2026-05-19T13:24:02Z</time>
   </trkpt>
   <trkpt lat="51.0628110" lon="13.7847010">
    <ele>112.6</ele>
    <time>2026-05-19T13:24:03Z</time>
   </trkpt>
   <trkpt lat="51.0628000" lon="13.7848310">
    <ele>112.6</ele>
    <time>2026-05-19T13:24:04Z</time>
   </trkpt>
   <trkpt lat="51.0627890" lon="13.7849610">
    <ele>112.6</ele>
    <time>2026-05-19T13:24:05Z</time>
   </trkpt>
   <trkpt lat="51.0627760" lon="13.7850910">
    <ele>112.6</ele>
    <time>2026-05-19T13:24:06Z</time>
   </trkpt>
   <trkpt lat="51.0627620" lon="13.7852220">
    <ele>112.8</ele>
    <time>2026-05-19T13:24:07Z</time>
   </trkpt>
   <trkpt lat="51.0627470" lon="13.7853540">
    <ele>112.6</ele>
    <time>2026-05-19T13:24:08Z</time>
   </trkpt>
   <trkpt lat="51.0627310" lon="13.7854870">
    <ele>112.6</ele>
    <time>2026-05-19T13:24:09Z</time>
   </trkpt>
   <trkpt lat="51.0627150" lon="13.7856210">
    <ele>112.4</ele>
    <time>2026-05-19T13:24:10Z</time>
   </trkpt>
   <trkpt lat="51.0626990" lon="13.7857550">
    <ele>112.4</ele>
    <time>2026-05-19T13:24:11Z</time>
   </trkpt>
   <trkpt lat="51.0626820" lon="13.7858890">
    <ele>112.2</ele>
    <time>2026-05-19T13:24:12Z</time>
   </trkpt>
   <trkpt lat="51.0626660" lon="13.7860240">
    <ele>112.0</ele>
    <time>2026-05-19T13:24:13Z</time>
   </trkpt>
   <trkpt lat="51.0626510" lon="13.7861580">
    <ele>112.0</ele>
    <time>2026-05-19T13:24:14Z</time>
   </trkpt>
   <trkpt lat="51.0626350" lon="13.7862920">
    <ele>112.0</ele>
    <time>2026-05-19T13:24:15Z</time>
   </trkpt>
   <trkpt lat="51.0626150" lon="13.7864270">
    <ele>112.0</ele>
    <time>2026-05-19T13:24:16Z</time>
   </trkpt>
   <trkpt lat="51.0625920" lon="13.7865610">
    <ele>112.0</ele>
    <time>2026-05-19T13:24:17Z</time>
   </trkpt>
   <trkpt lat="51.0625650" lon="13.7866960">
    <ele>112.0</ele>
    <time>2026-05-19T13:24:18Z</time>
   </trkpt>
   <trkpt lat="51.0625370" lon="13.7868310">
    <ele>112.0</ele>
    <time>2026-05-19T13:24:19Z</time>
   </trkpt>
   <trkpt lat="51.0625070" lon="13.7869650">
    <ele>112.0</ele>
    <time>2026-05-19T13:24:20Z</time>
   </trkpt>
   <trkpt lat="51.0624790" lon="13.7870990">
    <ele>112.0</ele>
    <time>2026-05-19T13:24:21Z</time>
   </trkpt>
   <trkpt lat="51.0624530" lon="13.7872330">
    <ele>112.0</ele>
    <time>2026-05-19T13:24:22Z</time>
   </trkpt>
   <trkpt lat="51.0624320" lon="13.7873700">
    <ele>112.0</ele>
    <time>2026-05-19T13:24:23Z</time>
   </trkpt>
   <trkpt lat="51.0624160" lon="13.7875110">
    <ele>112.0</ele>
    <time>2026-05-19T13:24:24Z</time>
   </trkpt>
   <trkpt lat="51.0624040" lon="13.7876550">
    <ele>112.0</ele>
    <time>2026-05-19T13:24:25Z</time>
   </trkpt>
   <trkpt lat="51.0623930" lon="13.7878000">
    <ele>111.6</ele>
    <time>2026-05-19T13:24:26Z</time>
   </trkpt>
   <trkpt lat="51.0623830" lon="13.7879450">
    <ele>111.6</ele>
    <time>2026-05-19T13:24:27Z</time>
   </trkpt>
   <trkpt lat="51.0623730" lon="13.7880890">
    <ele>111.4</ele>
    <time>2026-05-19T13:24:28Z</time>
   </trkpt>
   <trkpt lat="51.0623630" lon="13.7882330">
    <ele>111.2</ele>
    <time>2026-05-19T13:24:29Z</time>
   </trkpt>
   <trkpt lat="51.0623530" lon="13.7883780">
    <ele>111.0</ele>
    <time>2026-05-19T13:24:30Z</time>
   </trkpt>
   <trkpt lat="51.0623430" lon="13.7885210">
    <ele>111.0</ele>
    <time>2026-05-19T13:24:31Z</time>
   </trkpt>
   <trkpt lat="51.0623340" lon="13.7886650">
    <ele>111.0</ele>
    <time>2026-05-19T13:24:32Z</time>
   </trkpt>
   <trkpt lat="51.0623240" lon="13.7888070">
    <ele>111.0</ele>
    <time>2026-05-19T13:24:33Z</time>
   </trkpt>
   <trkpt lat="51.0623130" lon="13.7889500">
    <ele>111.0</ele>
    <time>2026-05-19T13:24:34Z</time>
   </trkpt>
   <trkpt lat="51.0623030" lon="13.7890930">
    <ele>111.0</ele>
    <time>2026-05-19T13:24:35Z</time>
   </trkpt>
   <trkpt lat="51.0622920" lon="13.7892350">
    <ele>111.0</ele>
    <time>2026-05-19T13:24:36Z</time>
   </trkpt>
   <trkpt lat="51.0622800" lon="13.7893780">
    <ele>110.8</ele>
    <time>2026-05-19T13:24:37Z</time>
   </trkpt>
   <trkpt lat="51.0622680" lon="13.7895220">
    <ele>110.6</ele>
    <time>2026-05-19T13:24:38Z</time>
   </trkpt>
   <trkpt lat="51.0622560" lon="13.7896660">
    <ele>110.6</ele>
    <time>2026-05-19T13:24:39Z</time>
   </trkpt>
   <trkpt lat="51.0622420" lon="13.7898100">
    <ele>110.6</ele>
    <time>2026-05-19T13:24:40Z</time>
   </trkpt>
   <trkpt lat="51.0622280" lon="13.7899540">
    <ele>110.6</ele>
    <time>2026-05-19T13:24:41Z</time>
   </trkpt>
   <trkpt lat="51.0622110" lon="13.7900970">
    <ele>110.6</ele>
    <time>2026-05-19T13:24:42Z</time>
   </trkpt>
   <trkpt lat="51.0621920" lon="13.7902390">
    <ele>110.6</ele>
    <time>2026-05-19T13:24:43Z</time>
   </trkpt>
   <trkpt lat="51.0621710" lon="13.7903790">
    <ele>110.6</ele>
    <time>2026-05-19T13:24:44Z</time>
   </trkpt>
   <trkpt lat="51.0621490" lon="13.7905180">
    <ele>110.6</ele>
    <time>2026-05-19T13:24:45Z</time>
   </trkpt>
   <trkpt lat="51.0621270" lon="13.7906560">
    <ele>110.6</ele>
    <time>2026-05-19T13:24:46Z</time>
   </trkpt>
   <trkpt lat="51.0621050" lon="13.7907940">
    <ele>110.6</ele>
    <time>2026-05-19T13:24:47Z</time>
   </trkpt>
   <trkpt lat="51.0620840" lon="13.7909310">
    <ele>110.4</ele>
    <time>2026-05-19T13:24:48Z</time>
   </trkpt>
   <trkpt lat="51.0620620" lon="13.7910690">
    <ele>110.4</ele>
    <time>2026-05-19T13:24:49Z</time>
   </trkpt>
   <trkpt lat="51.0620400" lon="13.7912070">
    <ele>110.4</ele>
    <time>2026-05-19T13:24:50Z</time>
   </trkpt>
   <trkpt lat="51.0620180" lon="13.7913460">
    <ele>110.4</ele>
    <time>2026-05-19T13:24:51Z</time>
   </trkpt>
   <trkpt lat="51.0619950" lon="13.7914840">
    <ele>110.4</ele>
    <time>2026-05-19T13:24:52Z</time>
   </trkpt>
   <trkpt lat="51.0619720" lon="13.7916220">
    <ele>110.4</ele>
    <time>2026-05-19T13:24:53Z</time>
   </trkpt>
   <trkpt lat="51.0619500" lon="13.7917590">
    <ele>110.4</ele>
    <time>2026-05-19T13:24:54Z</time>
   </trkpt>
   <trkpt lat="51.0619270" lon="13.7918960">
    <ele>110.4</ele>
    <time>2026-05-19T13:24:55Z</time>
   </trkpt>
   <trkpt lat="51.0619040" lon="13.7920330">
    <ele>110.4</ele>
    <time>2026-05-19T13:24:56Z</time>
   </trkpt>
   <trkpt lat="51.0618810" lon="13.7921700">
    <ele>110.6</ele>
    <time>2026-05-19T13:24:57Z</time>
   </trkpt>
   <trkpt lat="51.0618580" lon="13.7923060">
    <ele>110.6</ele>
    <time>2026-05-19T13:24:58Z</time>
   </trkpt>
   <trkpt lat="51.0618360" lon="13.7924430">
    <ele>110.8</ele>
    <time>2026-05-19T13:24:59Z</time>
   </trkpt>
   <trkpt lat="51.0618130" lon="13.7925790">
    <ele>111.0</ele>
    <time>2026-05-19T13:25:00Z</time>
   </trkpt>
   <trkpt lat="51.0617910" lon="13.7927140">
    <ele>111.0</ele>
    <time>2026-05-19T13:25:01Z</time>
   </trkpt>
   <trkpt lat="51.0617670" lon="13.7928490">
    <ele>111.0</ele>
    <time>2026-05-19T13:25:02Z</time>
   </trkpt>
   <trkpt lat="51.0617440" lon="13.7929830">
    <ele>111.0</ele>
    <time>2026-05-19T13:25:03Z</time>
   </trkpt>
   <trkpt lat="51.0617190" lon="13.7931170">
    <ele>111.0</ele>
    <time>2026-05-19T13:25:04Z</time>
   </trkpt>
   <trkpt lat="51.0616940" lon="13.7932510">
    <ele>111.0</ele>
    <time>2026-05-19T13:25:05Z</time>
   </trkpt>
   <trkpt lat="51.0616690" lon="13.7933860">
    <ele>111.0</ele>
    <time>2026-05-19T13:25:06Z</time>
   </trkpt>
   <trkpt lat="51.0616440" lon="13.7935210">
    <ele>111.0</ele>
    <time>2026-05-19T13:25:07Z</time>
   </trkpt>
   <trkpt lat="51.0616200" lon="13.7936550">
    <ele>111.0</ele>
    <time>2026-05-19T13:25:08Z</time>
   </trkpt>
   <trkpt lat="51.0615960" lon="13.7937890">
    <ele>111.0</ele>
    <time>2026-05-19T13:25:09Z</time>
   </trkpt>
   <trkpt lat="51.0615720" lon="13.7939220">
    <ele>111.0</ele>
    <time>2026-05-19T13:25:10Z</time>
   </trkpt>
   <trkpt lat="51.0615470" lon="13.7940520">
    <ele>111.0</ele>
    <time>2026-05-19T13:25:11Z</time>
   </trkpt>
   <trkpt lat="51.0615230" lon="13.7941820">
    <ele>111.0</ele>
    <time>2026-05-19T13:25:12Z</time>
   </trkpt>
   <trkpt lat="51.0614990" lon="13.7943110">
    <ele>111.0</ele>
    <time>2026-05-19T13:25:13Z</time>
   </trkpt>
   <trkpt lat="51.0614750" lon="13.7944420">
    <ele>111.0</ele>
    <time>2026-05-19T13:25:14Z</time>
   </trkpt>
   <trkpt lat="51.0614510" lon="13.7945730">
    <ele>111.0</ele>
    <time>2026-05-19T13:25:15Z</time>
   </trkpt>
   <trkpt lat="51.0614270" lon="13.7947040">
    <ele>111.0</ele>
    <time>2026-05-19T13:25:16Z</time>
   </trkpt>
   <trkpt lat="51.0614050" lon="13.7948340">
    <ele>110.8</ele>
    <time>2026-05-19T13:25:17Z</time>
   </trkpt>
   <trkpt lat="51.0613840" lon="13.7949630">
    <ele>110.8</ele>
    <time>2026-05-19T13:25:18Z</time>
   </trkpt>
   <trkpt lat="51.0613700" lon="13.7950870">
    <ele>110.8</ele>
    <time>2026-05-19T13:25:19Z</time>
   </trkpt>
   <trkpt lat="51.0613670" lon="13.7952090">
    <ele>111.0</ele>
    <time>2026-05-19T13:25:20Z</time>
   </trkpt>
   <trkpt lat="51.0613800" lon="13.7953300">
    <ele>111.2</ele>
    <time>2026-05-19T13:25:21Z</time>
   </trkpt>
   <trkpt lat="51.0614050" lon="13.7954500">
    <ele>111.4</ele>
    <time>2026-05-19T13:25:22Z</time>
   </trkpt>
   <trkpt lat="51.0614340" lon="13.7955740">
    <ele>111.6</ele>
    <time>2026-05-19T13:25:23Z</time>
   </trkpt>
   <trkpt lat="51.0614600" lon="13.7957020">
    <ele>111.6</ele>
    <time>2026-05-19T13:25:24Z</time>
   </trkpt>
   <trkpt lat="51.0614780" lon="13.7958360">
    <ele>111.6</ele>
    <time>2026-05-19T13:25:25Z</time>
   </trkpt>
   <trkpt lat="51.0614840" lon="13.7959730">
    <ele>111.4</ele>
    <time>2026-05-19T13:25:26Z</time>
   </trkpt>
   <trkpt lat="51.0614780" lon="13.7961090">
    <ele>111.0</ele>
    <time>2026-05-19T13:25:27Z</time>
   </trkpt>
   <trkpt lat="51.0614590" lon="13.7962420">
    <ele>110.6</ele>
    <time>2026-05-19T13:25:28Z</time>
   </trkpt>
   <trkpt lat="51.0614330" lon="13.7963730">
    <ele>110.4</ele>
    <time>2026-05-19T13:25:29Z</time>
   </trkpt>
   <trkpt lat="51.0614060" lon="13.7965030">
    <ele>110.2</ele>
    <time>2026-05-19T13:25:30Z</time>
   </trkpt>
   <trkpt lat="51.0613770" lon="13.7966320">
    <ele>110.0</ele>
    <time>2026-05-19T13:25:31Z</time>
   </trkpt>
   <trkpt lat="51.0613470" lon="13.7967600">
    <ele>110.0</ele>
    <time>2026-05-19T13:25:32Z</time>
   </trkpt>
   <trkpt lat="51.0613160" lon="13.7968860">
    <ele>110.0</ele>
    <time>2026-05-19T13:25:33Z</time>
   </trkpt>
   <trkpt lat="51.0612840" lon="13.7970130">
    <ele>109.8</ele>
    <time>2026-05-19T13:25:34Z</time>
   </trkpt>
   <trkpt lat="51.0612510" lon="13.7971390">
    <ele>109.8</ele>
    <time>2026-05-19T13:25:35Z</time>
   </trkpt>
   <trkpt lat="51.0612180" lon="13.7972650">
    <ele>109.6</ele>
    <time>2026-05-19T13:25:36Z</time>
   </trkpt>
   <trkpt lat="51.0611850" lon="13.7973900">
    <ele>109.8</ele>
    <time>2026-05-19T13:25:37Z</time>
   </trkpt>
   <trkpt lat="51.0611520" lon="13.7975160">
    <ele>110.0</ele>
    <time>2026-05-19T13:25:38Z</time>
   </trkpt>
   <trkpt lat="51.0611180" lon="13.7976430">
    <ele>110.2</ele>
    <time>2026-05-19T13:25:39Z</time>
   </trkpt>
   <trkpt lat="51.0610840" lon="13.7977690">
    <ele>110.4</ele>
    <time>2026-05-19T13:25:40Z</time>
   </trkpt>
   <trkpt lat="51.0610500" lon="13.7978950">
    <ele>110.6</ele>
    <time>2026-05-19T13:25:41Z</time>
   </trkpt>
   <trkpt lat="51.0610150" lon="13.7980210">
    <ele>110.6</ele>
    <time>2026-05-19T13:25:42Z</time>
   </trkpt>
   <trkpt lat="51.0609810" lon="13.7981470">
    <ele>110.6</ele>
    <time>2026-05-19T13:25:43Z</time>
   </trkpt>
   <trkpt lat="51.0609460" lon="13.7982730">
    <ele>110.6</ele>
    <time>2026-05-19T13:25:44Z</time>
   </trkpt>
   <trkpt lat="51.0609110" lon="13.7983980">
    <ele>110.6</ele>
    <time>2026-05-19T13:25:45Z</time>
   </trkpt>
   <trkpt lat="51.0608760" lon="13.7985220">
    <ele>110.4</ele>
    <time>2026-05-19T13:25:46Z</time>
   </trkpt>
   <trkpt lat="51.0608390" lon="13.7986460">
    <ele>110.4</ele>
    <time>2026-05-19T13:25:47Z</time>
   </trkpt>
   <trkpt lat="51.0608010" lon="13.7987690">
    <ele>110.2</ele>
    <time>2026-05-19T13:25:48Z</time>
   </trkpt>
   <trkpt lat="51.0607620" lon="13.7988910">
    <ele>110.2</ele>
    <time>2026-05-19T13:25:49Z</time>
   </trkpt>
   <trkpt lat="51.0607230" lon="13.7990110">
    <ele>110.2</ele>
    <time>2026-05-19T13:25:50Z</time>
   </trkpt>
   <trkpt lat="51.0606830" lon="13.7991310">
    <ele>110.0</ele>
    <time>2026-05-19T13:25:51Z</time>
   </trkpt>
   <trkpt lat="51.0606420" lon="13.7992510">
    <ele>110.0</ele>
    <time>2026-05-19T13:25:52Z</time>
   </trkpt>
   <trkpt lat="51.0606010" lon="13.7993730">
    <ele>110.0</ele>
    <time>2026-05-19T13:25:53Z</time>
   </trkpt>
   <trkpt lat="51.0605610" lon="13.7994940">
    <ele>110.0</ele>
    <time>2026-05-19T13:25:54Z</time>
   </trkpt>
   <trkpt lat="51.0605200" lon="13.7996160">
    <ele>110.0</ele>
    <time>2026-05-19T13:25:55Z</time>
   </trkpt>
   <trkpt lat="51.0604800" lon="13.7997360">
    <ele>110.0</ele>
    <time>2026-05-19T13:25:56Z</time>
   </trkpt>
   <trkpt lat="51.0604400" lon="13.7998570">
    <ele>110.0</ele>
    <time>2026-05-19T13:25:57Z</time>
   </trkpt>
   <trkpt lat="51.0604010" lon="13.7999770">
    <ele>110.0</ele>
    <time>2026-05-19T13:25:58Z</time>
   </trkpt>
   <trkpt lat="51.0603620" lon="13.8000980">
    <ele>110.0</ele>
    <time>2026-05-19T13:25:59Z</time>
   </trkpt>
   <trkpt lat="51.0603210" lon="13.8002190">
    <ele>110.0</ele>
    <time>2026-05-19T13:26:00Z</time>
   </trkpt>
   <trkpt lat="51.0602800" lon="13.8003390">
    <ele>110.0</ele>
    <time>2026-05-19T13:26:01Z</time>
   </trkpt>
   <trkpt lat="51.0602390" lon="13.8004600">
    <ele>110.0</ele>
    <time>2026-05-19T13:26:02Z</time>
   </trkpt>
   <trkpt lat="51.0601970" lon="13.8005810">
    <ele>110.0</ele>
    <time>2026-05-19T13:26:03Z</time>
   </trkpt>
   <trkpt lat="51.0601550" lon="13.8007010">
    <ele>110.0</ele>
    <time>2026-05-19T13:26:04Z</time>
   </trkpt>
   <trkpt lat="51.0601130" lon="13.8008200">
    <ele>110.0</ele>
    <time>2026-05-19T13:26:05Z</time>
   </trkpt>
   <trkpt lat="51.0600720" lon="13.8009380">
    <ele>110.0</ele>
    <time>2026-05-19T13:26:06Z</time>
   </trkpt>
   <trkpt lat="51.0600300" lon="13.8010560">
    <ele>110.0</ele>
    <time>2026-05-19T13:26:07Z</time>
   </trkpt>
   <trkpt lat="51.0599890" lon="13.8011740">
    <ele>110.0</ele>
    <time>2026-05-19T13:26:08Z</time>
   </trkpt>
   <trkpt lat="51.0599470" lon="13.8012900">
    <ele>110.0</ele>
    <time>2026-05-19T13:26:09Z</time>
   </trkpt>
   <trkpt lat="51.0599040" lon="13.8014040">
    <ele>110.0</ele>
    <time>2026-05-19T13:26:10Z</time>
   </trkpt>
   <trkpt lat="51.0598620" lon="13.8015170">
    <ele>110.2</ele>
    <time>2026-05-19T13:26:11Z</time>
   </trkpt>
   <trkpt lat="51.0598180" lon="13.8016290">
    <ele>110.0</ele>
    <time>2026-05-19T13:26:12Z</time>
   </trkpt>
   <trkpt lat="51.0597750" lon="13.8017400">
    <ele>110.0</ele>
    <time>2026-05-19T13:26:13Z</time>
   </trkpt>
   <trkpt lat="51.0597320" lon="13.8018520">
    <ele>110.0</ele>
    <time>2026-05-19T13:26:14Z</time>
   </trkpt>
   <trkpt lat="51.0596880" lon="13.8019630">
    <ele>110.0</ele>
    <time>2026-05-19T13:26:15Z</time>
   </trkpt>
   <trkpt lat="51.0596440" lon="13.8020740">
    <ele>110.0</ele>
    <time>2026-05-19T13:26:16Z</time>
   </trkpt>
   <trkpt lat="51.0595990" lon="13.8021830">
    <ele>110.0</ele>
    <time>2026-05-19T13:26:17Z</time>
   </trkpt>
   <trkpt lat="51.0595520" lon="13.8022910">
    <ele>110.0</ele>
    <time>2026-05-19T13:26:18Z</time>
   </trkpt>
   <trkpt lat="51.0595040" lon="13.8023970">
    <ele>110.2</ele>
    <time>2026-05-19T13:26:19Z</time>
   </trkpt>
   <trkpt lat="51.0594540" lon="13.8025030">
    <ele>110.2</ele>
    <time>2026-05-19T13:26:20Z</time>
   </trkpt>
   <trkpt lat="51.0594020" lon="13.8026060">
    <ele>110.4</ele>
    <time>2026-05-19T13:26:21Z</time>
   </trkpt>
   <trkpt lat="51.0593480" lon="13.8027070">
    <ele>110.4</ele>
    <time>2026-05-19T13:26:22Z</time>
   </trkpt>
   <trkpt lat="51.0592940" lon="13.8028080">
    <ele>110.4</ele>
    <time>2026-05-19T13:26:23Z</time>
   </trkpt>
   <trkpt lat="51.0592400" lon="13.8029070">
    <ele>110.6</ele>
    <time>2026-05-19T13:26:24Z</time>
   </trkpt>
   <trkpt lat="51.0591830" lon="13.8030030">
    <ele>110.6</ele>
    <time>2026-05-19T13:26:25Z</time>
   </trkpt>
   <trkpt lat="51.0591250" lon="13.8030970">
    <ele>110.6</ele>
    <time>2026-05-19T13:26:26Z</time>
   </trkpt>
   <trkpt lat="51.0590650" lon="13.8031890">
    <ele>110.6</ele>
    <time>2026-05-19T13:26:27Z</time>
   </trkpt>
   <trkpt lat="51.0590030" lon="13.8032790">
    <ele>110.6</ele>
    <time>2026-05-19T13:26:28Z</time>
   </trkpt>
   <trkpt lat="51.0589390" lon="13.8033660">
    <ele>110.6</ele>
    <time>2026-05-19T13:26:29Z</time>
   </trkpt>
   <trkpt lat="51.0588740" lon="13.8034510">
    <ele>110.6</ele>
    <time>2026-05-19T13:26:30Z</time>
   </trkpt>
   <trkpt lat="51.0588080" lon="13.8035320">
    <ele>110.6</ele>
    <time>2026-05-19T13:26:31Z</time>
   </trkpt>
   <trkpt lat="51.0587390" lon="13.8036100">
    <ele>110.6</ele>
    <time>2026-05-19T13:26:32Z</time>
   </trkpt>
   <trkpt lat="51.0586700" lon="13.8036880">
    <ele>110.6</ele>
    <time>2026-05-19T13:26:33Z</time>
   </trkpt>
   <trkpt lat="51.0586000" lon="13.8037650">
    <ele>110.6</ele>
    <time>2026-05-19T13:26:34Z</time>
   </trkpt>
   <trkpt lat="51.0585310" lon="13.8038430">
    <ele>110.6</ele>
    <time>2026-05-19T13:26:35Z</time>
   </trkpt>
   <trkpt lat="51.0584630" lon="13.8039220">
    <ele>110.6</ele>
    <time>2026-05-19T13:26:36Z</time>
   </trkpt>
   <trkpt lat="51.0583950" lon="13.8040020">
    <ele>110.6</ele>
    <time>2026-05-19T13:26:37Z</time>
   </trkpt>
   <trkpt lat="51.0583280" lon="13.8040810">
    <ele>110.6</ele>
    <time>2026-05-19T13:26:38Z</time>
   </trkpt>
   <trkpt lat="51.0582610" lon="13.8041600">
    <ele>110.6</ele>
    <time>2026-05-19T13:26:39Z</time>
   </trkpt>
   <trkpt lat="51.0581940" lon="13.8042360">
    <ele>110.6</ele>
    <time>2026-05-19T13:26:40Z</time>
   </trkpt>
   <trkpt lat="51.0581250" lon="13.8043080">
    <ele>110.6</ele>
    <time>2026-05-19T13:26:41Z</time>
   </trkpt>
   <trkpt lat="51.0580550" lon="13.8043770">
    <ele>110.6</ele>
    <time>2026-05-19T13:26:42Z</time>
   </trkpt>
   <trkpt lat="51.0579850" lon="13.8044460">
    <ele>110.6</ele>
    <time>2026-05-19T13:26:43Z</time>
   </trkpt>
   <trkpt lat="51.0579150" lon="13.8045150">
    <ele>110.6</ele>
    <time>2026-05-19T13:26:44Z</time>
   </trkpt>
   <trkpt lat="51.0578460" lon="13.8045860">
    <ele>110.6</ele>
    <time>2026-05-19T13:26:45Z</time>
   </trkpt>
   <trkpt lat="51.0577780" lon="13.8046580">
    <ele>110.8</ele>
    <time>2026-05-19T13:26:46Z</time>
   </trkpt>
   <trkpt lat="51.0577100" lon="13.8047330">
    <ele>111.0</ele>
    <time>2026-05-19T13:26:47Z</time>
   </trkpt>
   <trkpt lat="51.0576450" lon="13.8048100">
    <ele>111.0</ele>
    <time>2026-05-19T13:26:48Z</time>
   </trkpt>
   <trkpt lat="51.0575800" lon="13.8048900">
    <ele>111.0</ele>
    <time>2026-05-19T13:26:49Z</time>
   </trkpt>
   <trkpt lat="51.0575170" lon="13.8049720">
    <ele>111.4</ele>
    <time>2026-05-19T13:26:50Z</time>
   </trkpt>
   <trkpt lat="51.0574530" lon="13.8050540">
    <ele>111.4</ele>
    <time>2026-05-19T13:26:51Z</time>
   </trkpt>
   <trkpt lat="51.0573900" lon="13.8051370">
    <ele>111.6</ele>
    <time>2026-05-19T13:26:52Z</time>
   </trkpt>
   <trkpt lat="51.0573250" lon="13.8052190">
    <ele>111.6</ele>
    <time>2026-05-19T13:26:53Z</time>
   </trkpt>
   <trkpt lat="51.0572590" lon="13.8052990">
    <ele>111.8</ele>
    <time>2026-05-19T13:26:54Z</time>
   </trkpt>
   <trkpt lat="51.0571920" lon="13.8053770">
    <ele>111.8</ele>
    <time>2026-05-19T13:26:55Z</time>
   </trkpt>
   <trkpt lat="51.0571240" lon="13.8054540">
    <ele>112.0</ele>
    <time>2026-05-19T13:26:56Z</time>
   </trkpt>
   <trkpt lat="51.0570560" lon="13.8055290">
    <ele>112.0</ele>
    <time>2026-05-19T13:26:57Z</time>
   </trkpt>
   <trkpt lat="51.0569870" lon="13.8056030">
    <ele>112.0</ele>
    <time>2026-05-19T13:26:58Z</time>
   </trkpt>
   <trkpt lat="51.0569170" lon="13.8056750">
    <ele>112.0</ele>
    <time>2026-05-19T13:26:59Z</time>
   </trkpt>
   <trkpt lat="51.0568450" lon="13.8057460">
    <ele>112.0</ele>
    <time>2026-05-19T13:27:00Z</time>
   </trkpt>
   <trkpt lat="51.0567720" lon="13.8058130">
    <ele>112.0</ele>
    <time>2026-05-19T13:27:01Z</time>
   </trkpt>
   <trkpt lat="51.0566960" lon="13.8058730">
    <ele>112.0</ele>
    <time>2026-05-19T13:27:02Z</time>
   </trkpt>
   <trkpt lat="51.0566170" lon="13.8059220">
    <ele>112.0</ele>
    <time>2026-05-19T13:27:03Z</time>
   </trkpt>
   <trkpt lat="51.0565350" lon="13.8059660">
    <ele>112.0</ele>
    <time>2026-05-19T13:27:04Z</time>
   </trkpt>
   <trkpt lat="51.0564530" lon="13.8060100">
    <ele>112.0</ele>
    <time>2026-05-19T13:27:05Z</time>
   </trkpt>
   <trkpt lat="51.0563710" lon="13.8060570">
    <ele>112.0</ele>
    <time>2026-05-19T13:27:06Z</time>
   </trkpt>
   <trkpt lat="51.0562900" lon="13.8061040">
    <ele>112.0</ele>
    <time>2026-05-19T13:27:07Z</time>
   </trkpt>
   <trkpt lat="51.0562090" lon="13.8061530">
    <ele>112.0</ele>
    <time>2026-05-19T13:27:08Z</time>
   </trkpt>
   <trkpt lat="51.0561290" lon="13.8062020">
    <ele>111.8</ele>
    <time>2026-05-19T13:27:09Z</time>
   </trkpt>
   <trkpt lat="51.0560480" lon="13.8062490">
    <ele>111.8</ele>
    <time>2026-05-19T13:27:10Z</time>
   </trkpt>
   <trkpt lat="51.0559670" lon="13.8062980">
    <ele>111.8</ele>
    <time>2026-05-19T13:27:11Z</time>
   </trkpt>
   <trkpt lat="51.0558870" lon="13.8063480">
    <ele>111.6</ele>
    <time>2026-05-19T13:27:12Z</time>
   </trkpt>
   <trkpt lat="51.0558060" lon="13.8063970">
    <ele>111.6</ele>
    <time>2026-05-19T13:27:13Z</time>
   </trkpt>
   <trkpt lat="51.0557250" lon="13.8064480">
    <ele>111.6</ele>
    <time>2026-05-19T13:27:14Z</time>
   </trkpt>
   <trkpt lat="51.0556460" lon="13.8065000">
    <ele>111.6</ele>
    <time>2026-05-19T13:27:15Z</time>
   </trkpt>
   <trkpt lat="51.0555670" lon="13.8065510">
    <ele>111.6</ele>
    <time>2026-05-19T13:27:16Z</time>
   </trkpt>
   <trkpt lat="51.0554880" lon="13.8066020">
    <ele>111.6</ele>
    <time>2026-05-19T13:27:17Z</time>
   </trkpt>
   <trkpt lat="51.0554100" lon="13.8066520">
    <ele>111.6</ele>
    <time>2026-05-19T13:27:18Z</time>
   </trkpt>
   <trkpt lat="51.0553320" lon="13.8067020">
    <ele>111.6</ele>
    <time>2026-05-19T13:27:19Z</time>
   </trkpt>
   <trkpt lat="51.0552530" lon="13.8067490">
    <ele>111.6</ele>
    <time>2026-05-19T13:27:20Z</time>
   </trkpt>
   <trkpt lat="51.0551760" lon="13.8067950">
    <ele>111.6</ele>
    <time>2026-05-19T13:27:21Z</time>
   </trkpt>
   <trkpt lat="51.0551000" lon="13.8068430">
    <ele>111.6</ele>
    <time>2026-05-19T13:27:22Z</time>
   </trkpt>
   <trkpt lat="51.0550240" lon="13.8068920">
    <ele>111.6</ele>
    <time>2026-05-19T13:27:23Z</time>
   </trkpt>
   <trkpt lat="51.0549500" lon="13.8069410">
    <ele>111.6</ele>
    <time>2026-05-19T13:27:24Z</time>
   </trkpt>
   <trkpt lat="51.0548750" lon="13.8069900">
    <ele>111.6</ele>
    <time>2026-05-19T13:27:25Z</time>
   </trkpt>
   <trkpt lat="51.0548030" lon="13.8070390">
    <ele>111.6</ele>
    <time>2026-05-19T13:27:26Z</time>
   </trkpt>
   <trkpt lat="51.0547350" lon="13.8070870">
    <ele>112.0</ele>
    <time>2026-05-19T13:27:27Z</time>
   </trkpt>
   <trkpt lat="51.0546710" lon="13.8071300">
    <ele>112.4</ele>
    <time>2026-05-19T13:27:28Z</time>
   </trkpt>
   <trkpt lat="51.0546160" lon="13.8071660">
    <ele>112.6</ele>
    <time>2026-05-19T13:27:29Z</time>
   </trkpt>
   <trkpt lat="51.0545670" lon="13.8071970">
    <ele>112.6</ele>
    <time>2026-05-19T13:27:30Z</time>
   </trkpt>
   <trkpt lat="51.0545240" lon="13.8072230">
    <ele>112.6</ele>
    <time>2026-05-19T13:27:31Z</time>
   </trkpt>
   <trkpt lat="51.0544950" lon="13.8072410">
    <ele>112.6</ele>
    <time>2026-05-19T13:27:32Z</time>
   </trkpt>
   <trkpt lat="51.0544590" lon="13.8072640">
    <ele>112.6</ele>
    <time>2026-05-19T13:27:33Z</time>
   </trkpt>
   <trkpt lat="51.0544220" lon="13.8072890">
    <ele>112.6</ele>
    <time>2026-05-19T13:27:34Z</time>
   </trkpt>
   <trkpt lat="51.0543850" lon="13.8073170">
    <ele>112.6</ele>
    <time>2026-05-19T13:27:35Z</time>
   </trkpt>
   <trkpt lat="51.0543470" lon="13.8073460">
    <ele>112.6</ele>
    <time>2026-05-19T13:27:36Z</time>
   </trkpt>
   <trkpt lat="51.0543080" lon="13.8073750">
    <ele>112.6</ele>
    <time>2026-05-19T13:27:37Z</time>
   </trkpt>
   <trkpt lat="51.0542650" lon="13.8074060">
    <ele>112.6</ele>
    <time>2026-05-19T13:27:38Z</time>
   </trkpt>
   <trkpt lat="51.0542150" lon="13.8074440">
    <ele>112.6</ele>
    <time>2026-05-19T13:27:39Z</time>
   </trkpt>
   <trkpt lat="51.0541410" lon="13.8074990">
    <ele>112.6</ele>
    <time>2026-05-19T13:27:40Z</time>
   </trkpt>
   <trkpt lat="51.0540790" lon="13.8075470">
    <ele>112.6</ele>
    <time>2026-05-19T13:27:41Z</time>
   </trkpt>
   <trkpt lat="51.0540180" lon="13.8075960">
    <ele>112.6</ele>
    <time>2026-05-19T13:27:42Z</time>
   </trkpt>
   <trkpt lat="51.0539570" lon="13.8076470">
    <ele>112.6</ele>
    <time>2026-05-19T13:27:43Z</time>
   </trkpt>
   <trkpt lat="51.0538960" lon="13.8077030">
    <ele>112.6</ele>
    <time>2026-05-19T13:27:44Z</time>
   </trkpt>
   <trkpt lat="51.0538360" lon="13.8077650">
    <ele>112.6</ele>
    <time>2026-05-19T13:27:45Z</time>
   </trkpt>
   <trkpt lat="51.0537770" lon="13.8078310">
    <ele>112.8</ele>
    <time>2026-05-19T13:27:46Z</time>
   </trkpt>
   <trkpt lat="51.0537170" lon="13.8078990">
    <ele>113.0</ele>
    <time>2026-05-19T13:27:47Z</time>
   </trkpt>
   <trkpt lat="51.0536580" lon="13.8079670">
    <ele>113.0</ele>
    <time>2026-05-19T13:27:48Z</time>
   </trkpt>
   <trkpt lat="51.0535990" lon="13.8080390">
    <ele>113.0</ele>
    <time>2026-05-19T13:27:49Z</time>
   </trkpt>
   <trkpt lat="51.0535390" lon="13.8081140">
    <ele>113.0</ele>
    <time>2026-05-19T13:27:50Z</time>
   </trkpt>
   <trkpt lat="51.0534790" lon="13.8081890">
    <ele>113.0</ele>
    <time>2026-05-19T13:27:51Z</time>
   </trkpt>
   <trkpt lat="51.0534180" lon="13.8082580">
    <ele>113.2</ele>
    <time>2026-05-19T13:27:52Z</time>
   </trkpt>
   <trkpt lat="51.0533550" lon="13.8083220">
    <ele>113.2</ele>
    <time>2026-05-19T13:27:53Z</time>
   </trkpt>
   <trkpt lat="51.0532930" lon="13.8083830">
    <ele>113.2</ele>
    <time>2026-05-19T13:27:54Z</time>
   </trkpt>
   <trkpt lat="51.0532310" lon="13.8084400">
    <ele>113.2</ele>
    <time>2026-05-19T13:27:55Z</time>
   </trkpt>
   <trkpt lat="51.0531690" lon="13.8084970">
    <ele>113.2</ele>
    <time>2026-05-19T13:27:56Z</time>
   </trkpt>
   <trkpt lat="51.0531070" lon="13.8085560">
    <ele>113.2</ele>
    <time>2026-05-19T13:27:57Z</time>
   </trkpt>
   <trkpt lat="51.0530450" lon="13.8086160">
    <ele>113.0</ele>
    <time>2026-05-19T13:27:58Z</time>
   </trkpt>
   <trkpt lat="51.0529820" lon="13.8086770">
    <ele>113.0</ele>
    <time>2026-05-19T13:27:59Z</time>
   </trkpt>
   <trkpt lat="51.0529190" lon="13.8087410">
    <ele>113.0</ele>
    <time>2026-05-19T13:28:00Z</time>
   </trkpt>
   <trkpt lat="51.0528590" lon="13.8088090">
    <ele>113.0</ele>
    <time>2026-05-19T13:28:01Z</time>
   </trkpt>
   <trkpt lat="51.0527990" lon="13.8088830">
    <ele>112.8</ele>
    <time>2026-05-19T13:28:02Z</time>
   </trkpt>
   <trkpt lat="51.0527400" lon="13.8089560">
    <ele>112.6</ele>
    <time>2026-05-19T13:28:03Z</time>
   </trkpt>
   <trkpt lat="51.0526820" lon="13.8090250">
    <ele>112.4</ele>
    <time>2026-05-19T13:28:04Z</time>
   </trkpt>
   <trkpt lat="51.0526250" lon="13.8090940">
    <ele>112.2</ele>
    <time>2026-05-19T13:28:05Z</time>
   </trkpt>
   <trkpt lat="51.0525670" lon="13.8091600">
    <ele>112.0</ele>
    <time>2026-05-19T13:28:06Z</time>
   </trkpt>
   <trkpt lat="51.0525090" lon="13.8092240">
    <ele>112.0</ele>
    <time>2026-05-19T13:28:07Z</time>
   </trkpt>
   <trkpt lat="51.0524500" lon="13.8092840">
    <ele>112.0</ele>
    <time>2026-05-19T13:28:08Z</time>
   </trkpt>
   <trkpt lat="51.0523930" lon="13.8093410">
    <ele>111.8</ele>
    <time>2026-05-19T13:28:09Z</time>
   </trkpt>
   <trkpt lat="51.0523390" lon="13.8093980">
    <ele>111.6</ele>
    <time>2026-05-19T13:28:10Z</time>
   </trkpt>
   <trkpt lat="51.0522880" lon="13.8094560">
    <ele>111.6</ele>
    <time>2026-05-19T13:28:11Z</time>
   </trkpt>
   <trkpt lat="51.0522370" lon="13.8095140">
    <ele>111.6</ele>
    <time>2026-05-19T13:28:12Z</time>
   </trkpt>
   <trkpt lat="51.0521860" lon="13.8095740">
    <ele>111.4</ele>
    <time>2026-05-19T13:28:13Z</time>
   </trkpt>
   <trkpt lat="51.0521330" lon="13.8096340">
    <ele>111.4</ele>
    <time>2026-05-19T13:28:14Z</time>
   </trkpt>
   <trkpt lat="51.0520810" lon="13.8096910">
    <ele>111.4</ele>
    <time>2026-05-19T13:28:15Z</time>
   </trkpt>
   <trkpt lat="51.0520290" lon="13.8097370">
    <ele>111.4</ele>
    <time>2026-05-19T13:28:16Z</time>
   </trkpt>
   <trkpt lat="51.0519760" lon="13.8097660">
    <ele>111.2</ele>
    <time>2026-05-19T13:28:17Z</time>
   </trkpt>
   <trkpt lat="51.0519220" lon="13.8097830">
    <ele>111.2</ele>
    <time>2026-05-19T13:28:18Z</time>
   </trkpt>
   <trkpt lat="51.0518690" lon="13.8098010">
    <ele>111.2</ele>
    <time>2026-05-19T13:28:19Z</time>
   </trkpt>
   <trkpt lat="51.0518170" lon="13.8098270">
    <ele>111.4</ele>
    <time>2026-05-19T13:28:20Z</time>
   </trkpt>
   <trkpt lat="51.0517650" lon="13.8098610">
    <ele>111.6</ele>
    <time>2026-05-19T13:28:21Z</time>
   </trkpt>
   <trkpt lat="51.0517130" lon="13.8099000">
    <ele>111.8</ele>
    <time>2026-05-19T13:28:22Z</time>
   </trkpt>
   <trkpt lat="51.0516610" lon="13.8099430">
    <ele>112.0</ele>
    <time>2026-05-19T13:28:23Z</time>
   </trkpt>
   <trkpt lat="51.0516090" lon="13.8099890">
    <ele>112.0</ele>
    <time>2026-05-19T13:28:24Z</time>
   </trkpt>
   <trkpt lat="51.0515560" lon="13.8100390">
    <ele>112.0</ele>
    <time>2026-05-19T13:28:25Z</time>
   </trkpt>
   <trkpt lat="51.0515020" lon="13.8100900">
    <ele>112.0</ele>
    <time>2026-05-19T13:28:26Z</time>
   </trkpt>
   <trkpt lat="51.0514480" lon="13.8101430">
    <ele>112.0</ele>
    <time>2026-05-19T13:28:27Z</time>
   </trkpt>
   <trkpt lat="51.0513920" lon="13.8101970">
    <ele>112.0</ele>
    <time>2026-05-19T13:28:28Z</time>
   </trkpt>
   <trkpt lat="51.0513360" lon="13.8102500">
    <ele>112.0</ele>
    <time>2026-05-19T13:28:29Z</time>
   </trkpt>
   <trkpt lat="51.0512790" lon="13.8103030">
    <ele>112.2</ele>
    <time>2026-05-19T13:28:30Z</time>
   </trkpt>
   <trkpt lat="51.0512240" lon="13.8103540">
    <ele>112.4</ele>
    <time>2026-05-19T13:28:31Z</time>
   </trkpt>
   <trkpt lat="51.0511680" lon="13.8104060">
    <ele>112.4</ele>
    <time>2026-05-19T13:28:32Z</time>
   </trkpt>
   <trkpt lat="51.0511130" lon="13.8104570">
    <ele>112.6</ele>
    <time>2026-05-19T13:28:33Z</time>
   </trkpt>
   <trkpt lat="51.0510580" lon="13.8105080">
    <ele>112.6</ele>
    <time>2026-05-19T13:28:34Z</time>
   </trkpt>
   <trkpt lat="51.0510030" lon="13.8105590">
    <ele>112.6</ele>
    <time>2026-05-19T13:28:35Z</time>
   </trkpt>
   <trkpt lat="51.0509470" lon="13.8106130">
    <ele>112.6</ele>
    <time>2026-05-19T13:28:36Z</time>
   </trkpt>
   <trkpt lat="51.0508900" lon="13.8106700">
    <ele>112.8</ele>
    <time>2026-05-19T13:28:37Z</time>
   </trkpt>
   <trkpt lat="51.0508330" lon="13.8107310">
    <ele>113.0</ele>
    <time>2026-05-19T13:28:38Z</time>
   </trkpt>
   <trkpt lat="51.0507760" lon="13.8107930">
    <ele>113.0</ele>
    <time>2026-05-19T13:28:39Z</time>
   </trkpt>
   <trkpt lat="51.0507160" lon="13.8108540">
    <ele>113.0</ele>
    <time>2026-05-19T13:28:40Z</time>
   </trkpt>
   <trkpt lat="51.0506550" lon="13.8109150">
    <ele>113.2</ele>
    <time>2026-05-19T13:28:41Z</time>
   </trkpt>
   <trkpt lat="51.0505940" lon="13.8109770">
    <ele>113.4</ele>
    <time>2026-05-19T13:28:42Z</time>
   </trkpt>
   <trkpt lat="51.0505340" lon="13.8110400">
    <ele>113.4</ele>
    <time>2026-05-19T13:28:43Z</time>
   </trkpt>
   <trkpt lat="51.0504730" lon="13.8111040">
    <ele>113.4</ele>
    <time>2026-05-19T13:28:44Z</time>
   </trkpt>
   <trkpt lat="51.0504120" lon="13.8111660">
    <ele>113.4</ele>
    <time>2026-05-19T13:28:45Z</time>
   </trkpt>
   <trkpt lat="51.0503500" lon="13.8112250">
    <ele>113.6</ele>
    <time>2026-05-19T13:28:46Z</time>
   </trkpt>
   <trkpt lat="51.0502880" lon="13.8112830">
    <ele>113.6</ele>
    <time>2026-05-19T13:28:47Z</time>
   </trkpt>
   <trkpt lat="51.0502250" lon="13.8113410">
    <ele>113.6</ele>
    <time>2026-05-19T13:28:48Z</time>
   </trkpt>
   <trkpt lat="51.0501610" lon="13.8113990">
    <ele>113.6</ele>
    <time>2026-05-19T13:28:49Z</time>
   </trkpt>
   <trkpt lat="51.0500980" lon="13.8114560">
    <ele>113.6</ele>
    <time>2026-05-19T13:28:50Z</time>
   </trkpt>
   <trkpt lat="51.0500340" lon="13.8115120">
    <ele>113.6</ele>
    <time>2026-05-19T13:28:51Z</time>
   </trkpt>
   <trkpt lat="51.0499700" lon="13.8115680">
    <ele>114.0</ele>
    <time>2026-05-19T13:28:52Z</time>
   </trkpt>
   <trkpt lat="51.0499040" lon="13.8116240">
    <ele>114.0</ele>
    <time>2026-05-19T13:28:53Z</time>
   </trkpt>
   <trkpt lat="51.0498390" lon="13.8116810">
    <ele>114.0</ele>
    <time>2026-05-19T13:28:54Z</time>
   </trkpt>
   <trkpt lat="51.0497730" lon="13.8117380">
    <ele>114.0</ele>
    <time>2026-05-19T13:28:55Z</time>
   </trkpt>
   <trkpt lat="51.0497080" lon="13.8117950">
    <ele>113.8</ele>
    <time>2026-05-19T13:28:56Z</time>
   </trkpt>
   <trkpt lat="51.0496410" lon="13.8118510">
    <ele>113.6</ele>
    <time>2026-05-19T13:28:57Z</time>
   </trkpt>
   <trkpt lat="51.0495740" lon="13.8119080">
    <ele>113.6</ele>
    <time>2026-05-19T13:28:58Z</time>
   </trkpt>
   <trkpt lat="51.0495080" lon="13.8119660">
    <ele>113.6</ele>
    <time>2026-05-19T13:28:59Z</time>
   </trkpt>
   <trkpt lat="51.0494410" lon="13.8120240">
    <ele>113.6</ele>
    <time>2026-05-19T13:29:00Z</time>
   </trkpt>
   <trkpt lat="51.0493740" lon="13.8120840">
    <ele>113.6</ele>
    <time>2026-05-19T13:29:01Z</time>
   </trkpt>
   <trkpt lat="51.0493070" lon="13.8121450">
    <ele>113.6</ele>
    <time>2026-05-19T13:29:02Z</time>
   </trkpt>
   <trkpt lat="51.0492400" lon="13.8122060">
    <ele>113.6</ele>
    <time>2026-05-19T13:29:03Z</time>
   </trkpt>
   <trkpt lat="51.0491730" lon="13.8122660">
    <ele>113.6</ele>
    <time>2026-05-19T13:29:04Z</time>
   </trkpt>
   <trkpt lat="51.0491060" lon="13.8123260">
    <ele>113.6</ele>
    <time>2026-05-19T13:29:05Z</time>
   </trkpt>
   <trkpt lat="51.0490390" lon="13.8123850">
    <ele>113.6</ele>
    <time>2026-05-19T13:29:06Z</time>
   </trkpt>
   <trkpt lat="51.0489720" lon="13.8124410">
    <ele>113.6</ele>
    <time>2026-05-19T13:29:07Z</time>
   </trkpt>
   <trkpt lat="51.0489040" lon="13.8124950">
    <ele>113.6</ele>
    <time>2026-05-19T13:29:08Z</time>
   </trkpt>
   <trkpt lat="51.0488360" lon="13.8125470">
    <ele>114.0</ele>
    <time>2026-05-19T13:29:09Z</time>
   </trkpt>
   <trkpt lat="51.0487680" lon="13.8125980">
    <ele>114.0</ele>
    <time>2026-05-19T13:29:10Z</time>
   </trkpt>
   <trkpt lat="51.0487010" lon="13.8126500">
    <ele>114.4</ele>
    <time>2026-05-19T13:29:11Z</time>
   </trkpt>
   <trkpt lat="51.0486330" lon="13.8127010">
    <ele>114.4</ele>
    <time>2026-05-19T13:29:12Z</time>
   </trkpt>
   <trkpt lat="51.0485660" lon="13.8127520">
    <ele>114.6</ele>
    <time>2026-05-19T13:29:13Z</time>
   </trkpt>
   <trkpt lat="51.0484980" lon="13.8128030">
    <ele>114.6</ele>
    <time>2026-05-19T13:29:14Z</time>
   </trkpt>
   <trkpt lat="51.0484300" lon="13.8128540">
    <ele>114.6</ele>
    <time>2026-05-19T13:29:15Z</time>
   </trkpt>
   <trkpt lat="51.0483620" lon="13.8129070">
    <ele>114.4</ele>
    <time>2026-05-19T13:29:16Z</time>
   </trkpt>
   <trkpt lat="51.0482940" lon="13.8129620">
    <ele>114.4</ele>
    <time>2026-05-19T13:29:17Z</time>
   </trkpt>
   <trkpt lat="51.0482280" lon="13.8130180">
    <ele>114.4</ele>
    <time>2026-05-19T13:29:18Z</time>
   </trkpt>
   <trkpt lat="51.0481620" lon="13.8130760">
    <ele>114.2</ele>
    <time>2026-05-19T13:29:19Z</time>
   </trkpt>
   <trkpt lat="51.0480970" lon="13.8131330">
    <ele>114.2</ele>
    <time>2026-05-19T13:29:20Z</time>
   </trkpt>
   <trkpt lat="51.0480310" lon="13.8131890">
    <ele>114.2</ele>
    <time>2026-05-19T13:29:21Z</time>
   </trkpt>
   <trkpt lat="51.0479640" lon="13.8132420">
    <ele>114.4</ele>
    <time>2026-05-19T13:29:22Z</time>
   </trkpt>
   <trkpt lat="51.0478970" lon="13.8132960">
    <ele>114.4</ele>
    <time>2026-05-19T13:29:23Z</time>
   </trkpt>
   <trkpt lat="51.0478290" lon="13.8133500">
    <ele>114.4</ele>
    <time>2026-05-19T13:29:24Z</time>
   </trkpt>
   <trkpt lat="51.0477620" lon="13.8134070">
    <ele>114.6</ele>
    <time>2026-05-19T13:29:25Z</time>
   </trkpt>
   <trkpt lat="51.0476960" lon="13.8134630">
    <ele>114.4</ele>
    <time>2026-05-19T13:29:26Z</time>
   </trkpt>
   <trkpt lat="51.0476290" lon="13.8135190">
    <ele>114.4</ele>
    <time>2026-05-19T13:29:27Z</time>
   </trkpt>
   <trkpt lat="51.0475620" lon="13.8135730">
    <ele>114.4</ele>
    <time>2026-05-19T13:29:28Z</time>
   </trkpt>
   <trkpt lat="51.0474960" lon="13.8136290">
    <ele>114.4</ele>
    <time>2026-05-19T13:29:29Z</time>
   </trkpt>
   <trkpt lat="51.0474290" lon="13.8136860">
    <ele>114.4</ele>
    <time>2026-05-19T13:29:30Z</time>
   </trkpt>
   <trkpt lat="51.0473630" lon="13.8137450">
    <ele>114.4</ele>
    <time>2026-05-19T13:29:31Z</time>
   </trkpt>
   <trkpt lat="51.0472970" lon="13.8138050">
    <ele>114.4</ele>
    <time>2026-05-19T13:29:32Z</time>
   </trkpt>
   <trkpt lat="51.0472310" lon="13.8138660">
    <ele>114.4</ele>
    <time>2026-05-19T13:29:33Z</time>
   </trkpt>
   <trkpt lat="51.0471650" lon="13.8139270">
    <ele>114.4</ele>
    <time>2026-05-19T13:29:34Z</time>
   </trkpt>
   <trkpt lat="51.0470990" lon="13.8139870">
    <ele>114.4</ele>
    <time>2026-05-19T13:29:35Z</time>
   </trkpt>
   <trkpt lat="51.0470320" lon="13.8140470">
    <ele>114.4</ele>
    <time>2026-05-19T13:29:36Z</time>
   </trkpt>
   <trkpt lat="51.0469650" lon="13.8141050">
    <ele>114.4</ele>
    <time>2026-05-19T13:29:37Z</time>
   </trkpt>
   <trkpt lat="51.0468990" lon="13.8141630">
    <ele>114.4</ele>
    <time>2026-05-19T13:29:38Z</time>
   </trkpt>
   <trkpt lat="51.0468340" lon="13.8142210">
    <ele>114.0</ele>
    <time>2026-05-19T13:29:39Z</time>
   </trkpt>
   <trkpt lat="51.0467700" lon="13.8142780">
    <ele>114.0</ele>
    <time>2026-05-19T13:29:40Z</time>
   </trkpt>
   <trkpt lat="51.0467060" lon="13.8143330">
    <ele>113.8</ele>
    <time>2026-05-19T13:29:41Z</time>
   </trkpt>
   <trkpt lat="51.0466430" lon="13.8143850">
    <ele>113.6</ele>
    <time>2026-05-19T13:29:42Z</time>
   </trkpt>
   <trkpt lat="51.0465790" lon="13.8144360">
    <ele>113.6</ele>
    <time>2026-05-19T13:29:43Z</time>
   </trkpt>
   <trkpt lat="51.0465160" lon="13.8144850">
    <ele>113.6</ele>
    <time>2026-05-19T13:29:44Z</time>
   </trkpt>
   <trkpt lat="51.0464540" lon="13.8145310">
    <ele>113.6</ele>
    <time>2026-05-19T13:29:45Z</time>
   </trkpt>
   <trkpt lat="51.0463940" lon="13.8145730">
    <ele>113.6</ele>
    <time>2026-05-19T13:29:46Z</time>
   </trkpt>
   <trkpt lat="51.0463370" lon="13.8146130">
    <ele>113.6</ele>
    <time>2026-05-19T13:29:47Z</time>
   </trkpt>
   <trkpt lat="51.0462800" lon="13.8146510">
    <ele>113.6</ele>
    <time>2026-05-19T13:29:48Z</time>
   </trkpt>
   <trkpt lat="51.0462240" lon="13.8146890">
    <ele>113.4</ele>
    <time>2026-05-19T13:29:49Z</time>
   </trkpt>
   <trkpt lat="51.0461650" lon="13.8147300">
    <ele>113.4</ele>
    <time>2026-05-19T13:29:50Z</time>
   </trkpt>
   <trkpt lat="51.0461040" lon="13.8147730">
    <ele>113.2</ele>
    <time>2026-05-19T13:29:51Z</time>
   </trkpt>
   <trkpt lat="51.0460410" lon="13.8148190">
    <ele>113.2</ele>
    <time>2026-05-19T13:29:52Z</time>
   </trkpt>
   <trkpt lat="51.0459770" lon="13.8148640">
    <ele>113.2</ele>
    <time>2026-05-19T13:29:53Z</time>
   </trkpt>
   <trkpt lat="51.0459110" lon="13.8149110">
    <ele>113.0</ele>
    <time>2026-05-19T13:29:54Z</time>
   </trkpt>
   <trkpt lat="51.0458440" lon="13.8149590">
    <ele>113.0</ele>
    <time>2026-05-19T13:29:55Z</time>
   </trkpt>
   <trkpt lat="51.0457760" lon="13.8150070">
    <ele>113.0</ele>
    <time>2026-05-19T13:29:56Z</time>
   </trkpt>
   <trkpt lat="51.0457040" lon="13.8150550">
    <ele>113.0</ele>
    <time>2026-05-19T13:29:57Z</time>
   </trkpt>
   <trkpt lat="51.0456300" lon="13.8151030">
    <ele>113.0</ele>
    <time>2026-05-19T13:29:58Z</time>
   </trkpt>
   <trkpt lat="51.0455520" lon="13.8151520">
    <ele>113.0</ele>
    <time>2026-05-19T13:29:59Z</time>
   </trkpt>
   <trkpt lat="51.0454710" lon="13.8152010">
    <ele>113.0</ele>
    <time>2026-05-19T13:30:00Z</time>
   </trkpt>
   <trkpt lat="51.0453890" lon="13.8152510">
    <ele>113.0</ele>
    <time>2026-05-19T13:30:01Z</time>
   </trkpt>
   <trkpt lat="51.0453040" lon="13.8153000">
    <ele>113.0</ele>
    <time>2026-05-19T13:30:02Z</time>
   </trkpt>
   <trkpt lat="51.0452160" lon="13.8153490">
    <ele>113.0</ele>
    <time>2026-05-19T13:30:03Z</time>
   </trkpt>
   <trkpt lat="51.0451270" lon="13.8153970">
    <ele>113.0</ele>
    <time>2026-05-19T13:30:04Z</time>
   </trkpt>
   <trkpt lat="51.0450370" lon="13.8154440">
    <ele>113.0</ele>
    <time>2026-05-19T13:30:05Z</time>
   </trkpt>
   <trkpt lat="51.0449450" lon="13.8154920">
    <ele>113.0</ele>
    <time>2026-05-19T13:30:06Z</time>
   </trkpt>
   <trkpt lat="51.0448530" lon="13.8155400">
    <ele>113.0</ele>
    <time>2026-05-19T13:30:07Z</time>
   </trkpt>
   <trkpt lat="51.0447610" lon="13.8155880">
    <ele>112.6</ele>
    <time>2026-05-19T13:30:08Z</time>
   </trkpt>
   <trkpt lat="51.0446690" lon="13.8156360">
    <ele>112.4</ele>
    <time>2026-05-19T13:30:09Z</time>
   </trkpt>
   <trkpt lat="51.0445760" lon="13.8156860">
    <ele>112.0</ele>
    <time>2026-05-19T13:30:10Z</time>
   </trkpt>
   <trkpt lat="51.0444830" lon="13.8157410">
    <ele>112.0</ele>
    <time>2026-05-19T13:30:11Z</time>
   </trkpt>
   <trkpt lat="51.0443910" lon="13.8158010">
    <ele>112.0</ele>
    <time>2026-05-19T13:30:12Z</time>
   </trkpt>
   <trkpt lat="51.0443000" lon="13.8158650">
    <ele>112.0</ele>
    <time>2026-05-19T13:30:13Z</time>
   </trkpt>
   <trkpt lat="51.0442080" lon="13.8159300">
    <ele>112.0</ele>
    <time>2026-05-19T13:30:14Z</time>
   </trkpt>
   <trkpt lat="51.0441170" lon="13.8159950">
    <ele>112.0</ele>
    <time>2026-05-19T13:30:15Z</time>
   </trkpt>
   <trkpt lat="51.0440250" lon="13.8160610">
    <ele>111.8</ele>
    <time>2026-05-19T13:30:16Z</time>
   </trkpt>
   <trkpt lat="51.0439340" lon="13.8161270">
    <ele>111.8</ele>
    <time>2026-05-19T13:30:17Z</time>
   </trkpt>
   <trkpt lat="51.0438440" lon="13.8161930">
    <ele>111.6</ele>
    <time>2026-05-19T13:30:18Z</time>
   </trkpt>
   <trkpt lat="51.0437540" lon="13.8162590">
    <ele>111.6</ele>
    <time>2026-05-19T13:30:19Z</time>
   </trkpt>
   <trkpt lat="51.0436630" lon="13.8163230">
    <ele>111.6</ele>
    <time>2026-05-19T13:30:20Z</time>
   </trkpt>
   <trkpt lat="51.0435720" lon="13.8163850">
    <ele>111.6</ele>
    <time>2026-05-19T13:30:21Z</time>
   </trkpt>
   <trkpt lat="51.0434810" lon="13.8164440">
    <ele>111.6</ele>
    <time>2026-05-19T13:30:22Z</time>
   </trkpt>
   <trkpt lat="51.0433900" lon="13.8165030">
    <ele>111.6</ele>
    <time>2026-05-19T13:30:23Z</time>
   </trkpt>
   <trkpt lat="51.0432990" lon="13.8165640">
    <ele>111.6</ele>
    <time>2026-05-19T13:30:24Z</time>
   </trkpt>
   <trkpt lat="51.0432090" lon="13.8166240">
    <ele>111.6</ele>
    <time>2026-05-19T13:30:25Z</time>
   </trkpt>
   <trkpt lat="51.0431190" lon="13.8166850">
    <ele>111.6</ele>
    <time>2026-05-19T13:30:26Z</time>
   </trkpt>
   <trkpt lat="51.0430300" lon="13.8167460">
    <ele>111.8</ele>
    <time>2026-05-19T13:30:27Z</time>
   </trkpt>
   <trkpt lat="51.0429400" lon="13.8168070">
    <ele>111.6</ele>
    <time>2026-05-19T13:30:28Z</time>
   </trkpt>
   <trkpt lat="51.0428510" lon="13.8168680">
    <ele>111.6</ele>
    <time>2026-05-19T13:30:29Z</time>
   </trkpt>
   <trkpt lat="51.0427620" lon="13.8169280">
    <ele>111.6</ele>
    <time>2026-05-19T13:30:30Z</time>
   </trkpt>
   <trkpt lat="51.0426720" lon="13.8169890">
    <ele>111.6</ele>
    <time>2026-05-19T13:30:31Z</time>
   </trkpt>
   <trkpt lat="51.0425820" lon="13.8170510">
    <ele>111.6</ele>
    <time>2026-05-19T13:30:32Z</time>
   </trkpt>
   <trkpt lat="51.0424920" lon="13.8171130">
    <ele>111.8</ele>
    <time>2026-05-19T13:30:33Z</time>
   </trkpt>
   <trkpt lat="51.0424010" lon="13.8171770">
    <ele>112.0</ele>
    <time>2026-05-19T13:30:34Z</time>
   </trkpt>
   <trkpt lat="51.0423100" lon="13.8172440">
    <ele>112.0</ele>
    <time>2026-05-19T13:30:35Z</time>
   </trkpt>
   <trkpt lat="51.0422190" lon="13.8173120">
    <ele>112.0</ele>
    <time>2026-05-19T13:30:36Z</time>
   </trkpt>
   <trkpt lat="51.0421270" lon="13.8173790">
    <ele>112.0</ele>
    <time>2026-05-19T13:30:37Z</time>
   </trkpt>
   <trkpt lat="51.0420350" lon="13.8174470">
    <ele>112.0</ele>
    <time>2026-05-19T13:30:38Z</time>
   </trkpt>
   <trkpt lat="51.0419440" lon="13.8175180">
    <ele>112.0</ele>
    <time>2026-05-19T13:30:39Z</time>
   </trkpt>
   <trkpt lat="51.0418550" lon="13.8175940">
    <ele>112.0</ele>
    <time>2026-05-19T13:30:40Z</time>
   </trkpt>
   <trkpt lat="51.0417660" lon="13.8176720">
    <ele>112.0</ele>
    <time>2026-05-19T13:30:41Z</time>
   </trkpt>
   <trkpt lat="51.0416770" lon="13.8177500">
    <ele>112.0</ele>
    <time>2026-05-19T13:30:42Z</time>
   </trkpt>
   <trkpt lat="51.0415860" lon="13.8178280">
    <ele>112.0</ele>
    <time>2026-05-19T13:30:43Z</time>
   </trkpt>
   <trkpt lat="51.0414960" lon="13.8179060">
    <ele>112.0</ele>
    <time>2026-05-19T13:30:44Z</time>
   </trkpt>
   <trkpt lat="51.0414070" lon="13.8179880">
    <ele>112.0</ele>
    <time>2026-05-19T13:30:45Z</time>
   </trkpt>
   <trkpt lat="51.0413190" lon="13.8180710">
    <ele>112.0</ele>
    <time>2026-05-19T13:30:46Z</time>
   </trkpt>
   <trkpt lat="51.0412300" lon="13.8181550">
    <ele>111.8</ele>
    <time>2026-05-19T13:30:47Z</time>
   </trkpt>
   <trkpt lat="51.0411430" lon="13.8182390">
    <ele>111.6</ele>
    <time>2026-05-19T13:30:48Z</time>
   </trkpt>
   <trkpt lat="51.0410570" lon="13.8183250">
    <ele>111.6</ele>
    <time>2026-05-19T13:30:49Z</time>
   </trkpt>
   <trkpt lat="51.0409720" lon="13.8184100">
    <ele>111.6</ele>
    <time>2026-05-19T13:30:50Z</time>
   </trkpt>
   <trkpt lat="51.0408860" lon="13.8184950">
    <ele>111.6</ele>
    <time>2026-05-19T13:30:51Z</time>
   </trkpt>
   <trkpt lat="51.0408000" lon="13.8185780">
    <ele>111.6</ele>
    <time>2026-05-19T13:30:52Z</time>
   </trkpt>
   <trkpt lat="51.0407130" lon="13.8186600">
    <ele>111.6</ele>
    <time>2026-05-19T13:30:53Z</time>
   </trkpt>
   <trkpt lat="51.0406240" lon="13.8187410">
    <ele>111.8</ele>
    <time>2026-05-19T13:30:54Z</time>
   </trkpt>
   <trkpt lat="51.0405370" lon="13.8188250">
    <ele>112.0</ele>
    <time>2026-05-19T13:30:55Z</time>
   </trkpt>
   <trkpt lat="51.0404520" lon="13.8189170">
    <ele>112.0</ele>
    <time>2026-05-19T13:30:56Z</time>
   </trkpt>
   <trkpt lat="51.0403700" lon="13.8190170">
    <ele>112.0</ele>
    <time>2026-05-19T13:30:57Z</time>
   </trkpt>
   <trkpt lat="51.0402910" lon="13.8191210">
    <ele>112.0</ele>
    <time>2026-05-19T13:30:58Z</time>
   </trkpt>
   <trkpt lat="51.0402130" lon="13.8192280">
    <ele>112.0</ele>
    <time>2026-05-19T13:30:59Z</time>
   </trkpt>
   <trkpt lat="51.0401360" lon="13.8193340">
    <ele>112.0</ele>
    <time>2026-05-19T13:31:00Z</time>
   </trkpt>
   <trkpt lat="51.0400580" lon="13.8194360">
    <ele>112.0</ele>
    <time>2026-05-19T13:31:01Z</time>
   </trkpt>
   <trkpt lat="51.0399780" lon="13.8195310">
    <ele>112.6</ele>
    <time>2026-05-19T13:31:02Z</time>
   </trkpt>
   <trkpt lat="51.0398960" lon="13.8196190">
    <ele>113.0</ele>
    <time>2026-05-19T13:31:03Z</time>
   </trkpt>
   <trkpt lat="51.0398150" lon="13.8197040">
    <ele>113.2</ele>
    <time>2026-05-19T13:31:04Z</time>
   </trkpt>
   <trkpt lat="51.0397360" lon="13.8197940">
    <ele>113.4</ele>
    <time>2026-05-19T13:31:05Z</time>
   </trkpt>
   <trkpt lat="51.0396600" lon="13.8198910">
    <ele>113.6</ele>
    <time>2026-05-19T13:31:06Z</time>
   </trkpt>
   <trkpt lat="51.0395870" lon="13.8199940">
    <ele>113.6</ele>
    <time>2026-05-19T13:31:07Z</time>
   </trkpt>
   <trkpt lat="51.0395170" lon="13.8201040">
    <ele>113.6</ele>
    <time>2026-05-19T13:31:08Z</time>
   </trkpt>
   <trkpt lat="51.0394500" lon="13.8202170">
    <ele>113.6</ele>
    <time>2026-05-19T13:31:09Z</time>
   </trkpt>
   <trkpt lat="51.0393830" lon="13.8203310">
    <ele>113.6</ele>
    <time>2026-05-19T13:31:10Z</time>
   </trkpt>
   <trkpt lat="51.0393160" lon="13.8204460">
    <ele>113.0</ele>
    <time>2026-05-19T13:31:11Z</time>
   </trkpt>
   <trkpt lat="51.0392500" lon="13.8205630">
    <ele>112.6</ele>
    <time>2026-05-19T13:31:12Z</time>
   </trkpt>
   <trkpt lat="51.0391840" lon="13.8206820">
    <ele>112.6</ele>
    <time>2026-05-19T13:31:13Z</time>
   </trkpt>
   <trkpt lat="51.0391190" lon="13.8208050">
    <ele>112.4</ele>
    <time>2026-05-19T13:31:14Z</time>
   </trkpt>
   <trkpt lat="51.0390570" lon="13.8209310">
    <ele>112.2</ele>
    <time>2026-05-19T13:31:15Z</time>
   </trkpt>
   <trkpt lat="51.0389950" lon="13.8210590">
    <ele>112.0</ele>
    <time>2026-05-19T13:31:16Z</time>
   </trkpt>
   <trkpt lat="51.0389350" lon="13.8211880">
    <ele>112.0</ele>
    <time>2026-05-19T13:31:17Z</time>
   </trkpt>
   <trkpt lat="51.0388770" lon="13.8213170">
    <ele>112.0</ele>
    <time>2026-05-19T13:31:18Z</time>
   </trkpt>
   <trkpt lat="51.0388180" lon="13.8214460">
    <ele>111.8</ele>
    <time>2026-05-19T13:31:19Z</time>
   </trkpt>
   <trkpt lat="51.0387600" lon="13.8215740">
    <ele>111.8</ele>
    <time>2026-05-19T13:31:20Z</time>
   </trkpt>
   <trkpt lat="51.0387010" lon="13.8217020">
    <ele>111.8</ele>
    <time>2026-05-19T13:31:21Z</time>
   </trkpt>
   <trkpt lat="51.0386440" lon="13.8218290">
    <ele>111.8</ele>
    <time>2026-05-19T13:31:22Z</time>
   </trkpt>
   <trkpt lat="51.0385880" lon="13.8219580">
    <ele>111.8</ele>
    <time>2026-05-19T13:31:23Z</time>
   </trkpt>
   <trkpt lat="51.0385340" lon="13.8220870">
    <ele>112.0</ele>
    <time>2026-05-19T13:31:24Z</time>
   </trkpt>
   <trkpt lat="51.0384820" lon="13.8222180">
    <ele>112.0</ele>
    <time>2026-05-19T13:31:25Z</time>
   </trkpt>
   <trkpt lat="51.0384290" lon="13.8223480">
    <ele>111.8</ele>
    <time>2026-05-19T13:31:26Z</time>
   </trkpt>
   <trkpt lat="51.0383750" lon="13.8224770">
    <ele>112.0</ele>
    <time>2026-05-19T13:31:27Z</time>
   </trkpt>
   <trkpt lat="51.0383210" lon="13.8226060">
    <ele>112.0</ele>
    <time>2026-05-19T13:31:28Z</time>
   </trkpt>
   <trkpt lat="51.0382650" lon="13.8227350">
    <ele>112.0</ele>
    <time>2026-05-19T13:31:29Z</time>
   </trkpt>
   <trkpt lat="51.0382090" lon="13.8228650">
    <ele>112.0</ele>
    <time>2026-05-19T13:31:30Z</time>
   </trkpt>
   <trkpt lat="51.0381520" lon="13.8229950">
    <ele>112.2</ele>
    <time>2026-05-19T13:31:31Z</time>
   </trkpt>
   <trkpt lat="51.0380950" lon="13.8231250">
    <ele>112.2</ele>
    <time>2026-05-19T13:31:32Z</time>
   </trkpt>
   <trkpt lat="51.0380370" lon="13.8232580">
    <ele>112.2</ele>
    <time>2026-05-19T13:31:33Z</time>
   </trkpt>
   <trkpt lat="51.0379790" lon="13.8233920">
    <ele>112.2</ele>
    <time>2026-05-19T13:31:34Z</time>
   </trkpt>
   <trkpt lat="51.0379210" lon="13.8235290">
    <ele>112.0</ele>
    <time>2026-05-19T13:31:35Z</time>
   </trkpt>
   <trkpt lat="51.0378640" lon="13.8236660">
    <ele>112.0</ele>
    <time>2026-05-19T13:31:36Z</time>
   </trkpt>
   <trkpt lat="51.0378060" lon="13.8238040">
    <ele>112.0</ele>
    <time>2026-05-19T13:31:37Z</time>
   </trkpt>
   <trkpt lat="51.0377480" lon="13.8239420">
    <ele>112.0</ele>
    <time>2026-05-19T13:31:38Z</time>
   </trkpt>
   <trkpt lat="51.0376900" lon="13.8240800">
    <ele>111.8</ele>
    <time>2026-05-19T13:31:39Z</time>
   </trkpt>
   <trkpt lat="51.0376310" lon="13.8242160">
    <ele>111.6</ele>
    <time>2026-05-19T13:31:40Z</time>
   </trkpt>
   <trkpt lat="51.0375730" lon="13.8243520">
    <ele>111.6</ele>
    <time>2026-05-19T13:31:41Z</time>
   </trkpt>
   <trkpt lat="51.0375140" lon="13.8244860">
    <ele>111.6</ele>
    <time>2026-05-19T13:31:42Z</time>
   </trkpt>
   <trkpt lat="51.0374560" lon="13.8246200">
    <ele>111.4</ele>
    <time>2026-05-19T13:31:43Z</time>
   </trkpt>
   <trkpt lat="51.0373980" lon="13.8247540">
    <ele>111.4</ele>
    <time>2026-05-19T13:31:44Z</time>
   </trkpt>
   <trkpt lat="51.0373400" lon="13.8248870">
    <ele>111.4</ele>
    <time>2026-05-19T13:31:45Z</time>
   </trkpt>
   <trkpt lat="51.0372820" lon="13.8250210">
    <ele>111.4</ele>
    <time>2026-05-19T13:31:46Z</time>
   </trkpt>
   <trkpt lat="51.0372240" lon="13.8251550">
    <ele>111.4</ele>
    <time>2026-05-19T13:31:47Z</time>
   </trkpt>
   <trkpt lat="51.0371660" lon="13.8252890">
    <ele>111.4</ele>
    <time>2026-05-19T13:31:48Z</time>
   </trkpt>
   <trkpt lat="51.0371080" lon="13.8254230">
    <ele>111.4</ele>
    <time>2026-05-19T13:31:49Z</time>
   </trkpt>
   <trkpt lat="51.0370500" lon="13.8255550">
    <ele>111.4</ele>
    <time>2026-05-19T13:31:50Z</time>
   </trkpt>
   <trkpt lat="51.0369930" lon="13.8256880">
    <ele>111.4</ele>
    <time>2026-05-19T13:31:51Z</time>
   </trkpt>
   <trkpt lat="51.0369350" lon="13.8258210">
    <ele>111.4</ele>
    <time>2026-05-19T13:31:52Z</time>
   </trkpt>
   <trkpt lat="51.0368780" lon="13.8259530">
    <ele>111.4</ele>
    <time>2026-05-19T13:31:53Z</time>
   </trkpt>
   <trkpt lat="51.0368200" lon="13.8260840">
    <ele>111.4</ele>
    <time>2026-05-19T13:31:54Z</time>
   </trkpt>
   <trkpt lat="51.0367620" lon="13.8262140">
    <ele>111.6</ele>
    <time>2026-05-19T13:31:55Z</time>
   </trkpt>
   <trkpt lat="51.0367040" lon="13.8263460">
    <ele>111.6</ele>
    <time>2026-05-19T13:31:56Z</time>
   </trkpt>
   <trkpt lat="51.0366440" lon="13.8264770">
    <ele>111.6</ele>
    <time>2026-05-19T13:31:57Z</time>
   </trkpt>
   <trkpt lat="51.0365840" lon="13.8266090">
    <ele>111.8</ele>
    <time>2026-05-19T13:31:58Z</time>
   </trkpt>
   <trkpt lat="51.0365240" lon="13.8267390">
    <ele>111.8</ele>
    <time>2026-05-19T13:31:59Z</time>
   </trkpt>
   <trkpt lat="51.0364640" lon="13.8268690">
    <ele>111.8</ele>
    <time>2026-05-19T13:32:00Z</time>
   </trkpt>
   <trkpt lat="51.0364050" lon="13.8269990">
    <ele>111.6</ele>
    <time>2026-05-19T13:32:01Z</time>
   </trkpt>
   <trkpt lat="51.0363450" lon="13.8271300">
    <ele>111.6</ele>
    <time>2026-05-19T13:32:02Z</time>
   </trkpt>
   <trkpt lat="51.0362850" lon="13.8272620">
    <ele>111.6</ele>
    <time>2026-05-19T13:32:03Z</time>
   </trkpt>
   <trkpt lat="51.0362250" lon="13.8273940">
    <ele>111.6</ele>
    <time>2026-05-19T13:32:04Z</time>
   </trkpt>
   <trkpt lat="51.0361640" lon="13.8275270">
    <ele>111.8</ele>
    <time>2026-05-19T13:32:05Z</time>
   </trkpt>
   <trkpt lat="51.0361070" lon="13.8276620">
    <ele>112.0</ele>
    <time>2026-05-19T13:32:06Z</time>
   </trkpt>
   <trkpt lat="51.0360560" lon="13.8278030">
    <ele>112.0</ele>
    <time>2026-05-19T13:32:07Z</time>
   </trkpt>
   <trkpt lat="51.0360110" lon="13.8279490">
    <ele>112.0</ele>
    <time>2026-05-19T13:32:08Z</time>
   </trkpt>
   <trkpt lat="51.0359710" lon="13.8280990">
    <ele>112.0</ele>
    <time>2026-05-19T13:32:09Z</time>
   </trkpt>
   <trkpt lat="51.0359330" lon="13.8282520">
    <ele>112.0</ele>
    <time>2026-05-19T13:32:10Z</time>
   </trkpt>
   <trkpt lat="51.0358940" lon="13.8284040">
    <ele>112.0</ele>
    <time>2026-05-19T13:32:11Z</time>
   </trkpt>
   <trkpt lat="51.0358550" lon="13.8285560">
    <ele>112.0</ele>
    <time>2026-05-19T13:32:12Z</time>
   </trkpt>
   <trkpt lat="51.0358150" lon="13.8287050">
    <ele>111.6</ele>
    <time>2026-05-19T13:32:13Z</time>
   </trkpt>
   <trkpt lat="51.0357750" lon="13.8288540">
    <ele>111.6</ele>
    <time>2026-05-19T13:32:14Z</time>
   </trkpt>
   <trkpt lat="51.0357340" lon="13.8290020">
    <ele>111.6</ele>
    <time>2026-05-19T13:32:15Z</time>
   </trkpt>
   <trkpt lat="51.0356940" lon="13.8291490">
    <ele>111.6</ele>
    <time>2026-05-19T13:32:16Z</time>
   </trkpt>
   <trkpt lat="51.0356530" lon="13.8292950">
    <ele>111.6</ele>
    <time>2026-05-19T13:32:17Z</time>
   </trkpt>
   <trkpt lat="51.0356130" lon="13.8294400">
    <ele>111.6</ele>
    <time>2026-05-19T13:32:18Z</time>
   </trkpt>
   <trkpt lat="51.0355730" lon="13.8295850">
    <ele>111.6</ele>
    <time>2026-05-19T13:32:19Z</time>
   </trkpt>
   <trkpt lat="51.0355340" lon="13.8297290">
    <ele>111.6</ele>
    <time>2026-05-19T13:32:20Z</time>
   </trkpt>
   <trkpt lat="51.0354950" lon="13.8298730">
    <ele>111.6</ele>
    <time>2026-05-19T13:32:21Z</time>
   </trkpt>
   <trkpt lat="51.0354560" lon="13.8300150">
    <ele>111.6</ele>
    <time>2026-05-19T13:32:22Z</time>
   </trkpt>
   <trkpt lat="51.0354170" lon="13.8301580">
    <ele>111.6</ele>
    <time>2026-05-19T13:32:23Z</time>
   </trkpt>
   <trkpt lat="51.0353780" lon="13.8303000">
    <ele>111.6</ele>
    <time>2026-05-19T13:32:24Z</time>
   </trkpt>
   <trkpt lat="51.0353390" lon="13.8304420">
    <ele>111.8</ele>
    <time>2026-05-19T13:32:25Z</time>
   </trkpt>
   <trkpt lat="51.0353000" lon="13.8305830">
    <ele>111.8</ele>
    <time>2026-05-19T13:32:26Z</time>
   </trkpt>
   <trkpt lat="51.0352620" lon="13.8307240">
    <ele>112.0</ele>
    <time>2026-05-19T13:32:27Z</time>
   </trkpt>
   <trkpt lat="51.0352230" lon="13.8308650">
    <ele>112.0</ele>
    <time>2026-05-19T13:32:28Z</time>
   </trkpt>
   <trkpt lat="51.0351840" lon="13.8310050">
    <ele>112.2</ele>
    <time>2026-05-19T13:32:29Z</time>
   </trkpt>
   <trkpt lat="51.0351450" lon="13.8311450">
    <ele>112.0</ele>
    <time>2026-05-19T13:32:30Z</time>
   </trkpt>
   <trkpt lat="51.0351040" lon="13.8312830">
    <ele>112.0</ele>
    <time>2026-05-19T13:32:31Z</time>
   </trkpt>
   <trkpt lat="51.0350630" lon="13.8314210">
    <ele>112.0</ele>
    <time>2026-05-19T13:32:32Z</time>
   </trkpt>
   <trkpt lat="51.0350200" lon="13.8315570">
    <ele>112.0</ele>
    <time>2026-05-19T13:32:33Z</time>
   </trkpt>
   <trkpt lat="51.0349750" lon="13.8316920">
    <ele>112.0</ele>
    <time>2026-05-19T13:32:34Z</time>
   </trkpt>
   <trkpt lat="51.0349300" lon="13.8318270">
    <ele>112.0</ele>
    <time>2026-05-19T13:32:35Z</time>
   </trkpt>
   <trkpt lat="51.0348830" lon="13.8319600">
    <ele>112.0</ele>
    <time>2026-05-19T13:32:36Z</time>
   </trkpt>
   <trkpt lat="51.0348340" lon="13.8320920">
    <ele>112.0</ele>
    <time>2026-05-19T13:32:37Z</time>
   </trkpt>
   <trkpt lat="51.0347830" lon="13.8322230">
    <ele>112.0</ele>
    <time>2026-05-19T13:32:38Z</time>
   </trkpt>
   <trkpt lat="51.0347330" lon="13.8323540">
    <ele>112.0</ele>
    <time>2026-05-19T13:32:39Z</time>
   </trkpt>
   <trkpt lat="51.0346850" lon="13.8324880">
    <ele>112.0</ele>
    <time>2026-05-19T13:32:40Z</time>
   </trkpt>
   <trkpt lat="51.0346390" lon="13.8326250">
    <ele>112.0</ele>
    <time>2026-05-19T13:32:41Z</time>
   </trkpt>
   <trkpt lat="51.0345910" lon="13.8327620">
    <ele>112.0</ele>
    <time>2026-05-19T13:32:42Z</time>
   </trkpt>
   <trkpt lat="51.0345400" lon="13.8328960">
    <ele>112.0</ele>
    <time>2026-05-19T13:32:43Z</time>
   </trkpt>
   <trkpt lat="51.0344860" lon="13.8330260">
    <ele>112.0</ele>
    <time>2026-05-19T13:32:44Z</time>
   </trkpt>
   <trkpt lat="51.0344290" lon="13.8331530">
    <ele>112.2</ele>
    <time>2026-05-19T13:32:45Z</time>
   </trkpt>
   <trkpt lat="51.0343690" lon="13.8332770">
    <ele>112.4</ele>
    <time>2026-05-19T13:32:46Z</time>
   </trkpt>
   <trkpt lat="51.0343050" lon="13.8333970">
    <ele>112.4</ele>
    <time>2026-05-19T13:32:47Z</time>
   </trkpt>
   <trkpt lat="51.0342370" lon="13.8335140">
    <ele>112.4</ele>
    <time>2026-05-19T13:32:48Z</time>
   </trkpt>
   <trkpt lat="51.0341670" lon="13.8336290">
    <ele>112.4</ele>
    <time>2026-05-19T13:32:49Z</time>
   </trkpt>
   <trkpt lat="51.0340980" lon="13.8337440">
    <ele>112.6</ele>
    <time>2026-05-19T13:32:50Z</time>
   </trkpt>
   <trkpt lat="51.0340280" lon="13.8338590">
    <ele>112.6</ele>
    <time>2026-05-19T13:32:51Z</time>
   </trkpt>
   <trkpt lat="51.0339590" lon="13.8339730">
    <ele>112.4</ele>
    <time>2026-05-19T13:32:52Z</time>
   </trkpt>
   <trkpt lat="51.0338890" lon="13.8340860">
    <ele>112.0</ele>
    <time>2026-05-19T13:32:53Z</time>
   </trkpt>
   <trkpt lat="51.0338190" lon="13.8341990">
    <ele>112.0</ele>
    <time>2026-05-19T13:32:54Z</time>
   </trkpt>
   <trkpt lat="51.0337500" lon="13.8343120">
    <ele>112.0</ele>
    <time>2026-05-19T13:32:55Z</time>
   </trkpt>
   <trkpt lat="51.0336810" lon="13.8344250">
    <ele>111.8</ele>
    <time>2026-05-19T13:32:56Z</time>
   </trkpt>
   <trkpt lat="51.0336120" lon="13.8345380">
    <ele>112.0</ele>
    <time>2026-05-19T13:32:57Z</time>
   </trkpt>
   <trkpt lat="51.0335440" lon="13.8346500">
    <ele>112.0</ele>
    <time>2026-05-19T13:32:58Z</time>
   </trkpt>
   <trkpt lat="51.0334750" lon="13.8347620">
    <ele>112.0</ele>
    <time>2026-05-19T13:32:59Z</time>
   </trkpt>
   <trkpt lat="51.0334070" lon="13.8348730">
    <ele>112.0</ele>
    <time>2026-05-19T13:33:00Z</time>
   </trkpt>
   <trkpt lat="51.0333420" lon="13.8349820">
    <ele>112.2</ele>
    <time>2026-05-19T13:33:01Z</time>
   </trkpt>
   <trkpt lat="51.0332770" lon="13.8350870">
    <ele>112.2</ele>
    <time>2026-05-19T13:33:02Z</time>
   </trkpt>
   <trkpt lat="51.0332150" lon="13.8351890">
    <ele>112.4</ele>
    <time>2026-05-19T13:33:03Z</time>
   </trkpt>
   <trkpt lat="51.0331530" lon="13.8352870">
    <ele>112.4</ele>
    <time>2026-05-19T13:33:04Z</time>
   </trkpt>
   <trkpt lat="51.0330920" lon="13.8353840">
    <ele>112.6</ele>
    <time>2026-05-19T13:33:05Z</time>
   </trkpt>
   <trkpt lat="51.0330320" lon="13.8354770">
    <ele>113.0</ele>
    <time>2026-05-19T13:33:06Z</time>
   </trkpt>
   <trkpt lat="51.0329720" lon="13.8355670">
    <ele>113.6</ele>
    <time>2026-05-19T13:33:07Z</time>
   </trkpt>
   <trkpt lat="51.0329130" lon="13.8356510">
    <ele>114.0</ele>
    <time>2026-05-19T13:33:08Z</time>
   </trkpt>
   <trkpt lat="51.0328550" lon="13.8357310">
    <ele>114.2</ele>
    <time>2026-05-19T13:33:09Z</time>
   </trkpt>
   <trkpt lat="51.0327980" lon="13.8358090">
    <ele>114.4</ele>
    <time>2026-05-19T13:33:10Z</time>
   </trkpt>
   <trkpt lat="51.0327430" lon="13.8358830">
    <ele>114.6</ele>
    <time>2026-05-19T13:33:11Z</time>
   </trkpt>
   <trkpt lat="51.0326880" lon="13.8359530">
    <ele>114.6</ele>
    <time>2026-05-19T13:33:12Z</time>
   </trkpt>
   <trkpt lat="51.0326340" lon="13.8360200">
    <ele>114.6</ele>
    <time>2026-05-19T13:33:13Z</time>
   </trkpt>
   <trkpt lat="51.0325820" lon="13.8360860">
    <ele>114.6</ele>
    <time>2026-05-19T13:33:14Z</time>
   </trkpt>
   <trkpt lat="51.0325280" lon="13.8361510">
    <ele>114.6</ele>
    <time>2026-05-19T13:33:15Z</time>
   </trkpt>
   <trkpt lat="51.0324710" lon="13.8362160">
    <ele>114.4</ele>
    <time>2026-05-19T13:33:16Z</time>
   </trkpt>
   <trkpt lat="51.0324110" lon="13.8362770">
    <ele>114.4</ele>
    <time>2026-05-19T13:33:17Z</time>
   </trkpt>
   <trkpt lat="51.0323470" lon="13.8363340">
    <ele>114.4</ele>
    <time>2026-05-19T13:33:18Z</time>
   </trkpt>
   <trkpt lat="51.0322800" lon="13.8363880">
    <ele>114.4</ele>
    <time>2026-05-19T13:33:19Z</time>
   </trkpt>
   <trkpt lat="51.0322120" lon="13.8364420">
    <ele>114.4</ele>
    <time>2026-05-19T13:33:20Z</time>
   </trkpt>
   <trkpt lat="51.0321430" lon="13.8364990">
    <ele>114.2</ele>
    <time>2026-05-19T13:33:21Z</time>
   </trkpt>
   <trkpt lat="51.0320750" lon="13.8365600">
    <ele>114.2</ele>
    <time>2026-05-19T13:33:22Z</time>
   </trkpt>
   <trkpt lat="51.0320080" lon="13.8366220">
    <ele>114.2</ele>
    <time>2026-05-19T13:33:23Z</time>
   </trkpt>
   <trkpt lat="51.0319400" lon="13.8366860">
    <ele>114.2</ele>
    <time>2026-05-19T13:33:24Z</time>
   </trkpt>
   <trkpt lat="51.0318740" lon="13.8367500">
    <ele>114.2</ele>
    <time>2026-05-19T13:33:25Z</time>
   </trkpt>
   <trkpt lat="51.0318080" lon="13.8368120">
    <ele>114.2</ele>
    <time>2026-05-19T13:33:26Z</time>
   </trkpt>
   <trkpt lat="51.0317430" lon="13.8368730">
    <ele>114.2</ele>
    <time>2026-05-19T13:33:27Z</time>
   </trkpt>
   <trkpt lat="51.0316800" lon="13.8369340">
    <ele>114.2</ele>
    <time>2026-05-19T13:33:28Z</time>
   </trkpt>
   <trkpt lat="51.0316170" lon="13.8369940">
    <ele>114.0</ele>
    <time>2026-05-19T13:33:29Z</time>
   </trkpt>
   <trkpt lat="51.0315540" lon="13.8370510">
    <ele>114.0</ele>
    <time>2026-05-19T13:33:30Z</time>
   </trkpt>
   <trkpt lat="51.0314900" lon="13.8371060">
    <ele>114.0</ele>
    <time>2026-05-19T13:33:31Z</time>
   </trkpt>
   <trkpt lat="51.0314250" lon="13.8371570">
    <ele>114.0</ele>
    <time>2026-05-19T13:33:32Z</time>
   </trkpt>
   <trkpt lat="51.0313560" lon="13.8372000">
    <ele>113.8</ele>
    <time>2026-05-19T13:33:33Z</time>
   </trkpt>
   <trkpt lat="51.0312830" lon="13.8372340">
    <ele>113.6</ele>
    <time>2026-05-19T13:33:34Z</time>
   </trkpt>
   <trkpt lat="51.0312080" lon="13.8372630">
    <ele>113.6</ele>
    <time>2026-05-19T13:33:35Z</time>
   </trkpt>
   <trkpt lat="51.0311330" lon="13.8372890">
    <ele>113.6</ele>
    <time>2026-05-19T13:33:36Z</time>
   </trkpt>
   <trkpt lat="51.0310570" lon="13.8373170">
    <ele>113.4</ele>
    <time>2026-05-19T13:33:37Z</time>
   </trkpt>
   <trkpt lat="51.0309820" lon="13.8373460">
    <ele>113.4</ele>
    <time>2026-05-19T13:33:38Z</time>
   </trkpt>
   <trkpt lat="51.0309070" lon="13.8373750">
    <ele>113.2</ele>
    <time>2026-05-19T13:33:39Z</time>
   </trkpt>
   <trkpt lat="51.0308310" lon="13.8374060">
    <ele>113.4</ele>
    <time>2026-05-19T13:33:40Z</time>
   </trkpt>
   <trkpt lat="51.0307560" lon="13.8374370">
    <ele>113.4</ele>
    <time>2026-05-19T13:33:41Z</time>
   </trkpt>
   <trkpt lat="51.0306810" lon="13.8374700">
    <ele>113.4</ele>
    <time>2026-05-19T13:33:42Z</time>
   </trkpt>
   <trkpt lat="51.0306050" lon="13.8375040">
    <ele>113.4</ele>
    <time>2026-05-19T13:33:43Z</time>
   </trkpt>
   <trkpt lat="51.0305290" lon="13.8375390">
    <ele>113.4</ele>
    <time>2026-05-19T13:33:44Z</time>
   </trkpt>
   <trkpt lat="51.0304540" lon="13.8375740">
    <ele>113.6</ele>
    <time>2026-05-19T13:33:45Z</time>
   </trkpt>
   <trkpt lat="51.0303770" lon="13.8376080">
    <ele>113.6</ele>
    <time>2026-05-19T13:33:46Z</time>
   </trkpt>
   <trkpt lat="51.0303000" lon="13.8376430">
    <ele>113.6</ele>
    <time>2026-05-19T13:33:47Z</time>
   </trkpt>
   <trkpt lat="51.0302230" lon="13.8376780">
    <ele>113.6</ele>
    <time>2026-05-19T13:33:48Z</time>
   </trkpt>
   <trkpt lat="51.0301460" lon="13.8377130">
    <ele>113.6</ele>
    <time>2026-05-19T13:33:49Z</time>
   </trkpt>
   <trkpt lat="51.0300670" lon="13.8377470">
    <ele>113.6</ele>
    <time>2026-05-19T13:33:50Z</time>
   </trkpt>
   <trkpt lat="51.0299880" lon="13.8377810">
    <ele>113.8</ele>
    <time>2026-05-19T13:33:51Z</time>
   </trkpt>
   <trkpt lat="51.0299070" lon="13.8378140">
    <ele>113.8</ele>
    <time>2026-05-19T13:33:52Z</time>
   </trkpt>
   <trkpt lat="51.0298260" lon="13.8378460">
    <ele>114.0</ele>
    <time>2026-05-19T13:33:53Z</time>
   </trkpt>
   <trkpt lat="51.0297430" lon="13.8378790">
    <ele>114.0</ele>
    <time>2026-05-19T13:33:54Z</time>
   </trkpt>
   <trkpt lat="51.0296590" lon="13.8379140">
    <ele>114.0</ele>
    <time>2026-05-19T13:33:55Z</time>
   </trkpt>
   <trkpt lat="51.0295730" lon="13.8379530">
    <ele>114.0</ele>
    <time>2026-05-19T13:33:56Z</time>
   </trkpt>
   <trkpt lat="51.0294850" lon="13.8379930">
    <ele>114.0</ele>
    <time>2026-05-19T13:33:57Z</time>
   </trkpt>
   <trkpt lat="51.0293960" lon="13.8380330">
    <ele>114.0</ele>
    <time>2026-05-19T13:33:58Z</time>
   </trkpt>
   <trkpt lat="51.0293060" lon="13.8380750">
    <ele>114.0</ele>
    <time>2026-05-19T13:33:59Z</time>
   </trkpt>
   <trkpt lat="51.0292150" lon="13.8381170">
    <ele>114.0</ele>
    <time>2026-05-19T13:34:00Z</time>
   </trkpt>
   <trkpt lat="51.0291240" lon="13.8381610">
    <ele>114.0</ele>
    <time>2026-05-19T13:34:01Z</time>
   </trkpt>
   <trkpt lat="51.0290320" lon="13.8382050">
    <ele>114.0</ele>
    <time>2026-05-19T13:34:02Z</time>
   </trkpt>
   <trkpt lat="51.0289400" lon="13.8382480">
    <ele>114.0</ele>
    <time>2026-05-19T13:34:03Z</time>
   </trkpt>
   <trkpt lat="51.0288480" lon="13.8382920">
    <ele>114.0</ele>
    <time>2026-05-19T13:34:04Z</time>
   </trkpt>
   <trkpt lat="51.0287580" lon="13.8383380">
    <ele>114.0</ele>
    <time>2026-05-19T13:34:05Z</time>
   </trkpt>
   <trkpt lat="51.0286680" lon="13.8383840">
    <ele>114.0</ele>
    <time>2026-05-19T13:34:06Z</time>
   </trkpt>
   <trkpt lat="51.0285790" lon="13.8384300">
    <ele>114.0</ele>
    <time>2026-05-19T13:34:07Z</time>
   </trkpt>
   <trkpt lat="51.0284900" lon="13.8384740">
    <ele>114.0</ele>
    <time>2026-05-19T13:34:08Z</time>
   </trkpt>
   <trkpt lat="51.0284020" lon="13.8385190">
    <ele>114.0</ele>
    <time>2026-05-19T13:34:09Z</time>
   </trkpt>
   <trkpt lat="51.0283160" lon="13.8385720">
    <ele>114.2</ele>
    <time>2026-05-19T13:34:10Z</time>
   </trkpt>
   <trkpt lat="51.0282320" lon="13.8386350">
    <ele>114.2</ele>
    <time>2026-05-19T13:34:11Z</time>
   </trkpt>
   <trkpt lat="51.0281490" lon="13.8387030">
    <ele>114.4</ele>
    <time>2026-05-19T13:34:12Z</time>
   </trkpt>
   <trkpt lat="51.0280650" lon="13.8387700">
    <ele>114.4</ele>
    <time>2026-05-19T13:34:13Z</time>
   </trkpt>
   <trkpt lat="51.0279770" lon="13.8388310">
    <ele>114.4</ele>
    <time>2026-05-19T13:34:14Z</time>
   </trkpt>
   <trkpt lat="51.0278850" lon="13.8388830">
    <ele>114.4</ele>
    <time>2026-05-19T13:34:15Z</time>
   </trkpt>
   <trkpt lat="51.0277910" lon="13.8389260">
    <ele>114.4</ele>
    <time>2026-05-19T13:34:16Z</time>
   </trkpt>
   <trkpt lat="51.0276960" lon="13.8389660">
    <ele>114.2</ele>
    <time>2026-05-19T13:34:17Z</time>
   </trkpt>
   <trkpt lat="51.0276000" lon="13.8390070">
    <ele>114.2</ele>
    <time>2026-05-19T13:34:18Z</time>
   </trkpt>
   <trkpt lat="51.0275050" lon="13.8390500">
    <ele>114.0</ele>
    <time>2026-05-19T13:34:19Z</time>
   </trkpt>
   <trkpt lat="51.0274100" lon="13.8390940">
    <ele>114.0</ele>
    <time>2026-05-19T13:34:20Z</time>
   </trkpt>
   <trkpt lat="51.0273160" lon="13.8391370">
    <ele>114.0</ele>
    <time>2026-05-19T13:34:21Z</time>
   </trkpt>
   <trkpt lat="51.0272210" lon="13.8391760">
    <ele>114.0</ele>
    <time>2026-05-19T13:34:22Z</time>
   </trkpt>
   <trkpt lat="51.0271270" lon="13.8392120">
    <ele>114.0</ele>
    <time>2026-05-19T13:34:23Z</time>
   </trkpt>
   <trkpt lat="51.0270330" lon="13.8392480">
    <ele>114.0</ele>
    <time>2026-05-19T13:34:24Z</time>
   </trkpt>
   <trkpt lat="51.0269400" lon="13.8392860">
    <ele>114.0</ele>
    <time>2026-05-19T13:34:25Z</time>
   </trkpt>
   <trkpt lat="51.0268470" lon="13.8393260">
    <ele>114.0</ele>
    <time>2026-05-19T13:34:26Z</time>
   </trkpt>
   <trkpt lat="51.0267540" lon="13.8393690">
    <ele>114.0</ele>
    <time>2026-05-19T13:34:27Z</time>
   </trkpt>
   <trkpt lat="51.0266610" lon="13.8394130">
    <ele>114.2</ele>
    <time>2026-05-19T13:34:28Z</time>
   </trkpt>
   <trkpt lat="51.0265700" lon="13.8394600">
    <ele>114.2</ele>
    <time>2026-05-19T13:34:29Z</time>
   </trkpt>
   <trkpt lat="51.0264780" lon="13.8395090">
    <ele>114.4</ele>
    <time>2026-05-19T13:34:30Z</time>
   </trkpt>
   <trkpt lat="51.0263870" lon="13.8395580">
    <ele>114.2</ele>
    <time>2026-05-19T13:34:31Z</time>
   </trkpt>
   <trkpt lat="51.0262960" lon="13.8396090">
    <ele>114.4</ele>
    <time>2026-05-19T13:34:32Z</time>
   </trkpt>
   <trkpt lat="51.0262050" lon="13.8396570">
    <ele>114.4</ele>
    <time>2026-05-19T13:34:33Z</time>
   </trkpt>
   <trkpt lat="51.0261140" lon="13.8397030">
    <ele>114.4</ele>
    <time>2026-05-19T13:34:34Z</time>
   </trkpt>
   <trkpt lat="51.0260220" lon="13.8397470">
    <ele>114.4</ele>
    <time>2026-05-19T13:34:35Z</time>
   </trkpt>
   <trkpt lat="51.0259310" lon="13.8397870">
    <ele>114.4</ele>
    <time>2026-05-19T13:34:36Z</time>
   </trkpt>
   <trkpt lat="51.0258390" lon="13.8398210">
    <ele>114.4</ele>
    <time>2026-05-19T13:34:37Z</time>
   </trkpt>
   <trkpt lat="51.0257480" lon="13.8398520">
    <ele>114.2</ele>
    <time>2026-05-19T13:34:38Z</time>
   </trkpt>
   <trkpt lat="51.0256580" lon="13.8398830">
    <ele>114.2</ele>
    <time>2026-05-19T13:34:39Z</time>
   </trkpt>
   <trkpt lat="51.0255690" lon="13.8399160">
    <ele>114.2</ele>
    <time>2026-05-19T13:34:40Z</time>
   </trkpt>
   <trkpt lat="51.0254830" lon="13.8399550">
    <ele>114.2</ele>
    <time>2026-05-19T13:34:41Z</time>
   </trkpt>
   <trkpt lat="51.0253980" lon="13.8399980">
    <ele>114.4</ele>
    <time>2026-05-19T13:34:42Z</time>
   </trkpt>
   <trkpt lat="51.0253130" lon="13.8400380">
    <ele>114.4</ele>
    <time>2026-05-19T13:34:43Z</time>
   </trkpt>
   <trkpt lat="51.0252270" lon="13.8400710">
    <ele>114.4</ele>
    <time>2026-05-19T13:34:44Z</time>
   </trkpt>
   <trkpt lat="51.0251380" lon="13.8400940">
    <ele>114.4</ele>
    <time>2026-05-19T13:34:45Z</time>
   </trkpt>
   <trkpt lat="51.0250470" lon="13.8401140">
    <ele>114.6</ele>
    <time>2026-05-19T13:34:46Z</time>
   </trkpt>
   <trkpt lat="51.0249560" lon="13.8401310">
    <ele>114.6</ele>
    <time>2026-05-19T13:34:47Z</time>
   </trkpt>
   <trkpt lat="51.0248660" lon="13.8401500">
    <ele>114.6</ele>
    <time>2026-05-19T13:34:48Z</time>
   </trkpt>
   <trkpt lat="51.0247770" lon="13.8401730">
    <ele>114.4</ele>
    <time>2026-05-19T13:34:49Z</time>
   </trkpt>
   <trkpt lat="51.0246890" lon="13.8401990">
    <ele>114.6</ele>
    <time>2026-05-19T13:34:50Z</time>
   </trkpt>
   <trkpt lat="51.0246020" lon="13.8402260">
    <ele>114.6</ele>
    <time>2026-05-19T13:34:51Z</time>
   </trkpt>
   <trkpt lat="51.0245160" lon="13.8402500">
    <ele>114.6</ele>
    <time>2026-05-19T13:34:52Z</time>
   </trkpt>
   <trkpt lat="51.0244320" lon="13.8402740">
    <ele>114.6</ele>
    <time>2026-05-19T13:34:53Z</time>
   </trkpt>
   <trkpt lat="51.0243530" lon="13.8403100">
    <ele>114.6</ele>
    <time>2026-05-19T13:34:54Z</time>
   </trkpt>
   <trkpt lat="51.0242760" lon="13.8403570">
    <ele>114.6</ele>
    <time>2026-05-19T13:34:55Z</time>
   </trkpt>
   <trkpt lat="51.0241990" lon="13.8404110">
    <ele>114.6</ele>
    <time>2026-05-19T13:34:56Z</time>
   </trkpt>
   <trkpt lat="51.0241210" lon="13.8404690">
    <ele>114.6</ele>
    <time>2026-05-19T13:34:57Z</time>
   </trkpt>
   <trkpt lat="51.0240400" lon="13.8405260">
    <ele>114.6</ele>
    <time>2026-05-19T13:34:58Z</time>
   </trkpt>
   <trkpt lat="51.0239550" lon="13.8405810">
    <ele>114.6</ele>
    <time>2026-05-19T13:34:59Z</time>
   </trkpt>
   <trkpt lat="51.0238690" lon="13.8406320">
    <ele>114.6</ele>
    <time>2026-05-19T13:35:00Z</time>
   </trkpt>
   <trkpt lat="51.0237790" lon="13.8406760">
    <ele>114.6</ele>
    <time>2026-05-19T13:35:01Z</time>
   </trkpt>
   <trkpt lat="51.0236880" lon="13.8407200">
    <ele>114.6</ele>
    <time>2026-05-19T13:35:02Z</time>
   </trkpt>
   <trkpt lat="51.0235980" lon="13.8407660">
    <ele>114.6</ele>
    <time>2026-05-19T13:35:03Z</time>
   </trkpt>
   <trkpt lat="51.0235090" lon="13.8408180">
    <ele>114.6</ele>
    <time>2026-05-19T13:35:04Z</time>
   </trkpt>
   <trkpt lat="51.0234220" lon="13.8408720">
    <ele>114.6</ele>
    <time>2026-05-19T13:35:05Z</time>
   </trkpt>
   <trkpt lat="51.0233370" lon="13.8409300">
    <ele>114.6</ele>
    <time>2026-05-19T13:35:06Z</time>
   </trkpt>
   <trkpt lat="51.0232520" lon="13.8409910">
    <ele>114.6</ele>
    <time>2026-05-19T13:35:07Z</time>
   </trkpt>
   <trkpt lat="51.0231670" lon="13.8410520">
    <ele>114.6</ele>
    <time>2026-05-19T13:35:08Z</time>
   </trkpt>
   <trkpt lat="51.0230810" lon="13.8411110">
    <ele>114.4</ele>
    <time>2026-05-19T13:35:09Z</time>
   </trkpt>
   <trkpt lat="51.0229940" lon="13.8411690">
    <ele>114.4</ele>
    <time>2026-05-19T13:35:10Z</time>
   </trkpt>
   <trkpt lat="51.0229070" lon="13.8412260">
    <ele>114.4</ele>
    <time>2026-05-19T13:35:11Z</time>
   </trkpt>
   <trkpt lat="51.0228200" lon="13.8412840">
    <ele>114.4</ele>
    <time>2026-05-19T13:35:12Z</time>
   </trkpt>
   <trkpt lat="51.0227330" lon="13.8413410">
    <ele>114.4</ele>
    <time>2026-05-19T13:35:13Z</time>
   </trkpt>
   <trkpt lat="51.0226460" lon="13.8413980">
    <ele>114.4</ele>
    <time>2026-05-19T13:35:14Z</time>
   </trkpt>
   <trkpt lat="51.0225580" lon="13.8414540">
    <ele>114.4</ele>
    <time>2026-05-19T13:35:15Z</time>
   </trkpt>
   <trkpt lat="51.0224700" lon="13.8415110">
    <ele>114.4</ele>
    <time>2026-05-19T13:35:16Z</time>
   </trkpt>
   <trkpt lat="51.0223840" lon="13.8415710">
    <ele>114.4</ele>
    <time>2026-05-19T13:35:17Z</time>
   </trkpt>
   <trkpt lat="51.0223000" lon="13.8416350">
    <ele>114.4</ele>
    <time>2026-05-19T13:35:18Z</time>
   </trkpt>
   <trkpt lat="51.0222190" lon="13.8417050">
    <ele>114.4</ele>
    <time>2026-05-19T13:35:19Z</time>
   </trkpt>
   <trkpt lat="51.0221390" lon="13.8417750">
    <ele>114.4</ele>
    <time>2026-05-19T13:35:20Z</time>
   </trkpt>
   <trkpt lat="51.0220600" lon="13.8418440">
    <ele>114.6</ele>
    <time>2026-05-19T13:35:21Z</time>
   </trkpt>
   <trkpt lat="51.0219820" lon="13.8419120">
    <ele>114.6</ele>
    <time>2026-05-19T13:35:22Z</time>
   </trkpt>
   <trkpt lat="51.0219050" lon="13.8419800">
    <ele>114.8</ele>
    <time>2026-05-19T13:35:23Z</time>
   </trkpt>
   <trkpt lat="51.0218270" lon="13.8420470">
    <ele>114.8</ele>
    <time>2026-05-19T13:35:24Z</time>
   </trkpt>
   <trkpt lat="51.0217500" lon="13.8421130">
    <ele>114.6</ele>
    <time>2026-05-19T13:35:25Z</time>
   </trkpt>
   <trkpt lat="51.0216720" lon="13.8421800">
    <ele>114.6</ele>
    <time>2026-05-19T13:35:26Z</time>
   </trkpt>
   <trkpt lat="51.0215950" lon="13.8422450">
    <ele>114.6</ele>
    <time>2026-05-19T13:35:27Z</time>
   </trkpt>
   <trkpt lat="51.0215180" lon="13.8423080">
    <ele>114.4</ele>
    <time>2026-05-19T13:35:28Z</time>
   </trkpt>
   <trkpt lat="51.0214410" lon="13.8423730">
    <ele>114.4</ele>
    <time>2026-05-19T13:35:29Z</time>
   </trkpt>
   <trkpt lat="51.0213640" lon="13.8424370">
    <ele>114.4</ele>
    <time>2026-05-19T13:35:30Z</time>
   </trkpt>
   <trkpt lat="51.0212850" lon="13.8425000">
    <ele>114.4</ele>
    <time>2026-05-19T13:35:31Z</time>
   </trkpt>
   <trkpt lat="51.0212050" lon="13.8425650">
    <ele>114.6</ele>
    <time>2026-05-19T13:35:32Z</time>
   </trkpt>
   <trkpt lat="51.0211240" lon="13.8426310">
    <ele>114.6</ele>
    <time>2026-05-19T13:35:33Z</time>
   </trkpt>
   <trkpt lat="51.0210430" lon="13.8426960">
    <ele>114.6</ele>
    <time>2026-05-19T13:35:34Z</time>
   </trkpt>
   <trkpt lat="51.0209620" lon="13.8427590">
    <ele>114.8</ele>
    <time>2026-05-19T13:35:35Z</time>
   </trkpt>
   <trkpt lat="51.0208820" lon="13.8428180">
    <ele>115.0</ele>
    <time>2026-05-19T13:35:36Z</time>
   </trkpt>
   <trkpt lat="51.0208040" lon="13.8428730">
    <ele>115.2</ele>
    <time>2026-05-19T13:35:37Z</time>
   </trkpt>
   <trkpt lat="51.0207300" lon="13.8429260">
    <ele>115.4</ele>
    <time>2026-05-19T13:35:38Z</time>
   </trkpt>
   <trkpt lat="51.0206640" lon="13.8429760">
    <ele>115.4</ele>
    <time>2026-05-19T13:35:39Z</time>
   </trkpt>
   <trkpt lat="51.0206080" lon="13.8430190">
    <ele>115.6</ele>
    <time>2026-05-19T13:35:40Z</time>
   </trkpt>
   <trkpt lat="51.0205630" lon="13.8430550">
    <ele>115.4</ele>
    <time>2026-05-19T13:35:41Z</time>
   </trkpt>
   <trkpt lat="51.0205350" lon="13.8430770">
    <ele>115.0</ele>
    <time>2026-05-19T13:35:42Z</time>
   </trkpt>
   <trkpt lat="51.0205020" lon="13.8431030">
    <ele>115.0</ele>
    <time>2026-05-19T13:35:43Z</time>
   </trkpt>
   <trkpt lat="51.0204680" lon="13.8431320">
    <ele>114.6</ele>
    <time>2026-05-19T13:35:44Z</time>
   </trkpt>
   <trkpt lat="51.0204360" lon="13.8431620">
    <ele>114.4</ele>
    <time>2026-05-19T13:35:45Z</time>
   </trkpt>
   <trkpt lat="51.0204060" lon="13.8431940">
    <ele>114.0</ele>
    <time>2026-05-19T13:35:46Z</time>
   </trkpt>
   <trkpt lat="51.0203820" lon="13.8432230">
    <ele>114.0</ele>
    <time>2026-05-19T13:35:47Z</time>
   </trkpt>
   <trkpt lat="51.0203620" lon="13.8432480">
    <ele>113.8</ele>
    <time>2026-05-19T13:35:48Z</time>
   </trkpt>
   <trkpt lat="51.0203530" lon="13.8432570">
    <ele>113.6</ele>
    <time>2026-05-19T13:35:49Z</time>
   </trkpt>
   <trkpt lat="51.0203400" lon="13.8432640">
    <ele>113.6</ele>
    <time>2026-05-19T13:35:50Z</time>
   </trkpt>
   <trkpt lat="51.0203250" lon="13.8432590">
    <ele>113.6</ele>
    <time>2026-05-19T13:35:51Z</time>
   </trkpt>
   <trkpt lat="51.0203070" lon="13.8432400">
    <ele>113.6</ele>
    <time>2026-05-19T13:35:52Z</time>
   </trkpt>
   <trkpt lat="51.0202890" lon="13.8432120">
    <ele>113.4</ele>
    <time>2026-05-19T13:35:53Z</time>
   </trkpt>
   <trkpt lat="51.0202600" lon="13.8431550">
    <ele>113.6</ele>
    <time>2026-05-19T13:35:54Z</time>
   </trkpt>
   <trkpt lat="51.0202430" lon="13.8431110">
    <ele>113.6</ele>
    <time>2026-05-19T13:35:55Z</time>
   </trkpt>
   <trkpt lat="51.0202280" lon="13.8430650">
    <ele>113.6</ele>
    <time>2026-05-19T13:35:56Z</time>
   </trkpt>
   <trkpt lat="51.0202130" lon="13.8430120">
    <ele>113.8</ele>
    <time>2026-05-19T13:35:57Z</time>
   </trkpt>
   <trkpt lat="51.0201950" lon="13.8429520">
    <ele>114.0</ele>
    <time>2026-05-19T13:35:58Z</time>
   </trkpt>
   <trkpt lat="51.0201750" lon="13.8428890">
    <ele>114.0</ele>
    <time>2026-05-19T13:35:59Z</time>
   </trkpt>
   <trkpt lat="51.0201540" lon="13.8428260">
    <ele>114.0</ele>
    <time>2026-05-19T13:36:00Z</time>
   </trkpt>
   <trkpt lat="51.0201300" lon="13.8427630">
    <ele>114.4</ele>
    <time>2026-05-19T13:36:01Z</time>
   </trkpt>
   <trkpt lat="51.0201040" lon="13.8427010">
    <ele>114.4</ele>
    <time>2026-05-19T13:36:02Z</time>
   </trkpt>
   <trkpt lat="51.0200770" lon="13.8426400">
    <ele>114.6</ele>
    <time>2026-05-19T13:36:03Z</time>
   </trkpt>
   <trkpt lat="51.0200500" lon="13.8425810">
    <ele>114.6</ele>
    <time>2026-05-19T13:36:04Z</time>
   </trkpt>
   <trkpt lat="51.0200200" lon="13.8425200">
    <ele>114.6</ele>
    <time>2026-05-19T13:36:05Z</time>
   </trkpt>
   <trkpt lat="51.0199860" lon="13.8424530">
    <ele>115.0</ele>
    <time>2026-05-19T13:36:06Z</time>
   </trkpt>
   <trkpt lat="51.0199370" lon="13.8423530">
    <ele>115.0</ele>
    <time>2026-05-19T13:36:07Z</time>
   </trkpt>
   <trkpt lat="51.0199000" lon="13.8422680">
    <ele>115.0</ele>
    <time>2026-05-19T13:36:08Z</time>
   </trkpt>
   <trkpt lat="51.0198700" lon="13.8421860">
    <ele>115.4</ele>
    <time>2026-05-19T13:36:09Z</time>
   </trkpt>
   <trkpt lat="51.0198470" lon="13.8421100">
    <ele>115.6</ele>
    <time>2026-05-19T13:36:10Z</time>
   </trkpt>
   <trkpt lat="51.0198260" lon="13.8420420">
    <ele>115.8</ele>
    <time>2026-05-19T13:36:11Z</time>
   </trkpt>
   <trkpt lat="51.0198120" lon="13.8419970">
    <ele>116.0</ele>
    <time>2026-05-19T13:36:12Z</time>
   </trkpt>
   <trkpt lat="51.0197940" lon="13.8419460">
    <ele>116.0</ele>
    <time>2026-05-19T13:36:13Z</time>
   </trkpt>
   <trkpt lat="51.0197740" lon="13.8419000">
    <ele>116.2</ele>
    <time>2026-05-19T13:36:14Z</time>
   </trkpt>
   <trkpt lat="51.0197500" lon="13.8418670">
    <ele>116.2</ele>
    <time>2026-05-19T13:36:15Z</time>
   </trkpt>
   <trkpt lat="51.0197190" lon="13.8418550">
    <ele>116.2</ele>
    <time>2026-05-19T13:36:16Z</time>
   </trkpt>
   <trkpt lat="51.0196800" lon="13.8418660">
    <ele>116.2</ele>
    <time>2026-05-19T13:36:17Z</time>
   </trkpt>
   <trkpt lat="51.0196330" lon="13.8418910">
    <ele>116.4</ele>
    <time>2026-05-19T13:36:18Z</time>
   </trkpt>
   <trkpt lat="51.0195780" lon="13.8419210">
    <ele>116.4</ele>
    <time>2026-05-19T13:36:19Z</time>
   </trkpt>
   <trkpt lat="51.0195170" lon="13.8419520">
    <ele>116.6</ele>
    <time>2026-05-19T13:36:20Z</time>
   </trkpt>
   <trkpt lat="51.0194280" lon="13.8419890">
    <ele>116.6</ele>
    <time>2026-05-19T13:36:21Z</time>
   </trkpt>
   <trkpt lat="51.0193550" lon="13.8420170">
    <ele>117.4</ele>
    <time>2026-05-19T13:36:22Z</time>
   </trkpt>
   <trkpt lat="51.0192840" lon="13.8420490">
    <ele>118.0</ele>
    <time>2026-05-19T13:36:23Z</time>
   </trkpt>
   <trkpt lat="51.0192140" lon="13.8420920">
    <ele>118.2</ele>
    <time>2026-05-19T13:36:24Z</time>
   </trkpt>
   <trkpt lat="51.0191470" lon="13.8421460">
    <ele>118.4</ele>
    <time>2026-05-19T13:36:25Z</time>
   </trkpt>
   <trkpt lat="51.0190810" lon="13.8422060">
    <ele>118.6</ele>
    <time>2026-05-19T13:36:26Z</time>
   </trkpt>
   <trkpt lat="51.0190160" lon="13.8422680">
    <ele>118.6</ele>
    <time>2026-05-19T13:36:27Z</time>
   </trkpt>
   <trkpt lat="51.0189520" lon="13.8423330">
    <ele>118.6</ele>
    <time>2026-05-19T13:36:28Z</time>
   </trkpt>
   <trkpt lat="51.0188870" lon="13.8423990">
    <ele>118.6</ele>
    <time>2026-05-19T13:36:29Z</time>
   </trkpt>
   <trkpt lat="51.0188220" lon="13.8424650">
    <ele>118.6</ele>
    <time>2026-05-19T13:36:30Z</time>
   </trkpt>
   <trkpt lat="51.0187560" lon="13.8425300">
    <ele>118.6</ele>
    <time>2026-05-19T13:36:31Z</time>
   </trkpt>
   <trkpt lat="51.0186880" lon="13.8425960">
    <ele>118.4</ele>
    <time>2026-05-19T13:36:32Z</time>
   </trkpt>
   <trkpt lat="51.0186200" lon="13.8426650">
    <ele>118.2</ele>
    <time>2026-05-19T13:36:33Z</time>
   </trkpt>
   <trkpt lat="51.0185500" lon="13.8427360">
    <ele>118.0</ele>
    <time>2026-05-19T13:36:34Z</time>
   </trkpt>
   <trkpt lat="51.0184800" lon="13.8428080">
    <ele>118.0</ele>
    <time>2026-05-19T13:36:35Z</time>
   </trkpt>
   <trkpt lat="51.0184090" lon="13.8428820">
    <ele>118.0</ele>
    <time>2026-05-19T13:36:36Z</time>
   </trkpt>
   <trkpt lat="51.0183380" lon="13.8429570">
    <ele>118.0</ele>
    <time>2026-05-19T13:36:37Z</time>
   </trkpt>
   <trkpt lat="51.0182690" lon="13.8430350">
    <ele>118.0</ele>
    <time>2026-05-19T13:36:38Z</time>
   </trkpt>
   <trkpt lat="51.0181990" lon="13.8431160">
    <ele>117.8</ele>
    <time>2026-05-19T13:36:39Z</time>
   </trkpt>
   <trkpt lat="51.0181300" lon="13.8432000">
    <ele>117.8</ele>
    <time>2026-05-19T13:36:40Z</time>
   </trkpt>
   <trkpt lat="51.0180610" lon="13.8432860">
    <ele>117.8</ele>
    <time>2026-05-19T13:36:41Z</time>
   </trkpt>
   <trkpt lat="51.0179930" lon="13.8433750">
    <ele>117.6</ele>
    <time>2026-05-19T13:36:42Z</time>
   </trkpt>
   <trkpt lat="51.0179260" lon="13.8434650">
    <ele>117.6</ele>
    <time>2026-05-19T13:36:43Z</time>
   </trkpt>
   <trkpt lat="51.0178600" lon="13.8435580">
    <ele>117.6</ele>
    <time>2026-05-19T13:36:44Z</time>
   </trkpt>
   <trkpt lat="51.0177990" lon="13.8436550">
    <ele>117.6</ele>
    <time>2026-05-19T13:36:45Z</time>
   </trkpt>
   <trkpt lat="51.0177440" lon="13.8437600">
    <ele>117.6</ele>
    <time>2026-05-19T13:36:46Z</time>
   </trkpt>
   <trkpt lat="51.0176970" lon="13.8438710">
    <ele>117.6</ele>
    <time>2026-05-19T13:36:47Z</time>
   </trkpt>
   <trkpt lat="51.0176570" lon="13.8439900">
    <ele>117.6</ele>
    <time>2026-05-19T13:36:48Z</time>
   </trkpt>
   <trkpt lat="51.0176240" lon="13.8441140">
    <ele>117.8</ele>
    <time>2026-05-19T13:36:49Z</time>
   </trkpt>
   <trkpt lat="51.0175980" lon="13.8442390">
    <ele>118.0</ele>
    <time>2026-05-19T13:36:50Z</time>
   </trkpt>
   <trkpt lat="51.0175770" lon="13.8443660">
    <ele>118.0</ele>
    <time>2026-05-19T13:36:51Z</time>
   </trkpt>
   <trkpt lat="51.0175600" lon="13.8444950">
    <ele>118.0</ele>
    <time>2026-05-19T13:36:52Z</time>
   </trkpt>
   <trkpt lat="51.0175470" lon="13.8446260">
    <ele>118.0</ele>
    <time>2026-05-19T13:36:53Z</time>
   </trkpt>
   <trkpt lat="51.0175360" lon="13.8447590">
    <ele>118.0</ele>
    <time>2026-05-19T13:36:54Z</time>
   </trkpt>
   <trkpt lat="51.0175280" lon="13.8448940">
    <ele>117.8</ele>
    <time>2026-05-19T13:36:55Z</time>
   </trkpt>
   <trkpt lat="51.0175240" lon="13.8450290">
    <ele>117.8</ele>
    <time>2026-05-19T13:36:56Z</time>
   </trkpt>
   <trkpt lat="51.0175240" lon="13.8451640">
    <ele>117.6</ele>
    <time>2026-05-19T13:36:57Z</time>
   </trkpt>
   <trkpt lat="51.0175260" lon="13.8452950">
    <ele>117.6</ele>
    <time>2026-05-19T13:36:58Z</time>
   </trkpt>
   <trkpt lat="51.0175300" lon="13.8454260">
    <ele>117.6</ele>
    <time>2026-05-19T13:36:59Z</time>
   </trkpt>
   <trkpt lat="51.0175340" lon="13.8455570">
    <ele>117.6</ele>
    <time>2026-05-19T13:37:00Z</time>
   </trkpt>
   <trkpt lat="51.0175360" lon="13.8456860">
    <ele>117.6</ele>
    <time>2026-05-19T13:37:01Z</time>
   </trkpt>
   <trkpt lat="51.0175380" lon="13.8458140">
    <ele>117.6</ele>
    <time>2026-05-19T13:37:02Z</time>
   </trkpt>
   <trkpt lat="51.0175400" lon="13.8459410">
    <ele>117.4</ele>
    <time>2026-05-19T13:37:03Z</time>
   </trkpt>
   <trkpt lat="51.0175370" lon="13.8460650">
    <ele>117.4</ele>
    <time>2026-05-19T13:37:04Z</time>
   </trkpt>
   <trkpt lat="51.0175220" lon="13.8461850">
    <ele>117.2</ele>
    <time>2026-05-19T13:37:05Z</time>
   </trkpt>
   <trkpt lat="51.0174940" lon="13.8462970">
    <ele>117.0</ele>
    <time>2026-05-19T13:37:06Z</time>
   </trkpt>
   <trkpt lat="51.0174540" lon="13.8464010">
    <ele>117.0</ele>
    <time>2026-05-19T13:37:07Z</time>
   </trkpt>
   <trkpt lat="51.0174060" lon="13.8465040">
    <ele>116.6</ele>
    <time>2026-05-19T13:37:08Z</time>
   </trkpt>
   <trkpt lat="51.0173540" lon="13.8466070">
    <ele>116.6</ele>
    <time>2026-05-19T13:37:09Z</time>
   </trkpt>
   <trkpt lat="51.0172990" lon="13.8467110">
    <ele>116.4</ele>
    <time>2026-05-19T13:37:10Z</time>
   </trkpt>
   <trkpt lat="51.0172420" lon="13.8468150">
    <ele>116.4</ele>
    <time>2026-05-19T13:37:11Z</time>
   </trkpt>
   <trkpt lat="51.0171830" lon="13.8469160">
    <ele>116.0</ele>
    <time>2026-05-19T13:37:12Z</time>
   </trkpt>
   <trkpt lat="51.0171250" lon="13.8470160">
    <ele>116.0</ele>
    <time>2026-05-19T13:37:13Z</time>
   </trkpt>
   <trkpt lat="51.0170660" lon="13.8471120">
    <ele>115.6</ele>
    <time>2026-05-19T13:37:14Z</time>
   </trkpt>
   <trkpt lat="51.0170060" lon="13.8472050">
    <ele>115.0</ele>
    <time>2026-05-19T13:37:15Z</time>
   </trkpt>
   <trkpt lat="51.0169440" lon="13.8472940">
    <ele>114.8</ele>
    <time>2026-05-19T13:37:16Z</time>
   </trkpt>
   <trkpt lat="51.0168830" lon="13.8473790">
    <ele>114.6</ele>
    <time>2026-05-19T13:37:17Z</time>
   </trkpt>
   <trkpt lat="51.0168230" lon="13.8474610">
    <ele>114.4</ele>
    <time>2026-05-19T13:37:18Z</time>
   </trkpt>
   <trkpt lat="51.0167630" lon="13.8475410">
    <ele>114.0</ele>
    <time>2026-05-19T13:37:19Z</time>
   </trkpt>
   <trkpt lat="51.0167050" lon="13.8476200">
    <ele>114.0</ele>
    <time>2026-05-19T13:37:20Z</time>
   </trkpt>
   <trkpt lat="51.0166480" lon="13.8476960">
    <ele>113.6</ele>
    <time>2026-05-19T13:37:21Z</time>
   </trkpt>
   <trkpt lat="51.0165930" lon="13.8477720">
    <ele>113.6</ele>
    <time>2026-05-19T13:37:22Z</time>
   </trkpt>
   <trkpt lat="51.0165390" lon="13.8478480">
    <ele>113.6</ele>
    <time>2026-05-19T13:37:23Z</time>
   </trkpt>
   <trkpt lat="51.0164860" lon="13.8479220">
    <ele>113.4</ele>
    <time>2026-05-19T13:37:24Z</time>
   </trkpt>
   <trkpt lat="51.0164340" lon="13.8479960">
    <ele>113.4</ele>
    <time>2026-05-19T13:37:25Z</time>
   </trkpt>
   <trkpt lat="51.0163840" lon="13.8480680">
    <ele>113.4</ele>
    <time>2026-05-19T13:37:26Z</time>
   </trkpt>
   <trkpt lat="51.0163350" lon="13.8481380">
    <ele>113.4</ele>
    <time>2026-05-19T13:37:27Z</time>
   </trkpt>
   <trkpt lat="51.0162860" lon="13.8482080">
    <ele>113.4</ele>
    <time>2026-05-19T13:37:28Z</time>
   </trkpt>
   <trkpt lat="51.0162370" lon="13.8482760">
    <ele>113.4</ele>
    <time>2026-05-19T13:37:29Z</time>
   </trkpt>
   <trkpt lat="51.0161850" lon="13.8483380">
    <ele>113.6</ele>
    <time>2026-05-19T13:37:30Z</time>
   </trkpt>
   <trkpt lat="51.0161290" lon="13.8483890">
    <ele>113.6</ele>
    <time>2026-05-19T13:37:31Z</time>
   </trkpt>
   <trkpt lat="51.0160710" lon="13.8484310">
    <ele>113.6</ele>
    <time>2026-05-19T13:37:32Z</time>
   </trkpt>
   <trkpt lat="51.0160140" lon="13.8484770">
    <ele>114.0</ele>
    <time>2026-05-19T13:37:33Z</time>
   </trkpt>
   <trkpt lat="51.0159600" lon="13.8485340">
    <ele>114.4</ele>
    <time>2026-05-19T13:37:34Z</time>
   </trkpt>
   <trkpt lat="51.0159080" lon="13.8486050">
    <ele>114.4</ele>
    <time>2026-05-19T13:37:35Z</time>
   </trkpt>
   <trkpt lat="51.0158580" lon="13.8486880">
    <ele>114.6</ele>
    <time>2026-05-19T13:37:36Z</time>
   </trkpt>
   <trkpt lat="51.0158100" lon="13.8487760">
    <ele>115.0</ele>
    <time>2026-05-19T13:37:37Z</time>
   </trkpt>
   <trkpt lat="51.0157630" lon="13.8488630">
    <ele>115.0</ele>
    <time>2026-05-19T13:37:38Z</time>
   </trkpt>
   <trkpt lat="51.0157170" lon="13.8489480">
    <ele>115.0</ele>
    <time>2026-05-19T13:37:39Z</time>
   </trkpt>
   <trkpt lat="51.0156720" lon="13.8490290">
    <ele>115.2</ele>
    <time>2026-05-19T13:37:40Z</time>
   </trkpt>
   <trkpt lat="51.0156270" lon="13.8491070">
    <ele>115.2</ele>
    <time>2026-05-19T13:37:41Z</time>
   </trkpt>
   <trkpt lat="51.0155830" lon="13.8491820">
    <ele>115.2</ele>
    <time>2026-05-19T13:37:42Z</time>
   </trkpt>
   <trkpt lat="51.0155400" lon="13.8492550">
    <ele>115.2</ele>
    <time>2026-05-19T13:37:43Z</time>
   </trkpt>
   <trkpt lat="51.0154980" lon="13.8493260">
    <ele>115.0</ele>
    <time>2026-05-19T13:37:44Z</time>
   </trkpt>
   <trkpt lat="51.0154570" lon="13.8493940">
    <ele>115.0</ele>
    <time>2026-05-19T13:37:45Z</time>
   </trkpt>
   <trkpt lat="51.0154170" lon="13.8494610">
    <ele>115.0</ele>
    <time>2026-05-19T13:37:46Z</time>
   </trkpt>
   <trkpt lat="51.0153780" lon="13.8495270">
    <ele>115.0</ele>
    <time>2026-05-19T13:37:47Z</time>
   </trkpt>
   <trkpt lat="51.0153400" lon="13.8495940">
    <ele>115.0</ele>
    <time>2026-05-19T13:37:48Z</time>
   </trkpt>
   <trkpt lat="51.0153000" lon="13.8496640">
    <ele>114.8</ele>
    <time>2026-05-19T13:37:49Z</time>
   </trkpt>
   <trkpt lat="51.0152580" lon="13.8497380">
    <ele>114.8</ele>
    <time>2026-05-19T13:37:50Z</time>
   </trkpt>
   <trkpt lat="51.0152130" lon="13.8498140">
    <ele>114.6</ele>
    <time>2026-05-19T13:37:51Z</time>
   </trkpt>
   <trkpt lat="51.0151650" lon="13.8498900">
    <ele>114.6</ele>
    <time>2026-05-19T13:37:52Z</time>
   </trkpt>
   <trkpt lat="51.0151150" lon="13.8499690">
    <ele>114.6</ele>
    <time>2026-05-19T13:37:53Z</time>
   </trkpt>
   <trkpt lat="51.0150620" lon="13.8500510">
    <ele>114.8</ele>
    <time>2026-05-19T13:37:54Z</time>
   </trkpt>
   <trkpt lat="51.0150070" lon="13.8501370">
    <ele>114.8</ele>
    <time>2026-05-19T13:37:55Z</time>
   </trkpt>
   <trkpt lat="51.0149490" lon="13.8502280">
    <ele>115.0</ele>
    <time>2026-05-19T13:37:56Z</time>
   </trkpt>
   <trkpt lat="51.0148900" lon="13.8503220">
    <ele>115.0</ele>
    <time>2026-05-19T13:37:57Z</time>
   </trkpt>
   <trkpt lat="51.0148290" lon="13.8504160">
    <ele>115.0</ele>
    <time>2026-05-19T13:37:58Z</time>
   </trkpt>
   <trkpt lat="51.0147670" lon="13.8505120">
    <ele>115.2</ele>
    <time>2026-05-19T13:37:59Z</time>
   </trkpt>
   <trkpt lat="51.0147050" lon="13.8506090">
    <ele>115.2</ele>
    <time>2026-05-19T13:38:00Z</time>
   </trkpt>
   <trkpt lat="51.0146420" lon="13.8507050">
    <ele>115.2</ele>
    <time>2026-05-19T13:38:01Z</time>
   </trkpt>
   <trkpt lat="51.0145790" lon="13.8508030">
    <ele>114.6</ele>
    <time>2026-05-19T13:38:02Z</time>
   </trkpt>
   <trkpt lat="51.0145160" lon="13.8509010">
    <ele>114.4</ele>
    <time>2026-05-19T13:38:03Z</time>
   </trkpt>
   <trkpt lat="51.0144520" lon="13.8509990">
    <ele>114.2</ele>
    <time>2026-05-19T13:38:04Z</time>
   </trkpt>
   <trkpt lat="51.0143870" lon="13.8510970">
    <ele>114.0</ele>
    <time>2026-05-19T13:38:05Z</time>
   </trkpt>
   <trkpt lat="51.0143220" lon="13.8511970">
    <ele>113.8</ele>
    <time>2026-05-19T13:38:06Z</time>
   </trkpt>
   <trkpt lat="51.0142570" lon="13.8512970">
    <ele>113.6</ele>
    <time>2026-05-19T13:38:07Z</time>
   </trkpt>
   <trkpt lat="51.0141920" lon="13.8513950">
    <ele>113.6</ele>
    <time>2026-05-19T13:38:08Z</time>
   </trkpt>
   <trkpt lat="51.0141270" lon="13.8514920">
    <ele>113.6</ele>
    <time>2026-05-19T13:38:09Z</time>
   </trkpt>
   <trkpt lat="51.0140590" lon="13.8515880">
    <ele>113.6</ele>
    <time>2026-05-19T13:38:10Z</time>
   </trkpt>
   <trkpt lat="51.0139900" lon="13.8516800">
    <ele>113.6</ele>
    <time>2026-05-19T13:38:11Z</time>
   </trkpt>
   <trkpt lat="51.0139200" lon="13.8517680">
    <ele>113.8</ele>
    <time>2026-05-19T13:38:12Z</time>
   </trkpt>
   <trkpt lat="51.0138490" lon="13.8518550">
    <ele>114.0</ele>
    <time>2026-05-19T13:38:13Z</time>
   </trkpt>
   <trkpt lat="51.0137800" lon="13.8519430">
    <ele>114.2</ele>
    <time>2026-05-19T13:38:14Z</time>
   </trkpt>
   <trkpt lat="51.0137110" lon="13.8520320">
    <ele>114.4</ele>
    <time>2026-05-19T13:38:15Z</time>
   </trkpt>
   <trkpt lat="51.0136430" lon="13.8521210">
    <ele>114.4</ele>
    <time>2026-05-19T13:38:16Z</time>
   </trkpt>
   <trkpt lat="51.0135760" lon="13.8522130">
    <ele>114.6</ele>
    <time>2026-05-19T13:38:17Z</time>
   </trkpt>
   <trkpt lat="51.0135100" lon="13.8523100">
    <ele>114.6</ele>
    <time>2026-05-19T13:38:18Z</time>
   </trkpt>
   <trkpt lat="51.0134430" lon="13.8524090">
    <ele>114.6</ele>
    <time>2026-05-19T13:38:19Z</time>
   </trkpt>
   <trkpt lat="51.0133750" lon="13.8525080">
    <ele>115.0</ele>
    <time>2026-05-19T13:38:20Z</time>
   </trkpt>
   <trkpt lat="51.0133070" lon="13.8526080">
    <ele>115.0</ele>
    <time>2026-05-19T13:38:21Z</time>
   </trkpt>
   <trkpt lat="51.0132380" lon="13.8527080">
    <ele>115.0</ele>
    <time>2026-05-19T13:38:22Z</time>
   </trkpt>
   <trkpt lat="51.0131700" lon="13.8528100">
    <ele>115.2</ele>
    <time>2026-05-19T13:38:23Z</time>
   </trkpt>
   <trkpt lat="51.0131030" lon="13.8529130">
    <ele>115.2</ele>
    <time>2026-05-19T13:38:24Z</time>
   </trkpt>
   <trkpt lat="51.0130360" lon="13.8530160">
    <ele>115.0</ele>
    <time>2026-05-19T13:38:25Z</time>
   </trkpt>
   <trkpt lat="51.0129690" lon="13.8531200">
    <ele>115.0</ele>
    <time>2026-05-19T13:38:26Z</time>
   </trkpt>
   <trkpt lat="51.0129010" lon="13.8532230">
    <ele>115.0</ele>
    <time>2026-05-19T13:38:27Z</time>
   </trkpt>
   <trkpt lat="51.0128330" lon="13.8533250">
    <ele>114.8</ele>
    <time>2026-05-19T13:38:28Z</time>
   </trkpt>
   <trkpt lat="51.0127640" lon="13.8534260">
    <ele>114.6</ele>
    <time>2026-05-19T13:38:29Z</time>
   </trkpt>
   <trkpt lat="51.0126960" lon="13.8535270">
    <ele>114.6</ele>
    <time>2026-05-19T13:38:30Z</time>
   </trkpt>
   <trkpt lat="51.0126290" lon="13.8536280">
    <ele>114.6</ele>
    <time>2026-05-19T13:38:31Z</time>
   </trkpt>
   <trkpt lat="51.0125610" lon="13.8537300">
    <ele>114.6</ele>
    <time>2026-05-19T13:38:32Z</time>
   </trkpt>
   <trkpt lat="51.0124940" lon="13.8538340">
    <ele>114.6</ele>
    <time>2026-05-19T13:38:33Z</time>
   </trkpt>
   <trkpt lat="51.0124290" lon="13.8539400">
    <ele>114.6</ele>
    <time>2026-05-19T13:38:34Z</time>
   </trkpt>
   <trkpt lat="51.0123630" lon="13.8540490">
    <ele>114.6</ele>
    <time>2026-05-19T13:38:35Z</time>
   </trkpt>
   <trkpt lat="51.0122980" lon="13.8541590">
    <ele>114.8</ele>
    <time>2026-05-19T13:38:36Z</time>
   </trkpt>
   <trkpt lat="51.0122330" lon="13.8542700">
    <ele>115.0</ele>
    <time>2026-05-19T13:38:37Z</time>
   </trkpt>
   <trkpt lat="51.0121700" lon="13.8543830">
    <ele>115.0</ele>
    <time>2026-05-19T13:38:38Z</time>
   </trkpt>
   <trkpt lat="51.0121080" lon="13.8544970">
    <ele>114.8</ele>
    <time>2026-05-19T13:38:39Z</time>
   </trkpt>
   <trkpt lat="51.0120460" lon="13.8546120">
    <ele>114.6</ele>
    <time>2026-05-19T13:38:40Z</time>
   </trkpt>
   <trkpt lat="51.0119840" lon="13.8547260">
    <ele>114.6</ele>
    <time>2026-05-19T13:38:41Z</time>
   </trkpt>
   <trkpt lat="51.0119220" lon="13.8548400">
    <ele>114.4</ele>
    <time>2026-05-19T13:38:42Z</time>
   </trkpt>
   <trkpt lat="51.0118610" lon="13.8549540">
    <ele>114.4</ele>
    <time>2026-05-19T13:38:43Z</time>
   </trkpt>
   <trkpt lat="51.0118010" lon="13.8550670">
    <ele>114.2</ele>
    <time>2026-05-19T13:38:44Z</time>
   </trkpt>
   <trkpt lat="51.0117400" lon="13.8551790">
    <ele>114.0</ele>
    <time>2026-05-19T13:38:45Z</time>
   </trkpt>
   <trkpt lat="51.0116780" lon="13.8552900">
    <ele>114.0</ele>
    <time>2026-05-19T13:38:46Z</time>
   </trkpt>
   <trkpt lat="51.0116160" lon="13.8554000">
    <ele>114.0</ele>
    <time>2026-05-19T13:38:47Z</time>
   </trkpt>
   <trkpt lat="51.0115550" lon="13.8555120">
    <ele>114.0</ele>
    <time>2026-05-19T13:38:48Z</time>
   </trkpt>
   <trkpt lat="51.0114940" lon="13.8556250">
    <ele>114.0</ele>
    <time>2026-05-19T13:38:49Z</time>
   </trkpt>
   <trkpt lat="51.0114320" lon="13.8557370">
    <ele>114.0</ele>
    <time>2026-05-19T13:38:50Z</time>
   </trkpt>
   <trkpt lat="51.0113700" lon="13.8558480">
    <ele>114.0</ele>
    <time>2026-05-19T13:38:51Z</time>
   </trkpt>
   <trkpt lat="51.0113060" lon="13.8559600">
    <ele>114.0</ele>
    <time>2026-05-19T13:38:52Z</time>
   </trkpt>
   <trkpt lat="51.0112430" lon="13.8560730">
    <ele>114.0</ele>
    <time>2026-05-19T13:38:53Z</time>
   </trkpt>
   <trkpt lat="51.0111790" lon="13.8561860">
    <ele>114.2</ele>
    <time>2026-05-19T13:38:54Z</time>
   </trkpt>
   <trkpt lat="51.0111150" lon="13.8562980">
    <ele>114.0</ele>
    <time>2026-05-19T13:38:55Z</time>
   </trkpt>
   <trkpt lat="51.0110500" lon="13.8564080">
    <ele>114.0</ele>
    <time>2026-05-19T13:38:56Z</time>
   </trkpt>
   <trkpt lat="51.0109820" lon="13.8565160">
    <ele>114.0</ele>
    <time>2026-05-19T13:38:57Z</time>
   </trkpt>
   <trkpt lat="51.0109150" lon="13.8566240">
    <ele>114.0</ele>
    <time>2026-05-19T13:38:58Z</time>
   </trkpt>
   <trkpt lat="51.0108480" lon="13.8567310">
    <ele>114.0</ele>
    <time>2026-05-19T13:38:59Z</time>
   </trkpt>
   <trkpt lat="51.0107810" lon="13.8568400">
    <ele>114.0</ele>
    <time>2026-05-19T13:39:00Z</time>
   </trkpt>
   <trkpt lat="51.0107160" lon="13.8569500">
    <ele>114.0</ele>
    <time>2026-05-19T13:39:01Z</time>
   </trkpt>
   <trkpt lat="51.0106530" lon="13.8570620">
    <ele>114.0</ele>
    <time>2026-05-19T13:39:02Z</time>
   </trkpt>
   <trkpt lat="51.0105910" lon="13.8571760">
    <ele>114.0</ele>
    <time>2026-05-19T13:39:03Z</time>
   </trkpt>
   <trkpt lat="51.0105290" lon="13.8572890">
    <ele>114.0</ele>
    <time>2026-05-19T13:39:04Z</time>
   </trkpt>
   <trkpt lat="51.0104660" lon="13.8574020">
    <ele>114.0</ele>
    <time>2026-05-19T13:39:05Z</time>
   </trkpt>
   <trkpt lat="51.0104020" lon="13.8575160">
    <ele>114.2</ele>
    <time>2026-05-19T13:39:06Z</time>
   </trkpt>
   <trkpt lat="51.0103390" lon="13.8576320">
    <ele>114.4</ele>
    <time>2026-05-19T13:39:07Z</time>
   </trkpt>
   <trkpt lat="51.0102780" lon="13.8577530">
    <ele>114.6</ele>
    <time>2026-05-19T13:39:08Z</time>
   </trkpt>
   <trkpt lat="51.0102180" lon="13.8578790">
    <ele>114.6</ele>
    <time>2026-05-19T13:39:09Z</time>
   </trkpt>
   <trkpt lat="51.0101600" lon="13.8580080">
    <ele>114.6</ele>
    <time>2026-05-19T13:39:10Z</time>
   </trkpt>
   <trkpt lat="51.0101030" lon="13.8581430">
    <ele>114.6</ele>
    <time>2026-05-19T13:39:11Z</time>
   </trkpt>
   <trkpt lat="51.0100470" lon="13.8582800">
    <ele>114.6</ele>
    <time>2026-05-19T13:39:12Z</time>
   </trkpt>
   <trkpt lat="51.0099910" lon="13.8584210">
    <ele>114.6</ele>
    <time>2026-05-19T13:39:13Z</time>
   </trkpt>
   <trkpt lat="51.0099370" lon="13.8585630">
    <ele>114.4</ele>
    <time>2026-05-19T13:39:14Z</time>
   </trkpt>
   <trkpt lat="51.0098810" lon="13.8587040">
    <ele>114.0</ele>
    <time>2026-05-19T13:39:15Z</time>
   </trkpt>
   <trkpt lat="51.0098240" lon="13.8588410">
    <ele>114.0</ele>
    <time>2026-05-19T13:39:16Z</time>
   </trkpt>
   <trkpt lat="51.0097640" lon="13.8589750">
    <ele>113.6</ele>
    <time>2026-05-19T13:39:17Z</time>
   </trkpt>
   <trkpt lat="51.0097020" lon="13.8591050">
    <ele>113.6</ele>
    <time>2026-05-19T13:39:18Z</time>
   </trkpt>
   <trkpt lat="51.0096350" lon="13.8592310">
    <ele>113.6</ele>
    <time>2026-05-19T13:39:19Z</time>
   </trkpt>
   <trkpt lat="51.0095670" lon="13.8593560">
    <ele>113.4</ele>
    <time>2026-05-19T13:39:20Z</time>
   </trkpt>
   <trkpt lat="51.0095000" lon="13.8594810">
    <ele>113.4</ele>
    <time>2026-05-19T13:39:21Z</time>
   </trkpt>
   <trkpt lat="51.0094360" lon="13.8596080">
    <ele>113.4</ele>
    <time>2026-05-19T13:39:22Z</time>
   </trkpt>
   <trkpt lat="51.0093760" lon="13.8597390">
    <ele>113.4</ele>
    <time>2026-05-19T13:39:23Z</time>
   </trkpt>
   <trkpt lat="51.0093210" lon="13.8598740">
    <ele>113.4</ele>
    <time>2026-05-19T13:39:24Z</time>
   </trkpt>
   <trkpt lat="51.0092720" lon="13.8600110">
    <ele>113.4</ele>
    <time>2026-05-19T13:39:25Z</time>
   </trkpt>
   <trkpt lat="51.0092310" lon="13.8601490">
    <ele>113.6</ele>
    <time>2026-05-19T13:39:26Z</time>
   </trkpt>
   <trkpt lat="51.0091970" lon="13.8602870">
    <ele>114.0</ele>
    <time>2026-05-19T13:39:27Z</time>
   </trkpt>
   <trkpt lat="51.0091700" lon="13.8604240">
    <ele>114.0</ele>
    <time>2026-05-19T13:39:28Z</time>
   </trkpt>
   <trkpt lat="51.0091470" lon="13.8605570">
    <ele>114.4</ele>
    <time>2026-05-19T13:39:29Z</time>
   </trkpt>
   <trkpt lat="51.0091290" lon="13.8606850">
    <ele>114.4</ele>
    <time>2026-05-19T13:39:30Z</time>
   </trkpt>
   <trkpt lat="51.0091120" lon="13.8608100">
    <ele>114.4</ele>
    <time>2026-05-19T13:39:31Z</time>
   </trkpt>
   <trkpt lat="51.0090880" lon="13.8609340">
    <ele>114.4</ele>
    <time>2026-05-19T13:39:32Z</time>
   </trkpt>
   <trkpt lat="51.0090570" lon="13.8610570">
    <ele>114.4</ele>
    <time>2026-05-19T13:39:33Z</time>
   </trkpt>
   <trkpt lat="51.0090210" lon="13.8611810">
    <ele>114.4</ele>
    <time>2026-05-19T13:39:34Z</time>
   </trkpt>
   <trkpt lat="51.0089820" lon="13.8613070">
    <ele>114.4</ele>
    <time>2026-05-19T13:39:35Z</time>
   </trkpt>
   <trkpt lat="51.0089430" lon="13.8614380">
    <ele>114.4</ele>
    <time>2026-05-19T13:39:36Z</time>
   </trkpt>
   <trkpt lat="51.0089030" lon="13.8615740">
    <ele>114.4</ele>
    <time>2026-05-19T13:39:37Z</time>
   </trkpt>
   <trkpt lat="51.0088620" lon="13.8617140">
    <ele>114.4</ele>
    <time>2026-05-19T13:39:38Z</time>
   </trkpt>
   <trkpt lat="51.0088200" lon="13.8618570">
    <ele>114.4</ele>
    <time>2026-05-19T13:39:39Z</time>
   </trkpt>
   <trkpt lat="51.0087760" lon="13.8620010">
    <ele>114.4</ele>
    <time>2026-05-19T13:39:40Z</time>
   </trkpt>
   <trkpt lat="51.0087320" lon="13.8621440">
    <ele>114.0</ele>
    <time>2026-05-19T13:39:41Z</time>
   </trkpt>
   <trkpt lat="51.0086870" lon="13.8622860">
    <ele>114.0</ele>
    <time>2026-05-19T13:39:42Z</time>
   </trkpt>
   <trkpt lat="51.0086410" lon="13.8624280">
    <ele>113.8</ele>
    <time>2026-05-19T13:39:43Z</time>
   </trkpt>
   <trkpt lat="51.0085930" lon="13.8625670">
    <ele>113.6</ele>
    <time>2026-05-19T13:39:44Z</time>
   </trkpt>
   <trkpt lat="51.0085420" lon="13.8627050">
    <ele>113.6</ele>
    <time>2026-05-19T13:39:45Z</time>
   </trkpt>
   <trkpt lat="51.0084900" lon="13.8628400">
    <ele>113.6</ele>
    <time>2026-05-19T13:39:46Z</time>
   </trkpt>
   <trkpt lat="51.0084360" lon="13.8629730">
    <ele>113.4</ele>
    <time>2026-05-19T13:39:47Z</time>
   </trkpt>
   <trkpt lat="51.0083790" lon="13.8631030">
    <ele>113.4</ele>
    <time>2026-05-19T13:39:48Z</time>
   </trkpt>
   <trkpt lat="51.0083180" lon="13.8632300">
    <ele>113.2</ele>
    <time>2026-05-19T13:39:49Z</time>
   </trkpt>
   <trkpt lat="51.0082550" lon="13.8633550">
    <ele>113.2</ele>
    <time>2026-05-19T13:39:50Z</time>
   </trkpt>
   <trkpt lat="51.0081910" lon="13.8634820">
    <ele>113.0</ele>
    <time>2026-05-19T13:39:51Z</time>
   </trkpt>
   <trkpt lat="51.0081270" lon="13.8636090">
    <ele>113.0</ele>
    <time>2026-05-19T13:39:52Z</time>
   </trkpt>
   <trkpt lat="51.0080630" lon="13.8637350">
    <ele>113.0</ele>
    <time>2026-05-19T13:39:53Z</time>
   </trkpt>
   <trkpt lat="51.0079980" lon="13.8638590">
    <ele>112.6</ele>
    <time>2026-05-19T13:39:54Z</time>
   </trkpt>
   <trkpt lat="51.0079310" lon="13.8639800">
    <ele>112.6</ele>
    <time>2026-05-19T13:39:55Z</time>
   </trkpt>
   <trkpt lat="51.0078650" lon="13.8641010">
    <ele>112.6</ele>
    <time>2026-05-19T13:39:56Z</time>
   </trkpt>
   <trkpt lat="51.0078000" lon="13.8642220">
    <ele>112.6</ele>
    <time>2026-05-19T13:39:57Z</time>
   </trkpt>
   <trkpt lat="51.0077360" lon="13.8643430">
    <ele>112.6</ele>
    <time>2026-05-19T13:39:58Z</time>
   </trkpt>
   <trkpt lat="51.0076720" lon="13.8644650">
    <ele>112.6</ele>
    <time>2026-05-19T13:39:59Z</time>
   </trkpt>
   <trkpt lat="51.0076070" lon="13.8645850">
    <ele>112.6</ele>
    <time>2026-05-19T13:40:00Z</time>
   </trkpt>
   <trkpt lat="51.0075400" lon="13.8647050">
    <ele>112.6</ele>
    <time>2026-05-19T13:40:01Z</time>
   </trkpt>
   <trkpt lat="51.0074770" lon="13.8648280">
    <ele>112.6</ele>
    <time>2026-05-19T13:40:02Z</time>
   </trkpt>
   <trkpt lat="51.0074210" lon="13.8649580">
    <ele>112.6</ele>
    <time>2026-05-19T13:40:03Z</time>
   </trkpt>
   <trkpt lat="51.0073720" lon="13.8650970">
    <ele>112.8</ele>
    <time>2026-05-19T13:40:04Z</time>
   </trkpt>
   <trkpt lat="51.0073210" lon="13.8652380">
    <ele>112.8</ele>
    <time>2026-05-19T13:40:05Z</time>
   </trkpt>
   <trkpt lat="51.0072610" lon="13.8653720">
    <ele>113.0</ele>
    <time>2026-05-19T13:40:06Z</time>
   </trkpt>
   <trkpt lat="51.0071930" lon="13.8654980">
    <ele>113.0</ele>
    <time>2026-05-19T13:40:07Z</time>
   </trkpt>
   <trkpt lat="51.0071190" lon="13.8656170">
    <ele>112.8</ele>
    <time>2026-05-19T13:40:08Z</time>
   </trkpt>
   <trkpt lat="51.0070440" lon="13.8657320">
    <ele>112.6</ele>
    <time>2026-05-19T13:40:09Z</time>
   </trkpt>
   <trkpt lat="51.0069670" lon="13.8658420">
    <ele>112.6</ele>
    <time>2026-05-19T13:40:10Z</time>
   </trkpt>
   <trkpt lat="51.0068840" lon="13.8659390">
    <ele>112.4</ele>
    <time>2026-05-19T13:40:11Z</time>
   </trkpt>
   <trkpt lat="51.0067970" lon="13.8660250">
    <ele>112.4</ele>
    <time>2026-05-19T13:40:12Z</time>
   </trkpt>
   <trkpt lat="51.0067090" lon="13.8661100">
    <ele>112.2</ele>
    <time>2026-05-19T13:40:13Z</time>
   </trkpt>
   <trkpt lat="51.0066230" lon="13.8662020">
    <ele>112.2</ele>
    <time>2026-05-19T13:40:14Z</time>
   </trkpt>
   <trkpt lat="51.0065390" lon="13.8663000">
    <ele>112.2</ele>
    <time>2026-05-19T13:40:15Z</time>
   </trkpt>
   <trkpt lat="51.0064580" lon="13.8664030">
    <ele>112.0</ele>
    <time>2026-05-19T13:40:16Z</time>
   </trkpt>
   <trkpt lat="51.0063790" lon="13.8665100">
    <ele>112.2</ele>
    <time>2026-05-19T13:40:17Z</time>
   </trkpt>
   <trkpt lat="51.0063000" lon="13.8666150">
    <ele>112.2</ele>
    <time>2026-05-19T13:40:18Z</time>
   </trkpt>
   <trkpt lat="51.0062180" lon="13.8667130">
    <ele>112.4</ele>
    <time>2026-05-19T13:40:19Z</time>
   </trkpt>
   <trkpt lat="51.0061340" lon="13.8668050">
    <ele>112.4</ele>
    <time>2026-05-19T13:40:20Z</time>
   </trkpt>
   <trkpt lat="51.0060480" lon="13.8668920">
    <ele>112.2</ele>
    <time>2026-05-19T13:40:21Z</time>
   </trkpt>
   <trkpt lat="51.0059620" lon="13.8669780">
    <ele>112.4</ele>
    <time>2026-05-19T13:40:22Z</time>
   </trkpt>
   <trkpt lat="51.0058760" lon="13.8670630">
    <ele>112.4</ele>
    <time>2026-05-19T13:40:23Z</time>
   </trkpt>
   <trkpt lat="51.0057900" lon="13.8671480">
    <ele>112.4</ele>
    <time>2026-05-19T13:40:24Z</time>
   </trkpt>
   <trkpt lat="51.0057040" lon="13.8672330">
    <ele>112.4</ele>
    <time>2026-05-19T13:40:25Z</time>
   </trkpt>
   <trkpt lat="51.0056200" lon="13.8673190">
    <ele>112.6</ele>
    <time>2026-05-19T13:40:26Z</time>
   </trkpt>
   <trkpt lat="51.0055370" lon="13.8674060">
    <ele>112.6</ele>
    <time>2026-05-19T13:40:27Z</time>
   </trkpt>
   <trkpt lat="51.0054520" lon="13.8674880">
    <ele>112.6</ele>
    <time>2026-05-19T13:40:28Z</time>
   </trkpt>
   <trkpt lat="51.0053640" lon="13.8675560">
    <ele>113.0</ele>
    <time>2026-05-19T13:40:29Z</time>
   </trkpt>
   <trkpt lat="51.0052730" lon="13.8676090">
    <ele>113.0</ele>
    <time>2026-05-19T13:40:30Z</time>
   </trkpt>
   <trkpt lat="51.0051800" lon="13.8676510">
    <ele>113.2</ele>
    <time>2026-05-19T13:40:31Z</time>
   </trkpt>
   <trkpt lat="51.0050860" lon="13.8676830">
    <ele>113.4</ele>
    <time>2026-05-19T13:40:32Z</time>
   </trkpt>
   <trkpt lat="51.0049930" lon="13.8677070">
    <ele>113.6</ele>
    <time>2026-05-19T13:40:33Z</time>
   </trkpt>
   <trkpt lat="51.0048980" lon="13.8677270">
    <ele>114.0</ele>
    <time>2026-05-19T13:40:34Z</time>
   </trkpt>
   <trkpt lat="51.0048010" lon="13.8677480">
    <ele>114.0</ele>
    <time>2026-05-19T13:40:35Z</time>
   </trkpt>
   <trkpt lat="51.0047020" lon="13.8677740">
    <ele>114.2</ele>
    <time>2026-05-19T13:40:36Z</time>
   </trkpt>
   <trkpt lat="51.0046040" lon="13.8678060">
    <ele>114.4</ele>
    <time>2026-05-19T13:40:37Z</time>
   </trkpt>
   <trkpt lat="51.0045080" lon="13.8678420">
    <ele>114.4</ele>
    <time>2026-05-19T13:40:38Z</time>
   </trkpt>
   <trkpt lat="51.0044140" lon="13.8678870">
    <ele>114.4</ele>
    <time>2026-05-19T13:40:39Z</time>
   </trkpt>
   <trkpt lat="51.0043260" lon="13.8679420">
    <ele>114.4</ele>
    <time>2026-05-19T13:40:40Z</time>
   </trkpt>
   <trkpt lat="51.0042410" lon="13.8680060">
    <ele>114.4</ele>
    <time>2026-05-19T13:40:41Z</time>
   </trkpt>
   <trkpt lat="51.0041590" lon="13.8680750">
    <ele>114.4</ele>
    <time>2026-05-19T13:40:42Z</time>
   </trkpt>
   <trkpt lat="51.0040750" lon="13.8681460">
    <ele>114.4</ele>
    <time>2026-05-19T13:40:43Z</time>
   </trkpt>
   <trkpt lat="51.0039890" lon="13.8682140">
    <ele>114.6</ele>
    <time>2026-05-19T13:40:44Z</time>
   </trkpt>
   <trkpt lat="51.0039010" lon="13.8682810">
    <ele>114.6</ele>
    <time>2026-05-19T13:40:45Z</time>
   </trkpt>
   <trkpt lat="51.0038130" lon="13.8683520">
    <ele>114.6</ele>
    <time>2026-05-19T13:40:46Z</time>
   </trkpt>
   <trkpt lat="51.0037270" lon="13.8684300">
    <ele>114.6</ele>
    <time>2026-05-19T13:40:47Z</time>
   </trkpt>
   <trkpt lat="51.0036410" lon="13.8685110">
    <ele>114.6</ele>
    <time>2026-05-19T13:40:48Z</time>
   </trkpt>
   <trkpt lat="51.0035540" lon="13.8685940">
    <ele>114.6</ele>
    <time>2026-05-19T13:40:49Z</time>
   </trkpt>
   <trkpt lat="51.0034660" lon="13.8686750">
    <ele>114.6</ele>
    <time>2026-05-19T13:40:50Z</time>
   </trkpt>
   <trkpt lat="51.0033780" lon="13.8687540">
    <ele>114.4</ele>
    <time>2026-05-19T13:40:51Z</time>
   </trkpt>
   <trkpt lat="51.0032900" lon="13.8688280">
    <ele>114.4</ele>
    <time>2026-05-19T13:40:52Z</time>
   </trkpt>
   <trkpt lat="51.0032030" lon="13.8689000">
    <ele>114.4</ele>
    <time>2026-05-19T13:40:53Z</time>
   </trkpt>
   <trkpt lat="51.0031170" lon="13.8689720">
    <ele>114.4</ele>
    <time>2026-05-19T13:40:54Z</time>
   </trkpt>
   <trkpt lat="51.0030320" lon="13.8690460">
    <ele>114.2</ele>
    <time>2026-05-19T13:40:55Z</time>
   </trkpt>
   <trkpt lat="51.0029490" lon="13.8691190">
    <ele>114.4</ele>
    <time>2026-05-19T13:40:56Z</time>
   </trkpt>
   <trkpt lat="51.0028650" lon="13.8691900">
    <ele>114.4</ele>
    <time>2026-05-19T13:40:57Z</time>
   </trkpt>
   <trkpt lat="51.0027820" lon="13.8692580">
    <ele>114.4</ele>
    <time>2026-05-19T13:40:58Z</time>
   </trkpt>
   <trkpt lat="51.0027010" lon="13.8693250">
    <ele>114.4</ele>
    <time>2026-05-19T13:40:59Z</time>
   </trkpt>
   <trkpt lat="51.0026220" lon="13.8693870">
    <ele>114.2</ele>
    <time>2026-05-19T13:41:00Z</time>
   </trkpt>
   <trkpt lat="51.0025470" lon="13.8694480">
    <ele>114.2</ele>
    <time>2026-05-19T13:41:01Z</time>
   </trkpt>
   <trkpt lat="51.0024750" lon="13.8695060">
    <ele>114.4</ele>
    <time>2026-05-19T13:41:02Z</time>
   </trkpt>
   <trkpt lat="51.0024040" lon="13.8695640">
    <ele>114.4</ele>
    <time>2026-05-19T13:41:03Z</time>
   </trkpt>
   <trkpt lat="51.0023340" lon="13.8696210">
    <ele>114.4</ele>
    <time>2026-05-19T13:41:04Z</time>
   </trkpt>
   <trkpt lat="51.0022660" lon="13.8696760">
    <ele>114.4</ele>
    <time>2026-05-19T13:41:05Z</time>
   </trkpt>
   <trkpt lat="51.0022000" lon="13.8697340">
    <ele>114.4</ele>
    <time>2026-05-19T13:41:06Z</time>
   </trkpt>
   <trkpt lat="51.0021330" lon="13.8697910">
    <ele>114.4</ele>
    <time>2026-05-19T13:41:07Z</time>
   </trkpt>
   <trkpt lat="51.0020660" lon="13.8698480">
    <ele>114.4</ele>
    <time>2026-05-19T13:41:08Z</time>
   </trkpt>
   <trkpt lat="51.0020000" lon="13.8699050">
    <ele>114.4</ele>
    <time>2026-05-19T13:41:09Z</time>
   </trkpt>
   <trkpt lat="51.0019330" lon="13.8699590">
    <ele>114.4</ele>
    <time>2026-05-19T13:41:10Z</time>
   </trkpt>
   <trkpt lat="51.0018660" lon="13.8700110">
    <ele>114.4</ele>
    <time>2026-05-19T13:41:11Z</time>
   </trkpt>
   <trkpt lat="51.0018010" lon="13.8700640">
    <ele>114.4</ele>
    <time>2026-05-19T13:41:12Z</time>
   </trkpt>
   <trkpt lat="51.0017370" lon="13.8701170">
    <ele>114.4</ele>
    <time>2026-05-19T13:41:13Z</time>
   </trkpt>
   <trkpt lat="51.0016740" lon="13.8701710">
    <ele>114.6</ele>
    <time>2026-05-19T13:41:14Z</time>
   </trkpt>
   <trkpt lat="51.0016120" lon="13.8702250">
    <ele>114.6</ele>
    <time>2026-05-19T13:41:15Z</time>
   </trkpt>
   <trkpt lat="51.0015530" lon="13.8702810">
    <ele>114.6</ele>
    <time>2026-05-19T13:41:16Z</time>
   </trkpt>
   <trkpt lat="51.0014940" lon="13.8703400">
    <ele>114.8</ele>
    <time>2026-05-19T13:41:17Z</time>
   </trkpt>
   <trkpt lat="51.0014360" lon="13.8704000">
    <ele>115.0</ele>
    <time>2026-05-19T13:41:18Z</time>
   </trkpt>
   <trkpt lat="51.0013770" lon="13.8704590">
    <ele>115.0</ele>
    <time>2026-05-19T13:41:19Z</time>
   </trkpt>
   <trkpt lat="51.0013180" lon="13.8705160">
    <ele>115.0</ele>
    <time>2026-05-19T13:41:20Z</time>
   </trkpt>
   <trkpt lat="51.0012580" lon="13.8705740">
    <ele>115.0</ele>
    <time>2026-05-19T13:41:21Z</time>
   </trkpt>
   <trkpt lat="51.0011970" lon="13.8706310">
    <ele>115.0</ele>
    <time>2026-05-19T13:41:22Z</time>
   </trkpt>
   <trkpt lat="51.0011350" lon="13.8706890">
    <ele>115.2</ele>
    <time>2026-05-19T13:41:23Z</time>
   </trkpt>
   <trkpt lat="51.0010730" lon="13.8707460">
    <ele>115.4</ele>
    <time>2026-05-19T13:41:24Z</time>
   </trkpt>
   <trkpt lat="51.0010140" lon="13.8708040">
    <ele>115.6</ele>
    <time>2026-05-19T13:41:25Z</time>
   </trkpt>
   <trkpt lat="51.0009580" lon="13.8708620">
    <ele>115.6</ele>
    <time>2026-05-19T13:41:26Z</time>
   </trkpt>
   <trkpt lat="51.0009070" lon="13.8709230">
    <ele>115.6</ele>
    <time>2026-05-19T13:41:27Z</time>
   </trkpt>
   <trkpt lat="51.0008660" lon="13.8709820">
    <ele>115.6</ele>
    <time>2026-05-19T13:41:28Z</time>
   </trkpt>
   <trkpt lat="51.0008370" lon="13.8710340">
    <ele>115.6</ele>
    <time>2026-05-19T13:41:29Z</time>
   </trkpt>
   <trkpt lat="51.0008170" lon="13.8710790">
    <ele>115.6</ele>
    <time>2026-05-19T13:41:30Z</time>
   </trkpt>
   <trkpt lat="51.0008050" lon="13.8711100">
    <ele>115.6</ele>
    <time>2026-05-19T13:41:31Z</time>
   </trkpt>
   <trkpt lat="51.0007900" lon="13.8711540">
    <ele>115.4</ele>
    <time>2026-05-19T13:41:32Z</time>
   </trkpt>
   <trkpt lat="51.0007700" lon="13.8712060">
    <ele>115.0</ele>
    <time>2026-05-19T13:41:33Z</time>
   </trkpt>
   <trkpt lat="51.0007430" lon="13.8712640">
    <ele>115.0</ele>
    <time>2026-05-19T13:41:34Z</time>
   </trkpt>
   <trkpt lat="51.0007120" lon="13.8713270">
    <ele>114.6</ele>
    <time>2026-05-19T13:41:35Z</time>
   </trkpt>
   <trkpt lat="51.0006780" lon="13.8713960">
    <ele>114.6</ele>
    <time>2026-05-19T13:41:36Z</time>
   </trkpt>
   <trkpt lat="51.0006290" lon="13.8714950">
    <ele>114.4</ele>
    <time>2026-05-19T13:41:37Z</time>
   </trkpt>
   <trkpt lat="51.0005880" lon="13.8715720">
    <ele>114.2</ele>
    <time>2026-05-19T13:41:38Z</time>
   </trkpt>
   <trkpt lat="51.0005460" lon="13.8716450">
    <ele>114.0</ele>
    <time>2026-05-19T13:41:39Z</time>
   </trkpt>
   <trkpt lat="51.0005000" lon="13.8717170">
    <ele>114.0</ele>
    <time>2026-05-19T13:41:40Z</time>
   </trkpt>
   <trkpt lat="51.0004520" lon="13.8717870">
    <ele>114.0</ele>
    <time>2026-05-19T13:41:41Z</time>
   </trkpt>
   <trkpt lat="51.0004040" lon="13.8718550">
    <ele>113.8</ele>
    <time>2026-05-19T13:41:42Z</time>
   </trkpt>
   <trkpt lat="51.0003570" lon="13.8719210">
    <ele>113.8</ele>
    <time>2026-05-19T13:41:43Z</time>
   </trkpt>
   <trkpt lat="51.0003110" lon="13.8719850">
    <ele>113.6</ele>
    <time>2026-05-19T13:41:44Z</time>
   </trkpt>
   <trkpt lat="51.0002670" lon="13.8720470">
    <ele>113.6</ele>
    <time>2026-05-19T13:41:45Z</time>
   </trkpt>
   <trkpt lat="51.0002250" lon="13.8721090">
    <ele>113.6</ele>
    <time>2026-05-19T13:41:46Z</time>
   </trkpt>
   <trkpt lat="51.0001860" lon="13.8721730">
    <ele>113.6</ele>
    <time>2026-05-19T13:41:47Z</time>
   </trkpt>
   <trkpt lat="51.0001500" lon="13.8722420">
    <ele>113.6</ele>
    <time>2026-05-19T13:41:48Z</time>
   </trkpt>
   <trkpt lat="51.0001150" lon="13.8723140">
    <ele>113.6</ele>
    <time>2026-05-19T13:41:49Z</time>
   </trkpt>
   <trkpt lat="51.0000790" lon="13.8723860">
    <ele>113.6</ele>
    <time>2026-05-19T13:41:50Z</time>
   </trkpt>
   <trkpt lat="51.0000410" lon="13.8724590">
    <ele>113.6</ele>
    <time>2026-05-19T13:41:51Z</time>
   </trkpt>
   <trkpt lat="51.0000020" lon="13.8725310">
    <ele>113.8</ele>
    <time>2026-05-19T13:41:52Z</time>
   </trkpt>
   <trkpt lat="50.9999600" lon="13.8726010">
    <ele>113.8</ele>
    <time>2026-05-19T13:41:53Z</time>
   </trkpt>
   <trkpt lat="50.9999130" lon="13.8726620">
    <ele>114.0</ele>
    <time>2026-05-19T13:41:54Z</time>
   </trkpt>
   <trkpt lat="50.9998600" lon="13.8727090">
    <ele>114.0</ele>
    <time>2026-05-19T13:41:55Z</time>
   </trkpt>
   <trkpt lat="50.9998040" lon="13.8727500">
    <ele>114.0</ele>
    <time>2026-05-19T13:41:56Z</time>
   </trkpt>
   <trkpt lat="50.9997470" lon="13.8727900">
    <ele>114.0</ele>
    <time>2026-05-19T13:41:57Z</time>
   </trkpt>
   <trkpt lat="50.9996910" lon="13.8728350">
    <ele>114.0</ele>
    <time>2026-05-19T13:41:58Z</time>
   </trkpt>
   <trkpt lat="50.9996350" lon="13.8728870">
    <ele>114.2</ele>
    <time>2026-05-19T13:41:59Z</time>
   </trkpt>
   <trkpt lat="50.9995810" lon="13.8729460">
    <ele>114.4</ele>
    <time>2026-05-19T13:42:00Z</time>
   </trkpt>
   <trkpt lat="50.9995270" lon="13.8730080">
    <ele>114.4</ele>
    <time>2026-05-19T13:42:01Z</time>
   </trkpt>
   <trkpt lat="50.9994740" lon="13.8730750">
    <ele>114.4</ele>
    <time>2026-05-19T13:42:02Z</time>
   </trkpt>
   <trkpt lat="50.9994190" lon="13.8731450">
    <ele>114.4</ele>
    <time>2026-05-19T13:42:03Z</time>
   </trkpt>
   <trkpt lat="50.9993640" lon="13.8732180">
    <ele>114.0</ele>
    <time>2026-05-19T13:42:04Z</time>
   </trkpt>
   <trkpt lat="50.9993060" lon="13.8732890">
    <ele>114.0</ele>
    <time>2026-05-19T13:42:05Z</time>
   </trkpt>
   <trkpt lat="50.9992450" lon="13.8733530">
    <ele>113.8</ele>
    <time>2026-05-19T13:42:06Z</time>
   </trkpt>
   <trkpt lat="50.9991820" lon="13.8734110">
    <ele>113.6</ele>
    <time>2026-05-19T13:42:07Z</time>
   </trkpt>
   <trkpt lat="50.9991160" lon="13.8734620">
    <ele>113.6</ele>
    <time>2026-05-19T13:42:08Z</time>
   </trkpt>
   <trkpt lat="50.9990500" lon="13.8735100">
    <ele>113.6</ele>
    <time>2026-05-19T13:42:09Z</time>
   </trkpt>
   <trkpt lat="50.9989820" lon="13.8735550">
    <ele>113.4</ele>
    <time>2026-05-19T13:42:10Z</time>
   </trkpt>
   <trkpt lat="50.9989150" lon="13.8735990">
    <ele>113.4</ele>
    <time>2026-05-19T13:42:11Z</time>
   </trkpt>
   <trkpt lat="50.9988470" lon="13.8736410">
    <ele>113.2</ele>
    <time>2026-05-19T13:42:12Z</time>
   </trkpt>
   <trkpt lat="50.9987800" lon="13.8736820">
    <ele>113.2</ele>
    <time>2026-05-19T13:42:13Z</time>
   </trkpt>
   <trkpt lat="50.9987110" lon="13.8737210">
    <ele>113.0</ele>
    <time>2026-05-19T13:42:14Z</time>
   </trkpt>
   <trkpt lat="50.9986430" lon="13.8737580">
    <ele>113.2</ele>
    <time>2026-05-19T13:42:15Z</time>
   </trkpt>
   <trkpt lat="50.9985740" lon="13.8737960">
    <ele>113.2</ele>
    <time>2026-05-19T13:42:16Z</time>
   </trkpt>
   <trkpt lat="50.9985070" lon="13.8738340">
    <ele>113.4</ele>
    <time>2026-05-19T13:42:17Z</time>
   </trkpt>
   <trkpt lat="50.9984400" lon="13.8738740">
    <ele>113.4</ele>
    <time>2026-05-19T13:42:18Z</time>
   </trkpt>
   <trkpt lat="50.9983750" lon="13.8739170">
    <ele>113.4</ele>
    <time>2026-05-19T13:42:19Z</time>
   </trkpt>
   <trkpt lat="50.9983110" lon="13.8739610">
    <ele>113.4</ele>
    <time>2026-05-19T13:42:20Z</time>
   </trkpt>
   <trkpt lat="50.9982480" lon="13.8740050">
    <ele>113.6</ele>
    <time>2026-05-19T13:42:21Z</time>
   </trkpt>
   <trkpt lat="50.9981850" lon="13.8740490">
    <ele>113.6</ele>
    <time>2026-05-19T13:42:22Z</time>
   </trkpt>
   <trkpt lat="50.9981230" lon="13.8740910">
    <ele>113.6</ele>
    <time>2026-05-19T13:42:23Z</time>
   </trkpt>
   <trkpt lat="50.9980610" lon="13.8741340">
    <ele>113.6</ele>
    <time>2026-05-19T13:42:24Z</time>
   </trkpt>
   <trkpt lat="50.9979980" lon="13.8741740">
    <ele>113.8</ele>
    <time>2026-05-19T13:42:25Z</time>
   </trkpt>
   <trkpt lat="50.9979340" lon="13.8742110">
    <ele>113.8</ele>
    <time>2026-05-19T13:42:26Z</time>
   </trkpt>
   <trkpt lat="50.9978680" lon="13.8742440">
    <ele>113.8</ele>
    <time>2026-05-19T13:42:27Z</time>
   </trkpt>
   <trkpt lat="50.9978010" lon="13.8742720">
    <ele>113.8</ele>
    <time>2026-05-19T13:42:28Z</time>
   </trkpt>
   <trkpt lat="50.9977340" lon="13.8742970">
    <ele>113.8</ele>
    <time>2026-05-19T13:42:29Z</time>
   </trkpt>
   <trkpt lat="50.9976660" lon="13.8743220">
    <ele>113.8</ele>
    <time>2026-05-19T13:42:30Z</time>
   </trkpt>
   <trkpt lat="50.9975990" lon="13.8743470">
    <ele>113.8</ele>
    <time>2026-05-19T13:42:31Z</time>
   </trkpt>
   <trkpt lat="50.9975310" lon="13.8743710">
    <ele>113.6</ele>
    <time>2026-05-19T13:42:32Z</time>
   </trkpt>
   <trkpt lat="50.9974630" lon="13.8743950">
    <ele>113.6</ele>
    <time>2026-05-19T13:42:33Z</time>
   </trkpt>
   <trkpt lat="50.9973930" lon="13.8744200">
    <ele>113.6</ele>
    <time>2026-05-19T13:42:34Z</time>
   </trkpt>
   <trkpt lat="50.9973230" lon="13.8744470">
    <ele>113.6</ele>
    <time>2026-05-19T13:42:35Z</time>
   </trkpt>
   <trkpt lat="50.9972540" lon="13.8744770">
    <ele>113.6</ele>
    <time>2026-05-19T13:42:36Z</time>
   </trkpt>
   <trkpt lat="50.9971860" lon="13.8745100">
    <ele>113.6</ele>
    <time>2026-05-19T13:42:37Z</time>
   </trkpt>
   <trkpt lat="50.9971180" lon="13.8745460">
    <ele>113.6</ele>
    <time>2026-05-19T13:42:38Z</time>
   </trkpt>
   <trkpt lat="50.9970510" lon="13.8745840">
    <ele>113.6</ele>
    <time>2026-05-19T13:42:39Z</time>
   </trkpt>
   <trkpt lat="50.9969830" lon="13.8746230">
    <ele>113.6</ele>
    <time>2026-05-19T13:42:40Z</time>
   </trkpt>
   <trkpt lat="50.9969160" lon="13.8746610">
    <ele>113.6</ele>
    <time>2026-05-19T13:42:41Z</time>
   </trkpt>
   <trkpt lat="50.9968470" lon="13.8746970">
    <ele>113.6</ele>
    <time>2026-05-19T13:42:42Z</time>
   </trkpt>
   <trkpt lat="50.9967760" lon="13.8747290">
    <ele>113.8</ele>
    <time>2026-05-19T13:42:43Z</time>
   </trkpt>
   <trkpt lat="50.9967040" lon="13.8747600">
    <ele>114.0</ele>
    <time>2026-05-19T13:42:44Z</time>
   </trkpt>
   <trkpt lat="50.9966320" lon="13.8747900">
    <ele>114.0</ele>
    <time>2026-05-19T13:42:45Z</time>
   </trkpt>
   <trkpt lat="50.9965610" lon="13.8748210">
    <ele>114.0</ele>
    <time>2026-05-19T13:42:46Z</time>
   </trkpt>
   <trkpt lat="50.9964900" lon="13.8748550">
    <ele>114.0</ele>
    <time>2026-05-19T13:42:47Z</time>
   </trkpt>
   <trkpt lat="50.9964190" lon="13.8748890">
    <ele>114.0</ele>
    <time>2026-05-19T13:42:48Z</time>
   </trkpt>
   <trkpt lat="50.9963480" lon="13.8749250">
    <ele>114.0</ele>
    <time>2026-05-19T13:42:49Z</time>
   </trkpt>
   <trkpt lat="50.9962770" lon="13.8749600">
    <ele>114.0</ele>
    <time>2026-05-19T13:42:50Z</time>
   </trkpt>
   <trkpt lat="50.9962060" lon="13.8749960">
    <ele>114.0</ele>
    <time>2026-05-19T13:42:51Z</time>
   </trkpt>
   <trkpt lat="50.9961340" lon="13.8750340">
    <ele>114.0</ele>
    <time>2026-05-19T13:42:52Z</time>
   </trkpt>
   <trkpt lat="50.9960610" lon="13.8750740">
    <ele>113.6</ele>
    <time>2026-05-19T13:42:53Z</time>
   </trkpt>
   <trkpt lat="50.9959890" lon="13.8751120">
    <ele>113.6</ele>
    <time>2026-05-19T13:42:54Z</time>
   </trkpt>
   <trkpt lat="50.9959170" lon="13.8751510">
    <ele>113.6</ele>
    <time>2026-05-19T13:42:55Z</time>
   </trkpt>
   <trkpt lat="50.9958460" lon="13.8751910">
    <ele>113.6</ele>
    <time>2026-05-19T13:42:56Z</time>
   </trkpt>
   <trkpt lat="50.9957760" lon="13.8752320">
    <ele>113.6</ele>
    <time>2026-05-19T13:42:57Z</time>
   </trkpt>
   <trkpt lat="50.9957060" lon="13.8752740">
    <ele>113.6</ele>
    <time>2026-05-19T13:42:58Z</time>
   </trkpt>
   <trkpt lat="50.9956360" lon="13.8753160">
    <ele>114.0</ele>
    <time>2026-05-19T13:42:59Z</time>
   </trkpt>
   <trkpt lat="50.9955670" lon="13.8753570">
    <ele>114.2</ele>
    <time>2026-05-19T13:43:00Z</time>
   </trkpt>
   <trkpt lat="50.9954980" lon="13.8753990">
    <ele>114.4</ele>
    <time>2026-05-19T13:43:01Z</time>
   </trkpt>
   <trkpt lat="50.9954280" lon="13.8754400">
    <ele>114.4</ele>
    <time>2026-05-19T13:43:02Z</time>
   </trkpt>
   <trkpt lat="50.9953590" lon="13.8754810">
    <ele>114.4</ele>
    <time>2026-05-19T13:43:03Z</time>
   </trkpt>
   <trkpt lat="50.9952900" lon="13.8755230">
    <ele>114.4</ele>
    <time>2026-05-19T13:43:04Z</time>
   </trkpt>
   <trkpt lat="50.9952210" lon="13.8755660">
    <ele>114.4</ele>
    <time>2026-05-19T13:43:05Z</time>
   </trkpt>
   <trkpt lat="50.9951530" lon="13.8756120">
    <ele>114.4</ele>
    <time>2026-05-19T13:43:06Z</time>
   </trkpt>
   <trkpt lat="50.9950850" lon="13.8756590">
    <ele>114.4</ele>
    <time>2026-05-19T13:43:07Z</time>
   </trkpt>
   <trkpt lat="50.9950160" lon="13.8757110">
    <ele>114.4</ele>
    <time>2026-05-19T13:43:08Z</time>
   </trkpt>
   <trkpt lat="50.9949480" lon="13.8757670">
    <ele>114.4</ele>
    <time>2026-05-19T13:43:09Z</time>
   </trkpt>
   <trkpt lat="50.9948790" lon="13.8758250">
    <ele>114.4</ele>
    <time>2026-05-19T13:43:10Z</time>
   </trkpt>
   <trkpt lat="50.9948100" lon="13.8758850">
    <ele>114.2</ele>
    <time>2026-05-19T13:43:11Z</time>
   </trkpt>
   <trkpt lat="50.9947390" lon="13.8759440">
    <ele>114.0</ele>
    <time>2026-05-19T13:43:12Z</time>
   </trkpt>
   <trkpt lat="50.9946680" lon="13.8760030">
    <ele>113.6</ele>
    <time>2026-05-19T13:43:13Z</time>
   </trkpt>
   <trkpt lat="50.9945970" lon="13.8760620">
    <ele>113.4</ele>
    <time>2026-05-19T13:43:14Z</time>
   </trkpt>
   <trkpt lat="50.9945250" lon="13.8761200">
    <ele>113.0</ele>
    <time>2026-05-19T13:43:15Z</time>
   </trkpt>
   <trkpt lat="50.9944520" lon="13.8761760">
    <ele>113.0</ele>
    <time>2026-05-19T13:43:16Z</time>
   </trkpt>
   <trkpt lat="50.9943780" lon="13.8762270">
    <ele>112.6</ele>
    <time>2026-05-19T13:43:17Z</time>
   </trkpt>
   <trkpt lat="50.9943030" lon="13.8762710">
    <ele>112.6</ele>
    <time>2026-05-19T13:43:18Z</time>
   </trkpt>
   <trkpt lat="50.9942270" lon="13.8763100">
    <ele>112.4</ele>
    <time>2026-05-19T13:43:19Z</time>
   </trkpt>
   <trkpt lat="50.9941490" lon="13.8763440">
    <ele>112.4</ele>
    <time>2026-05-19T13:43:20Z</time>
   </trkpt>
   <trkpt lat="50.9940700" lon="13.8763700">
    <ele>112.4</ele>
    <time>2026-05-19T13:43:21Z</time>
   </trkpt>
   <trkpt lat="50.9939880" lon="13.8763870">
    <ele>112.6</ele>
    <time>2026-05-19T13:43:22Z</time>
   </trkpt>
   <trkpt lat="50.9939050" lon="13.8764000">
    <ele>112.6</ele>
    <time>2026-05-19T13:43:23Z</time>
   </trkpt>
   <trkpt lat="50.9938210" lon="13.8764130">
    <ele>112.6</ele>
    <time>2026-05-19T13:43:24Z</time>
   </trkpt>
   <trkpt lat="50.9937360" lon="13.8764250">
    <ele>112.6</ele>
    <time>2026-05-19T13:43:25Z</time>
   </trkpt>
   <trkpt lat="50.9936520" lon="13.8764340">
    <ele>112.6</ele>
    <time>2026-05-19T13:43:26Z</time>
   </trkpt>
   <trkpt lat="50.9935670" lon="13.8764400">
    <ele>112.6</ele>
    <time>2026-05-19T13:43:27Z</time>
   </trkpt>
   <trkpt lat="50.9934820" lon="13.8764410">
    <ele>112.8</ele>
    <time>2026-05-19T13:43:28Z</time>
   </trkpt>
   <trkpt lat="50.9933980" lon="13.8764400">
    <ele>112.8</ele>
    <time>2026-05-19T13:43:29Z</time>
   </trkpt>
   <trkpt lat="50.9933140" lon="13.8764360">
    <ele>113.0</ele>
    <time>2026-05-19T13:43:30Z</time>
   </trkpt>
   <trkpt lat="50.9932310" lon="13.8764300">
    <ele>113.0</ele>
    <time>2026-05-19T13:43:31Z</time>
   </trkpt>
   <trkpt lat="50.9931480" lon="13.8764220">
    <ele>113.0</ele>
    <time>2026-05-19T13:43:32Z</time>
   </trkpt>
   <trkpt lat="50.9930650" lon="13.8764140">
    <ele>113.0</ele>
    <time>2026-05-19T13:43:33Z</time>
   </trkpt>
   <trkpt lat="50.9929830" lon="13.8764040">
    <ele>112.8</ele>
    <time>2026-05-19T13:43:34Z</time>
   </trkpt>
   <trkpt lat="50.9929010" lon="13.8763960">
    <ele>112.6</ele>
    <time>2026-05-19T13:43:35Z</time>
   </trkpt>
   <trkpt lat="50.9928190" lon="13.8763860">
    <ele>112.6</ele>
    <time>2026-05-19T13:43:36Z</time>
   </trkpt>
   <trkpt lat="50.9927370" lon="13.8763760">
    <ele>112.4</ele>
    <time>2026-05-19T13:43:37Z</time>
   </trkpt>
   <trkpt lat="50.9926550" lon="13.8763650">
    <ele>112.4</ele>
    <time>2026-05-19T13:43:38Z</time>
   </trkpt>
   <trkpt lat="50.9925730" lon="13.8763530">
    <ele>112.4</ele>
    <time>2026-05-19T13:43:39Z</time>
   </trkpt>
   <trkpt lat="50.9924910" lon="13.8763400">
    <ele>112.4</ele>
    <time>2026-05-19T13:43:40Z</time>
   </trkpt>
   <trkpt lat="50.9924100" lon="13.8763230">
    <ele>112.4</ele>
    <time>2026-05-19T13:43:41Z</time>
   </trkpt>
   <trkpt lat="50.9923290" lon="13.8763040">
    <ele>112.4</ele>
    <time>2026-05-19T13:43:42Z</time>
   </trkpt>
   <trkpt lat="50.9922490" lon="13.8762800">
    <ele>112.6</ele>
    <time>2026-05-19T13:43:43Z</time>
   </trkpt>
   <trkpt lat="50.9921710" lon="13.8762470">
    <ele>112.6</ele>
    <time>2026-05-19T13:43:44Z</time>
   </trkpt>
   <trkpt lat="50.9920950" lon="13.8762060">
    <ele>112.6</ele>
    <time>2026-05-19T13:43:45Z</time>
   </trkpt>
   <trkpt lat="50.9920190" lon="13.8761610">
    <ele>112.8</ele>
    <time>2026-05-19T13:43:46Z</time>
   </trkpt>
   <trkpt lat="50.9919440" lon="13.8761150">
    <ele>113.0</ele>
    <time>2026-05-19T13:43:47Z</time>
   </trkpt>
   <trkpt lat="50.9918680" lon="13.8760730">
    <ele>113.0</ele>
    <time>2026-05-19T13:43:48Z</time>
   </trkpt>
   <trkpt lat="50.9917900" lon="13.8760380">
    <ele>113.0</ele>
    <time>2026-05-19T13:43:49Z</time>
   </trkpt>
   <trkpt lat="50.9917120" lon="13.8760130">
    <ele>113.0</ele>
    <time>2026-05-19T13:43:50Z</time>
   </trkpt>
   <trkpt lat="50.9916340" lon="13.8759970">
    <ele>113.2</ele>
    <time>2026-05-19T13:43:51Z</time>
   </trkpt>
   <trkpt lat="50.9915560" lon="13.8759880">
    <ele>113.2</ele>
    <time>2026-05-19T13:43:52Z</time>
   </trkpt>
   <trkpt lat="50.9914800" lon="13.8759820">
    <ele>113.2</ele>
    <time>2026-05-19T13:43:53Z</time>
   </trkpt>
   <trkpt lat="50.9914030" lon="13.8759780">
    <ele>113.2</ele>
    <time>2026-05-19T13:43:54Z</time>
   </trkpt>
   <trkpt lat="50.9913270" lon="13.8759740">
    <ele>113.4</ele>
    <time>2026-05-19T13:43:55Z</time>
   </trkpt>
   <trkpt lat="50.9912500" lon="13.8759700">
    <ele>113.4</ele>
    <time>2026-05-19T13:43:56Z</time>
   </trkpt>
   <trkpt lat="50.9911730" lon="13.8759690">
    <ele>113.2</ele>
    <time>2026-05-19T13:43:57Z</time>
   </trkpt>
   <trkpt lat="50.9910950" lon="13.8759690">
    <ele>113.2</ele>
    <time>2026-05-19T13:43:58Z</time>
   </trkpt>
   <trkpt lat="50.9910180" lon="13.8759720">
    <ele>113.2</ele>
    <time>2026-05-19T13:43:59Z</time>
   </trkpt>
   <trkpt lat="50.9909410" lon="13.8759820">
    <ele>113.2</ele>
    <time>2026-05-19T13:44:00Z</time>
   </trkpt>
   <trkpt lat="50.9908680" lon="13.8760020">
    <ele>113.2</ele>
    <time>2026-05-19T13:44:01Z</time>
   </trkpt>
   <trkpt lat="50.9908010" lon="13.8760350">
    <ele>113.4</ele>
    <time>2026-05-19T13:44:02Z</time>
   </trkpt>
   <trkpt lat="50.9907430" lon="13.8760870">
    <ele>113.6</ele>
    <time>2026-05-19T13:44:03Z</time>
   </trkpt>
   <trkpt lat="50.9907050" lon="13.8761660">
    <ele>113.6</ele>
    <time>2026-05-19T13:44:04Z</time>
   </trkpt>
   <trkpt lat="50.9906910" lon="13.8762660">
    <ele>113.8</ele>
    <time>2026-05-19T13:44:05Z</time>
   </trkpt>
   <trkpt lat="50.9906970" lon="13.8763770">
    <ele>114.0</ele>
    <time>2026-05-19T13:44:06Z</time>
   </trkpt>
   <trkpt lat="50.9907120" lon="13.8764910">
    <ele>114.0</ele>
    <time>2026-05-19T13:44:07Z</time>
   </trkpt>
   <trkpt lat="50.9907260" lon="13.8766080">
    <ele>114.0</ele>
    <time>2026-05-19T13:44:08Z</time>
   </trkpt>
   <trkpt lat="50.9907390" lon="13.8767250">
    <ele>114.2</ele>
    <time>2026-05-19T13:44:09Z</time>
   </trkpt>
   <trkpt lat="50.9907500" lon="13.8768440">
    <ele>114.4</ele>
    <time>2026-05-19T13:44:10Z</time>
   </trkpt>
   <trkpt lat="50.9907620" lon="13.8769630">
    <ele>114.4</ele>
    <time>2026-05-19T13:44:11Z</time>
   </trkpt>
   <trkpt lat="50.9907750" lon="13.8770830">
    <ele>114.4</ele>
    <time>2026-05-19T13:44:12Z</time>
   </trkpt>
   <trkpt lat="50.9907880" lon="13.8772030">
    <ele>114.2</ele>
    <time>2026-05-19T13:44:13Z</time>
   </trkpt>
   <trkpt lat="50.9907980" lon="13.8773240">
    <ele>114.0</ele>
    <time>2026-05-19T13:44:14Z</time>
   </trkpt>
   <trkpt lat="50.9908000" lon="13.8774450">
    <ele>113.6</ele>
    <time>2026-05-19T13:44:15Z</time>
   </trkpt>
   <trkpt lat="50.9907880" lon="13.8775650">
    <ele>113.4</ele>
    <time>2026-05-19T13:44:16Z</time>
   </trkpt>
   <trkpt lat="50.9907610" lon="13.8776810">
    <ele>113.2</ele>
    <time>2026-05-19T13:44:17Z</time>
   </trkpt>
   <trkpt lat="50.9907190" lon="13.8777900">
    <ele>113.0</ele>
    <time>2026-05-19T13:44:18Z</time>
   </trkpt>
   <trkpt lat="50.9906670" lon="13.8778880">
    <ele>113.0</ele>
    <time>2026-05-19T13:44:19Z</time>
   </trkpt>
   <trkpt lat="50.9906050" lon="13.8779730">
    <ele>113.0</ele>
    <time>2026-05-19T13:44:20Z</time>
   </trkpt>
   <trkpt lat="50.9905380" lon="13.8780490">
    <ele>113.0</ele>
    <time>2026-05-19T13:44:21Z</time>
   </trkpt>
   <trkpt lat="50.9904690" lon="13.8781170">
    <ele>113.0</ele>
    <time>2026-05-19T13:44:22Z</time>
   </trkpt>
   <trkpt lat="50.9903980" lon="13.8781820">
    <ele>113.0</ele>
    <time>2026-05-19T13:44:23Z</time>
   </trkpt>
   <trkpt lat="50.9903270" lon="13.8782450">
    <ele>113.0</ele>
    <time>2026-05-19T13:44:24Z</time>
   </trkpt>
   <trkpt lat="50.9902550" lon="13.8783060">
    <ele>113.0</ele>
    <time>2026-05-19T13:44:25Z</time>
   </trkpt>
   <trkpt lat="50.9901830" lon="13.8783660">
    <ele>113.4</ele>
    <time>2026-05-19T13:44:26Z</time>
   </trkpt>
   <trkpt lat="50.9901100" lon="13.8784260">
    <ele>113.4</ele>
    <time>2026-05-19T13:44:27Z</time>
   </trkpt>
   <trkpt lat="50.9900370" lon="13.8784850">
    <ele>113.6</ele>
    <time>2026-05-19T13:44:28Z</time>
   </trkpt>
   <trkpt lat="50.9899640" lon="13.8785460">
    <ele>113.8</ele>
    <time>2026-05-19T13:44:29Z</time>
   </trkpt>
   <trkpt lat="50.9898910" lon="13.8786100">
    <ele>114.0</ele>
    <time>2026-05-19T13:44:30Z</time>
   </trkpt>
   <trkpt lat="50.9898190" lon="13.8786770">
    <ele>114.0</ele>
    <time>2026-05-19T13:44:31Z</time>
   </trkpt>
   <trkpt lat="50.9897480" lon="13.8787460">
    <ele>114.0</ele>
    <time>2026-05-19T13:44:32Z</time>
   </trkpt>
   <trkpt lat="50.9896780" lon="13.8788180">
    <ele>114.0</ele>
    <time>2026-05-19T13:44:33Z</time>
   </trkpt>
   <trkpt lat="50.9896090" lon="13.8788920">
    <ele>113.8</ele>
    <time>2026-05-19T13:44:34Z</time>
   </trkpt>
   <trkpt lat="50.9895400" lon="13.8789660">
    <ele>113.8</ele>
    <time>2026-05-19T13:44:35Z</time>
   </trkpt>
   <trkpt lat="50.9894720" lon="13.8790400">
    <ele>113.8</ele>
    <time>2026-05-19T13:44:36Z</time>
   </trkpt>
   <trkpt lat="50.9894030" lon="13.8791140">
    <ele>114.0</ele>
    <time>2026-05-19T13:44:37Z</time>
   </trkpt>
   <trkpt lat="50.9893350" lon="13.8791880">
    <ele>114.0</ele>
    <time>2026-05-19T13:44:38Z</time>
   </trkpt>
   <trkpt lat="50.9892650" lon="13.8792600">
    <ele>114.0</ele>
    <time>2026-05-19T13:44:39Z</time>
   </trkpt>
   <trkpt lat="50.9891930" lon="13.8793290">
    <ele>114.0</ele>
    <time>2026-05-19T13:44:40Z</time>
   </trkpt>
   <trkpt lat="50.9891190" lon="13.8793900">
    <ele>114.0</ele>
    <time>2026-05-19T13:44:41Z</time>
   </trkpt>
   <trkpt lat="50.9890410" lon="13.8794440">
    <ele>114.0</ele>
    <time>2026-05-19T13:44:42Z</time>
   </trkpt>
   <trkpt lat="50.9889590" lon="13.8794890">
    <ele>114.0</ele>
    <time>2026-05-19T13:44:43Z</time>
   </trkpt>
   <trkpt lat="50.9888760" lon="13.8795220">
    <ele>114.0</ele>
    <time>2026-05-19T13:44:44Z</time>
   </trkpt>
   <trkpt lat="50.9887900" lon="13.8795420">
    <ele>114.0</ele>
    <time>2026-05-19T13:44:45Z</time>
   </trkpt>
   <trkpt lat="50.9887030" lon="13.8795510">
    <ele>114.0</ele>
    <time>2026-05-19T13:44:46Z</time>
   </trkpt>
   <trkpt lat="50.9886160" lon="13.8795510">
    <ele>114.0</ele>
    <time>2026-05-19T13:44:47Z</time>
   </trkpt>
   <trkpt lat="50.9885290" lon="13.8795480">
    <ele>114.0</ele>
    <time>2026-05-19T13:44:48Z</time>
   </trkpt>
   <trkpt lat="50.9884430" lon="13.8795450">
    <ele>114.0</ele>
    <time>2026-05-19T13:44:49Z</time>
   </trkpt>
   <trkpt lat="50.9883580" lon="13.8795450">
    <ele>114.0</ele>
    <time>2026-05-19T13:44:50Z</time>
   </trkpt>
   <trkpt lat="50.9882730" lon="13.8795500">
    <ele>114.0</ele>
    <time>2026-05-19T13:44:51Z</time>
   </trkpt>
   <trkpt lat="50.9881910" lon="13.8795680">
    <ele>114.0</ele>
    <time>2026-05-19T13:44:52Z</time>
   </trkpt>
   <trkpt lat="50.9881110" lon="13.8796030">
    <ele>113.8</ele>
    <time>2026-05-19T13:44:53Z</time>
   </trkpt>
   <trkpt lat="50.9880360" lon="13.8796560">
    <ele>113.6</ele>
    <time>2026-05-19T13:44:54Z</time>
   </trkpt>
   <trkpt lat="50.9879630" lon="13.8797190">
    <ele>113.6</ele>
    <time>2026-05-19T13:44:55Z</time>
   </trkpt>
   <trkpt lat="50.9878900" lon="13.8797830">
    <ele>113.6</ele>
    <time>2026-05-19T13:44:56Z</time>
   </trkpt>
   <trkpt lat="50.9878170" lon="13.8798450">
    <ele>113.6</ele>
    <time>2026-05-19T13:44:57Z</time>
   </trkpt>
   <trkpt lat="50.9877420" lon="13.8799030">
    <ele>113.6</ele>
    <time>2026-05-19T13:44:58Z</time>
   </trkpt>
   <trkpt lat="50.9876670" lon="13.8799570">
    <ele>113.6</ele>
    <time>2026-05-19T13:44:59Z</time>
   </trkpt>
   <trkpt lat="50.9875920" lon="13.8800120">
    <ele>113.6</ele>
    <time>2026-05-19T13:45:00Z</time>
   </trkpt>
   <trkpt lat="50.9875170" lon="13.8800700">
    <ele>113.6</ele>
    <time>2026-05-19T13:45:01Z</time>
   </trkpt>
   <trkpt lat="50.9874440" lon="13.8801360">
    <ele>113.8</ele>
    <time>2026-05-19T13:45:02Z</time>
   </trkpt>
   <trkpt lat="50.9873740" lon="13.8802110">
    <ele>114.0</ele>
    <time>2026-05-19T13:45:03Z</time>
   </trkpt>
   <trkpt lat="50.9873060" lon="13.8802930">
    <ele>113.6</ele>
    <time>2026-05-19T13:45:04Z</time>
   </trkpt>
   <trkpt lat="50.9872380" lon="13.8803780">
    <ele>113.8</ele>
    <time>2026-05-19T13:45:05Z</time>
   </trkpt>
   <trkpt lat="50.9871710" lon="13.8804630">
    <ele>114.0</ele>
    <time>2026-05-19T13:45:06Z</time>
   </trkpt>
   <trkpt lat="50.9871040" lon="13.8805460">
    <ele>114.0</ele>
    <time>2026-05-19T13:45:07Z</time>
   </trkpt>
   <trkpt lat="50.9870360" lon="13.8806250">
    <ele>113.8</ele>
    <time>2026-05-19T13:45:08Z</time>
   </trkpt>
   <trkpt lat="50.9869660" lon="13.8806980">
    <ele>113.6</ele>
    <time>2026-05-19T13:45:09Z</time>
   </trkpt>
   <trkpt lat="50.9868950" lon="13.8807680">
    <ele>113.6</ele>
    <time>2026-05-19T13:45:10Z</time>
   </trkpt>
   <trkpt lat="50.9868240" lon="13.8808350">
    <ele>113.6</ele>
    <time>2026-05-19T13:45:11Z</time>
   </trkpt>
   <trkpt lat="50.9867520" lon="13.8809020">
    <ele>113.6</ele>
    <time>2026-05-19T13:45:12Z</time>
   </trkpt>
   <trkpt lat="50.9866810" lon="13.8809700">
    <ele>113.6</ele>
    <time>2026-05-19T13:45:13Z</time>
   </trkpt>
   <trkpt lat="50.9866090" lon="13.8810400">
    <ele>113.6</ele>
    <time>2026-05-19T13:45:14Z</time>
   </trkpt>
   <trkpt lat="50.9865380" lon="13.8811130">
    <ele>113.6</ele>
    <time>2026-05-19T13:45:15Z</time>
   </trkpt>
   <trkpt lat="50.9864660" lon="13.8811880">
    <ele>113.8</ele>
    <time>2026-05-19T13:45:16Z</time>
   </trkpt>
   <trkpt lat="50.9863950" lon="13.8812650">
    <ele>113.8</ele>
    <time>2026-05-19T13:45:17Z</time>
   </trkpt>
   <trkpt lat="50.9863220" lon="13.8813400">
    <ele>113.8</ele>
    <time>2026-05-19T13:45:18Z</time>
   </trkpt>
   <trkpt lat="50.9862480" lon="13.8814110">
    <ele>113.8</ele>
    <time>2026-05-19T13:45:19Z</time>
   </trkpt>
   <trkpt lat="50.9861730" lon="13.8814760">
    <ele>114.0</ele>
    <time>2026-05-19T13:45:20Z</time>
   </trkpt>
   <trkpt lat="50.9860970" lon="13.8815380">
    <ele>114.0</ele>
    <time>2026-05-19T13:45:21Z</time>
   </trkpt>
   <trkpt lat="50.9860210" lon="13.8815980">
    <ele>114.0</ele>
    <time>2026-05-19T13:45:22Z</time>
   </trkpt>
   <trkpt lat="50.9859460" lon="13.8816570">
    <ele>114.0</ele>
    <time>2026-05-19T13:45:23Z</time>
   </trkpt>
   <trkpt lat="50.9858690" lon="13.8817150">
    <ele>113.8</ele>
    <time>2026-05-19T13:45:24Z</time>
   </trkpt>
   <trkpt lat="50.9857910" lon="13.8817740">
    <ele>113.8</ele>
    <time>2026-05-19T13:45:25Z</time>
   </trkpt>
   <trkpt lat="50.9857140" lon="13.8818320">
    <ele>113.8</ele>
    <time>2026-05-19T13:45:26Z</time>
   </trkpt>
   <trkpt lat="50.9856360" lon="13.8818910">
    <ele>113.6</ele>
    <time>2026-05-19T13:45:27Z</time>
   </trkpt>
   <trkpt lat="50.9855580" lon="13.8819500">
    <ele>113.6</ele>
    <time>2026-05-19T13:45:28Z</time>
   </trkpt>
   <trkpt lat="50.9854790" lon="13.8820080">
    <ele>113.6</ele>
    <time>2026-05-19T13:45:29Z</time>
   </trkpt>
   <trkpt lat="50.9853990" lon="13.8820640">
    <ele>113.6</ele>
    <time>2026-05-19T13:45:30Z</time>
   </trkpt>
   <trkpt lat="50.9853190" lon="13.8821200">
    <ele>113.6</ele>
    <time>2026-05-19T13:45:31Z</time>
   </trkpt>
   <trkpt lat="50.9852400" lon="13.8821760">
    <ele>113.6</ele>
    <time>2026-05-19T13:45:32Z</time>
   </trkpt>
   <trkpt lat="50.9851600" lon="13.8822340">
    <ele>113.6</ele>
    <time>2026-05-19T13:45:33Z</time>
   </trkpt>
   <trkpt lat="50.9850810" lon="13.8822920">
    <ele>113.6</ele>
    <time>2026-05-19T13:45:34Z</time>
   </trkpt>
   <trkpt lat="50.9850000" lon="13.8823500">
    <ele>113.6</ele>
    <time>2026-05-19T13:45:35Z</time>
   </trkpt>
   <trkpt lat="50.9849190" lon="13.8824090">
    <ele>113.6</ele>
    <time>2026-05-19T13:45:36Z</time>
   </trkpt>
   <trkpt lat="50.9848380" lon="13.8824680">
    <ele>113.6</ele>
    <time>2026-05-19T13:45:37Z</time>
   </trkpt>
   <trkpt lat="50.9847570" lon="13.8825260">
    <ele>113.6</ele>
    <time>2026-05-19T13:45:38Z</time>
   </trkpt>
   <trkpt lat="50.9846770" lon="13.8825850">
    <ele>113.6</ele>
    <time>2026-05-19T13:45:39Z</time>
   </trkpt>
   <trkpt lat="50.9845970" lon="13.8826430">
    <ele>113.6</ele>
    <time>2026-05-19T13:45:40Z</time>
   </trkpt>
   <trkpt lat="50.9845170" lon="13.8826990">
    <ele>113.4</ele>
    <time>2026-05-19T13:45:41Z</time>
   </trkpt>
   <trkpt lat="50.9844360" lon="13.8827540">
    <ele>113.4</ele>
    <time>2026-05-19T13:45:42Z</time>
   </trkpt>
   <trkpt lat="50.9843550" lon="13.8828060">
    <ele>113.4</ele>
    <time>2026-05-19T13:45:43Z</time>
   </trkpt>
   <trkpt lat="50.9842740" lon="13.8828550">
    <ele>113.4</ele>
    <time>2026-05-19T13:45:44Z</time>
   </trkpt>
   <trkpt lat="50.9841930" lon="13.8829000">
    <ele>113.4</ele>
    <time>2026-05-19T13:45:45Z</time>
   </trkpt>
   <trkpt lat="50.9841100" lon="13.8829410">
    <ele>113.4</ele>
    <time>2026-05-19T13:45:46Z</time>
   </trkpt>
   <trkpt lat="50.9840280" lon="13.8829770">
    <ele>113.4</ele>
    <time>2026-05-19T13:45:47Z</time>
   </trkpt>
   <trkpt lat="50.9839440" lon="13.8830100">
    <ele>113.4</ele>
    <time>2026-05-19T13:45:48Z</time>
   </trkpt>
   <trkpt lat="50.9838610" lon="13.8830370">
    <ele>113.4</ele>
    <time>2026-05-19T13:45:49Z</time>
   </trkpt>
   <trkpt lat="50.9837770" lon="13.8830610">
    <ele>113.4</ele>
    <time>2026-05-19T13:45:50Z</time>
   </trkpt>
   <trkpt lat="50.9836920" lon="13.8830790">
    <ele>113.4</ele>
    <time>2026-05-19T13:45:51Z</time>
   </trkpt>
   <trkpt lat="50.9836080" lon="13.8830930">
    <ele>113.4</ele>
    <time>2026-05-19T13:45:52Z</time>
   </trkpt>
   <trkpt lat="50.9835220" lon="13.8831040">
    <ele>113.4</ele>
    <time>2026-05-19T13:45:53Z</time>
   </trkpt>
   <trkpt lat="50.9834360" lon="13.8831140">
    <ele>113.4</ele>
    <time>2026-05-19T13:45:54Z</time>
   </trkpt>
   <trkpt lat="50.9833510" lon="13.8831250">
    <ele>113.4</ele>
    <time>2026-05-19T13:45:55Z</time>
   </trkpt>
   <trkpt lat="50.9832660" lon="13.8831370">
    <ele>113.4</ele>
    <time>2026-05-19T13:45:56Z</time>
   </trkpt>
   <trkpt lat="50.9831800" lon="13.8831480">
    <ele>113.6</ele>
    <time>2026-05-19T13:45:57Z</time>
   </trkpt>
   <trkpt lat="50.9830940" lon="13.8831590">
    <ele>113.6</ele>
    <time>2026-05-19T13:45:58Z</time>
   </trkpt>
   <trkpt lat="50.9830080" lon="13.8831700">
    <ele>113.6</ele>
    <time>2026-05-19T13:45:59Z</time>
   </trkpt>
   <trkpt lat="50.9829210" lon="13.8831810">
    <ele>113.6</ele>
    <time>2026-05-19T13:46:00Z</time>
   </trkpt>
   <trkpt lat="50.9828330" lon="13.8831920">
    <ele>113.6</ele>
    <time>2026-05-19T13:46:01Z</time>
   </trkpt>
   <trkpt lat="50.9827470" lon="13.8832030">
    <ele>113.6</ele>
    <time>2026-05-19T13:46:02Z</time>
   </trkpt>
   <trkpt lat="50.9826600" lon="13.8832120">
    <ele>113.6</ele>
    <time>2026-05-19T13:46:03Z</time>
   </trkpt>
   <trkpt lat="50.9825730" lon="13.8832190">
    <ele>113.6</ele>
    <time>2026-05-19T13:46:04Z</time>
   </trkpt>
   <trkpt lat="50.9824850" lon="13.8832220">
    <ele>113.6</ele>
    <time>2026-05-19T13:46:05Z</time>
   </trkpt>
   <trkpt lat="50.9823980" lon="13.8832220">
    <ele>113.6</ele>
    <time>2026-05-19T13:46:06Z</time>
   </trkpt>
   <trkpt lat="50.9823110" lon="13.8832190">
    <ele>113.8</ele>
    <time>2026-05-19T13:46:07Z</time>
   </trkpt>
   <trkpt lat="50.9822250" lon="13.8832140">
    <ele>113.8</ele>
    <time>2026-05-19T13:46:08Z</time>
   </trkpt>
   <trkpt lat="50.9821390" lon="13.8832080">
    <ele>113.8</ele>
    <time>2026-05-19T13:46:09Z</time>
   </trkpt>
   <trkpt lat="50.9820520" lon="13.8832020">
    <ele>114.0</ele>
    <time>2026-05-19T13:46:10Z</time>
   </trkpt>
   <trkpt lat="50.9819670" lon="13.8831990">
    <ele>114.2</ele>
    <time>2026-05-19T13:46:11Z</time>
   </trkpt>
   <trkpt lat="50.9818820" lon="13.8831970">
    <ele>114.4</ele>
    <time>2026-05-19T13:46:12Z</time>
   </trkpt>
   <trkpt lat="50.9817970" lon="13.8831970">
    <ele>114.4</ele>
    <time>2026-05-19T13:46:13Z</time>
   </trkpt>
   <trkpt lat="50.9817130" lon="13.8831980">
    <ele>114.4</ele>
    <time>2026-05-19T13:46:14Z</time>
   </trkpt>
   <trkpt lat="50.9816310" lon="13.8831990">
    <ele>114.6</ele>
    <time>2026-05-19T13:46:15Z</time>
   </trkpt>
   <trkpt lat="50.9815500" lon="13.8831980">
    <ele>114.6</ele>
    <time>2026-05-19T13:46:16Z</time>
   </trkpt>
   <trkpt lat="50.9814710" lon="13.8831970">
    <ele>114.6</ele>
    <time>2026-05-19T13:46:17Z</time>
   </trkpt>
   <trkpt lat="50.9813950" lon="13.8831930">
    <ele>114.6</ele>
    <time>2026-05-19T13:46:18Z</time>
   </trkpt>
   <trkpt lat="50.9813200" lon="13.8831880">
    <ele>115.2</ele>
    <time>2026-05-19T13:46:19Z</time>
   </trkpt>
   <trkpt lat="50.9812480" lon="13.8831810">
    <ele>115.6</ele>
    <time>2026-05-19T13:46:20Z</time>
   </trkpt>
   <trkpt lat="50.9811780" lon="13.8831710">
    <ele>115.8</ele>
    <time>2026-05-19T13:46:21Z</time>
   </trkpt>
   <trkpt lat="50.9811120" lon="13.8831580">
    <ele>116.0</ele>
    <time>2026-05-19T13:46:22Z</time>
   </trkpt>
   <trkpt lat="50.9810520" lon="13.8831420">
    <ele>116.0</ele>
    <time>2026-05-19T13:46:23Z</time>
   </trkpt>
   <trkpt lat="50.9810000" lon="13.8831270">
    <ele>116.0</ele>
    <time>2026-05-19T13:46:24Z</time>
   </trkpt>
   <trkpt lat="50.9809580" lon="13.8831160">
    <ele>116.0</ele>
    <time>2026-05-19T13:46:25Z</time>
   </trkpt>
   <trkpt lat="50.9809370" lon="13.8831130">
    <ele>116.0</ele>
    <time>2026-05-19T13:46:26Z</time>
   </trkpt>
   <trkpt lat="50.9809240" lon="13.8831140">
    <ele>116.0</ele>
    <time>2026-05-19T13:46:27Z</time>
   </trkpt>
   <trkpt lat="50.9809240" lon="13.8831160">
    <ele>116.0</ele>
    <time>2026-05-19T13:46:28Z</time>
   </trkpt>
   <trkpt lat="50.9809320" lon="13.8831190">
    <ele>115.8</ele>
    <time>2026-05-19T13:46:29Z</time>
   </trkpt>
   <trkpt lat="50.9809470" lon="13.8831220">
    <ele>115.6</ele>
    <time>2026-05-19T13:46:30Z</time>
   </trkpt>
   <trkpt lat="50.9809690" lon="13.8831250">
    <ele>115.6</ele>
    <time>2026-05-19T13:46:31Z</time>
   </trkpt>
   <trkpt lat="50.9809970" lon="13.8831300">
    <ele>115.4</ele>
    <time>2026-05-19T13:46:32Z</time>
   </trkpt>
   <trkpt lat="50.9810510" lon="13.8831420">
    <ele>115.4</ele>
    <time>2026-05-19T13:46:33Z</time>
   </trkpt>
   <trkpt lat="50.9810970" lon="13.8831520">
    <ele>115.4</ele>
    <time>2026-05-19T13:46:34Z</time>
   </trkpt>
   <trkpt lat="50.9811460" lon="13.8831620">
    <ele>115.4</ele>
    <time>2026-05-19T13:46:35Z</time>
   </trkpt>
   <trkpt lat="50.9812010" lon="13.8831720">
    <ele>115.4</ele>
    <time>2026-05-19T13:46:36Z</time>
   </trkpt>
   <trkpt lat="50.9812600" lon="13.8831820">
    <ele>115.4</ele>
    <time>2026-05-19T13:46:37Z</time>
   </trkpt>
   <trkpt lat="50.9813220" lon="13.8831900">
    <ele>115.2</ele>
    <time>2026-05-19T13:46:38Z</time>
   </trkpt>
   <trkpt lat="50.9813870" lon="13.8831970">
    <ele>115.2</ele>
    <time>2026-05-19T13:46:39Z</time>
   </trkpt>
   <trkpt lat="50.9814770" lon="13.8832030">
    <ele>115.2</ele>
    <time>2026-05-19T13:46:40Z</time>
   </trkpt>
   <trkpt lat="50.9815480" lon="13.8832060">
    <ele>115.4</ele>
    <time>2026-05-19T13:46:41Z</time>
   </trkpt>
   <trkpt lat="50.9816190" lon="13.8832090">
    <ele>115.6</ele>
    <time>2026-05-19T13:46:42Z</time>
   </trkpt>
   <trkpt lat="50.9816900" lon="13.8832110">
    <ele>115.8</ele>
    <time>2026-05-19T13:46:43Z</time>
   </trkpt>
   <trkpt lat="50.9817640" lon="13.8832120">
    <ele>116.0</ele>
    <time>2026-05-19T13:46:44Z</time>
   </trkpt>
   <trkpt lat="50.9818390" lon="13.8832140">
    <ele>116.0</ele>
    <time>2026-05-19T13:46:45Z</time>
   </trkpt>
   <trkpt lat="50.9819140" lon="13.8832140">
    <ele>116.0</ele>
    <time>2026-05-19T13:46:46Z</time>
   </trkpt>
   <trkpt lat="50.9819880" lon="13.8832150">
    <ele>116.0</ele>
    <time>2026-05-19T13:46:47Z</time>
   </trkpt>
   <trkpt lat="50.9820640" lon="13.8832160">
    <ele>116.2</ele>
    <time>2026-05-19T13:46:48Z</time>
   </trkpt>
   <trkpt lat="50.9821420" lon="13.8832170">
    <ele>116.4</ele>
    <time>2026-05-19T13:46:49Z</time>
   </trkpt>
   <trkpt lat="50.9822200" lon="13.8832200">
    <ele>116.2</ele>
    <time>2026-05-19T13:46:50Z</time>
   </trkpt>
   <trkpt lat="50.9822970" lon="13.8832230">
    <ele>116.2</ele>
    <time>2026-05-19T13:46:51Z</time>
   </trkpt>
   <trkpt lat="50.9823740" lon="13.8832260">
    <ele>116.0</ele>
    <time>2026-05-19T13:46:52Z</time>
   </trkpt>
   <trkpt lat="50.9824500" lon="13.8832280">
    <ele>115.4</ele>
    <time>2026-05-19T13:46:53Z</time>
   </trkpt>
   <trkpt lat="50.9825280" lon="13.8832280">
    <ele>115.0</ele>
    <time>2026-05-19T13:46:54Z</time>
   </trkpt>
   <trkpt lat="50.9826050" lon="13.8832270">
    <ele>114.6</ele>
    <time>2026-05-19T13:46:55Z</time>
   </trkpt>
   <trkpt lat="50.9826840" lon="13.8832240">
    <ele>114.4</ele>
    <time>2026-05-19T13:46:56Z</time>
   </trkpt>
   <trkpt lat="50.9827630" lon="13.8832180">
    <ele>114.4</ele>
    <time>2026-05-19T13:46:57Z</time>
   </trkpt>
   <trkpt lat="50.9828430" lon="13.8832120">
    <ele>114.4</ele>
    <time>2026-05-19T13:46:58Z</time>
   </trkpt>
   <trkpt lat="50.9829240" lon="13.8832030">
    <ele>114.4</ele>
    <time>2026-05-19T13:46:59Z</time>
   </trkpt>
   <trkpt lat="50.9830070" lon="13.8831940">
    <ele>114.4</ele>
    <time>2026-05-19T13:47:00Z</time>
   </trkpt>
   <trkpt lat="50.9830930" lon="13.8831830">
    <ele>114.4</ele>
    <time>2026-05-19T13:47:01Z</time>
   </trkpt>
   <trkpt lat="50.9831810" lon="13.8831710">
    <ele>114.4</ele>
    <time>2026-05-19T13:47:02Z</time>
   </trkpt>
   <trkpt lat="50.9832690" lon="13.8831570">
    <ele>114.4</ele>
    <time>2026-05-19T13:47:03Z</time>
   </trkpt>
   <trkpt lat="50.9833590" lon="13.8831420">
    <ele>114.2</ele>
    <time>2026-05-19T13:47:04Z</time>
   </trkpt>
   <trkpt lat="50.9834480" lon="13.8831280">
    <ele>114.2</ele>
    <time>2026-05-19T13:47:05Z</time>
   </trkpt>
   <trkpt lat="50.9835400" lon="13.8831140">
    <ele>114.2</ele>
    <time>2026-05-19T13:47:06Z</time>
   </trkpt>
   <trkpt lat="50.9836320" lon="13.8830990">
    <ele>114.0</ele>
    <time>2026-05-19T13:47:07Z</time>
   </trkpt>
   <trkpt lat="50.9837250" lon="13.8830810">
    <ele>114.0</ele>
    <time>2026-05-19T13:47:08Z</time>
   </trkpt>
   <trkpt lat="50.9838180" lon="13.8830600">
    <ele>114.0</ele>
    <time>2026-05-19T13:47:09Z</time>
   </trkpt>
   <trkpt lat="50.9839110" lon="13.8830320">
    <ele>114.0</ele>
    <time>2026-05-19T13:47:10Z</time>
   </trkpt>
   <trkpt lat="50.9840040" lon="13.8829990">
    <ele>113.8</ele>
    <time>2026-05-19T13:47:11Z</time>
   </trkpt>
   <trkpt lat="50.9840970" lon="13.8829600">
    <ele>113.6</ele>
    <time>2026-05-19T13:47:12Z</time>
   </trkpt>
   <trkpt lat="50.9841900" lon="13.8829150">
    <ele>113.6</ele>
    <time>2026-05-19T13:47:13Z</time>
   </trkpt>
   <trkpt lat="50.9842820" lon="13.8828670">
    <ele>113.6</ele>
    <time>2026-05-19T13:47:14Z</time>
   </trkpt>
   <trkpt lat="50.9843740" lon="13.8828140">
    <ele>113.4</ele>
    <time>2026-05-19T13:47:15Z</time>
   </trkpt>
   <trkpt lat="50.9844650" lon="13.8827550">
    <ele>113.4</ele>
    <time>2026-05-19T13:47:16Z</time>
   </trkpt>
   <trkpt lat="50.9845530" lon="13.8826890">
    <ele>113.4</ele>
    <time>2026-05-19T13:47:17Z</time>
   </trkpt>
   <trkpt lat="50.9846400" lon="13.8826210">
    <ele>113.4</ele>
    <time>2026-05-19T13:47:18Z</time>
   </trkpt>
   <trkpt lat="50.9847270" lon="13.8825530">
    <ele>113.4</ele>
    <time>2026-05-19T13:47:19Z</time>
   </trkpt>
   <trkpt lat="50.9848140" lon="13.8824860">
    <ele>113.4</ele>
    <time>2026-05-19T13:47:20Z</time>
   </trkpt>
   <trkpt lat="50.9849000" lon="13.8824200">
    <ele>113.4</ele>
    <time>2026-05-19T13:47:21Z</time>
   </trkpt>
   <trkpt lat="50.9849860" lon="13.8823550">
    <ele>113.4</ele>
    <time>2026-05-19T13:47:22Z</time>
   </trkpt>
   <trkpt lat="50.9850730" lon="13.8822930">
    <ele>113.4</ele>
    <time>2026-05-19T13:47:23Z</time>
   </trkpt>
   <trkpt lat="50.9851590" lon="13.8822320">
    <ele>113.2</ele>
    <time>2026-05-19T13:47:24Z</time>
   </trkpt>
   <trkpt lat="50.9852460" lon="13.8821710">
    <ele>113.0</ele>
    <time>2026-05-19T13:47:25Z</time>
   </trkpt>
   <trkpt lat="50.9853320" lon="13.8821110">
    <ele>113.2</ele>
    <time>2026-05-19T13:47:26Z</time>
   </trkpt>
   <trkpt lat="50.9854190" lon="13.8820500">
    <ele>113.4</ele>
    <time>2026-05-19T13:47:27Z</time>
   </trkpt>
   <trkpt lat="50.9855050" lon="13.8819880">
    <ele>113.4</ele>
    <time>2026-05-19T13:47:28Z</time>
   </trkpt>
   <trkpt lat="50.9855920" lon="13.8819260">
    <ele>113.4</ele>
    <time>2026-05-19T13:47:29Z</time>
   </trkpt>
   <trkpt lat="50.9856780" lon="13.8818640">
    <ele>113.4</ele>
    <time>2026-05-19T13:47:30Z</time>
   </trkpt>
   <trkpt lat="50.9857630" lon="13.8818010">
    <ele>113.6</ele>
    <time>2026-05-19T13:47:31Z</time>
   </trkpt>
   <trkpt lat="50.9858490" lon="13.8817360">
    <ele>113.6</ele>
    <time>2026-05-19T13:47:32Z</time>
   </trkpt>
   <trkpt lat="50.9859340" lon="13.8816690">
    <ele>113.6</ele>
    <time>2026-05-19T13:47:33Z</time>
   </trkpt>
   <trkpt lat="50.9860180" lon="13.8816010">
    <ele>113.6</ele>
    <time>2026-05-19T13:47:34Z</time>
   </trkpt>
   <trkpt lat="50.9861010" lon="13.8815310">
    <ele>113.6</ele>
    <time>2026-05-19T13:47:35Z</time>
   </trkpt>
   <trkpt lat="50.9861830" lon="13.8814590">
    <ele>113.6</ele>
    <time>2026-05-19T13:47:36Z</time>
   </trkpt>
   <trkpt lat="50.9862650" lon="13.8813850">
    <ele>113.6</ele>
    <time>2026-05-19T13:47:37Z</time>
   </trkpt>
   <trkpt lat="50.9863470" lon="13.8813090">
    <ele>113.4</ele>
    <time>2026-05-19T13:47:38Z</time>
   </trkpt>
   <trkpt lat="50.9864280" lon="13.8812300">
    <ele>113.4</ele>
    <time>2026-05-19T13:47:39Z</time>
   </trkpt>
   <trkpt lat="50.9865080" lon="13.8811500">
    <ele>113.4</ele>
    <time>2026-05-19T13:47:40Z</time>
   </trkpt>
   <trkpt lat="50.9865890" lon="13.8810700">
    <ele>113.4</ele>
    <time>2026-05-19T13:47:41Z</time>
   </trkpt>
   <trkpt lat="50.9866700" lon="13.8809930">
    <ele>113.4</ele>
    <time>2026-05-19T13:47:42Z</time>
   </trkpt>
   <trkpt lat="50.9867510" lon="13.8809160">
    <ele>113.4</ele>
    <time>2026-05-19T13:47:43Z</time>
   </trkpt>
   <trkpt lat="50.9868320" lon="13.8808400">
    <ele>113.4</ele>
    <time>2026-05-19T13:47:44Z</time>
   </trkpt>
   <trkpt lat="50.9869130" lon="13.8807640">
    <ele>113.4</ele>
    <time>2026-05-19T13:47:45Z</time>
   </trkpt>
   <trkpt lat="50.9869940" lon="13.8806870">
    <ele>113.6</ele>
    <time>2026-05-19T13:47:46Z</time>
   </trkpt>
   <trkpt lat="50.9870740" lon="13.8806080">
    <ele>113.8</ele>
    <time>2026-05-19T13:47:47Z</time>
   </trkpt>
   <trkpt lat="50.9871510" lon="13.8805220">
    <ele>114.0</ele>
    <time>2026-05-19T13:47:48Z</time>
   </trkpt>
   <trkpt lat="50.9872250" lon="13.8804290">
    <ele>114.0</ele>
    <time>2026-05-19T13:47:49Z</time>
   </trkpt>
   <trkpt lat="50.9872960" lon="13.8803300">
    <ele>114.0</ele>
    <time>2026-05-19T13:47:50Z</time>
   </trkpt>
   <trkpt lat="50.9873660" lon="13.8802310">
    <ele>114.2</ele>
    <time>2026-05-19T13:47:51Z</time>
   </trkpt>
   <trkpt lat="50.9874370" lon="13.8801370">
    <ele>114.2</ele>
    <time>2026-05-19T13:47:52Z</time>
   </trkpt>
   <trkpt lat="50.9875120" lon="13.8800560">
    <ele>114.2</ele>
    <time>2026-05-19T13:47:53Z</time>
   </trkpt>
   <trkpt lat="50.9875910" lon="13.8799880">
    <ele>114.2</ele>
    <time>2026-05-19T13:47:54Z</time>
   </trkpt>
   <trkpt lat="50.9876740" lon="13.8799300">
    <ele>114.2</ele>
    <time>2026-05-19T13:47:55Z</time>
   </trkpt>
   <trkpt lat="50.9877580" lon="13.8798760">
    <ele>114.2</ele>
    <time>2026-05-19T13:47:56Z</time>
   </trkpt>
   <trkpt lat="50.9878420" lon="13.8798210">
    <ele>114.4</ele>
    <time>2026-05-19T13:47:57Z</time>
   </trkpt>
   <trkpt lat="50.9879250" lon="13.8797620">
    <ele>114.0</ele>
    <time>2026-05-19T13:47:58Z</time>
   </trkpt>
   <trkpt lat="50.9880070" lon="13.8796970">
    <ele>114.2</ele>
    <time>2026-05-19T13:47:59Z</time>
   </trkpt>
   <trkpt lat="50.9880880" lon="13.8796270">
    <ele>114.2</ele>
    <time>2026-05-19T13:48:00Z</time>
   </trkpt>
   <trkpt lat="50.9881710" lon="13.8795620">
    <ele>114.4</ele>
    <time>2026-05-19T13:48:01Z</time>
   </trkpt>
   <trkpt lat="50.9882580" lon="13.8795120">
    <ele>114.4</ele>
    <time>2026-05-19T13:48:02Z</time>
   </trkpt>
   <trkpt lat="50.9883490" lon="13.8794810">
    <ele>114.4</ele>
    <time>2026-05-19T13:48:03Z</time>
   </trkpt>
   <trkpt lat="50.9884420" lon="13.8794640">
    <ele>114.6</ele>
    <time>2026-05-19T13:48:04Z</time>
   </trkpt>
   <trkpt lat="50.9885360" lon="13.8794590">
    <ele>114.6</ele>
    <time>2026-05-19T13:48:05Z</time>
   </trkpt>
   <trkpt lat="50.9886260" lon="13.8794650">
    <ele>114.6</ele>
    <time>2026-05-19T13:48:06Z</time>
   </trkpt>
   <trkpt lat="50.9887030" lon="13.8794770">
    <ele>114.6</ele>
    <time>2026-05-19T13:48:07Z</time>
   </trkpt>
   <trkpt lat="50.9887650" lon="13.8794860">
    <ele>114.6</ele>
    <time>2026-05-19T13:48:08Z</time>
   </trkpt>
   <trkpt lat="50.9888140" lon="13.8794890">
    <ele>115.0</ele>
    <time>2026-05-19T13:48:09Z</time>
   </trkpt>
   <trkpt lat="50.9888610" lon="13.8794820">
    <ele>115.2</ele>
    <time>2026-05-19T13:48:10Z</time>
   </trkpt>
   <trkpt lat="50.9888970" lon="13.8794690">
    <ele>115.4</ele>
    <time>2026-05-19T13:48:11Z</time>
   </trkpt>
   <trkpt lat="50.9889650" lon="13.8794400">
    <ele>115.4</ele>
    <time>2026-05-19T13:48:12Z</time>
   </trkpt>
   <trkpt lat="50.9890310" lon="13.8794100">
    <ele>115.6</ele>
    <time>2026-05-19T13:48:13Z</time>
   </trkpt>
   <trkpt lat="50.9891010" lon="13.8793740">
    <ele>115.6</ele>
    <time>2026-05-19T13:48:14Z</time>
   </trkpt>
   <trkpt lat="50.9891750" lon="13.8793280">
    <ele>115.6</ele>
    <time>2026-05-19T13:48:15Z</time>
   </trkpt>
   <trkpt lat="50.9892530" lon="13.8792730">
    <ele>115.6</ele>
    <time>2026-05-19T13:48:16Z</time>
   </trkpt>
   <trkpt lat="50.9893320" lon="13.8792040">
    <ele>116.0</ele>
    <time>2026-05-19T13:48:17Z</time>
   </trkpt>
   <trkpt lat="50.9894110" lon="13.8791250">
    <ele>116.0</ele>
    <time>2026-05-19T13:48:18Z</time>
   </trkpt>
   <trkpt lat="50.9894900" lon="13.8790390">
    <ele>116.0</ele>
    <time>2026-05-19T13:48:19Z</time>
   </trkpt>
   <trkpt lat="50.9895670" lon="13.8789510">
    <ele>116.2</ele>
    <time>2026-05-19T13:48:20Z</time>
   </trkpt>
   <trkpt lat="50.9896440" lon="13.8788650">
    <ele>116.2</ele>
    <time>2026-05-19T13:48:21Z</time>
   </trkpt>
   <trkpt lat="50.9897200" lon="13.8787810">
    <ele>116.0</ele>
    <time>2026-05-19T13:48:22Z</time>
   </trkpt>
   <trkpt lat="50.9897980" lon="13.8787010">
    <ele>116.0</ele>
    <time>2026-05-19T13:48:23Z</time>
   </trkpt>
   <trkpt lat="50.9898750" lon="13.8786250">
    <ele>115.8</ele>
    <time>2026-05-19T13:48:24Z</time>
   </trkpt>
   <trkpt lat="50.9899540" lon="13.8785520">
    <ele>115.4</ele>
    <time>2026-05-19T13:48:25Z</time>
   </trkpt>
   <trkpt lat="50.9900350" lon="13.8784830">
    <ele>115.0</ele>
    <time>2026-05-19T13:48:26Z</time>
   </trkpt>
   <trkpt lat="50.9901170" lon="13.8784140">
    <ele>114.6</ele>
    <time>2026-05-19T13:48:27Z</time>
   </trkpt>
   <trkpt lat="50.9902000" lon="13.8783450">
    <ele>114.4</ele>
    <time>2026-05-19T13:48:28Z</time>
   </trkpt>
   <trkpt lat="50.9902830" lon="13.8782750">
    <ele>114.4</ele>
    <time>2026-05-19T13:48:29Z</time>
   </trkpt>
   <trkpt lat="50.9903660" lon="13.8782020">
    <ele>114.4</ele>
    <time>2026-05-19T13:48:30Z</time>
   </trkpt>
   <trkpt lat="50.9904500" lon="13.8781270">
    <ele>114.2</ele>
    <time>2026-05-19T13:48:31Z</time>
   </trkpt>
   <trkpt lat="50.9905320" lon="13.8780480">
    <ele>114.2</ele>
    <time>2026-05-19T13:48:32Z</time>
   </trkpt>
   <trkpt lat="50.9906110" lon="13.8779610">
    <ele>114.0</ele>
    <time>2026-05-19T13:48:33Z</time>
   </trkpt>
   <trkpt lat="50.9906850" lon="13.8778650">
    <ele>113.6</ele>
    <time>2026-05-19T13:48:34Z</time>
   </trkpt>
   <trkpt lat="50.9907510" lon="13.8777570">
    <ele>113.4</ele>
    <time>2026-05-19T13:48:35Z</time>
   </trkpt>
   <trkpt lat="50.9908040" lon="13.8776370">
    <ele>113.0</ele>
    <time>2026-05-19T13:48:36Z</time>
   </trkpt>
   <trkpt lat="50.9908390" lon="13.8775080">
    <ele>113.0</ele>
    <time>2026-05-19T13:48:37Z</time>
   </trkpt>
   <trkpt lat="50.9908580" lon="13.8773710">
    <ele>112.8</ele>
    <time>2026-05-19T13:48:38Z</time>
   </trkpt>
   <trkpt lat="50.9908600" lon="13.8772310">
    <ele>112.8</ele>
    <time>2026-05-19T13:48:39Z</time>
   </trkpt>
   <trkpt lat="50.9908490" lon="13.8770870">
    <ele>112.8</ele>
    <time>2026-05-19T13:48:40Z</time>
   </trkpt>
   <trkpt lat="50.9908310" lon="13.8769430">
    <ele>113.0</ele>
    <time>2026-05-19T13:48:41Z</time>
   </trkpt>
   <trkpt lat="50.9908120" lon="13.8767990">
    <ele>113.2</ele>
    <time>2026-05-19T13:48:42Z</time>
   </trkpt>
   <trkpt lat="50.9907940" lon="13.8766570">
    <ele>113.4</ele>
    <time>2026-05-19T13:48:43Z</time>
   </trkpt>
   <trkpt lat="50.9907780" lon="13.8765160">
    <ele>113.6</ele>
    <time>2026-05-19T13:48:44Z</time>
   </trkpt>
   <trkpt lat="50.9907650" lon="13.8763800">
    <ele>113.6</ele>
    <time>2026-05-19T13:48:45Z</time>
   </trkpt>
   <trkpt lat="50.9907600" lon="13.8762500">
    <ele>113.6</ele>
    <time>2026-05-19T13:48:46Z</time>
   </trkpt>
   <trkpt lat="50.9907690" lon="13.8761300">
    <ele>114.4</ele>
    <time>2026-05-19T13:48:47Z</time>
   </trkpt>
   <trkpt lat="50.9908020" lon="13.8760320">
    <ele>114.6</ele>
    <time>2026-05-19T13:48:48Z</time>
   </trkpt>
   <trkpt lat="50.9908600" lon="13.8759670">
    <ele>115.0</ele>
    <time>2026-05-19T13:48:49Z</time>
   </trkpt>
   <trkpt lat="50.9909340" lon="13.8759350">
    <ele>115.0</ele>
    <time>2026-05-19T13:48:50Z</time>
   </trkpt>
   <trkpt lat="50.9910160" lon="13.8759280">
    <ele>115.0</ele>
    <time>2026-05-19T13:48:51Z</time>
   </trkpt>
   <trkpt lat="50.9911010" lon="13.8759380">
    <ele>115.2</ele>
    <time>2026-05-19T13:48:52Z</time>
   </trkpt>
   <trkpt lat="50.9911890" lon="13.8759560">
    <ele>115.2</ele>
    <time>2026-05-19T13:48:53Z</time>
   </trkpt>
   <trkpt lat="50.9912780" lon="13.8759740">
    <ele>115.2</ele>
    <time>2026-05-19T13:48:54Z</time>
   </trkpt>
   <trkpt lat="50.9913680" lon="13.8759870">
    <ele>115.0</ele>
    <time>2026-05-19T13:48:55Z</time>
   </trkpt>
   <trkpt lat="50.9914590" lon="13.8759960">
    <ele>114.8</ele>
    <time>2026-05-19T13:48:56Z</time>
   </trkpt>
   <trkpt lat="50.9915500" lon="13.8760040">
    <ele>114.6</ele>
    <time>2026-05-19T13:48:57Z</time>
   </trkpt>
   <trkpt lat="50.9916420" lon="13.8760120">
    <ele>114.4</ele>
    <time>2026-05-19T13:48:58Z</time>
   </trkpt>
   <trkpt lat="50.9917340" lon="13.8760230">
    <ele>114.2</ele>
    <time>2026-05-19T13:48:59Z</time>
   </trkpt>
   <trkpt lat="50.9918250" lon="13.8760450">
    <ele>114.0</ele>
    <time>2026-05-19T13:49:00Z</time>
   </trkpt>
   <trkpt lat="50.9919150" lon="13.8760800">
    <ele>114.0</ele>
    <time>2026-05-19T13:49:01Z</time>
   </trkpt>
   <trkpt lat="50.9920030" lon="13.8761260">
    <ele>113.8</ele>
    <time>2026-05-19T13:49:02Z</time>
   </trkpt>
   <trkpt lat="50.9920920" lon="13.8761780">
    <ele>113.8</ele>
    <time>2026-05-19T13:49:03Z</time>
   </trkpt>
   <trkpt lat="50.9921800" lon="13.8762290">
    <ele>113.8</ele>
    <time>2026-05-19T13:49:04Z</time>
   </trkpt>
   <trkpt lat="50.9922700" lon="13.8762730">
    <ele>113.8</ele>
    <time>2026-05-19T13:49:05Z</time>
   </trkpt>
   <trkpt lat="50.9923610" lon="13.8763080">
    <ele>113.8</ele>
    <time>2026-05-19T13:49:06Z</time>
   </trkpt>
   <trkpt lat="50.9924530" lon="13.8763320">
    <ele>113.8</ele>
    <time>2026-05-19T13:49:07Z</time>
   </trkpt>
   <trkpt lat="50.9925460" lon="13.8763500">
    <ele>113.8</ele>
    <time>2026-05-19T13:49:08Z</time>
   </trkpt>
   <trkpt lat="50.9926390" lon="13.8763620">
    <ele>113.8</ele>
    <time>2026-05-19T13:49:09Z</time>
   </trkpt>
   <trkpt lat="50.9927310" lon="13.8763730">
    <ele>113.6</ele>
    <time>2026-05-19T13:49:10Z</time>
   </trkpt>
   <trkpt lat="50.9928240" lon="13.8763820">
    <ele>113.6</ele>
    <time>2026-05-19T13:49:11Z</time>
   </trkpt>
   <trkpt lat="50.9929170" lon="13.8763900">
    <ele>113.6</ele>
    <time>2026-05-19T13:49:12Z</time>
   </trkpt>
   <trkpt lat="50.9930090" lon="13.8763980">
    <ele>113.4</ele>
    <time>2026-05-19T13:49:13Z</time>
   </trkpt>
   <trkpt lat="50.9931020" lon="13.8764050">
    <ele>113.2</ele>
    <time>2026-05-19T13:49:14Z</time>
   </trkpt>
   <trkpt lat="50.9931940" lon="13.8764140">
    <ele>113.2</ele>
    <time>2026-05-19T13:49:15Z</time>
   </trkpt>
   <trkpt lat="50.9932860" lon="13.8764220">
    <ele>113.0</ele>
    <time>2026-05-19T13:49:16Z</time>
   </trkpt>
   <trkpt lat="50.9933790" lon="13.8764270">
    <ele>113.0</ele>
    <time>2026-05-19T13:49:17Z</time>
   </trkpt>
   <trkpt lat="50.9934710" lon="13.8764300">
    <ele>113.0</ele>
    <time>2026-05-19T13:49:18Z</time>
   </trkpt>
   <trkpt lat="50.9935620" lon="13.8764280">
    <ele>113.0</ele>
    <time>2026-05-19T13:49:19Z</time>
   </trkpt>
   <trkpt lat="50.9936540" lon="13.8764240">
    <ele>113.0</ele>
    <time>2026-05-19T13:49:20Z</time>
   </trkpt>
   <trkpt lat="50.9937450" lon="13.8764150">
    <ele>112.8</ele>
    <time>2026-05-19T13:49:21Z</time>
   </trkpt>
   <trkpt lat="50.9938360" lon="13.8764010">
    <ele>112.8</ele>
    <time>2026-05-19T13:49:22Z</time>
   </trkpt>
   <trkpt lat="50.9939270" lon="13.8763810">
    <ele>112.6</ele>
    <time>2026-05-19T13:49:23Z</time>
   </trkpt>
   <trkpt lat="50.9940180" lon="13.8763570">
    <ele>112.6</ele>
    <time>2026-05-19T13:49:24Z</time>
   </trkpt>
   <trkpt lat="50.9941090" lon="13.8763310">
    <ele>112.6</ele>
    <time>2026-05-19T13:49:25Z</time>
   </trkpt>
   <trkpt lat="50.9941990" lon="13.8763010">
    <ele>112.6</ele>
    <time>2026-05-19T13:49:26Z</time>
   </trkpt>
   <trkpt lat="50.9942890" lon="13.8762660">
    <ele>112.8</ele>
    <time>2026-05-19T13:49:27Z</time>
   </trkpt>
   <trkpt lat="50.9943770" lon="13.8762230">
    <ele>113.0</ele>
    <time>2026-05-19T13:49:28Z</time>
   </trkpt>
   <trkpt lat="50.9944640" lon="13.8761710">
    <ele>113.0</ele>
    <time>2026-05-19T13:49:29Z</time>
   </trkpt>
   <trkpt lat="50.9945480" lon="13.8761090">
    <ele>113.0</ele>
    <time>2026-05-19T13:49:30Z</time>
   </trkpt>
   <trkpt lat="50.9946310" lon="13.8760400">
    <ele>113.0</ele>
    <time>2026-05-19T13:49:31Z</time>
   </trkpt>
   <trkpt lat="50.9947130" lon="13.8759680">
    <ele>113.4</ele>
    <time>2026-05-19T13:49:32Z</time>
   </trkpt>
   <trkpt lat="50.9947950" lon="13.8758960">
    <ele>113.4</ele>
    <time>2026-05-19T13:49:33Z</time>
   </trkpt>
   <trkpt lat="50.9948770" lon="13.8758250">
    <ele>113.2</ele>
    <time>2026-05-19T13:49:34Z</time>
   </trkpt>
   <trkpt lat="50.9949590" lon="13.8757560">
    <ele>113.0</ele>
    <time>2026-05-19T13:49:35Z</time>
   </trkpt>
   <trkpt lat="50.9950410" lon="13.8756900">
    <ele>113.0</ele>
    <time>2026-05-19T13:49:36Z</time>
   </trkpt>
   <trkpt lat="50.9951230" lon="13.8756260">
    <ele>113.0</ele>
    <time>2026-05-19T13:49:37Z</time>
   </trkpt>
   <trkpt lat="50.9952070" lon="13.8755670">
    <ele>113.0</ele>
    <time>2026-05-19T13:49:38Z</time>
   </trkpt>
   <trkpt lat="50.9952910" lon="13.8755100">
    <ele>113.0</ele>
    <time>2026-05-19T13:49:39Z</time>
   </trkpt>
   <trkpt lat="50.9953760" lon="13.8754560">
    <ele>113.0</ele>
    <time>2026-05-19T13:49:40Z</time>
   </trkpt>
   <trkpt lat="50.9954620" lon="13.8754040">
    <ele>113.0</ele>
    <time>2026-05-19T13:49:41Z</time>
   </trkpt>
   <trkpt lat="50.9955470" lon="13.8753540">
    <ele>113.0</ele>
    <time>2026-05-19T13:49:42Z</time>
   </trkpt>
   <trkpt lat="50.9956320" lon="13.8753050">
    <ele>113.0</ele>
    <time>2026-05-19T13:49:43Z</time>
   </trkpt>
   <trkpt lat="50.9957170" lon="13.8752560">
    <ele>113.0</ele>
    <time>2026-05-19T13:49:44Z</time>
   </trkpt>
   <trkpt lat="50.9958020" lon="13.8752080">
    <ele>112.8</ele>
    <time>2026-05-19T13:49:45Z</time>
   </trkpt>
   <trkpt lat="50.9958870" lon="13.8751590">
    <ele>112.6</ele>
    <time>2026-05-19T13:49:46Z</time>
   </trkpt>
   <trkpt lat="50.9959720" lon="13.8751110">
    <ele>112.6</ele>
    <time>2026-05-19T13:49:47Z</time>
   </trkpt>
   <trkpt lat="50.9960570" lon="13.8750640">
    <ele>112.4</ele>
    <time>2026-05-19T13:49:48Z</time>
   </trkpt>
   <trkpt lat="50.9961440" lon="13.8750180">
    <ele>112.4</ele>
    <time>2026-05-19T13:49:49Z</time>
   </trkpt>
   <trkpt lat="50.9962300" lon="13.8749720">
    <ele>112.4</ele>
    <time>2026-05-19T13:49:50Z</time>
   </trkpt>
   <trkpt lat="50.9963170" lon="13.8749260">
    <ele>112.6</ele>
    <time>2026-05-19T13:49:51Z</time>
   </trkpt>
   <trkpt lat="50.9964040" lon="13.8748810">
    <ele>112.8</ele>
    <time>2026-05-19T13:49:52Z</time>
   </trkpt>
   <trkpt lat="50.9964920" lon="13.8748400">
    <ele>113.0</ele>
    <time>2026-05-19T13:49:53Z</time>
   </trkpt>
   <trkpt lat="50.9965810" lon="13.8748020">
    <ele>113.0</ele>
    <time>2026-05-19T13:49:54Z</time>
   </trkpt>
   <trkpt lat="50.9966690" lon="13.8747670">
    <ele>113.2</ele>
    <time>2026-05-19T13:49:55Z</time>
   </trkpt>
   <trkpt lat="50.9967580" lon="13.8747320">
    <ele>113.2</ele>
    <time>2026-05-19T13:49:56Z</time>
   </trkpt>
   <trkpt lat="50.9968450" lon="13.8746950">
    <ele>113.4</ele>
    <time>2026-05-19T13:49:57Z</time>
   </trkpt>
   <trkpt lat="50.9969300" lon="13.8746580">
    <ele>113.4</ele>
    <time>2026-05-19T13:49:58Z</time>
   </trkpt>
   <trkpt lat="50.9970120" lon="13.8746190">
    <ele>113.4</ele>
    <time>2026-05-19T13:49:59Z</time>
   </trkpt>
   <trkpt lat="50.9970920" lon="13.8745770">
    <ele>113.6</ele>
    <time>2026-05-19T13:50:00Z</time>
   </trkpt>
   <trkpt lat="50.9971690" lon="13.8745340">
    <ele>113.6</ele>
    <time>2026-05-19T13:50:01Z</time>
   </trkpt>
   <trkpt lat="50.9972450" lon="13.8744900">
    <ele>113.6</ele>
    <time>2026-05-19T13:50:02Z</time>
   </trkpt>
   <trkpt lat="50.9973200" lon="13.8744500">
    <ele>114.0</ele>
    <time>2026-05-19T13:50:03Z</time>
   </trkpt>
   <trkpt lat="50.9973950" lon="13.8744140">
    <ele>114.4</ele>
    <time>2026-05-19T13:50:04Z</time>
   </trkpt>
   <trkpt lat="50.9974710" lon="13.8743820">
    <ele>114.8</ele>
    <time>2026-05-19T13:50:05Z</time>
   </trkpt>
   <trkpt lat="50.9975460" lon="13.8743530">
    <ele>115.0</ele>
    <time>2026-05-19T13:50:06Z</time>
   </trkpt>
   <trkpt lat="50.9976210" lon="13.8743250">
    <ele>115.2</ele>
    <time>2026-05-19T13:50:07Z</time>
   </trkpt>
   <trkpt lat="50.9976960" lon="13.8742990">
    <ele>115.2</ele>
    <time>2026-05-19T13:50:08Z</time>
   </trkpt>
   <trkpt lat="50.9977710" lon="13.8742740">
    <ele>115.4</ele>
    <time>2026-05-19T13:50:09Z</time>
   </trkpt>
   <trkpt lat="50.9978450" lon="13.8742460">
    <ele>115.4</ele>
    <time>2026-05-19T13:50:10Z</time>
   </trkpt>
   <trkpt lat="50.9979180" lon="13.8742140">
    <ele>115.2</ele>
    <time>2026-05-19T13:50:11Z</time>
   </trkpt>
   <trkpt lat="50.9979910" lon="13.8741780">
    <ele>115.2</ele>
    <time>2026-05-19T13:50:12Z</time>
   </trkpt>
   <trkpt lat="50.9980630" lon="13.8741380">
    <ele>115.2</ele>
    <time>2026-05-19T13:50:13Z</time>
   </trkpt>
   <trkpt lat="50.9981340" lon="13.8740940">
    <ele>115.2</ele>
    <time>2026-05-19T13:50:14Z</time>
   </trkpt>
   <trkpt lat="50.9982040" lon="13.8740480">
    <ele>115.2</ele>
    <time>2026-05-19T13:50:15Z</time>
   </trkpt>
   <trkpt lat="50.9982730" lon="13.8740000">
    <ele>115.2</ele>
    <time>2026-05-19T13:50:16Z</time>
   </trkpt>
   <trkpt lat="50.9983410" lon="13.8739510">
    <ele>115.2</ele>
    <time>2026-05-19T13:50:17Z</time>
   </trkpt>
   <trkpt lat="50.9984090" lon="13.8739010">
    <ele>115.2</ele>
    <time>2026-05-19T13:50:18Z</time>
   </trkpt>
   <trkpt lat="50.9984780" lon="13.8738520">
    <ele>115.2</ele>
    <time>2026-05-19T13:50:19Z</time>
   </trkpt>
   <trkpt lat="50.9985490" lon="13.8738080">
    <ele>115.2</ele>
    <time>2026-05-19T13:50:20Z</time>
   </trkpt>
   <trkpt lat="50.9986220" lon="13.8737710">
    <ele>115.0</ele>
    <time>2026-05-19T13:50:21Z</time>
   </trkpt>
   <trkpt lat="50.9986950" lon="13.8737360">
    <ele>115.0</ele>
    <time>2026-05-19T13:50:22Z</time>
   </trkpt>
   <trkpt lat="50.9987670" lon="13.8737010">
    <ele>115.0</ele>
    <time>2026-05-19T13:50:23Z</time>
   </trkpt>
   <trkpt lat="50.9988380" lon="13.8736660">
    <ele>115.0</ele>
    <time>2026-05-19T13:50:24Z</time>
   </trkpt>
   <trkpt lat="50.9989080" lon="13.8736270">
    <ele>115.0</ele>
    <time>2026-05-19T13:50:25Z</time>
   </trkpt>
   <trkpt lat="50.9989760" lon="13.8735850">
    <ele>114.8</ele>
    <time>2026-05-19T13:50:26Z</time>
   </trkpt>
   <trkpt lat="50.9990430" lon="13.8735400">
    <ele>114.8</ele>
    <time>2026-05-19T13:50:27Z</time>
   </trkpt>
   <trkpt lat="50.9991090" lon="13.8734930">
    <ele>114.6</ele>
    <time>2026-05-19T13:50:28Z</time>
   </trkpt>
   <trkpt lat="50.9991730" lon="13.8734410">
    <ele>114.6</ele>
    <time>2026-05-19T13:50:29Z</time>
   </trkpt>
   <trkpt lat="50.9992360" lon="13.8733840">
    <ele>114.8</ele>
    <time>2026-05-19T13:50:30Z</time>
   </trkpt>
   <trkpt lat="50.9992960" lon="13.8733250">
    <ele>115.0</ele>
    <time>2026-05-19T13:50:31Z</time>
   </trkpt>
   <trkpt lat="50.9993550" lon="13.8732610">
    <ele>115.0</ele>
    <time>2026-05-19T13:50:32Z</time>
   </trkpt>
   <trkpt lat="50.9994120" lon="13.8731930">
    <ele>115.2</ele>
    <time>2026-05-19T13:50:33Z</time>
   </trkpt>
   <trkpt lat="50.9994680" lon="13.8731230">
    <ele>115.4</ele>
    <time>2026-05-19T13:50:34Z</time>
   </trkpt>
   <trkpt lat="50.9995240" lon="13.8730530">
    <ele>115.4</ele>
    <time>2026-05-19T13:50:35Z</time>
   </trkpt>
   <trkpt lat="50.9995780" lon="13.8729860">
    <ele>115.6</ele>
    <time>2026-05-19T13:50:36Z</time>
   </trkpt>
   <trkpt lat="50.9996340" lon="13.8729210">
    <ele>115.6</ele>
    <time>2026-05-19T13:50:37Z</time>
   </trkpt>
   <trkpt lat="50.9996930" lon="13.8728620">
    <ele>115.6</ele>
    <time>2026-05-19T13:50:38Z</time>
   </trkpt>
   <trkpt lat="50.9997550" lon="13.8728060">
    <ele>115.6</ele>
    <time>2026-05-19T13:50:39Z</time>
   </trkpt>
   <trkpt lat="50.9998210" lon="13.8727540">
    <ele>115.6</ele>
    <time>2026-05-19T13:50:40Z</time>
   </trkpt>
   <trkpt lat="50.9998880" lon="13.8727010">
    <ele>115.6</ele>
    <time>2026-05-19T13:50:41Z</time>
   </trkpt>
   <trkpt lat="50.9999550" lon="13.8726420">
    <ele>115.8</ele>
    <time>2026-05-19T13:50:42Z</time>
   </trkpt>
   <trkpt lat="51.0000150" lon="13.8725710">
    <ele>115.8</ele>
    <time>2026-05-19T13:50:43Z</time>
   </trkpt>
   <trkpt lat="51.0000690" lon="13.8724870">
    <ele>116.0</ele>
    <time>2026-05-19T13:50:44Z</time>
   </trkpt>
   <trkpt lat="51.0001190" lon="13.8723950">
    <ele>116.0</ele>
    <time>2026-05-19T13:50:45Z</time>
   </trkpt>
   <trkpt lat="51.0001660" lon="13.8722970">
    <ele>116.0</ele>
    <time>2026-05-19T13:50:46Z</time>
   </trkpt>
   <trkpt lat="51.0002100" lon="13.8721970">
    <ele>116.0</ele>
    <time>2026-05-19T13:50:47Z</time>
   </trkpt>
   <trkpt lat="51.0002570" lon="13.8721010">
    <ele>116.0</ele>
    <time>2026-05-19T13:50:48Z</time>
   </trkpt>
   <trkpt lat="51.0003080" lon="13.8720120">
    <ele>116.0</ele>
    <time>2026-05-19T13:50:49Z</time>
   </trkpt>
   <trkpt lat="51.0003620" lon="13.8719290">
    <ele>116.2</ele>
    <time>2026-05-19T13:50:50Z</time>
   </trkpt>
   <trkpt lat="51.0004170" lon="13.8718460">
    <ele>116.2</ele>
    <time>2026-05-19T13:50:51Z</time>
   </trkpt>
   <trkpt lat="51.0004730" lon="13.8717630">
    <ele>116.0</ele>
    <time>2026-05-19T13:50:52Z</time>
   </trkpt>
   <trkpt lat="51.0005300" lon="13.8716780">
    <ele>116.0</ele>
    <time>2026-05-19T13:50:53Z</time>
   </trkpt>
   <trkpt lat="51.0005860" lon="13.8715910">
    <ele>116.0</ele>
    <time>2026-05-19T13:50:54Z</time>
   </trkpt>
   <trkpt lat="51.0006400" lon="13.8715010">
    <ele>115.8</ele>
    <time>2026-05-19T13:50:55Z</time>
   </trkpt>
   <trkpt lat="51.0006910" lon="13.8714080">
    <ele>115.8</ele>
    <time>2026-05-19T13:50:56Z</time>
   </trkpt>
   <trkpt lat="51.0007400" lon="13.8713130">
    <ele>115.6</ele>
    <time>2026-05-19T13:50:57Z</time>
   </trkpt>
   <trkpt lat="51.0007870" lon="13.8712180">
    <ele>115.6</ele>
    <time>2026-05-19T13:50:58Z</time>
   </trkpt>
   <trkpt lat="51.0008340" lon="13.8711220">
    <ele>115.6</ele>
    <time>2026-05-19T13:50:59Z</time>
   </trkpt>
   <trkpt lat="51.0008820" lon="13.8710260">
    <ele>115.6</ele>
    <time>2026-05-19T13:51:00Z</time>
   </trkpt>
   <trkpt lat="51.0009320" lon="13.8709330">
    <ele>115.6</ele>
    <time>2026-05-19T13:51:01Z</time>
   </trkpt>
   <trkpt lat="51.0009870" lon="13.8708500">
    <ele>115.8</ele>
    <time>2026-05-19T13:51:02Z</time>
   </trkpt>
   <trkpt lat="51.0010450" lon="13.8707790">
    <ele>116.0</ele>
    <time>2026-05-19T13:51:03Z</time>
   </trkpt>
   <trkpt lat="51.0011060" lon="13.8707140">
    <ele>116.0</ele>
    <time>2026-05-19T13:51:04Z</time>
   </trkpt>
   <trkpt lat="51.0011690" lon="13.8706510">
    <ele>116.2</ele>
    <time>2026-05-19T13:51:05Z</time>
   </trkpt>
   <trkpt lat="51.0012350" lon="13.8705890">
    <ele>116.2</ele>
    <time>2026-05-19T13:51:06Z</time>
   </trkpt>
   <trkpt lat="51.0013050" lon="13.8705250">
    <ele>116.4</ele>
    <time>2026-05-19T13:51:07Z</time>
   </trkpt>
   <trkpt lat="51.0013780" lon="13.8704570">
    <ele>116.4</ele>
    <time>2026-05-19T13:51:08Z</time>
   </trkpt>
   <trkpt lat="51.0014520" lon="13.8703870">
    <ele>116.4</ele>
    <time>2026-05-19T13:51:09Z</time>
   </trkpt>
   <trkpt lat="51.0015280" lon="13.8703150">
    <ele>116.4</ele>
    <time>2026-05-19T13:51:10Z</time>
   </trkpt>
   <trkpt lat="51.0016060" lon="13.8702420">
    <ele>116.4</ele>
    <time>2026-05-19T13:51:11Z</time>
   </trkpt>
   <trkpt lat="51.0016860" lon="13.8701690">
    <ele>116.4</ele>
    <time>2026-05-19T13:51:12Z</time>
   </trkpt>
   <trkpt lat="51.0017680" lon="13.8700950">
    <ele>116.2</ele>
    <time>2026-05-19T13:51:13Z</time>
   </trkpt>
   <trkpt lat="51.0018500" lon="13.8700190">
    <ele>116.2</ele>
    <time>2026-05-19T13:51:14Z</time>
   </trkpt>
   <trkpt lat="51.0019340" lon="13.8699450">
    <ele>116.2</ele>
    <time>2026-05-19T13:51:15Z</time>
   </trkpt>
   <trkpt lat="51.0020190" lon="13.8698710">
    <ele>116.0</ele>
    <time>2026-05-19T13:51:16Z</time>
   </trkpt>
   <trkpt lat="51.0021020" lon="13.8697970">
    <ele>116.0</ele>
    <time>2026-05-19T13:51:17Z</time>
   </trkpt>
   <trkpt lat="51.0021850" lon="13.8697220">
    <ele>116.0</ele>
    <time>2026-05-19T13:51:18Z</time>
   </trkpt>
   <trkpt lat="51.0022670" lon="13.8696460">
    <ele>115.8</ele>
    <time>2026-05-19T13:51:19Z</time>
   </trkpt>
   <trkpt lat="51.0023480" lon="13.8695720">
    <ele>115.8</ele>
    <time>2026-05-19T13:51:20Z</time>
   </trkpt>
   <trkpt lat="51.0024300" lon="13.8695000">
    <ele>115.8</ele>
    <time>2026-05-19T13:51:21Z</time>
   </trkpt>
   <trkpt lat="51.0025140" lon="13.8694270">
    <ele>115.8</ele>
    <time>2026-05-19T13:51:22Z</time>
   </trkpt>
   <trkpt lat="51.0025970" lon="13.8693540">
    <ele>116.0</ele>
    <time>2026-05-19T13:51:23Z</time>
   </trkpt>
   <trkpt lat="51.0026810" lon="13.8692840">
    <ele>116.0</ele>
    <time>2026-05-19T13:51:24Z</time>
   </trkpt>
   <trkpt lat="51.0027640" lon="13.8692150">
    <ele>116.0</ele>
    <time>2026-05-19T13:51:25Z</time>
   </trkpt>
   <trkpt lat="51.0028480" lon="13.8691470">
    <ele>116.0</ele>
    <time>2026-05-19T13:51:26Z</time>
   </trkpt>
   <trkpt lat="51.0029320" lon="13.8690790">
    <ele>116.0</ele>
    <time>2026-05-19T13:51:27Z</time>
   </trkpt>
   <trkpt lat="51.0030150" lon="13.8690110">
    <ele>116.0</ele>
    <time>2026-05-19T13:51:28Z</time>
   </trkpt>
   <trkpt lat="51.0030990" lon="13.8689450">
    <ele>116.0</ele>
    <time>2026-05-19T13:51:29Z</time>
   </trkpt>
   <trkpt lat="51.0031840" lon="13.8688780">
    <ele>116.0</ele>
    <time>2026-05-19T13:51:30Z</time>
   </trkpt>
   <trkpt lat="51.0032680" lon="13.8688120">
    <ele>116.0</ele>
    <time>2026-05-19T13:51:31Z</time>
   </trkpt>
   <trkpt lat="51.0033510" lon="13.8687450">
    <ele>115.8</ele>
    <time>2026-05-19T13:51:32Z</time>
   </trkpt>
   <trkpt lat="51.0034320" lon="13.8686730">
    <ele>115.6</ele>
    <time>2026-05-19T13:51:33Z</time>
   </trkpt>
   <trkpt lat="51.0035110" lon="13.8685980">
    <ele>115.6</ele>
    <time>2026-05-19T13:51:34Z</time>
   </trkpt>
   <trkpt lat="51.0035930" lon="13.8685240">
    <ele>115.6</ele>
    <time>2026-05-19T13:51:35Z</time>
   </trkpt>
   <trkpt lat="51.0036750" lon="13.8684520">
    <ele>115.6</ele>
    <time>2026-05-19T13:51:36Z</time>
   </trkpt>
   <trkpt lat="51.0037550" lon="13.8683800">
    <ele>115.6</ele>
    <time>2026-05-19T13:51:37Z</time>
   </trkpt>
   <trkpt lat="51.0038330" lon="13.8683080">
    <ele>115.6</ele>
    <time>2026-05-19T13:51:38Z</time>
   </trkpt>
   <trkpt lat="51.0039090" lon="13.8682380">
    <ele>115.6</ele>
    <time>2026-05-19T13:51:39Z</time>
   </trkpt>
   <trkpt lat="51.0039870" lon="13.8681700">
    <ele>115.6</ele>
    <time>2026-05-19T13:51:40Z</time>
   </trkpt>
   <trkpt lat="51.0040650" lon="13.8681050">
    <ele>115.6</ele>
    <time>2026-05-19T13:51:41Z</time>
   </trkpt>
   <trkpt lat="51.0041410" lon="13.8680440">
    <ele>115.6</ele>
    <time>2026-05-19T13:51:42Z</time>
   </trkpt>
   <trkpt lat="51.0042170" lon="13.8679830">
    <ele>115.6</ele>
    <time>2026-05-19T13:51:43Z</time>
   </trkpt>
   <trkpt lat="51.0042930" lon="13.8679270">
    <ele>115.4</ele>
    <time>2026-05-19T13:51:44Z</time>
   </trkpt>
   <trkpt lat="51.0043690" lon="13.8678760">
    <ele>115.4</ele>
    <time>2026-05-19T13:51:45Z</time>
   </trkpt>
   <trkpt lat="51.0044490" lon="13.8678250">
    <ele>115.4</ele>
    <time>2026-05-19T13:51:46Z</time>
   </trkpt>
   <trkpt lat="51.0045320" lon="13.8677790">
    <ele>115.4</ele>
    <time>2026-05-19T13:51:47Z</time>
   </trkpt>
   <trkpt lat="51.0046210" lon="13.8677440">
    <ele>115.4</ele>
    <time>2026-05-19T13:51:48Z</time>
   </trkpt>
   <trkpt lat="51.0047140" lon="13.8677180">
    <ele>115.4</ele>
    <time>2026-05-19T13:51:49Z</time>
   </trkpt>
   <trkpt lat="51.0048080" lon="13.8676960">
    <ele>115.4</ele>
    <time>2026-05-19T13:51:50Z</time>
   </trkpt>
   <trkpt lat="51.0049000" lon="13.8676740">
    <ele>115.4</ele>
    <time>2026-05-19T13:51:51Z</time>
   </trkpt>
   <trkpt lat="51.0049880" lon="13.8676510">
    <ele>115.2</ele>
    <time>2026-05-19T13:51:52Z</time>
   </trkpt>
   <trkpt lat="51.0050760" lon="13.8676270">
    <ele>115.2</ele>
    <time>2026-05-19T13:51:53Z</time>
   </trkpt>
   <trkpt lat="51.0051630" lon="13.8676030">
    <ele>115.2</ele>
    <time>2026-05-19T13:51:54Z</time>
   </trkpt>
   <trkpt lat="51.0052490" lon="13.8675750">
    <ele>115.0</ele>
    <time>2026-05-19T13:51:55Z</time>
   </trkpt>
   <trkpt lat="51.0053320" lon="13.8675400">
    <ele>115.0</ele>
    <time>2026-05-19T13:51:56Z</time>
   </trkpt>
   <trkpt lat="51.0054110" lon="13.8674990">
    <ele>115.2</ele>
    <time>2026-05-19T13:51:57Z</time>
   </trkpt>
   <trkpt lat="51.0054860" lon="13.8674550">
    <ele>115.4</ele>
    <time>2026-05-19T13:51:58Z</time>
   </trkpt>
   <trkpt lat="51.0055590" lon="13.8674030">
    <ele>115.6</ele>
    <time>2026-05-19T13:51:59Z</time>
   </trkpt>
   <trkpt lat="51.0056300" lon="13.8673390">
    <ele>115.6</ele>
    <time>2026-05-19T13:52:00Z</time>
   </trkpt>
   <trkpt lat="51.0057000" lon="13.8672660">
    <ele>116.0</ele>
    <time>2026-05-19T13:52:01Z</time>
   </trkpt>
   <trkpt lat="51.0057700" lon="13.8671910">
    <ele>116.2</ele>
    <time>2026-05-19T13:52:02Z</time>
   </trkpt>
   <trkpt lat="51.0058400" lon="13.8671150">
    <ele>116.4</ele>
    <time>2026-05-19T13:52:03Z</time>
   </trkpt>
   <trkpt lat="51.0059100" lon="13.8670380">
    <ele>116.4</ele>
    <time>2026-05-19T13:52:04Z</time>
   </trkpt>
   <trkpt lat="51.0059800" lon="13.8669610">
    <ele>116.4</ele>
    <time>2026-05-19T13:52:05Z</time>
   </trkpt>
   <trkpt lat="51.0060510" lon="13.8668860">
    <ele>116.4</ele>
    <time>2026-05-19T13:52:06Z</time>
   </trkpt>
   <trkpt lat="51.0061230" lon="13.8668130">
    <ele>116.2</ele>
    <time>2026-05-19T13:52:07Z</time>
   </trkpt>
   <trkpt lat="51.0061950" lon="13.8667400">
    <ele>116.2</ele>
    <time>2026-05-19T13:52:08Z</time>
   </trkpt>
   <trkpt lat="51.0062670" lon="13.8666650">
    <ele>116.0</ele>
    <time>2026-05-19T13:52:09Z</time>
   </trkpt>
   <trkpt lat="51.0063380" lon="13.8665860">
    <ele>116.0</ele>
    <time>2026-05-19T13:52:10Z</time>
   </trkpt>
   <trkpt lat="51.0064070" lon="13.8665030">
    <ele>116.0</ele>
    <time>2026-05-19T13:52:11Z</time>
   </trkpt>
   <trkpt lat="51.0064730" lon="13.8664150">
    <ele>116.0</ele>
    <time>2026-05-19T13:52:12Z</time>
   </trkpt>
   <trkpt lat="51.0065360" lon="13.8663230">
    <ele>116.0</ele>
    <time>2026-05-19T13:52:13Z</time>
   </trkpt>
   <trkpt lat="51.0066000" lon="13.8662290">
    <ele>116.0</ele>
    <time>2026-05-19T13:52:14Z</time>
   </trkpt>
   <trkpt lat="51.0066680" lon="13.8661380">
    <ele>116.0</ele>
    <time>2026-05-19T13:52:15Z</time>
   </trkpt>
   <trkpt lat="51.0067390" lon="13.8660540">
    <ele>116.0</ele>
    <time>2026-05-19T13:52:16Z</time>
   </trkpt>
   <trkpt lat="51.0068120" lon="13.8659790">
    <ele>116.2</ele>
    <time>2026-05-19T13:52:17Z</time>
   </trkpt>
   <trkpt lat="51.0068890" lon="13.8659090">
    <ele>116.2</ele>
    <time>2026-05-19T13:52:18Z</time>
   </trkpt>
   <trkpt lat="51.0069650" lon="13.8658380">
    <ele>116.0</ele>
    <time>2026-05-19T13:52:19Z</time>
   </trkpt>
   <trkpt lat="51.0070380" lon="13.8657550">
    <ele>115.4</ele>
    <time>2026-05-19T13:52:20Z</time>
   </trkpt>
   <trkpt lat="51.0071050" lon="13.8656610">
    <ele>114.6</ele>
    <time>2026-05-19T13:52:21Z</time>
   </trkpt>
   <trkpt lat="51.0071680" lon="13.8655600">
    <ele>114.2</ele>
    <time>2026-05-19T13:52:22Z</time>
   </trkpt>
   <trkpt lat="51.0072280" lon="13.8654550">
    <ele>113.8</ele>
    <time>2026-05-19T13:52:23Z</time>
   </trkpt>
   <trkpt lat="51.0072880" lon="13.8653490">
    <ele>113.6</ele>
    <time>2026-05-19T13:52:24Z</time>
   </trkpt>
   <trkpt lat="51.0073450" lon="13.8652420">
    <ele>113.4</ele>
    <time>2026-05-19T13:52:25Z</time>
   </trkpt>
   <trkpt lat="51.0073970" lon="13.8651310">
    <ele>113.4</ele>
    <time>2026-05-19T13:52:26Z</time>
   </trkpt>
   <trkpt lat="51.0074410" lon="13.8650140">
    <ele>113.2</ele>
    <time>2026-05-19T13:52:27Z</time>
   </trkpt>
   <trkpt lat="51.0074800" lon="13.8648940">
    <ele>113.2</ele>
    <time>2026-05-19T13:52:28Z</time>
   </trkpt>
   <trkpt lat="51.0075200" lon="13.8647750">
    <ele>113.6</ele>
    <time>2026-05-19T13:52:29Z</time>
   </trkpt>
   <trkpt lat="51.0075650" lon="13.8646620">
    <ele>113.8</ele>
    <time>2026-05-19T13:52:30Z</time>
   </trkpt>
   <trkpt lat="51.0076160" lon="13.8645540">
    <ele>114.0</ele>
    <time>2026-05-19T13:52:31Z</time>
   </trkpt>
   <trkpt lat="51.0076710" lon="13.8644510">
    <ele>114.0</ele>
    <time>2026-05-19T13:52:32Z</time>
   </trkpt>
   <trkpt lat="51.0077290" lon="13.8643490">
    <ele>114.0</ele>
    <time>2026-05-19T13:52:33Z</time>
   </trkpt>
   <trkpt lat="51.0077850" lon="13.8642490">
    <ele>114.0</ele>
    <time>2026-05-19T13:52:34Z</time>
   </trkpt>
   <trkpt lat="51.0078410" lon="13.8641460">
    <ele>114.0</ele>
    <time>2026-05-19T13:52:35Z</time>
   </trkpt>
   <trkpt lat="51.0078970" lon="13.8640400">
    <ele>114.0</ele>
    <time>2026-05-19T13:52:36Z</time>
   </trkpt>
   <trkpt lat="51.0079510" lon="13.8639300">
    <ele>113.8</ele>
    <time>2026-05-19T13:52:37Z</time>
   </trkpt>
   <trkpt lat="51.0080050" lon="13.8638170">
    <ele>113.6</ele>
    <time>2026-05-19T13:52:38Z</time>
   </trkpt>
   <trkpt lat="51.0080610" lon="13.8637050">
    <ele>114.0</ele>
    <time>2026-05-19T13:52:39Z</time>
   </trkpt>
   <trkpt lat="51.0081190" lon="13.8635950">
    <ele>114.0</ele>
    <time>2026-05-19T13:52:40Z</time>
   </trkpt>
   <trkpt lat="51.0081780" lon="13.8634860">
    <ele>114.2</ele>
    <time>2026-05-19T13:52:41Z</time>
   </trkpt>
   <trkpt lat="51.0082370" lon="13.8633770">
    <ele>114.4</ele>
    <time>2026-05-19T13:52:42Z</time>
   </trkpt>
   <trkpt lat="51.0082940" lon="13.8632690">
    <ele>114.6</ele>
    <time>2026-05-19T13:52:43Z</time>
   </trkpt>
   <trkpt lat="51.0083510" lon="13.8631620">
    <ele>114.6</ele>
    <time>2026-05-19T13:52:44Z</time>
   </trkpt>
   <trkpt lat="51.0084060" lon="13.8630540">
    <ele>114.6</ele>
    <time>2026-05-19T13:52:45Z</time>
   </trkpt>
   <trkpt lat="51.0084580" lon="13.8629450">
    <ele>114.6</ele>
    <time>2026-05-19T13:52:46Z</time>
   </trkpt>
   <trkpt lat="51.0085070" lon="13.8628350">
    <ele>114.6</ele>
    <time>2026-05-19T13:52:47Z</time>
   </trkpt>
   <trkpt lat="51.0085520" lon="13.8627220">
    <ele>114.6</ele>
    <time>2026-05-19T13:52:48Z</time>
   </trkpt>
   <trkpt lat="51.0085950" lon="13.8626070">
    <ele>114.6</ele>
    <time>2026-05-19T13:52:49Z</time>
   </trkpt>
   <trkpt lat="51.0086350" lon="13.8624880">
    <ele>114.8</ele>
    <time>2026-05-19T13:52:50Z</time>
   </trkpt>
   <trkpt lat="51.0086740" lon="13.8623670">
    <ele>115.0</ele>
    <time>2026-05-19T13:52:51Z</time>
   </trkpt>
   <trkpt lat="51.0087120" lon="13.8622460">
    <ele>115.2</ele>
    <time>2026-05-19T13:52:52Z</time>
   </trkpt>
   <trkpt lat="51.0087510" lon="13.8621240">
    <ele>115.4</ele>
    <time>2026-05-19T13:52:53Z</time>
   </trkpt>
   <trkpt lat="51.0087890" lon="13.8620020">
    <ele>115.6</ele>
    <time>2026-05-19T13:52:54Z</time>
   </trkpt>
   <trkpt lat="51.0088260" lon="13.8618800">
    <ele>115.6</ele>
    <time>2026-05-19T13:52:55Z</time>
   </trkpt>
   <trkpt lat="51.0088620" lon="13.8617610">
    <ele>115.6</ele>
    <time>2026-05-19T13:52:56Z</time>
   </trkpt>
   <trkpt lat="51.0088980" lon="13.8616420">
    <ele>115.6</ele>
    <time>2026-05-19T13:52:57Z</time>
   </trkpt>
   <trkpt lat="51.0089330" lon="13.8615230">
    <ele>115.6</ele>
    <time>2026-05-19T13:52:58Z</time>
   </trkpt>
   <trkpt lat="51.0089670" lon="13.8614050">
    <ele>115.6</ele>
    <time>2026-05-19T13:52:59Z</time>
   </trkpt>
   <trkpt lat="51.0090000" lon="13.8612910">
    <ele>116.2</ele>
    <time>2026-05-19T13:53:00Z</time>
   </trkpt>
   <trkpt lat="51.0090320" lon="13.8611790">
    <ele>116.6</ele>
    <time>2026-05-19T13:53:01Z</time>
   </trkpt>
   <trkpt lat="51.0090610" lon="13.8610730">
    <ele>117.0</ele>
    <time>2026-05-19T13:53:02Z</time>
   </trkpt>
   <trkpt lat="51.0090860" lon="13.8609740">
    <ele>117.0</ele>
    <time>2026-05-19T13:53:03Z</time>
   </trkpt>
   <trkpt lat="51.0091120" lon="13.8608770">
    <ele>117.2</ele>
    <time>2026-05-19T13:53:04Z</time>
   </trkpt>
   <trkpt lat="51.0091360" lon="13.8607730">
    <ele>117.4</ele>
    <time>2026-05-19T13:53:05Z</time>
   </trkpt>
   <trkpt lat="51.0091590" lon="13.8606630">
    <ele>117.6</ele>
    <time>2026-05-19T13:53:06Z</time>
   </trkpt>
   <trkpt lat="51.0091830" lon="13.8605470">
    <ele>117.6</ele>
    <time>2026-05-19T13:53:07Z</time>
   </trkpt>
   <trkpt lat="51.0092070" lon="13.8604250">
    <ele>117.8</ele>
    <time>2026-05-19T13:53:08Z</time>
   </trkpt>
   <trkpt lat="51.0092320" lon="13.8603010">
    <ele>118.0</ele>
    <time>2026-05-19T13:53:09Z</time>
   </trkpt>
   <trkpt lat="51.0092600" lon="13.8601730">
    <ele>118.0</ele>
    <time>2026-05-19T13:53:10Z</time>
   </trkpt>
   <trkpt lat="51.0092920" lon="13.8600450">
    <ele>118.2</ele>
    <time>2026-05-19T13:53:11Z</time>
   </trkpt>
   <trkpt lat="51.0093270" lon="13.8599170">
    <ele>118.2</ele>
    <time>2026-05-19T13:53:12Z</time>
   </trkpt>
   <trkpt lat="51.0093650" lon="13.8597920">
    <ele>118.2</ele>
    <time>2026-05-19T13:53:13Z</time>
   </trkpt>
   <trkpt lat="51.0094080" lon="13.8596710">
    <ele>117.8</ele>
    <time>2026-05-19T13:53:14Z</time>
   </trkpt>
   <trkpt lat="51.0094560" lon="13.8595520">
    <ele>117.6</ele>
    <time>2026-05-19T13:53:15Z</time>
   </trkpt>
   <trkpt lat="51.0095070" lon="13.8594360">
    <ele>117.2</ele>
    <time>2026-05-19T13:53:16Z</time>
   </trkpt>
   <trkpt lat="51.0095590" lon="13.8593220">
    <ele>116.4</ele>
    <time>2026-05-19T13:53:17Z</time>
   </trkpt>
   <trkpt lat="51.0096140" lon="13.8592100">
    <ele>115.8</ele>
    <time>2026-05-19T13:53:18Z</time>
   </trkpt>
   <trkpt lat="51.0096720" lon="13.8591020">
    <ele>115.4</ele>
    <time>2026-05-19T13:53:19Z</time>
   </trkpt>
   <trkpt lat="51.0097300" lon="13.8589960">
    <ele>115.0</ele>
    <time>2026-05-19T13:53:20Z</time>
   </trkpt>
   <trkpt lat="51.0097900" lon="13.8588910">
    <ele>114.6</ele>
    <time>2026-05-19T13:53:21Z</time>
   </trkpt>
   <trkpt lat="51.0098490" lon="13.8587830">
    <ele>114.6</ele>
    <time>2026-05-19T13:53:22Z</time>
   </trkpt>
   <trkpt lat="51.0099060" lon="13.8586730">
    <ele>114.4</ele>
    <time>2026-05-19T13:53:23Z</time>
   </trkpt>
   <trkpt lat="51.0099600" lon="13.8585580">
    <ele>114.0</ele>
    <time>2026-05-19T13:53:24Z</time>
   </trkpt>
   <trkpt lat="51.0100090" lon="13.8584370">
    <ele>114.0</ele>
    <time>2026-05-19T13:53:25Z</time>
   </trkpt>
   <trkpt lat="51.0100550" lon="13.8583130">
    <ele>114.0</ele>
    <time>2026-05-19T13:53:26Z</time>
   </trkpt>
   <trkpt lat="51.0101010" lon="13.8581890">
    <ele>114.0</ele>
    <time>2026-05-19T13:53:27Z</time>
   </trkpt>
   <trkpt lat="51.0101480" lon="13.8580660">
    <ele>114.0</ele>
    <time>2026-05-19T13:53:28Z</time>
   </trkpt>
   <trkpt lat="51.0101980" lon="13.8579450">
    <ele>114.2</ele>
    <time>2026-05-19T13:53:29Z</time>
   </trkpt>
   <trkpt lat="51.0102510" lon="13.8578260">
    <ele>114.4</ele>
    <time>2026-05-19T13:53:30Z</time>
   </trkpt>
   <trkpt lat="51.0103060" lon="13.8577080">
    <ele>114.6</ele>
    <time>2026-05-19T13:53:31Z</time>
   </trkpt>
   <trkpt lat="51.0103640" lon="13.8575930">
    <ele>114.6</ele>
    <time>2026-05-19T13:53:32Z</time>
   </trkpt>
   <trkpt lat="51.0104230" lon="13.8574800">
    <ele>114.6</ele>
    <time>2026-05-19T13:53:33Z</time>
   </trkpt>
   <trkpt lat="51.0104830" lon="13.8573680">
    <ele>114.8</ele>
    <time>2026-05-19T13:53:34Z</time>
   </trkpt>
   <trkpt lat="51.0105430" lon="13.8572590">
    <ele>114.8</ele>
    <time>2026-05-19T13:53:35Z</time>
   </trkpt>
   <trkpt lat="51.0106050" lon="13.8571510">
    <ele>115.0</ele>
    <time>2026-05-19T13:53:36Z</time>
   </trkpt>
   <trkpt lat="51.0106670" lon="13.8570440">
    <ele>115.2</ele>
    <time>2026-05-19T13:53:37Z</time>
   </trkpt>
   <trkpt lat="51.0107290" lon="13.8569370">
    <ele>115.0</ele>
    <time>2026-05-19T13:53:38Z</time>
   </trkpt>
   <trkpt lat="51.0107910" lon="13.8568270">
    <ele>115.2</ele>
    <time>2026-05-19T13:53:39Z</time>
   </trkpt>
   <trkpt lat="51.0108540" lon="13.8567170">
    <ele>115.4</ele>
    <time>2026-05-19T13:53:40Z</time>
   </trkpt>
   <trkpt lat="51.0109180" lon="13.8566060">
    <ele>115.4</ele>
    <time>2026-05-19T13:53:41Z</time>
   </trkpt>
   <trkpt lat="51.0109820" lon="13.8564950">
    <ele>115.4</ele>
    <time>2026-05-19T13:53:42Z</time>
   </trkpt>
   <trkpt lat="51.0110470" lon="13.8563840">
    <ele>115.4</ele>
    <time>2026-05-19T13:53:43Z</time>
   </trkpt>
   <trkpt lat="51.0111120" lon="13.8562760">
    <ele>115.4</ele>
    <time>2026-05-19T13:53:44Z</time>
   </trkpt>
   <trkpt lat="51.0111790" lon="13.8561680">
    <ele>115.4</ele>
    <time>2026-05-19T13:53:45Z</time>
   </trkpt>
   <trkpt lat="51.0112460" lon="13.8560600">
    <ele>115.4</ele>
    <time>2026-05-19T13:53:46Z</time>
   </trkpt>
   <trkpt lat="51.0113130" lon="13.8559500">
    <ele>115.4</ele>
    <time>2026-05-19T13:53:47Z</time>
   </trkpt>
   <trkpt lat="51.0113780" lon="13.8558380">
    <ele>115.6</ele>
    <time>2026-05-19T13:53:48Z</time>
   </trkpt>
   <trkpt lat="51.0114430" lon="13.8557250">
    <ele>115.6</ele>
    <time>2026-05-19T13:53:49Z</time>
   </trkpt>
   <trkpt lat="51.0115060" lon="13.8556110">
    <ele>115.6</ele>
    <time>2026-05-19T13:53:50Z</time>
   </trkpt>
   <trkpt lat="51.0115670" lon="13.8554970">
    <ele>115.6</ele>
    <time>2026-05-19T13:53:51Z</time>
   </trkpt>
   <trkpt lat="51.0116290" lon="13.8553810">
    <ele>115.8</ele>
    <time>2026-05-19T13:53:52Z</time>
   </trkpt>
   <trkpt lat="51.0116890" lon="13.8552660">
    <ele>115.8</ele>
    <time>2026-05-19T13:53:53Z</time>
   </trkpt>
   <trkpt lat="51.0117490" lon="13.8551520">
    <ele>116.0</ele>
    <time>2026-05-19T13:53:54Z</time>
   </trkpt>
   <trkpt lat="51.0118060" lon="13.8550360">
    <ele>116.0</ele>
    <time>2026-05-19T13:53:55Z</time>
   </trkpt>
   <trkpt lat="51.0118620" lon="13.8549190">
    <ele>116.0</ele>
    <time>2026-05-19T13:53:56Z</time>
   </trkpt>
   <trkpt lat="51.0119190" lon="13.8548050">
    <ele>116.0</ele>
    <time>2026-05-19T13:53:57Z</time>
   </trkpt>
   <trkpt lat="51.0119810" lon="13.8546950">
    <ele>116.0</ele>
    <time>2026-05-19T13:53:58Z</time>
   </trkpt>
   <trkpt lat="51.0120440" lon="13.8545880">
    <ele>116.2</ele>
    <time>2026-05-19T13:53:59Z</time>
   </trkpt>
   <trkpt lat="51.0121060" lon="13.8544810">
    <ele>116.2</ele>
    <time>2026-05-19T13:54:00Z</time>
   </trkpt>
   <trkpt lat="51.0121670" lon="13.8543710">
    <ele>116.2</ele>
    <time>2026-05-19T13:54:01Z</time>
   </trkpt>
   <trkpt lat="51.0122290" lon="13.8542610">
    <ele>116.0</ele>
    <time>2026-05-19T13:54:02Z</time>
   </trkpt>
   <trkpt lat="51.0122900" lon="13.8541540">
    <ele>116.0</ele>
    <time>2026-05-19T13:54:03Z</time>
   </trkpt>
   <trkpt lat="51.0123500" lon="13.8540500">
    <ele>116.0</ele>
    <time>2026-05-19T13:54:04Z</time>
   </trkpt>
   <trkpt lat="51.0124100" lon="13.8539510">
    <ele>116.0</ele>
    <time>2026-05-19T13:54:05Z</time>
   </trkpt>
   <trkpt lat="51.0124670" lon="13.8538570">
    <ele>116.0</ele>
    <time>2026-05-19T13:54:06Z</time>
   </trkpt>
   <trkpt lat="51.0125240" lon="13.8537680">
    <ele>116.0</ele>
    <time>2026-05-19T13:54:07Z</time>
   </trkpt>
   <trkpt lat="51.0125800" lon="13.8536820">
    <ele>116.4</ele>
    <time>2026-05-19T13:54:08Z</time>
   </trkpt>
   <trkpt lat="51.0126350" lon="13.8535980">
    <ele>117.0</ele>
    <time>2026-05-19T13:54:09Z</time>
   </trkpt>
   <trkpt lat="51.0126880" lon="13.8535160">
    <ele>117.6</ele>
    <time>2026-05-19T13:54:10Z</time>
   </trkpt>
   <trkpt lat="51.0127400" lon="13.8534360">
    <ele>118.0</ele>
    <time>2026-05-19T13:54:11Z</time>
   </trkpt>
   <trkpt lat="51.0127900" lon="13.8533590">
    <ele>118.4</ele>
    <time>2026-05-19T13:54:12Z</time>
   </trkpt>
   <trkpt lat="51.0128390" lon="13.8532820">
    <ele>118.4</ele>
    <time>2026-05-19T13:54:13Z</time>
   </trkpt>
   <trkpt lat="51.0128880" lon="13.8532070">
    <ele>118.2</ele>
    <time>2026-05-19T13:54:14Z</time>
   </trkpt>
   <trkpt lat="51.0129360" lon="13.8531310">
    <ele>118.0</ele>
    <time>2026-05-19T13:54:15Z</time>
   </trkpt>
   <trkpt lat="51.0129840" lon="13.8530570">
    <ele>118.0</ele>
    <time>2026-05-19T13:54:16Z</time>
   </trkpt>
   <trkpt lat="51.0130330" lon="13.8529840">
    <ele>118.0</ele>
    <time>2026-05-19T13:54:17Z</time>
   </trkpt>
   <trkpt lat="51.0130820" lon="13.8529100">
    <ele>117.8</ele>
    <time>2026-05-19T13:54:18Z</time>
   </trkpt>
   <trkpt lat="51.0131290" lon="13.8528360">
    <ele>117.6</ele>
    <time>2026-05-19T13:54:19Z</time>
   </trkpt>
   <trkpt lat="51.0131750" lon="13.8527610">
    <ele>117.6</ele>
    <time>2026-05-19T13:54:20Z</time>
   </trkpt>
   <trkpt lat="51.0132220" lon="13.8526860">
    <ele>117.6</ele>
    <time>2026-05-19T13:54:21Z</time>
   </trkpt>
   <trkpt lat="51.0132690" lon="13.8526120">
    <ele>117.6</ele>
    <time>2026-05-19T13:54:22Z</time>
   </trkpt>
   <trkpt lat="51.0133160" lon="13.8525390">
    <ele>117.6</ele>
    <time>2026-05-19T13:54:23Z</time>
   </trkpt>
   <trkpt lat="51.0133630" lon="13.8524680">
    <ele>117.6</ele>
    <time>2026-05-19T13:54:24Z</time>
   </trkpt>
   <trkpt lat="51.0134100" lon="13.8523970">
    <ele>117.6</ele>
    <time>2026-05-19T13:54:25Z</time>
   </trkpt>
   <trkpt lat="51.0134580" lon="13.8523260">
    <ele>117.6</ele>
    <time>2026-05-19T13:54:26Z</time>
   </trkpt>
   <trkpt lat="51.0135080" lon="13.8522580">
    <ele>117.6</ele>
    <time>2026-05-19T13:54:27Z</time>
   </trkpt>
   <trkpt lat="51.0135600" lon="13.8521910">
    <ele>117.6</ele>
    <time>2026-05-19T13:54:28Z</time>
   </trkpt>
   <trkpt lat="51.0136130" lon="13.8521250">
    <ele>117.6</ele>
    <time>2026-05-19T13:54:29Z</time>
   </trkpt>
   <trkpt lat="51.0136650" lon="13.8520590">
    <ele>117.6</ele>
    <time>2026-05-19T13:54:30Z</time>
   </trkpt>
   <trkpt lat="51.0137190" lon="13.8519930">
    <ele>117.6</ele>
    <time>2026-05-19T13:54:31Z</time>
   </trkpt>
   <trkpt lat="51.0137730" lon="13.8519250">
    <ele>117.6</ele>
    <time>2026-05-19T13:54:32Z</time>
   </trkpt>
   <trkpt lat="51.0138280" lon="13.8518570">
    <ele>118.0</ele>
    <time>2026-05-19T13:54:33Z</time>
   </trkpt>
   <trkpt lat="51.0138850" lon="13.8517890">
    <ele>118.0</ele>
    <time>2026-05-19T13:54:34Z</time>
   </trkpt>
   <trkpt lat="51.0139410" lon="13.8517220">
    <ele>118.0</ele>
    <time>2026-05-19T13:54:35Z</time>
   </trkpt>
   <trkpt lat="51.0139970" lon="13.8516560">
    <ele>118.0</ele>
    <time>2026-05-19T13:54:36Z</time>
   </trkpt>
   <trkpt lat="51.0140510" lon="13.8515890">
    <ele>118.0</ele>
    <time>2026-05-19T13:54:37Z</time>
   </trkpt>
   <trkpt lat="51.0141030" lon="13.8515210">
    <ele>118.0</ele>
    <time>2026-05-19T13:54:38Z</time>
   </trkpt>
   <trkpt lat="51.0141520" lon="13.8514530">
    <ele>118.0</ele>
    <time>2026-05-19T13:54:39Z</time>
   </trkpt>
   <trkpt lat="51.0142020" lon="13.8513840">
    <ele>118.0</ele>
    <time>2026-05-19T13:54:40Z</time>
   </trkpt>
   <trkpt lat="51.0142510" lon="13.8513160">
    <ele>118.0</ele>
    <time>2026-05-19T13:54:41Z</time>
   </trkpt>
   <trkpt lat="51.0143010" lon="13.8512460">
    <ele>118.0</ele>
    <time>2026-05-19T13:54:42Z</time>
   </trkpt>
   <trkpt lat="51.0143520" lon="13.8511720">
    <ele>117.8</ele>
    <time>2026-05-19T13:54:43Z</time>
   </trkpt>
   <trkpt lat="51.0144030" lon="13.8510960">
    <ele>117.6</ele>
    <time>2026-05-19T13:54:44Z</time>
   </trkpt>
   <trkpt lat="51.0144530" lon="13.8510180">
    <ele>117.4</ele>
    <time>2026-05-19T13:54:45Z</time>
   </trkpt>
   <trkpt lat="51.0145040" lon="13.8509410">
    <ele>117.2</ele>
    <time>2026-05-19T13:54:46Z</time>
   </trkpt>
   <trkpt lat="51.0145540" lon="13.8508630">
    <ele>117.0</ele>
    <time>2026-05-19T13:54:47Z</time>
   </trkpt>
   <trkpt lat="51.0146040" lon="13.8507850">
    <ele>117.0</ele>
    <time>2026-05-19T13:54:48Z</time>
   </trkpt>
   <trkpt lat="51.0146520" lon="13.8507050">
    <ele>117.0</ele>
    <time>2026-05-19T13:54:49Z</time>
   </trkpt>
   <trkpt lat="51.0147010" lon="13.8506250">
    <ele>117.0</ele>
    <time>2026-05-19T13:54:50Z</time>
   </trkpt>
   <trkpt lat="51.0147500" lon="13.8505450">
    <ele>117.0</ele>
    <time>2026-05-19T13:54:51Z</time>
   </trkpt>
   <trkpt lat="51.0147980" lon="13.8504660">
    <ele>117.0</ele>
    <time>2026-05-19T13:54:52Z</time>
   </trkpt>
   <trkpt lat="51.0148460" lon="13.8503870">
    <ele>117.0</ele>
    <time>2026-05-19T13:54:53Z</time>
   </trkpt>
   <trkpt lat="51.0148930" lon="13.8503070">
    <ele>117.0</ele>
    <time>2026-05-19T13:54:54Z</time>
   </trkpt>
   <trkpt lat="51.0149400" lon="13.8502240">
    <ele>117.0</ele>
    <time>2026-05-19T13:54:55Z</time>
   </trkpt>
   <trkpt lat="51.0149910" lon="13.8501400">
    <ele>117.0</ele>
    <time>2026-05-19T13:54:56Z</time>
   </trkpt>
   <trkpt lat="51.0150440" lon="13.8500550">
    <ele>116.8</ele>
    <time>2026-05-19T13:54:57Z</time>
   </trkpt>
   <trkpt lat="51.0151010" lon="13.8499680">
    <ele>116.8</ele>
    <time>2026-05-19T13:54:58Z</time>
   </trkpt>
   <trkpt lat="51.0151590" lon="13.8498780">
    <ele>116.6</ele>
    <time>2026-05-19T13:54:59Z</time>
   </trkpt>
   <trkpt lat="51.0152190" lon="13.8497840">
    <ele>116.6</ele>
    <time>2026-05-19T13:55:00Z</time>
   </trkpt>
   <trkpt lat="51.0152790" lon="13.8496870">
    <ele>116.6</ele>
    <time>2026-05-19T13:55:01Z</time>
   </trkpt>
   <trkpt lat="51.0153400" lon="13.8495860">
    <ele>116.6</ele>
    <time>2026-05-19T13:55:02Z</time>
   </trkpt>
   <trkpt lat="51.0154020" lon="13.8494840">
    <ele>116.6</ele>
    <time>2026-05-19T13:55:03Z</time>
   </trkpt>
   <trkpt lat="51.0154610" lon="13.8493800">
    <ele>116.6</ele>
    <time>2026-05-19T13:55:04Z</time>
   </trkpt>
   <trkpt lat="51.0155230" lon="13.8492770">
    <ele>116.6</ele>
    <time>2026-05-19T13:55:05Z</time>
   </trkpt>
   <trkpt lat="51.0155870" lon="13.8491740">
    <ele>116.8</ele>
    <time>2026-05-19T13:55:06Z</time>
   </trkpt>
   <trkpt lat="51.0156500" lon="13.8490690">
    <ele>117.0</ele>
    <time>2026-05-19T13:55:07Z</time>
   </trkpt>
   <trkpt lat="51.0157120" lon="13.8489640">
    <ele>117.0</ele>
    <time>2026-05-19T13:55:08Z</time>
   </trkpt>
   <trkpt lat="51.0157730" lon="13.8488590">
    <ele>117.0</ele>
    <time>2026-05-19T13:55:09Z</time>
   </trkpt>
   <trkpt lat="51.0158340" lon="13.8487580">
    <ele>117.0</ele>
    <time>2026-05-19T13:55:10Z</time>
   </trkpt>
   <trkpt lat="51.0158950" lon="13.8486580">
    <ele>117.0</ele>
    <time>2026-05-19T13:55:11Z</time>
   </trkpt>
   <trkpt lat="51.0159540" lon="13.8485580">
    <ele>117.0</ele>
    <time>2026-05-19T13:55:12Z</time>
   </trkpt>
   <trkpt lat="51.0160140" lon="13.8484610">
    <ele>116.8</ele>
    <time>2026-05-19T13:55:13Z</time>
   </trkpt>
   <trkpt lat="51.0160790" lon="13.8483750">
    <ele>116.6</ele>
    <time>2026-05-19T13:55:14Z</time>
   </trkpt>
   <trkpt lat="51.0161490" lon="13.8483020">
    <ele>116.6</ele>
    <time>2026-05-19T13:55:15Z</time>
   </trkpt>
   <trkpt lat="51.0162220" lon="13.8482300">
    <ele>116.4</ele>
    <time>2026-05-19T13:55:16Z</time>
   </trkpt>
   <trkpt lat="51.0162940" lon="13.8481510">
    <ele>116.4</ele>
    <time>2026-05-19T13:55:17Z</time>
   </trkpt>
   <trkpt lat="51.0163640" lon="13.8480620">
    <ele>116.4</ele>
    <time>2026-05-19T13:55:18Z</time>
   </trkpt>
   <trkpt lat="51.0164340" lon="13.8479670">
    <ele>116.4</ele>
    <time>2026-05-19T13:55:19Z</time>
   </trkpt>
   <trkpt lat="51.0165060" lon="13.8478690">
    <ele>116.0</ele>
    <time>2026-05-19T13:55:20Z</time>
   </trkpt>
   <trkpt lat="51.0165780" lon="13.8477700">
    <ele>116.0</ele>
    <time>2026-05-19T13:55:21Z</time>
   </trkpt>
   <trkpt lat="51.0166510" lon="13.8476690">
    <ele>115.8</ele>
    <time>2026-05-19T13:55:22Z</time>
   </trkpt>
   <trkpt lat="51.0167240" lon="13.8475680">
    <ele>115.6</ele>
    <time>2026-05-19T13:55:23Z</time>
   </trkpt>
   <trkpt lat="51.0167950" lon="13.8474670">
    <ele>115.4</ele>
    <time>2026-05-19T13:55:24Z</time>
   </trkpt>
   <trkpt lat="51.0168660" lon="13.8473630">
    <ele>115.2</ele>
    <time>2026-05-19T13:55:25Z</time>
   </trkpt>
   <trkpt lat="51.0169360" lon="13.8472570">
    <ele>115.0</ele>
    <time>2026-05-19T13:55:26Z</time>
   </trkpt>
   <trkpt lat="51.0170080" lon="13.8471540">
    <ele>115.0</ele>
    <time>2026-05-19T13:55:27Z</time>
   </trkpt>
   <trkpt lat="51.0170800" lon="13.8470540">
    <ele>115.0</ele>
    <time>2026-05-19T13:55:28Z</time>
   </trkpt>
   <trkpt lat="51.0171490" lon="13.8469540">
    <ele>115.0</ele>
    <time>2026-05-19T13:55:29Z</time>
   </trkpt>
   <trkpt lat="51.0172140" lon="13.8468510">
    <ele>115.0</ele>
    <time>2026-05-19T13:55:30Z</time>
   </trkpt>
   <trkpt lat="51.0172750" lon="13.8467470">
    <ele>115.0</ele>
    <time>2026-05-19T13:55:31Z</time>
   </trkpt>
   <trkpt lat="51.0173310" lon="13.8466410">
    <ele>115.0</ele>
    <time>2026-05-19T13:55:32Z</time>
   </trkpt>
   <trkpt lat="51.0173840" lon="13.8465360">
    <ele>115.2</ele>
    <time>2026-05-19T13:55:33Z</time>
   </trkpt>
   <trkpt lat="51.0174330" lon="13.8464300">
    <ele>115.4</ele>
    <time>2026-05-19T13:55:34Z</time>
   </trkpt>
   <trkpt lat="51.0174790" lon="13.8463230">
    <ele>115.6</ele>
    <time>2026-05-19T13:55:35Z</time>
   </trkpt>
   <trkpt lat="51.0175220" lon="13.8462140">
    <ele>116.0</ele>
    <time>2026-05-19T13:55:36Z</time>
   </trkpt>
   <trkpt lat="51.0175580" lon="13.8461020">
    <ele>116.4</ele>
    <time>2026-05-19T13:55:37Z</time>
   </trkpt>
   <trkpt lat="51.0175840" lon="13.8459820">
    <ele>116.8</ele>
    <time>2026-05-19T13:55:38Z</time>
   </trkpt>
   <trkpt lat="51.0175960" lon="13.8458540">
    <ele>117.0</ele>
    <time>2026-05-19T13:55:39Z</time>
   </trkpt>
   <trkpt lat="51.0175970" lon="13.8457220">
    <ele>117.6</ele>
    <time>2026-05-19T13:55:40Z</time>
   </trkpt>
   <trkpt lat="51.0175930" lon="13.8455860">
    <ele>118.0</ele>
    <time>2026-05-19T13:55:41Z</time>
   </trkpt>
   <trkpt lat="51.0175890" lon="13.8454470">
    <ele>118.4</ele>
    <time>2026-05-19T13:55:42Z</time>
   </trkpt>
   <trkpt lat="51.0175870" lon="13.8453090">
    <ele>118.6</ele>
    <time>2026-05-19T13:55:43Z</time>
   </trkpt>
   <trkpt lat="51.0175870" lon="13.8451740">
    <ele>119.0</ele>
    <time>2026-05-19T13:55:44Z</time>
   </trkpt>
   <trkpt lat="51.0175850" lon="13.8450420">
    <ele>119.0</ele>
    <time>2026-05-19T13:55:45Z</time>
   </trkpt>
   <trkpt lat="51.0175860" lon="13.8449100">
    <ele>119.0</ele>
    <time>2026-05-19T13:55:46Z</time>
   </trkpt>
   <trkpt lat="51.0175900" lon="13.8447790">
    <ele>119.0</ele>
    <time>2026-05-19T13:55:47Z</time>
   </trkpt>
   <trkpt lat="51.0175960" lon="13.8446480">
    <ele>119.0</ele>
    <time>2026-05-19T13:55:48Z</time>
   </trkpt>
   <trkpt lat="51.0176040" lon="13.8445160">
    <ele>119.0</ele>
    <time>2026-05-19T13:55:49Z</time>
   </trkpt>
   <trkpt lat="51.0176120" lon="13.8443850">
    <ele>119.0</ele>
    <time>2026-05-19T13:55:50Z</time>
   </trkpt>
   <trkpt lat="51.0176230" lon="13.8442570">
    <ele>119.0</ele>
    <time>2026-05-19T13:55:51Z</time>
   </trkpt>
   <trkpt lat="51.0176420" lon="13.8441330">
    <ele>119.0</ele>
    <time>2026-05-19T13:55:52Z</time>
   </trkpt>
   <trkpt lat="51.0176680" lon="13.8440140">
    <ele>119.0</ele>
    <time>2026-05-19T13:55:53Z</time>
   </trkpt>
   <trkpt lat="51.0177010" lon="13.8438980">
    <ele>119.4</ele>
    <time>2026-05-19T13:55:54Z</time>
   </trkpt>
   <trkpt lat="51.0177400" lon="13.8437850">
    <ele>119.4</ele>
    <time>2026-05-19T13:55:55Z</time>
   </trkpt>
   <trkpt lat="51.0177850" lon="13.8436760">
    <ele>119.4</ele>
    <time>2026-05-19T13:55:56Z</time>
   </trkpt>
   <trkpt lat="51.0178340" lon="13.8435730">
    <ele>119.6</ele>
    <time>2026-05-19T13:55:57Z</time>
   </trkpt>
   <trkpt lat="51.0178890" lon="13.8434780">
    <ele>119.6</ele>
    <time>2026-05-19T13:55:58Z</time>
   </trkpt>
   <trkpt lat="51.0179480" lon="13.8433900">
    <ele>119.6</ele>
    <time>2026-05-19T13:55:59Z</time>
   </trkpt>
   <trkpt lat="51.0180110" lon="13.8433060">
    <ele>119.6</ele>
    <time>2026-05-19T13:56:00Z</time>
   </trkpt>
   <trkpt lat="51.0180740" lon="13.8432220">
    <ele>119.6</ele>
    <time>2026-05-19T13:56:01Z</time>
   </trkpt>
   <trkpt lat="51.0181390" lon="13.8431380">
    <ele>119.4</ele>
    <time>2026-05-19T13:56:02Z</time>
   </trkpt>
   <trkpt lat="51.0182060" lon="13.8430570">
    <ele>119.4</ele>
    <time>2026-05-19T13:56:03Z</time>
   </trkpt>
   <trkpt lat="51.0182750" lon="13.8429780">
    <ele>119.4</ele>
    <time>2026-05-19T13:56:04Z</time>
   </trkpt>
   <trkpt lat="51.0183450" lon="13.8429000">
    <ele>119.4</ele>
    <time>2026-05-19T13:56:05Z</time>
   </trkpt>
   <trkpt lat="51.0184140" lon="13.8428220">
    <ele>119.4</ele>
    <time>2026-05-19T13:56:06Z</time>
   </trkpt>
   <trkpt lat="51.0184850" lon="13.8427460">
    <ele>119.4</ele>
    <time>2026-05-19T13:56:07Z</time>
   </trkpt>
   <trkpt lat="51.0185560" lon="13.8426710">
    <ele>119.4</ele>
    <time>2026-05-19T13:56:08Z</time>
   </trkpt>
   <trkpt lat="51.0186280" lon="13.8425980">
    <ele>119.4</ele>
    <time>2026-05-19T13:56:09Z</time>
   </trkpt>
   <trkpt lat="51.0187000" lon="13.8425260">
    <ele>119.4</ele>
    <time>2026-05-19T13:56:10Z</time>
   </trkpt>
   <trkpt lat="51.0187720" lon="13.8424550">
    <ele>119.2</ele>
    <time>2026-05-19T13:56:11Z</time>
   </trkpt>
   <trkpt lat="51.0188440" lon="13.8423850">
    <ele>119.2</ele>
    <time>2026-05-19T13:56:12Z</time>
   </trkpt>
   <trkpt lat="51.0189160" lon="13.8423210">
    <ele>119.2</ele>
    <time>2026-05-19T13:56:13Z</time>
   </trkpt>
   <trkpt lat="51.0189890" lon="13.8422610">
    <ele>119.2</ele>
    <time>2026-05-19T13:56:14Z</time>
   </trkpt>
   <trkpt lat="51.0190620" lon="13.8422020">
    <ele>119.4</ele>
    <time>2026-05-19T13:56:15Z</time>
   </trkpt>
   <trkpt lat="51.0191350" lon="13.8421390">
    <ele>119.4</ele>
    <time>2026-05-19T13:56:16Z</time>
   </trkpt>
   <trkpt lat="51.0192060" lon="13.8420730">
    <ele>119.6</ele>
    <time>2026-05-19T13:56:17Z</time>
   </trkpt>
   <trkpt lat="51.0192800" lon="13.8420120">
    <ele>119.6</ele>
    <time>2026-05-19T13:56:18Z</time>
   </trkpt>
   <trkpt lat="51.0193570" lon="13.8419660">
    <ele>119.6</ele>
    <time>2026-05-19T13:56:19Z</time>
   </trkpt>
   <trkpt lat="51.0194370" lon="13.8419340">
    <ele>119.6</ele>
    <time>2026-05-19T13:56:20Z</time>
   </trkpt>
   <trkpt lat="51.0195150" lon="13.8419060">
    <ele>119.6</ele>
    <time>2026-05-19T13:56:21Z</time>
   </trkpt>
   <trkpt lat="51.0195910" lon="13.8418760">
    <ele>119.4</ele>
    <time>2026-05-19T13:56:22Z</time>
   </trkpt>
   <trkpt lat="51.0196640" lon="13.8418450">
    <ele>119.4</ele>
    <time>2026-05-19T13:56:23Z</time>
   </trkpt>
   <trkpt lat="51.0197280" lon="13.8418190">
    <ele>119.0</ele>
    <time>2026-05-19T13:56:24Z</time>
   </trkpt>
   <trkpt lat="51.0197870" lon="13.8418130">
    <ele>119.0</ele>
    <time>2026-05-19T13:56:25Z</time>
   </trkpt>
   <trkpt lat="51.0198370" lon="13.8418430">
    <ele>119.0</ele>
    <time>2026-05-19T13:56:26Z</time>
   </trkpt>
   <trkpt lat="51.0198710" lon="13.8419210">
    <ele>118.6</ele>
    <time>2026-05-19T13:56:27Z</time>
   </trkpt>
   <trkpt lat="51.0198990" lon="13.8420240">
    <ele>118.6</ele>
    <time>2026-05-19T13:56:28Z</time>
   </trkpt>
   <trkpt lat="51.0199290" lon="13.8421340">
    <ele>118.4</ele>
    <time>2026-05-19T13:56:29Z</time>
   </trkpt>
   <trkpt lat="51.0199640" lon="13.8422440">
    <ele>118.0</ele>
    <time>2026-05-19T13:56:30Z</time>
   </trkpt>
   <trkpt lat="51.0200010" lon="13.8423530">
    <ele>117.8</ele>
    <time>2026-05-19T13:56:31Z</time>
   </trkpt>
   <trkpt lat="51.0200420" lon="13.8424570">
    <ele>117.6</ele>
    <time>2026-05-19T13:56:32Z</time>
   </trkpt>
   <trkpt lat="51.0200840" lon="13.8425570">
    <ele>117.6</ele>
    <time>2026-05-19T13:56:33Z</time>
   </trkpt>
   <trkpt lat="51.0201270" lon="13.8426540">
    <ele>117.4</ele>
    <time>2026-05-19T13:56:34Z</time>
   </trkpt>
   <trkpt lat="51.0201700" lon="13.8427510">
    <ele>117.2</ele>
    <time>2026-05-19T13:56:35Z</time>
   </trkpt>
   <trkpt lat="51.0202070" lon="13.8428520">
    <ele>117.0</ele>
    <time>2026-05-19T13:56:36Z</time>
   </trkpt>
   <trkpt lat="51.0202420" lon="13.8429490">
    <ele>117.0</ele>
    <time>2026-05-19T13:56:37Z</time>
   </trkpt>
   <trkpt lat="51.0202720" lon="13.8430380">
    <ele>117.0</ele>
    <time>2026-05-19T13:56:38Z</time>
   </trkpt>
   <trkpt lat="51.0202980" lon="13.8431140">
    <ele>116.6</ele>
    <time>2026-05-19T13:56:39Z</time>
   </trkpt>
   <trkpt lat="51.0203210" lon="13.8431760">
    <ele>116.6</ele>
    <time>2026-05-19T13:56:40Z</time>
   </trkpt>
   <trkpt lat="51.0203340" lon="13.8432120">
    <ele>116.4</ele>
    <time>2026-05-19T13:56:41Z</time>
   </trkpt>
   <trkpt lat="51.0203510" lon="13.8432480">
    <ele>116.4</ele>
    <time>2026-05-19T13:56:42Z</time>
   </trkpt>
   <trkpt lat="51.0203700" lon="13.8432700">
    <ele>116.0</ele>
    <time>2026-05-19T13:56:43Z</time>
   </trkpt>
   <trkpt lat="51.0203920" lon="13.8432700">
    <ele>115.6</ele>
    <time>2026-05-19T13:56:44Z</time>
   </trkpt>
   <trkpt lat="51.0204200" lon="13.8432510">
    <ele>115.2</ele>
    <time>2026-05-19T13:56:45Z</time>
   </trkpt>
   <trkpt lat="51.0204420" lon="13.8432270">
    <ele>115.0</ele>
    <time>2026-05-19T13:56:46Z</time>
   </trkpt>
   <trkpt lat="51.0204790" lon="13.8431850">
    <ele>114.8</ele>
    <time>2026-05-19T13:56:47Z</time>
   </trkpt>
   <trkpt lat="51.0205260" lon="13.8431350">
    <ele>114.6</ele>
    <time>2026-05-19T13:56:48Z</time>
   </trkpt>
   <trkpt lat="51.0206440" lon="13.8430200">
    <ele>114.6</ele>
    <time>2026-05-19T13:56:49Z</time>
   </trkpt>
   <trkpt lat="51.0207210" lon="13.8429520">
    <ele>114.6</ele>
    <time>2026-05-19T13:56:50Z</time>
   </trkpt>
   <trkpt lat="51.0207970" lon="13.8428880">
    <ele>114.8</ele>
    <time>2026-05-19T13:56:51Z</time>
   </trkpt>
   <trkpt lat="51.0208740" lon="13.8428270">
    <ele>114.8</ele>
    <time>2026-05-19T13:56:52Z</time>
   </trkpt>
   <trkpt lat="51.0209540" lon="13.8427700">
    <ele>115.0</ele>
    <time>2026-05-19T13:56:53Z</time>
   </trkpt>
   <trkpt lat="51.0210330" lon="13.8427150">
    <ele>115.0</ele>
    <time>2026-05-19T13:56:54Z</time>
   </trkpt>
   <trkpt lat="51.0211130" lon="13.8426580">
    <ele>115.2</ele>
    <time>2026-05-19T13:56:55Z</time>
   </trkpt>
   <trkpt lat="51.0211890" lon="13.8425970">
    <ele>115.4</ele>
    <time>2026-05-19T13:56:56Z</time>
   </trkpt>
   <trkpt lat="51.0212630" lon="13.8425320">
    <ele>115.4</ele>
    <time>2026-05-19T13:56:57Z</time>
   </trkpt>
   <trkpt lat="51.0213360" lon="13.8424660">
    <ele>115.6</ele>
    <time>2026-05-19T13:56:58Z</time>
   </trkpt>
   <trkpt lat="51.0214090" lon="13.8424010">
    <ele>115.6</ele>
    <time>2026-05-19T13:56:59Z</time>
   </trkpt>
   <trkpt lat="51.0214830" lon="13.8423380">
    <ele>115.6</ele>
    <time>2026-05-19T13:57:00Z</time>
   </trkpt>
   <trkpt lat="51.0215590" lon="13.8422770">
    <ele>115.6</ele>
    <time>2026-05-19T13:57:01Z</time>
   </trkpt>
   <trkpt lat="51.0216360" lon="13.8422170">
    <ele>115.6</ele>
    <time>2026-05-19T13:57:02Z</time>
   </trkpt>
   <trkpt lat="51.0217140" lon="13.8421580">
    <ele>115.6</ele>
    <time>2026-05-19T13:57:03Z</time>
   </trkpt>
   <trkpt lat="51.0217930" lon="13.8420960">
    <ele>116.0</ele>
    <time>2026-05-19T13:57:04Z</time>
   </trkpt>
   <trkpt lat="51.0218740" lon="13.8420300">
    <ele>116.0</ele>
    <time>2026-05-19T13:57:05Z</time>
   </trkpt>
   <trkpt lat="51.0219540" lon="13.8419640">
    <ele>116.0</ele>
    <time>2026-05-19T13:57:06Z</time>
   </trkpt>
   <trkpt lat="51.0220330" lon="13.8418970">
    <ele>116.0</ele>
    <time>2026-05-19T13:57:07Z</time>
   </trkpt>
   <trkpt lat="51.0221110" lon="13.8418310">
    <ele>116.0</ele>
    <time>2026-05-19T13:57:08Z</time>
   </trkpt>
   <trkpt lat="51.0221890" lon="13.8417650">
    <ele>116.0</ele>
    <time>2026-05-19T13:57:09Z</time>
   </trkpt>
   <trkpt lat="51.0222670" lon="13.8417000">
    <ele>115.8</ele>
    <time>2026-05-19T13:57:10Z</time>
   </trkpt>
   <trkpt lat="51.0223430" lon="13.8416340">
    <ele>115.6</ele>
    <time>2026-05-19T13:57:11Z</time>
   </trkpt>
   <trkpt lat="51.0224180" lon="13.8415670">
    <ele>115.6</ele>
    <time>2026-05-19T13:57:12Z</time>
   </trkpt>
   <trkpt lat="51.0224950" lon="13.8415010">
    <ele>115.8</ele>
    <time>2026-05-19T13:57:13Z</time>
   </trkpt>
   <trkpt lat="51.0225740" lon="13.8414390">
    <ele>115.8</ele>
    <time>2026-05-19T13:57:14Z</time>
   </trkpt>
   <trkpt lat="51.0226550" lon="13.8413820">
    <ele>115.8</ele>
    <time>2026-05-19T13:57:15Z</time>
   </trkpt>
   <trkpt lat="51.0227390" lon="13.8413300">
    <ele>115.8</ele>
    <time>2026-05-19T13:57:16Z</time>
   </trkpt>
   <trkpt lat="51.0228230" lon="13.8412820">
    <ele>116.0</ele>
    <time>2026-05-19T13:57:17Z</time>
   </trkpt>
   <trkpt lat="51.0229070" lon="13.8412350">
    <ele>115.8</ele>
    <time>2026-05-19T13:57:18Z</time>
   </trkpt>
   <trkpt lat="51.0229890" lon="13.8411850">
    <ele>115.6</ele>
    <time>2026-05-19T13:57:19Z</time>
   </trkpt>
   <trkpt lat="51.0230680" lon="13.8411340">
    <ele>115.6</ele>
    <time>2026-05-19T13:57:20Z</time>
   </trkpt>
   <trkpt lat="51.0231470" lon="13.8410830">
    <ele>115.6</ele>
    <time>2026-05-19T13:57:21Z</time>
   </trkpt>
   <trkpt lat="51.0232250" lon="13.8410300">
    <ele>115.6</ele>
    <time>2026-05-19T13:57:22Z</time>
   </trkpt>
   <trkpt lat="51.0233020" lon="13.8409740">
    <ele>115.6</ele>
    <time>2026-05-19T13:57:23Z</time>
   </trkpt>
   <trkpt lat="51.0233780" lon="13.8409140">
    <ele>115.6</ele>
    <time>2026-05-19T13:57:24Z</time>
   </trkpt>
   <trkpt lat="51.0234520" lon="13.8408510">
    <ele>115.6</ele>
    <time>2026-05-19T13:57:25Z</time>
   </trkpt>
   <trkpt lat="51.0235270" lon="13.8407910">
    <ele>115.6</ele>
    <time>2026-05-19T13:57:26Z</time>
   </trkpt>
   <trkpt lat="51.0236050" lon="13.8407410">
    <ele>115.8</ele>
    <time>2026-05-19T13:57:27Z</time>
   </trkpt>
   <trkpt lat="51.0236860" lon="13.8406990">
    <ele>116.0</ele>
    <time>2026-05-19T13:57:28Z</time>
   </trkpt>
   <trkpt lat="51.0237690" lon="13.8406600">
    <ele>116.0</ele>
    <time>2026-05-19T13:57:29Z</time>
   </trkpt>
   <trkpt lat="51.0238540" lon="13.8406200">
    <ele>116.0</ele>
    <time>2026-05-19T13:57:30Z</time>
   </trkpt>
   <trkpt lat="51.0239380" lon="13.8405790">
    <ele>116.0</ele>
    <time>2026-05-19T13:57:31Z</time>
   </trkpt>
   <trkpt lat="51.0240200" lon="13.8405350">
    <ele>116.0</ele>
    <time>2026-05-19T13:57:32Z</time>
   </trkpt>
   <trkpt lat="51.0240990" lon="13.8404870">
    <ele>116.0</ele>
    <time>2026-05-19T13:57:33Z</time>
   </trkpt>
   <trkpt lat="51.0241760" lon="13.8404360">
    <ele>116.0</ele>
    <time>2026-05-19T13:57:34Z</time>
   </trkpt>
   <trkpt lat="51.0242500" lon="13.8403820">
    <ele>116.0</ele>
    <time>2026-05-19T13:57:35Z</time>
   </trkpt>
   <trkpt lat="51.0243220" lon="13.8403260">
    <ele>116.2</ele>
    <time>2026-05-19T13:57:36Z</time>
   </trkpt>
   <trkpt lat="51.0243900" lon="13.8402720">
    <ele>116.4</ele>
    <time>2026-05-19T13:57:37Z</time>
   </trkpt>
   <trkpt lat="51.0244520" lon="13.8402260">
    <ele>116.6</ele>
    <time>2026-05-19T13:57:38Z</time>
   </trkpt>
   <trkpt lat="51.0245080" lon="13.8401910">
    <ele>116.6</ele>
    <time>2026-05-19T13:57:39Z</time>
   </trkpt>
   <trkpt lat="51.0245650" lon="13.8401660">
    <ele>116.6</ele>
    <time>2026-05-19T13:57:40Z</time>
   </trkpt>
   <trkpt lat="51.0246280" lon="13.8401480">
    <ele>116.6</ele>
    <time>2026-05-19T13:57:41Z</time>
   </trkpt>
   <trkpt lat="51.0246960" lon="13.8401320">
    <ele>116.6</ele>
    <time>2026-05-19T13:57:42Z</time>
   </trkpt>
   <trkpt lat="51.0247710" lon="13.8401160">
    <ele>116.4</ele>
    <time>2026-05-19T13:57:43Z</time>
   </trkpt>
   <trkpt lat="51.0248520" lon="13.8401000">
    <ele>116.2</ele>
    <time>2026-05-19T13:57:44Z</time>
   </trkpt>
   <trkpt lat="51.0249370" lon="13.8400880">
    <ele>116.2</ele>
    <time>2026-05-19T13:57:45Z</time>
   </trkpt>
   <trkpt lat="51.0250240" lon="13.8400760">
    <ele>116.0</ele>
    <time>2026-05-19T13:57:46Z</time>
   </trkpt>
   <trkpt lat="51.0251090" lon="13.8400620">
    <ele>116.0</ele>
    <time>2026-05-19T13:57:47Z</time>
   </trkpt>
   <trkpt lat="51.0251920" lon="13.8400460">
    <ele>116.0</ele>
    <time>2026-05-19T13:57:48Z</time>
   </trkpt>
   <trkpt lat="51.0252700" lon="13.8400260">
    <ele>116.0</ele>
    <time>2026-05-19T13:57:49Z</time>
   </trkpt>
   <trkpt lat="51.0253450" lon="13.8400050">
    <ele>116.0</ele>
    <time>2026-05-19T13:57:50Z</time>
   </trkpt>
   <trkpt lat="51.0254180" lon="13.8399780">
    <ele>116.0</ele>
    <time>2026-05-19T13:57:51Z</time>
   </trkpt>
   <trkpt lat="51.0254920" lon="13.8399460">
    <ele>115.6</ele>
    <time>2026-05-19T13:57:52Z</time>
   </trkpt>
   <trkpt lat="51.0255660" lon="13.8399080">
    <ele>115.6</ele>
    <time>2026-05-19T13:57:53Z</time>
   </trkpt>
   <trkpt lat="51.0256430" lon="13.8398690">
    <ele>115.4</ele>
    <time>2026-05-19T13:57:54Z</time>
   </trkpt>
   <trkpt lat="51.0257210" lon="13.8398280">
    <ele>115.4</ele>
    <time>2026-05-19T13:57:55Z</time>
   </trkpt>
   <trkpt lat="51.0258000" lon="13.8397880">
    <ele>115.2</ele>
    <time>2026-05-19T13:57:56Z</time>
   </trkpt>
   <trkpt lat="51.0258800" lon="13.8397510">
    <ele>115.0</ele>
    <time>2026-05-19T13:57:57Z</time>
   </trkpt>
   <trkpt lat="51.0259600" lon="13.8397150">
    <ele>115.0</ele>
    <time>2026-05-19T13:57:58Z</time>
   </trkpt>
   <trkpt lat="51.0260390" lon="13.8396800">
    <ele>115.0</ele>
    <time>2026-05-19T13:57:59Z</time>
   </trkpt>
   <trkpt lat="51.0261160" lon="13.8396450">
    <ele>115.0</ele>
    <time>2026-05-19T13:58:00Z</time>
   </trkpt>
   <trkpt lat="51.0261910" lon="13.8396100">
    <ele>115.0</ele>
    <time>2026-05-19T13:58:01Z</time>
   </trkpt>
   <trkpt lat="51.0262640" lon="13.8395750">
    <ele>115.0</ele>
    <time>2026-05-19T13:58:02Z</time>
   </trkpt>
   <trkpt lat="51.0263330" lon="13.8395420">
    <ele>115.0</ele>
    <time>2026-05-19T13:58:03Z</time>
   </trkpt>
   <trkpt lat="51.0264010" lon="13.8395100">
    <ele>115.2</ele>
    <time>2026-05-19T13:58:04Z</time>
   </trkpt>
   <trkpt lat="51.0264680" lon="13.8394780">
    <ele>115.4</ele>
    <time>2026-05-19T13:58:05Z</time>
   </trkpt>
   <trkpt lat="51.0265330" lon="13.8394460">
    <ele>115.4</ele>
    <time>2026-05-19T13:58:06Z</time>
   </trkpt>
   <trkpt lat="51.0265980" lon="13.8394140">
    <ele>115.4</ele>
    <time>2026-05-19T13:58:07Z</time>
   </trkpt>
   <trkpt lat="51.0266620" lon="13.8393830">
    <ele>115.4</ele>
    <time>2026-05-19T13:58:08Z</time>
   </trkpt>
   <trkpt lat="51.0267260" lon="13.8393510">
    <ele>115.4</ele>
    <time>2026-05-19T13:58:09Z</time>
   </trkpt>
   <trkpt lat="51.0267900" lon="13.8393220">
    <ele>115.4</ele>
    <time>2026-05-19T13:58:10Z</time>
   </trkpt>
   <trkpt lat="51.0268550" lon="13.8392950">
    <ele>115.2</ele>
    <time>2026-05-19T13:58:11Z</time>
   </trkpt>
   <trkpt lat="51.0269210" lon="13.8392690">
    <ele>115.0</ele>
    <time>2026-05-19T13:58:12Z</time>
   </trkpt>
   <trkpt lat="51.0269860" lon="13.8392410">
    <ele>115.2</ele>
    <time>2026-05-19T13:58:13Z</time>
   </trkpt>
   <trkpt lat="51.0270500" lon="13.8392100">
    <ele>115.4</ele>
    <time>2026-05-19T13:58:14Z</time>
   </trkpt>
   <trkpt lat="51.0271150" lon="13.8391770">
    <ele>115.4</ele>
    <time>2026-05-19T13:58:15Z</time>
   </trkpt>
   <trkpt lat="51.0271800" lon="13.8391460">
    <ele>115.4</ele>
    <time>2026-05-19T13:58:16Z</time>
   </trkpt>
   <trkpt lat="51.0272450" lon="13.8391180">
    <ele>115.4</ele>
    <time>2026-05-19T13:58:17Z</time>
   </trkpt>
   <trkpt lat="51.0273100" lon="13.8390930">
    <ele>115.4</ele>
    <time>2026-05-19T13:58:18Z</time>
   </trkpt>
   <trkpt lat="51.0273750" lon="13.8390670">
    <ele>115.4</ele>
    <time>2026-05-19T13:58:19Z</time>
   </trkpt>
   <trkpt lat="51.0274400" lon="13.8390380">
    <ele>115.4</ele>
    <time>2026-05-19T13:58:20Z</time>
   </trkpt>
   <trkpt lat="51.0275060" lon="13.8390060">
    <ele>115.4</ele>
    <time>2026-05-19T13:58:21Z</time>
   </trkpt>
   <trkpt lat="51.0275740" lon="13.8389730">
    <ele>115.4</ele>
    <time>2026-05-19T13:58:22Z</time>
   </trkpt>
   <trkpt lat="51.0276420" lon="13.8389400">
    <ele>115.4</ele>
    <time>2026-05-19T13:58:23Z</time>
   </trkpt>
   <trkpt lat="51.0277100" lon="13.8389090">
    <ele>115.2</ele>
    <time>2026-05-19T13:58:24Z</time>
   </trkpt>
   <trkpt lat="51.0277770" lon="13.8388790">
    <ele>115.2</ele>
    <time>2026-05-19T13:58:25Z</time>
   </trkpt>
   <trkpt lat="51.0278440" lon="13.8388500">
    <ele>115.0</ele>
    <time>2026-05-19T13:58:26Z</time>
   </trkpt>
   <trkpt lat="51.0279110" lon="13.8388210">
    <ele>114.8</ele>
    <time>2026-05-19T13:58:27Z</time>
   </trkpt>
   <trkpt lat="51.0279790" lon="13.8387920">
    <ele>114.6</ele>
    <time>2026-05-19T13:58:28Z</time>
   </trkpt>
   <trkpt lat="51.0280460" lon="13.8387600">
    <ele>114.4</ele>
    <time>2026-05-19T13:58:29Z</time>
   </trkpt>
   <trkpt lat="51.0281120" lon="13.8387240">
    <ele>114.4</ele>
    <time>2026-05-19T13:58:30Z</time>
   </trkpt>
   <trkpt lat="51.0281760" lon="13.8386820">
    <ele>114.4</ele>
    <time>2026-05-19T13:58:31Z</time>
   </trkpt>
   <trkpt lat="51.0282370" lon="13.8386340">
    <ele>114.2</ele>
    <time>2026-05-19T13:58:32Z</time>
   </trkpt>
   <trkpt lat="51.0282960" lon="13.8385830">
    <ele>114.0</ele>
    <time>2026-05-19T13:58:33Z</time>
   </trkpt>
   <trkpt lat="51.0283550" lon="13.8385330">
    <ele>114.2</ele>
    <time>2026-05-19T13:58:34Z</time>
   </trkpt>
   <trkpt lat="51.0284160" lon="13.8384880">
    <ele>114.6</ele>
    <time>2026-05-19T13:58:35Z</time>
   </trkpt>
   <trkpt lat="51.0284780" lon="13.8384510">
    <ele>114.6</ele>
    <time>2026-05-19T13:58:36Z</time>
   </trkpt>
   <trkpt lat="51.0285420" lon="13.8384190">
    <ele>114.8</ele>
    <time>2026-05-19T13:58:37Z</time>
   </trkpt>
   <trkpt lat="51.0286050" lon="13.8383880">
    <ele>115.0</ele>
    <time>2026-05-19T13:58:38Z</time>
   </trkpt>
   <trkpt lat="51.0286700" lon="13.8383550">
    <ele>115.0</ele>
    <time>2026-05-19T13:58:39Z</time>
   </trkpt>
   <trkpt lat="51.0287340" lon="13.8383220">
    <ele>115.0</ele>
    <time>2026-05-19T13:58:40Z</time>
   </trkpt>
   <trkpt lat="51.0287990" lon="13.8382880">
    <ele>115.0</ele>
    <time>2026-05-19T13:58:41Z</time>
   </trkpt>
   <trkpt lat="51.0288640" lon="13.8382550">
    <ele>115.0</ele>
    <time>2026-05-19T13:58:42Z</time>
   </trkpt>
   <trkpt lat="51.0289290" lon="13.8382230">
    <ele>115.0</ele>
    <time>2026-05-19T13:58:43Z</time>
   </trkpt>
   <trkpt lat="51.0289930" lon="13.8381910">
    <ele>115.2</ele>
    <time>2026-05-19T13:58:44Z</time>
   </trkpt>
   <trkpt lat="51.0290580" lon="13.8381590">
    <ele>115.2</ele>
    <time>2026-05-19T13:58:45Z</time>
   </trkpt>
   <trkpt lat="51.0291250" lon="13.8381280">
    <ele>115.2</ele>
    <time>2026-05-19T13:58:46Z</time>
   </trkpt>
   <trkpt lat="51.0291900" lon="13.8380980">
    <ele>115.2</ele>
    <time>2026-05-19T13:58:47Z</time>
   </trkpt>
   <trkpt lat="51.0292560" lon="13.8380690">
    <ele>115.0</ele>
    <time>2026-05-19T13:58:48Z</time>
   </trkpt>
   <trkpt lat="51.0293200" lon="13.8380380">
    <ele>115.0</ele>
    <time>2026-05-19T13:58:49Z</time>
   </trkpt>
   <trkpt lat="51.0293840" lon="13.8380080">
    <ele>115.0</ele>
    <time>2026-05-19T13:58:50Z</time>
   </trkpt>
   <trkpt lat="51.0294490" lon="13.8379770">
    <ele>115.0</ele>
    <time>2026-05-19T13:58:51Z</time>
   </trkpt>
   <trkpt lat="51.0295140" lon="13.8379470">
    <ele>115.0</ele>
    <time>2026-05-19T13:58:52Z</time>
   </trkpt>
   <trkpt lat="51.0295790" lon="13.8379170">
    <ele>115.0</ele>
    <time>2026-05-19T13:58:53Z</time>
   </trkpt>
   <trkpt lat="51.0296430" lon="13.8378870">
    <ele>115.0</ele>
    <time>2026-05-19T13:58:54Z</time>
   </trkpt>
   <trkpt lat="51.0297070" lon="13.8378580">
    <ele>115.0</ele>
    <time>2026-05-19T13:58:55Z</time>
   </trkpt>
   <trkpt lat="51.0297720" lon="13.8378320">
    <ele>115.0</ele>
    <time>2026-05-19T13:58:56Z</time>
   </trkpt>
   <trkpt lat="51.0298360" lon="13.8378080">
    <ele>115.0</ele>
    <time>2026-05-19T13:58:57Z</time>
   </trkpt>
   <trkpt lat="51.0299000" lon="13.8377850">
    <ele>115.0</ele>
    <time>2026-05-19T13:58:58Z</time>
   </trkpt>
   <trkpt lat="51.0299640" lon="13.8377610">
    <ele>115.0</ele>
    <time>2026-05-19T13:58:59Z</time>
   </trkpt>
   <trkpt lat="51.0300270" lon="13.8377360">
    <ele>114.8</ele>
    <time>2026-05-19T13:59:00Z</time>
   </trkpt>
   <trkpt lat="51.0300900" lon="13.8377100">
    <ele>114.6</ele>
    <time>2026-05-19T13:59:01Z</time>
   </trkpt>
   <trkpt lat="51.0301520" lon="13.8376830">
    <ele>114.6</ele>
    <time>2026-05-19T13:59:02Z</time>
   </trkpt>
   <trkpt lat="51.0302150" lon="13.8376540">
    <ele>114.6</ele>
    <time>2026-05-19T13:59:03Z</time>
   </trkpt>
   <trkpt lat="51.0302790" lon="13.8376250">
    <ele>114.6</ele>
    <time>2026-05-19T13:59:04Z</time>
   </trkpt>
   <trkpt lat="51.0303420" lon="13.8375950">
    <ele>114.6</ele>
    <time>2026-05-19T13:59:05Z</time>
   </trkpt>
   <trkpt lat="51.0304060" lon="13.8375670">
    <ele>114.6</ele>
    <time>2026-05-19T13:59:06Z</time>
   </trkpt>
   <trkpt lat="51.0304700" lon="13.8375380">
    <ele>114.6</ele>
    <time>2026-05-19T13:59:07Z</time>
   </trkpt>
   <trkpt lat="51.0305340" lon="13.8375110">
    <ele>114.6</ele>
    <time>2026-05-19T13:59:08Z</time>
   </trkpt>
   <trkpt lat="51.0305990" lon="13.8374850">
    <ele>114.6</ele>
    <time>2026-05-19T13:59:09Z</time>
   </trkpt>
   <trkpt lat="51.0306640" lon="13.8374580">
    <ele>114.8</ele>
    <time>2026-05-19T13:59:10Z</time>
   </trkpt>
   <trkpt lat="51.0307300" lon="13.8374320">
    <ele>114.8</ele>
    <time>2026-05-19T13:59:11Z</time>
   </trkpt>
   <trkpt lat="51.0307950" lon="13.8374070">
    <ele>114.8</ele>
    <time>2026-05-19T13:59:12Z</time>
   </trkpt>
   <trkpt lat="51.0308610" lon="13.8373820">
    <ele>114.8</ele>
    <time>2026-05-19T13:59:13Z</time>
   </trkpt>
   <trkpt lat="51.0309260" lon="13.8373580">
    <ele>114.8</ele>
    <time>2026-05-19T13:59:14Z</time>
   </trkpt>
   <trkpt lat="51.0309910" lon="13.8373330">
    <ele>114.6</ele>
    <time>2026-05-19T13:59:15Z</time>
   </trkpt>
   <trkpt lat="51.0310560" lon="13.8373080">
    <ele>114.4</ele>
    <time>2026-05-19T13:59:16Z</time>
   </trkpt>
   <trkpt lat="51.0311210" lon="13.8372820">
    <ele>114.2</ele>
    <time>2026-05-19T13:59:17Z</time>
   </trkpt>
   <trkpt lat="51.0311850" lon="13.8372570">
    <ele>114.0</ele>
    <time>2026-05-19T13:59:18Z</time>
   </trkpt>
   <trkpt lat="51.0312480" lon="13.8372310">
    <ele>114.0</ele>
    <time>2026-05-19T13:59:19Z</time>
   </trkpt>
   <trkpt lat="51.0313110" lon="13.8372060">
    <ele>114.0</ele>
    <time>2026-05-19T13:59:20Z</time>
   </trkpt>
   <trkpt lat="51.0313740" lon="13.8371800">
    <ele>114.0</ele>
    <time>2026-05-19T13:59:21Z</time>
   </trkpt>
   <trkpt lat="51.0314360" lon="13.8371500">
    <ele>113.8</ele>
    <time>2026-05-19T13:59:22Z</time>
   </trkpt>
   <trkpt lat="51.0314960" lon="13.8371100">
    <ele>113.6</ele>
    <time>2026-05-19T13:59:23Z</time>
   </trkpt>
   <trkpt lat="51.0315540" lon="13.8370650">
    <ele>113.6</ele>
    <time>2026-05-19T13:59:24Z</time>
   </trkpt>
   <trkpt lat="51.0316100" lon="13.8370140">
    <ele>113.6</ele>
    <time>2026-05-19T13:59:25Z</time>
   </trkpt>
   <trkpt lat="51.0316640" lon="13.8369610">
    <ele>113.6</ele>
    <time>2026-05-19T13:59:26Z</time>
   </trkpt>
   <trkpt lat="51.0317150" lon="13.8369090">
    <ele>113.6</ele>
    <time>2026-05-19T13:59:27Z</time>
   </trkpt>
   <trkpt lat="51.0317650" lon="13.8368590">
    <ele>113.6</ele>
    <time>2026-05-19T13:59:28Z</time>
   </trkpt>
   <trkpt lat="51.0318150" lon="13.8368080">
    <ele>113.8</ele>
    <time>2026-05-19T13:59:29Z</time>
   </trkpt>
   <trkpt lat="51.0318640" lon="13.8367590">
    <ele>113.8</ele>
    <time>2026-05-19T13:59:30Z</time>
   </trkpt>
   <trkpt lat="51.0319140" lon="13.8367090">
    <ele>113.8</ele>
    <time>2026-05-19T13:59:31Z</time>
   </trkpt>
   <trkpt lat="51.0319630" lon="13.8366610">
    <ele>114.0</ele>
    <time>2026-05-19T13:59:32Z</time>
   </trkpt>
   <trkpt lat="51.0320130" lon="13.8366120">
    <ele>114.0</ele>
    <time>2026-05-19T13:59:33Z</time>
   </trkpt>
   <trkpt lat="51.0320640" lon="13.8365640">
    <ele>114.0</ele>
    <time>2026-05-19T13:59:34Z</time>
   </trkpt>
   <trkpt lat="51.0321150" lon="13.8365160">
    <ele>114.0</ele>
    <time>2026-05-19T13:59:35Z</time>
   </trkpt>
   <trkpt lat="51.0321660" lon="13.8364700">
    <ele>114.0</ele>
    <time>2026-05-19T13:59:36Z</time>
   </trkpt>
   <trkpt lat="51.0322180" lon="13.8364240">
    <ele>114.2</ele>
    <time>2026-05-19T13:59:37Z</time>
   </trkpt>
   <trkpt lat="51.0322690" lon="13.8363770">
    <ele>114.4</ele>
    <time>2026-05-19T13:59:38Z</time>
   </trkpt>
   <trkpt lat="51.0323190" lon="13.8363300">
    <ele>114.4</ele>
    <time>2026-05-19T13:59:39Z</time>
   </trkpt>
   <trkpt lat="51.0323690" lon="13.8362810">
    <ele>114.6</ele>
    <time>2026-05-19T13:59:40Z</time>
   </trkpt>
   <trkpt lat="51.0324200" lon="13.8362330">
    <ele>114.6</ele>
    <time>2026-05-19T13:59:41Z</time>
   </trkpt>
   <trkpt lat="51.0324700" lon="13.8361830">
    <ele>115.0</ele>
    <time>2026-05-19T13:59:42Z</time>
   </trkpt>
   <trkpt lat="51.0325200" lon="13.8361320">
    <ele>115.0</ele>
    <time>2026-05-19T13:59:43Z</time>
   </trkpt>
   <trkpt lat="51.0325700" lon="13.8360790">
    <ele>115.4</ele>
    <time>2026-05-19T13:59:44Z</time>
   </trkpt>
   <trkpt lat="51.0326190" lon="13.8360240">
    <ele>115.4</ele>
    <time>2026-05-19T13:59:45Z</time>
   </trkpt>
   <trkpt lat="51.0326670" lon="13.8359670">
    <ele>115.4</ele>
    <time>2026-05-19T13:59:46Z</time>
   </trkpt>
   <trkpt lat="51.0327150" lon="13.8359090">
    <ele>115.4</ele>
    <time>2026-05-19T13:59:47Z</time>
   </trkpt>
   <trkpt lat="51.0327620" lon="13.8358510">
    <ele>115.4</ele>
    <time>2026-05-19T13:59:48Z</time>
   </trkpt>
   <trkpt lat="51.0328090" lon="13.8357920">
    <ele>115.4</ele>
    <time>2026-05-19T13:59:49Z</time>
   </trkpt>
   <trkpt lat="51.0328550" lon="13.8357310">
    <ele>115.4</ele>
    <time>2026-05-19T13:59:50Z</time>
   </trkpt>
   <trkpt lat="51.0329010" lon="13.8356690">
    <ele>115.4</ele>
    <time>2026-05-19T13:59:51Z</time>
   </trkpt>
   <trkpt lat="51.0329470" lon="13.8356040">
    <ele>115.2</ele>
    <time>2026-05-19T13:59:52Z</time>
   </trkpt>
   <trkpt lat="51.0329920" lon="13.8355390">
    <ele>115.4</ele>
    <time>2026-05-19T13:59:53Z</time>
   </trkpt>
   <trkpt lat="51.0330370" lon="13.8354740">
    <ele>115.2</ele>
    <time>2026-05-19T13:59:54Z</time>
   </trkpt>
   <trkpt lat="51.0330810" lon="13.8354080">
    <ele>115.2</ele>
    <time>2026-05-19T13:59:55Z</time>
   </trkpt>
   <trkpt lat="51.0331260" lon="13.8353420">
    <ele>115.2</ele>
    <time>2026-05-19T13:59:56Z</time>
   </trkpt>
   <trkpt lat="51.0331700" lon="13.8352740">
    <ele>115.2</ele>
    <time>2026-05-19T13:59:57Z</time>
   </trkpt>
   <trkpt lat="51.0332130" lon="13.8352050">
    <ele>115.0</ele>
    <time>2026-05-19T13:59:58Z</time>
   </trkpt>
   <trkpt lat="51.0332560" lon="13.8351360">
    <ele>115.0</ele>
    <time>2026-05-19T13:59:59Z</time>
   </trkpt>
   <trkpt lat="51.0332980" lon="13.8350690">
    <ele>115.0</ele>
    <time>2026-05-19T14:00:00Z</time>
   </trkpt>
   <trkpt lat="51.0333410" lon="13.8350030">
    <ele>115.0</ele>
    <time>2026-05-19T14:00:01Z</time>
   </trkpt>
   <trkpt lat="51.0333810" lon="13.8349390">
    <ele>115.0</ele>
    <time>2026-05-19T14:00:02Z</time>
   </trkpt>
   <trkpt lat="51.0334210" lon="13.8348760">
    <ele>115.0</ele>
    <time>2026-05-19T14:00:03Z</time>
   </trkpt>
   <trkpt lat="51.0334580" lon="13.8348140">
    <ele>115.0</ele>
    <time>2026-05-19T14:00:04Z</time>
   </trkpt>
   <trkpt lat="51.0334940" lon="13.8347550">
    <ele>115.0</ele>
    <time>2026-05-19T14:00:05Z</time>
   </trkpt>
   <trkpt lat="51.0335190" lon="13.8347130">
    <ele>114.8</ele>
    <time>2026-05-19T14:00:06Z</time>
   </trkpt>
   <trkpt lat="51.0335510" lon="13.8346610">
    <ele>114.6</ele>
    <time>2026-05-19T14:00:07Z</time>
   </trkpt>
   <trkpt lat="51.0335820" lon="13.8346090">
    <ele>114.6</ele>
    <time>2026-05-19T14:00:08Z</time>
   </trkpt>
   <trkpt lat="51.0336120" lon="13.8345590">
    <ele>114.6</ele>
    <time>2026-05-19T14:00:09Z</time>
   </trkpt>
   <trkpt lat="51.0336420" lon="13.8345100">
    <ele>114.4</ele>
    <time>2026-05-19T14:00:10Z</time>
   </trkpt>
   <trkpt lat="51.0336700" lon="13.8344620">
    <ele>114.4</ele>
    <time>2026-05-19T14:00:11Z</time>
   </trkpt>
   <trkpt lat="51.0336970" lon="13.8344160">
    <ele>114.0</ele>
    <time>2026-05-19T14:00:12Z</time>
   </trkpt>
   <trkpt lat="51.0337250" lon="13.8343700">
    <ele>114.0</ele>
    <time>2026-05-19T14:00:13Z</time>
   </trkpt>
   <trkpt lat="51.0337540" lon="13.8343190">
    <ele>114.0</ele>
    <time>2026-05-19T14:00:14Z</time>
   </trkpt>
   <trkpt lat="51.0337850" lon="13.8342630">
    <ele>114.0</ele>
    <time>2026-05-19T14:00:15Z</time>
   </trkpt>
   <trkpt lat="51.0338190" lon="13.8342010">
    <ele>113.8</ele>
    <time>2026-05-19T14:00:16Z</time>
   </trkpt>
   <trkpt lat="51.0338580" lon="13.8341370">
    <ele>114.0</ele>
    <time>2026-05-19T14:00:17Z</time>
   </trkpt>
   <trkpt lat="51.0339150" lon="13.8340480">
    <ele>114.0</ele>
    <time>2026-05-19T14:00:18Z</time>
   </trkpt>
   <trkpt lat="51.0339610" lon="13.8339760">
    <ele>114.0</ele>
    <time>2026-05-19T14:00:19Z</time>
   </trkpt>
   <trkpt lat="51.0340070" lon="13.8339030">
    <ele>114.0</ele>
    <time>2026-05-19T14:00:20Z</time>
   </trkpt>
   <trkpt lat="51.0340520" lon="13.8338280">
    <ele>114.2</ele>
    <time>2026-05-19T14:00:21Z</time>
   </trkpt>
   <trkpt lat="51.0340970" lon="13.8337510">
    <ele>114.2</ele>
    <time>2026-05-19T14:00:22Z</time>
   </trkpt>
   <trkpt lat="51.0341430" lon="13.8336750">
    <ele>114.4</ele>
    <time>2026-05-19T14:00:23Z</time>
   </trkpt>
   <trkpt lat="51.0341880" lon="13.8335980">
    <ele>114.4</ele>
    <time>2026-05-19T14:00:24Z</time>
   </trkpt>
   <trkpt lat="51.0342340" lon="13.8335210">
    <ele>114.4</ele>
    <time>2026-05-19T14:00:25Z</time>
   </trkpt>
   <trkpt lat="51.0342790" lon="13.8334440">
    <ele>114.4</ele>
    <time>2026-05-19T14:00:26Z</time>
   </trkpt>
   <trkpt lat="51.0343230" lon="13.8333660">
    <ele>114.6</ele>
    <time>2026-05-19T14:00:27Z</time>
   </trkpt>
   <trkpt lat="51.0343670" lon="13.8332880">
    <ele>114.6</ele>
    <time>2026-05-19T14:00:28Z</time>
   </trkpt>
   <trkpt lat="51.0344090" lon="13.8332080">
    <ele>114.6</ele>
    <time>2026-05-19T14:00:29Z</time>
   </trkpt>
   <trkpt lat="51.0344500" lon="13.8331250">
    <ele>114.6</ele>
    <time>2026-05-19T14:00:30Z</time>
   </trkpt>
   <trkpt lat="51.0344870" lon="13.8330390">
    <ele>114.6</ele>
    <time>2026-05-19T14:00:31Z</time>
   </trkpt>
   <trkpt lat="51.0345220" lon="13.8329500">
    <ele>114.6</ele>
    <time>2026-05-19T14:00:32Z</time>
   </trkpt>
   <trkpt lat="51.0345570" lon="13.8328600">
    <ele>114.8</ele>
    <time>2026-05-19T14:00:33Z</time>
   </trkpt>
   <trkpt lat="51.0345900" lon="13.8327710">
    <ele>115.0</ele>
    <time>2026-05-19T14:00:34Z</time>
   </trkpt>
   <trkpt lat="51.0346240" lon="13.8326820">
    <ele>115.0</ele>
    <time>2026-05-19T14:00:35Z</time>
   </trkpt>
   <trkpt lat="51.0346550" lon="13.8325920">
    <ele>115.0</ele>
    <time>2026-05-19T14:00:36Z</time>
   </trkpt>
   <trkpt lat="51.0346840" lon="13.8325000">
    <ele>115.0</ele>
    <time>2026-05-19T14:00:37Z</time>
   </trkpt>
   <trkpt lat="51.0347110" lon="13.8324080">
    <ele>115.0</ele>
    <time>2026-05-19T14:00:38Z</time>
   </trkpt>
   <trkpt lat="51.0347380" lon="13.8323160">
    <ele>115.0</ele>
    <time>2026-05-19T14:00:39Z</time>
   </trkpt>
   <trkpt lat="51.0347660" lon="13.8322250">
    <ele>114.8</ele>
    <time>2026-05-19T14:00:40Z</time>
   </trkpt>
   <trkpt lat="51.0347980" lon="13.8321360">
    <ele>114.6</ele>
    <time>2026-05-19T14:00:41Z</time>
   </trkpt>
   <trkpt lat="51.0348310" lon="13.8320500">
    <ele>114.6</ele>
    <time>2026-05-19T14:00:42Z</time>
   </trkpt>
   <trkpt lat="51.0348640" lon="13.8319650">
    <ele>114.6</ele>
    <time>2026-05-19T14:00:43Z</time>
   </trkpt>
   <trkpt lat="51.0348980" lon="13.8318810">
    <ele>114.6</ele>
    <time>2026-05-19T14:00:44Z</time>
   </trkpt>
   <trkpt lat="51.0349310" lon="13.8317970">
    <ele>114.4</ele>
    <time>2026-05-19T14:00:45Z</time>
   </trkpt>
   <trkpt lat="51.0349630" lon="13.8317120">
    <ele>114.4</ele>
    <time>2026-05-19T14:00:46Z</time>
   </trkpt>
   <trkpt lat="51.0349950" lon="13.8316260">
    <ele>114.2</ele>
    <time>2026-05-19T14:00:47Z</time>
   </trkpt>
   <trkpt lat="51.0350250" lon="13.8315380">
    <ele>114.2</ele>
    <time>2026-05-19T14:00:48Z</time>
   </trkpt>
   <trkpt lat="51.0350550" lon="13.8314480">
    <ele>114.2</ele>
    <time>2026-05-19T14:00:49Z</time>
   </trkpt>
   <trkpt lat="51.0350830" lon="13.8313570">
    <ele>114.0</ele>
    <time>2026-05-19T14:00:50Z</time>
   </trkpt>
   <trkpt lat="51.0351100" lon="13.8312640">
    <ele>114.0</ele>
    <time>2026-05-19T14:00:51Z</time>
   </trkpt>
   <trkpt lat="51.0351370" lon="13.8311710">
    <ele>114.2</ele>
    <time>2026-05-19T14:00:52Z</time>
   </trkpt>
   <trkpt lat="51.0351630" lon="13.8310780">
    <ele>114.2</ele>
    <time>2026-05-19T14:00:53Z</time>
   </trkpt>
   <trkpt lat="51.0351890" lon="13.8309840">
    <ele>114.2</ele>
    <time>2026-05-19T14:00:54Z</time>
   </trkpt>
   <trkpt lat="51.0352160" lon="13.8308910">
    <ele>114.2</ele>
    <time>2026-05-19T14:00:55Z</time>
   </trkpt>
   <trkpt lat="51.0352410" lon="13.8307970">
    <ele>114.2</ele>
    <time>2026-05-19T14:00:56Z</time>
   </trkpt>
   <trkpt lat="51.0352660" lon="13.8307030">
    <ele>114.2</ele>
    <time>2026-05-19T14:00:57Z</time>
   </trkpt>
   <trkpt lat="51.0352910" lon="13.8306100">
    <ele>114.2</ele>
    <time>2026-05-19T14:00:58Z</time>
   </trkpt>
   <trkpt lat="51.0353160" lon="13.8305170">
    <ele>114.2</ele>
    <time>2026-05-19T14:00:59Z</time>
   </trkpt>
   <trkpt lat="51.0353420" lon="13.8304250">
    <ele>114.4</ele>
    <time>2026-05-19T14:01:00Z</time>
   </trkpt>
   <trkpt lat="51.0353680" lon="13.8303340">
    <ele>114.4</ele>
    <time>2026-05-19T14:01:01Z</time>
   </trkpt>
   <trkpt lat="51.0353930" lon="13.8302420">
    <ele>114.4</ele>
    <time>2026-05-19T14:01:02Z</time>
   </trkpt>
   <trkpt lat="51.0354150" lon="13.8301470">
    <ele>114.4</ele>
    <time>2026-05-19T14:01:03Z</time>
   </trkpt>
   <trkpt lat="51.0354380" lon="13.8300520">
    <ele>114.4</ele>
    <time>2026-05-19T14:01:04Z</time>
   </trkpt>
   <trkpt lat="51.0354650" lon="13.8299580">
    <ele>114.4</ele>
    <time>2026-05-19T14:01:05Z</time>
   </trkpt>
   <trkpt lat="51.0354960" lon="13.8298640">
    <ele>114.4</ele>
    <time>2026-05-19T14:01:06Z</time>
   </trkpt>
   <trkpt lat="51.0355270" lon="13.8297690">
    <ele>114.2</ele>
    <time>2026-05-19T14:01:07Z</time>
   </trkpt>
   <trkpt lat="51.0355580" lon="13.8296710">
    <ele>114.2</ele>
    <time>2026-05-19T14:01:08Z</time>
   </trkpt>
   <trkpt lat="51.0355880" lon="13.8295700">
    <ele>114.2</ele>
    <time>2026-05-19T14:01:09Z</time>
   </trkpt>
   <trkpt lat="51.0356170" lon="13.8294650">
    <ele>114.2</ele>
    <time>2026-05-19T14:01:10Z</time>
   </trkpt>
   <trkpt lat="51.0356450" lon="13.8293580">
    <ele>114.0</ele>
    <time>2026-05-19T14:01:11Z</time>
   </trkpt>
   <trkpt lat="51.0356740" lon="13.8292500">
    <ele>113.8</ele>
    <time>2026-05-19T14:01:12Z</time>
   </trkpt>
   <trkpt lat="51.0357040" lon="13.8291420">
    <ele>113.6</ele>
    <time>2026-05-19T14:01:13Z</time>
   </trkpt>
   <trkpt lat="51.0357350" lon="13.8290330">
    <ele>113.4</ele>
    <time>2026-05-19T14:01:14Z</time>
   </trkpt>
   <trkpt lat="51.0357660" lon="13.8289220">
    <ele>113.0</ele>
    <time>2026-05-19T14:01:15Z</time>
   </trkpt>
   <trkpt lat="51.0357980" lon="13.8288110">
    <ele>113.0</ele>
    <time>2026-05-19T14:01:16Z</time>
   </trkpt>
   <trkpt lat="51.0358290" lon="13.8286990">
    <ele>112.8</ele>
    <time>2026-05-19T14:01:17Z</time>
   </trkpt>
   <trkpt lat="51.0358600" lon="13.8285870">
    <ele>112.6</ele>
    <time>2026-05-19T14:01:18Z</time>
   </trkpt>
   <trkpt lat="51.0358910" lon="13.8284760">
    <ele>112.6</ele>
    <time>2026-05-19T14:01:19Z</time>
   </trkpt>
   <trkpt lat="51.0359220" lon="13.8283650">
    <ele>112.6</ele>
    <time>2026-05-19T14:01:20Z</time>
   </trkpt>
   <trkpt lat="51.0359530" lon="13.8282550">
    <ele>112.4</ele>
    <time>2026-05-19T14:01:21Z</time>
   </trkpt>
   <trkpt lat="51.0359830" lon="13.8281440">
    <ele>112.4</ele>
    <time>2026-05-19T14:01:22Z</time>
   </trkpt>
   <trkpt lat="51.0360120" lon="13.8280320">
    <ele>112.4</ele>
    <time>2026-05-19T14:01:23Z</time>
   </trkpt>
   <trkpt lat="51.0360420" lon="13.8279210">
    <ele>112.6</ele>
    <time>2026-05-19T14:01:24Z</time>
   </trkpt>
   <trkpt lat="51.0360720" lon="13.8278110">
    <ele>112.6</ele>
    <time>2026-05-19T14:01:25Z</time>
   </trkpt>
   <trkpt lat="51.0361040" lon="13.8277030">
    <ele>112.6</ele>
    <time>2026-05-19T14:01:26Z</time>
   </trkpt>
   <trkpt lat="51.0361400" lon="13.8275990">
    <ele>112.6</ele>
    <time>2026-05-19T14:01:27Z</time>
   </trkpt>
   <trkpt lat="51.0361810" lon="13.8275000">
    <ele>112.6</ele>
    <time>2026-05-19T14:01:28Z</time>
   </trkpt>
   <trkpt lat="51.0362260" lon="13.8274030">
    <ele>112.6</ele>
    <time>2026-05-19T14:01:29Z</time>
   </trkpt>
   <trkpt lat="51.0362720" lon="13.8273060">
    <ele>112.6</ele>
    <time>2026-05-19T14:01:30Z</time>
   </trkpt>
   <trkpt lat="51.0363180" lon="13.8272070">
    <ele>112.8</ele>
    <time>2026-05-19T14:01:31Z</time>
   </trkpt>
   <trkpt lat="51.0363640" lon="13.8271070">
    <ele>113.0</ele>
    <time>2026-05-19T14:01:32Z</time>
   </trkpt>
   <trkpt lat="51.0364100" lon="13.8270050">
    <ele>113.0</ele>
    <time>2026-05-19T14:01:33Z</time>
   </trkpt>
   <trkpt lat="51.0364560" lon="13.8269030">
    <ele>113.0</ele>
    <time>2026-05-19T14:01:34Z</time>
   </trkpt>
   <trkpt lat="51.0365010" lon="13.8268020">
    <ele>113.0</ele>
    <time>2026-05-19T14:01:35Z</time>
   </trkpt>
   <trkpt lat="51.0365450" lon="13.8267020">
    <ele>113.0</ele>
    <time>2026-05-19T14:01:36Z</time>
   </trkpt>
   <trkpt lat="51.0365890" lon="13.8266040">
    <ele>113.0</ele>
    <time>2026-05-19T14:01:37Z</time>
   </trkpt>
   <trkpt lat="51.0366340" lon="13.8265050">
    <ele>113.4</ele>
    <time>2026-05-19T14:01:38Z</time>
   </trkpt>
   <trkpt lat="51.0366820" lon="13.8264070">
    <ele>113.6</ele>
    <time>2026-05-19T14:01:39Z</time>
   </trkpt>
   <trkpt lat="51.0367310" lon="13.8263090">
    <ele>114.0</ele>
    <time>2026-05-19T14:01:40Z</time>
   </trkpt>
   <trkpt lat="51.0367790" lon="13.8262100">
    <ele>114.2</ele>
    <time>2026-05-19T14:01:41Z</time>
   </trkpt>
   <trkpt lat="51.0368250" lon="13.8261110">
    <ele>114.0</ele>
    <time>2026-05-19T14:01:42Z</time>
   </trkpt>
   <trkpt lat="51.0368700" lon="13.8260110">
    <ele>114.0</ele>
    <time>2026-05-19T14:01:43Z</time>
   </trkpt>
   <trkpt lat="51.0369130" lon="13.8259120">
    <ele>113.6</ele>
    <time>2026-05-19T14:01:44Z</time>
   </trkpt>
   <trkpt lat="51.0369550" lon="13.8258120">
    <ele>113.2</ele>
    <time>2026-05-19T14:01:45Z</time>
   </trkpt>
   <trkpt lat="51.0369970" lon="13.8257120">
    <ele>113.0</ele>
    <time>2026-05-19T14:01:46Z</time>
   </trkpt>
   <trkpt lat="51.0370390" lon="13.8256110">
    <ele>112.8</ele>
    <time>2026-05-19T14:01:47Z</time>
   </trkpt>
   <trkpt lat="51.0370810" lon="13.8255090">
    <ele>112.6</ele>
    <time>2026-05-19T14:01:48Z</time>
   </trkpt>
   <trkpt lat="51.0371250" lon="13.8254080">
    <ele>112.6</ele>
    <time>2026-05-19T14:01:49Z</time>
   </trkpt>
   <trkpt lat="51.0371690" lon="13.8253070">
    <ele>112.4</ele>
    <time>2026-05-19T14:01:50Z</time>
   </trkpt>
   <trkpt lat="51.0372130" lon="13.8252060">
    <ele>112.4</ele>
    <time>2026-05-19T14:01:51Z</time>
   </trkpt>
   <trkpt lat="51.0372570" lon="13.8251040">
    <ele>112.4</ele>
    <time>2026-05-19T14:01:52Z</time>
   </trkpt>
   <trkpt lat="51.0373010" lon="13.8250020">
    <ele>112.4</ele>
    <time>2026-05-19T14:01:53Z</time>
   </trkpt>
   <trkpt lat="51.0373440" lon="13.8249010">
    <ele>112.4</ele>
    <time>2026-05-19T14:01:54Z</time>
   </trkpt>
   <trkpt lat="51.0373880" lon="13.8248010">
    <ele>112.4</ele>
    <time>2026-05-19T14:01:55Z</time>
   </trkpt>
   <trkpt lat="51.0374320" lon="13.8247000">
    <ele>112.4</ele>
    <time>2026-05-19T14:01:56Z</time>
   </trkpt>
   <trkpt lat="51.0374750" lon="13.8246000">
    <ele>112.2</ele>
    <time>2026-05-19T14:01:57Z</time>
   </trkpt>
   <trkpt lat="51.0375180" lon="13.8245010">
    <ele>112.2</ele>
    <time>2026-05-19T14:01:58Z</time>
   </trkpt>
   <trkpt lat="51.0375610" lon="13.8244020">
    <ele>112.2</ele>
    <time>2026-05-19T14:01:59Z</time>
   </trkpt>
   <trkpt lat="51.0376050" lon="13.8243030">
    <ele>112.2</ele>
    <time>2026-05-19T14:02:00Z</time>
   </trkpt>
   <trkpt lat="51.0376480" lon="13.8242040">
    <ele>112.2</ele>
    <time>2026-05-19T14:02:01Z</time>
   </trkpt>
   <trkpt lat="51.0376910" lon="13.8241040">
    <ele>112.2</ele>
    <time>2026-05-19T14:02:02Z</time>
   </trkpt>
   <trkpt lat="51.0377350" lon="13.8240040">
    <ele>112.2</ele>
    <time>2026-05-19T14:02:03Z</time>
   </trkpt>
   <trkpt lat="51.0377790" lon="13.8239050">
    <ele>112.2</ele>
    <time>2026-05-19T14:02:04Z</time>
   </trkpt>
   <trkpt lat="51.0378220" lon="13.8238070">
    <ele>112.2</ele>
    <time>2026-05-19T14:02:05Z</time>
   </trkpt>
   <trkpt lat="51.0378650" lon="13.8237080">
    <ele>112.2</ele>
    <time>2026-05-19T14:02:06Z</time>
   </trkpt>
   <trkpt lat="51.0379070" lon="13.8236090">
    <ele>112.2</ele>
    <time>2026-05-19T14:02:07Z</time>
   </trkpt>
   <trkpt lat="51.0379490" lon="13.8235100">
    <ele>112.0</ele>
    <time>2026-05-19T14:02:08Z</time>
   </trkpt>
   <trkpt lat="51.0379910" lon="13.8234110">
    <ele>112.0</ele>
    <time>2026-05-19T14:02:09Z</time>
   </trkpt>
   <trkpt lat="51.0380310" lon="13.8233120">
    <ele>112.0</ele>
    <time>2026-05-19T14:02:10Z</time>
   </trkpt>
   <trkpt lat="51.0380720" lon="13.8232130">
    <ele>112.0</ele>
    <time>2026-05-19T14:02:11Z</time>
   </trkpt>
   <trkpt lat="51.0381130" lon="13.8231140">
    <ele>112.0</ele>
    <time>2026-05-19T14:02:12Z</time>
   </trkpt>
   <trkpt lat="51.0381550" lon="13.8230170">
    <ele>112.0</ele>
    <time>2026-05-19T14:02:13Z</time>
   </trkpt>
   <trkpt lat="51.0381960" lon="13.8229200">
    <ele>111.8</ele>
    <time>2026-05-19T14:02:14Z</time>
   </trkpt>
   <trkpt lat="51.0382370" lon="13.8228250">
    <ele>111.8</ele>
    <time>2026-05-19T14:02:15Z</time>
   </trkpt>
   <trkpt lat="51.0382780" lon="13.8227280">
    <ele>111.8</ele>
    <time>2026-05-19T14:02:16Z</time>
   </trkpt>
   <trkpt lat="51.0383180" lon="13.8226290">
    <ele>112.0</ele>
    <time>2026-05-19T14:02:17Z</time>
   </trkpt>
   <trkpt lat="51.0383580" lon="13.8225300">
    <ele>112.0</ele>
    <time>2026-05-19T14:02:18Z</time>
   </trkpt>
   <trkpt lat="51.0383990" lon="13.8224310">
    <ele>112.0</ele>
    <time>2026-05-19T14:02:19Z</time>
   </trkpt>
   <trkpt lat="51.0384400" lon="13.8223340">
    <ele>112.0</ele>
    <time>2026-05-19T14:02:20Z</time>
   </trkpt>
   <trkpt lat="51.0384810" lon="13.8222390">
    <ele>112.2</ele>
    <time>2026-05-19T14:02:21Z</time>
   </trkpt>
   <trkpt lat="51.0385210" lon="13.8221480">
    <ele>112.2</ele>
    <time>2026-05-19T14:02:22Z</time>
   </trkpt>
   <trkpt lat="51.0385600" lon="13.8220580">
    <ele>112.4</ele>
    <time>2026-05-19T14:02:23Z</time>
   </trkpt>
   <trkpt lat="51.0385990" lon="13.8219660">
    <ele>112.6</ele>
    <time>2026-05-19T14:02:24Z</time>
   </trkpt>
   <trkpt lat="51.0386390" lon="13.8218700">
    <ele>113.0</ele>
    <time>2026-05-19T14:02:25Z</time>
   </trkpt>
   <trkpt lat="51.0386810" lon="13.8217720">
    <ele>113.4</ele>
    <time>2026-05-19T14:02:26Z</time>
   </trkpt>
   <trkpt lat="51.0387270" lon="13.8216760">
    <ele>113.6</ele>
    <time>2026-05-19T14:02:27Z</time>
   </trkpt>
   <trkpt lat="51.0387760" lon="13.8215790">
    <ele>114.0</ele>
    <time>2026-05-19T14:02:28Z</time>
   </trkpt>
   <trkpt lat="51.0388250" lon="13.8214820">
    <ele>114.0</ele>
    <time>2026-05-19T14:02:29Z</time>
   </trkpt>
   <trkpt lat="51.0388730" lon="13.8213830">
    <ele>114.0</ele>
    <time>2026-05-19T14:02:30Z</time>
   </trkpt>
   <trkpt lat="51.0389210" lon="13.8212840">
    <ele>114.0</ele>
    <time>2026-05-19T14:02:31Z</time>
   </trkpt>
   <trkpt lat="51.0389680" lon="13.8211850">
    <ele>114.0</ele>
    <time>2026-05-19T14:02:32Z</time>
   </trkpt>
   <trkpt lat="51.0390140" lon="13.8210860">
    <ele>114.0</ele>
    <time>2026-05-19T14:02:33Z</time>
   </trkpt>
   <trkpt lat="51.0390610" lon="13.8209870">
    <ele>113.8</ele>
    <time>2026-05-19T14:02:34Z</time>
   </trkpt>
   <trkpt lat="51.0391080" lon="13.8208890">
    <ele>113.6</ele>
    <time>2026-05-19T14:02:35Z</time>
   </trkpt>
   <trkpt lat="51.0391560" lon="13.8207920">
    <ele>113.4</ele>
    <time>2026-05-19T14:02:36Z</time>
   </trkpt>
   <trkpt lat="51.0392060" lon="13.8206950">
    <ele>113.0</ele>
    <time>2026-05-19T14:02:37Z</time>
   </trkpt>
   <trkpt lat="51.0392560" lon="13.8206000">
    <ele>112.8</ele>
    <time>2026-05-19T14:02:38Z</time>
   </trkpt>
   <trkpt lat="51.0393070" lon="13.8205050">
    <ele>112.8</ele>
    <time>2026-05-19T14:02:39Z</time>
   </trkpt>
   <trkpt lat="51.0393580" lon="13.8204120">
    <ele>112.8</ele>
    <time>2026-05-19T14:02:40Z</time>
   </trkpt>
   <trkpt lat="51.0394100" lon="13.8203180">
    <ele>112.8</ele>
    <time>2026-05-19T14:02:41Z</time>
   </trkpt>
   <trkpt lat="51.0394620" lon="13.8202260">
    <ele>112.8</ele>
    <time>2026-05-19T14:02:42Z</time>
   </trkpt>
   <trkpt lat="51.0395140" lon="13.8201340">
    <ele>112.8</ele>
    <time>2026-05-19T14:02:43Z</time>
   </trkpt>
   <trkpt lat="51.0395680" lon="13.8200440">
    <ele>112.8</ele>
    <time>2026-05-19T14:02:44Z</time>
   </trkpt>
   <trkpt lat="51.0396220" lon="13.8199560">
    <ele>112.8</ele>
    <time>2026-05-19T14:02:45Z</time>
   </trkpt>
   <trkpt lat="51.0396790" lon="13.8198720">
    <ele>112.6</ele>
    <time>2026-05-19T14:02:46Z</time>
   </trkpt>
   <trkpt lat="51.0397390" lon="13.8197930">
    <ele>112.6</ele>
    <time>2026-05-19T14:02:47Z</time>
   </trkpt>
   <trkpt lat="51.0397990" lon="13.8197160">
    <ele>112.8</ele>
    <time>2026-05-19T14:02:48Z</time>
   </trkpt>
   <trkpt lat="51.0398590" lon="13.8196410">
    <ele>112.6</ele>
    <time>2026-05-19T14:02:49Z</time>
   </trkpt>
   <trkpt lat="51.0399200" lon="13.8195730">
    <ele>112.6</ele>
    <time>2026-05-19T14:02:50Z</time>
   </trkpt>
   <trkpt lat="51.0399830" lon="13.8195090">
    <ele>112.6</ele>
    <time>2026-05-19T14:02:51Z</time>
   </trkpt>
   <trkpt lat="51.0400470" lon="13.8194430">
    <ele>112.6</ele>
    <time>2026-05-19T14:02:52Z</time>
   </trkpt>
   <trkpt lat="51.0401100" lon="13.8193730">
    <ele>113.0</ele>
    <time>2026-05-19T14:02:53Z</time>
   </trkpt>
   <trkpt lat="51.0401730" lon="13.8192990">
    <ele>113.2</ele>
    <time>2026-05-19T14:02:54Z</time>
   </trkpt>
   <trkpt lat="51.0402350" lon="13.8192220">
    <ele>113.4</ele>
    <time>2026-05-19T14:02:55Z</time>
   </trkpt>
   <trkpt lat="51.0402980" lon="13.8191440">
    <ele>113.6</ele>
    <time>2026-05-19T14:02:56Z</time>
   </trkpt>
   <trkpt lat="51.0403610" lon="13.8190660">
    <ele>113.6</ele>
    <time>2026-05-19T14:02:57Z</time>
   </trkpt>
   <trkpt lat="51.0404230" lon="13.8189880">
    <ele>113.4</ele>
    <time>2026-05-19T14:02:58Z</time>
   </trkpt>
   <trkpt lat="51.0404850" lon="13.8189090">
    <ele>113.0</ele>
    <time>2026-05-19T14:02:59Z</time>
   </trkpt>
   <trkpt lat="51.0405470" lon="13.8188320">
    <ele>112.6</ele>
    <time>2026-05-19T14:03:00Z</time>
   </trkpt>
   <trkpt lat="51.0406110" lon="13.8187600">
    <ele>112.6</ele>
    <time>2026-05-19T14:03:01Z</time>
   </trkpt>
   <trkpt lat="51.0406770" lon="13.8186940">
    <ele>112.4</ele>
    <time>2026-05-19T14:03:02Z</time>
   </trkpt>
   <trkpt lat="51.0407440" lon="13.8186330">
    <ele>112.2</ele>
    <time>2026-05-19T14:03:03Z</time>
   </trkpt>
   <trkpt lat="51.0408120" lon="13.8185740">
    <ele>112.2</ele>
    <time>2026-05-19T14:03:04Z</time>
   </trkpt>
   <trkpt lat="51.0408800" lon="13.8185140">
    <ele>112.2</ele>
    <time>2026-05-19T14:03:05Z</time>
   </trkpt>
   <trkpt lat="51.0409470" lon="13.8184520">
    <ele>112.2</ele>
    <time>2026-05-19T14:03:06Z</time>
   </trkpt>
   <trkpt lat="51.0410140" lon="13.8183890">
    <ele>112.4</ele>
    <time>2026-05-19T14:03:07Z</time>
   </trkpt>
   <trkpt lat="51.0410800" lon="13.8183250">
    <ele>112.4</ele>
    <time>2026-05-19T14:03:08Z</time>
   </trkpt>
   <trkpt lat="51.0411460" lon="13.8182610">
    <ele>112.4</ele>
    <time>2026-05-19T14:03:09Z</time>
   </trkpt>
   <trkpt lat="51.0412120" lon="13.8181960">
    <ele>112.4</ele>
    <time>2026-05-19T14:03:10Z</time>
   </trkpt>
   <trkpt lat="51.0412780" lon="13.8181300">
    <ele>112.4</ele>
    <time>2026-05-19T14:03:11Z</time>
   </trkpt>
   <trkpt lat="51.0413440" lon="13.8180640">
    <ele>112.4</ele>
    <time>2026-05-19T14:03:12Z</time>
   </trkpt>
   <trkpt lat="51.0414100" lon="13.8179990">
    <ele>112.4</ele>
    <time>2026-05-19T14:03:13Z</time>
   </trkpt>
   <trkpt lat="51.0414770" lon="13.8179350">
    <ele>112.4</ele>
    <time>2026-05-19T14:03:14Z</time>
   </trkpt>
   <trkpt lat="51.0415440" lon="13.8178710">
    <ele>112.4</ele>
    <time>2026-05-19T14:03:15Z</time>
   </trkpt>
   <trkpt lat="51.0416110" lon="13.8178070">
    <ele>112.4</ele>
    <time>2026-05-19T14:03:16Z</time>
   </trkpt>
   <trkpt lat="51.0416770" lon="13.8177440">
    <ele>112.2</ele>
    <time>2026-05-19T14:03:17Z</time>
   </trkpt>
   <trkpt lat="51.0417440" lon="13.8176810">
    <ele>112.2</ele>
    <time>2026-05-19T14:03:18Z</time>
   </trkpt>
   <trkpt lat="51.0418100" lon="13.8176200">
    <ele>112.2</ele>
    <time>2026-05-19T14:03:19Z</time>
   </trkpt>
   <trkpt lat="51.0418780" lon="13.8175620">
    <ele>112.2</ele>
    <time>2026-05-19T14:03:20Z</time>
   </trkpt>
   <trkpt lat="51.0419480" lon="13.8175080">
    <ele>112.0</ele>
    <time>2026-05-19T14:03:21Z</time>
   </trkpt>
   <trkpt lat="51.0420190" lon="13.8174560">
    <ele>112.2</ele>
    <time>2026-05-19T14:03:22Z</time>
   </trkpt>
   <trkpt lat="51.0420900" lon="13.8174040">
    <ele>112.2</ele>
    <time>2026-05-19T14:03:23Z</time>
   </trkpt>
   <trkpt lat="51.0421600" lon="13.8173530">
    <ele>112.4</ele>
    <time>2026-05-19T14:03:24Z</time>
   </trkpt>
   <trkpt lat="51.0422310" lon="13.8173020">
    <ele>112.4</ele>
    <time>2026-05-19T14:03:25Z</time>
   </trkpt>
   <trkpt lat="51.0423020" lon="13.8172510">
    <ele>112.6</ele>
    <time>2026-05-19T14:03:26Z</time>
   </trkpt>
   <trkpt lat="51.0423730" lon="13.8172000">
    <ele>112.6</ele>
    <time>2026-05-19T14:03:27Z</time>
   </trkpt>
   <trkpt lat="51.0424440" lon="13.8171500">
    <ele>112.6</ele>
    <time>2026-05-19T14:03:28Z</time>
   </trkpt>
   <trkpt lat="51.0425150" lon="13.8171020">
    <ele>112.6</ele>
    <time>2026-05-19T14:03:29Z</time>
   </trkpt>
   <trkpt lat="51.0425860" lon="13.8170530">
    <ele>112.6</ele>
    <time>2026-05-19T14:03:30Z</time>
   </trkpt>
   <trkpt lat="51.0426570" lon="13.8170030">
    <ele>112.4</ele>
    <time>2026-05-19T14:03:31Z</time>
   </trkpt>
   <trkpt lat="51.0427270" lon="13.8169530">
    <ele>112.4</ele>
    <time>2026-05-19T14:03:32Z</time>
   </trkpt>
   <trkpt lat="51.0427960" lon="13.8169020">
    <ele>112.4</ele>
    <time>2026-05-19T14:03:33Z</time>
   </trkpt>
   <trkpt lat="51.0428650" lon="13.8168500">
    <ele>112.4</ele>
    <time>2026-05-19T14:03:34Z</time>
   </trkpt>
   <trkpt lat="51.0429340" lon="13.8167990">
    <ele>112.4</ele>
    <time>2026-05-19T14:03:35Z</time>
   </trkpt>
   <trkpt lat="51.0430040" lon="13.8167480">
    <ele>112.2</ele>
    <time>2026-05-19T14:03:36Z</time>
   </trkpt>
   <trkpt lat="51.0430740" lon="13.8166990">
    <ele>112.2</ele>
    <time>2026-05-19T14:03:37Z</time>
   </trkpt>
   <trkpt lat="51.0431440" lon="13.8166490">
    <ele>112.2</ele>
    <time>2026-05-19T14:03:38Z</time>
   </trkpt>
   <trkpt lat="51.0432140" lon="13.8165990">
    <ele>112.2</ele>
    <time>2026-05-19T14:03:39Z</time>
   </trkpt>
   <trkpt lat="51.0432850" lon="13.8165480">
    <ele>112.2</ele>
    <time>2026-05-19T14:03:40Z</time>
   </trkpt>
   <trkpt lat="51.0433560" lon="13.8164990">
    <ele>112.2</ele>
    <time>2026-05-19T14:03:41Z</time>
   </trkpt>
   <trkpt lat="51.0434280" lon="13.8164520">
    <ele>112.2</ele>
    <time>2026-05-19T14:03:42Z</time>
   </trkpt>
   <trkpt lat="51.0435000" lon="13.8164060">
    <ele>112.2</ele>
    <time>2026-05-19T14:03:43Z</time>
   </trkpt>
   <trkpt lat="51.0435710" lon="13.8163580">
    <ele>112.2</ele>
    <time>2026-05-19T14:03:44Z</time>
   </trkpt>
   <trkpt lat="51.0436420" lon="13.8163080">
    <ele>112.2</ele>
    <time>2026-05-19T14:03:45Z</time>
   </trkpt>
   <trkpt lat="51.0437130" lon="13.8162560">
    <ele>112.2</ele>
    <time>2026-05-19T14:03:46Z</time>
   </trkpt>
   <trkpt lat="51.0437830" lon="13.8162040">
    <ele>112.2</ele>
    <time>2026-05-19T14:03:47Z</time>
   </trkpt>
   <trkpt lat="51.0438530" lon="13.8161510">
    <ele>112.2</ele>
    <time>2026-05-19T14:03:48Z</time>
   </trkpt>
   <trkpt lat="51.0439220" lon="13.8161010">
    <ele>112.4</ele>
    <time>2026-05-19T14:03:49Z</time>
   </trkpt>
   <trkpt lat="51.0439910" lon="13.8160530">
    <ele>112.4</ele>
    <time>2026-05-19T14:03:50Z</time>
   </trkpt>
   <trkpt lat="51.0440600" lon="13.8160070">
    <ele>112.4</ele>
    <time>2026-05-19T14:03:51Z</time>
   </trkpt>
   <trkpt lat="51.0441270" lon="13.8159630">
    <ele>112.4</ele>
    <time>2026-05-19T14:03:52Z</time>
   </trkpt>
   <trkpt lat="51.0441900" lon="13.8159210">
    <ele>112.4</ele>
    <time>2026-05-19T14:03:53Z</time>
   </trkpt>
   <trkpt lat="51.0442530" lon="13.8158760">
    <ele>112.4</ele>
    <time>2026-05-19T14:03:54Z</time>
   </trkpt>
   <trkpt lat="51.0443180" lon="13.8158290">
    <ele>112.4</ele>
    <time>2026-05-19T14:03:55Z</time>
   </trkpt>
   <trkpt lat="51.0443880" lon="13.8157810">
    <ele>112.6</ele>
    <time>2026-05-19T14:03:56Z</time>
   </trkpt>
   <trkpt lat="51.0444610" lon="13.8157340">
    <ele>113.0</ele>
    <time>2026-05-19T14:03:57Z</time>
   </trkpt>
   <trkpt lat="51.0445350" lon="13.8156910">
    <ele>113.4</ele>
    <time>2026-05-19T14:03:58Z</time>
   </trkpt>
   <trkpt lat="51.0446100" lon="13.8156490">
    <ele>113.6</ele>
    <time>2026-05-19T14:03:59Z</time>
   </trkpt>
   <trkpt lat="51.0446870" lon="13.8156110">
    <ele>113.6</ele>
    <time>2026-05-19T14:04:00Z</time>
   </trkpt>
   <trkpt lat="51.0447630" lon="13.8155740">
    <ele>113.6</ele>
    <time>2026-05-19T14:04:01Z</time>
   </trkpt>
   <trkpt lat="51.0448390" lon="13.8155370">
    <ele>113.6</ele>
    <time>2026-05-19T14:04:02Z</time>
   </trkpt>
   <trkpt lat="51.0449150" lon="13.8155010">
    <ele>113.6</ele>
    <time>2026-05-19T14:04:03Z</time>
   </trkpt>
   <trkpt lat="51.0449910" lon="13.8154650">
    <ele>113.8</ele>
    <time>2026-05-19T14:04:04Z</time>
   </trkpt>
   <trkpt lat="51.0450660" lon="13.8154310">
    <ele>113.8</ele>
    <time>2026-05-19T14:04:05Z</time>
   </trkpt>
   <trkpt lat="51.0451410" lon="13.8153960">
    <ele>114.0</ele>
    <time>2026-05-19T14:04:06Z</time>
   </trkpt>
   <trkpt lat="51.0452150" lon="13.8153580">
    <ele>114.0</ele>
    <time>2026-05-19T14:04:07Z</time>
   </trkpt>
   <trkpt lat="51.0452880" lon="13.8153170">
    <ele>114.0</ele>
    <time>2026-05-19T14:04:08Z</time>
   </trkpt>
   <trkpt lat="51.0453610" lon="13.8152710">
    <ele>114.0</ele>
    <time>2026-05-19T14:04:09Z</time>
   </trkpt>
   <trkpt lat="51.0454340" lon="13.8152240">
    <ele>113.8</ele>
    <time>2026-05-19T14:04:10Z</time>
   </trkpt>
   <trkpt lat="51.0455080" lon="13.8151770">
    <ele>113.6</ele>
    <time>2026-05-19T14:04:11Z</time>
   </trkpt>
   <trkpt lat="51.0455820" lon="13.8151320">
    <ele>113.6</ele>
    <time>2026-05-19T14:04:12Z</time>
   </trkpt>
   <trkpt lat="51.0456550" lon="13.8150850">
    <ele>113.6</ele>
    <time>2026-05-19T14:04:13Z</time>
   </trkpt>
   <trkpt lat="51.0457280" lon="13.8150380">
    <ele>113.6</ele>
    <time>2026-05-19T14:04:14Z</time>
   </trkpt>
   <trkpt lat="51.0458000" lon="13.8149880">
    <ele>113.4</ele>
    <time>2026-05-19T14:04:15Z</time>
   </trkpt>
   <trkpt lat="51.0458710" lon="13.8149380">
    <ele>113.6</ele>
    <time>2026-05-19T14:04:16Z</time>
   </trkpt>
   <trkpt lat="51.0459410" lon="13.8148880">
    <ele>113.6</ele>
    <time>2026-05-19T14:04:17Z</time>
   </trkpt>
   <trkpt lat="51.0460110" lon="13.8148380">
    <ele>113.6</ele>
    <time>2026-05-19T14:04:18Z</time>
   </trkpt>
   <trkpt lat="51.0460800" lon="13.8147910">
    <ele>113.6</ele>
    <time>2026-05-19T14:04:19Z</time>
   </trkpt>
   <trkpt lat="51.0461480" lon="13.8147430">
    <ele>113.6</ele>
    <time>2026-05-19T14:04:20Z</time>
   </trkpt>
   <trkpt lat="51.0462140" lon="13.8146970">
    <ele>113.6</ele>
    <time>2026-05-19T14:04:21Z</time>
   </trkpt>
   <trkpt lat="51.0462790" lon="13.8146530">
    <ele>113.6</ele>
    <time>2026-05-19T14:04:22Z</time>
   </trkpt>
   <trkpt lat="51.0463420" lon="13.8146110">
    <ele>113.6</ele>
    <time>2026-05-19T14:04:23Z</time>
   </trkpt>
   <trkpt lat="51.0464020" lon="13.8145710">
    <ele>113.4</ele>
    <time>2026-05-19T14:04:24Z</time>
   </trkpt>
   <trkpt lat="51.0464600" lon="13.8145330">
    <ele>113.4</ele>
    <time>2026-05-19T14:04:25Z</time>
   </trkpt>
   <trkpt lat="51.0465160" lon="13.8144940">
    <ele>113.4</ele>
    <time>2026-05-19T14:04:26Z</time>
   </trkpt>
   <trkpt lat="51.0465740" lon="13.8144530">
    <ele>113.4</ele>
    <time>2026-05-19T14:04:27Z</time>
   </trkpt>
   <trkpt lat="51.0466340" lon="13.8144080">
    <ele>113.4</ele>
    <time>2026-05-19T14:04:28Z</time>
   </trkpt>
   <trkpt lat="51.0466970" lon="13.8143590">
    <ele>113.4</ele>
    <time>2026-05-19T14:04:29Z</time>
   </trkpt>
   <trkpt lat="51.0467630" lon="13.8143060">
    <ele>113.6</ele>
    <time>2026-05-19T14:04:30Z</time>
   </trkpt>
   <trkpt lat="51.0468290" lon="13.8142500">
    <ele>113.8</ele>
    <time>2026-05-19T14:04:31Z</time>
   </trkpt>
   <trkpt lat="51.0468960" lon="13.8141910">
    <ele>114.0</ele>
    <time>2026-05-19T14:04:32Z</time>
   </trkpt>
   <trkpt lat="51.0469640" lon="13.8141300">
    <ele>114.0</ele>
    <time>2026-05-19T14:04:33Z</time>
   </trkpt>
   <trkpt lat="51.0470310" lon="13.8140660">
    <ele>114.2</ele>
    <time>2026-05-19T14:04:34Z</time>
   </trkpt>
   <trkpt lat="51.0470970" lon="13.8140010">
    <ele>114.0</ele>
    <time>2026-05-19T14:04:35Z</time>
   </trkpt>
   <trkpt lat="51.0471640" lon="13.8139370">
    <ele>114.0</ele>
    <time>2026-05-19T14:04:36Z</time>
   </trkpt>
   <trkpt lat="51.0472310" lon="13.8138740">
    <ele>113.0</ele>
    <time>2026-05-19T14:04:37Z</time>
   </trkpt>
   <trkpt lat="51.0472990" lon="13.8138130">
    <ele>112.6</ele>
    <time>2026-05-19T14:04:38Z</time>
   </trkpt>
   <trkpt lat="51.0473680" lon="13.8137530">
    <ele>112.0</ele>
    <time>2026-05-19T14:04:39Z</time>
   </trkpt>
   <trkpt lat="51.0474390" lon="13.8136940">
    <ele>111.8</ele>
    <time>2026-05-19T14:04:40Z</time>
   </trkpt>
   <trkpt lat="51.0475110" lon="13.8136360">
    <ele>111.8</ele>
    <time>2026-05-19T14:04:41Z</time>
   </trkpt>
   <trkpt lat="51.0475830" lon="13.8135780">
    <ele>111.8</ele>
    <time>2026-05-19T14:04:42Z</time>
   </trkpt>
   <trkpt lat="51.0476540" lon="13.8135190">
    <ele>112.0</ele>
    <time>2026-05-19T14:04:43Z</time>
   </trkpt>
   <trkpt lat="51.0477240" lon="13.8134600">
    <ele>112.0</ele>
    <time>2026-05-19T14:04:44Z</time>
   </trkpt>
   <trkpt lat="51.0477940" lon="13.8134000">
    <ele>112.0</ele>
    <time>2026-05-19T14:04:45Z</time>
   </trkpt>
   <trkpt lat="51.0478630" lon="13.8133400">
    <ele>112.2</ele>
    <time>2026-05-19T14:04:46Z</time>
   </trkpt>
   <trkpt lat="51.0479320" lon="13.8132790">
    <ele>112.4</ele>
    <time>2026-05-19T14:04:47Z</time>
   </trkpt>
   <trkpt lat="51.0480020" lon="13.8132190">
    <ele>112.4</ele>
    <time>2026-05-19T14:04:48Z</time>
   </trkpt>
   <trkpt lat="51.0480720" lon="13.8131600">
    <ele>112.6</ele>
    <time>2026-05-19T14:04:49Z</time>
   </trkpt>
   <trkpt lat="51.0481410" lon="13.8131000">
    <ele>112.6</ele>
    <time>2026-05-19T14:04:50Z</time>
   </trkpt>
   <trkpt lat="51.0482100" lon="13.8130380">
    <ele>112.6</ele>
    <time>2026-05-19T14:04:51Z</time>
   </trkpt>
   <trkpt lat="51.0482790" lon="13.8129760">
    <ele>112.6</ele>
    <time>2026-05-19T14:04:52Z</time>
   </trkpt>
   <trkpt lat="51.0483480" lon="13.8129120">
    <ele>112.6</ele>
    <time>2026-05-19T14:04:53Z</time>
   </trkpt>
   <trkpt lat="51.0484180" lon="13.8128520">
    <ele>112.4</ele>
    <time>2026-05-19T14:04:54Z</time>
   </trkpt>
   <trkpt lat="51.0484900" lon="13.8127930">
    <ele>112.4</ele>
    <time>2026-05-19T14:04:55Z</time>
   </trkpt>
   <trkpt lat="51.0485620" lon="13.8127350">
    <ele>112.4</ele>
    <time>2026-05-19T14:04:56Z</time>
   </trkpt>
   <trkpt lat="51.0486350" lon="13.8126770">
    <ele>112.4</ele>
    <time>2026-05-19T14:04:57Z</time>
   </trkpt>
   <trkpt lat="51.0487090" lon="13.8126210">
    <ele>112.2</ele>
    <time>2026-05-19T14:04:58Z</time>
   </trkpt>
   <trkpt lat="51.0487830" lon="13.8125650">
    <ele>112.2</ele>
    <time>2026-05-19T14:04:59Z</time>
   </trkpt>
   <trkpt lat="51.0488570" lon="13.8125100">
    <ele>112.2</ele>
    <time>2026-05-19T14:05:00Z</time>
   </trkpt>
   <trkpt lat="51.0489310" lon="13.8124560">
    <ele>112.2</ele>
    <time>2026-05-19T14:05:01Z</time>
   </trkpt>
   <trkpt lat="51.0490040" lon="13.8124020">
    <ele>112.2</ele>
    <time>2026-05-19T14:05:02Z</time>
   </trkpt>
   <trkpt lat="51.0490750" lon="13.8123450">
    <ele>112.4</ele>
    <time>2026-05-19T14:05:03Z</time>
   </trkpt>
   <trkpt lat="51.0491460" lon="13.8122860">
    <ele>112.4</ele>
    <time>2026-05-19T14:05:04Z</time>
   </trkpt>
   <trkpt lat="51.0492150" lon="13.8122240">
    <ele>112.4</ele>
    <time>2026-05-19T14:05:05Z</time>
   </trkpt>
   <trkpt lat="51.0492830" lon="13.8121600">
    <ele>112.4</ele>
    <time>2026-05-19T14:05:06Z</time>
   </trkpt>
   <trkpt lat="51.0493520" lon="13.8120960">
    <ele>112.4</ele>
    <time>2026-05-19T14:05:07Z</time>
   </trkpt>
   <trkpt lat="51.0494220" lon="13.8120350">
    <ele>112.4</ele>
    <time>2026-05-19T14:05:08Z</time>
   </trkpt>
   <trkpt lat="51.0494930" lon="13.8119770">
    <ele>112.4</ele>
    <time>2026-05-19T14:05:09Z</time>
   </trkpt>
   <trkpt lat="51.0495640" lon="13.8119190">
    <ele>112.4</ele>
    <time>2026-05-19T14:05:10Z</time>
   </trkpt>
   <trkpt lat="51.0496340" lon="13.8118610">
    <ele>112.4</ele>
    <time>2026-05-19T14:05:11Z</time>
   </trkpt>
   <trkpt lat="51.0497040" lon="13.8118020">
    <ele>112.4</ele>
    <time>2026-05-19T14:05:12Z</time>
   </trkpt>
   <trkpt lat="51.0497740" lon="13.8117420">
    <ele>112.4</ele>
    <time>2026-05-19T14:05:13Z</time>
   </trkpt>
   <trkpt lat="51.0498460" lon="13.8116830">
    <ele>112.0</ele>
    <time>2026-05-19T14:05:14Z</time>
   </trkpt>
   <trkpt lat="51.0499170" lon="13.8116220">
    <ele>112.0</ele>
    <time>2026-05-19T14:05:15Z</time>
   </trkpt>
   <trkpt lat="51.0499880" lon="13.8115600">
    <ele>111.8</ele>
    <time>2026-05-19T14:05:16Z</time>
   </trkpt>
   <trkpt lat="51.0500590" lon="13.8114960">
    <ele>111.6</ele>
    <time>2026-05-19T14:05:17Z</time>
   </trkpt>
   <trkpt lat="51.0501310" lon="13.8114300">
    <ele>111.6</ele>
    <time>2026-05-19T14:05:18Z</time>
   </trkpt>
   <trkpt lat="51.0502030" lon="13.8113640">
    <ele>111.6</ele>
    <time>2026-05-19T14:05:19Z</time>
   </trkpt>
   <trkpt lat="51.0502750" lon="13.8112980">
    <ele>111.6</ele>
    <time>2026-05-19T14:05:20Z</time>
   </trkpt>
   <trkpt lat="51.0503460" lon="13.8112330">
    <ele>111.6</ele>
    <time>2026-05-19T14:05:21Z</time>
   </trkpt>
   <trkpt lat="51.0504160" lon="13.8111680">
    <ele>111.6</ele>
    <time>2026-05-19T14:05:22Z</time>
   </trkpt>
   <trkpt lat="51.0504850" lon="13.8111030">
    <ele>111.8</ele>
    <time>2026-05-19T14:05:23Z</time>
   </trkpt>
   <trkpt lat="51.0505540" lon="13.8110360">
    <ele>111.8</ele>
    <time>2026-05-19T14:05:24Z</time>
   </trkpt>
   <trkpt lat="51.0506230" lon="13.8109670">
    <ele>112.0</ele>
    <time>2026-05-19T14:05:25Z</time>
   </trkpt>
   <trkpt lat="51.0506910" lon="13.8108970">
    <ele>111.8</ele>
    <time>2026-05-19T14:05:26Z</time>
   </trkpt>
   <trkpt lat="51.0507570" lon="13.8108250">
    <ele>112.0</ele>
    <time>2026-05-19T14:05:27Z</time>
   </trkpt>
   <trkpt lat="51.0508220" lon="13.8107520">
    <ele>112.0</ele>
    <time>2026-05-19T14:05:28Z</time>
   </trkpt>
   <trkpt lat="51.0508870" lon="13.8106790">
    <ele>112.0</ele>
    <time>2026-05-19T14:05:29Z</time>
   </trkpt>
   <trkpt lat="51.0509530" lon="13.8106080">
    <ele>112.0</ele>
    <time>2026-05-19T14:05:30Z</time>
   </trkpt>
   <trkpt lat="51.0510190" lon="13.8105390">
    <ele>112.0</ele>
    <time>2026-05-19T14:05:31Z</time>
   </trkpt>
   <trkpt lat="51.0510850" lon="13.8104740">
    <ele>112.0</ele>
    <time>2026-05-19T14:05:32Z</time>
   </trkpt>
   <trkpt lat="51.0511500" lon="13.8104110">
    <ele>112.0</ele>
    <time>2026-05-19T14:05:33Z</time>
   </trkpt>
   <trkpt lat="51.0512150" lon="13.8103500">
    <ele>112.0</ele>
    <time>2026-05-19T14:05:34Z</time>
   </trkpt>
   <trkpt lat="51.0512800" lon="13.8102910">
    <ele>112.0</ele>
    <time>2026-05-19T14:05:35Z</time>
   </trkpt>
   <trkpt lat="51.0513470" lon="13.8102340">
    <ele>112.0</ele>
    <time>2026-05-19T14:05:36Z</time>
   </trkpt>
   <trkpt lat="51.0514140" lon="13.8101760">
    <ele>112.0</ele>
    <time>2026-05-19T14:05:37Z</time>
   </trkpt>
   <trkpt lat="51.0514820" lon="13.8101190">
    <ele>112.0</ele>
    <time>2026-05-19T14:05:38Z</time>
   </trkpt>
   <trkpt lat="51.0515490" lon="13.8100610">
    <ele>112.4</ele>
    <time>2026-05-19T14:05:39Z</time>
   </trkpt>
   <trkpt lat="51.0516140" lon="13.8100020">
    <ele>112.4</ele>
    <time>2026-05-19T14:05:40Z</time>
   </trkpt>
   <trkpt lat="51.0516760" lon="13.8099420">
    <ele>112.6</ele>
    <time>2026-05-19T14:05:41Z</time>
   </trkpt>
   <trkpt lat="51.0517330" lon="13.8098850">
    <ele>112.6</ele>
    <time>2026-05-19T14:05:42Z</time>
   </trkpt>
   <trkpt lat="51.0517840" lon="13.8098350">
    <ele>112.6</ele>
    <time>2026-05-19T14:05:43Z</time>
   </trkpt>
   <trkpt lat="51.0518320" lon="13.8097910">
    <ele>112.6</ele>
    <time>2026-05-19T14:05:44Z</time>
   </trkpt>
   <trkpt lat="51.0518770" lon="13.8097520">
    <ele>112.6</ele>
    <time>2026-05-19T14:05:45Z</time>
   </trkpt>
   <trkpt lat="51.0519220" lon="13.8097190">
    <ele>112.6</ele>
    <time>2026-05-19T14:05:46Z</time>
   </trkpt>
   <trkpt lat="51.0519550" lon="13.8097020">
    <ele>112.4</ele>
    <time>2026-05-19T14:05:47Z</time>
   </trkpt>
   <trkpt lat="51.0519980" lon="13.8096890">
    <ele>112.4</ele>
    <time>2026-05-19T14:05:48Z</time>
   </trkpt>
   <trkpt lat="51.0520440" lon="13.8096760">
    <ele>112.4</ele>
    <time>2026-05-19T14:05:49Z</time>
   </trkpt>
   <trkpt lat="51.0520920" lon="13.8096540">
    <ele>112.2</ele>
    <time>2026-05-19T14:05:50Z</time>
   </trkpt>
   <trkpt lat="51.0521410" lon="13.8096180">
    <ele>112.0</ele>
    <time>2026-05-19T14:05:51Z</time>
   </trkpt>
   <trkpt lat="51.0521910" lon="13.8095720">
    <ele>112.0</ele>
    <time>2026-05-19T14:05:52Z</time>
   </trkpt>
   <trkpt lat="51.0522590" lon="13.8095020">
    <ele>112.0</ele>
    <time>2026-05-19T14:05:53Z</time>
   </trkpt>
   <trkpt lat="51.0523080" lon="13.8094460">
    <ele>111.8</ele>
    <time>2026-05-19T14:05:54Z</time>
   </trkpt>
   <trkpt lat="51.0523530" lon="13.8093940">
    <ele>111.8</ele>
    <time>2026-05-19T14:05:55Z</time>
   </trkpt>
   <trkpt lat="51.0523920" lon="13.8093480">
    <ele>111.6</ele>
    <time>2026-05-19T14:05:56Z</time>
   </trkpt>
   <trkpt lat="51.0524170" lon="13.8093190">
    <ele>111.6</ele>
    <time>2026-05-19T14:05:57Z</time>
   </trkpt>
   <trkpt lat="51.0524460" lon="13.8092850">
    <ele>111.6</ele>
    <time>2026-05-19T14:05:58Z</time>
   </trkpt>
   <trkpt lat="51.0524730" lon="13.8092520">
    <ele>111.6</ele>
    <time>2026-05-19T14:05:59Z</time>
   </trkpt>
   <trkpt lat="51.0525000" lon="13.8092170">
    <ele>111.6</ele>
    <time>2026-05-19T14:06:00Z</time>
   </trkpt>
   <trkpt lat="51.0525280" lon="13.8091820">
    <ele>111.6</ele>
    <time>2026-05-19T14:06:01Z</time>
   </trkpt>
   <trkpt lat="51.0525590" lon="13.8091440">
    <ele>111.6</ele>
    <time>2026-05-19T14:06:02Z</time>
   </trkpt>
   <trkpt lat="51.0525920" lon="13.8091030">
    <ele>111.6</ele>
    <time>2026-05-19T14:06:03Z</time>
   </trkpt>
   <trkpt lat="51.0526280" lon="13.8090600">
    <ele>111.6</ele>
    <time>2026-05-19T14:06:04Z</time>
   </trkpt>
   <trkpt lat="51.0526630" lon="13.8090140">
    <ele>111.6</ele>
    <time>2026-05-19T14:06:05Z</time>
   </trkpt>
   <trkpt lat="51.0526960" lon="13.8089700">
    <ele>111.6</ele>
    <time>2026-05-19T14:06:06Z</time>
   </trkpt>
   <trkpt lat="51.0527270" lon="13.8089270">
    <ele>111.4</ele>
    <time>2026-05-19T14:06:07Z</time>
   </trkpt>
   <trkpt lat="51.0527560" lon="13.8088870">
    <ele>111.4</ele>
    <time>2026-05-19T14:06:08Z</time>
   </trkpt>
   <trkpt lat="51.0527840" lon="13.8088510">
    <ele>111.4</ele>
    <time>2026-05-19T14:06:09Z</time>
   </trkpt>
   <trkpt lat="51.0528130" lon="13.8088180">
    <ele>111.2</ele>
    <time>2026-05-19T14:06:10Z</time>
   </trkpt>
   <trkpt lat="51.0528440" lon="13.8087880">
    <ele>111.2</ele>
    <time>2026-05-19T14:06:11Z</time>
   </trkpt>
   <trkpt lat="51.0528770" lon="13.8087530">
    <ele>111.0</ele>
    <time>2026-05-19T14:06:12Z</time>
   </trkpt>
   <trkpt lat="51.0529140" lon="13.8087080">
    <ele>111.0</ele>
    <time>2026-05-19T14:06:13Z</time>
   </trkpt>
   <trkpt lat="51.0529550" lon="13.8086540">
    <ele>111.0</ele>
    <time>2026-05-19T14:06:14Z</time>
   </trkpt>
   <trkpt lat="51.0530040" lon="13.8085950">
    <ele>111.0</ele>
    <time>2026-05-19T14:06:15Z</time>
   </trkpt>
   <trkpt lat="51.0530770" lon="13.8085110">
    <ele>111.2</ele>
    <time>2026-05-19T14:06:16Z</time>
   </trkpt>
   <trkpt lat="51.0531400" lon="13.8084470">
    <ele>111.6</ele>
    <time>2026-05-19T14:06:17Z</time>
   </trkpt>
   <trkpt lat="51.0532040" lon="13.8083900">
    <ele>111.6</ele>
    <time>2026-05-19T14:06:18Z</time>
   </trkpt>
   <trkpt lat="51.0532670" lon="13.8083380">
    <ele>112.0</ele>
    <time>2026-05-19T14:06:19Z</time>
   </trkpt>
   <trkpt lat="51.0533320" lon="13.8082890">
    <ele>112.4</ele>
    <time>2026-05-19T14:06:20Z</time>
   </trkpt>
   <trkpt lat="51.0533970" lon="13.8082390">
    <ele>112.4</ele>
    <time>2026-05-19T14:06:21Z</time>
   </trkpt>
   <trkpt lat="51.0534620" lon="13.8081840">
    <ele>112.4</ele>
    <time>2026-05-19T14:06:22Z</time>
   </trkpt>
   <trkpt lat="51.0535250" lon="13.8081210">
    <ele>112.4</ele>
    <time>2026-05-19T14:06:23Z</time>
   </trkpt>
   <trkpt lat="51.0535840" lon="13.8080520">
    <ele>112.6</ele>
    <time>2026-05-19T14:06:24Z</time>
   </trkpt>
   <trkpt lat="51.0536400" lon="13.8079820">
    <ele>112.6</ele>
    <time>2026-05-19T14:06:25Z</time>
   </trkpt>
   <trkpt lat="51.0536940" lon="13.8079140">
    <ele>112.6</ele>
    <time>2026-05-19T14:06:26Z</time>
   </trkpt>
   <trkpt lat="51.0537460" lon="13.8078510">
    <ele>112.6</ele>
    <time>2026-05-19T14:06:27Z</time>
   </trkpt>
   <trkpt lat="51.0537950" lon="13.8077950">
    <ele>112.8</ele>
    <time>2026-05-19T14:06:28Z</time>
   </trkpt>
   <trkpt lat="51.0538410" lon="13.8077460">
    <ele>112.8</ele>
    <time>2026-05-19T14:06:29Z</time>
   </trkpt>
   <trkpt lat="51.0538860" lon="13.8077030">
    <ele>113.0</ele>
    <time>2026-05-19T14:06:30Z</time>
   </trkpt>
   <trkpt lat="51.0539290" lon="13.8076620">
    <ele>113.0</ele>
    <time>2026-05-19T14:06:31Z</time>
   </trkpt>
   <trkpt lat="51.0539600" lon="13.8076320">
    <ele>113.0</ele>
    <time>2026-05-19T14:06:32Z</time>
   </trkpt>
   <trkpt lat="51.0540000" lon="13.8075910">
    <ele>113.0</ele>
    <time>2026-05-19T14:06:33Z</time>
   </trkpt>
   <trkpt lat="51.0540450" lon="13.8075460">
    <ele>112.8</ele>
    <time>2026-05-19T14:06:34Z</time>
   </trkpt>
   <trkpt lat="51.0541120" lon="13.8074810">
    <ele>112.6</ele>
    <time>2026-05-19T14:06:35Z</time>
   </trkpt>
   <trkpt lat="51.0541710" lon="13.8074300">
    <ele>112.6</ele>
    <time>2026-05-19T14:06:36Z</time>
   </trkpt>
   <trkpt lat="51.0542310" lon="13.8073820">
    <ele>112.6</ele>
    <time>2026-05-19T14:06:37Z</time>
   </trkpt>
   <trkpt lat="51.0542910" lon="13.8073370">
    <ele>112.6</ele>
    <time>2026-05-19T14:06:38Z</time>
   </trkpt>
   <trkpt lat="51.0543490" lon="13.8072950">
    <ele>112.6</ele>
    <time>2026-05-19T14:06:39Z</time>
   </trkpt>
   <trkpt lat="51.0544050" lon="13.8072580">
    <ele>112.6</ele>
    <time>2026-05-19T14:06:40Z</time>
   </trkpt>
   <trkpt lat="51.0544600" lon="13.8072240">
    <ele>112.6</ele>
    <time>2026-05-19T14:06:41Z</time>
   </trkpt>
   <trkpt lat="51.0545140" lon="13.8071910">
    <ele>112.6</ele>
    <time>2026-05-19T14:06:42Z</time>
   </trkpt>
   <trkpt lat="51.0545660" lon="13.8071580">
    <ele>112.6</ele>
    <time>2026-05-19T14:06:43Z</time>
   </trkpt>
   <trkpt lat="51.0546190" lon="13.8071260">
    <ele>112.6</ele>
    <time>2026-05-19T14:06:44Z</time>
   </trkpt>
   <trkpt lat="51.0546740" lon="13.8070940">
    <ele>112.4</ele>
    <time>2026-05-19T14:06:45Z</time>
   </trkpt>
   <trkpt lat="51.0547340" lon="13.8070580">
    <ele>112.4</ele>
    <time>2026-05-19T14:06:46Z</time>
   </trkpt>
   <trkpt lat="51.0548010" lon="13.8070190">
    <ele>112.4</ele>
    <time>2026-05-19T14:06:47Z</time>
   </trkpt>
   <trkpt lat="51.0548710" lon="13.8069760">
    <ele>112.4</ele>
    <time>2026-05-19T14:06:48Z</time>
   </trkpt>
   <trkpt lat="51.0549440" lon="13.8069330">
    <ele>112.2</ele>
    <time>2026-05-19T14:06:49Z</time>
   </trkpt>
   <trkpt lat="51.0550190" lon="13.8068890">
    <ele>112.2</ele>
    <time>2026-05-19T14:06:50Z</time>
   </trkpt>
   <trkpt lat="51.0550930" lon="13.8068440">
    <ele>112.4</ele>
    <time>2026-05-19T14:06:51Z</time>
   </trkpt>
   <trkpt lat="51.0551660" lon="13.8067990">
    <ele>112.6</ele>
    <time>2026-05-19T14:06:52Z</time>
   </trkpt>
   <trkpt lat="51.0552400" lon="13.8067520">
    <ele>112.6</ele>
    <time>2026-05-19T14:06:53Z</time>
   </trkpt>
   <trkpt lat="51.0553130" lon="13.8067060">
    <ele>112.6</ele>
    <time>2026-05-19T14:06:54Z</time>
   </trkpt>
   <trkpt lat="51.0553870" lon="13.8066600">
    <ele>112.8</ele>
    <time>2026-05-19T14:06:55Z</time>
   </trkpt>
   <trkpt lat="51.0554600" lon="13.8066140">
    <ele>112.8</ele>
    <time>2026-05-19T14:06:56Z</time>
   </trkpt>
   <trkpt lat="51.0555320" lon="13.8065700">
    <ele>113.0</ele>
    <time>2026-05-19T14:06:57Z</time>
   </trkpt>
   <trkpt lat="51.0556030" lon="13.8065260">
    <ele>112.8</ele>
    <time>2026-05-19T14:06:58Z</time>
   </trkpt>
   <trkpt lat="51.0556740" lon="13.8064820">
    <ele>112.6</ele>
    <time>2026-05-19T14:06:59Z</time>
   </trkpt>
   <trkpt lat="51.0557430" lon="13.8064380">
    <ele>112.6</ele>
    <time>2026-05-19T14:07:00Z</time>
   </trkpt>
   <trkpt lat="51.0558110" lon="13.8063960">
    <ele>112.6</ele>
    <time>2026-05-19T14:07:01Z</time>
   </trkpt>
   <trkpt lat="51.0558780" lon="13.8063560">
    <ele>112.6</ele>
    <time>2026-05-19T14:07:02Z</time>
   </trkpt>
   <trkpt lat="51.0559430" lon="13.8063150">
    <ele>112.6</ele>
    <time>2026-05-19T14:07:03Z</time>
   </trkpt>
   <trkpt lat="51.0560080" lon="13.8062760">
    <ele>112.6</ele>
    <time>2026-05-19T14:07:04Z</time>
   </trkpt>
   <trkpt lat="51.0560710" lon="13.8062370">
    <ele>112.6</ele>
    <time>2026-05-19T14:07:05Z</time>
   </trkpt>
   <trkpt lat="51.0561340" lon="13.8061990">
    <ele>112.6</ele>
    <time>2026-05-19T14:07:06Z</time>
   </trkpt>
   <trkpt lat="51.0561960" lon="13.8061610">
    <ele>112.6</ele>
    <time>2026-05-19T14:07:07Z</time>
   </trkpt>
   <trkpt lat="51.0562580" lon="13.8061220">
    <ele>112.6</ele>
    <time>2026-05-19T14:07:08Z</time>
   </trkpt>
   <trkpt lat="51.0563210" lon="13.8060830">
    <ele>112.6</ele>
    <time>2026-05-19T14:07:09Z</time>
   </trkpt>
   <trkpt lat="51.0563840" lon="13.8060430">
    <ele>112.6</ele>
    <time>2026-05-19T14:07:10Z</time>
   </trkpt>
   <trkpt lat="51.0564470" lon="13.8060040">
    <ele>112.6</ele>
    <time>2026-05-19T14:07:11Z</time>
   </trkpt>
   <trkpt lat="51.0565100" lon="13.8059650">
    <ele>112.8</ele>
    <time>2026-05-19T14:07:12Z</time>
   </trkpt>
   <trkpt lat="51.0565720" lon="13.8059270">
    <ele>112.6</ele>
    <time>2026-05-19T14:07:13Z</time>
   </trkpt>
   <trkpt lat="51.0566330" lon="13.8058890">
    <ele>112.6</ele>
    <time>2026-05-19T14:07:14Z</time>
   </trkpt>
   <trkpt lat="51.0566940" lon="13.8058500">
    <ele>112.8</ele>
    <time>2026-05-19T14:07:15Z</time>
   </trkpt>
   <trkpt lat="51.0567550" lon="13.8058080">
    <ele>112.6</ele>
    <time>2026-05-19T14:07:16Z</time>
   </trkpt>
   <trkpt lat="51.0568170" lon="13.8057610">
    <ele>112.8</ele>
    <time>2026-05-19T14:07:17Z</time>
   </trkpt>
   <trkpt lat="51.0568800" lon="13.8057080">
    <ele>112.8</ele>
    <time>2026-05-19T14:07:18Z</time>
   </trkpt>
   <trkpt lat="51.0569410" lon="13.8056510">
    <ele>112.6</ele>
    <time>2026-05-19T14:07:19Z</time>
   </trkpt>
   <trkpt lat="51.0570020" lon="13.8055880">
    <ele>112.8</ele>
    <time>2026-05-19T14:07:20Z</time>
   </trkpt>
   <trkpt lat="51.0570650" lon="13.8055170">
    <ele>112.8</ele>
    <time>2026-05-19T14:07:21Z</time>
   </trkpt>
   <trkpt lat="51.0571320" lon="13.8054390">
    <ele>112.8</ele>
    <time>2026-05-19T14:07:22Z</time>
   </trkpt>
   <trkpt lat="51.0572020" lon="13.8053560">
    <ele>112.8</ele>
    <time>2026-05-19T14:07:23Z</time>
   </trkpt>
   <trkpt lat="51.0572740" lon="13.8052700">
    <ele>112.8</ele>
    <time>2026-05-19T14:07:24Z</time>
   </trkpt>
   <trkpt lat="51.0573480" lon="13.8051850">
    <ele>113.0</ele>
    <time>2026-05-19T14:07:25Z</time>
   </trkpt>
   <trkpt lat="51.0574220" lon="13.8051000">
    <ele>113.0</ele>
    <time>2026-05-19T14:07:26Z</time>
   </trkpt>
   <trkpt lat="51.0574950" lon="13.8050120">
    <ele>113.4</ele>
    <time>2026-05-19T14:07:27Z</time>
   </trkpt>
   <trkpt lat="51.0575670" lon="13.8049230">
    <ele>113.4</ele>
    <time>2026-05-19T14:07:28Z</time>
   </trkpt>
   <trkpt lat="51.0576380" lon="13.8048340">
    <ele>113.6</ele>
    <time>2026-05-19T14:07:29Z</time>
   </trkpt>
   <trkpt lat="51.0577080" lon="13.8047460">
    <ele>113.6</ele>
    <time>2026-05-19T14:07:30Z</time>
   </trkpt>
   <trkpt lat="51.0577790" lon="13.8046610">
    <ele>113.6</ele>
    <time>2026-05-19T14:07:31Z</time>
   </trkpt>
   <trkpt lat="51.0578500" lon="13.8045780">
    <ele>113.2</ele>
    <time>2026-05-19T14:07:32Z</time>
   </trkpt>
   <trkpt lat="51.0579220" lon="13.8044960">
    <ele>112.4</ele>
    <time>2026-05-19T14:07:33Z</time>
   </trkpt>
   <trkpt lat="51.0579950" lon="13.8044150">
    <ele>112.0</ele>
    <time>2026-05-19T14:07:34Z</time>
   </trkpt>
   <trkpt lat="51.0580700" lon="13.8043380">
    <ele>111.4</ele>
    <time>2026-05-19T14:07:35Z</time>
   </trkpt>
   <trkpt lat="51.0581470" lon="13.8042660">
    <ele>111.2</ele>
    <time>2026-05-19T14:07:36Z</time>
   </trkpt>
   <trkpt lat="51.0582240" lon="13.8041930">
    <ele>111.0</ele>
    <time>2026-05-19T14:07:37Z</time>
   </trkpt>
   <trkpt lat="51.0582980" lon="13.8041160">
    <ele>110.8</ele>
    <time>2026-05-19T14:07:38Z</time>
   </trkpt>
   <trkpt lat="51.0583690" lon="13.8040340">
    <ele>110.6</ele>
    <time>2026-05-19T14:07:39Z</time>
   </trkpt>
   <trkpt lat="51.0584380" lon="13.8039510">
    <ele>110.6</ele>
    <time>2026-05-19T14:07:40Z</time>
   </trkpt>
   <trkpt lat="51.0585050" lon="13.8038670">
    <ele>110.4</ele>
    <time>2026-05-19T14:07:41Z</time>
   </trkpt>
   <trkpt lat="51.0585730" lon="13.8037850">
    <ele>110.4</ele>
    <time>2026-05-19T14:07:42Z</time>
   </trkpt>
   <trkpt lat="51.0586400" lon="13.8037040">
    <ele>110.0</ele>
    <time>2026-05-19T14:07:43Z</time>
   </trkpt>
   <trkpt lat="51.0587070" lon="13.8036240">
    <ele>110.0</ele>
    <time>2026-05-19T14:07:44Z</time>
   </trkpt>
   <trkpt lat="51.0587730" lon="13.8035440">
    <ele>109.8</ele>
    <time>2026-05-19T14:07:45Z</time>
   </trkpt>
   <trkpt lat="51.0588400" lon="13.8034650">
    <ele>109.6</ele>
    <time>2026-05-19T14:07:46Z</time>
   </trkpt>
   <trkpt lat="51.0589060" lon="13.8033850">
    <ele>109.6</ele>
    <time>2026-05-19T14:07:47Z</time>
   </trkpt>
   <trkpt lat="51.0589710" lon="13.8033030">
    <ele>109.6</ele>
    <time>2026-05-19T14:07:48Z</time>
   </trkpt>
   <trkpt lat="51.0590360" lon="13.8032190">
    <ele>109.8</ele>
    <time>2026-05-19T14:07:49Z</time>
   </trkpt>
   <trkpt lat="51.0590990" lon="13.8031340">
    <ele>109.8</ele>
    <time>2026-05-19T14:07:50Z</time>
   </trkpt>
   <trkpt lat="51.0591600" lon="13.8030460">
    <ele>109.8</ele>
    <time>2026-05-19T14:07:51Z</time>
   </trkpt>
   <trkpt lat="51.0592190" lon="13.8029550">
    <ele>110.0</ele>
    <time>2026-05-19T14:07:52Z</time>
   </trkpt>
   <trkpt lat="51.0592750" lon="13.8028610">
    <ele>110.0</ele>
    <time>2026-05-19T14:07:53Z</time>
   </trkpt>
   <trkpt lat="51.0593290" lon="13.8027630">
    <ele>110.0</ele>
    <time>2026-05-19T14:07:54Z</time>
   </trkpt>
   <trkpt lat="51.0593810" lon="13.8026610">
    <ele>110.0</ele>
    <time>2026-05-19T14:07:55Z</time>
   </trkpt>
   <trkpt lat="51.0594320" lon="13.8025570">
    <ele>110.2</ele>
    <time>2026-05-19T14:07:56Z</time>
   </trkpt>
   <trkpt lat="51.0594820" lon="13.8024520">
    <ele>110.2</ele>
    <time>2026-05-19T14:07:57Z</time>
   </trkpt>
   <trkpt lat="51.0595320" lon="13.8023470">
    <ele>110.2</ele>
    <time>2026-05-19T14:07:58Z</time>
   </trkpt>
   <trkpt lat="51.0595810" lon="13.8022400">
    <ele>110.2</ele>
    <time>2026-05-19T14:07:59Z</time>
   </trkpt>
   <trkpt lat="51.0596290" lon="13.8021320">
    <ele>110.0</ele>
    <time>2026-05-19T14:08:00Z</time>
   </trkpt>
   <trkpt lat="51.0596750" lon="13.8020230">
    <ele>110.0</ele>
    <time>2026-05-19T14:08:01Z</time>
   </trkpt>
   <trkpt lat="51.0597190" lon="13.8019120">
    <ele>110.0</ele>
    <time>2026-05-19T14:08:02Z</time>
   </trkpt>
   <trkpt lat="51.0597630" lon="13.8018000">
    <ele>110.0</ele>
    <time>2026-05-19T14:08:03Z</time>
   </trkpt>
   <trkpt lat="51.0598050" lon="13.8016870">
    <ele>109.8</ele>
    <time>2026-05-19T14:08:04Z</time>
   </trkpt>
   <trkpt lat="51.0598470" lon="13.8015720">
    <ele>109.8</ele>
    <time>2026-05-19T14:08:05Z</time>
   </trkpt>
   <trkpt lat="51.0598880" lon="13.8014570">
    <ele>109.8</ele>
    <time>2026-05-19T14:08:06Z</time>
   </trkpt>
   <trkpt lat="51.0599300" lon="13.8013430">
    <ele>109.8</ele>
    <time>2026-05-19T14:08:07Z</time>
   </trkpt>
   <trkpt lat="51.0599710" lon="13.8012290">
    <ele>109.6</ele>
    <time>2026-05-19T14:08:08Z</time>
   </trkpt>
   <trkpt lat="51.0600120" lon="13.8011150">
    <ele>109.6</ele>
    <time>2026-05-19T14:08:09Z</time>
   </trkpt>
   <trkpt lat="51.0600530" lon="13.8010010">
    <ele>109.6</ele>
    <time>2026-05-19T14:08:10Z</time>
   </trkpt>
   <trkpt lat="51.0600940" lon="13.8008870">
    <ele>109.6</ele>
    <time>2026-05-19T14:08:11Z</time>
   </trkpt>
   <trkpt lat="51.0601340" lon="13.8007730">
    <ele>109.6</ele>
    <time>2026-05-19T14:08:12Z</time>
   </trkpt>
   <trkpt lat="51.0601740" lon="13.8006590">
    <ele>109.6</ele>
    <time>2026-05-19T14:08:13Z</time>
   </trkpt>
   <trkpt lat="51.0602140" lon="13.8005440">
    <ele>109.6</ele>
    <time>2026-05-19T14:08:14Z</time>
   </trkpt>
   <trkpt lat="51.0602530" lon="13.8004280">
    <ele>109.8</ele>
    <time>2026-05-19T14:08:15Z</time>
   </trkpt>
   <trkpt lat="51.0602930" lon="13.8003110">
    <ele>109.8</ele>
    <time>2026-05-19T14:08:16Z</time>
   </trkpt>
   <trkpt lat="51.0603310" lon="13.8001930">
    <ele>110.0</ele>
    <time>2026-05-19T14:08:17Z</time>
   </trkpt>
   <trkpt lat="51.0603700" lon="13.8000750">
    <ele>110.0</ele>
    <time>2026-05-19T14:08:18Z</time>
   </trkpt>
   <trkpt lat="51.0604090" lon="13.7999570">
    <ele>110.0</ele>
    <time>2026-05-19T14:08:19Z</time>
   </trkpt>
   <trkpt lat="51.0604490" lon="13.7998380">
    <ele>110.0</ele>
    <time>2026-05-19T14:08:20Z</time>
   </trkpt>
   <trkpt lat="51.0604880" lon="13.7997200">
    <ele>110.0</ele>
    <time>2026-05-19T14:08:21Z</time>
   </trkpt>
   <trkpt lat="51.0605280" lon="13.7996020">
    <ele>110.0</ele>
    <time>2026-05-19T14:08:22Z</time>
   </trkpt>
   <trkpt lat="51.0605680" lon="13.7994850">
    <ele>110.0</ele>
    <time>2026-05-19T14:08:23Z</time>
   </trkpt>
   <trkpt lat="51.0606070" lon="13.7993680">
    <ele>110.0</ele>
    <time>2026-05-19T14:08:24Z</time>
   </trkpt>
   <trkpt lat="51.0606470" lon="13.7992510">
    <ele>110.0</ele>
    <time>2026-05-19T14:08:25Z</time>
   </trkpt>
   <trkpt lat="51.0606860" lon="13.7991340">
    <ele>110.0</ele>
    <time>2026-05-19T14:08:26Z</time>
   </trkpt>
   <trkpt lat="51.0607250" lon="13.7990160">
    <ele>109.8</ele>
    <time>2026-05-19T14:08:27Z</time>
   </trkpt>
   <trkpt lat="51.0607620" lon="13.7988990">
    <ele>109.8</ele>
    <time>2026-05-19T14:08:28Z</time>
   </trkpt>
   <trkpt lat="51.0607980" lon="13.7987860">
    <ele>109.6</ele>
    <time>2026-05-19T14:08:29Z</time>
   </trkpt>
   <trkpt lat="51.0608350" lon="13.7986750">
    <ele>109.6</ele>
    <time>2026-05-19T14:08:30Z</time>
   </trkpt>
   <trkpt lat="51.0608710" lon="13.7985640">
    <ele>110.0</ele>
    <time>2026-05-19T14:08:31Z</time>
   </trkpt>
   <trkpt lat="51.0609060" lon="13.7984510">
    <ele>110.6</ele>
    <time>2026-05-19T14:08:32Z</time>
   </trkpt>
   <trkpt lat="51.0609400" lon="13.7983370">
    <ele>111.0</ele>
    <time>2026-05-19T14:08:33Z</time>
   </trkpt>
   <trkpt lat="51.0609720" lon="13.7982210">
    <ele>111.0</ele>
    <time>2026-05-19T14:08:34Z</time>
   </trkpt>
   <trkpt lat="51.0610030" lon="13.7981040">
    <ele>111.2</ele>
    <time>2026-05-19T14:08:35Z</time>
   </trkpt>
   <trkpt lat="51.0610340" lon="13.7979870">
    <ele>111.2</ele>
    <time>2026-05-19T14:08:36Z</time>
   </trkpt>
   <trkpt lat="51.0610640" lon="13.7978690">
    <ele>111.0</ele>
    <time>2026-05-19T14:08:37Z</time>
   </trkpt>
   <trkpt lat="51.0610930" lon="13.7977510">
    <ele>110.6</ele>
    <time>2026-05-19T14:08:38Z</time>
   </trkpt>
   <trkpt lat="51.0611230" lon="13.7976330">
    <ele>110.4</ele>
    <time>2026-05-19T14:08:39Z</time>
   </trkpt>
   <trkpt lat="51.0611530" lon="13.7975140">
    <ele>110.4</ele>
    <time>2026-05-19T14:08:40Z</time>
   </trkpt>
   <trkpt lat="51.0611830" lon="13.7973960">
    <ele>110.2</ele>
    <time>2026-05-19T14:08:41Z</time>
   </trkpt>
   <trkpt lat="51.0612130" lon="13.7972760">
    <ele>110.0</ele>
    <time>2026-05-19T14:08:42Z</time>
   </trkpt>
   <trkpt lat="51.0612410" lon="13.7971560">
    <ele>110.0</ele>
    <time>2026-05-19T14:08:43Z</time>
   </trkpt>
   <trkpt lat="51.0612690" lon="13.7970340">
    <ele>110.0</ele>
    <time>2026-05-19T14:08:44Z</time>
   </trkpt>
   <trkpt lat="51.0612970" lon="13.7969110">
    <ele>110.0</ele>
    <time>2026-05-19T14:08:45Z</time>
   </trkpt>
   <trkpt lat="51.0613250" lon="13.7967880">
    <ele>110.4</ele>
    <time>2026-05-19T14:08:46Z</time>
   </trkpt>
   <trkpt lat="51.0613540" lon="13.7966660">
    <ele>110.2</ele>
    <time>2026-05-19T14:08:47Z</time>
   </trkpt>
   <trkpt lat="51.0613830" lon="13.7965440">
    <ele>110.2</ele>
    <time>2026-05-19T14:08:48Z</time>
   </trkpt>
   <trkpt lat="51.0614120" lon="13.7964220">
    <ele>110.0</ele>
    <time>2026-05-19T14:08:49Z</time>
   </trkpt>
   <trkpt lat="51.0614390" lon="13.7962990">
    <ele>110.0</ele>
    <time>2026-05-19T14:08:50Z</time>
   </trkpt>
   <trkpt lat="51.0614630" lon="13.7961760">
    <ele>110.0</ele>
    <time>2026-05-19T14:08:51Z</time>
   </trkpt>
   <trkpt lat="51.0614850" lon="13.7960530">
    <ele>110.0</ele>
    <time>2026-05-19T14:08:52Z</time>
   </trkpt>
   <trkpt lat="51.0615010" lon="13.7959290">
    <ele>110.0</ele>
    <time>2026-05-19T14:08:53Z</time>
   </trkpt>
   <trkpt lat="51.0615090" lon="13.7958040">
    <ele>110.0</ele>
    <time>2026-05-19T14:08:54Z</time>
   </trkpt>
   <trkpt lat="51.0615060" lon="13.7956790">
    <ele>110.0</ele>
    <time>2026-05-19T14:08:55Z</time>
   </trkpt>
   <trkpt lat="51.0614920" lon="13.7955560">
    <ele>110.0</ele>
    <time>2026-05-19T14:08:56Z</time>
   </trkpt>
   <trkpt lat="51.0614680" lon="13.7954360">
    <ele>110.0</ele>
    <time>2026-05-19T14:08:57Z</time>
   </trkpt>
   <trkpt lat="51.0614380" lon="13.7953200">
    <ele>110.2</ele>
    <time>2026-05-19T14:08:58Z</time>
   </trkpt>
   <trkpt lat="51.0614080" lon="13.7952060">
    <ele>110.4</ele>
    <time>2026-05-19T14:08:59Z</time>
   </trkpt>
   <trkpt lat="51.0613860" lon="13.7950900">
    <ele>110.4</ele>
    <time>2026-05-19T14:09:00Z</time>
   </trkpt>
   <trkpt lat="51.0613780" lon="13.7949720">
    <ele>110.6</ele>
    <time>2026-05-19T14:09:01Z</time>
   </trkpt>
   <trkpt lat="51.0613870" lon="13.7948520">
    <ele>110.6</ele>
    <time>2026-05-19T14:09:02Z</time>
   </trkpt>
   <trkpt lat="51.0614080" lon="13.7947340">
    <ele>110.6</ele>
    <time>2026-05-19T14:09:03Z</time>
   </trkpt>
   <trkpt lat="51.0614340" lon="13.7946160">
    <ele>110.6</ele>
    <time>2026-05-19T14:09:04Z</time>
   </trkpt>
   <trkpt lat="51.0614600" lon="13.7944980">
    <ele>110.8</ele>
    <time>2026-05-19T14:09:05Z</time>
   </trkpt>
   <trkpt lat="51.0614860" lon="13.7943790">
    <ele>110.8</ele>
    <time>2026-05-19T14:09:06Z</time>
   </trkpt>
   <trkpt lat="51.0615090" lon="13.7942600">
    <ele>110.8</ele>
    <time>2026-05-19T14:09:07Z</time>
   </trkpt>
   <trkpt lat="51.0615320" lon="13.7941400">
    <ele>110.8</ele>
    <time>2026-05-19T14:09:08Z</time>
   </trkpt>
   <trkpt lat="51.0615540" lon="13.7940210">
    <ele>110.8</ele>
    <time>2026-05-19T14:09:09Z</time>
   </trkpt>
   <trkpt lat="51.0615770" lon="13.7939000">
    <ele>110.8</ele>
    <time>2026-05-19T14:09:10Z</time>
   </trkpt>
   <trkpt lat="51.0615990" lon="13.7937790">
    <ele>110.8</ele>
    <time>2026-05-19T14:09:11Z</time>
   </trkpt>
   <trkpt lat="51.0616200" lon="13.7936570">
    <ele>110.8</ele>
    <time>2026-05-19T14:09:12Z</time>
   </trkpt>
   <trkpt lat="51.0616420" lon="13.7935350">
    <ele>110.8</ele>
    <time>2026-05-19T14:09:13Z</time>
   </trkpt>
   <trkpt lat="51.0616640" lon="13.7934140">
    <ele>110.8</ele>
    <time>2026-05-19T14:09:14Z</time>
   </trkpt>
   <trkpt lat="51.0616860" lon="13.7932920">
    <ele>110.8</ele>
    <time>2026-05-19T14:09:15Z</time>
   </trkpt>
   <trkpt lat="51.0617080" lon="13.7931710">
    <ele>110.8</ele>
    <time>2026-05-19T14:09:16Z</time>
   </trkpt>
   <trkpt lat="51.0617300" lon="13.7930510">
    <ele>110.8</ele>
    <time>2026-05-19T14:09:17Z</time>
   </trkpt>
   <trkpt lat="51.0617530" lon="13.7929310">
    <ele>110.8</ele>
    <time>2026-05-19T14:09:18Z</time>
   </trkpt>
   <trkpt lat="51.0617750" lon="13.7928100">
    <ele>110.8</ele>
    <time>2026-05-19T14:09:19Z</time>
   </trkpt>
   <trkpt lat="51.0617960" lon="13.7926890">
    <ele>110.8</ele>
    <time>2026-05-19T14:09:20Z</time>
   </trkpt>
   <trkpt lat="51.0618170" lon="13.7925680">
    <ele>110.8</ele>
    <time>2026-05-19T14:09:21Z</time>
   </trkpt>
   <trkpt lat="51.0618360" lon="13.7924460">
    <ele>110.8</ele>
    <time>2026-05-19T14:09:22Z</time>
   </trkpt>
   <trkpt lat="51.0618560" lon="13.7923230">
    <ele>110.8</ele>
    <time>2026-05-19T14:09:23Z</time>
   </trkpt>
   <trkpt lat="51.0618750" lon="13.7922000">
    <ele>110.8</ele>
    <time>2026-05-19T14:09:24Z</time>
   </trkpt>
   <trkpt lat="51.0618940" lon="13.7920760">
    <ele>110.8</ele>
    <time>2026-05-19T14:09:25Z</time>
   </trkpt>
   <trkpt lat="51.0619140" lon="13.7919520">
    <ele>110.8</ele>
    <time>2026-05-19T14:09:26Z</time>
   </trkpt>
   <trkpt lat="51.0619340" lon="13.7918280">
    <ele>110.6</ele>
    <time>2026-05-19T14:09:27Z</time>
   </trkpt>
   <trkpt lat="51.0619540" lon="13.7917040">
    <ele>110.6</ele>
    <time>2026-05-19T14:09:28Z</time>
   </trkpt>
   <trkpt lat="51.0619760" lon="13.7915790">
    <ele>110.6</ele>
    <time>2026-05-19T14:09:29Z</time>
   </trkpt>
   <trkpt lat="51.0619970" lon="13.7914530">
    <ele>110.6</ele>
    <time>2026-05-19T14:09:30Z</time>
   </trkpt>
   <trkpt lat="51.0620190" lon="13.7913280">
    <ele>110.6</ele>
    <time>2026-05-19T14:09:31Z</time>
   </trkpt>
   <trkpt lat="51.0620390" lon="13.7912030">
    <ele>110.6</ele>
    <time>2026-05-19T14:09:32Z</time>
   </trkpt>
   <trkpt lat="51.0620600" lon="13.7910770">
    <ele>110.6</ele>
    <time>2026-05-19T14:09:33Z</time>
   </trkpt>
   <trkpt lat="51.0620800" lon="13.7909520">
    <ele>110.8</ele>
    <time>2026-05-19T14:09:34Z</time>
   </trkpt>
   <trkpt lat="51.0621000" lon="13.7908270">
    <ele>110.8</ele>
    <time>2026-05-19T14:09:35Z</time>
   </trkpt>
   <trkpt lat="51.0621200" lon="13.7907010">
    <ele>110.8</ele>
    <time>2026-05-19T14:09:36Z</time>
   </trkpt>
   <trkpt lat="51.0621400" lon="13.7905760">
    <ele>111.0</ele>
    <time>2026-05-19T14:09:37Z</time>
   </trkpt>
   <trkpt lat="51.0621590" lon="13.7904490">
    <ele>111.0</ele>
    <time>2026-05-19T14:09:38Z</time>
   </trkpt>
   <trkpt lat="51.0621790" lon="13.7903220">
    <ele>110.6</ele>
    <time>2026-05-19T14:09:39Z</time>
   </trkpt>
   <trkpt lat="51.0621980" lon="13.7901950">
    <ele>110.6</ele>
    <time>2026-05-19T14:09:40Z</time>
   </trkpt>
   <trkpt lat="51.0622170" lon="13.7900680">
    <ele>110.6</ele>
    <time>2026-05-19T14:09:41Z</time>
   </trkpt>
   <trkpt lat="51.0622340" lon="13.7899420">
    <ele>110.6</ele>
    <time>2026-05-19T14:09:42Z</time>
   </trkpt>
   <trkpt lat="51.0622490" lon="13.7898160">
    <ele>110.6</ele>
    <time>2026-05-19T14:09:43Z</time>
   </trkpt>
   <trkpt lat="51.0622620" lon="13.7896910">
    <ele>110.6</ele>
    <time>2026-05-19T14:09:44Z</time>
   </trkpt>
   <trkpt lat="51.0622730" lon="13.7895650">
    <ele>110.6</ele>
    <time>2026-05-19T14:09:45Z</time>
   </trkpt>
   <trkpt lat="51.0622830" lon="13.7894400">
    <ele>110.6</ele>
    <time>2026-05-19T14:09:46Z</time>
   </trkpt>
   <trkpt lat="51.0622930" lon="13.7893160">
    <ele>110.6</ele>
    <time>2026-05-19T14:09:47Z</time>
   </trkpt>
   <trkpt lat="51.0623030" lon="13.7891910">
    <ele>110.6</ele>
    <time>2026-05-19T14:09:48Z</time>
   </trkpt>
   <trkpt lat="51.0623120" lon="13.7890670">
    <ele>110.6</ele>
    <time>2026-05-19T14:09:49Z</time>
   </trkpt>
   <trkpt lat="51.0623220" lon="13.7889440">
    <ele>110.6</ele>
    <time>2026-05-19T14:09:50Z</time>
   </trkpt>
   <trkpt lat="51.0623310" lon="13.7888200">
    <ele>110.6</ele>
    <time>2026-05-19T14:09:51Z</time>
   </trkpt>
   <trkpt lat="51.0623400" lon="13.7886960">
    <ele>110.6</ele>
    <time>2026-05-19T14:09:52Z</time>
   </trkpt>
   <trkpt lat="51.0623480" lon="13.7885720">
    <ele>110.8</ele>
    <time>2026-05-19T14:09:53Z</time>
   </trkpt>
   <trkpt lat="51.0623570" lon="13.7884470">
    <ele>110.8</ele>
    <time>2026-05-19T14:09:54Z</time>
   </trkpt>
   <trkpt lat="51.0623660" lon="13.7883230">
    <ele>111.0</ele>
    <time>2026-05-19T14:09:55Z</time>
   </trkpt>
   <trkpt lat="51.0623740" lon="13.7881980">
    <ele>111.0</ele>
    <time>2026-05-19T14:09:56Z</time>
   </trkpt>
   <trkpt lat="51.0623830" lon="13.7880740">
    <ele>111.0</ele>
    <time>2026-05-19T14:09:57Z</time>
   </trkpt>
   <trkpt lat="51.0623920" lon="13.7879520">
    <ele>111.0</ele>
    <time>2026-05-19T14:09:58Z</time>
   </trkpt>
   <trkpt lat="51.0624010" lon="13.7878290">
    <ele>111.0</ele>
    <time>2026-05-19T14:09:59Z</time>
   </trkpt>
   <trkpt lat="51.0624110" lon="13.7877070">
    <ele>111.0</ele>
    <time>2026-05-19T14:10:00Z</time>
   </trkpt>
   <trkpt lat="51.0624200" lon="13.7875840">
    <ele>111.0</ele>
    <time>2026-05-19T14:10:01Z</time>
   </trkpt>
   <trkpt lat="51.0624290" lon="13.7874600">
    <ele>111.0</ele>
    <time>2026-05-19T14:10:02Z</time>
   </trkpt>
   <trkpt lat="51.0624400" lon="13.7873380">
    <ele>111.0</ele>
    <time>2026-05-19T14:10:03Z</time>
   </trkpt>
   <trkpt lat="51.0624530" lon="13.7872180">
    <ele>111.0</ele>
    <time>2026-05-19T14:10:04Z</time>
   </trkpt>
   <trkpt lat="51.0624710" lon="13.7871010">
    <ele>111.0</ele>
    <time>2026-05-19T14:10:05Z</time>
   </trkpt>
   <trkpt lat="51.0624930" lon="13.7869850">
    <ele>111.0</ele>
    <time>2026-05-19T14:10:06Z</time>
   </trkpt>
   <trkpt lat="51.0625170" lon="13.7868700">
    <ele>110.8</ele>
    <time>2026-05-19T14:10:07Z</time>
   </trkpt>
   <trkpt lat="51.0625430" lon="13.7867560">
    <ele>111.0</ele>
    <time>2026-05-19T14:10:08Z</time>
   </trkpt>
   <trkpt lat="51.0625680" lon="13.7866400">
    <ele>111.0</ele>
    <time>2026-05-19T14:10:09Z</time>
   </trkpt>
   <trkpt lat="51.0625920" lon="13.7865240">
    <ele>111.2</ele>
    <time>2026-05-19T14:10:10Z</time>
   </trkpt>
   <trkpt lat="51.0626140" lon="13.7864070">
    <ele>111.4</ele>
    <time>2026-05-19T14:10:11Z</time>
   </trkpt>
   <trkpt lat="51.0626330" lon="13.7862900">
    <ele>111.6</ele>
    <time>2026-05-19T14:10:12Z</time>
   </trkpt>
   <trkpt lat="51.0626510" lon="13.7861720">
    <ele>111.6</ele>
    <time>2026-05-19T14:10:13Z</time>
   </trkpt>
   <trkpt lat="51.0626670" lon="13.7860530">
    <ele>111.8</ele>
    <time>2026-05-19T14:10:14Z</time>
   </trkpt>
   <trkpt lat="51.0626820" lon="13.7859330">
    <ele>111.8</ele>
    <time>2026-05-19T14:10:15Z</time>
   </trkpt>
   <trkpt lat="51.0626970" lon="13.7858130">
    <ele>112.0</ele>
    <time>2026-05-19T14:10:16Z</time>
   </trkpt>
   <trkpt lat="51.0627110" lon="13.7856920">
    <ele>112.2</ele>
    <time>2026-05-19T14:10:17Z</time>
   </trkpt>
   <trkpt lat="51.0627260" lon="13.7855700">
    <ele>112.4</ele>
    <time>2026-05-19T14:10:18Z</time>
   </trkpt>
   <trkpt lat="51.0627400" lon="13.7854480">
    <ele>112.2</ele>
    <time>2026-05-19T14:10:19Z</time>
   </trkpt>
   <trkpt lat="51.0627540" lon="13.7853250">
    <ele>112.0</ele>
    <time>2026-05-19T14:10:20Z</time>
   </trkpt>
   <trkpt lat="51.0627690" lon="13.7852020">
    <ele>112.0</ele>
    <time>2026-05-19T14:10:21Z</time>
   </trkpt>
   <trkpt lat="51.0627830" lon="13.7850790">
    <ele>112.2</ele>
    <time>2026-05-19T14:10:22Z</time>
   </trkpt>
   <trkpt lat="51.0627970" lon="13.7849550">
    <ele>112.2</ele>
    <time>2026-05-19T14:10:23Z</time>
   </trkpt>
   <trkpt lat="51.0628090" lon="13.7848310">
    <ele>112.2</ele>
    <time>2026-05-19T14:10:24Z</time>
   </trkpt>
   <trkpt lat="51.0628200" lon="13.7847070">
    <ele>112.0</ele>
    <time>2026-05-19T14:10:25Z</time>
   </trkpt>
   <trkpt lat="51.0628310" lon="13.7845840">
    <ele>112.0</ele>
    <time>2026-05-19T14:10:26Z</time>
   </trkpt>
   <trkpt lat="51.0628430" lon="13.7844610">
    <ele>112.0</ele>
    <time>2026-05-19T14:10:27Z</time>
   </trkpt>
   <trkpt lat="51.0628560" lon="13.7843380">
    <ele>112.0</ele>
    <time>2026-05-19T14:10:28Z</time>
   </trkpt>
   <trkpt lat="51.0628700" lon="13.7842150">
    <ele>112.0</ele>
    <time>2026-05-19T14:10:29Z</time>
   </trkpt>
   <trkpt lat="51.0628850" lon="13.7840930">
    <ele>112.0</ele>
    <time>2026-05-19T14:10:30Z</time>
   </trkpt>
   <trkpt lat="51.0629010" lon="13.7839710">
    <ele>112.0</ele>
    <time>2026-05-19T14:10:31Z</time>
   </trkpt>
   <trkpt lat="51.0629180" lon="13.7838480">
    <ele>112.0</ele>
    <time>2026-05-19T14:10:32Z</time>
   </trkpt>
   <trkpt lat="51.0629350" lon="13.7837250">
    <ele>112.0</ele>
    <time>2026-05-19T14:10:33Z</time>
   </trkpt>
   <trkpt lat="51.0629520" lon="13.7836020">
    <ele>112.2</ele>
    <time>2026-05-19T14:10:34Z</time>
   </trkpt>
   <trkpt lat="51.0629680" lon="13.7834790">
    <ele>112.4</ele>
    <time>2026-05-19T14:10:35Z</time>
   </trkpt>
   <trkpt lat="51.0629810" lon="13.7833560">
    <ele>112.4</ele>
    <time>2026-05-19T14:10:36Z</time>
   </trkpt>
   <trkpt lat="51.0629940" lon="13.7832320">
    <ele>112.4</ele>
    <time>2026-05-19T14:10:37Z</time>
   </trkpt>
   <trkpt lat="51.0630050" lon="13.7831080">
    <ele>112.4</ele>
    <time>2026-05-19T14:10:38Z</time>
   </trkpt>
   <trkpt lat="51.0630150" lon="13.7829850">
    <ele>112.4</ele>
    <time>2026-05-19T14:10:39Z</time>
   </trkpt>
   <trkpt lat="51.0630250" lon="13.7828610">
    <ele>112.4</ele>
    <time>2026-05-19T14:10:40Z</time>
   </trkpt>
   <trkpt lat="51.0630330" lon="13.7827380">
    <ele>112.4</ele>
    <time>2026-05-19T14:10:41Z</time>
   </trkpt>
   <trkpt lat="51.0630400" lon="13.7826150">
    <ele>112.4</ele>
    <time>2026-05-19T14:10:42Z</time>
   </trkpt>
   <trkpt lat="51.0630470" lon="13.7824910">
    <ele>112.4</ele>
    <time>2026-05-19T14:10:43Z</time>
   </trkpt>
   <trkpt lat="51.0630540" lon="13.7823670">
    <ele>112.4</ele>
    <time>2026-05-19T14:10:44Z</time>
   </trkpt>
   <trkpt lat="51.0630600" lon="13.7822430">
    <ele>112.6</ele>
    <time>2026-05-19T14:10:45Z</time>
   </trkpt>
   <trkpt lat="51.0630650" lon="13.7821180">
    <ele>112.6</ele>
    <time>2026-05-19T14:10:46Z</time>
   </trkpt>
   <trkpt lat="51.0630690" lon="13.7819930">
    <ele>112.6</ele>
    <time>2026-05-19T14:10:47Z</time>
   </trkpt>
   <trkpt lat="51.0630710" lon="13.7818660">
    <ele>112.6</ele>
    <time>2026-05-19T14:10:48Z</time>
   </trkpt>
   <trkpt lat="51.0630730" lon="13.7817400">
    <ele>112.6</ele>
    <time>2026-05-19T14:10:49Z</time>
   </trkpt>
   <trkpt lat="51.0630740" lon="13.7816140">
    <ele>112.6</ele>
    <time>2026-05-19T14:10:50Z</time>
   </trkpt>
   <trkpt lat="51.0630770" lon="13.7814890">
    <ele>112.6</ele>
    <time>2026-05-19T14:10:51Z</time>
   </trkpt>
   <trkpt lat="51.0630780" lon="13.7813640">
    <ele>112.6</ele>
    <time>2026-05-19T14:10:52Z</time>
   </trkpt>
   <trkpt lat="51.0630790" lon="13.7812390">
    <ele>112.4</ele>
    <time>2026-05-19T14:10:53Z</time>
   </trkpt>
   <trkpt lat="51.0630790" lon="13.7811150">
    <ele>112.6</ele>
    <time>2026-05-19T14:10:54Z</time>
   </trkpt>
   <trkpt lat="51.0630770" lon="13.7809920">
    <ele>112.6</ele>
    <time>2026-05-19T14:10:55Z</time>
   </trkpt>
   <trkpt lat="51.0630710" lon="13.7808680">
    <ele>112.6</ele>
    <time>2026-05-19T14:10:56Z</time>
   </trkpt>
   <trkpt lat="51.0630640" lon="13.7807460">
    <ele>112.6</ele>
    <time>2026-05-19T14:10:57Z</time>
   </trkpt>
   <trkpt lat="51.0630550" lon="13.7806230">
    <ele>112.6</ele>
    <time>2026-05-19T14:10:58Z</time>
   </trkpt>
   <trkpt lat="51.0630460" lon="13.7805010">
    <ele>112.6</ele>
    <time>2026-05-19T14:10:59Z</time>
   </trkpt>
   <trkpt lat="51.0630370" lon="13.7803800">
    <ele>112.6</ele>
    <time>2026-05-19T14:11:00Z</time>
   </trkpt>
   <trkpt lat="51.0630280" lon="13.7802580">
    <ele>112.6</ele>
    <time>2026-05-19T14:11:01Z</time>
   </trkpt>
   <trkpt lat="51.0630190" lon="13.7801350">
    <ele>112.8</ele>
    <time>2026-05-19T14:11:02Z</time>
   </trkpt>
   <trkpt lat="51.0630110" lon="13.7800120">
    <ele>112.8</ele>
    <time>2026-05-19T14:11:03Z</time>
   </trkpt>
   <trkpt lat="51.0630020" lon="13.7798880">
    <ele>112.8</ele>
    <time>2026-05-19T14:11:04Z</time>
   </trkpt>
   <trkpt lat="51.0629940" lon="13.7797620">
    <ele>112.6</ele>
    <time>2026-05-19T14:11:05Z</time>
   </trkpt>
   <trkpt lat="51.0629860" lon="13.7796370">
    <ele>112.6</ele>
    <time>2026-05-19T14:11:06Z</time>
   </trkpt>
   <trkpt lat="51.0629780" lon="13.7795130">
    <ele>112.6</ele>
    <time>2026-05-19T14:11:07Z</time>
   </trkpt>
   <trkpt lat="51.0629710" lon="13.7793890">
    <ele>112.6</ele>
    <time>2026-05-19T14:11:08Z</time>
   </trkpt>
   <trkpt lat="51.0629630" lon="13.7792670">
    <ele>112.6</ele>
    <time>2026-05-19T14:11:09Z</time>
   </trkpt>
   <trkpt lat="51.0629550" lon="13.7791450">
    <ele>112.6</ele>
    <time>2026-05-19T14:11:10Z</time>
   </trkpt>
   <trkpt lat="51.0629480" lon="13.7790220">
    <ele>112.4</ele>
    <time>2026-05-19T14:11:11Z</time>
   </trkpt>
   <trkpt lat="51.0629400" lon="13.7789000">
    <ele>112.4</ele>
    <time>2026-05-19T14:11:12Z</time>
   </trkpt>
   <trkpt lat="51.0629310" lon="13.7787770">
    <ele>112.4</ele>
    <time>2026-05-19T14:11:13Z</time>
   </trkpt>
   <trkpt lat="51.0629230" lon="13.7786540">
    <ele>112.6</ele>
    <time>2026-05-19T14:11:14Z</time>
   </trkpt>
   <trkpt lat="51.0629140" lon="13.7785300">
    <ele>112.6</ele>
    <time>2026-05-19T14:11:15Z</time>
   </trkpt>
   <trkpt lat="51.0629050" lon="13.7784070">
    <ele>112.6</ele>
    <time>2026-05-19T14:11:16Z</time>
   </trkpt>
   <trkpt lat="51.0628970" lon="13.7782840">
    <ele>112.8</ele>
    <time>2026-05-19T14:11:17Z</time>
   </trkpt>
   <trkpt lat="51.0628890" lon="13.7781610">
    <ele>113.0</ele>
    <time>2026-05-19T14:11:18Z</time>
   </trkpt>
   <trkpt lat="51.0628810" lon="13.7780370">
    <ele>113.0</ele>
    <time>2026-05-19T14:11:19Z</time>
   </trkpt>
   <trkpt lat="51.0628730" lon="13.7779140">
    <ele>112.6</ele>
    <time>2026-05-19T14:11:20Z</time>
   </trkpt>
   <trkpt lat="51.0628650" lon="13.7777920">
    <ele>112.6</ele>
    <time>2026-05-19T14:11:21Z</time>
   </trkpt>
   <trkpt lat="51.0628570" lon="13.7776700">
    <ele>112.6</ele>
    <time>2026-05-19T14:11:22Z</time>
   </trkpt>
   <trkpt lat="51.0628480" lon="13.7775490">
    <ele>112.6</ele>
    <time>2026-05-19T14:11:23Z</time>
   </trkpt>
   <trkpt lat="51.0628410" lon="13.7774290">
    <ele>112.6</ele>
    <time>2026-05-19T14:11:24Z</time>
   </trkpt>
   <trkpt lat="51.0628330" lon="13.7773100">
    <ele>112.6</ele>
    <time>2026-05-19T14:11:25Z</time>
   </trkpt>
   <trkpt lat="51.0628250" lon="13.7771910">
    <ele>112.6</ele>
    <time>2026-05-19T14:11:26Z</time>
   </trkpt>
   <trkpt lat="51.0628170" lon="13.7770720">
    <ele>112.8</ele>
    <time>2026-05-19T14:11:27Z</time>
   </trkpt>
   <trkpt lat="51.0628100" lon="13.7769520">
    <ele>112.8</ele>
    <time>2026-05-19T14:11:28Z</time>
   </trkpt>
   <trkpt lat="51.0628040" lon="13.7768310">
    <ele>112.6</ele>
    <time>2026-05-19T14:11:29Z</time>
   </trkpt>
   <trkpt lat="51.0627980" lon="13.7767080">
    <ele>112.6</ele>
    <time>2026-05-19T14:11:30Z</time>
   </trkpt>
   <trkpt lat="51.0627920" lon="13.7765850">
    <ele>112.6</ele>
    <time>2026-05-19T14:11:31Z</time>
   </trkpt>
   <trkpt lat="51.0627840" lon="13.7764620">
    <ele>112.6</ele>
    <time>2026-05-19T14:11:32Z</time>
   </trkpt>
   <trkpt lat="51.0627750" lon="13.7763380">
    <ele>112.6</ele>
    <time>2026-05-19T14:11:33Z</time>
   </trkpt>
   <trkpt lat="51.0627660" lon="13.7762160">
    <ele>112.6</ele>
    <time>2026-05-19T14:11:34Z</time>
   </trkpt>
   <trkpt lat="51.0627580" lon="13.7760940">
    <ele>112.4</ele>
    <time>2026-05-19T14:11:35Z</time>
   </trkpt>
   <trkpt lat="51.0627500" lon="13.7759730">
    <ele>112.4</ele>
    <time>2026-05-19T14:11:36Z</time>
   </trkpt>
   <trkpt lat="51.0627430" lon="13.7758510">
    <ele>112.2</ele>
    <time>2026-05-19T14:11:37Z</time>
   </trkpt>
   <trkpt lat="51.0627360" lon="13.7757300">
    <ele>112.4</ele>
    <time>2026-05-19T14:11:38Z</time>
   </trkpt>
   <trkpt lat="51.0627270" lon="13.7756090">
    <ele>112.4</ele>
    <time>2026-05-19T14:11:39Z</time>
   </trkpt>
   <trkpt lat="51.0627180" lon="13.7754880">
    <ele>112.4</ele>
    <time>2026-05-19T14:11:40Z</time>
   </trkpt>
   <trkpt lat="51.0627090" lon="13.7753660">
    <ele>112.4</ele>
    <time>2026-05-19T14:11:41Z</time>
   </trkpt>
   <trkpt lat="51.0626990" lon="13.7752440">
    <ele>112.6</ele>
    <time>2026-05-19T14:11:42Z</time>
   </trkpt>
   <trkpt lat="51.0626900" lon="13.7751220">
    <ele>112.6</ele>
    <time>2026-05-19T14:11:43Z</time>
   </trkpt>
   <trkpt lat="51.0626830" lon="13.7750000">
    <ele>112.6</ele>
    <time>2026-05-19T14:11:44Z</time>
   </trkpt>
   <trkpt lat="51.0626790" lon="13.7748780">
    <ele>112.4</ele>
    <time>2026-05-19T14:11:45Z</time>
   </trkpt>
   <trkpt lat="51.0626750" lon="13.7747560">
    <ele>112.4</ele>
    <time>2026-05-19T14:11:46Z</time>
   </trkpt>
   <trkpt lat="51.0626720" lon="13.7746330">
    <ele>112.4</ele>
    <time>2026-05-19T14:11:47Z</time>
   </trkpt>
   <trkpt lat="51.0626670" lon="13.7745100">
    <ele>112.2</ele>
    <time>2026-05-19T14:11:48Z</time>
   </trkpt>
   <trkpt lat="51.0626620" lon="13.7743870">
    <ele>112.0</ele>
    <time>2026-05-19T14:11:49Z</time>
   </trkpt>
   <trkpt lat="51.0626560" lon="13.7742650">
    <ele>112.0</ele>
    <time>2026-05-19T14:11:50Z</time>
   </trkpt>
   <trkpt lat="51.0626510" lon="13.7741430">
    <ele>112.0</ele>
    <time>2026-05-19T14:11:51Z</time>
   </trkpt>
   <trkpt lat="51.0626460" lon="13.7740210">
    <ele>112.0</ele>
    <time>2026-05-19T14:11:52Z</time>
   </trkpt>
   <trkpt lat="51.0626400" lon="13.7739000">
    <ele>112.0</ele>
    <time>2026-05-19T14:11:53Z</time>
   </trkpt>
   <trkpt lat="51.0626350" lon="13.7737770">
    <ele>112.0</ele>
    <time>2026-05-19T14:11:54Z</time>
   </trkpt>
   <trkpt lat="51.0626290" lon="13.7736550">
    <ele>112.0</ele>
    <time>2026-05-19T14:11:55Z</time>
   </trkpt>
   <trkpt lat="51.0626230" lon="13.7735350">
    <ele>112.0</ele>
    <time>2026-05-19T14:11:56Z</time>
   </trkpt>
   <trkpt lat="51.0626160" lon="13.7734180">
    <ele>112.0</ele>
    <time>2026-05-19T14:11:57Z</time>
   </trkpt>
   <trkpt lat="51.0626100" lon="13.7733060">
    <ele>112.0</ele>
    <time>2026-05-19T14:11:58Z</time>
   </trkpt>
   <trkpt lat="51.0626030" lon="13.7731980">
    <ele>112.0</ele>
    <time>2026-05-19T14:11:59Z</time>
   </trkpt>
   <trkpt lat="51.0625950" lon="13.7730900">
    <ele>112.0</ele>
    <time>2026-05-19T14:12:00Z</time>
   </trkpt>
   <trkpt lat="51.0625870" lon="13.7729800">
    <ele>112.6</ele>
    <time>2026-05-19T14:12:01Z</time>
   </trkpt>
   <trkpt lat="51.0625760" lon="13.7728670">
    <ele>113.0</ele>
    <time>2026-05-19T14:12:02Z</time>
   </trkpt>
   <trkpt lat="51.0625620" lon="13.7727530">
    <ele>113.0</ele>
    <time>2026-05-19T14:12:03Z</time>
   </trkpt>
   <trkpt lat="51.0625460" lon="13.7726400">
    <ele>113.4</ele>
    <time>2026-05-19T14:12:04Z</time>
   </trkpt>
   <trkpt lat="51.0625280" lon="13.7725270">
    <ele>113.4</ele>
    <time>2026-05-19T14:12:05Z</time>
   </trkpt>
   <trkpt lat="51.0625100" lon="13.7724150">
    <ele>113.6</ele>
    <time>2026-05-19T14:12:06Z</time>
   </trkpt>
   <trkpt lat="51.0624930" lon="13.7723040">
    <ele>113.6</ele>
    <time>2026-05-19T14:12:07Z</time>
   </trkpt>
   <trkpt lat="51.0624750" lon="13.7721930">
    <ele>113.6</ele>
    <time>2026-05-19T14:12:08Z</time>
   </trkpt>
   <trkpt lat="51.0624580" lon="13.7720810">
    <ele>113.8</ele>
    <time>2026-05-19T14:12:09Z</time>
   </trkpt>
   <trkpt lat="51.0624410" lon="13.7719690">
    <ele>113.8</ele>
    <time>2026-05-19T14:12:10Z</time>
   </trkpt>
   <trkpt lat="51.0624250" lon="13.7718590">
    <ele>113.8</ele>
    <time>2026-05-19T14:12:11Z</time>
   </trkpt>
   <trkpt lat="51.0624090" lon="13.7717500">
    <ele>113.8</ele>
    <time>2026-05-19T14:12:12Z</time>
   </trkpt>
   <trkpt lat="51.0623920" lon="13.7716410">
    <ele>113.8</ele>
    <time>2026-05-19T14:12:13Z</time>
   </trkpt>
   <trkpt lat="51.0623750" lon="13.7715330">
    <ele>114.0</ele>
    <time>2026-05-19T14:12:14Z</time>
   </trkpt>
   <trkpt lat="51.0623590" lon="13.7714260">
    <ele>114.0</ele>
    <time>2026-05-19T14:12:15Z</time>
   </trkpt>
   <trkpt lat="51.0623430" lon="13.7713190">
    <ele>114.0</ele>
    <time>2026-05-19T14:12:16Z</time>
   </trkpt>
   <trkpt lat="51.0623270" lon="13.7712120">
    <ele>114.0</ele>
    <time>2026-05-19T14:12:17Z</time>
   </trkpt>
   <trkpt lat="51.0623110" lon="13.7711050">
    <ele>114.0</ele>
    <time>2026-05-19T14:12:18Z</time>
   </trkpt>
   <trkpt lat="51.0622950" lon="13.7709980">
    <ele>114.0</ele>
    <time>2026-05-19T14:12:19Z</time>
   </trkpt>
   <trkpt lat="51.0622790" lon="13.7708920">
    <ele>114.0</ele>
    <time>2026-05-19T14:12:20Z</time>
   </trkpt>
   <trkpt lat="51.0622620" lon="13.7707880">
    <ele>114.0</ele>
    <time>2026-05-19T14:12:21Z</time>
   </trkpt>
   <trkpt lat="51.0622440" lon="13.7706860">
    <ele>114.0</ele>
    <time>2026-05-19T14:12:22Z</time>
   </trkpt>
   <trkpt lat="51.0622260" lon="13.7705870">
    <ele>114.0</ele>
    <time>2026-05-19T14:12:23Z</time>
   </trkpt>
   <trkpt lat="51.0622070" lon="13.7704870">
    <ele>114.0</ele>
    <time>2026-05-19T14:12:24Z</time>
   </trkpt>
   <trkpt lat="51.0621850" lon="13.7703850">
    <ele>114.2</ele>
    <time>2026-05-19T14:12:25Z</time>
   </trkpt>
   <trkpt lat="51.0621610" lon="13.7702800">
    <ele>114.4</ele>
    <time>2026-05-19T14:12:26Z</time>
   </trkpt>
   <trkpt lat="51.0621350" lon="13.7701710">
    <ele>114.4</ele>
    <time>2026-05-19T14:12:27Z</time>
   </trkpt>
   <trkpt lat="51.0621060" lon="13.7700580">
    <ele>114.6</ele>
    <time>2026-05-19T14:12:28Z</time>
   </trkpt>
   <trkpt lat="51.0620760" lon="13.7699430">
    <ele>114.6</ele>
    <time>2026-05-19T14:12:29Z</time>
   </trkpt>
   <trkpt lat="51.0620470" lon="13.7698280">
    <ele>114.6</ele>
    <time>2026-05-19T14:12:30Z</time>
   </trkpt>
   <trkpt lat="51.0620200" lon="13.7697150">
    <ele>114.6</ele>
    <time>2026-05-19T14:12:31Z</time>
   </trkpt>
   <trkpt lat="51.0619940" lon="13.7696030">
    <ele>114.6</ele>
    <time>2026-05-19T14:12:32Z</time>
   </trkpt>
   <trkpt lat="51.0619680" lon="13.7694940">
    <ele>114.6</ele>
    <time>2026-05-19T14:12:33Z</time>
   </trkpt>
   <trkpt lat="51.0619430" lon="13.7693860">
    <ele>114.6</ele>
    <time>2026-05-19T14:12:34Z</time>
   </trkpt>
   <trkpt lat="51.0619190" lon="13.7692780">
    <ele>114.6</ele>
    <time>2026-05-19T14:12:35Z</time>
   </trkpt>
   <trkpt lat="51.0618970" lon="13.7691700">
    <ele>114.6</ele>
    <time>2026-05-19T14:12:36Z</time>
   </trkpt>
   <trkpt lat="51.0618750" lon="13.7690630">
    <ele>114.6</ele>
    <time>2026-05-19T14:12:37Z</time>
   </trkpt>
   <trkpt lat="51.0618540" lon="13.7689560">
    <ele>114.8</ele>
    <time>2026-05-19T14:12:38Z</time>
   </trkpt>
   <trkpt lat="51.0618320" lon="13.7688480">
    <ele>114.8</ele>
    <time>2026-05-19T14:12:39Z</time>
   </trkpt>
   <trkpt lat="51.0618110" lon="13.7687400">
    <ele>115.0</ele>
    <time>2026-05-19T14:12:40Z</time>
   </trkpt>
   <trkpt lat="51.0617890" lon="13.7686320">
    <ele>115.0</ele>
    <time>2026-05-19T14:12:41Z</time>
   </trkpt>
   <trkpt lat="51.0617660" lon="13.7685250">
    <ele>115.0</ele>
    <time>2026-05-19T14:12:42Z</time>
   </trkpt>
   <trkpt lat="51.0617410" lon="13.7684180">
    <ele>115.0</ele>
    <time>2026-05-19T14:12:43Z</time>
   </trkpt>
   <trkpt lat="51.0617160" lon="13.7683120">
    <ele>115.0</ele>
    <time>2026-05-19T14:12:44Z</time>
   </trkpt>
   <trkpt lat="51.0616900" lon="13.7682070">
    <ele>115.0</ele>
    <time>2026-05-19T14:12:45Z</time>
   </trkpt>
   <trkpt lat="51.0616630" lon="13.7681010">
    <ele>114.8</ele>
    <time>2026-05-19T14:12:46Z</time>
   </trkpt>
   <trkpt lat="51.0616360" lon="13.7679960">
    <ele>114.6</ele>
    <time>2026-05-19T14:12:47Z</time>
   </trkpt>
   <trkpt lat="51.0616090" lon="13.7678910">
    <ele>114.6</ele>
    <time>2026-05-19T14:12:48Z</time>
   </trkpt>
   <trkpt lat="51.0615810" lon="13.7677870">
    <ele>114.6</ele>
    <time>2026-05-19T14:12:49Z</time>
   </trkpt>
   <trkpt lat="51.0615530" lon="13.7676840">
    <ele>114.6</ele>
    <time>2026-05-19T14:12:50Z</time>
   </trkpt>
   <trkpt lat="51.0615270" lon="13.7675820">
    <ele>114.6</ele>
    <time>2026-05-19T14:12:51Z</time>
   </trkpt>
   <trkpt lat="51.0615020" lon="13.7674790">
    <ele>114.6</ele>
    <time>2026-05-19T14:12:52Z</time>
   </trkpt>
   <trkpt lat="51.0614780" lon="13.7673770">
    <ele>114.6</ele>
    <time>2026-05-19T14:12:53Z</time>
   </trkpt>
   <trkpt lat="51.0614550" lon="13.7672730">
    <ele>114.6</ele>
    <time>2026-05-19T14:12:54Z</time>
   </trkpt>
   <trkpt lat="51.0614330" lon="13.7671690">
    <ele>114.6</ele>
    <time>2026-05-19T14:12:55Z</time>
   </trkpt>
   <trkpt lat="51.0614090" lon="13.7670660">
    <ele>114.6</ele>
    <time>2026-05-19T14:12:56Z</time>
   </trkpt>
   <trkpt lat="51.0613830" lon="13.7669620">
    <ele>114.6</ele>
    <time>2026-05-19T14:12:57Z</time>
   </trkpt>
   <trkpt lat="51.0613550" lon="13.7668590">
    <ele>114.4</ele>
    <time>2026-05-19T14:12:58Z</time>
   </trkpt>
   <trkpt lat="51.0613270" lon="13.7667560">
    <ele>114.0</ele>
    <time>2026-05-19T14:12:59Z</time>
   </trkpt>
   <trkpt lat="51.0612970" lon="13.7666530">
    <ele>114.0</ele>
    <time>2026-05-19T14:13:00Z</time>
   </trkpt>
   <trkpt lat="51.0612660" lon="13.7665510">
    <ele>114.0</ele>
    <time>2026-05-19T14:13:01Z</time>
   </trkpt>
   <trkpt lat="51.0612350" lon="13.7664490">
    <ele>114.0</ele>
    <time>2026-05-19T14:13:02Z</time>
   </trkpt>
   <trkpt lat="51.0612040" lon="13.7663470">
    <ele>114.0</ele>
    <time>2026-05-19T14:13:03Z</time>
   </trkpt>
   <trkpt lat="51.0611720" lon="13.7662440">
    <ele>114.2</ele>
    <time>2026-05-19T14:13:04Z</time>
   </trkpt>
   <trkpt lat="51.0611400" lon="13.7661420">
    <ele>114.4</ele>
    <time>2026-05-19T14:13:05Z</time>
   </trkpt>
   <trkpt lat="51.0611080" lon="13.7660390">
    <ele>114.4</ele>
    <time>2026-05-19T14:13:06Z</time>
   </trkpt>
   <trkpt lat="51.0610740" lon="13.7659380">
    <ele>114.4</ele>
    <time>2026-05-19T14:13:07Z</time>
   </trkpt>
   <trkpt lat="51.0610380" lon="13.7658410">
    <ele>114.2</ele>
    <time>2026-05-19T14:13:08Z</time>
   </trkpt>
   <trkpt lat="51.0609990" lon="13.7657450">
    <ele>114.0</ele>
    <time>2026-05-19T14:13:09Z</time>
   </trkpt>
   <trkpt lat="51.0609610" lon="13.7656480">
    <ele>114.0</ele>
    <time>2026-05-19T14:13:10Z</time>
   </trkpt>
   <trkpt lat="51.0609270" lon="13.7655470">
    <ele>113.8</ele>
    <time>2026-05-19T14:13:11Z</time>
   </trkpt>
   <trkpt lat="51.0608970" lon="13.7654430">
    <ele>113.6</ele>
    <time>2026-05-19T14:13:12Z</time>
   </trkpt>
   <trkpt lat="51.0608660" lon="13.7653380">
    <ele>113.6</ele>
    <time>2026-05-19T14:13:13Z</time>
   </trkpt>
   <trkpt lat="51.0608330" lon="13.7652360">
    <ele>113.6</ele>
    <time>2026-05-19T14:13:14Z</time>
   </trkpt>
   <trkpt lat="51.0607970" lon="13.7651370">
    <ele>113.6</ele>
    <time>2026-05-19T14:13:15Z</time>
   </trkpt>
   <trkpt lat="51.0607590" lon="13.7650400">
    <ele>113.6</ele>
    <time>2026-05-19T14:13:16Z</time>
   </trkpt>
   <trkpt lat="51.0607220" lon="13.7649450">
    <ele>113.6</ele>
    <time>2026-05-19T14:13:17Z</time>
   </trkpt>
   <trkpt lat="51.0606840" lon="13.7648490">
    <ele>113.8</ele>
    <time>2026-05-19T14:13:18Z</time>
   </trkpt>
   <trkpt lat="51.0606460" lon="13.7647560">
    <ele>113.6</ele>
    <time>2026-05-19T14:13:19Z</time>
   </trkpt>
   <trkpt lat="51.0606070" lon="13.7646630">
    <ele>113.6</ele>
    <time>2026-05-19T14:13:20Z</time>
   </trkpt>
   <trkpt lat="51.0605680" lon="13.7645710">
    <ele>113.6</ele>
    <time>2026-05-19T14:13:21Z</time>
   </trkpt>
   <trkpt lat="51.0605310" lon="13.7644780">
    <ele>113.6</ele>
    <time>2026-05-19T14:13:22Z</time>
   </trkpt>
   <trkpt lat="51.0604940" lon="13.7643830">
    <ele>113.4</ele>
    <time>2026-05-19T14:13:23Z</time>
   </trkpt>
   <trkpt lat="51.0604570" lon="13.7642890">
    <ele>113.4</ele>
    <time>2026-05-19T14:13:24Z</time>
   </trkpt>
   <trkpt lat="51.0604200" lon="13.7641950">
    <ele>113.2</ele>
    <time>2026-05-19T14:13:25Z</time>
   </trkpt>
   <trkpt lat="51.0603810" lon="13.7641010">
    <ele>113.0</ele>
    <time>2026-05-19T14:13:26Z</time>
   </trkpt>
   <trkpt lat="51.0603410" lon="13.7640080">
    <ele>113.0</ele>
    <time>2026-05-19T14:13:27Z</time>
   </trkpt>
   <trkpt lat="51.0603000" lon="13.7639150">
    <ele>113.0</ele>
    <time>2026-05-19T14:13:28Z</time>
   </trkpt>
   <trkpt lat="51.0602600" lon="13.7638230">
    <ele>113.2</ele>
    <time>2026-05-19T14:13:29Z</time>
   </trkpt>
   <trkpt lat="51.0602200" lon="13.7637310">
    <ele>113.6</ele>
    <time>2026-05-19T14:13:30Z</time>
   </trkpt>
   <trkpt lat="51.0601800" lon="13.7636400">
    <ele>113.6</ele>
    <time>2026-05-19T14:13:31Z</time>
   </trkpt>
   <trkpt lat="51.0601400" lon="13.7635480">
    <ele>113.6</ele>
    <time>2026-05-19T14:13:32Z</time>
   </trkpt>
   <trkpt lat="51.0601010" lon="13.7634540">
    <ele>113.6</ele>
    <time>2026-05-19T14:13:33Z</time>
   </trkpt>
   <trkpt lat="51.0600610" lon="13.7633600">
    <ele>113.6</ele>
    <time>2026-05-19T14:13:34Z</time>
   </trkpt>
   <trkpt lat="51.0600220" lon="13.7632640">
    <ele>113.6</ele>
    <time>2026-05-19T14:13:35Z</time>
   </trkpt>
   <trkpt lat="51.0599820" lon="13.7631680">
    <ele>113.4</ele>
    <time>2026-05-19T14:13:36Z</time>
   </trkpt>
   <trkpt lat="51.0599400" lon="13.7630730">
    <ele>113.2</ele>
    <time>2026-05-19T14:13:37Z</time>
   </trkpt>
   <trkpt lat="51.0598980" lon="13.7629790">
    <ele>113.0</ele>
    <time>2026-05-19T14:13:38Z</time>
   </trkpt>
   <trkpt lat="51.0598550" lon="13.7628850">
    <ele>113.0</ele>
    <time>2026-05-19T14:13:39Z</time>
   </trkpt>
   <trkpt lat="51.0598120" lon="13.7627930">
    <ele>112.8</ele>
    <time>2026-05-19T14:13:40Z</time>
   </trkpt>
   <trkpt lat="51.0597680" lon="13.7627010">
    <ele>112.6</ele>
    <time>2026-05-19T14:13:41Z</time>
   </trkpt>
   <trkpt lat="51.0597230" lon="13.7626110">
    <ele>112.6</ele>
    <time>2026-05-19T14:13:42Z</time>
   </trkpt>
   <trkpt lat="51.0596790" lon="13.7625210">
    <ele>112.6</ele>
    <time>2026-05-19T14:13:43Z</time>
   </trkpt>
   <trkpt lat="51.0596340" lon="13.7624320">
    <ele>112.6</ele>
    <time>2026-05-19T14:13:44Z</time>
   </trkpt>
   <trkpt lat="51.0595880" lon="13.7623430">
    <ele>112.6</ele>
    <time>2026-05-19T14:13:45Z</time>
   </trkpt>
   <trkpt lat="51.0595440" lon="13.7622550">
    <ele>112.6</ele>
    <time>2026-05-19T14:13:46Z</time>
   </trkpt>
   <trkpt lat="51.0595000" lon="13.7621670">
    <ele>112.6</ele>
    <time>2026-05-19T14:13:47Z</time>
   </trkpt>
   <trkpt lat="51.0594550" lon="13.7620770">
    <ele>112.6</ele>
    <time>2026-05-19T14:13:48Z</time>
   </trkpt>
   <trkpt lat="51.0594100" lon="13.7619870">
    <ele>112.6</ele>
    <time>2026-05-19T14:13:49Z</time>
   </trkpt>
   <trkpt lat="51.0593640" lon="13.7618950">
    <ele>112.6</ele>
    <time>2026-05-19T14:13:50Z</time>
   </trkpt>
   <trkpt lat="51.0593180" lon="13.7618040">
    <ele>112.6</ele>
    <time>2026-05-19T14:13:51Z</time>
   </trkpt>
   <trkpt lat="51.0592710" lon="13.7617130">
    <ele>112.6</ele>
    <time>2026-05-19T14:13:52Z</time>
   </trkpt>
   <trkpt lat="51.0592250" lon="13.7616230">
    <ele>112.6</ele>
    <time>2026-05-19T14:13:53Z</time>
   </trkpt>
   <trkpt lat="51.0591780" lon="13.7615330">
    <ele>112.4</ele>
    <time>2026-05-19T14:13:54Z</time>
   </trkpt>
   <trkpt lat="51.0591320" lon="13.7614440">
    <ele>112.4</ele>
    <time>2026-05-19T14:13:55Z</time>
   </trkpt>
   <trkpt lat="51.0590850" lon="13.7613550">
    <ele>112.4</ele>
    <time>2026-05-19T14:13:56Z</time>
   </trkpt>
   <trkpt lat="51.0590390" lon="13.7612650">
    <ele>112.4</ele>
    <time>2026-05-19T14:13:57Z</time>
   </trkpt>
   <trkpt lat="51.0589920" lon="13.7611760">
    <ele>112.4</ele>
    <time>2026-05-19T14:13:58Z</time>
   </trkpt>
   <trkpt lat="51.0589460" lon="13.7610860">
    <ele>112.4</ele>
    <time>2026-05-19T14:13:59Z</time>
   </trkpt>
   <trkpt lat="51.0589010" lon="13.7609960">
    <ele>112.4</ele>
    <time>2026-05-19T14:14:00Z</time>
   </trkpt>
   <trkpt lat="51.0588550" lon="13.7609060">
    <ele>112.4</ele>
    <time>2026-05-19T14:14:01Z</time>
   </trkpt>
   <trkpt lat="51.0588110" lon="13.7608160">
    <ele>112.2</ele>
    <time>2026-05-19T14:14:02Z</time>
   </trkpt>
   <trkpt lat="51.0587670" lon="13.7607240">
    <ele>112.0</ele>
    <time>2026-05-19T14:14:03Z</time>
   </trkpt>
   <trkpt lat="51.0587230" lon="13.7606310">
    <ele>112.0</ele>
    <time>2026-05-19T14:14:04Z</time>
   </trkpt>
   <trkpt lat="51.0586790" lon="13.7605390">
    <ele>112.0</ele>
    <time>2026-05-19T14:14:05Z</time>
   </trkpt>
   <trkpt lat="51.0586340" lon="13.7604480">
    <ele>112.0</ele>
    <time>2026-05-19T14:14:06Z</time>
   </trkpt>
   <trkpt lat="51.0585890" lon="13.7603570">
    <ele>112.0</ele>
    <time>2026-05-19T14:14:07Z</time>
   </trkpt>
   <trkpt lat="51.0585440" lon="13.7602670">
    <ele>112.0</ele>
    <time>2026-05-19T14:14:08Z</time>
   </trkpt>
   <trkpt lat="51.0584990" lon="13.7601770">
    <ele>112.2</ele>
    <time>2026-05-19T14:14:09Z</time>
   </trkpt>
   <trkpt lat="51.0584540" lon="13.7600870">
    <ele>112.4</ele>
    <time>2026-05-19T14:14:10Z</time>
   </trkpt>
   <trkpt lat="51.0584110" lon="13.7599960">
    <ele>112.6</ele>
    <time>2026-05-19T14:14:11Z</time>
   </trkpt>
   <trkpt lat="51.0583670" lon="13.7599050">
    <ele>112.6</ele>
    <time>2026-05-19T14:14:12Z</time>
   </trkpt>
   <trkpt lat="51.0583230" lon="13.7598140">
    <ele>112.6</ele>
    <time>2026-05-19T14:14:13Z</time>
   </trkpt>
   <trkpt lat="51.0582780" lon="13.7597240">
    <ele>112.6</ele>
    <time>2026-05-19T14:14:14Z</time>
   </trkpt>
   <trkpt lat="51.0582320" lon="13.7596350">
    <ele>112.6</ele>
    <time>2026-05-19T14:14:15Z</time>
   </trkpt>
   <trkpt lat="51.0581860" lon="13.7595460">
    <ele>112.6</ele>
    <time>2026-05-19T14:14:16Z</time>
   </trkpt>
   <trkpt lat="51.0581410" lon="13.7594560">
    <ele>112.6</ele>
    <time>2026-05-19T14:14:17Z</time>
   </trkpt>
   <trkpt lat="51.0580960" lon="13.7593700">
    <ele>112.6</ele>
    <time>2026-05-19T14:14:18Z</time>
   </trkpt>
   <trkpt lat="51.0580480" lon="13.7592860">
    <ele>112.6</ele>
    <time>2026-05-19T14:14:19Z</time>
   </trkpt>
   <trkpt lat="51.0580010" lon="13.7592030">
    <ele>112.6</ele>
    <time>2026-05-19T14:14:20Z</time>
   </trkpt>
   <trkpt lat="51.0579540" lon="13.7591200">
    <ele>112.6</ele>
    <time>2026-05-19T14:14:21Z</time>
   </trkpt>
   <trkpt lat="51.0579090" lon="13.7590340">
    <ele>112.4</ele>
    <time>2026-05-19T14:14:22Z</time>
   </trkpt>
   <trkpt lat="51.0578660" lon="13.7589460">
    <ele>112.4</ele>
    <time>2026-05-19T14:14:23Z</time>
   </trkpt>
   <trkpt lat="51.0578230" lon="13.7588570">
    <ele>112.4</ele>
    <time>2026-05-19T14:14:24Z</time>
   </trkpt>
   <trkpt lat="51.0577810" lon="13.7587670">
    <ele>112.4</ele>
    <time>2026-05-19T14:14:25Z</time>
   </trkpt>
   <trkpt lat="51.0577400" lon="13.7586780">
    <ele>112.6</ele>
    <time>2026-05-19T14:14:26Z</time>
   </trkpt>
   <trkpt lat="51.0576980" lon="13.7585900">
    <ele>112.6</ele>
    <time>2026-05-19T14:14:27Z</time>
   </trkpt>
   <trkpt lat="51.0576560" lon="13.7585010">
    <ele>112.6</ele>
    <time>2026-05-19T14:14:28Z</time>
   </trkpt>
   <trkpt lat="51.0576140" lon="13.7584140">
    <ele>112.8</ele>
    <time>2026-05-19T14:14:29Z</time>
   </trkpt>
   <trkpt lat="51.0575720" lon="13.7583270">
    <ele>112.8</ele>
    <time>2026-05-19T14:14:30Z</time>
   </trkpt>
   <trkpt lat="51.0575300" lon="13.7582410">
    <ele>113.0</ele>
    <time>2026-05-19T14:14:31Z</time>
   </trkpt>
   <trkpt lat="51.0574890" lon="13.7581540">
    <ele>113.0</ele>
    <time>2026-05-19T14:14:32Z</time>
   </trkpt>
   <trkpt lat="51.0574480" lon="13.7580670">
    <ele>113.4</ele>
    <time>2026-05-19T14:14:33Z</time>
   </trkpt>
   <trkpt lat="51.0574060" lon="13.7579800">
    <ele>113.4</ele>
    <time>2026-05-19T14:14:34Z</time>
   </trkpt>
   <trkpt lat="51.0573640" lon="13.7578930">
    <ele>113.4</ele>
    <time>2026-05-19T14:14:35Z</time>
   </trkpt>
   <trkpt lat="51.0573230" lon="13.7578060">
    <ele>113.4</ele>
    <time>2026-05-19T14:14:36Z</time>
   </trkpt>
   <trkpt lat="51.0572810" lon="13.7577180">
    <ele>113.4</ele>
    <time>2026-05-19T14:14:37Z</time>
   </trkpt>
   <trkpt lat="51.0572390" lon="13.7576310">
    <ele>113.4</ele>
    <time>2026-05-19T14:14:38Z</time>
   </trkpt>
   <trkpt lat="51.0571980" lon="13.7575450">
    <ele>113.4</ele>
    <time>2026-05-19T14:14:39Z</time>
   </trkpt>
   <trkpt lat="51.0571570" lon="13.7574600">
    <ele>113.2</ele>
    <time>2026-05-19T14:14:40Z</time>
   </trkpt>
   <trkpt lat="51.0571160" lon="13.7573760">
    <ele>113.0</ele>
    <time>2026-05-19T14:14:41Z</time>
   </trkpt>
   <trkpt lat="51.0570760" lon="13.7572910">
    <ele>113.0</ele>
    <time>2026-05-19T14:14:42Z</time>
   </trkpt>
   <trkpt lat="51.0570360" lon="13.7572040">
    <ele>113.0</ele>
    <time>2026-05-19T14:14:43Z</time>
   </trkpt>
   <trkpt lat="51.0569960" lon="13.7571170">
    <ele>113.0</ele>
    <time>2026-05-19T14:14:44Z</time>
   </trkpt>
   <trkpt lat="51.0569560" lon="13.7570290">
    <ele>113.0</ele>
    <time>2026-05-19T14:14:45Z</time>
   </trkpt>
   <trkpt lat="51.0569160" lon="13.7569410">
    <ele>112.8</ele>
    <time>2026-05-19T14:14:46Z</time>
   </trkpt>
   <trkpt lat="51.0568760" lon="13.7568530">
    <ele>112.8</ele>
    <time>2026-05-19T14:14:47Z</time>
   </trkpt>
   <trkpt lat="51.0568360" lon="13.7567640">
    <ele>112.6</ele>
    <time>2026-05-19T14:14:48Z</time>
   </trkpt>
   <trkpt lat="51.0567960" lon="13.7566740">
    <ele>112.6</ele>
    <time>2026-05-19T14:14:49Z</time>
   </trkpt>
   <trkpt lat="51.0567570" lon="13.7565850">
    <ele>112.8</ele>
    <time>2026-05-19T14:14:50Z</time>
   </trkpt>
   <trkpt lat="51.0567180" lon="13.7564960">
    <ele>112.8</ele>
    <time>2026-05-19T14:14:51Z</time>
   </trkpt>
   <trkpt lat="51.0566790" lon="13.7564070">
    <ele>113.0</ele>
    <time>2026-05-19T14:14:52Z</time>
   </trkpt>
   <trkpt lat="51.0566400" lon="13.7563180">
    <ele>113.0</ele>
    <time>2026-05-19T14:14:53Z</time>
   </trkpt>
   <trkpt lat="51.0566010" lon="13.7562290">
    <ele>113.0</ele>
    <time>2026-05-19T14:14:54Z</time>
   </trkpt>
   <trkpt lat="51.0565610" lon="13.7561400">
    <ele>113.0</ele>
    <time>2026-05-19T14:14:55Z</time>
   </trkpt>
   <trkpt lat="51.0565210" lon="13.7560520">
    <ele>113.2</ele>
    <time>2026-05-19T14:14:56Z</time>
   </trkpt>
   <trkpt lat="51.0564810" lon="13.7559630">
    <ele>113.0</ele>
    <time>2026-05-19T14:14:57Z</time>
   </trkpt>
   <trkpt lat="51.0564410" lon="13.7558760">
    <ele>113.0</ele>
    <time>2026-05-19T14:14:58Z</time>
   </trkpt>
   <trkpt lat="51.0564010" lon="13.7557890">
    <ele>113.0</ele>
    <time>2026-05-19T14:14:59Z</time>
   </trkpt>
   <trkpt lat="51.0563600" lon="13.7557010">
    <ele>113.0</ele>
    <time>2026-05-19T14:15:00Z</time>
   </trkpt>
   <trkpt lat="51.0563200" lon="13.7556140">
    <ele>112.8</ele>
    <time>2026-05-19T14:15:01Z</time>
   </trkpt>
   <trkpt lat="51.0562800" lon="13.7555260">
    <ele>112.6</ele>
    <time>2026-05-19T14:15:02Z</time>
   </trkpt>
   <trkpt lat="51.0562400" lon="13.7554350">
    <ele>112.6</ele>
    <time>2026-05-19T14:15:03Z</time>
   </trkpt>
   <trkpt lat="51.0562030" lon="13.7553450">
    <ele>112.6</ele>
    <time>2026-05-19T14:15:04Z</time>
   </trkpt>
   <trkpt lat="51.0561650" lon="13.7552570">
    <ele>112.6</ele>
    <time>2026-05-19T14:15:05Z</time>
   </trkpt>
   <trkpt lat="51.0561260" lon="13.7551700">
    <ele>112.6</ele>
    <time>2026-05-19T14:15:06Z</time>
   </trkpt>
   <trkpt lat="51.0560860" lon="13.7550800">
    <ele>112.6</ele>
    <time>2026-05-19T14:15:07Z</time>
   </trkpt>
   <trkpt lat="51.0560470" lon="13.7549890">
    <ele>112.6</ele>
    <time>2026-05-19T14:15:08Z</time>
   </trkpt>
   <trkpt lat="51.0560080" lon="13.7548970">
    <ele>112.6</ele>
    <time>2026-05-19T14:15:09Z</time>
   </trkpt>
   <trkpt lat="51.0559700" lon="13.7548040">
    <ele>112.8</ele>
    <time>2026-05-19T14:15:10Z</time>
   </trkpt>
   <trkpt lat="51.0559310" lon="13.7547090">
    <ele>112.8</ele>
    <time>2026-05-19T14:15:11Z</time>
   </trkpt>
   <trkpt lat="51.0558930" lon="13.7546150">
    <ele>113.0</ele>
    <time>2026-05-19T14:15:12Z</time>
   </trkpt>
   <trkpt lat="51.0558540" lon="13.7545200">
    <ele>113.0</ele>
    <time>2026-05-19T14:15:13Z</time>
   </trkpt>
   <trkpt lat="51.0558150" lon="13.7544250">
    <ele>112.6</ele>
    <time>2026-05-19T14:15:14Z</time>
   </trkpt>
   <trkpt lat="51.0557750" lon="13.7543300">
    <ele>112.6</ele>
    <time>2026-05-19T14:15:15Z</time>
   </trkpt>
   <trkpt lat="51.0557350" lon="13.7542340">
    <ele>112.4</ele>
    <time>2026-05-19T14:15:16Z</time>
   </trkpt>
   <trkpt lat="51.0556960" lon="13.7541370">
    <ele>112.4</ele>
    <time>2026-05-19T14:15:17Z</time>
   </trkpt>
   <trkpt lat="51.0556570" lon="13.7540390">
    <ele>112.4</ele>
    <time>2026-05-19T14:15:18Z</time>
   </trkpt>
   <trkpt lat="51.0556180" lon="13.7539400">
    <ele>112.2</ele>
    <time>2026-05-19T14:15:19Z</time>
   </trkpt>
   <trkpt lat="51.0555790" lon="13.7538400">
    <ele>112.4</ele>
    <time>2026-05-19T14:15:20Z</time>
   </trkpt>
   <trkpt lat="51.0555390" lon="13.7537390">
    <ele>112.4</ele>
    <time>2026-05-19T14:15:21Z</time>
   </trkpt>
   <trkpt lat="51.0554990" lon="13.7536370">
    <ele>112.4</ele>
    <time>2026-05-19T14:15:22Z</time>
   </trkpt>
   <trkpt lat="51.0554580" lon="13.7535360">
    <ele>112.4</ele>
    <time>2026-05-19T14:15:23Z</time>
   </trkpt>
   <trkpt lat="51.0554170" lon="13.7534350">
    <ele>112.4</ele>
    <time>2026-05-19T14:15:24Z</time>
   </trkpt>
   <trkpt lat="51.0553770" lon="13.7533350">
    <ele>112.4</ele>
    <time>2026-05-19T14:15:25Z</time>
   </trkpt>
   <trkpt lat="51.0553370" lon="13.7532340">
    <ele>112.2</ele>
    <time>2026-05-19T14:15:26Z</time>
   </trkpt>
   <trkpt lat="51.0552990" lon="13.7531330">
    <ele>112.2</ele>
    <time>2026-05-19T14:15:27Z</time>
   </trkpt>
   <trkpt lat="51.0552620" lon="13.7530320">
    <ele>112.0</ele>
    <time>2026-05-19T14:15:28Z</time>
   </trkpt>
   <trkpt lat="51.0552240" lon="13.7529310">
    <ele>112.0</ele>
    <time>2026-05-19T14:15:29Z</time>
   </trkpt>
   <trkpt lat="51.0551860" lon="13.7528300">
    <ele>112.0</ele>
    <time>2026-05-19T14:15:30Z</time>
   </trkpt>
   <trkpt lat="51.0551470" lon="13.7527310">
    <ele>112.0</ele>
    <time>2026-05-19T14:15:31Z</time>
   </trkpt>
   <trkpt lat="51.0551100" lon="13.7526310">
    <ele>112.2</ele>
    <time>2026-05-19T14:15:32Z</time>
   </trkpt>
   <trkpt lat="51.0550730" lon="13.7525310">
    <ele>112.4</ele>
    <time>2026-05-19T14:15:33Z</time>
   </trkpt>
   <trkpt lat="51.0550370" lon="13.7524300">
    <ele>112.4</ele>
    <time>2026-05-19T14:15:34Z</time>
   </trkpt>
   <trkpt lat="51.0550030" lon="13.7523290">
    <ele>112.6</ele>
    <time>2026-05-19T14:15:35Z</time>
   </trkpt>
   <trkpt lat="51.0549680" lon="13.7522280">
    <ele>112.6</ele>
    <time>2026-05-19T14:15:36Z</time>
   </trkpt>
   <trkpt lat="51.0549350" lon="13.7521310">
    <ele>112.6</ele>
    <time>2026-05-19T14:15:37Z</time>
   </trkpt>
   <trkpt lat="51.0549000" lon="13.7520330">
    <ele>112.6</ele>
    <time>2026-05-19T14:15:38Z</time>
   </trkpt>
   <trkpt lat="51.0548640" lon="13.7519330">
    <ele>112.6</ele>
    <time>2026-05-19T14:15:39Z</time>
   </trkpt>
   <trkpt lat="51.0548280" lon="13.7518320">
    <ele>113.0</ele>
    <time>2026-05-19T14:15:40Z</time>
   </trkpt>
   <trkpt lat="51.0547930" lon="13.7517320">
    <ele>113.0</ele>
    <time>2026-05-19T14:15:41Z</time>
   </trkpt>
   <trkpt lat="51.0547580" lon="13.7516320">
    <ele>112.8</ele>
    <time>2026-05-19T14:15:42Z</time>
   </trkpt>
   <trkpt lat="51.0547240" lon="13.7515330">
    <ele>113.0</ele>
    <time>2026-05-19T14:15:43Z</time>
   </trkpt>
   <trkpt lat="51.0546890" lon="13.7514340">
    <ele>113.0</ele>
    <time>2026-05-19T14:15:44Z</time>
   </trkpt>
   <trkpt lat="51.0546550" lon="13.7513340">
    <ele>113.0</ele>
    <time>2026-05-19T14:15:45Z</time>
   </trkpt>
   <trkpt lat="51.0546200" lon="13.7512350">
    <ele>113.2</ele>
    <time>2026-05-19T14:15:46Z</time>
   </trkpt>
   <trkpt lat="51.0545860" lon="13.7511360">
    <ele>113.2</ele>
    <time>2026-05-19T14:15:47Z</time>
   </trkpt>
   <trkpt lat="51.0545520" lon="13.7510380">
    <ele>113.4</ele>
    <time>2026-05-19T14:15:48Z</time>
   </trkpt>
   <trkpt lat="51.0545170" lon="13.7509410">
    <ele>113.4</ele>
    <time>2026-05-19T14:15:49Z</time>
   </trkpt>
   <trkpt lat="51.0544830" lon="13.7508440">
    <ele>113.4</ele>
    <time>2026-05-19T14:15:50Z</time>
   </trkpt>
   <trkpt lat="51.0544500" lon="13.7507460">
    <ele>113.4</ele>
    <time>2026-05-19T14:15:51Z</time>
   </trkpt>
   <trkpt lat="51.0544180" lon="13.7506460">
    <ele>113.6</ele>
    <time>2026-05-19T14:15:52Z</time>
   </trkpt>
   <trkpt lat="51.0543900" lon="13.7505440">
    <ele>113.6</ele>
    <time>2026-05-19T14:15:53Z</time>
   </trkpt>
   <trkpt lat="51.0543630" lon="13.7504420">
    <ele>113.6</ele>
    <time>2026-05-19T14:15:54Z</time>
   </trkpt>
   <trkpt lat="51.0543360" lon="13.7503390">
    <ele>113.6</ele>
    <time>2026-05-19T14:15:55Z</time>
   </trkpt>
   <trkpt lat="51.0543080" lon="13.7502370">
    <ele>113.6</ele>
    <time>2026-05-19T14:15:56Z</time>
   </trkpt>
   <trkpt lat="51.0542810" lon="13.7501350">
    <ele>113.6</ele>
    <time>2026-05-19T14:15:57Z</time>
   </trkpt>
   <trkpt lat="51.0542530" lon="13.7500350">
    <ele>113.6</ele>
    <time>2026-05-19T14:15:58Z</time>
   </trkpt>
   <trkpt lat="51.0542260" lon="13.7499350">
    <ele>113.6</ele>
    <time>2026-05-19T14:15:59Z</time>
   </trkpt>
   <trkpt lat="51.0541980" lon="13.7498350">
    <ele>113.8</ele>
    <time>2026-05-19T14:16:00Z</time>
   </trkpt>
   <trkpt lat="51.0541700" lon="13.7497360">
    <ele>114.0</ele>
    <time>2026-05-19T14:16:01Z</time>
   </trkpt>
   <trkpt lat="51.0541430" lon="13.7496360">
    <ele>114.0</ele>
    <time>2026-05-19T14:16:02Z</time>
   </trkpt>
   <trkpt lat="51.0541160" lon="13.7495380">
    <ele>114.0</ele>
    <time>2026-05-19T14:16:03Z</time>
   </trkpt>
   <trkpt lat="51.0540880" lon="13.7494410">
    <ele>114.0</ele>
    <time>2026-05-19T14:16:04Z</time>
   </trkpt>
   <trkpt lat="51.0540610" lon="13.7493450">
    <ele>114.2</ele>
    <time>2026-05-19T14:16:05Z</time>
   </trkpt>
   <trkpt lat="51.0540330" lon="13.7492510">
    <ele>114.0</ele>
    <time>2026-05-19T14:16:06Z</time>
   </trkpt>
   <trkpt lat="51.0540070" lon="13.7491580">
    <ele>114.0</ele>
    <time>2026-05-19T14:16:07Z</time>
   </trkpt>
   <trkpt lat="51.0539800" lon="13.7490670">
    <ele>114.0</ele>
    <time>2026-05-19T14:16:08Z</time>
   </trkpt>
   <trkpt lat="51.0539540" lon="13.7489760">
    <ele>114.0</ele>
    <time>2026-05-19T14:16:09Z</time>
   </trkpt>
   <trkpt lat="51.0539280" lon="13.7488870">
    <ele>114.0</ele>
    <time>2026-05-19T14:16:10Z</time>
   </trkpt>
   <trkpt lat="51.0539000" lon="13.7488030">
    <ele>114.0</ele>
    <time>2026-05-19T14:16:11Z</time>
   </trkpt>
   <trkpt lat="51.0538670" lon="13.7487300">
    <ele>114.0</ele>
    <time>2026-05-19T14:16:12Z</time>
   </trkpt>
   <trkpt lat="51.0538280" lon="13.7486740">
    <ele>114.0</ele>
    <time>2026-05-19T14:16:13Z</time>
   </trkpt>
   <trkpt lat="51.0537850" lon="13.7486330">
    <ele>113.8</ele>
    <time>2026-05-19T14:16:14Z</time>
   </trkpt>
   <trkpt lat="51.0537540" lon="13.7486080">
    <ele>113.8</ele>
    <time>2026-05-19T14:16:15Z</time>
   </trkpt>
   <trkpt lat="51.0537170" lon="13.7485740">
    <ele>113.6</ele>
    <time>2026-05-19T14:16:16Z</time>
   </trkpt>
   <trkpt lat="51.0536880" lon="13.7485270">
    <ele>113.6</ele>
    <time>2026-05-19T14:16:17Z</time>
   </trkpt>
   <trkpt lat="51.0536700" lon="13.7484700">
    <ele>113.6</ele>
    <time>2026-05-19T14:16:18Z</time>
   </trkpt>
   <trkpt lat="51.0536590" lon="13.7484130">
    <ele>113.6</ele>
    <time>2026-05-19T14:16:19Z</time>
   </trkpt>
   <trkpt lat="51.0536520" lon="13.7483620">
    <ele>113.6</ele>
    <time>2026-05-19T14:16:20Z</time>
   </trkpt>
   <trkpt lat="51.0536430" lon="13.7482930">
    <ele>113.4</ele>
    <time>2026-05-19T14:16:21Z</time>
   </trkpt>
   <trkpt lat="51.0536430" lon="13.7482930">
    <ele>113.4</ele>
    <time>2026-05-19T14:16:22Z</time>
   </trkpt>
  </trkseg>
 </trk>
</gpx>
