<?xml version="1.0" encoding="UTF-8"?>
<kml xmlns="http://earth.google.com/kml/2.1">
 <Folder>
  <name>Dresden Bahntraining</name>
  <Placemark>
   <name>Track</name>
   <type>running</type>
   <COROS link="https://www.coros.com"/>
   <Style>
    <LineStyle>
     <color>FF0000FF</color>
     <width>3.0</width>
    </LineStyle>
   </Style>
   <LineString>
    <extrude>false</extrude>
    <tessellate>true</tessellate>
    <altitudeMode>clampToGround</altitudeMode>
    <coordinates>13.7263057,51.0608083,110 13.7263012,51.0608109,110 13.7262939,51.0608161,110 13.7262853,51.0608235,110 13.7262736,51.0608327,110 13.7262584,51.0608437,110 13.7262400,51.0608561,110 13.7262188,51.0608700,110 13.7261960,51.0608853,110 13.7261721,51.0609013,110 13.7261476,51.0609175,110 13.7261220,51.0609339,110 13.7260952,51.0609501,110 13.7260675,51.0609655,110 13.7260397,51.0609811,110 13.7260115,51.0609961,110 13.7259833,51.0610109,110 13.7259555,51.0610271,110 13.7259274,51.0610435,110 13.7258982,51.0610597,110 13.7258663,51.0610740,110 13.7258319,51.0610872,110 13.7257944,51.0610989,110 13.7257559,51.0611101,110 13.7257168,51.0611207,110 13.7256780,51.0611309,110 13.7256392,51.0611403,110 13.7256002,51.0611452,110 13.7255624,51.0611466,110 13.7255253,51.0611452,110 13.7254878,51.0611448,111 13.7254483,51.0611452,111 13.7254085,51.0611474,111 13.7253687,51.0611520,111 13.7253299,51.0611576,111 13.7252930,51.0611635,111 13.7252580,51.0611699,111 13.7252250,51.0611751,111 13.7251973,51.0611763,111 13.7251750,51.0611745,111 13.7251544,51.0611728,111 13.7251353,51.0611749,111 13.7251165,51.0611798,111 13.7250969,51.0611872,111 13.7250773,51.0611981,111 13.7250588,51.0612094,111 13.7250410,51.0612227,111 13.7250240,51.0612376,111 13.7250103,51.0612537,111 13.7250006,51.0612698,111 13.7249955,51.0612856,112 13.7249942,51.0613011,112 13.7249959,51.0613159,112 13.7250006,51.0613294,112 13.7250091,51.0613422,112 13.7250103,51.0613432,112 13.7250115,51.0613442,112 13.7250128,51.0613453,112 13.7250167,51.0613474,112 13.7250221,51.0613494,112 13.7250311,51.0613546,112 13.7250435,51.0613637,112 13.7250588,51.0613768,112 13.7250763,51.0613928,112 13.7250923,51.0614071,112 13.7251087,51.0614221,112 13.7251255,51.0614383,112 13.7251418,51.0614534,112 13.7251575,51.0614678,112 13.7251721,51.0614813,112 13.7251861,51.0614943,112 13.7252001,51.0615081,112 13.7252140,51.0615229,112 13.7252275,51.0615393,112 13.7252396,51.0615574,112 13.7252518,51.0615765,112 13.7252653,51.0615961,112 13.7252799,51.0616154,112 13.7252952,51.0616337,112 13.7252974,51.0616516,112 13.7252971,51.0616694,112 13.7252992,51.0616869,112 13.7253059,51.0617040,112 13.7253171,51.0617202,112 13.7253323,51.0617352,112 13.7253512,51.0617489,112 13.7253640,51.0617623,112 13.7253659,51.0617759,112 13.7253604,51.0617895,112 13.7253552,51.0618026,112 13.7253534,51.0618148,112 13.7253563,51.0618255,111 13.7253635,51.0618345,111 13.7253746,51.0618418,111 13.7253893,51.0618478,111 13.7254084,51.0618529,111 13.7254312,51.0618567,111 13.7254571,51.0618588,111 13.7254851,51.0618588,111 13.7255142,51.0618567,111 13.7255443,51.0618528,111 13.7255707,51.0618473,111 13.7255944,51.0618402,111 13.7256170,51.0618312,111 13.7256397,51.0618210,111 13.7256634,51.0618097,111 13.7256891,51.0617978,110 13.7257167,51.0617853,110 13.7257446,51.0617727,110 13.7257735,51.0617600,110 13.7258037,51.0617470,110 13.7258357,51.0617339,110 13.7258688,51.0617209,110 13.7259025,51.0617079,110 13.7259368,51.0616949,110 13.7259718,51.0616823,110 13.7260077,51.0616708,109 13.7260448,51.0616612,109 13.7260833,51.0616543,109 13.7261223,51.0616511,109 13.7261598,51.0616525,109 13.7261926,51.0616582,109 13.7262166,51.0616690,109 13.7262284,51.0616845,109 13.7262271,51.0617031,109 13.7262154,51.0617241,109 13.7261957,51.0617464,109 13.7261697,51.0617685,109 13.7261410,51.0617909,109 13.7261096,51.0618122,109 13.7260764,51.0618317,109 13.7260422,51.0618493,108 13.7260070,51.0618655,108 13.7259709,51.0618805,108 13.7259343,51.0618947,108 13.7258963,51.0619079,108 13.7258581,51.0619206,108 13.7258206,51.0619329,108 13.7257847,51.0619455,108 13.7257502,51.0619587,108 13.7257169,51.0619721,108 13.7256840,51.0619857,108 13.7256514,51.0619997,108 13.7256187,51.0620139,108 13.7255859,51.0620284,108 13.7255530,51.0620430,108 13.7255198,51.0620571,107 13.7254867,51.0620707,107 13.7254538,51.0620837,107 13.7254207,51.0620965,107 13.7253871,51.0621089,107 13.7253530,51.0621213,107 13.7253190,51.0621339,107 13.7252861,51.0621476,107 13.7252531,51.0621621,107 13.7252202,51.0621771,107 13.7251874,51.0621921,107 13.7251546,51.0622068,107 13.7251219,51.0622208,107 13.7250890,51.0622345,107 13.7250563,51.0622482,107 13.7250242,51.0622618,107 13.7249924,51.0622754,107 13.7249608,51.0622887,107 13.7249292,51.0623017,107 13.7248972,51.0623145,107 13.7248648,51.0623277,107 13.7248325,51.0623412,107 13.7248006,51.0623548,107 13.7247693,51.0623683,107 13.7247384,51.0623818,107 13.7247077,51.0623954,107 13.7246771,51.0624088,107 13.7246465,51.0624221,107 13.7246161,51.0624347,107 13.7245856,51.0624465,107 13.7245548,51.0624579,107 13.7245238,51.0624690,107 13.7244925,51.0624800,107 13.7244612,51.0624908,107 13.7244298,51.0625016,107 13.7243977,51.0625124,107 13.7243648,51.0625234,107 13.7243313,51.0625344,107 13.7242972,51.0625459,107 13.7242629,51.0625578,107 13.7242289,51.0625698,107 13.7241956,51.0625816,107 13.7241627,51.0625932,107 13.7241301,51.0626051,107 13.7240981,51.0626171,107 13.7240669,51.0626298,107 13.7240357,51.0626430,107 13.7240044,51.0626568,107 13.7239733,51.0626708,107 13.7239423,51.0626846,107 13.7239113,51.0626983,107 13.7238808,51.0627120,107 13.7238506,51.0627257,107 13.7238207,51.0627393,107 13.7237910,51.0627527,107 13.7237611,51.0627661,107 13.7237312,51.0627794,107 13.7237012,51.0627925,107 13.7236708,51.0628057,107 13.7236398,51.0628189,107 13.7236085,51.0628324,107 13.7235763,51.0628461,107 13.7235430,51.0628601,107 13.7235091,51.0628741,107 13.7234739,51.0628878,107 13.7234383,51.0629010,107 13.7234028,51.0629138,107 13.7233675,51.0629262,107 13.7233327,51.0629382,107 13.7232986,51.0629500,107 13.7232646,51.0629614,107 13.7232312,51.0629727,107 13.7231985,51.0629840,107 13.7231666,51.0629958,107 13.7231355,51.0630078,107 13.7231048,51.0630200,107 13.7230742,51.0630323,107 13.7230431,51.0630444,107 13.7230116,51.0630560,107 13.7229788,51.0630669,107 13.7229454,51.0630775,107 13.7229118,51.0630884,107 13.7228785,51.0630996,107 13.7228458,51.0631112,107 13.7228135,51.0631232,107 13.7227815,51.0631357,107 13.7227498,51.0631486,107 13.7227177,51.0631619,107 13.7226856,51.0631751,107 13.7226532,51.0631887,107 13.7226195,51.0632023,107 13.7225848,51.0632155,107 13.7225496,51.0632279,107 13.7225145,51.0632401,107 13.7224800,51.0632528,107 13.7224460,51.0632660,107 13.7224123,51.0632793,107 13.7223792,51.0632926,107 13.7223465,51.0633059,107 13.7223140,51.0633184,107 13.7222822,51.0633302,107 13.7222508,51.0633414,107 13.7222194,51.0633523,107 13.7221873,51.0633632,107 13.7221547,51.0633742,107 13.7221220,51.0633855,107 13.7220899,51.0633972,107 13.7220590,51.0634093,107 13.7220307,51.0634223,107 13.7220038,51.0634358,107 13.7219770,51.0634494,107 13.7219497,51.0634629,107 13.7219220,51.0634761,107 13.7218941,51.0634895,107 13.7218664,51.0635031,107 13.7218392,51.0635169,107 13.7218118,51.0635309,107 13.7217837,51.0635449,107 13.7217545,51.0635583,107 13.7217243,51.0635713,107 13.7216933,51.0635841,107 13.7216623,51.0635971,107 13.7216311,51.0636101,107 13.7215993,51.0636232,107 13.7215659,51.0636363,107 13.7215315,51.0636494,107 13.7214965,51.0636624,107 13.7214612,51.0636754,107 13.7214265,51.0636879,107 13.7213923,51.0636998,107 13.7213593,51.0637111,107 13.7213270,51.0637218,107 13.7212948,51.0637321,107 13.7212624,51.0637424,107 13.7212289,51.0637529,107 13.7211948,51.0637639,107 13.7211604,51.0637755,107 13.7211257,51.0637875,107 13.7210915,51.0638001,107 13.7210577,51.0638133,107 13.7210245,51.0638269,107 13.7209915,51.0638408,107 13.7209584,51.0638550,107 13.7209246,51.0638691,107 13.7208901,51.0638834,107 13.7208549,51.0638976,107 13.7208196,51.0639117,107 13.7207843,51.0639257,107 13.7207489,51.0639396,107 13.7207130,51.0639538,107 13.7206770,51.0639680,107 13.7206410,51.0639823,107 13.7206055,51.0639965,107 13.7205705,51.0640106,107 13.7205366,51.0640243,107 13.7205034,51.0640377,107 13.7204707,51.0640509,107 13.7204385,51.0640638,107 13.7204071,51.0640765,107 13.7203758,51.0640891,107 13.7203450,51.0641018,107 13.7203146,51.0641146,107 13.7202844,51.0641276,107 13.7202543,51.0641406,107 13.7202239,51.0641534,107 13.7201933,51.0641661,107 13.7201620,51.0641785,107 13.7201294,51.0641907,107 13.7200960,51.0642028,107 13.7200619,51.0642149,107 13.7200266,51.0642271,107 13.7199904,51.0642394,107 13.7199532,51.0642520,107 13.7199161,51.0642650,107 13.7198793,51.0642785,107 13.7198422,51.0642924,107 13.7198055,51.0643062,107 13.7197692,51.0643198,107 13.7197326,51.0643335,107 13.7196958,51.0643474,107 13.7196593,51.0643611,107 13.7196235,51.0643745,107 13.7195893,51.0643874,107 13.7195565,51.0643997,107 13.7195245,51.0644117,107 13.7194929,51.0644234,107 13.7194614,51.0644350,107 13.7194292,51.0644467,107 13.7193963,51.0644589,107 13.7193626,51.0644715,107 13.7193287,51.0644843,107 13.7192950,51.0644970,107 13.7192615,51.0645096,107 13.7192281,51.0645224,107 13.7191937,51.0645352,107 13.7191585,51.0645477,107 13.7191224,51.0645600,107 13.7190856,51.0645719,107 13.7190475,51.0645842,107 13.7190088,51.0645970,107 13.7189696,51.0646108,107 13.7189316,51.0646255,107 13.7188953,51.0646412,107 13.7188601,51.0646578,107 13.7188262,51.0646752,107 13.7187934,51.0646931,107 13.7187615,51.0647111,107 13.7187301,51.0647290,107 13.7186983,51.0647462,107 13.7186652,51.0647621,107 13.7186301,51.0647768,107 13.7185933,51.0647904,107 13.7185550,51.0648031,107 13.7185162,51.0648152,107 13.7184773,51.0648267,107 13.7184382,51.0648378,107 13.7183995,51.0648484,107 13.7183610,51.0648591,107 13.7183229,51.0648700,107 13.7182852,51.0648812,108 13.7182477,51.0648926,108 13.7182105,51.0649044,108 13.7181736,51.0649164,108 13.7181369,51.0649285,108 13.7181001,51.0649406,108 13.7180629,51.0649523,108 13.7180254,51.0649638,108 13.7179879,51.0649753,108 13.7179507,51.0649868,108 13.7179137,51.0649984,108 13.7178769,51.0650099,108 13.7178402,51.0650212,108 13.7178037,51.0650323,108 13.7177675,51.0650433,108 13.7177316,51.0650542,108 13.7176959,51.0650652,108 13.7176601,51.0650764,108 13.7176246,51.0650878,108 13.7175893,51.0650994,108 13.7175542,51.0651110,108 13.7175189,51.0651227,108 13.7174832,51.0651343,108 13.7174473,51.0651458,108 13.7174116,51.0651574,108 13.7173760,51.0651688,108 13.7173407,51.0651799,108 13.7173059,51.0651909,108 13.7172716,51.0652015,108 13.7172368,51.0652119,108 13.7172015,51.0652219,108 13.7171655,51.0652315,108 13.7171292,51.0652410,108 13.7170924,51.0652505,108 13.7170550,51.0652599,108 13.7170172,51.0652694,108 13.7169788,51.0652790,108 13.7169400,51.0652885,108 13.7169011,51.0652974,108 13.7168621,51.0653050,108 13.7168233,51.0653097,108 13.7167858,51.0653097,107 13.7167510,51.0653040,107 13.7167191,51.0652928,107 13.7166900,51.0652770,107 13.7166641,51.0652574,107 13.7166410,51.0652352,107 13.7166205,51.0652110,107 13.7166019,51.0651856,107 13.7165850,51.0651597,107 13.7165695,51.0651337,108 13.7165552,51.0651078,108 13.7165421,51.0650821,108 13.7165298,51.0650565,108 13.7165179,51.0650313,108 13.7165057,51.0650063,108 13.7164937,51.0649816,108 13.7164820,51.0649569,108 13.7164707,51.0649323,108 13.7164605,51.0649076,108 13.7164517,51.0648829,108 13.7164434,51.0648578,108 13.7164351,51.0648324,108 13.7164266,51.0648068,108 13.7164185,51.0647812,108 13.7164111,51.0647558,108 13.7164040,51.0647306,108 13.7163976,51.0647058,108 13.7163921,51.0646813,108 13.7163874,51.0646573,108 13.7163822,51.0646342,109 13.7163745,51.0646123,109 13.7163628,51.0645916,109 13.7163471,51.0645717,109 13.7163282,51.0645522,109 13.7163075,51.0645327,109 13.7162865,51.0645133,109 13.7162662,51.0644939,109 13.7162470,51.0644744,109 13.7162292,51.0644546,109 13.7162133,51.0644340,109 13.7161994,51.0644126,109 13.7161869,51.0643905,109 13.7161751,51.0643683,109 13.7161631,51.0643462,109 13.7161488,51.0643261,109 13.7161316,51.0643112,109 13.7161131,51.0643035,109 13.7160962,51.0643040,109 13.7160837,51.0643124,109 13.7160760,51.0643280,109 13.7160723,51.0643488,109 13.7160720,51.0643730,109 13.7160745,51.0643990,109 13.7160791,51.0644256,109 13.7160843,51.0644522,110 13.7160895,51.0644785,110 13.7160946,51.0645043,110 13.7160992,51.0645297,110 13.7161033,51.0645550,110 13.7161072,51.0645803,110 13.7161110,51.0646056,110 13.7161149,51.0646309,110 13.7161190,51.0646558,110 13.7161229,51.0646804,110 13.7161269,51.0647046,110 13.7161310,51.0647284,110 13.7161356,51.0647520,110 13.7161406,51.0647756,110 13.7161458,51.0647990,110 13.7161514,51.0648226,110 13.7161573,51.0648467,110 13.7161634,51.0648711,110 13.7161696,51.0648958,110 13.7161756,51.0649205,110 13.7161814,51.0649451,110 13.7161866,51.0649698,110 13.7161919,51.0649947,110 13.7161969,51.0650199,110 13.7162019,51.0650454,110 13.7162068,51.0650712,111 13.7162116,51.0650970,111 13.7162163,51.0651228,111 13.7162211,51.0651485,111 13.7162257,51.0651739,111 13.7162301,51.0651992,111 13.7162344,51.0652242,111 13.7162385,51.0652489,111 13.7162423,51.0652735,111 13.7162459,51.0652982,111 13.7162496,51.0653229,111 13.7162536,51.0653477,111 13.7162580,51.0653727,111 13.7162626,51.0653978,111 13.7162670,51.0654230,111 13.7162713,51.0654482,111 13.7162754,51.0654732,111 13.7162796,51.0654981,111 13.7162838,51.0655232,111 13.7162880,51.0655483,111 13.7162926,51.0655736,112 13.7162977,51.0655987,112 13.7163033,51.0656237,112 13.7163091,51.0656487,112 13.7163149,51.0656737,112 13.7163206,51.0656985,112 13.7163261,51.0657233,112 13.7163310,51.0657479,112 13.7163357,51.0657723,112 13.7163404,51.0657964,112 13.7163450,51.0658201,112 13.7163495,51.0658436,112 13.7163538,51.0658670,112 13.7163578,51.0658904,112 13.7163617,51.0659139,112 13.7163659,51.0659376,112 13.7163705,51.0659612,112 13.7163755,51.0659849,112 13.7163809,51.0660087,112 13.7163862,51.0660328,112 13.7163913,51.0660570,112 13.7163962,51.0660813,112 13.7164004,51.0661055,112 13.7164042,51.0661299,112 13.7164078,51.0661546,112 13.7164115,51.0661796,112 13.7164156,51.0662047,112 13.7164204,51.0662296,112 13.7164258,51.0662541,112 13.7164319,51.0662783,112 13.7164386,51.0663021,112 13.7164453,51.0663254,112 13.7164517,51.0663487,112 13.7164580,51.0663721,112 13.7164640,51.0663957,112 13.7164692,51.0664192,112 13.7164732,51.0664427,112 13.7164762,51.0664661,112 13.7164788,51.0664897,112 13.7164811,51.0665133,112 13.7164833,51.0665371,112 13.7164856,51.0665615,112 13.7164881,51.0665862,112 13.7164904,51.0666111,112 13.7164928,51.0666363,112 13.7164957,51.0666613,112 13.7164992,51.0666861,112 13.7165035,51.0667109,112 13.7165082,51.0667355,112 13.7165135,51.0667597,112 13.7165188,51.0667839,112 13.7165237,51.0668079,112 13.7165280,51.0668319,112 13.7165319,51.0668559,112 13.7165357,51.0668801,112 13.7165397,51.0669047,112 13.7165442,51.0669296,112 13.7165494,51.0669547,112 13.7165550,51.0669798,112 13.7165607,51.0670051,112 13.7165663,51.0670306,112 13.7165716,51.0670563,112 13.7165771,51.0670820,112 13.7165829,51.0671074,112 13.7165883,51.0671326,112 13.7165932,51.0671576,112 13.7165979,51.0671826,112 13.7166026,51.0672075,112 13.7166073,51.0672322,112 13.7166118,51.0672569,112 13.7166165,51.0672815,112 13.7166215,51.0673058,112 13.7166264,51.0673298,112 13.7166312,51.0673535,112 13.7166360,51.0673771,112 13.7166409,51.0674007,112 13.7166456,51.0674243,112 13.7166500,51.0674478,112 13.7166542,51.0674714,112 13.7166583,51.0674951,112 13.7166625,51.0675191,112 13.7166669,51.0675434,112 13.7166717,51.0675678,112 13.7166768,51.0675922,112 13.7166818,51.0676165,112 13.7166869,51.0676407,112 13.7166918,51.0676651,112 13.7166962,51.0676899,112 13.7166999,51.0677152,112 13.7167036,51.0677404,112 13.7167074,51.0677655,112 13.7167117,51.0677904,112 13.7167161,51.0678154,112 13.7167197,51.0678404,112 13.7167228,51.0678657,112 13.7167259,51.0678910,112 13.7167294,51.0679164,111 13.7167335,51.0679418,111 13.7167382,51.0679670,111 13.7167435,51.0679920,111 13.7167496,51.0680171,111 13.7167564,51.0680420,111 13.7167635,51.0680667,111 13.7167707,51.0680911,111 13.7167775,51.0681152,111 13.7167842,51.0681392,111 13.7167905,51.0681630,111 13.7167962,51.0681867,111 13.7168012,51.0682101,111 13.7168058,51.0682331,111 13.7168112,51.0682553,111 13.7168181,51.0682762,111 13.7168289,51.0682953,111 13.7168456,51.0683115,111 13.7168690,51.0683237,111 13.7168984,51.0683311,111 13.7169327,51.0683338,111 13.7169704,51.0683323,111 13.7170102,51.0683275,111 13.7170516,51.0683205,111 13.7170939,51.0683122,111 13.7171364,51.0683033,111 13.7171793,51.0682947,111 13.7172221,51.0682869,111 13.7172646,51.0682795,111 13.7173071,51.0682721,111 13.7173493,51.0682647,110 13.7173909,51.0682572,110 13.7174321,51.0682498,110 13.7174726,51.0682425,110 13.7175126,51.0682349,110 13.7175523,51.0682272,110 13.7175915,51.0682192,110 13.7176300,51.0682110,110 13.7176681,51.0682026,110 13.7177059,51.0681945,110 13.7177438,51.0681867,109 13.7177817,51.0681790,109 13.7178198,51.0681716,109 13.7178576,51.0681643,109 13.7178953,51.0681570,109 13.7179331,51.0681496,109 13.7179705,51.0681418,109 13.7180078,51.0681336,109 13.7180449,51.0681256,109 13.7180820,51.0681176,109 13.7181190,51.0681093,109 13.7181562,51.0681011,109 13.7181936,51.0680928,109 13.7182313,51.0680847,109 13.7182694,51.0680767,109 13.7183082,51.0680690,109 13.7183474,51.0680615,109 13.7183875,51.0680543,109 13.7184283,51.0680475,109 13.7184699,51.0680413,109 13.7185116,51.0680356,109 13.7185532,51.0680304,109 13.7185944,51.0680255,109 13.7186347,51.0680206,109 13.7186745,51.0680158,109 13.7187141,51.0680108,109 13.7187536,51.0680050,109 13.7187934,51.0679987,109 13.7188332,51.0679922,109 13.7188726,51.0679854,109 13.7189116,51.0679781,109 13.7189502,51.0679705,109 13.7189884,51.0679628,109 13.7190264,51.0679554,109 13.7190645,51.0679478,109 13.7191026,51.0679396,109 13.7191409,51.0679306,109 13.7191794,51.0679211,109 13.7192178,51.0679115,109 13.7192562,51.0679025,109 13.7192945,51.0678943,109 13.7193324,51.0678862,109 13.7193703,51.0678779,109 13.7194084,51.0678694,109 13.7194467,51.0678606,109 13.7194855,51.0678513,109 13.7195247,51.0678419,109 13.7195637,51.0678326,109 13.7196026,51.0678236,109 13.7196413,51.0678146,109 13.7196798,51.0678054,109 13.7197175,51.0677958,109 13.7197544,51.0677860,109 13.7197910,51.0677760,109 13.7198276,51.0677662,109 13.7198643,51.0677565,109 13.7199009,51.0677465,109 13.7199376,51.0677364,109 13.7199745,51.0677259,109 13.7200115,51.0677153,109 13.7200482,51.0677047,109 13.7200844,51.0676944,109 13.7201206,51.0676839,109 13.7201568,51.0676733,109 13.7201934,51.0676624,109 13.7202301,51.0676514,109 13.7202669,51.0676405,109 13.7203042,51.0676301,109 13.7203418,51.0676198,109 13.7203797,51.0676099,109 13.7204177,51.0676000,109 13.7204555,51.0675896,109 13.7204929,51.0675790,109 13.7205300,51.0675680,109 13.7205672,51.0675563,109 13.7206045,51.0675446,108 13.7206417,51.0675330,108 13.7206788,51.0675216,108 13.7207157,51.0675107,108 13.7207526,51.0675004,108 13.7207895,51.0674906,108 13.7208256,51.0674813,108 13.7208615,51.0674714,108 13.7208976,51.0674605,108 13.7209341,51.0674487,108 13.7209707,51.0674365,108 13.7210072,51.0674244,108 13.7210434,51.0674123,108 13.7210795,51.0674006,108 13.7211152,51.0673892,108 13.7211502,51.0673774,108 13.7211851,51.0673654,108 13.7212203,51.0673532,108 13.7212558,51.0673409,108 13.7212914,51.0673291,108 13.7213270,51.0673177,108 13.7213624,51.0673068,108 13.7213981,51.0672961,108 13.7214340,51.0672854,108 13.7214704,51.0672747,108 13.7215073,51.0672638,107 13.7215446,51.0672525,107 13.7215821,51.0672409,107 13.7216194,51.0672290,107 13.7216563,51.0672170,107 13.7216930,51.0672051,107 13.7217294,51.0671934,107 13.7217654,51.0671820,107 13.7218013,51.0671707,107 13.7218371,51.0671593,107 13.7218726,51.0671474,107 13.7219080,51.0671352,107 13.7219432,51.0671230,107 13.7219777,51.0671108,107 13.7220120,51.0670990,107 13.7220466,51.0670873,107 13.7220814,51.0670754,107 13.7221159,51.0670633,107 13.7221500,51.0670513,107 13.7221840,51.0670396,107 13.7222178,51.0670278,107 13.7222520,51.0670156,107 13.7222869,51.0670031,107 13.7223222,51.0669900,107 13.7223571,51.0669768,107 13.7223917,51.0669638,107 13.7224263,51.0669514,107 13.7224611,51.0669395,107 13.7224960,51.0669282,107 13.7225312,51.0669171,107 13.7225666,51.0669060,107 13.7226021,51.0668948,107 13.7226372,51.0668836,107 13.7226720,51.0668726,107 13.7227066,51.0668618,107 13.7227412,51.0668510,107 13.7227757,51.0668402,107 13.7228105,51.0668294,107 13.7228450,51.0668190,107 13.7228796,51.0668087,107 13.7229145,51.0667982,107 13.7229497,51.0667873,107 13.7229849,51.0667759,107 13.7230200,51.0667644,107 13.7230550,51.0667525,107 13.7230896,51.0667400,107 13.7231240,51.0667276,107 13.7231581,51.0667153,107 13.7231925,51.0667027,107 13.7232268,51.0666906,107 13.7232609,51.0666788,107 13.7232948,51.0666678,107 13.7233285,51.0666572,107 13.7233622,51.0666470,107 13.7233969,51.0666363,107 13.7234322,51.0666251,107 13.7234686,51.0666126,107 13.7235057,51.0665994,107 13.7235433,51.0665861,107 13.7235813,51.0665737,107 13.7236192,51.0665621,107 13.7236567,51.0665508,107 13.7236933,51.0665394,107 13.7237292,51.0665279,107 13.7237642,51.0665162,107 13.7237986,51.0665045,107 13.7238324,51.0664931,107 13.7238656,51.0664819,107 13.7238986,51.0664708,107 13.7239316,51.0664597,107 13.7239648,51.0664486,107 13.7239973,51.0664372,107 13.7240292,51.0664253,107 13.7240606,51.0664127,107 13.7240911,51.0664001,107 13.7241214,51.0663878,107 13.7241514,51.0663750,107 13.7241809,51.0663613,107 13.7242100,51.0663469,107 13.7242386,51.0663319,107 13.7242666,51.0663165,107 13.7242940,51.0663004,107 13.7243205,51.0662834,107 13.7243456,51.0662654,107 13.7243690,51.0662469,107 13.7243910,51.0662280,107 13.7244119,51.0662094,107 13.7244323,51.0661913,107 13.7244522,51.0661731,107 13.7244721,51.0661547,107 13.7244924,51.0661362,107 13.7245134,51.0661178,107 13.7245349,51.0660995,107 13.7245571,51.0660809,107 13.7245795,51.0660617,107 13.7246020,51.0660420,107 13.7246247,51.0660220,107 13.7246476,51.0660022,107 13.7246707,51.0659826,107 13.7246937,51.0659630,107 13.7247165,51.0659434,107 13.7247393,51.0659238,107 13.7247617,51.0659042,107 13.7247838,51.0658845,107 13.7248060,51.0658650,107 13.7248279,51.0658457,107 13.7248491,51.0658268,107 13.7248696,51.0658082,107 13.7248897,51.0657893,107 13.7249101,51.0657698,107 13.7249314,51.0657497,107 13.7249533,51.0657290,107 13.7249755,51.0657080,107 13.7249981,51.0656870,107 13.7250207,51.0656662,107 13.7250436,51.0656461,107 13.7250667,51.0656264,107 13.7250909,51.0656070,107 13.7251159,51.0655877,107 13.7251410,51.0655684,107 13.7251658,51.0655488,107 13.7251900,51.0655291,107 13.7252134,51.0655092,107 13.7252361,51.0654891,107 13.7252585,51.0654688,107 13.7252805,51.0654483,107 13.7253027,51.0654273,107 13.7253257,51.0654061,107 13.7253488,51.0653845,107 13.7253719,51.0653627,107 13.7253953,51.0653408,107 13.7254185,51.0653193,107 13.7254424,51.0652980,107 13.7254668,51.0652769,107 13.7254918,51.0652556,107 13.7255173,51.0652339,107 13.7255427,51.0652119,107 13.7255676,51.0651900,107 13.7255921,51.0651685,107 13.7256161,51.0651471,107 13.7256398,51.0651256,107 13.7256633,51.0651040,107 13.7256867,51.0650825,107 13.7257102,51.0650610,107 13.7257338,51.0650394,107 13.7257577,51.0650180,107 13.7257820,51.0649965,107 13.7258066,51.0649749,107 13.7258313,51.0649532,107 13.7258565,51.0649315,107 13.7258818,51.0649094,107 13.7259070,51.0648873,107 13.7259315,51.0648652,107 13.7259553,51.0648434,107 13.7259785,51.0648219,107 13.7260015,51.0648007,107 13.7260247,51.0647793,107 13.7260486,51.0647580,107 13.7260728,51.0647365,107 13.7260968,51.0647148,107 13.7261202,51.0646929,107 13.7261429,51.0646708,107 13.7261652,51.0646486,107 13.7261877,51.0646265,107 13.7262107,51.0646045,107 13.7262340,51.0645826,107 13.7262576,51.0645610,107 13.7262813,51.0645396,107 13.7263048,51.0645186,107 13.7263277,51.0644978,107 13.7263502,51.0644773,107 13.7263725,51.0644568,107 13.7263949,51.0644362,107 13.7264174,51.0644155,107 13.7264396,51.0643950,107 13.7264620,51.0643747,106 13.7264846,51.0643546,106 13.7265074,51.0643347,106 13.7265305,51.0643150,106 13.7265538,51.0642957,106 13.7265771,51.0642770,106 13.7266000,51.0642589,106 13.7266222,51.0642410,106 13.7266442,51.0642229,106 13.7266662,51.0642044,106 13.7266883,51.0641851,106 13.7267101,51.0641651,106 13.7267318,51.0641444,106 13.7267537,51.0641234,106 13.7267759,51.0641024,106 13.7267987,51.0640814,106 13.7268220,51.0640604,106 13.7268454,51.0640397,106 13.7268687,51.0640192,106 13.7268916,51.0639987,106 13.7269139,51.0639781,106 13.7269365,51.0639573,106 13.7269593,51.0639361,106 13.7269825,51.0639147,106 13.7270060,51.0638930,106 13.7270297,51.0638711,106 13.7270531,51.0638493,106 13.7270760,51.0638278,106 13.7270990,51.0638066,106 13.7271221,51.0637858,106 13.7271453,51.0637655,106 13.7271683,51.0637456,106 13.7271915,51.0637259,106 13.7272148,51.0637064,106 13.7272380,51.0636868,106 13.7272610,51.0636673,106 13.7272835,51.0636482,106 13.7273055,51.0636290,106 13.7273270,51.0636097,106 13.7273474,51.0635905,106 13.7273675,51.0635712,106 13.7273881,51.0635516,106 13.7274098,51.0635317,106 13.7274320,51.0635113,106 13.7274545,51.0634907,106 13.7274770,51.0634697,106 13.7274999,51.0634482,106 13.7275230,51.0634266,106 13.7275463,51.0634047,106 13.7275698,51.0633826,106 13.7275938,51.0633606,106 13.7276183,51.0633386,106 13.7276431,51.0633164,106 13.7276682,51.0632941,106 13.7276928,51.0632722,106 13.7277169,51.0632508,106 13.7277401,51.0632300,106 13.7277630,51.0632095,106 13.7277859,51.0631893,106 13.7278089,51.0631692,106 13.7278317,51.0631491,106 13.7278535,51.0631287,106 13.7278740,51.0631081,106 13.7278937,51.0630874,106 13.7279136,51.0630667,106 13.7279336,51.0630461,106 13.7279539,51.0630256,106 13.7279741,51.0630054,106 13.7279944,51.0629847,106 13.7280146,51.0629634,106 13.7280343,51.0629418,106 13.7280533,51.0629197,106 13.7280718,51.0628971,106 13.7280899,51.0628743,106 13.7281072,51.0628517,106 13.7281236,51.0628294,106 13.7281389,51.0628072,106 13.7281526,51.0627851,106 13.7281652,51.0627632,106 13.7281767,51.0627413,106 13.7281872,51.0627191,106 13.7281973,51.0626962,106 13.7282068,51.0626726,106 13.7282158,51.0626488,106 13.7282246,51.0626246,106 13.7282337,51.0626002,106 13.7282431,51.0625758,106 13.7282533,51.0625511,106 13.7282642,51.0625259,106 13.7282755,51.0625005,106 13.7282868,51.0624753,106 13.7282983,51.0624500,106 13.7283096,51.0624248,106 13.7283205,51.0623998,106 13.7283317,51.0623750,106 13.7283427,51.0623501,106 13.7283527,51.0623255,106 13.7283616,51.0623008,106 13.7283693,51.0622763,106 13.7283759,51.0622516,106 13.7283808,51.0622265,106 13.7283850,51.0622014,106 13.7283891,51.0621760,106 13.7283932,51.0621510,106 13.7283972,51.0621266,106 13.7284015,51.0621025,106 13.7284058,51.0620784,106 13.7284099,51.0620541,106 13.7284143,51.0620298,106 13.7284188,51.0620053,106 13.7284234,51.0619806,106 13.7284277,51.0619559,106 13.7284314,51.0619310,106 13.7284344,51.0619061,106 13.7284365,51.0618810,106 13.7284381,51.0618558,106 13.7284395,51.0618306,106 13.7284407,51.0618054,106 13.7284414,51.0617802,106 13.7284417,51.0617550,106 13.7284416,51.0617297,106 13.7284408,51.0617042,106 13.7284397,51.0616786,106 13.7284384,51.0616531,106 13.7284370,51.0616274,106 13.7284354,51.0616018,106 13.7284342,51.0615762,106 13.7284337,51.0615508,106 13.7284331,51.0615256,106 13.7284318,51.0615006,106 13.7284301,51.0614760,106 13.7284285,51.0614514,106 13.7284265,51.0614265,106 13.7284235,51.0614012,106 13.7284187,51.0613758,106 13.7284121,51.0613505,106 13.7284038,51.0613253,106 13.7283938,51.0613000,106 13.7283823,51.0612744,106 13.7283693,51.0612488,106 13.7283557,51.0612231,106 13.7283419,51.0611976,106 13.7283282,51.0611722,106 13.7283151,51.0611467,106 13.7283025,51.0611212,106 13.7282902,51.0610957,106 13.7282773,51.0610705,106 13.7282631,51.0610458,106 13.7282473,51.0610217,106 13.7282301,51.0609978,106 13.7282116,51.0609742,106 13.7281918,51.0609511,106 13.7281703,51.0609285,106 13.7281476,51.0609061,106 13.7281246,51.0608841,106 13.7281016,51.0608623,106 13.7280787,51.0608408,106 13.7280558,51.0608193,106 13.7280326,51.0607983,106 13.7280095,51.0607775,106 13.7279862,51.0607573,106 13.7279630,51.0607373,106 13.7279396,51.0607171,106 13.7279162,51.0606966,106 13.7278931,51.0606757,106 13.7278701,51.0606546,106 13.7278473,51.0606332,106 13.7278250,51.0606115,106 13.7278033,51.0605894,106 13.7277823,51.0605667,106 13.7277624,51.0605435,106 13.7277427,51.0605206,106 13.7277229,51.0604984,106 13.7277033,51.0604766,106 13.7276830,51.0604547,106 13.7276616,51.0604331,106 13.7276396,51.0604117,106 13.7276173,51.0603903,106 13.7275954,51.0603688,106 13.7275745,51.0603471,106 13.7275550,51.0603252,106 13.7275362,51.0603032,106 13.7275176,51.0602814,106 13.7274986,51.0602596,106 13.7274790,51.0602382,106 13.7274591,51.0602173,106 13.7274390,51.0601967,106 13.7274186,51.0601761,106 13.7273980,51.0601554,106 13.7273771,51.0601344,106 13.7273561,51.0601132,106 13.7273355,51.0600920,106 13.7273155,51.0600711,106 13.7272960,51.0600509,106 13.7272763,51.0600314,107 13.7272559,51.0600124,107 13.7272353,51.0599938,107 13.7272144,51.0599752,107 13.7271925,51.0599568,107 13.7271682,51.0599394,107 13.7271414,51.0599234,107 13.7271118,51.0599095,107 13.7270795,51.0598984,107 13.7270447,51.0598900,107 13.7270083,51.0598840,107 13.7269708,51.0598800,107 13.7269330,51.0598780,107 13.7268952,51.0598777,107 13.7268578,51.0598791,107 13.7268209,51.0598818,107 13.7267840,51.0598852,107 13.7267468,51.0598890,107 13.7267096,51.0598933,107 13.7266723,51.0598982,107 13.7266345,51.0599035,107 13.7265966,51.0599089,107 13.7265586,51.0599146,107 13.7265210,51.0599208,107 13.7264838,51.0599276,107 13.7264470,51.0599351,108 13.7264110,51.0599429,108 13.7263759,51.0599506,108 13.7263415,51.0599586,108 13.7263076,51.0599674,108 13.7262737,51.0599765,108 13.7262397,51.0599858,108 13.7262051,51.0599956,108 13.7261701,51.0600056,108 13.7261347,51.0600161,108 13.7260994,51.0600269,108 13.7260647,51.0600379,108 13.7260307,51.0600487,108 13.7259973,51.0600594,108 13.7259107,51.0600888,108 13.7252803,51.0608857,105 13.7252921,51.0608758,105 13.7253126,51.0608629,105 13.7253429,51.0608481,105 13.7253824,51.0608311,105 13.7254295,51.0608125,105 13.7254825,51.0607929,105 13.7255403,51.0607722,105 13.7256016,51.0607507,105 13.7256661,51.0607290,105 13.7257322,51.0607072,105 13.7257989,51.0606855,105 13.7258655,51.0606639,105 13.7259318,51.0606423,105 13.7259977,51.0606209,106 13.7260631,51.0605996,106 13.7261278,51.0605783,106 13.7261920,51.0605572,106 13.7262555,51.0605364,106 13.7263180,51.0605158,106 13.7263793,51.0604957,106 13.7265403,51.0604438,106 13.7253265,51.0608668,105 13.7253351,51.0608587,105 13.7253574,51.0608470,105 13.7253907,51.0608322,105 13.7254337,51.0608146,105 13.7254845,51.0607944,105 13.7255425,51.0607721,105 13.7256052,51.0607486,105 13.7256711,51.0607249,105 13.7257393,51.0607015,105 13.7258086,51.0606785,105 13.7258789,51.0606558,105 13.7259495,51.0606332,105 13.7260203,51.0606105,105 13.7260911,51.0605876,106 13.7261619,51.0605646,106 13.7262326,51.0605419,106 13.7263027,51.0605195,106 13.7264895,51.0604593,106 13.7265953,51.0604691,107 13.7266220,51.0604610,107 13.7266562,51.0604523,107 13.7266977,51.0604439,107 13.7267457,51.0604371,107 13.7267984,51.0604330,107 13.7268540,51.0604323,107 13.7269108,51.0604353,107 13.7269675,51.0604424,107 13.7270230,51.0604534,107 13.7270767,51.0604683,107 13.7271276,51.0604870,107 13.7271752,51.0605094,107 13.7272185,51.0605349,107 13.7272566,51.0605631,108 13.7272887,51.0605931,108 13.7273148,51.0606242,108 13.7273351,51.0606560,108 13.7273498,51.0606885,108 13.7273591,51.0607215,108 13.7273630,51.0607548,108 13.7273616,51.0607884,108 13.7273546,51.0608222,108 13.7273418,51.0608559,108 13.7273232,51.0608890,108 13.7272988,51.0609211,108 13.7272686,51.0609518,108 13.7272325,51.0609808,108 13.7271913,51.0610071,108 13.7271456,51.0610304,108 13.7270968,51.0610502,108 13.7270460,51.0610675,108 13.7269948,51.0610849,108 13.7269433,51.0611023,108 13.7268918,51.0611198,108 13.7268410,51.0611370,108 13.7267911,51.0611539,108 13.7267420,51.0611706,108 13.7266935,51.0611870,108 13.7266455,51.0612033,108 13.7265977,51.0612195,108 13.7265497,51.0612358,108 13.7265013,51.0612522,108 13.7264528,51.0612687,108 13.7264046,51.0612850,108 13.7263566,51.0613013,108 13.7263091,51.0613174,108 13.7262618,51.0613334,108 13.7262149,51.0613494,108 13.7261684,51.0613651,108 13.7261220,51.0613809,108 13.7260757,51.0613966,108 13.7260293,51.0614123,108 13.7259823,51.0614267,108 13.7259336,51.0614380,108 13.7258834,51.0614462,108 13.7258324,51.0614513,108 13.7257814,51.0614532,108 13.7257307,51.0614520,108 13.7256806,51.0614478,108 13.7256315,51.0614406,108 13.7255838,51.0614305,108 13.7255378,51.0614175,108 13.7254938,51.0614018,108 13.7254529,51.0613837,108 13.7254153,51.0613635,108 13.7253811,51.0613413,108 13.7253507,51.0613174,108 13.7253240,51.0612921,108 13.7253013,51.0612654,108 13.7252825,51.0612376,108 13.7252678,51.0612087,108 13.7252574,51.0611789,108 13.7252513,51.0611481,108 13.7252498,51.0611168,108 13.7252530,51.0610857,108 13.7252610,51.0610547,108 13.7252738,51.0610239,108 13.7252913,51.0609938,108 13.7253136,51.0609647,108 13.7253403,51.0609372,108 13.7253716,51.0609110,108 13.7254066,51.0608871,108 13.7254451,51.0608655,108 13.7254868,51.0608464,108 13.7255313,51.0608299,108 13.7255775,51.0608143,108 13.7256236,51.0607986,108 13.7256703,51.0607828,108 13.7257172,51.0607669,108 13.7257646,51.0607508,108 13.7258123,51.0607346,108 13.7258602,51.0607184,108 13.7259082,51.0607021,108 13.7259557,51.0606860,108 13.7260029,51.0606700,108 13.7260497,51.0606541,108 13.7260961,51.0606384,108 13.7261422,51.0606227,108 13.7261880,51.0606072,108 13.7262336,51.0605917,108 13.7262793,51.0605762,108 13.7263255,51.0605606,108 13.7263720,51.0605448,108 13.7264190,51.0605289,108 13.7264662,51.0605129,108 13.7265139,51.0604967,108 13.7265619,51.0604804,108 13.7266105,51.0604644,108 13.7266610,51.0604512,108 13.7267129,51.0604414,108 13.7267655,51.0604352,108 13.7268183,51.0604323,108 13.7268705,51.0604328,108 13.7269216,51.0604364,108 13.7269713,51.0604430,108 13.7270189,51.0604524,108 13.7270644,51.0604645,108 13.7271080,51.0604792,108 13.7271494,51.0604966,108 13.7271880,51.0605170,108 13.7272247,51.0605398,108 13.7272585,51.0605654,108 13.7272880,51.0605929,108 13.7273129,51.0606221,108 13.7273332,51.0606530,108 13.7273485,51.0606853,108 13.7273586,51.0607187,108 13.7273631,51.0607527,108 13.7273621,51.0607871,108 13.7273553,51.0608212,108 13.7273431,51.0608545,108 13.7273256,51.0608865,108 13.7273032,51.0609171,108 13.7272759,51.0609461,108 13.7272441,51.0609732,108 13.7272077,51.0609983,108 13.7271673,51.0610210,108 13.7271232,51.0610410,108 13.7270759,51.0610583,108 13.7270263,51.0610751,108 13.7269765,51.0610920,108 13.7269271,51.0611087,108 13.7268782,51.0611253,108 13.7268298,51.0611417,108 13.7267816,51.0611581,108 13.7267335,51.0611744,108 13.7266854,51.0611907,108 13.7266373,51.0612070,108 13.7265894,51.0612233,108 13.7265414,51.0612395,108 13.7264933,51.0612558,108 13.7264451,51.0612722,108 13.7263970,51.0612885,108 13.7263490,51.0613048,108 13.7263015,51.0613209,108 13.7262543,51.0613369,108 13.7262073,51.0613528,108 13.7261606,51.0613687,108 13.7261144,51.0613843,108 13.7260684,51.0613999,108 13.7260231,51.0614153,108 13.7259783,51.0614286,108 13.7259319,51.0614392,108 13.7258843,51.0614470,108 13.7258355,51.0614520,108 13.7257860,51.0614540,108 13.7257358,51.0614531,108 13.7256852,51.0614491,108 13.7256347,51.0614419,108 13.7255847,51.0614315,108 13.7255359,51.0614177,108 13.7254892,51.0614007,108 13.7254459,51.0613809,108 13.7254066,51.0613589,108 13.7253717,51.0613350,108 13.7253415,51.0613099,108 13.7253159,51.0612838,108 13.7252948,51.0612571,108 13.7252779,51.0612299,108 13.7252650,51.0612021,108 13.7252560,51.0611737,108 13.7252510,51.0611446,108 13.7252501,51.0611149,108 13.7252535,51.0610850,108 13.7252612,51.0610554,108 13.7252733,51.0610261,108 13.7252897,51.0609974,108 13.7253107,51.0609693,108 13.7253358,51.0609425,108 13.7253651,51.0609170,108 13.7253982,51.0608934,108 13.7254350,51.0608718,108 13.7254753,51.0608522,108 13.7255188,51.0608351,108 13.7255664,51.0608189,108 13.7256145,51.0608026,108 13.7256628,51.0607862,108 13.7257107,51.0607700,108 13.7257584,51.0607538,108 13.7258059,51.0607377,108 13.7258534,51.0607216,108 13.7259009,51.0607055,108 13.7259487,51.0606893,108 13.7259967,51.0606730,108 13.7260449,51.0606566,108 13.7260934,51.0606402,108 13.7261419,51.0606237,108 13.7261902,51.0606074,108 13.7262383,51.0605910,108 13.7262861,51.0605748,108 13.7263334,51.0605588,108 13.7263801,51.0605429,108 13.7264261,51.0605274,108 13.7264712,51.0605121,108 13.7265160,51.0604969,108 13.7265610,51.0604816,108 13.7266060,51.0604666,108 13.7266530,51.0604539,108 13.7267017,51.0604441,108 13.7267510,51.0604374,108 13.7268003,51.0604337,108 13.7268493,51.0604330,108 13.7268981,51.0604351,108 13.7269466,51.0604401,108 13.7269945,51.0604480,108 13.7270413,51.0604588,108 13.7270864,51.0604723,108 13.7271293,51.0604885,108 13.7271696,51.0605071,108 13.7272069,51.0605282,108 13.7272412,51.0605516,108 13.7272723,51.0605775,108 13.7272997,51.0606058,108 13.7273229,51.0606362,108 13.7273412,51.0606685,108 13.7273544,51.0607025,108 13.7273619,51.0607379,108 13.7273632,51.0607739,108 13.7273583,51.0608097,108 13.7273472,51.0608449,108 13.7273304,51.0608787,108 13.7273083,51.0609108,108 13.7272814,51.0609408,108 13.7272496,51.0609688,108 13.7272134,51.0609947,108 13.7271731,51.0610180,108 13.7271292,51.0610385,108 13.7270824,51.0610560,108 13.7270342,51.0610724,108 13.7269860,51.0610887,108 13.7269384,51.0611049,108 13.7268912,51.0611209,108 13.7268440,51.0611369,108 13.7267969,51.0611529,108 13.7267498,51.0611689,108 13.7267027,51.0611848,108 13.7266554,51.0612009,108 13.7266080,51.0612170,108 13.7265606,51.0612330,108 13.7265130,51.0612492,108 13.7264649,51.0612655,108 13.7264164,51.0612819,108 13.7263674,51.0612986,108 13.7263179,51.0613153,108 13.7262681,51.0613322,108 13.7262184,51.0613491,108 13.7261695,51.0613657,108 13.7261214,51.0613820,108 13.7260741,51.0613980,108 13.7260279,51.0614137,108 13.7259852,51.0614268,108 13.7259450,51.0614365,108 13.7259088,51.0614434,108 13.7258766,51.0614480,108 13.7258466,51.0614511,108 13.7258172,51.0614531,108 13.7257870,51.0614540,108 13.7257557,51.0614538,108 13.7257237,51.0614524,108 13.7256910,51.0614497,108 13.7256578,51.0614456,108 13.7256245,51.0614401,108 13.7255920,51.0614332,108 13.7255608,51.0614252,108 13.7255308,51.0614160,108 13.7255019,51.0614057,108 13.7254741,51.0613942,108 13.7254477,51.0613818,108 13.7254226,51.0613684,108 13.7253991,51.0613542,108 13.7253774,51.0613392,108 13.7253573,51.0613237,108 13.7253386,51.0613072,108 13.7253214,51.0612899,108 13.7253058,51.0612718,108 13.7252919,51.0612529,108 13.7252799,51.0612335,108 13.7252698,51.0612136,108 13.7252618,51.0611934,108 13.7252559,51.0611732,108 13.7252520,51.0611530,108 13.7252501,51.0611324,108 13.7252503,51.0611113,108 13.7252528,51.0610892,108 13.7252578,51.0610666,108 13.7252652,51.0610444,108 13.7252750,51.0610226,108 13.7252872,51.0610013,108 13.7253017,51.0609805,108 13.7253189,51.0609599,108 13.7253384,51.0609400,108 13.7253600,51.0609211,108 13.7253838,51.0609031,108 13.7254095,51.0608863,108 13.7254369,51.0608707,108 13.7254659,51.0608564,108 13.7254958,51.0608437,108 13.7255258,51.0608327,108 13.7255614,51.0608206,108 13.7255975,51.0608084,108 13.7256341,51.0607960,108 13.7256714,51.0607833,108 13.7257095,51.0607704,108 13.7257479,51.0607574,108 13.7257866,51.0607442,108 13.7258254,51.0607311,108 13.7258641,51.0607180,108 13.7259024,51.0607050,108 13.7259406,51.0606920,108 13.7259784,51.0606792,108 13.7260158,51.0606665,108 13.7260525,51.0606541,108 13.7260870,51.0606423,108 13.7261184,51.0606317,108 13.7261476,51.0606218,108 13.7261763,51.0606121,108 13.7262053,51.0606022,108 13.7262353,51.0605921,108 13.7262664,51.0605815,108 13.7262985,51.0605706,108 13.7263319,51.0605593,108 13.7263666,51.0605475,108 13.7264021,51.0605355,108 13.7264378,51.0605234,108 13.7264737,51.0605112,108 13.7265113,51.0604984,108 13.7265526,51.0604844,108 13.7265973,51.0604694,108 13.7266445,51.0604560,108 13.7266971,51.0604449,108 13.7267532,51.0604372,108 13.7268106,51.0604333,108 13.7268673,51.0604334,108 13.7269220,51.0604372,108 13.7269746,51.0604443,108 13.7270247,51.0604546,108 13.7270722,51.0604677,108 13.7271172,51.0604835,108 13.7271595,51.0605021,108 13.7271991,51.0605234,108 13.7272356,51.0605475,108 13.7272684,51.0605739,108 13.7272970,51.0606027,108 13.7273214,51.0606340,108 13.7273407,51.0606673,108 13.7273543,51.0607023,108 13.7273619,51.0607383,108 13.7273631,51.0607750,108 13.7273578,51.0608116,108 13.7273462,51.0608475,108 13.7273283,51.0608823,108 13.7273041,51.0609160,108 13.7272737,51.0609482,108 13.7272375,51.0609781,108 13.7271965,51.0610050,108 13.7271517,51.0610286,108 13.7271041,51.0610485,108 13.7270537,51.0610658,108 13.7270031,51.0610829,108 13.7269530,51.0610999,108 13.7269032,51.0611168,108 13.7268536,51.0611336,108 13.7268043,51.0611504,108 13.7267551,51.0611671,108 13.7267065,51.0611835,108 13.7266584,51.0611999,108 13.7266105,51.0612161,108 13.7265625,51.0612324,108 13.7265142,51.0612487,108 13.7264658,51.0612652,108 13.7264174,51.0612816,108 13.7263692,51.0612979,108 13.7263213,51.0613142,108 13.7262736,51.0613304,108 13.7262257,51.0613466,108 13.7261776,51.0613629,108 13.7261295,51.0613792,108 13.7260819,51.0613954,108 13.7260349,51.0614113,108 13.7259887,51.0614258,108 13.7259408,51.0614374,108 13.7258913,51.0614460,108 13.7258407,51.0614516,108 13.7257894,51.0614540,108 13.7257376,51.0614532,108 13.7256859,51.0614492,108 13.7256345,51.0614419,108 13.7255840,51.0614313,108 13.7255352,51.0614174,108 13.7254889,51.0614005,108 13.7254462,51.0613811,108 13.7254071,51.0613592,108 13.7253719,51.0613352,108 13.7253407,51.0613092,108 13.7253139,51.0612815,108 13.7252916,51.0612524,108 13.7252739,51.0612221,108 13.7252610,51.0611909,108 13.7252529,51.0611587,108 13.7252499,51.0611257,108 13.7252523,51.0610921,108 13.7252603,51.0610583,108 13.7252739,51.0610249,108 13.7252931,51.0609923,108 13.7253175,51.0609614,108 13.7253468,51.0609324,108 13.7253803,51.0609057,108 13.7254179,51.0608813,108 13.7254595,51.0608594,108 13.7255046,51.0608403,108 13.7255541,51.0608231,108 13.7256055,51.0608057,108 13.7256567,51.0607883,108 13.7257074,51.0607711,108 13.7257574,51.0607541,108 13.7258070,51.0607373,108 13.7258563,51.0607206,108 13.7259053,51.0607040,108 13.7259541,51.0606875,108 13.7260024,51.0606711,108 13.7260503,51.0606548,108 13.7260981,51.0606386,108 13.7261457,51.0606225,108 13.7261932,51.0606064,108 13.7262404,51.0605904,108 13.7262873,51.0605744,108 13.7263340,51.0605586,108 13.7263807,51.0605427,108 13.7264276,51.0605268,108 13.7264747,51.0605109,108 13.7265223,51.0604947,108 13.7265704,51.0604784,108 13.7266185,51.0604629,108 13.7266686,51.0604504,108 13.7267206,51.0604412,108 13.7267734,51.0604354,108 13.7268268,51.0604330,108 13.7268803,51.0604340,108 13.7269334,51.0604385,108 13.7269855,51.0604463,108 13.7270363,51.0604574,108 13.7270852,51.0604719,108 13.7271314,51.0604893,108 13.7271748,51.0605099,108 13.7272151,51.0605334,108 13.7272516,51.0605597,108 13.7272838,51.0605886,108 13.7273110,51.0606196,108 13.7273317,51.0606505,108 13.7273471,51.0606817,108 13.7273573,51.0607134,108 13.7273627,51.0607457,108 13.7273629,51.0607786,108 13.7273577,51.0608123,108 13.7273466,51.0608465,108 13.7273294,51.0608805,108 13.7273059,51.0609138,108 13.7272765,51.0609456,108 13.7272413,51.0609753,108 13.7272009,51.0610025,108 13.7271561,51.0610265,108 13.7271075,51.0610472,108 13.7270556,51.0610651,108 13.7270024,51.0610832,108 13.7269490,51.0611013,108 13.7268956,51.0611194,108 13.7268428,51.0611373,108 13.7267909,51.0611549,108 13.7267402,51.0611721,108 13.7266908,51.0611889,108 13.7266423,51.0612053,108 13.7265942,51.0612216,108 13.7265460,51.0612380,108 13.7264977,51.0612544,108 13.7264498,51.0612706,108 13.7264023,51.0612867,108 13.7263549,51.0613028,108 13.7263075,51.0613189,108 13.7262601,51.0613349,108 13.7262126,51.0613510,108 13.7261651,51.0613672,108 13.7261176,51.0613833,108 13.7260704,51.0613993,108 13.7260237,51.0614151,108 13.7259769,51.0614290,108 13.7259277,51.0614400,108 13.7258765,51.0614480,108 13.7258235,51.0614527,108 13.7257695,51.0614541,108 13.7257157,51.0614519,108 13.7256635,51.0614464,108 13.7256132,51.0614379,108 13.7255649,51.0614263,108 13.7255187,51.0614119,108 13.7254754,51.0613948,108 13.7254350,51.0613753,108 13.7253979,51.0613534,108 13.7253648,51.0613297,108 13.7253356,51.0613043,108 13.7253105,51.0612776,108 13.7252898,51.0612498,108 13.7252734,51.0612212,108 13.7252611,51.0611913,108 13.7252532,51.0611600,108 13.7252500,51.0611279,108 13.7252518,51.0610955,108 13.7252586,51.0610636,108 13.7252703,51.0610324,108 13.7252867,51.0610021,108 13.7253078,51.0609727,108 13.7253337,51.0609445,108 13.7253642,51.0609178,108 13.7253996,51.0608925,108 13.7254397,51.0608693,108 13.7254840,51.0608485,108 13.7255321,51.0608306,108 13.7255837,51.0608131,108 13.7256346,51.0607958,108 13.7256849,51.0607787,108 13.7257345,51.0607619,108 13.7257837,51.0607452,108 13.7258327,51.0607286,108 13.7258813,51.0607121,108 13.7259297,51.0606957,108 13.7259783,51.0606792,108 13.7260271,51.0606627,108 13.7260761,51.0606460,108 13.7261251,51.0606295,108 13.7261736,51.0606130,108 13.7262216,51.0605967,108 13.7262691,51.0605806,108 13.7263161,51.0605647,108 13.7263627,51.0605488,108 13.7264092,51.0605331,108 13.7264556,51.0605174,108 13.7265022,51.0605015,108 13.7265490,51.0604857,108 13.7265959,51.0604698,108 13.7266439,51.0604561,108 13.7266940,51.0604454,108 13.7267455,51.0604380,108 13.7267975,51.0604339,108 13.7268493,51.0604330,108 13.7269005,51.0604353,108 13.7269511,51.0604407,108 13.7270010,51.0604493,108 13.7270496,51.0604610,108 13.7270966,51.0604758,108 13.7271410,51.0604935,108 13.7271821,51.0605138,108 13.7272195,51.0605363,108 13.7272533,51.0605611,108 13.7272836,51.0605884,108 13.7273096,51.0606178,108 13.7273312,51.0606496,108 13.7273478,51.0606834,108 13.7273585,51.0607185,108 13.7273632,51.0607540,108 13.7273618,51.0607893,108 13.7273546,51.0608239,108 13.7273416,51.0608577,108 13.7273233,51.0608901,108 13.7272998,51.0609211,108 13.7272709,51.0609508,108 13.7272370,51.0609785,108 13.7271989,51.0610037,108 13.7271569,51.0610261,108 13.7271116,51.0610456,108 13.7270630,51.0610626,108 13.7270131,51.0610795,108 13.7269636,51.0610963,108 13.7269141,51.0611131,108 13.7268645,51.0611299,108 13.7268147,51.0611468,108 13.7267648,51.0611638,108 13.7267149,51.0611807,108 13.7266647,51.0611977,108 13.7266137,51.0612150,108 13.7265623,51.0612324,108 13.7265110,51.0612498,108 13.7264604,51.0612670,108 13.7264103,51.0612840,108 13.7263607,51.0613008,108 13.7263116,51.0613175,108 13.7262632,51.0613339,108 13.7262155,51.0613501,108 13.7261683,51.0613661,108 13.7261216,51.0613819,108 13.7260752,51.0613976,108 13.7260301,51.0614129,108 13.7259892,51.0614257,108 13.7259506,51.0614353,108 13.7259146,51.0614424,108 13.7258810,51.0614474,108 13.7258493,51.0614509,108 13.7258186,51.0614530,108 13.7257884,51.0614540,108 13.7257587,51.0614539,108 13.7257293,51.0614528,108 13.7256997,51.0614506,108 13.7256698,51.0614473,108 13.7256401,51.0614429,108 13.7256111,51.0614374,108 13.7255825,51.0614309,108 13.7255544,51.0614233,108 13.7255267,51.0614146,108 13.7254994,51.0614047,108 13.7254726,51.0613936,108 13.7254468,51.0613814,108 13.7254221,51.0613681,108 13.7253986,51.0613538,108 13.7253766,51.0613386,108 13.7253561,51.0613227,108 13.7253374,51.0613060,108 13.7253204,51.0612888,108 13.7253052,51.0612710,108 13.7252917,51.0612526,108 13.7252801,51.0612338,108 13.7252703,51.0612146,108 13.7252623,51.0611948,108 13.7252562,51.0611746,108 13.7252522,51.0611540,108 13.7252502,51.0611335,108 13.7252502,51.0611131,108 13.7252522,51.0610928,108 13.7252562,51.0610725,108 13.7252623,51.0610522,108 13.7252704,51.0610321,108 13.7252805,51.0610125,108 13.7252925,51.0609932,108 13.7253065,51.0609744,108 13.7253222,51.0609562,108 13.7253400,51.0609385,108 13.7253597,51.0609214,108 13.7253813,51.0609049,108 13.7254049,51.0608892,108 13.7254306,51.0608741,108 13.7254584,51.0608599,108 13.7254886,51.0608466,108 13.7255212,51.0608343,108 13.7255585,51.0608216,108 13.7255964,51.0608087,108 13.7256341,51.0607960,108 13.7256713,51.0607834,108 13.7257083,51.0607708,108 13.7257455,51.0607582,108 13.7257829,51.0607455,108 13.7258206,51.0607327,108 13.7258589,51.0607197,108 13.7258977,51.0607066,108 13.7259373,51.0606931,108 13.7259777,51.0606794,108 13.7260185,51.0606656,108 13.7260595,51.0606517,108 13.7261001,51.0606379,108 13.7261402,51.0606243,108 13.7261799,51.0606109,108 13.7262192,51.0605975,108 13.7262583,51.0605843,108 13.7262974,51.0605710,108 13.7263366,51.0605577,108 13.7263759,51.0605444,108 13.7264152,51.0605310,108 13.7264551,51.0605175,108 13.7264957,51.0605038,108 13.7265376,51.0604895,108 13.7265818,51.0604746,108 13.7266290,51.0604600,108 13.7266807,51.0604479,108 13.7267356,51.0604392,108 13.7267925,51.0604341,108 13.7268504,51.0604330,108 13.7269078,51.0604359,108 13.7269637,51.0604426,108 13.7270174,51.0604529,108 13.7270680,51.0604664,108 13.7271155,51.0604829,108 13.7271593,51.0605020,108 13.7271995,51.0605237,108 13.7272360,51.0605478,108 13.7272689,51.0605744,108 13.7272977,51.0606035,108 13.7273224,51.0606355,108 13.7273418,51.0606698,108 13.7273553,51.0607056,108 13.7273623,51.0607422,108 13.7273629,51.0607789,108 13.7273566,51.0608166,108 13.7273433,51.0608540,108 13.7273238,51.0608893,108 13.7272991,51.0609219,108 13.7272700,51.0609515,108 13.7272373,51.0609783,108 13.7272010,51.0610024,108 13.7271613,51.0610240,108 13.7271182,51.0610430,108 13.7270717,51.0610597,108 13.7270230,51.0610762,108 13.7269742,51.0610927,108 13.7269253,51.0611093,108 13.7268762,51.0611260,108 13.7268272,51.0611426,108 13.7267785,51.0611591,108 13.7267300,51.0611756,108 13.7266817,51.0611919,108 13.7266336,51.0612082,108 13.7265857,51.0612245,108 13.7265380,51.0612407,108 13.7264905,51.0612568,108 13.7264437,51.0612727,108 13.7263973,51.0612884,108 13.7263513,51.0613040,108 13.7263055,51.0613195,108 13.7262599,51.0613350,108 13.7262140,51.0613506,108 13.7261676,51.0613663,108 13.7261207,51.0613822,108 13.7260729,51.0613984,108 13.7260249,51.0614147,108 13.7259755,51.0614294,108 13.7259237,51.0614408,108 13.7258703,51.0614487,108 13.7258160,51.0614531,108 13.7257619,51.0614540,108 13.7257089,51.0614514,108 13.7256573,51.0614456,108 13.7256073,51.0614366,108 13.7255586,51.0614246,108 13.7255119,51.0614094,108 13.7254674,51.0613913,108 13.7254261,51.0613704,108 13.7253884,51.0613470,108 13.7253547,51.0613215,108 13.7253253,51.0612940,108 13.7253005,51.0612649,108 13.7252805,51.0612346,108 13.7252655,51.0612033,108 13.7252555,51.0611713,108 13.7252505,51.0611390,108 13.7252506,51.0611066,108 13.7252557,51.0610747,108 13.7252657,51.0610431,108 13.7252808,51.0610120,108 13.7253006,51.0609819,108 13.7253250,51.0609533,108 13.7253537,51.0609264,108 13.7253867,51.0609011,108 13.7254243,51.0608776,108 13.7254665,51.0608562,108 13.7255131,51.0608372,108 13.7255640,51.0608197,108 13.7256159,51.0608021,108 13.7256678,51.0607845,108 13.7257196,51.0607670,108 13.7257713,51.0607494,108 13.7258233,51.0607318,108 13.7258758,51.0607140,108 13.7259289,51.0606960,108 13.7259826,51.0606778,108 13.7260369,51.0606594,108 13.7260917,51.0606408,108 13.7261469,51.0606220,108 13.7262024,51.0606032,108 13.7262579,51.0605844,108 13.7263133,51.0605656,108 13.7263684,51.0605469,108 13.7264233,51.0605283,108 13.7264779,51.0605098,108 13.7265325,51.0604913,108 13.7265872,51.0604727,108 13.7266400,51.0604571,108 13.7266956,51.0604452,108 13.7267531,51.0604372,108 13.7268115,51.0604333,108 13.7268693,51.0604335,108 13.7269258,51.0604376,108 13.7269804,51.0604454,108 13.7270325,51.0604565,108 13.7270817,51.0604707,108 13.7271278,51.0604879,108 13.7271708,51.0605078,108 13.7272103,51.0605303,108 13.7272458,51.0605551,108 13.7272770,51.0605820,108 13.7273038,51.0606106,108 13.7273260,51.0606410,108 13.7273434,51.0606731,108 13.7273556,51.0607067,108 13.7273623,51.0607418,108 13.7273629,51.0607776,108 13.7273574,51.0608133,108 13.7273457,51.0608487,108 13.7273279,51.0608829,108 13.7273044,51.0609157,108 13.7272751,51.0609468,108 13.7272407,51.0609757,108 13.7272015,51.0610021,108 13.7271579,51.0610256,108 13.7271103,51.0610461,108 13.7270600,51.0610637,108 13.7270096,51.0610808,108 13.7269592,51.0610978,108 13.7269087,51.0611150,108 13.7268581,51.0611321,108 13.7268074,51.0611493,108 13.7267571,51.0611664,108 13.7267072,51.0611833,108 13.7266576,51.0612001,108 13.7266085,51.0612168,108 13.7265597,51.0612333,108 13.7265111,51.0612498,108 13.7264625,51.0612663,108 13.7264138,51.0612828,108 13.7263653,51.0612993,108 13.7263169,51.0613157,108 13.7262687,51.0613320,108 13.7262205,51.0613484,108 13.7261726,51.0613646,108 13.7261252,51.0613807,108 13.7260784,51.0613965,108 13.7260320,51.0614123,108 13.7259840,51.0614271,108 13.7259334,51.0614389,108 13.7258812,51.0614474,108 13.7258281,51.0614525,108 13.7257750,51.0614541,108 13.7257222,51.0614524,108 13.7256703,51.0614474,108 13.7256195,51.0614391,108 13.7255700,51.0614277,108 13.7255224,51.0614132,108 13.7254775,51.0613957,108 13.7254359,51.0613757,108 13.7253978,51.0613533,108 13.7253634,51.0613286,108 13.7253333,51.0613022,108 13.7253078,51.0612742,108 13.7252870,51.0612454,108 13.7252708,51.0612158,108 13.7252593,51.0611855,108 13.7252523,51.0611550,108 13.7252499,51.0611245,108 13.7252520,51.0610941,108 13.7252586,51.0610637,108 13.7252699,51.0610332,108 13.7252862,51.0610029,108 13.7253076,51.0609730,108 13.7253347,51.0609436,108 13.7253671,51.0609155,108 13.7254043,51.0608895,108 13.7254457,51.0608662,108 13.7254908,51.0608457,108 13.7255392,51.0608281,108 13.7255900,51.0608109,108 13.7256408,51.0607937,108 13.7256917,51.0607764,108 13.7257425,51.0607592,108 13.7257934,51.0607420,108 13.7258440,51.0607248,108 13.7258945,51.0607076,108 13.7259450,51.0606905,108 13.7259953,51.0606735,108 13.7260456,51.0606564,108 13.7260957,51.0606394,108 13.7261455,51.0606225,108 13.7261951,51.0606057,108 13.7262442,51.0605890,108 13.7262925,51.0605727,108 13.7263404,51.0605564,108 13.7263882,51.0605402,108 13.7264358,51.0605241,108 13.7264830,51.0605080,108 13.7265301,51.0604921,108 13.7265770,51.0604762,108 13.7266233,51.0604615,108 13.7266724,51.0604496,108 13.7267243,51.0604406,108 13.7267784,51.0604350,108 13.7268333,51.0604329,108 13.7268881,51.0604345,108 13.7269417,51.0604395,108 13.7269931,51.0604477,108 13.7270419,51.0604589,108 13.7270882,51.0604729,108 13.7271324,51.0604898,108 13.7271739,51.0605094,108 13.7272118,51.0605313,108 13.7272461,51.0605554,108 13.7272766,51.0605815,108 13.7273028,51.0606095,108 13.7273244,51.0606385,108 13.7273413,51.0606686,108 13.7273535,51.0606997,108 13.7273610,51.0607318,108 13.7273634,51.0607646,108 13.7273606,51.0607979,108 13.7273523,51.0608311,108 13.7273380,51.0608650,108 13.7273168,51.0608995,108 13.7272887,51.0609333,108 13.7272548,51.0609647,108 13.7272164,51.0609927,108 13.7271751,51.0610169,108 13.7271321,51.0610373,108 13.7270880,51.0610542,108 13.7270405,51.0610703,108 13.7269932,51.0610863,108 13.7269459,51.0611023,108 13.7268984,51.0611184,108 13.7268507,51.0611346,108 13.7268029,51.0611509,108 13.7267549,51.0611671,108 13.7267071,51.0611833,108 13.7266593,51.0611995,108 13.7266116,51.0612157,108 13.7265638,51.0612319,108 13.7265160,51.0612482,108 13.7264681,51.0612644,108 13.7264202,51.0612806,108 13.7263724,51.0612968,108 13.7263247,51.0613130,108 13.7262772,51.0613291,108 13.7262302,51.0613451,108 13.7261839,51.0613608,108 13.7261382,51.0613763,108 13.7260930,51.0613916,108 13.7260495,51.0614064,108 13.7260108,51.0614193,108 13.7259780,51.0614287,108 13.7259495,51.0614356,108 13.7259252,51.0614405,108 13.7259039,51.0614441,108 13.7258842,51.0614470,108 13.7258642,51.0614494,108 13.7258423,51.0614514,108 13.7258170,51.0614531,108 13.7257876,51.0614540,108 13.7257548,51.0614538,108 13.7257191,51.0614522,108 13.7256819,51.0614488,108 13.7256443,51.0614436,108 13.7256074,51.0614367,108 13.7255721,51.0614283,108 13.7255385,51.0614185,108 13.7255064,51.0614074,108 13.7254763,51.0613952,108 13.7254487,51.0613823,108 13.7254231,51.0613687,108 13.7253996,51.0613545,108 13.7253778,51.0613396,108 13.7253573,51.0613237,108 13.7253384,51.0613070,108 13.7253210,51.0612894,108 13.7253052,51.0612710,108 13.7252913,51.0612520,108 13.7252794,51.0612326,108 13.7252695,51.0612129,108 13.7252615,51.0611926,108 13.7252556,51.0611718,108 13.7252517,51.0611506,108 13.7252500,51.0611292,108 13.7252505,51.0611078,108 13.7252531,51.0610871,108 13.7252576,51.0610674,108 13.7252638,51.0610482,108 13.7252717,51.0610293,108 13.7252816,51.0610105,108 13.7252938,51.0609914,108 13.7253082,51.0609723,108 13.7253251,51.0609532,108 13.7253449,51.0609340,108 13.7253680,51.0609148,108 13.7253945,51.0608959,108 13.7254244,51.0608776,108 13.7254572,51.0608605,108 13.7254926,51.0608450,108 13.7255300,51.0608313,108 13.7255700,51.0608177,108 13.7256098,51.0608042,108 13.7256494,51.0607908,108 13.7256889,51.0607774,108 13.7257285,51.0607639,108 13.7257683,51.0607504,108 13.7258079,51.0607370,108 13.7258468,51.0607238,108 13.7258854,51.0607107,108 13.7259236,51.0606978,108 13.7259615,51.0606849,108 13.7259991,51.0606722,108 13.7260365,51.0606595,108 13.7260741,51.0606467,108 13.7261120,51.0606339,108 13.7261501,51.0606210,108 13.7261882,51.0606080,108 13.7262264,51.0605951,108 13.7262644,51.0605822,108 13.7263019,51.0605695,108 13.7263393,51.0605568,108 13.7263769,51.0605440,108 13.7264149,51.0605311,108 13.7264540,51.0605179,108 13.7264947,51.0605041,108 13.7265374,51.0604896,108 13.7265822,51.0604744,108 13.7266277,51.0604603,108 13.7266771,51.0604486,108 13.7267301,51.0604399,108 13.7267849,51.0604346,108 13.7268400,51.0604329,108 13.7268942,51.0604348,108 13.7269472,51.0604402,108 13.7269983,51.0604487,108 13.7270471,51.0604603,108 13.7270934,51.0604747,108 13.7271367,51.0604917,108 13.7271767,51.0605108,108 13.7272133,51.0605323,108 13.7272470,51.0605561,108 13.7272774,51.0605823,108 13.7273040,51.0606108,108 13.7273262,51.0606414,108 13.7273436,51.0606735,108 13.7273556,51.0607067,108 13.7273622,51.0607408,108 13.7273631,51.0607755,108 13.7273579,51.0608112,108 13.7273466,51.0608463,108 13.7273297,51.0608800,108 13.7273078,51.0609114,108 13.7272815,51.0609407,108 13.7272508,51.0609679,108 13.7272165,51.0609927,108 13.7271785,51.0610152,108 13.7271371,51.0610352,108 13.7270925,51.0610526,108 13.7270422,51.0610697,108 13.7269906,51.0610872,108 13.7269384,51.0611049,108 13.7268864,51.0611225,108 13.7268349,51.0611400,108 13.7267842,51.0611572,108 13.7267346,51.0611740,108 13.7266859,51.0611905,108 13.7266381,51.0612067,108 13.7265907,51.0612228,108 13.7265434,51.0612389,108 13.7264965,51.0612548,108 13.7264498,51.0612706,108 13.7264036,51.0612863,108 13.7263577,51.0613018,108 13.7263117,51.0613174,108 13.7262653,51.0613332,108 13.7262186,51.0613490,108 13.7261717,51.0613649,108 13.7261247,51.0613809,108 13.7260778,51.0613968,108 13.7260309,51.0614127,108 13.7259839,51.0614271,108 13.7259348,51.0614386,108 13.7258844,51.0614470,108 13.7258333,51.0614521,108 13.7257824,51.0614541,108 13.7257323,51.0614529,108 13.7256831,51.0614489,108 13.7256354,51.0614421,108 13.7255892,51.0614326,108 13.7255442,51.0614203,108 13.7255005,51.0614052,108 13.7254588,51.0613873,108 13.7254197,51.0613667,108 13.7253834,51.0613435,108 13.7253505,51.0613179,108 13.7253220,51.0612906,108 13.7252983,51.0612621,108 13.7252796,51.0612330,108 13.7252657,51.0612039,108 13.7252562,51.0611746,108 13.7252511,51.0611451,108 13.7252501,51.0611156,108 13.7252533,51.0610863,108 13.7252606,51.0610574,108 13.7252720,51.0610288,108 13.7252878,51.0610003,108 13.7253085,51.0609719,108 13.7253347,51.0609436,108 13.7253661,51.0609163,108 13.7254025,51.0608907,108 13.7254435,51.0608673,108 13.7254884,51.0608467,108 13.7255372,51.0608288,108 13.7255892,51.0608112,108 13.7256410,51.0607936,108 13.7256923,51.0607762,108 13.7257429,51.0607591,108 13.7257928,51.0607421,108 13.7258422,51.0607254,108 13.7258916,51.0607086,108 13.7259410,51.0606919,108 13.7259902,51.0606752,108 13.7260393,51.0606585,108 13.7260883,51.0606419,108 13.7261373,51.0606253,108 13.7261864,51.0606086,108 13.7262357,51.0605919,108 13.7262851,51.0605752,108 13.7263344,51.0605585,108 13.7263837,51.0605417,108 13.7264325,51.0605252,108 13.7264806,51.0605089,108 13.7265281,51.0604928,108 13.7265754,51.0604767,108 13.7266220,51.0604619,108 13.7266707,51.0604500,108 13.7267219,51.0604410,108 13.7267743,51.0604353,108 13.7268272,51.0604330,108 13.7268796,51.0604340,108 13.7269312,51.0604382,108 13.7269819,51.0604456,108 13.7270319,51.0604563,108 13.7270803,51.0604703,108 13.7271265,51.0604873,108 13.7271693,51.0605070,108 13.7272086,51.0605292,108 13.7272441,51.0605538,108 13.7272762,51.0605811,108 13.7273042,51.0606111,108 13.7273274,51.0606432,108 13.7273456,51.0606781,108 13.7273578,51.0607151,108 13.7273632,51.0607532,108 13.7273616,51.0607912,108 13.7273532,51.0608283,108 13.7273386,51.0608638,108 13.7273181,51.0608977,108 13.7272924,51.0609293,108 13.7272623,51.0609584,108 13.7272281,51.0609849,108 13.7271900,51.0610088,108 13.7271482,51.0610302,108 13.7271031,51.0610488,108 13.7270531,51.0610660,108 13.7270019,51.0610834,108 13.7269510,51.0611006,108 13.7269008,51.0611176,108 13.7268511,51.0611345,108 13.7268017,51.0611513,108 13.7267528,51.0611678,108 13.7267044,51.0611843,108 13.7266563,51.0612005,108 13.7266086,51.0612168,108 13.7265606,51.0612330,108 13.7265125,51.0612493,108 13.7264644,51.0612656,108 13.7264166,51.0612819,108 13.7263693,51.0612979,108 13.7263226,51.0613138,108 13.7262763,51.0613294,108 13.7262303,51.0613450,108 13.7261843,51.0613606,108 13.7261383,51.0613762,108 13.7260919,51.0613920,108 13.7260449,51.0614079,108 13.7259986,51.0614230,108 13.7259517,51.0614351,108 13.7259033,51.0614442,108 13.7258542,51.0614504,108 13.7258040,51.0614536,108 13.7257533,51.0614538,108 13.7257025,51.0614508,108 13.7256520,51.0614448,108 13.7256030,51.0614357,108 13.7255559,51.0614238,108 13.7255111,51.0614091,108 13.7254684,51.0613917,108 13.7254284,51.0613717,108 13.7253917,51.0613493,108 13.7253591,51.0613251,108 13.7253308,51.0612996,108 13.7253066,51.0612728,108 13.7252867,51.0612449,108 13.7252708,51.0612158,108 13.7252594,51.0611859,108 13.7252524,51.0611552,108 13.7252499,51.0611241,108 13.7252522,51.0610930,108 13.7252591,51.0610619,108 13.7252711,51.0610307,108 13.7252882,51.0609997,108 13.7253107,51.0609693,108 13.7253385,51.0609399,108 13.7253716,51.0609120,108 13.7254098,51.0608861,108 13.7254525,51.0608628,108 13.7254990,51.0608425,108 13.7255500,51.0608245,108 13.7256031,51.0608065,108 13.7256549,51.0607889,108 13.7257054,51.0607718,108 13.7257549,51.0607550,108 13.7258038,51.0607384,108 13.7258526,51.0607219,108 13.7259015,51.0607053,108 13.7259505,51.0606887,108 13.7259995,51.0606720,108 13.7260482,51.0606555,108 13.7260967,51.0606391,108 13.7261455,51.0606225,108 13.7261944,51.0606059,108 13.7262431,51.0605894,108 13.7262917,51.0605729,108 13.7263399,51.0605566,108 13.7263881,51.0605402,108 13.7264367,51.0605238,108 13.7264855,51.0605072,108 13.7265346,51.0604906,108 13.7265837,51.0604739,108 13.7266321,51.0604591,108 13.7266820,51.0604477,108 13.7267332,51.0604395,108 13.7267852,51.0604345,108 13.7268373,51.0604329,108 13.7268888,51.0604345,108 13.7269399,51.0604392,108 13.7269906,51.0604472,108 13.7270409,51.0604586,108 13.7270895,51.0604733,108 13.7271353,51.0604910,108 13.7271778,51.0605114,108 13.7272164,51.0605342,108 13.7272505,51.0605588,108 13.7272803,51.0605851,108 13.7273058,51.0606131,108 13.7273269,51.0606424,108 13.7273432,51.0606727,108 13.7273548,51.0607038,108 13.7273616,51.0607358,108 13.7273634,51.0607685,108 13.7273599,51.0608017,108 13.7273510,51.0608348,108 13.7273367,51.0608675,108 13.7273168,51.0608995,108 13.7272917,51.0609302,108 13.7272618,51.0609588,108 13.7272278,51.0609851,108 13.7271899,51.0610089,108 13.7271487,51.0610300,108 13.7271052,51.0610480,108 13.7270571,51.0610646,108 13.7270065,51.0610818,108 13.7269555,51.0610991,108 13.7269045,51.0611164,108 13.7268540,51.0611335,108 13.7268036,51.0611506,108 13.7267537,51.0611675,108 13.7267040,51.0611844,108 13.7266547,51.0612011,108 13.7266057,51.0612177,108 13.7265569,51.0612343,108 13.7265081,51.0612508,108 13.7264596,51.0612673,108 13.7264113,51.0612836,108 13.7263633,51.0612999,108 13.7263148,51.0613164,108 13.7262660,51.0613329,108 13.7262172,51.0613495,108 13.7261687,51.0613659,108 13.7261209,51.0613821,108 13.7260742,51.0613980,108 13.7260302,51.0614129,108 13.7259947,51.0614241,108 13.7259632,51.0614324,108 13.7259359,51.0614384,108 13.7259136,51.0614426,108 13.7258966,51.0614453,108 13.7258853,51.0614469,108 13.7258806,51.0614475,108 13.7258835,51.0614471,108 13.7258925,51.0614459,108 13.7259030,51.0614443,108 13.7259098,51.0614432,108 13.7259102,51.0614431,108 13.7259038,51.0614442,108 13.7258916,51.0614460,108 13.7258751,51.0614482,108 13.7258554,51.0614503,108 13.7258333,51.0614521,108 13.7258087,51.0614534,108 13.7257813,51.0614541,108 13.7257515,51.0614537,108 13.7257210,51.0614523,108 13.7256917,51.0614498,108 13.7256646,51.0614466,108 13.7256401,51.0614429,108 13.7256184,51.0614389,108 13.7255987,51.0614348,108 13.7255801,51.0614303,108 13.7255622,51.0614256,108 13.7255446,51.0614204,108 13.7255272,51.0614148,108 13.7255100,51.0614087,108 13.7254932,51.0614023,108 13.7254773,51.0613957,108 13.7254626,51.0613891,108 13.7254488,51.0613824,108 13.7254358,51.0613757,108 13.7254233,51.0613688,108 13.7254110,51.0613616,108 13.7253987,51.0613539,108 13.7253865,51.0613457,108 13.7253742,51.0613369,108 13.7253618,51.0613273,108 13.7253496,51.0613171,108 13.7253376,51.0613063,108 13.7253262,51.0612949,108 13.7253154,51.0612832,108 13.7253053,51.0612712,108 13.7252962,51.0612591,108 13.7252880,51.0612471,108 13.7252809,51.0612352,108 13.7252748,51.0612239,108 13.7252697,51.0612132,108 13.7252653,51.0612029,108 13.7252616,51.0611928,108 13.7252584,51.0611827,108 13.7252557,51.0611725,108 13.7252535,51.0611618,108 13.7252517,51.0611508,108 13.7252506,51.0611397,108 13.7252500,51.0611284,108 13.7252500,51.0611170,108 13.7252507,51.0611055,108 13.7252521,51.0610938,108 13.7252541,51.0610819,108 13.7252569,51.0610700,108 13.7252603,51.0610583,108 13.7252642,51.0610471,108 13.7252686,51.0610362,108 13.7252737,51.0610253,108 13.7252793,51.0610145,108 13.7252856,51.0610038,108 13.7252924,51.0609933,108 13.7252999,51.0609828,108 13.7253083,51.0609722,108 13.7253176,51.0609614,108 13.7253278,51.0609504,108 13.7253390,51.0609394,108 13.7253512,51.0609285,108 13.7253643,51.0609177,108 13.7253781,51.0609073,108 13.7253924,51.0608973,108 13.7254072,51.0608878,108 13.7254225,51.0608787,108 13.7254380,51.0608702,108 13.7254536,51.0608623,108 13.7254692,51.0608550,108 13.7254848,51.0608482,108 13.7255007,51.0608418,108 13.7255166,51.0608359,108 13.7255337,51.0608300,108 13.7255525,51.0608236,108 13.7255714,51.0608172,108 13.7255908,51.0608107,108 13.7256105,51.0608040,108 13.7256300,51.0607974,108 13.7256492,51.0607908,108 13.7256686,51.0607843,108 13.7256885,51.0607775,108 13.7257087,51.0607706,108 13.7257288,51.0607639,108 13.7257484,51.0607572,108 13.7257677,51.0607507,108 13.7257865,51.0607443,108 13.7258049,51.0607380,108 13.7258229,51.0607319,108 13.7258407,51.0607259,108 13.7258585,51.0607199,108 13.7258764,51.0607138,108 13.7258944,51.0607077,108 13.7259126,51.0607015,108 13.7259311,51.0606953,108 13.7259498,51.0606889,108 13.7259688,51.0606825,108 13.7259877,51.0606761,108 13.7260063,51.0606697,108 13.7260245,51.0606636,108 13.7260423,51.0606575,108 13.7260600,51.0606515,108 13.7260777,51.0606455,108 13.7260958,51.0606394,108 13.7261143,51.0606331,108 13.7261330,51.0606268,108 13.7261518,51.0606204,108 13.7261705,51.0606141,108 13.7261887,51.0606079,108 13.7262066,51.0606018,108 13.7262235,51.0605961,108 13.7262394,51.0605907,108 13.7262546,51.0605855,108 13.7262694,51.0605805,108 13.7262840,51.0605755,108 13.7262989,51.0605705,108 13.7263143,51.0605653,108 13.7263300,51.0605599,108 13.7263459,51.0605546,108 13.7263614,51.0605493,108 13.7263766,51.0605442,108 13.7263915,51.0605391,108 13.7264062,51.0605341,108 13.7264209,51.0605291,108 13.7264356,51.0605241,108 13.7264504,51.0605191,108 13.7264650,51.0605142,108 13.7264784,51.0605096,108 13.7264914,51.0605052,108 13.7265012,51.0605019,108 13.7265105,51.0604987,108 13.7265227,51.0604946,108 13.7265429,51.0604877,108 13.7265738,51.0604773,108 13.7266142,51.0604642,108 13.7266655,51.0604511,108 13.7267254,51.0604405,108 13.7267901,51.0604343,108 13.7268558,51.0604331,108 13.7269196,51.0604370,108 13.7269802,51.0604453,108 13.7270370,51.0604576,108 13.7270895,51.0604733,108 13.7271376,51.0604920,108 13.7271813,51.0605133,108 13.7272204,51.0605369,108 13.7272552,51.0605626,108 13.7272857,51.0605905,108 13.7273117,51.0606205,108 13.7273333,51.0606533,108 13.7273496,51.0606883,108 13.7273598,51.0607249,108 13.7273634,51.0607624,108 13.7273602,51.0608002,108 13.7273500,51.0608376,108 13.7273333,51.0608737,108 13.7273104,51.0609082,108 13.7272815,51.0609407,108 13.7272470,51.0609709,108 13.7272075,51.0609984,108 13.7271639,51.0610227,108 13.7271168,51.0610436,108 13.7270667,51.0610614,108 13.7270158,51.0610786,108 13.7269653,51.0610958,108 13.7269154,51.0611127,108 13.7268663,51.0611294,108 13.7268177,51.0611458,108 13.7267696,51.0611621,108 13.7267220,51.0611783,108 13.7266745,51.0611944,108 13.7266270,51.0612105,108 13.7265791,51.0612268,108 13.7265307,51.0612432,108 13.7264819,51.0612597,108 13.7264329,51.0612763,108 13.7263836,51.0612931,108 13.7263342,51.0613098,108 13.7262848,51.0613265,108 13.7262355,51.0613433,108 13.7261862,51.0613600,108 13.7261368,51.0613767,108 13.7260875,51.0613935,108 13.7260379,51.0614103,108 13.7259884,51.0614259,108 13.7259372,51.0614382,108 13.7258844,51.0614470,108 13.7258307,51.0614523,108 13.7257767,51.0614541,108 13.7257227,51.0614524,108 13.7256697,51.0614473,108 13.7256185,51.0614389,108 13.7255702,51.0614278,108 13.7255253,51.0614141,108 13.7254836,51.0613983,108 13.7254451,51.0613805,108 13.7254096,51.0613608,108 13.7253765,51.0613386,108 13.7253462,51.0613142,108 13.7253191,51.0612874,108 13.7252959,51.0612587,108 13.7252772,51.0612285,108 13.7252632,51.0611973,108 13.7252542,51.0611654,108 13.7252501,51.0611328,108 13.7252513,51.0610999,108 13.7252577,51.0610670,108 13.7252692,51.0610348,108 13.7252856,51.0610038,108 13.7253064,51.0609744,108 13.7253318,51.0609464,108 13.7253616,51.0609198,108 13.7253962,51.0608948,108 13.7254350,51.0608718,108 13.7254779,51.0608511,108 13.7255241,51.0608333,108 13.7255749,51.0608161,108 13.7256256,51.0607989,108 13.7256761,51.0607817,108 13.7257258,51.0607649,108 13.7257745,51.0607483,108 13.7258227,51.0607320,108 13.7258704,51.0607158,108 13.7259180,51.0606997,108 13.7259654,51.0606836,108 13.7260125,51.0606676,108 13.7260592,51.0606518,108 13.7261059,51.0606359,108 13.7261530,51.0606200,108 13.7262006,51.0606038,108 13.7262485,51.0605876,108 13.7262966,51.0605713,108 13.7263450,51.0605549,108 13.7263938,51.0605383,108 13.7264427,51.0605217,108 13.7264918,51.0605051,108 13.7265407,51.0604885,108 13.7265896,51.0604719,108 13.7266390,51.0604574,108 13.7266910,51.0604460,108 13.7267449,51.0604381,108 13.7267997,51.0604338,108 13.7268547,51.0604331,108 13.7269092,51.0604360,108 13.7269623,51.0604424,108 13.7270137,51.0604520,108 13.7270628,51.0604648,108 13.7271092,51.0604805,108 13.7271527,51.0604989,108 13.7271931,51.0605200,108 13.7272300,51.0605434,108 13.7272631,51.0605693,108 13.7272919,51.0605971,108 13.7273163,51.0606267,108 13.7273358,51.0606578,108 13.7273503,51.0606901,108 13.7273595,51.0607234,108 13.7273633,51.0607575,108 13.7273614,51.0607924,108 13.7273535,51.0608276,108 13.7273394,51.0608624,108 13.7273191,51.0608963,108 13.7272928,51.0609290,108 13.7272610,51.0609595,108 13.7272245,51.0609874,108 13.7271841,51.0610121,108 13.7271401,51.0610338,108 13.7270933,51.0610523,108 13.7270426,51.0610695,108 13.7269921,51.0610867,108 13.7269423,51.0611036,108 13.7268930,51.0611203,108 13.7268439,51.0611369,108 13.7267948,51.0611536,108 13.7267453,51.0611704,108 13.7266954,51.0611873,108 13.7266452,51.0612043,108 13.7265950,51.0612213,108 13.7265452,51.0612382,108 13.7264959,51.0612550,108 13.7264471,51.0612715,108 13.7263987,51.0612879,108 13.7263508,51.0613042,108 13.7263034,51.0613203,108 13.7262566,51.0613361,108 13.7262102,51.0613518,108 13.7261643,51.0613674,108 13.7261188,51.0613828,108 13.7260737,51.0613982,108 13.7260285,51.0614135,108 13.7259832,51.0614273,108 13.7259360,51.0614384,108 13.7258871,51.0614466,108 13.7258369,51.0614519,108 13.7257859,51.0614540,108 13.7257343,51.0614530,108 13.7256831,51.0614489,108 13.7256328,51.0614416,108 13.7255843,51.0614314,108 13.7255383,51.0614184,108 13.7254946,51.0614028,108 13.7254529,51.0613844,108 13.7254137,51.0613632,108 13.7253778,51.0613396,108 13.7253457,51.0613137,108 13.7253178,51.0612860,108 13.7252946,51.0612569,108 13.7252763,51.0612268,108 13.7252628,51.0611961,108 13.7252541,51.0611649,108 13.7252502,51.0611335,108 13.7252510,51.0611022,108 13.7252566,51.0610712,108 13.7252669,51.0610402,108 13.7252821,51.0610096,108 13.7253022,51.0609798,108 13.7253272,51.0609510,108 13.7253572,51.0609234,108 13.7253924,51.0608973,108 13.7254325,51.0608731,108 13.7254773,51.0608514,108 13.7255261,51.0608326,108 13.7255791,51.0608146,108 13.7256317,51.0607968,108 13.7256837,51.0607791,108 13.7257350,51.0607618,108 13.7257851,51.0607448,108 13.7258341,51.0607281,108 13.7258823,51.0607118,108 13.7259299,51.0606956,108 13.7259776,51.0606795,108 13.7260257,51.0606631,108 13.7260742,51.0606467,108 13.7261230,51.0606302,108 13.7261719,51.0606136,108 13.7262204,51.0605971,108 13.7262684,51.0605808,108 13.7263162,51.0605646,108 13.7263640,51.0605484,108 13.7264122,51.0605321,108 13.7264604,51.0605157,108 13.7265089,51.0604993,108 13.7265576,51.0604827,108 13.7266064,51.0604665,108 13.7266565,51.0604531,108 13.7267083,51.0604430,108 13.7267614,51.0604364,108 13.7268157,51.0604332,108 13.7268702,51.0604336,108 13.7269239,51.0604374,108 13.7269760,51.0604446,108 13.7270260,51.0604549,108 13.7270736,51.0604681,108 13.7271187,51.0604842,108 13.7271614,51.0605030,108 13.7272013,51.0605248,108 13.7272383,51.0605495,108 13.7272714,51.0605767,108 13.7273005,51.0606066,108 13.7273248,51.0606391,108 13.7273435,51.0606734,108 13.7273562,51.0607089,108 13.7273626,51.0607447,108 13.7273627,51.0607804,108 13.7273568,51.0608157,108 13.7273447,51.0608508,108 13.7273264,51.0608853,108 13.7273021,51.0609184,108 13.7272723,51.0609494,108 13.7272379,51.0609778,108 13.7271993,51.0610034,108 13.7271569,51.0610261,108 13.7271118,51.0610455,108 13.7270632,51.0610626,108 13.7270126,51.0610797,108 13.7269628,51.0610966,108 13.7269133,51.0611134,108 13.7268641,51.0611301,108 13.7268154,51.0611466,108 13.7267672,51.0611630,108 13.7267194,51.0611792,108 13.7266719,51.0611953,108 13.7266239,51.0612115,108 13.7265758,51.0612279,108 13.7265280,51.0612441,108 13.7264807,51.0612601,108 13.7264341,51.0612759,108 13.7263880,51.0612916,108 13.7263419,51.0613072,108 13.7262957,51.0613229,108 13.7262497,51.0613385,108 13.7262043,51.0613538,108 13.7261596,51.0613690,108 13.7261148,51.0613842,108 13.7260705,51.0613993,108 13.7260279,51.0614137,108 13.7259920,51.0614249,108 13.7259597,51.0614333,108 13.7259322,51.0614391,108 13.7259095,51.0614432,108 13.7258905,51.0614461,108 13.7258740,51.0614483,108 13.7258585,51.0614500,108 13.7258435,51.0614513,108 13.7258281,51.0614525,108 13.7258106,51.0614534,108 13.7257902,51.0614540,108 13.7257671,51.0614540,108 13.7257423,51.0614534,108 13.7257161,51.0614519,108 13.7256892,51.0614496,108 13.7256620,51.0614462,108 13.7256349,51.0614420,108 13.7256084,51.0614369,108 13.7255820,51.0614308,108 13.7255566,51.0614240,108 13.7255319,51.0614164,108 13.7255076,51.0614078,108 13.7254834,51.0613982,108 13.7254591,51.0613874,108 13.7254354,51.0613755,108 13.7254131,51.0613628,108 13.7253922,51.0613496,108 13.7253724,51.0613356,108 13.7253537,51.0613206,108 13.7253362,51.0613049,108 13.7253199,51.0612883,108 13.7253050,51.0612708,108 13.7252917,51.0612526,108 13.7252800,51.0612337,108 13.7252700,51.0612141,108 13.7252620,51.0611940,108 13.7252560,51.0611734,108 13.7252520,51.0611525,108 13.7252501,51.0611315,108 13.7252503,51.0611105,108 13.7252527,51.0610897,108 13.7252570,51.0610694,108 13.7252632,51.0610497,108 13.7252711,51.0610306,108 13.7252807,51.0610121,108 13.7252921,51.0609939,108 13.7253052,51.0609760,108 13.7253200,51.0609586,108 13.7253369,51.0609415,108 13.7253557,51.0609247,108 13.7253767,51.0609083,108 13.7253998,51.0608924,108 13.7254248,51.0608774,108 13.7254514,51.0608634,108 13.7254794,51.0608505,108 13.7255084,51.0608389,108 13.7255396,51.0608280,108 13.7255735,51.0608165,108 13.7256071,51.0608051,108 13.7256403,51.0607939,108 13.7256737,51.0607825,108 13.7257072,51.0607712,108 13.7257408,51.0607598,108 13.7257745,51.0607484,108 13.7258081,51.0607370,108 13.7258416,51.0607256,108 13.7258750,51.0607143,108 13.7259085,51.0607029,108 13.7259424,51.0606914,108 13.7259765,51.0606798,108 13.7260108,51.0606682,108 13.7260451,51.0606566,108 13.7260795,51.0606449,108 13.7261139,51.0606332,108 13.7261483,51.0606216,108 13.7261826,51.0606099,108 13.7262168,51.0605983,108 13.7262507,51.0605868,108 13.7262848,51.0605753,108 13.7263192,51.0605636,108 13.7263537,51.0605519,108 13.7263877,51.0605404,108 13.7264214,51.0605290,108 13.7264554,51.0605174,108 13.7264902,51.0605056,108 13.7265268,51.0604932,108 13.7265656,51.0604801,108 13.7266067,51.0604664,108 13.7266516,51.0604542,108 13.7267017,51.0604441,108 13.7267560,51.0604369,108 13.7268126,51.0604333,108 13.7268698,51.0604335,108 13.7269260,51.0604376,108 13.7269799,51.0604453,108 13.7270313,51.0604562,108 13.7270795,51.0604700,108 13.7271244,51.0604864,108 13.7271657,51.0605052,108 13.7272033,51.0605260,108 13.7272373,51.0605487,108 13.7272674,51.0605731,108 13.7272938,51.0605991,108 13.7273164,51.0606268,108 13.7273350,51.0606562,108 13.7273493,51.0606874,108 13.7273589,51.0607201,108 13.7273632,51.0607541,108 13.7273618,51.0607893,108 13.7273540,51.0608259,108 13.7273392,51.0608628,108 13.7273172,51.0608990,108 13.7272885,51.0609335,108 13.7272533,51.0609659,108 13.7272127,51.0609951,108 13.7271677,51.0610208,108 13.7271194,51.0610426,108 13.7270685,51.0610608,108 13.7270159,51.0610786,108 13.7269642,51.0610961,108 13.7269133,51.0611134,108 13.7268632,51.0611304,108 13.7268137,51.0611472,108 13.7267647,51.0611638,108 13.7267156,51.0611805,108 13.7266657,51.0611974,108 13.7266153,51.0612145,108 13.7265644,51.0612317,108 13.7265135,51.0612490,108 13.7264628,51.0612662,108 13.7264124,51.0612833,108 13.7263624,51.0613002,108 13.7263126,51.0613171,108 13.7262629,51.0613340,108 13.7262131,51.0613509,108 13.7261635,51.0613677,108 13.7261136,51.0613846,108 13.7260635,51.0614016,108 13.7260133,51.0614185,108 13.7259612,51.0614329,108 13.7259076,51.0614436,108 13.7258531,51.0614505,108 13.7257986,51.0614538,108 13.7257451,51.0614535,108 13.7256930,51.0614500,108 13.7256426,51.0614433,108 13.7255939,51.0614337,108 13.7255470,51.0614211,108 13.7255024,51.0614059,108 13.7254606,51.0613881,108 13.7254217,51.0613679,108 13.7253859,51.0613453,108 13.7253536,51.0613206,108 13.7253253,51.0612940,108 13.7253010,51.0612656,108 13.7252813,51.0612359,108 13.7252663,51.0612053,108 13.7252562,51.0611746,108 13.7252509,51.0611439,108 13.7252502,51.0611132,108 13.7252540,51.0610826,108 13.7252623,51.0610523,108 13.7252752,51.0610223,108 13.7252927,51.0609930,108 13.7253146,51.0609647,108 13.7253409,51.0609377,108 13.7253717,51.0609120,108 13.7254068,51.0608880,108 13.7254459,51.0608661,108 13.7254886,51.0608466,108 13.7255343,51.0608298,108 13.7255833,51.0608132,108 13.7256316,51.0607968,108 13.7256794,51.0607806,108 13.7257270,51.0607645,108 13.7257744,51.0607484,108 13.7258219,51.0607323,108 13.7258695,51.0607161,108 13.7259176,51.0606998,108 13.7259662,51.0606833,108 13.7260150,51.0606668,108 13.7260643,51.0606501,108 13.7261140,51.0606332,108 13.7261635,51.0606164,108 13.7262123,51.0605999,108 13.7262605,51.0605835,108 13.7263080,51.0605674,108 13.7263546,51.0605516,108 13.7264010,51.0605359,108 13.7264477,51.0605200,108 13.7264949,51.0605040,108 13.7265426,51.0604879,108 13.7265904,51.0604716,108 13.7266379,51.0604576,108 13.7266873,51.0604467,108 13.7267376,51.0604389,108 13.7267882,51.0604344,108 13.7268386,51.0604329,108 13.7268884,51.0604345,108 13.7269374,51.0604389,108 13.7269849,51.0604462,108 13.7270307,51.0604560,108 13.7270749,51.0604685,108 13.7271172,51.0604835,108 13.7271571,51.0605010,108 13.7271942,51.0605206,108 13.7272285,51.0605424,108 13.7272598,51.0605665,108 13.7272877,51.0605926,108 13.7273117,51.0606205,108 13.7273315,51.0606500,108 13.7273466,51.0606805,108 13.7273569,51.0607118,108 13.7273625,51.0607441,108 13.7273629,51.0607776,108 13.7273578,51.0608117,108 13.7273464,51.0608470,108 13.7273282,51.0608825,108 13.7273035,51.0609167,108 13.7272733,51.0609486,108 13.7272387,51.0609772,108 13.7272007,51.0610026,108 13.7271599,51.0610247,108 13.7271169,51.0610436,108 13.7270715,51.0610597,108 13.7270245,51.0610757,108 13.7269779,51.0610915,108 13.7269313,51.0611073,108 13.7268847,51.0611231,108 13.7268377,51.0611390,108 13.7267904,51.0611551,108 13.7267427,51.0611713,108 13.7266948,51.0611875,108 13.7266468,51.0612038,108 13.7265984,51.0612202,108 13.7265499,51.0612367,108 13.7265013,51.0612531,108 13.7264524,51.0612697,108 13.7264031,51.0612864,108 13.7263534,51.0613033,108 13.7263032,51.0613203,108 13.7262526,51.0613375,108 13.7262016,51.0613548,108 13.7261505,51.0613721,108 13.7260992,51.0613895,108 13.7260474,51.0614071,108 13.7259961,51.0614237,108 13.7259432,51.0614369,108 13.7258884,51.0614464,108 13.7258330,51.0614521,108 13.7257772,51.0614541,108 13.7257221,51.0614524,108 13.7256682,51.0614471,108 13.7256163,51.0614385,108 13.7255667,51.0614268,108 13.7255197,51.0614122,108 13.7254757,51.0613950,108 13.7254345,51.0613750,108 13.7253957,51.0613519,108 13.7253598,51.0613257,108 13.7253281,51.0612969,108 13.7253013,51.0612660,108 13.7252800,51.0612337,108 13.7252647,51.0612012,108 13.7252549,51.0611690,108 13.7252504,51.0611375,108 13.7252506,51.0611065,108 13.7252554,51.0610761,108 13.7252644,51.0610464,108 13.7252777,51.0610176,108 13.7252950,51.0609896,108 13.7253167,51.0609623,108 13.7253430,51.0609357,108 13.7253742,51.0609101,108 13.7254100,51.0608860,108 13.7254500,51.0608640,108 13.7254944,51.0608443,108 13.7255433,51.0608268,108 13.7255960,51.0608089,108 13.7256484,51.0607911,108 13.7257003,51.0607735,108 13.7257516,51.0607561,108 13.7258020,51.0607390,108 13.7258519,51.0607221,108 13.7259009,51.0607055,108 13.7259490,51.0606892,108 13.7259965,51.0606731,108 13.7260436,51.0606571,108 13.7260910,51.0606410,108 13.7261386,51.0606249,108 13.7261864,51.0606086,108 13.7262344,51.0605924,108 13.7262824,51.0605761,108 13.7263302,51.0605599,108 13.7263774,51.0605439,108 13.7264242,51.0605280,108 13.7264703,51.0605124,108 13.7265160,51.0604969,108 13.7265615,51.0604814,108 13.7266061,51.0604666,108 13.7266510,51.0604544,108 13.7266976,51.0604448,108 13.7267451,51.0604380,108 13.7267935,51.0604341,108 13.7268427,51.0604329,108 13.7268924,51.0604347,108 13.7269419,51.0604395,108 13.7269906,51.0604472,108 13.7270377,51.0604578,108 13.7270829,51.0604711,108 13.7271262,51.0604872,108 13.7271674,51.0605061,108 13.7272060,51.0605277,108 13.7272416,51.0605519,108 13.7272734,51.0605785,108 13.7273008,51.0606071,108 13.7273236,51.0606373,108 13.7273414,51.0606689,108 13.7273543,51.0607023,108 13.7273619,51.0607380,108 13.7273631,51.0607743,108 13.7273581,51.0608102,108 13.7273471,51.0608453,108 13.7273300,51.0608794,108 13.7273073,51.0609120,108 13.7272795,51.0609426,108 13.7272470,51.0609709,108 13.7272100,51.0609968,108 13.7271690,51.0610201,108 13.7271248,51.0610404,108 13.7270773,51.0610578,108 13.7270263,51.0610751,108 13.7269754,51.0610923,108 13.7269248,51.0611095,108 13.7268743,51.0611266,108 13.7268237,51.0611438,108 13.7267728,51.0611611,108 13.7267214,51.0611785,108 13.7266698,51.0611960,108 13.7266180,51.0612135,108 13.7265661,51.0612312,108 13.7265145,51.0612487,108 13.7264637,51.0612659,108 13.7264140,51.0612827,108 13.7263650,51.0612993,108 13.7263166,51.0613158,108 13.7262687,51.0613320,108 13.7262210,51.0613482,108 13.7261739,51.0613642,108 13.7261276,51.0613799,108 13.7260831,51.0613950,108 13.7260419,51.0614089,108 13.7260077,51.0614203,108 13.7259795,51.0614283,108 13.7259559,51.0614341,108 13.7259360,51.0614384,108 13.7259189,51.0614416,108 13.7259033,51.0614442,108 13.7258882,51.0614465,108 13.7258735,51.0614483,108 13.7258591,51.0614499,108 13.7258448,51.0614512,108 13.7258306,51.0614523,108 13.7258163,51.0614531,108 13.7258015,51.0614537,108 13.7257862,51.0614540,108 13.7257703,51.0614541,108 13.7257538,51.0614538,108 13.7257369,51.0614532,108 13.7257202,51.0614522,108 13.7257036,51.0614509,108 13.7256870,51.0614493,108 13.7256708,51.0614474,108 13.7256553,51.0614453,108 13.7256404,51.0614429,108 13.7256256,51.0614403,108 13.7256109,51.0614374,108 13.7255960,51.0614342,108 13.7255810,51.0614306,108 13.7255660,51.0614266,108 13.7255509,51.0614223,108 13.7255357,51.0614176,108 13.7255210,51.0614127,108 13.7255072,51.0614077,108 13.7254945,51.0614028,108 13.7254824,51.0613978,108 13.7254705,51.0613926,108 13.7254592,51.0613874,108 13.7254482,51.0613821,108 13.7254372,51.0613764,108 13.7254259,51.0613703,108 13.7254147,51.0613638,108 13.7254037,51.0613571,108 13.7253931,51.0613502,108 13.7253831,51.0613434,108 13.7253735,51.0613364,108 13.7253642,51.0613293,108 13.7253552,51.0613219,108 13.7253463,51.0613142,108 13.7253378,51.0613064,108 13.7253299,51.0612987,108 13.7253224,51.0612909,108 13.7253149,51.0612827,108 13.7253074,51.0612738,108 13.7253001,51.0612644,108 13.7252931,51.0612546,108 13.7252865,51.0612446,108 13.7252803,51.0612342,108 13.7252745,51.0612234,108 13.7252693,51.0612124,108 13.7252647,51.0612012,108 13.7252607,51.0611901,108 13.7252574,51.0611791,108 13.7252548,51.0611683,108 13.7252528,51.0611580,108 13.7252514,51.0611481,108 13.7252505,51.0611386,108 13.7252500,51.0611295,108 13.7252500,51.0611206,108 13.7252503,51.0611115,108 13.7252510,51.0611022,108 13.7252522,51.0610925,108 13.7252541,51.0610819,108 13.7252568,51.0610704,108 13.7252601,51.0610587,108 13.7252642,51.0610470,108 13.7252689,51.0610356,108 13.7252740,51.0610246,108 13.7252797,51.0610139,108 13.7252858,51.0610036,108 13.7252921,51.0609938,108 13.7252990,51.0609841,108 13.7253066,51.0609742,108 13.7253152,51.0609641,108 13.7253244,51.0609540,108 13.7253339,51.0609444,108 13.7253436,51.0609352,108 13.7253535,51.0609265,108 13.7253637,51.0609182,108 13.7253745,51.0609099,108 13.7253857,51.0609019,108 13.7253970,51.0608943,108 13.7254084,51.0608870,108 13.7254202,51.0608800,108 13.7254327,51.0608730,108 13.7254458,51.0608662,108 13.7254591,51.0608596,108 13.7254724,51.0608535,108 13.7254858,51.0608478,108 13.7254996,51.0608422,108 13.7255138,51.0608369,108 13.7255289,51.0608317,108 13.7255462,51.0608258,108 13.7255635,51.0608199,108 13.7255810,51.0608140,108 13.7255986,51.0608080,108 13.7256162,51.0608020,108 13.7256337,51.0607961,108 13.7256508,51.0607903,108 13.7256675,51.0607846,108 13.7256840,51.0607790,108 13.7257005,51.0607734,108 13.7257169,51.0607679,108 13.7257330,51.0607624,108 13.7257488,51.0607571,108 13.7257645,51.0607517,108 13.7257802,51.0607464,108 13.7257963,51.0607410,108 13.7258130,51.0607353,108 13.7258305,51.0607294,108 13.7258485,51.0607233,108 13.7258668,51.0607171,108 13.7258850,51.0607109,108 13.7259029,51.0607048,108 13.7259205,51.0606988,108 13.7259378,51.0606930,108 13.7259554,51.0606870,108 13.7259733,51.0606809,108 13.7259907,51.0606750,108 13.7260074,51.0606694,108 13.7260235,51.0606639,108 13.7260395,51.0606585,108 13.7260557,51.0606530,108 13.7260721,51.0606474,108 13.7260885,51.0606419,108 13.7261049,51.0606363,108 13.7261215,51.0606306,108 13.7261383,51.0606250,108 13.7261549,51.0606193,108 13.7261715,51.0606137,108 13.7261879,51.0606081,108 13.7262041,51.0606026,108 13.7262201,51.0605972,108 13.7262354,51.0605920,108 13.7262495,51.0605872,108 13.7262623,51.0605829,108 13.7262743,51.0605788,108 13.7262866,51.0605747,108 13.7262996,51.0605703,108 13.7263133,51.0605656,108 13.7263276,51.0605608,108 13.7263421,51.0605558,108 13.7263570,51.0605508,108 13.7263722,51.0605456,108 13.7263875,51.0605404,108 13.7264026,51.0605353,108 13.7264170,51.0605304,108 13.7264307,51.0605258,108 13.7264443,51.0605212,108 13.7264580,51.0605165,108 13.7264714,51.0605120,108 13.7264845,51.0605075,108 13.7264964,51.0605035,108 13.7264986,51.0605028,108 13.7264984,51.0605028,108 13.7264963,51.0605035,108 13.7264923,51.0605049,108 13.7264855,51.0605072,108 13.7264751,51.0605107,108 13.7264605,51.0605157,108 13.7264417,51.0605221,108 13.7264192,51.0605297,108 13.7263940,51.0605382,108 13.7263668,51.0605475,108 13.7263385,51.0605571,108 13.7263098,51.0605668,108 13.7262816,51.0605764,108 13.7262536,51.0605859,108 13.7262257,51.0605953,108 13.7261976,51.0606048,108 13.7261695,51.0606144,108 13.7261413,51.0606239,108 13.7261130,51.0606335,108 13.7260846,51.0606432,108 13.7260562,51.0606528,108 13.7260279,51.0606624,108 13.7259997,51.0606720,108 13.7259718,51.0606814,108 13.7259443,51.0606908,108 13.7259169,51.0607000,108 13.7258896,51.0607093,108 13.7258620,51.0607187,108 13.7258343,51.0607281,108 13.7258062,51.0607376,108 13.7257778,51.0607472,108 13.7257492,51.0607569,108 13.7257201,51.0607668,108 13.7256906,51.0607768,108 13.7256604,51.0607870,108 13.7256301,51.0607973,108 13.7255998,51.0608076,108 13.7255698,51.0608178,108 13.7255401,51.0608279,108 13.7255126,51.0608373,108 13.7254876,51.0608470,108 13.7254634,51.0608576,108 13.7254403,51.0608690,108 13.7254183,51.0608811,108 13.7253977,51.0608938,108 13.7253783,51.0609071,108 13.7253603,51.0609209,108 13.7253438,51.0609350,108 13.7253287,51.0609495,108 13.7253150,51.0609642,108 13.7253027,51.0609792,108 13.7252914,51.0609948,108 13.7252816,51.0610106,108 13.7252729,51.0610268,108 13.7252657,51.0610433,108 13.7252598,51.0610598,108 13.7252553,51.0610764,108 13.7252522,51.0610930,108 13.7252504,51.0611093,108 13.7252499,51.0611249,108 13.7252506,51.0611402,108 13.7252523,51.0611551,108 13.7252551,51.0611699,108 13.7252589,51.0611842,108 13.7252634,51.0611979,108 13.7252688,51.0612112,108 13.7252749,51.0612241,108 13.7252820,51.0612372,108 13.7252903,51.0612506,108 13.7253000,51.0612643,108 13.7253112,51.0612783,108 13.7253240,51.0612926,108 13.7253384,51.0613070,108 13.7253547,51.0613215,108 13.7253727,51.0613358,108 13.7253925,51.0613498,108 13.7254145,51.0613637,108 13.7254388,51.0613773,108 13.7254647,51.0613900,108 13.7254914,51.0614015,108 13.7255186,51.0614118,108 13.7255462,51.0614209,108 13.7255740,51.0614288,108 13.7256021,51.0614355,108 13.7256305,51.0614412,108 13.7256591,51.0614458,108 13.7256878,51.0614494,108 13.7257167,51.0614520,108 13.7257455,51.0614535,108 13.7257735,51.0614541,108 13.7258007,51.0614537,108 13.7258273,51.0614525,108 13.7258539,51.0614504,108 13.7258804,51.0614475,108 13.7259068,51.0614437,108 13.7259336,51.0614389,108 13.7259606,51.0614330,108 13.7259873,51.0614262,108 13.7260138,51.0614183,108 13.7260441,51.0614082,108 13.7260780,51.0613967,108 13.7261115,51.0613853,108 13.7261442,51.0613742,108 13.7261763,51.0613634,108 13.7262080,51.0613526,108 13.7262394,51.0613420,108 13.7262704,51.0613314,108 13.7263015,51.0613209,108 13.7263330,51.0613102,108 13.7263647,51.0612994,108 13.7263967,51.0612886,108 13.7264282,51.0612779,108 13.7264590,51.0612675,108 13.7264892,51.0612572,108 13.7265185,51.0612473,108 13.7265472,51.0612376,108 13.7265754,51.0612280,108 13.7266032,51.0612186,108 13.7266311,51.0612091,108 13.7266593,51.0611996,108 13.7266877,51.0611899,108 13.7267161,51.0611803,108 13.7267448,51.0611706,108 13.7267737,51.0611607,108 13.7268028,51.0611509,108 13.7268320,51.0611410,108 13.7268617,51.0611309,108 13.7268917,51.0611207,108 13.7269219,51.0611105,108 13.7269522,51.0611002,108 13.7269821,51.0610901,108 13.7270118,51.0610800,108 13.7270414,51.0610700,108 13.7270712,51.0610599,108 13.7270987,51.0610504,108 13.7271229,51.0610411,108 13.7271465,51.0610310,108 13.7271694,51.0610199,108 13.7271916,51.0610079,108 13.7272129,51.0609950,108 13.7272333,51.0609812,108 13.7272527,51.0609664,108 13.7272711,51.0609506,108 13.7272881,51.0609339,108 13.7273039,51.0609163,108 13.7273181,51.0608978,108 13.7273304,51.0608787,108 13.7273409,51.0608593,108 13.7273492,51.0608398,108 13.7273555,51.0608206,108 13.7273600,51.0608014,108 13.7273626,51.0607823,108 13.7273634,51.0607630,108 13.7273625,51.0607434,108 13.7273597,51.0607240,108 13.7273551,51.0607048,108 13.7273487,51.0606857,108 13.7273405,51.0606669,108 13.7273308,51.0606489,108 13.7273197,51.0606315,108 13.7273070,51.0606145,108 13.7272926,51.0605978,108 13.7272764,51.0605814,108 13.7272588,51.0605656,108 13.7272398,51.0605506,108 13.7272197,51.0605364,108 13.7271987,51.0605232,108 13.7271768,51.0605109,108 13.7271545,51.0604997,108 13.7271318,51.0604895,108 13.7271087,51.0604803,108 13.7270850,51.0604718,108 13.7270607,51.0604642,108 13.7270353,51.0604572,108 13.7270086,51.0604509,108 13.7269805,51.0604454,108</coordinates>
   </LineString>
  </Placemark>
  <Folder>
   <name>Laps</name>
   <description>Laps,start and end split recorder in the activity.</description>
   <Placemark>
    <name>Start</name>
    <description>&lt;table width = &quot;320&quot;&gt;&lt;tr&gt;&lt;td colspan=&quot;2&quot;&gt; &lt;/td&gt;&lt;/tr&gt;&lt;tr&gt;&lt;td colspan=&quot;2&quot;&gt;2026-06-29 18:33:35&lt;/td&gt;&lt;/tr&gt;&lt;tr&gt;&lt;td colspan=&quot;2&quot;&gt;&lt;/td&gt;&lt;/tr&gt;&lt;tr&gt;&lt;td&gt;Activity Type:&lt;/td&gt;&lt;td&gt;cycling&lt;/td&gt;&lt;/tr&gt;&lt;tr&gt;&lt;td&gt;Event type:&lt;/td&gt;&lt;td&gt;uncategorized&lt;/td&gt;&lt;/tr&gt;&lt;tr&gt;&lt;td&gt;GetDistance:&lt;/td&gt;&lt;td&gt;10848Meters&lt;/td&gt;&lt;/tr&gt;&lt;tr&gt;&lt;td&gt;Time :&lt;/td&gt;&lt;td&gt;3656&lt;/td&gt;&lt;/tr&gt;&lt;tr&gt;&lt;td&gt;Calorie :&lt;/td&gt;&lt;td&gt;&lt;/td&gt;&lt;/tr&gt;&lt;tr&gt;&lt;td colspan=&quot;2&quot;&gt;&lt;/td&gt;&lt;/tr&gt;&lt;/table&gt;</description>
    <Style>
     <IconStyle>
      <scale>1.0</scale>
      <Icon>
       <href>http://maps.google.com/mapfiles/kml/paddle/grn-square.png</href>
      </Icon>
      <hotSpot x="0.45" xuints="fraction" y="0.0" yuints="fraction"/>
     </IconStyle>
    </Style>
    <Point>
     <coordinates>13.7263057 51.0608083</coordinates>
    </Point>
   </Placemark>
   <Placemark>
    <name>Lap 1</name>
    <description>&lt;table width = &quot;320&quot;&gt;&lt;tr&gt;&lt;td&gt;Time:&lt;/td&gt;&lt;td&gt;395&lt;/td&gt;&lt;/tr&gt;&lt;tr&gt;&lt;td&gt;GetDistance:&lt;/td&gt;&lt;td&gt;1000Meters &lt;/td&gt;&lt;/tr&gt;&lt;tr&gt;&lt;td&gt;Elevation Gain:&lt;/td&gt;&lt;td&gt;33.0 Meters &lt;/td&gt;&lt;/tr&gt;&lt;/table&gt;</description>
    <Style>
     <IconStyle>
      <scale>1.0</scale>
      <Icon>
       <href>http://maps.google.com/mapfiles/kml/shapes/flag.png</href>
      </Icon>
      <hotSpot x="0.45" xuints="fraction" y="0.0" yuints="fraction"/>
     </IconStyle>
    </Style>
    <Point>
     <coordinates>13.7263057 51.0608083</coordinates>
    </Point>
   </Placemark>
   <Placemark>
    <name>Lap 2</name>
    <description>&lt;table width = &quot;320&quot;&gt;&lt;tr&gt;&lt;td&gt;Time:&lt;/td&gt;&lt;td&gt;361&lt;/td&gt;&lt;/tr&gt;&lt;tr&gt;&lt;td&gt;GetDistance:&lt;/td&gt;&lt;td&gt;1000Meters &lt;/td&gt;&lt;/tr&gt;&lt;tr&gt;&lt;td&gt;Elevation Gain:&lt;/td&gt;&lt;td&gt;33.0 Meters &lt;/td&gt;&lt;/tr&gt;&lt;/table&gt;</description>
    <Style>
     <IconStyle>
      <scale>1.0</scale>
      <Icon>
       <href>http://maps.google.com/mapfiles/kml/shapes/flag.png</href>
      </Icon>
      <hotSpot x="0.45" xuints="fraction" y="0.0" yuints="fraction"/>
     </IconStyle>
    </Style>
    <Point>
     <coordinates>13.7172368 51.0652119</coordinates>
    </Point>
   </Placemark>
   <Placemark>
    <name>Lap 3</name>
    <description>&lt;table width = &quot;320&quot;&gt;&lt;tr&gt;&lt;td&gt;Time:&lt;/td&gt;&lt;td&gt;360&lt;/td&gt;&lt;/tr&gt;&lt;tr&gt;&lt;td&gt;GetDistance:&lt;/td&gt;&lt;td&gt;1000Meters &lt;/td&gt;&lt;/tr&gt;&lt;tr&gt;&lt;td&gt;Elevation Gain:&lt;/td&gt;&lt;td&gt;33.0 Meters &lt;/td&gt;&lt;/tr&gt;&lt;/table&gt;</description>
    <Style>
     <IconStyle>
      <scale>1.0</scale>
      <Icon>
       <href>http://maps.google.com/mapfiles/kml/shapes/flag.png</href>
      </Icon>
      <hotSpot x="0.45" xuints="fraction" y="0.0" yuints="fraction"/>
     </IconStyle>
    </Style>
    <Point>
     <coordinates>13.7220466 51.0670873</coordinates>
    </Point>
   </Placemark>
   <Placemark>
    <name>Lap 4</name>
    <description>&lt;table width = &quot;320&quot;&gt;&lt;tr&gt;&lt;td&gt;Time:&lt;/td&gt;&lt;td&gt;77&lt;/td&gt;&lt;/tr&gt;&lt;tr&gt;&lt;td&gt;GetDistance:&lt;/td&gt;&lt;td&gt;283Meters &lt;/td&gt;&lt;/tr&gt;&lt;tr&gt;&lt;td&gt;Elevation Gain:&lt;/td&gt;&lt;td&gt;33.0 Meters &lt;/td&gt;&lt;/tr&gt;&lt;/table&gt;</description>
    <Style>
     <IconStyle>
      <scale>1.0</scale>
      <Icon>
       <href>http://maps.google.com/mapfiles/kml/shapes/flag.png</href>
      </Icon>
      <hotSpot x="0.45" xuints="fraction" y="0.0" yuints="fraction"/>
     </IconStyle>
    </Style>
    <Point>
     <coordinates>13.7271682 51.0599394</coordinates>
    </Point>
   </Placemark>
   <Placemark>
    <name>Lap 5</name>
    <description>&lt;table width = &quot;320&quot;&gt;&lt;tr&gt;&lt;td&gt;Time:&lt;/td&gt;&lt;td&gt;267&lt;/td&gt;&lt;/tr&gt;&lt;tr&gt;&lt;td&gt;GetDistance:&lt;/td&gt;&lt;td&gt;998Meters &lt;/td&gt;&lt;/tr&gt;&lt;tr&gt;&lt;td&gt;Elevation Gain:&lt;/td&gt;&lt;td&gt;33.0 Meters &lt;/td&gt;&lt;/tr&gt;&lt;/table&gt;</description>
    <Style>
     <IconStyle>
      <scale>1.0</scale>
      <Icon>
       <href>http://maps.google.com/mapfiles/kml/shapes/flag.png</href>
      </Icon>
      <hotSpot x="0.45" xuints="fraction" y="0.0" yuints="fraction"/>
     </IconStyle>
    </Style>
    <Point>
     <coordinates>13.7265953 51.0604691</coordinates>
    </Point>
   </Placemark>
   <Placemark>
    <name>Lap 6</name>
    <description>&lt;table width = &quot;320&quot;&gt;&lt;tr&gt;&lt;td&gt;Time:&lt;/td&gt;&lt;td&gt;78&lt;/td&gt;&lt;/tr&gt;&lt;tr&gt;&lt;td&gt;GetDistance:&lt;/td&gt;&lt;td&gt;194Meters &lt;/td&gt;&lt;/tr&gt;&lt;tr&gt;&lt;td&gt;Elevation Gain:&lt;/td&gt;&lt;td&gt;33.0 Meters &lt;/td&gt;&lt;/tr&gt;&lt;/table&gt;</description>
    <Style>
     <IconStyle>
      <scale>1.0</scale>
      <Icon>
       <href>http://maps.google.com/mapfiles/kml/shapes/flag.png</href>
      </Icon>
      <hotSpot x="0.45" xuints="fraction" y="0.0" yuints="fraction"/>
     </IconStyle>
    </Style>
    <Point>
     <coordinates>13.7261214 51.0613820</coordinates>
    </Point>
   </Placemark>
   <Placemark>
    <name>Lap 7</name>
    <description>&lt;table width = &quot;320&quot;&gt;&lt;tr&gt;&lt;td&gt;Time:&lt;/td&gt;&lt;td&gt;261&lt;/td&gt;&lt;/tr&gt;&lt;tr&gt;&lt;td&gt;GetDistance:&lt;/td&gt;&lt;td&gt;1000Meters &lt;/td&gt;&lt;/tr&gt;&lt;tr&gt;&lt;td&gt;Elevation Gain:&lt;/td&gt;&lt;td&gt;33.0 Meters &lt;/td&gt;&lt;/tr&gt;&lt;/table&gt;</description>
    <Style>
     <IconStyle>
      <scale>1.0</scale>
      <Icon>
       <href>http://maps.google.com/mapfiles/kml/shapes/flag.png</href>
      </Icon>
      <hotSpot x="0.45" xuints="fraction" y="0.0" yuints="fraction"/>
     </IconStyle>
    </Style>
    <Point>
     <coordinates>13.7264737 51.0605112</coordinates>
    </Point>
   </Placemark>
   <Placemark>
    <name>Lap 8</name>
    <description>&lt;table width = &quot;320&quot;&gt;&lt;tr&gt;&lt;td&gt;Time:&lt;/td&gt;&lt;td&gt;79&lt;/td&gt;&lt;/tr&gt;&lt;tr&gt;&lt;td&gt;GetDistance:&lt;/td&gt;&lt;td&gt;202Meters &lt;/td&gt;&lt;/tr&gt;&lt;tr&gt;&lt;td&gt;Elevation Gain:&lt;/td&gt;&lt;td&gt;33.0 Meters &lt;/td&gt;&lt;/tr&gt;&lt;/table&gt;</description>
    <Style>
     <IconStyle>
      <scale>1.0</scale>
      <Icon>
       <href>http://maps.google.com/mapfiles/kml/shapes/flag.png</href>
      </Icon>
      <hotSpot x="0.45" xuints="fraction" y="0.0" yuints="fraction"/>
     </IconStyle>
    </Style>
    <Point>
     <coordinates>13.7262155 51.0613501</coordinates>
    </Point>
   </Placemark>
   <Placemark>
    <name>Lap 9</name>
    <description>&lt;table width = &quot;320&quot;&gt;&lt;tr&gt;&lt;td&gt;Time:&lt;/td&gt;&lt;td&gt;259&lt;/td&gt;&lt;/tr&gt;&lt;tr&gt;&lt;td&gt;GetDistance:&lt;/td&gt;&lt;td&gt;1000Meters &lt;/td&gt;&lt;/tr&gt;&lt;tr&gt;&lt;td&gt;Elevation Gain:&lt;/td&gt;&lt;td&gt;33.0 Meters &lt;/td&gt;&lt;/tr&gt;&lt;/table&gt;</description>
    <Style>
     <IconStyle>
      <scale>1.0</scale>
      <Icon>
       <href>http://maps.google.com/mapfiles/kml/shapes/flag.png</href>
      </Icon>
      <hotSpot x="0.45" xuints="fraction" y="0.0" yuints="fraction"/>
     </IconStyle>
    </Style>
    <Point>
     <coordinates>13.7264957 51.0605038</coordinates>
    </Point>
   </Placemark>
   <Placemark>
    <name>Lap 10</name>
    <description>&lt;table width = &quot;320&quot;&gt;&lt;tr&gt;&lt;td&gt;Time:&lt;/td&gt;&lt;td&gt;78&lt;/td&gt;&lt;/tr&gt;&lt;tr&gt;&lt;td&gt;GetDistance:&lt;/td&gt;&lt;td&gt;197Meters &lt;/td&gt;&lt;/tr&gt;&lt;tr&gt;&lt;td&gt;Elevation Gain:&lt;/td&gt;&lt;td&gt;33.0 Meters &lt;/td&gt;&lt;/tr&gt;&lt;/table&gt;</description>
    <Style>
     <IconStyle>
      <scale>1.0</scale>
      <Icon>
       <href>http://maps.google.com/mapfiles/kml/shapes/flag.png</href>
      </Icon>
      <hotSpot x="0.45" xuints="fraction" y="0.0" yuints="fraction"/>
     </IconStyle>
    </Style>
    <Point>
     <coordinates>13.7261839 51.0613608</coordinates>
    </Point>
   </Placemark>
   <Placemark>
    <name>Lap 11</name>
    <description>&lt;table width = &quot;320&quot;&gt;&lt;tr&gt;&lt;td&gt;Time:&lt;/td&gt;&lt;td&gt;264&lt;/td&gt;&lt;/tr&gt;&lt;tr&gt;&lt;td&gt;GetDistance:&lt;/td&gt;&lt;td&gt;1000Meters &lt;/td&gt;&lt;/tr&gt;&lt;tr&gt;&lt;td&gt;Elevation Gain:&lt;/td&gt;&lt;td&gt;33.0 Meters &lt;/td&gt;&lt;/tr&gt;&lt;/table&gt;</description>
    <Style>
     <IconStyle>
      <scale>1.0</scale>
      <Icon>
       <href>http://maps.google.com/mapfiles/kml/shapes/flag.png</href>
      </Icon>
      <hotSpot x="0.45" xuints="fraction" y="0.0" yuints="fraction"/>
     </IconStyle>
    </Style>
    <Point>
     <coordinates>13.7264540 51.0605179</coordinates>
    </Point>
   </Placemark>
   <Placemark>
    <name>Lap 12</name>
    <description>&lt;table width = &quot;320&quot;&gt;&lt;tr&gt;&lt;td&gt;Time:&lt;/td&gt;&lt;td&gt;182&lt;/td&gt;&lt;/tr&gt;&lt;tr&gt;&lt;td&gt;GetDistance:&lt;/td&gt;&lt;td&gt;205Meters &lt;/td&gt;&lt;/tr&gt;&lt;tr&gt;&lt;td&gt;Elevation Gain:&lt;/td&gt;&lt;td&gt;33.0 Meters &lt;/td&gt;&lt;/tr&gt;&lt;/table&gt;</description>
    <Style>
     <IconStyle>
      <scale>1.0</scale>
      <Icon>
       <href>http://maps.google.com/mapfiles/kml/shapes/flag.png</href>
      </Icon>
      <hotSpot x="0.45" xuints="fraction" y="0.0" yuints="fraction"/>
     </IconStyle>
    </Style>
    <Point>
     <coordinates>13.7262172 51.0613495</coordinates>
    </Point>
   </Placemark>
   <Placemark>
    <name>Lap 13</name>
    <description>&lt;table width = &quot;320&quot;&gt;&lt;tr&gt;&lt;td&gt;Time:&lt;/td&gt;&lt;td&gt;261&lt;/td&gt;&lt;/tr&gt;&lt;tr&gt;&lt;td&gt;GetDistance:&lt;/td&gt;&lt;td&gt;1000Meters &lt;/td&gt;&lt;/tr&gt;&lt;tr&gt;&lt;td&gt;Elevation Gain:&lt;/td&gt;&lt;td&gt;33.0 Meters &lt;/td&gt;&lt;/tr&gt;&lt;/table&gt;</description>
    <Style>
     <IconStyle>
      <scale>1.0</scale>
      <Icon>
       <href>http://maps.google.com/mapfiles/kml/shapes/flag.png</href>
      </Icon>
      <hotSpot x="0.45" xuints="fraction" y="0.0" yuints="fraction"/>
     </IconStyle>
    </Style>
    <Point>
     <coordinates>13.7265105 51.0604987</coordinates>
    </Point>
   </Placemark>
   <Placemark>
    <name>Lap 14</name>
    <description>&lt;table width = &quot;320&quot;&gt;&lt;tr&gt;&lt;td&gt;Time:&lt;/td&gt;&lt;td&gt;89&lt;/td&gt;&lt;/tr&gt;&lt;tr&gt;&lt;td&gt;GetDistance:&lt;/td&gt;&lt;td&gt;201Meters &lt;/td&gt;&lt;/tr&gt;&lt;tr&gt;&lt;td&gt;Elevation Gain:&lt;/td&gt;&lt;td&gt;33.0 Meters &lt;/td&gt;&lt;/tr&gt;&lt;/table&gt;</description>
    <Style>
     <IconStyle>
      <scale>1.0</scale>
      <Icon>
       <href>http://maps.google.com/mapfiles/kml/shapes/flag.png</href>
      </Icon>
      <hotSpot x="0.45" xuints="fraction" y="0.0" yuints="fraction"/>
     </IconStyle>
    </Style>
    <Point>
     <coordinates>13.7262043 51.0613538</coordinates>
    </Point>
   </Placemark>
   <Placemark>
    <name>Lap 15</name>
    <description>&lt;table width = &quot;320&quot;&gt;&lt;tr&gt;&lt;td&gt;Time:&lt;/td&gt;&lt;td&gt;264&lt;/td&gt;&lt;/tr&gt;&lt;tr&gt;&lt;td&gt;GetDistance:&lt;/td&gt;&lt;td&gt;1000Meters &lt;/td&gt;&lt;/tr&gt;&lt;tr&gt;&lt;td&gt;Elevation Gain:&lt;/td&gt;&lt;td&gt;33.0 Meters &lt;/td&gt;&lt;/tr&gt;&lt;/table&gt;</description>
    <Style>
     <IconStyle>
      <scale>1.0</scale>
      <Icon>
       <href>http://maps.google.com/mapfiles/kml/shapes/flag.png</href>
      </Icon>
      <hotSpot x="0.45" xuints="fraction" y="0.0" yuints="fraction"/>
     </IconStyle>
    </Style>
    <Point>
     <coordinates>13.7264902 51.0605056</coordinates>
    </Point>
   </Placemark>
   <Placemark>
    <name>Lap 16</name>
    <description>&lt;table width = &quot;320&quot;&gt;&lt;tr&gt;&lt;td&gt;Time:&lt;/td&gt;&lt;td&gt;383&lt;/td&gt;&lt;/tr&gt;&lt;tr&gt;&lt;td&gt;GetDistance:&lt;/td&gt;&lt;td&gt;567Meters &lt;/td&gt;&lt;/tr&gt;&lt;tr&gt;&lt;td&gt;Elevation Gain:&lt;/td&gt;&lt;td&gt;33.0 Meters &lt;/td&gt;&lt;/tr&gt;&lt;/table&gt;</description>
    <Style>
     <IconStyle>
      <scale>1.0</scale>
      <Icon>
       <href>http://maps.google.com/mapfiles/kml/shapes/flag.png</href>
      </Icon>
      <hotSpot x="0.45" xuints="fraction" y="0.0" yuints="fraction"/>
     </IconStyle>
    </Style>
    <Point>
     <coordinates>13.7262210 51.0613482</coordinates>
    </Point>
   </Placemark>
   <Placemark>
    <name>End</name>
    <description>&lt;table width = &quot;320&quot;&gt;&lt;tr&gt;&lt;td colspan=&quot;2&quot;&gt; &lt;/td&gt;&lt;/tr&gt;&lt;tr&gt;&lt;td colspan=&quot;2&quot;&gt;2026-06-29 18:33:35&lt;/td&gt;&lt;/tr&gt;&lt;tr&gt;&lt;td colspan=&quot;2&quot;&gt;&lt;/td&gt;&lt;/tr&gt;&lt;tr&gt;&lt;td&gt;Activity Type:&lt;/td&gt;&lt;td&gt;cycling&lt;/td&gt;&lt;/tr&gt;&lt;tr&gt;&lt;td&gt;Event type:&lt;/td&gt;&lt;td&gt;uncategorized&lt;/td&gt;&lt;/tr&gt;&lt;tr&gt;&lt;td&gt;GetDistance:&lt;/td&gt;&lt;td&gt;10848Meters&lt;/td&gt;&lt;/tr&gt;&lt;tr&gt;&lt;td&gt;Time :&lt;/td&gt;&lt;td&gt;3656&lt;/td&gt;&lt;/tr&gt;&lt;tr&gt;&lt;td&gt;Calorie :&lt;/td&gt;&lt;td&gt;&lt;/td&gt;&lt;/tr&gt;&lt;tr&gt;&lt;td colspan=&quot;2&quot;&gt;&lt;/td&gt;&lt;/tr&gt;&lt;/table&gt;</description>
    <Style>
     <IconStyle>
      <scale>1.0</scale>
      <Icon>
       <href>http://maps.google.com/mapfiles/kml/paddle/red-square.png</href>
      </Icon>
      <hotSpot x="0.45" xuints="fraction" y="0.0" yuints="fraction"/>
     </IconStyle>
    </Style>
    <Point>
     <coordinates>13.7269805 51.0604454</coordinates>
    </Point>
   </Placemark>
  </Folder>
 </Folder>
</kml>
