<?xml version="1.0" encoding="UTF-8"?>
<gpx xmlns="http://www.topografix.com/GPX/1/1" xmlns:gpxdata="http://www.cluetrust.com/XML/GPXDATA/1/0" xmlns:xsi="http://www.w3.org/2001/XMLSchema-instance" xsi:schemaLocation="http://www.topografix.com/GPX/1/1 https://www.topografix.com/GPX/1/1/gpx.xsd http://www.cluetrust.com/XML/GPXDATA/1/0 https://www.cluetrust.com/Schemas/gpxdata10.xsd" creator="COROS Wearables" version="1.1">
 <metadata>
  <link href="https://www.coros.com">
   <text>COROS</text>
  </link>
  <time>2026-08-04T18:42:31Z</time>
 </metadata>
 <trk>
  <name>Rad</name>
  <type>cycling</type>
  <trkseg>
   <trkpt lat="51.0500602" lon="13.7128408">
    <ele>118</ele>
    <time>2026-08-04T18:42:31Z</time>
    <extensions>
     <gpxdata:hr>101</gpxdata:hr>
     <gpxdata:distance>0.00</gpxdata:distance>
    </extensions>
   </trkpt>
   <trkpt lat="51.0501037" lon="13.7129109">
    <ele>118</ele>
    <time>2026-08-04T18:42:32Z</time>
    <extensions>
     <gpxdata:hr>101</gpxdata:hr>
     <gpxdata:distance>0.00</gpxdata:distance>
    </extensions>
   </trkpt>
   <trkpt lat="51.0501385" lon="13.7129672">
    <ele>118</ele>
    <time>2026-08-04T18:42:33Z</time>
    <extensions>
     <gpxdata:hr>100</gpxdata:hr>
     <gpxdata:distance>0.00</gpxdata:distance>
    </extensions>
   </trkpt>
   <trkpt lat="51.0501816" lon="13.7130315">
    <ele>118</ele>
    <time>2026-08-04T18:42:34Z</time>
    <extensions>
     <gpxdata:hr>100</gpxdata:hr>
     <gpxdata:distance>0.00</gpxdata:distance>
    </extensions>
   </trkpt>
   <trkpt lat="51.0502293" lon="13.7131010">
    <ele>118</ele>
    <time>2026-08-04T18:42:35Z</time>
    <extensions>
     <gpxdata:hr>102</gpxdata:hr>
     <gpxdata:distance>0.00</gpxdata:distance>
    </extensions>
   </trkpt>
   <trkpt lat="51.0502806" lon="13.7131729">
    <ele>118</ele>
    <time>2026-08-04T18:42:36Z</time>
    <extensions>
     <gpxdata:hr>101</gpxdata:hr>
     <gpxdata:distance>19.00</gpxdata:distance>
     <gpxdata:speed>8.528</gpxdata:speed>
    </extensions>
   </trkpt>
   <trkpt lat="51.0503332" lon="13.7132456">
    <ele>117</ele>
    <time>2026-08-04T18:42:37Z</time>
    <extensions>
     <gpxdata:hr>102</gpxdata:hr>
     <gpxdata:distance>38.00</gpxdata:distance>
     <gpxdata:speed>8.367</gpxdata:speed>
    </extensions>
   </trkpt>
   <trkpt lat="51.0503865" lon="13.7133203">
    <ele>118</ele>
    <time>2026-08-04T18:42:38Z</time>
    <extensions>
     <gpxdata:hr>108</gpxdata:hr>
     <gpxdata:distance>46.00</gpxdata:distance>
     <gpxdata:speed>8.264</gpxdata:speed>
    </extensions>
   </trkpt>
   <trkpt lat="51.0504415" lon="13.7133949">
    <ele>118</ele>
    <time>2026-08-04T18:42:39Z</time>
    <extensions>
     <gpxdata:hr>110</gpxdata:hr>
     <gpxdata:distance>54.00</gpxdata:distance>
     <gpxdata:speed>8.208</gpxdata:speed>
    </extensions>
   </trkpt>
   <trkpt lat="51.0504966" lon="13.7134698">
    <ele>118</ele>
    <time>2026-08-04T18:42:40Z</time>
    <extensions>
     <gpxdata:hr>109</gpxdata:hr>
     <gpxdata:distance>62.00</gpxdata:distance>
     <gpxdata:speed>8.183</gpxdata:speed>
    </extensions>
   </trkpt>
   <trkpt lat="51.0505509" lon="13.7135451">
    <ele>118</ele>
    <time>2026-08-04T18:42:41Z</time>
    <extensions>
     <gpxdata:hr>110</gpxdata:hr>
     <gpxdata:distance>70.00</gpxdata:distance>
     <gpxdata:speed>8.078</gpxdata:speed>
    </extensions>
   </trkpt>
   <trkpt lat="51.0506048" lon="13.7136197">
    <ele>119</ele>
    <time>2026-08-04T18:42:42Z</time>
    <extensions>
     <gpxdata:hr>110</gpxdata:hr>
     <gpxdata:distance>78.00</gpxdata:distance>
     <gpxdata:speed>8.036</gpxdata:speed>
    </extensions>
   </trkpt>
   <trkpt lat="51.0506587" lon="13.7136938">
    <ele>119</ele>
    <time>2026-08-04T18:42:43Z</time>
    <extensions>
     <gpxdata:hr>108</gpxdata:hr>
     <gpxdata:distance>86.00</gpxdata:distance>
     <gpxdata:speed>8.000</gpxdata:speed>
    </extensions>
   </trkpt>
   <trkpt lat="51.0507120" lon="13.7137688">
    <ele>119</ele>
    <time>2026-08-04T18:42:44Z</time>
    <extensions>
     <gpxdata:hr>108</gpxdata:hr>
     <gpxdata:distance>94.00</gpxdata:distance>
     <gpxdata:speed>7.983</gpxdata:speed>
    </extensions>
   </trkpt>
   <trkpt lat="51.0507656" lon="13.7138450">
    <ele>119</ele>
    <time>2026-08-04T18:42:45Z</time>
    <extensions>
     <gpxdata:hr>107</gpxdata:hr>
     <gpxdata:distance>102.00</gpxdata:distance>
     <gpxdata:speed>7.975</gpxdata:speed>
    </extensions>
   </trkpt>
   <trkpt lat="51.0508188" lon="13.7139211">
    <ele>119</ele>
    <time>2026-08-04T18:42:46Z</time>
    <extensions>
     <gpxdata:hr>107</gpxdata:hr>
     <gpxdata:distance>110.00</gpxdata:distance>
     <gpxdata:speed>7.992</gpxdata:speed>
    </extensions>
   </trkpt>
   <trkpt lat="51.0508713" lon="13.7139984">
    <ele>119</ele>
    <time>2026-08-04T18:42:47Z</time>
    <extensions>
     <gpxdata:hr>109</gpxdata:hr>
     <gpxdata:distance>118.00</gpxdata:distance>
     <gpxdata:speed>7.986</gpxdata:speed>
    </extensions>
   </trkpt>
   <trkpt lat="51.0509228" lon="13.7140764">
    <ele>119</ele>
    <time>2026-08-04T18:42:48Z</time>
    <extensions>
     <gpxdata:hr>111</gpxdata:hr>
     <gpxdata:distance>126.00</gpxdata:distance>
     <gpxdata:speed>7.978</gpxdata:speed>
    </extensions>
   </trkpt>
   <trkpt lat="51.0509722" lon="13.7141558">
    <ele>119</ele>
    <time>2026-08-04T18:42:49Z</time>
    <extensions>
     <gpxdata:hr>111</gpxdata:hr>
     <gpxdata:distance>134.00</gpxdata:distance>
     <gpxdata:speed>7.961</gpxdata:speed>
    </extensions>
   </trkpt>
   <trkpt lat="51.0510199" lon="13.7142359">
    <ele>119</ele>
    <time>2026-08-04T18:42:50Z</time>
    <extensions>
     <gpxdata:hr>111</gpxdata:hr>
     <gpxdata:distance>141.50</gpxdata:distance>
     <gpxdata:speed>7.908</gpxdata:speed>
    </extensions>
   </trkpt>
   <trkpt lat="51.0510655" lon="13.7143169">
    <ele>119</ele>
    <time>2026-08-04T18:42:51Z</time>
    <extensions>
     <gpxdata:hr>112</gpxdata:hr>
     <gpxdata:distance>149.00</gpxdata:distance>
     <gpxdata:speed>7.844</gpxdata:speed>
    </extensions>
   </trkpt>
   <trkpt lat="51.0511093" lon="13.7143975">
    <ele>119</ele>
    <time>2026-08-04T18:42:52Z</time>
    <extensions>
     <gpxdata:hr>111</gpxdata:hr>
     <gpxdata:distance>156.50</gpxdata:distance>
     <gpxdata:speed>7.758</gpxdata:speed>
    </extensions>
   </trkpt>
   <trkpt lat="51.0511519" lon="13.7144776">
    <ele>119</ele>
    <time>2026-08-04T18:42:53Z</time>
    <extensions>
     <gpxdata:hr>110</gpxdata:hr>
     <gpxdata:distance>164.00</gpxdata:distance>
     <gpxdata:speed>7.650</gpxdata:speed>
    </extensions>
   </trkpt>
   <trkpt lat="51.0511930" lon="13.7145573">
    <ele>119</ele>
    <time>2026-08-04T18:42:54Z</time>
    <extensions>
     <gpxdata:hr>108</gpxdata:hr>
     <gpxdata:distance>171.00</gpxdata:distance>
     <gpxdata:speed>7.544</gpxdata:speed>
    </extensions>
   </trkpt>
   <trkpt lat="51.0512308" lon="13.7146349">
    <ele>119</ele>
    <time>2026-08-04T18:42:55Z</time>
    <extensions>
     <gpxdata:hr>108</gpxdata:hr>
     <gpxdata:distance>178.00</gpxdata:distance>
     <gpxdata:speed>7.425</gpxdata:speed>
    </extensions>
   </trkpt>
   <trkpt lat="51.0512615" lon="13.7147079">
    <ele>119</ele>
    <time>2026-08-04T18:42:56Z</time>
    <extensions>
     <gpxdata:hr>108</gpxdata:hr>
     <gpxdata:distance>184.00</gpxdata:distance>
     <gpxdata:speed>6.953</gpxdata:speed>
    </extensions>
   </trkpt>
   <trkpt lat="51.0512874" lon="13.7147734">
    <ele>118</ele>
    <time>2026-08-04T18:42:57Z</time>
    <extensions>
     <gpxdata:hr>108</gpxdata:hr>
     <gpxdata:distance>190.00</gpxdata:distance>
     <gpxdata:speed>6.267</gpxdata:speed>
    </extensions>
   </trkpt>
   <trkpt lat="51.0513054" lon="13.7148155">
    <ele>118</ele>
    <time>2026-08-04T18:42:58Z</time>
    <extensions>
     <gpxdata:hr>108</gpxdata:hr>
     <gpxdata:distance>195.00</gpxdata:distance>
     <gpxdata:speed>5.572</gpxdata:speed>
    </extensions>
   </trkpt>
   <trkpt lat="51.0513271" lon="13.7148673">
    <ele>118</ele>
    <time>2026-08-04T18:42:59Z</time>
    <extensions>
     <gpxdata:hr>108</gpxdata:hr>
     <gpxdata:distance>200.00</gpxdata:distance>
     <gpxdata:speed>5.147</gpxdata:speed>
    </extensions>
   </trkpt>
   <trkpt lat="51.0513472" lon="13.7149226">
    <ele>118</ele>
    <time>2026-08-04T18:43:00Z</time>
    <extensions>
     <gpxdata:hr>108</gpxdata:hr>
     <gpxdata:distance>204.50</gpxdata:distance>
     <gpxdata:speed>4.928</gpxdata:speed>
    </extensions>
   </trkpt>
   <trkpt lat="51.0513620" lon="13.7149758">
    <ele>118</ele>
    <time>2026-08-04T18:43:01Z</time>
    <extensions>
     <gpxdata:hr>108</gpxdata:hr>
     <gpxdata:distance>209.00</gpxdata:distance>
     <gpxdata:speed>4.719</gpxdata:speed>
    </extensions>
   </trkpt>
   <trkpt lat="51.0513699" lon="13.7150178">
    <ele>118</ele>
    <time>2026-08-04T18:43:02Z</time>
    <extensions>
     <gpxdata:hr>109</gpxdata:hr>
     <gpxdata:distance>211.50</gpxdata:distance>
     <gpxdata:speed>4.153</gpxdata:speed>
    </extensions>
   </trkpt>
   <trkpt lat="51.0513721" lon="13.7150338">
    <ele>118</ele>
    <time>2026-08-04T18:43:03Z</time>
    <extensions>
     <gpxdata:hr>108</gpxdata:hr>
     <gpxdata:distance>214.00</gpxdata:distance>
     <gpxdata:speed>2.961</gpxdata:speed>
    </extensions>
   </trkpt>
   <trkpt lat="51.0513743" lon="13.7150490">
    <ele>118</ele>
    <time>2026-08-04T18:43:04Z</time>
    <extensions>
     <gpxdata:hr>108</gpxdata:hr>
     <gpxdata:distance>215.00</gpxdata:distance>
     <gpxdata:speed>2.581</gpxdata:speed>
    </extensions>
   </trkpt>
   <trkpt lat="51.0513748" lon="13.7150510">
    <ele>118</ele>
    <time>2026-08-04T18:43:05Z</time>
    <extensions>
     <gpxdata:hr>109</gpxdata:hr>
     <gpxdata:distance>216.00</gpxdata:distance>
     <gpxdata:speed>1.956</gpxdata:speed>
    </extensions>
   </trkpt>
   <trkpt lat="51.0513753" lon="13.7150530">
    <ele>118</ele>
    <time>2026-08-04T18:43:06Z</time>
    <extensions>
     <gpxdata:hr>108</gpxdata:hr>
     <gpxdata:distance>216.00</gpxdata:distance>
     <gpxdata:speed>1.450</gpxdata:speed>
    </extensions>
   </trkpt>
   <trkpt lat="51.0513758" lon="13.7150550">
    <ele>118</ele>
    <time>2026-08-04T18:43:07Z</time>
    <extensions>
     <gpxdata:hr>107</gpxdata:hr>
     <gpxdata:distance>216.00</gpxdata:distance>
     <gpxdata:speed>0.481</gpxdata:speed>
    </extensions>
   </trkpt>
   <trkpt lat="51.0513764" lon="13.7150570">
    <ele>118</ele>
    <time>2026-08-04T18:43:08Z</time>
    <extensions>
     <gpxdata:hr>106</gpxdata:hr>
     <gpxdata:distance>216.00</gpxdata:distance>
     <gpxdata:speed>0.481</gpxdata:speed>
    </extensions>
   </trkpt>
   <trkpt lat="51.0513843" lon="13.7150786">
    <ele>118</ele>
    <time>2026-08-04T18:43:09Z</time>
    <extensions>
     <gpxdata:hr>105</gpxdata:hr>
     <gpxdata:distance>216.00</gpxdata:distance>
     <gpxdata:speed>0.342</gpxdata:speed>
    </extensions>
   </trkpt>
   <trkpt lat="51.0513993" lon="13.7151054">
    <ele>118</ele>
    <time>2026-08-04T18:43:10Z</time>
    <extensions>
     <gpxdata:hr>104</gpxdata:hr>
     <gpxdata:distance>216.00</gpxdata:distance>
     <gpxdata:speed>0.342</gpxdata:speed>
    </extensions>
   </trkpt>
   <trkpt lat="51.0514236" lon="13.7151455">
    <ele>118</ele>
    <time>2026-08-04T18:43:11Z</time>
    <extensions>
     <gpxdata:hr>104</gpxdata:hr>
     <gpxdata:distance>216.00</gpxdata:distance>
     <gpxdata:speed>0.342</gpxdata:speed>
    </extensions>
   </trkpt>
   <trkpt lat="51.0514568" lon="13.7151978">
    <ele>118</ele>
    <time>2026-08-04T18:43:12Z</time>
    <extensions>
     <gpxdata:hr>104</gpxdata:hr>
     <gpxdata:distance>225.00</gpxdata:distance>
     <gpxdata:speed>4.039</gpxdata:speed>
    </extensions>
   </trkpt>
   <trkpt lat="51.0514972" lon="13.7152584">
    <ele>118</ele>
    <time>2026-08-04T18:43:13Z</time>
    <extensions>
     <gpxdata:hr>105</gpxdata:hr>
     <gpxdata:distance>234.00</gpxdata:distance>
     <gpxdata:speed>5.206</gpxdata:speed>
    </extensions>
   </trkpt>
   <trkpt lat="51.0515566" lon="13.7153457">
    <ele>118</ele>
    <time>2026-08-04T18:43:14Z</time>
    <extensions>
     <gpxdata:hr>104</gpxdata:hr>
     <gpxdata:distance>241.00</gpxdata:distance>
     <gpxdata:speed>6.025</gpxdata:speed>
    </extensions>
   </trkpt>
   <trkpt lat="51.0516052" lon="13.7154170">
    <ele>118</ele>
    <time>2026-08-04T18:43:15Z</time>
    <extensions>
     <gpxdata:hr>103</gpxdata:hr>
     <gpxdata:distance>248.00</gpxdata:distance>
     <gpxdata:speed>6.547</gpxdata:speed>
    </extensions>
   </trkpt>
   <trkpt lat="51.0516530" lon="13.7154868">
    <ele>118</ele>
    <time>2026-08-04T18:43:16Z</time>
    <extensions>
     <gpxdata:hr>104</gpxdata:hr>
     <gpxdata:distance>255.00</gpxdata:distance>
     <gpxdata:speed>6.797</gpxdata:speed>
    </extensions>
   </trkpt>
   <trkpt lat="51.0517008" lon="13.7155584">
    <ele>118</ele>
    <time>2026-08-04T18:43:17Z</time>
    <extensions>
     <gpxdata:hr>104</gpxdata:hr>
     <gpxdata:distance>262.00</gpxdata:distance>
     <gpxdata:speed>6.956</gpxdata:speed>
    </extensions>
   </trkpt>
   <trkpt lat="51.0517476" lon="13.7156322">
    <ele>118</ele>
    <time>2026-08-04T18:43:18Z</time>
    <extensions>
     <gpxdata:hr>103</gpxdata:hr>
     <gpxdata:distance>269.50</gpxdata:distance>
     <gpxdata:speed>7.133</gpxdata:speed>
    </extensions>
   </trkpt>
   <trkpt lat="51.0517943" lon="13.7157070">
    <ele>118</ele>
    <time>2026-08-04T18:43:19Z</time>
    <extensions>
     <gpxdata:hr>103</gpxdata:hr>
     <gpxdata:distance>277.00</gpxdata:distance>
     <gpxdata:speed>7.178</gpxdata:speed>
    </extensions>
   </trkpt>
   <trkpt lat="51.0518414" lon="13.7157825">
    <ele>118</ele>
    <time>2026-08-04T18:43:20Z</time>
    <extensions>
     <gpxdata:hr>102</gpxdata:hr>
     <gpxdata:distance>284.50</gpxdata:distance>
     <gpxdata:speed>7.228</gpxdata:speed>
    </extensions>
   </trkpt>
   <trkpt lat="51.0518887" lon="13.7158577">
    <ele>118</ele>
    <time>2026-08-04T18:43:21Z</time>
    <extensions>
     <gpxdata:hr>103</gpxdata:hr>
     <gpxdata:distance>292.00</gpxdata:distance>
     <gpxdata:speed>7.378</gpxdata:speed>
    </extensions>
   </trkpt>
   <trkpt lat="51.0519360" lon="13.7159321">
    <ele>118</ele>
    <time>2026-08-04T18:43:22Z</time>
    <extensions>
     <gpxdata:hr>105</gpxdata:hr>
     <gpxdata:distance>299.50</gpxdata:distance>
     <gpxdata:speed>7.408</gpxdata:speed>
    </extensions>
   </trkpt>
   <trkpt lat="51.0519835" lon="13.7160069">
    <ele>118</ele>
    <time>2026-08-04T18:43:23Z</time>
    <extensions>
     <gpxdata:hr>108</gpxdata:hr>
     <gpxdata:distance>307.00</gpxdata:distance>
     <gpxdata:speed>7.422</gpxdata:speed>
    </extensions>
   </trkpt>
   <trkpt lat="51.0520320" lon="13.7160823">
    <ele>118</ele>
    <time>2026-08-04T18:43:24Z</time>
    <extensions>
     <gpxdata:hr>109</gpxdata:hr>
     <gpxdata:distance>314.50</gpxdata:distance>
     <gpxdata:speed>7.447</gpxdata:speed>
    </extensions>
   </trkpt>
   <trkpt lat="51.0520819" lon="13.7161566">
    <ele>118</ele>
    <time>2026-08-04T18:43:25Z</time>
    <extensions>
     <gpxdata:hr>110</gpxdata:hr>
     <gpxdata:distance>322.00</gpxdata:distance>
     <gpxdata:speed>7.494</gpxdata:speed>
    </extensions>
   </trkpt>
   <trkpt lat="51.0521329" lon="13.7162304">
    <ele>118</ele>
    <time>2026-08-04T18:43:26Z</time>
    <extensions>
     <gpxdata:hr>109</gpxdata:hr>
     <gpxdata:distance>329.50</gpxdata:distance>
     <gpxdata:speed>7.544</gpxdata:speed>
    </extensions>
   </trkpt>
   <trkpt lat="51.0521834" lon="13.7163052">
    <ele>118</ele>
    <time>2026-08-04T18:43:27Z</time>
    <extensions>
     <gpxdata:hr>110</gpxdata:hr>
     <gpxdata:distance>337.00</gpxdata:distance>
     <gpxdata:speed>7.594</gpxdata:speed>
    </extensions>
   </trkpt>
   <trkpt lat="51.0522326" lon="13.7163831">
    <ele>118</ele>
    <time>2026-08-04T18:43:28Z</time>
    <extensions>
     <gpxdata:hr>113</gpxdata:hr>
     <gpxdata:distance>345.00</gpxdata:distance>
     <gpxdata:speed>7.631</gpxdata:speed>
    </extensions>
   </trkpt>
   <trkpt lat="51.0522806" lon="13.7164638">
    <ele>118</ele>
    <time>2026-08-04T18:43:29Z</time>
    <extensions>
     <gpxdata:hr>114</gpxdata:hr>
     <gpxdata:distance>353.00</gpxdata:distance>
     <gpxdata:speed>7.669</gpxdata:speed>
    </extensions>
   </trkpt>
   <trkpt lat="51.0523297" lon="13.7165465">
    <ele>118</ele>
    <time>2026-08-04T18:43:30Z</time>
    <extensions>
     <gpxdata:hr>113</gpxdata:hr>
     <gpxdata:distance>361.00</gpxdata:distance>
     <gpxdata:speed>7.725</gpxdata:speed>
    </extensions>
   </trkpt>
   <trkpt lat="51.0523796" lon="13.7166318">
    <ele>117</ele>
    <time>2026-08-04T18:43:31Z</time>
    <extensions>
     <gpxdata:hr>112</gpxdata:hr>
     <gpxdata:distance>369.00</gpxdata:distance>
     <gpxdata:speed>7.867</gpxdata:speed>
    </extensions>
   </trkpt>
   <trkpt lat="51.0524301" lon="13.7167197">
    <ele>117</ele>
    <time>2026-08-04T18:43:32Z</time>
    <extensions>
     <gpxdata:hr>112</gpxdata:hr>
     <gpxdata:distance>377.00</gpxdata:distance>
     <gpxdata:speed>8.042</gpxdata:speed>
    </extensions>
   </trkpt>
   <trkpt lat="51.0524815" lon="13.7168103">
    <ele>117</ele>
    <time>2026-08-04T18:43:33Z</time>
    <extensions>
     <gpxdata:hr>111</gpxdata:hr>
     <gpxdata:distance>385.00</gpxdata:distance>
     <gpxdata:speed>8.233</gpxdata:speed>
    </extensions>
   </trkpt>
   <trkpt lat="51.0525333" lon="13.7169043">
    <ele>117</ele>
    <time>2026-08-04T18:43:34Z</time>
    <extensions>
     <gpxdata:hr>113</gpxdata:hr>
     <gpxdata:distance>394.00</gpxdata:distance>
     <gpxdata:speed>8.461</gpxdata:speed>
    </extensions>
   </trkpt>
   <trkpt lat="51.0525863" lon="13.7170000">
    <ele>117</ele>
    <time>2026-08-04T18:43:35Z</time>
    <extensions>
     <gpxdata:hr>113</gpxdata:hr>
     <gpxdata:distance>403.00</gpxdata:distance>
     <gpxdata:speed>8.675</gpxdata:speed>
    </extensions>
   </trkpt>
   <trkpt lat="51.0526404" lon="13.7170959">
    <ele>117</ele>
    <time>2026-08-04T18:43:36Z</time>
    <extensions>
     <gpxdata:hr>114</gpxdata:hr>
     <gpxdata:distance>412.00</gpxdata:distance>
     <gpxdata:speed>8.842</gpxdata:speed>
    </extensions>
   </trkpt>
   <trkpt lat="51.0526952" lon="13.7171927">
    <ele>117</ele>
    <time>2026-08-04T18:43:37Z</time>
    <extensions>
     <gpxdata:hr>115</gpxdata:hr>
     <gpxdata:distance>421.00</gpxdata:distance>
     <gpxdata:speed>8.939</gpxdata:speed>
    </extensions>
   </trkpt>
   <trkpt lat="51.0527498" lon="13.7172896">
    <ele>116</ele>
    <time>2026-08-04T18:43:38Z</time>
    <extensions>
     <gpxdata:hr>116</gpxdata:hr>
     <gpxdata:distance>430.00</gpxdata:distance>
     <gpxdata:speed>9.056</gpxdata:speed>
    </extensions>
   </trkpt>
   <trkpt lat="51.0528044" lon="13.7173857">
    <ele>116</ele>
    <time>2026-08-04T18:43:39Z</time>
    <extensions>
     <gpxdata:hr>117</gpxdata:hr>
     <gpxdata:distance>439.00</gpxdata:distance>
     <gpxdata:speed>9.047</gpxdata:speed>
    </extensions>
   </trkpt>
   <trkpt lat="51.0528603" lon="13.7174805">
    <ele>116</ele>
    <time>2026-08-04T18:43:40Z</time>
    <extensions>
     <gpxdata:hr>117</gpxdata:hr>
     <gpxdata:distance>448.00</gpxdata:distance>
     <gpxdata:speed>9.036</gpxdata:speed>
    </extensions>
   </trkpt>
   <trkpt lat="51.0529179" lon="13.7175757">
    <ele>115</ele>
    <time>2026-08-04T18:43:41Z</time>
    <extensions>
     <gpxdata:hr>117</gpxdata:hr>
     <gpxdata:distance>457.00</gpxdata:distance>
     <gpxdata:speed>9.092</gpxdata:speed>
    </extensions>
   </trkpt>
   <trkpt lat="51.0529731" lon="13.7176733">
    <ele>115</ele>
    <time>2026-08-04T18:43:42Z</time>
    <extensions>
     <gpxdata:hr>116</gpxdata:hr>
     <gpxdata:distance>466.50</gpxdata:distance>
     <gpxdata:speed>9.231</gpxdata:speed>
    </extensions>
   </trkpt>
   <trkpt lat="51.0530267" lon="13.7177726">
    <ele>115</ele>
    <time>2026-08-04T18:43:43Z</time>
    <extensions>
     <gpxdata:hr>115</gpxdata:hr>
     <gpxdata:distance>476.00</gpxdata:distance>
     <gpxdata:speed>9.167</gpxdata:speed>
    </extensions>
   </trkpt>
   <trkpt lat="51.0530794" lon="13.7178721">
    <ele>115</ele>
    <time>2026-08-04T18:43:44Z</time>
    <extensions>
     <gpxdata:hr>115</gpxdata:hr>
     <gpxdata:distance>485.00</gpxdata:distance>
     <gpxdata:speed>9.156</gpxdata:speed>
    </extensions>
   </trkpt>
   <trkpt lat="51.0531316" lon="13.7179695">
    <ele>114</ele>
    <time>2026-08-04T18:43:45Z</time>
    <extensions>
     <gpxdata:hr>116</gpxdata:hr>
     <gpxdata:distance>494.00</gpxdata:distance>
     <gpxdata:speed>9.111</gpxdata:speed>
    </extensions>
   </trkpt>
   <trkpt lat="51.0531831" lon="13.7180647">
    <ele>114</ele>
    <time>2026-08-04T18:43:46Z</time>
    <extensions>
     <gpxdata:hr>115</gpxdata:hr>
     <gpxdata:distance>502.50</gpxdata:distance>
     <gpxdata:speed>9.033</gpxdata:speed>
    </extensions>
   </trkpt>
   <trkpt lat="51.0532352" lon="13.7181570">
    <ele>114</ele>
    <time>2026-08-04T18:43:47Z</time>
    <extensions>
     <gpxdata:hr>115</gpxdata:hr>
     <gpxdata:distance>511.00</gpxdata:distance>
     <gpxdata:speed>8.931</gpxdata:speed>
    </extensions>
   </trkpt>
   <trkpt lat="51.0532861" lon="13.7182434">
    <ele>114</ele>
    <time>2026-08-04T18:43:48Z</time>
    <extensions>
     <gpxdata:hr>116</gpxdata:hr>
     <gpxdata:distance>519.50</gpxdata:distance>
     <gpxdata:speed>8.847</gpxdata:speed>
    </extensions>
   </trkpt>
   <trkpt lat="51.0533346" lon="13.7183204">
    <ele>114</ele>
    <time>2026-08-04T18:43:49Z</time>
    <extensions>
     <gpxdata:hr>117</gpxdata:hr>
     <gpxdata:distance>528.00</gpxdata:distance>
     <gpxdata:speed>8.367</gpxdata:speed>
    </extensions>
   </trkpt>
   <trkpt lat="51.0533834" lon="13.7183908">
    <ele>114</ele>
    <time>2026-08-04T18:43:50Z</time>
    <extensions>
     <gpxdata:hr>119</gpxdata:hr>
     <gpxdata:distance>535.00</gpxdata:distance>
     <gpxdata:speed>7.742</gpxdata:speed>
    </extensions>
   </trkpt>
   <trkpt lat="51.0534328" lon="13.7184577">
    <ele>114</ele>
    <time>2026-08-04T18:43:51Z</time>
    <extensions>
     <gpxdata:hr>120</gpxdata:hr>
     <gpxdata:distance>542.00</gpxdata:distance>
     <gpxdata:speed>7.506</gpxdata:speed>
    </extensions>
   </trkpt>
   <trkpt lat="51.0534802" lon="13.7185221">
    <ele>114</ele>
    <time>2026-08-04T18:43:52Z</time>
    <extensions>
     <gpxdata:hr>121</gpxdata:hr>
     <gpxdata:distance>549.00</gpxdata:distance>
     <gpxdata:speed>7.372</gpxdata:speed>
    </extensions>
   </trkpt>
   <trkpt lat="51.0535236" lon="13.7185842">
    <ele>115</ele>
    <time>2026-08-04T18:43:53Z</time>
    <extensions>
     <gpxdata:hr>120</gpxdata:hr>
     <gpxdata:distance>556.00</gpxdata:distance>
     <gpxdata:speed>7.044</gpxdata:speed>
    </extensions>
   </trkpt>
   <trkpt lat="51.0535641" lon="13.7186466">
    <ele>115</ele>
    <time>2026-08-04T18:43:54Z</time>
    <extensions>
     <gpxdata:hr>120</gpxdata:hr>
     <gpxdata:distance>562.50</gpxdata:distance>
     <gpxdata:speed>6.594</gpxdata:speed>
    </extensions>
   </trkpt>
   <trkpt lat="51.0536037" lon="13.7187122">
    <ele>115</ele>
    <time>2026-08-04T18:43:55Z</time>
    <extensions>
     <gpxdata:hr>120</gpxdata:hr>
     <gpxdata:distance>569.00</gpxdata:distance>
     <gpxdata:speed>6.419</gpxdata:speed>
    </extensions>
   </trkpt>
   <trkpt lat="51.0536444" lon="13.7187810">
    <ele>115</ele>
    <time>2026-08-04T18:43:56Z</time>
    <extensions>
     <gpxdata:hr>120</gpxdata:hr>
     <gpxdata:distance>575.50</gpxdata:distance>
     <gpxdata:speed>6.481</gpxdata:speed>
    </extensions>
   </trkpt>
   <trkpt lat="51.0536861" lon="13.7188531">
    <ele>116</ele>
    <time>2026-08-04T18:43:57Z</time>
    <extensions>
     <gpxdata:hr>120</gpxdata:hr>
     <gpxdata:distance>582.00</gpxdata:distance>
     <gpxdata:speed>6.656</gpxdata:speed>
    </extensions>
   </trkpt>
   <trkpt lat="51.0537281" lon="13.7189300">
    <ele>116</ele>
    <time>2026-08-04T18:43:58Z</time>
    <extensions>
     <gpxdata:hr>119</gpxdata:hr>
     <gpxdata:distance>589.50</gpxdata:distance>
     <gpxdata:speed>6.836</gpxdata:speed>
    </extensions>
   </trkpt>
   <trkpt lat="51.0537706" lon="13.7190109">
    <ele>116</ele>
    <time>2026-08-04T18:43:59Z</time>
    <extensions>
     <gpxdata:hr>119</gpxdata:hr>
     <gpxdata:distance>597.00</gpxdata:distance>
     <gpxdata:speed>6.950</gpxdata:speed>
    </extensions>
   </trkpt>
   <trkpt lat="51.0538135" lon="13.7190910">
    <ele>116</ele>
    <time>2026-08-04T18:44:00Z</time>
    <extensions>
     <gpxdata:hr>119</gpxdata:hr>
     <gpxdata:distance>604.00</gpxdata:distance>
     <gpxdata:speed>7.111</gpxdata:speed>
    </extensions>
   </trkpt>
   <trkpt lat="51.0538567" lon="13.7191671">
    <ele>116</ele>
    <time>2026-08-04T18:44:01Z</time>
    <extensions>
     <gpxdata:hr>119</gpxdata:hr>
     <gpxdata:distance>611.00</gpxdata:distance>
     <gpxdata:speed>7.183</gpxdata:speed>
    </extensions>
   </trkpt>
   <trkpt lat="51.0538985" lon="13.7192382">
    <ele>116</ele>
    <time>2026-08-04T18:44:02Z</time>
    <extensions>
     <gpxdata:hr>119</gpxdata:hr>
     <gpxdata:distance>618.00</gpxdata:distance>
     <gpxdata:speed>7.150</gpxdata:speed>
    </extensions>
   </trkpt>
   <trkpt lat="51.0539390" lon="13.7193051">
    <ele>116</ele>
    <time>2026-08-04T18:44:03Z</time>
    <extensions>
     <gpxdata:hr>119</gpxdata:hr>
     <gpxdata:distance>625.00</gpxdata:distance>
     <gpxdata:speed>7.008</gpxdata:speed>
    </extensions>
   </trkpt>
   <trkpt lat="51.0539783" lon="13.7193697">
    <ele>116</ele>
    <time>2026-08-04T18:44:04Z</time>
    <extensions>
     <gpxdata:hr>119</gpxdata:hr>
     <gpxdata:distance>631.00</gpxdata:distance>
     <gpxdata:speed>6.831</gpxdata:speed>
    </extensions>
   </trkpt>
   <trkpt lat="51.0540162" lon="13.7194318">
    <ele>116</ele>
    <time>2026-08-04T18:44:05Z</time>
    <extensions>
     <gpxdata:hr>118</gpxdata:hr>
     <gpxdata:distance>637.00</gpxdata:distance>
     <gpxdata:speed>6.653</gpxdata:speed>
    </extensions>
   </trkpt>
   <trkpt lat="51.0540550" lon="13.7194901">
    <ele>116</ele>
    <time>2026-08-04T18:44:06Z</time>
    <extensions>
     <gpxdata:hr>119</gpxdata:hr>
     <gpxdata:distance>643.00</gpxdata:distance>
     <gpxdata:speed>6.453</gpxdata:speed>
    </extensions>
   </trkpt>
   <trkpt lat="51.0540952" lon="13.7195451">
    <ele>116</ele>
    <time>2026-08-04T18:44:07Z</time>
    <extensions>
     <gpxdata:hr>119</gpxdata:hr>
     <gpxdata:distance>649.00</gpxdata:distance>
     <gpxdata:speed>6.086</gpxdata:speed>
    </extensions>
   </trkpt>
   <trkpt lat="51.0541261" lon="13.7195868">
    <ele>116</ele>
    <time>2026-08-04T18:44:08Z</time>
    <extensions>
     <gpxdata:hr>116</gpxdata:hr>
     <gpxdata:distance>655.50</gpxdata:distance>
     <gpxdata:speed>5.997</gpxdata:speed>
    </extensions>
   </trkpt>
   <trkpt lat="51.0541821" lon="13.7196671">
    <ele>116</ele>
    <time>2026-08-04T18:44:09Z</time>
    <extensions>
     <gpxdata:hr>116</gpxdata:hr>
     <gpxdata:distance>662.00</gpxdata:distance>
     <gpxdata:speed>6.144</gpxdata:speed>
    </extensions>
   </trkpt>
   <trkpt lat="51.0542318" lon="13.7197438">
    <ele>116</ele>
    <time>2026-08-04T18:44:10Z</time>
    <extensions>
     <gpxdata:hr>115</gpxdata:hr>
     <gpxdata:distance>669.50</gpxdata:distance>
     <gpxdata:speed>6.464</gpxdata:speed>
    </extensions>
   </trkpt>
   <trkpt lat="51.0542838" lon="13.7198265">
    <ele>116</ele>
    <time>2026-08-04T18:44:11Z</time>
    <extensions>
     <gpxdata:hr>116</gpxdata:hr>
     <gpxdata:distance>677.00</gpxdata:distance>
     <gpxdata:speed>7.339</gpxdata:speed>
    </extensions>
   </trkpt>
   <trkpt lat="51.0543397" lon="13.7199142">
    <ele>116</ele>
    <time>2026-08-04T18:44:12Z</time>
    <extensions>
     <gpxdata:hr>116</gpxdata:hr>
     <gpxdata:distance>686.00</gpxdata:distance>
     <gpxdata:speed>7.933</gpxdata:speed>
    </extensions>
   </trkpt>
   <trkpt lat="51.0543984" lon="13.7200045">
    <ele>117</ele>
    <time>2026-08-04T18:44:13Z</time>
    <extensions>
     <gpxdata:hr>116</gpxdata:hr>
     <gpxdata:distance>695.00</gpxdata:distance>
     <gpxdata:speed>8.503</gpxdata:speed>
    </extensions>
   </trkpt>
   <trkpt lat="51.0544594" lon="13.7200955">
    <ele>117</ele>
    <time>2026-08-04T18:44:14Z</time>
    <extensions>
     <gpxdata:hr>115</gpxdata:hr>
     <gpxdata:distance>704.00</gpxdata:distance>
     <gpxdata:speed>8.858</gpxdata:speed>
    </extensions>
   </trkpt>
   <trkpt lat="51.0545224" lon="13.7201872">
    <ele>117</ele>
    <time>2026-08-04T18:44:15Z</time>
    <extensions>
     <gpxdata:hr>116</gpxdata:hr>
     <gpxdata:distance>713.00</gpxdata:distance>
     <gpxdata:speed>9.111</gpxdata:speed>
    </extensions>
   </trkpt>
   <trkpt lat="51.0545887" lon="13.7202763">
    <ele>117</ele>
    <time>2026-08-04T18:44:16Z</time>
    <extensions>
     <gpxdata:hr>116</gpxdata:hr>
     <gpxdata:distance>723.00</gpxdata:distance>
     <gpxdata:speed>9.356</gpxdata:speed>
    </extensions>
   </trkpt>
   <trkpt lat="51.0546591" lon="13.7203592">
    <ele>116</ele>
    <time>2026-08-04T18:44:17Z</time>
    <extensions>
     <gpxdata:hr>116</gpxdata:hr>
     <gpxdata:distance>733.00</gpxdata:distance>
     <gpxdata:speed>9.547</gpxdata:speed>
    </extensions>
   </trkpt>
   <trkpt lat="51.0547317" lon="13.7204374">
    <ele>116</ele>
    <time>2026-08-04T18:44:18Z</time>
    <extensions>
     <gpxdata:hr>116</gpxdata:hr>
     <gpxdata:distance>742.50</gpxdata:distance>
     <gpxdata:speed>9.681</gpxdata:speed>
    </extensions>
   </trkpt>
   <trkpt lat="51.0548036" lon="13.7205182">
    <ele>116</ele>
    <time>2026-08-04T18:44:19Z</time>
    <extensions>
     <gpxdata:hr>116</gpxdata:hr>
     <gpxdata:distance>752.00</gpxdata:distance>
     <gpxdata:speed>9.692</gpxdata:speed>
    </extensions>
   </trkpt>
   <trkpt lat="51.0548724" lon="13.7206079">
    <ele>116</ele>
    <time>2026-08-04T18:44:20Z</time>
    <extensions>
     <gpxdata:hr>117</gpxdata:hr>
     <gpxdata:distance>762.00</gpxdata:distance>
     <gpxdata:speed>9.764</gpxdata:speed>
    </extensions>
   </trkpt>
   <trkpt lat="51.0549381" lon="13.7207052">
    <ele>116</ele>
    <time>2026-08-04T18:44:21Z</time>
    <extensions>
     <gpxdata:hr>118</gpxdata:hr>
     <gpxdata:distance>772.00</gpxdata:distance>
     <gpxdata:speed>9.894</gpxdata:speed>
    </extensions>
   </trkpt>
   <trkpt lat="51.0550025" lon="13.7208049">
    <ele>116</ele>
    <time>2026-08-04T18:44:22Z</time>
    <extensions>
     <gpxdata:hr>118</gpxdata:hr>
     <gpxdata:distance>782.00</gpxdata:distance>
     <gpxdata:speed>9.964</gpxdata:speed>
    </extensions>
   </trkpt>
   <trkpt lat="51.0550662" lon="13.7209057">
    <ele>116</ele>
    <time>2026-08-04T18:44:23Z</time>
    <extensions>
     <gpxdata:hr>118</gpxdata:hr>
     <gpxdata:distance>792.00</gpxdata:distance>
     <gpxdata:speed>9.972</gpxdata:speed>
    </extensions>
   </trkpt>
   <trkpt lat="51.0551290" lon="13.7210079">
    <ele>116</ele>
    <time>2026-08-04T18:44:24Z</time>
    <extensions>
     <gpxdata:hr>119</gpxdata:hr>
     <gpxdata:distance>802.00</gpxdata:distance>
     <gpxdata:speed>9.992</gpxdata:speed>
    </extensions>
   </trkpt>
   <trkpt lat="51.0551917" lon="13.7211111">
    <ele>116</ele>
    <time>2026-08-04T18:44:25Z</time>
    <extensions>
     <gpxdata:hr>121</gpxdata:hr>
     <gpxdata:distance>812.00</gpxdata:distance>
     <gpxdata:speed>10.006</gpxdata:speed>
    </extensions>
   </trkpt>
   <trkpt lat="51.0552544" lon="13.7212152">
    <ele>116</ele>
    <time>2026-08-04T18:44:26Z</time>
    <extensions>
     <gpxdata:hr>123</gpxdata:hr>
     <gpxdata:distance>822.00</gpxdata:distance>
     <gpxdata:speed>10.036</gpxdata:speed>
    </extensions>
   </trkpt>
   <trkpt lat="51.0553166" lon="13.7213204">
    <ele>116</ele>
    <time>2026-08-04T18:44:27Z</time>
    <extensions>
     <gpxdata:hr>123</gpxdata:hr>
     <gpxdata:distance>832.00</gpxdata:distance>
     <gpxdata:speed>10.072</gpxdata:speed>
    </extensions>
   </trkpt>
   <trkpt lat="51.0553793" lon="13.7214262">
    <ele>116</ele>
    <time>2026-08-04T18:44:28Z</time>
    <extensions>
     <gpxdata:hr>122</gpxdata:hr>
     <gpxdata:distance>842.00</gpxdata:distance>
     <gpxdata:speed>10.092</gpxdata:speed>
    </extensions>
   </trkpt>
   <trkpt lat="51.0554406" lon="13.7215328">
    <ele>116</ele>
    <time>2026-08-04T18:44:29Z</time>
    <extensions>
     <gpxdata:hr>124</gpxdata:hr>
     <gpxdata:distance>852.00</gpxdata:distance>
     <gpxdata:speed>10.133</gpxdata:speed>
    </extensions>
   </trkpt>
   <trkpt lat="51.0554984" lon="13.7216400">
    <ele>116</ele>
    <time>2026-08-04T18:44:30Z</time>
    <extensions>
     <gpxdata:hr>125</gpxdata:hr>
     <gpxdata:distance>862.00</gpxdata:distance>
     <gpxdata:speed>10.125</gpxdata:speed>
    </extensions>
   </trkpt>
   <trkpt lat="51.0555515" lon="13.7217427">
    <ele>116</ele>
    <time>2026-08-04T18:44:31Z</time>
    <extensions>
     <gpxdata:hr>126</gpxdata:hr>
     <gpxdata:distance>872.00</gpxdata:distance>
     <gpxdata:speed>10.025</gpxdata:speed>
    </extensions>
   </trkpt>
   <trkpt lat="51.0555984" lon="13.7218368">
    <ele>116</ele>
    <time>2026-08-04T18:44:32Z</time>
    <extensions>
     <gpxdata:hr>128</gpxdata:hr>
     <gpxdata:distance>880.00</gpxdata:distance>
     <gpxdata:speed>9.375</gpxdata:speed>
    </extensions>
   </trkpt>
   <trkpt lat="51.0556371" lon="13.7219177">
    <ele>116</ele>
    <time>2026-08-04T18:44:33Z</time>
    <extensions>
     <gpxdata:hr>126</gpxdata:hr>
     <gpxdata:distance>888.00</gpxdata:distance>
     <gpxdata:speed>8.564</gpxdata:speed>
    </extensions>
   </trkpt>
   <trkpt lat="51.0556660" lon="13.7219792">
    <ele>116</ele>
    <time>2026-08-04T18:44:34Z</time>
    <extensions>
     <gpxdata:hr>129</gpxdata:hr>
     <gpxdata:distance>893.50</gpxdata:distance>
     <gpxdata:speed>8.456</gpxdata:speed>
    </extensions>
   </trkpt>
   <trkpt lat="51.0556815" lon="13.7220106">
    <ele>115</ele>
    <time>2026-08-04T18:44:35Z</time>
    <extensions>
     <gpxdata:hr>130</gpxdata:hr>
     <gpxdata:distance>899.00</gpxdata:distance>
     <gpxdata:speed>5.575</gpxdata:speed>
    </extensions>
   </trkpt>
   <trkpt lat="51.0556978" lon="13.7220430">
    <ele>115</ele>
    <time>2026-08-04T18:44:36Z</time>
    <extensions>
     <gpxdata:hr>129</gpxdata:hr>
     <gpxdata:distance>901.50</gpxdata:distance>
     <gpxdata:speed>4.269</gpxdata:speed>
    </extensions>
   </trkpt>
   <trkpt lat="51.0557128" lon="13.7220728">
    <ele>115</ele>
    <time>2026-08-04T18:44:37Z</time>
    <extensions>
     <gpxdata:hr>129</gpxdata:hr>
     <gpxdata:distance>904.00</gpxdata:distance>
     <gpxdata:speed>3.556</gpxdata:speed>
    </extensions>
   </trkpt>
   <trkpt lat="51.0557247" lon="13.7220961">
    <ele>115</ele>
    <time>2026-08-04T18:44:38Z</time>
    <extensions>
     <gpxdata:hr>129</gpxdata:hr>
     <gpxdata:distance>906.00</gpxdata:distance>
     <gpxdata:speed>3.092</gpxdata:speed>
    </extensions>
   </trkpt>
   <trkpt lat="51.0557287" lon="13.7221027">
    <ele>114</ele>
    <time>2026-08-04T18:44:39Z</time>
    <extensions>
     <gpxdata:hr>129</gpxdata:hr>
     <gpxdata:distance>908.00</gpxdata:distance>
     <gpxdata:speed>2.261</gpxdata:speed>
    </extensions>
   </trkpt>
   <trkpt lat="51.0557311" lon="13.7221062">
    <ele>114</ele>
    <time>2026-08-04T18:44:40Z</time>
    <extensions>
     <gpxdata:hr>129</gpxdata:hr>
     <gpxdata:distance>908.50</gpxdata:distance>
     <gpxdata:speed>1.339</gpxdata:speed>
    </extensions>
   </trkpt>
   <trkpt lat="51.0557336" lon="13.7221097">
    <ele>114</ele>
    <time>2026-08-04T18:44:41Z</time>
    <extensions>
     <gpxdata:hr>129</gpxdata:hr>
     <gpxdata:distance>909.00</gpxdata:distance>
     <gpxdata:speed>1.075</gpxdata:speed>
    </extensions>
   </trkpt>
   <trkpt lat="51.0558036" lon="13.7222322">
    <ele>114</ele>
    <time>2026-08-04T18:45:15Z</time>
    <extensions>
     <gpxdata:hr>106</gpxdata:hr>
     <gpxdata:distance>924.00</gpxdata:distance>
     <gpxdata:speed>2.294</gpxdata:speed>
    </extensions>
   </trkpt>
   <trkpt lat="51.0558203" lon="13.7222627">
    <ele>114</ele>
    <time>2026-08-04T18:45:16Z</time>
    <extensions>
     <gpxdata:hr>104</gpxdata:hr>
     <gpxdata:distance>924.00</gpxdata:distance>
     <gpxdata:speed>2.536</gpxdata:speed>
    </extensions>
   </trkpt>
   <trkpt lat="51.0558546" lon="13.7223225">
    <ele>114</ele>
    <time>2026-08-04T18:45:17Z</time>
    <extensions>
     <gpxdata:hr>104</gpxdata:hr>
     <gpxdata:distance>928.50</gpxdata:distance>
     <gpxdata:speed>3.128</gpxdata:speed>
    </extensions>
   </trkpt>
   <trkpt lat="51.0558857" lon="13.7223754">
    <ele>114</ele>
    <time>2026-08-04T18:45:18Z</time>
    <extensions>
     <gpxdata:hr>105</gpxdata:hr>
     <gpxdata:distance>933.00</gpxdata:distance>
     <gpxdata:speed>3.967</gpxdata:speed>
    </extensions>
   </trkpt>
   <trkpt lat="51.0559204" lon="13.7224345">
    <ele>114</ele>
    <time>2026-08-04T18:45:19Z</time>
    <extensions>
     <gpxdata:hr>106</gpxdata:hr>
     <gpxdata:distance>939.00</gpxdata:distance>
     <gpxdata:speed>4.558</gpxdata:speed>
    </extensions>
   </trkpt>
   <trkpt lat="51.0559588" lon="13.7225012">
    <ele>114</ele>
    <time>2026-08-04T18:45:20Z</time>
    <extensions>
     <gpxdata:hr>106</gpxdata:hr>
     <gpxdata:distance>945.00</gpxdata:distance>
     <gpxdata:speed>4.231</gpxdata:speed>
    </extensions>
   </trkpt>
   <trkpt lat="51.0560006" lon="13.7225741">
    <ele>114</ele>
    <time>2026-08-04T18:45:21Z</time>
    <extensions>
     <gpxdata:hr>106</gpxdata:hr>
     <gpxdata:distance>952.50</gpxdata:distance>
     <gpxdata:speed>4.636</gpxdata:speed>
    </extensions>
   </trkpt>
   <trkpt lat="51.0560460" lon="13.7226526">
    <ele>114</ele>
    <time>2026-08-04T18:45:22Z</time>
    <extensions>
     <gpxdata:hr>106</gpxdata:hr>
     <gpxdata:distance>960.00</gpxdata:distance>
     <gpxdata:speed>5.169</gpxdata:speed>
    </extensions>
   </trkpt>
   <trkpt lat="51.0560945" lon="13.7227367">
    <ele>114</ele>
    <time>2026-08-04T18:45:23Z</time>
    <extensions>
     <gpxdata:hr>106</gpxdata:hr>
     <gpxdata:distance>968.00</gpxdata:distance>
     <gpxdata:speed>5.753</gpxdata:speed>
    </extensions>
   </trkpt>
   <trkpt lat="51.0561602" lon="13.7228584">
    <ele>114</ele>
    <time>2026-08-04T18:45:24Z</time>
    <extensions>
     <gpxdata:hr>106</gpxdata:hr>
     <gpxdata:distance>976.00</gpxdata:distance>
     <gpxdata:speed>6.358</gpxdata:speed>
    </extensions>
   </trkpt>
   <trkpt lat="51.0562126" lon="13.7229621">
    <ele>115</ele>
    <time>2026-08-04T18:45:25Z</time>
    <extensions>
     <gpxdata:hr>107</gpxdata:hr>
     <gpxdata:distance>985.00</gpxdata:distance>
     <gpxdata:speed>6.956</gpxdata:speed>
    </extensions>
   </trkpt>
   <trkpt lat="51.0562670" lon="13.7230653">
    <ele>115</ele>
    <time>2026-08-04T18:45:26Z</time>
    <extensions>
     <gpxdata:hr>107</gpxdata:hr>
     <gpxdata:distance>994.00</gpxdata:distance>
     <gpxdata:speed>8.778</gpxdata:speed>
    </extensions>
   </trkpt>
   <trkpt lat="51.0563248" lon="13.7231676">
    <ele>115</ele>
    <time>2026-08-04T18:45:27Z</time>
    <extensions>
     <gpxdata:hr>107</gpxdata:hr>
     <gpxdata:distance>1003.50</gpxdata:distance>
     <gpxdata:speed>9.231</gpxdata:speed>
    </extensions>
   </trkpt>
   <trkpt lat="51.0563830" lon="13.7232675">
    <ele>115</ele>
    <time>2026-08-04T18:45:28Z</time>
    <extensions>
     <gpxdata:hr>107</gpxdata:hr>
     <gpxdata:distance>1013.00</gpxdata:distance>
     <gpxdata:speed>9.469</gpxdata:speed>
    </extensions>
   </trkpt>
   <trkpt lat="51.0564398" lon="13.7233647">
    <ele>115</ele>
    <time>2026-08-04T18:45:29Z</time>
    <extensions>
     <gpxdata:hr>107</gpxdata:hr>
     <gpxdata:distance>1022.50</gpxdata:distance>
     <gpxdata:speed>9.406</gpxdata:speed>
    </extensions>
   </trkpt>
   <trkpt lat="51.0564951" lon="13.7234586">
    <ele>115</ele>
    <time>2026-08-04T18:45:30Z</time>
    <extensions>
     <gpxdata:hr>107</gpxdata:hr>
     <gpxdata:distance>1032.00</gpxdata:distance>
     <gpxdata:speed>9.236</gpxdata:speed>
    </extensions>
   </trkpt>
   <trkpt lat="51.0565473" lon="13.7235500">
    <ele>115</ele>
    <time>2026-08-04T18:45:31Z</time>
    <extensions>
     <gpxdata:hr>108</gpxdata:hr>
     <gpxdata:distance>1040.50</gpxdata:distance>
     <gpxdata:speed>9.022</gpxdata:speed>
    </extensions>
   </trkpt>
   <trkpt lat="51.0565964" lon="13.7236373">
    <ele>115</ele>
    <time>2026-08-04T18:45:32Z</time>
    <extensions>
     <gpxdata:hr>109</gpxdata:hr>
     <gpxdata:distance>1049.00</gpxdata:distance>
     <gpxdata:speed>8.864</gpxdata:speed>
    </extensions>
   </trkpt>
   <trkpt lat="51.0566441" lon="13.7237206">
    <ele>115</ele>
    <time>2026-08-04T18:45:33Z</time>
    <extensions>
     <gpxdata:hr>110</gpxdata:hr>
     <gpxdata:distance>1056.50</gpxdata:distance>
     <gpxdata:speed>8.603</gpxdata:speed>
    </extensions>
   </trkpt>
   <trkpt lat="51.0566908" lon="13.7238008">
    <ele>115</ele>
    <time>2026-08-04T18:45:34Z</time>
    <extensions>
     <gpxdata:hr>110</gpxdata:hr>
     <gpxdata:distance>1064.00</gpxdata:distance>
     <gpxdata:speed>8.094</gpxdata:speed>
    </extensions>
   </trkpt>
   <trkpt lat="51.0567364" lon="13.7238781">
    <ele>114</ele>
    <time>2026-08-04T18:45:35Z</time>
    <extensions>
     <gpxdata:hr>110</gpxdata:hr>
     <gpxdata:distance>1071.50</gpxdata:distance>
     <gpxdata:speed>7.808</gpxdata:speed>
    </extensions>
   </trkpt>
   <trkpt lat="51.0567810" lon="13.7239529">
    <ele>114</ele>
    <time>2026-08-04T18:45:36Z</time>
    <extensions>
     <gpxdata:hr>110</gpxdata:hr>
     <gpxdata:distance>1079.00</gpxdata:distance>
     <gpxdata:speed>7.553</gpxdata:speed>
    </extensions>
   </trkpt>
   <trkpt lat="51.0568280" lon="13.7240236">
    <ele>114</ele>
    <time>2026-08-04T18:45:37Z</time>
    <extensions>
     <gpxdata:hr>109</gpxdata:hr>
     <gpxdata:distance>1086.50</gpxdata:distance>
     <gpxdata:speed>7.339</gpxdata:speed>
    </extensions>
   </trkpt>
   <trkpt lat="51.0568761" lon="13.7240905">
    <ele>114</ele>
    <time>2026-08-04T18:45:38Z</time>
    <extensions>
     <gpxdata:hr>109</gpxdata:hr>
     <gpxdata:distance>1094.00</gpxdata:distance>
     <gpxdata:speed>7.311</gpxdata:speed>
    </extensions>
   </trkpt>
   <trkpt lat="51.0569230" lon="13.7241598">
    <ele>114</ele>
    <time>2026-08-04T18:45:39Z</time>
    <extensions>
     <gpxdata:hr>112</gpxdata:hr>
     <gpxdata:distance>1101.00</gpxdata:distance>
     <gpxdata:speed>7.181</gpxdata:speed>
    </extensions>
   </trkpt>
   <trkpt lat="51.0569671" lon="13.7242339">
    <ele>114</ele>
    <time>2026-08-04T18:45:40Z</time>
    <extensions>
     <gpxdata:hr>114</gpxdata:hr>
     <gpxdata:distance>1108.00</gpxdata:distance>
     <gpxdata:speed>7.178</gpxdata:speed>
    </extensions>
   </trkpt>
   <trkpt lat="51.0570079" lon="13.7243111">
    <ele>114</ele>
    <time>2026-08-04T18:45:41Z</time>
    <extensions>
     <gpxdata:hr>118</gpxdata:hr>
     <gpxdata:distance>1115.00</gpxdata:distance>
     <gpxdata:speed>7.178</gpxdata:speed>
    </extensions>
   </trkpt>
   <trkpt lat="51.0570475" lon="13.7243888">
    <ele>114</ele>
    <time>2026-08-04T18:45:42Z</time>
    <extensions>
     <gpxdata:hr>117</gpxdata:hr>
     <gpxdata:distance>1122.00</gpxdata:distance>
     <gpxdata:speed>7.100</gpxdata:speed>
    </extensions>
   </trkpt>
   <trkpt lat="51.0570877" lon="13.7244642">
    <ele>114</ele>
    <time>2026-08-04T18:45:43Z</time>
    <extensions>
     <gpxdata:hr>117</gpxdata:hr>
     <gpxdata:distance>1129.00</gpxdata:distance>
     <gpxdata:speed>7.042</gpxdata:speed>
    </extensions>
   </trkpt>
   <trkpt lat="51.0571287" lon="13.7245352">
    <ele>114</ele>
    <time>2026-08-04T18:45:44Z</time>
    <extensions>
     <gpxdata:hr>118</gpxdata:hr>
     <gpxdata:distance>1136.00</gpxdata:distance>
     <gpxdata:speed>6.953</gpxdata:speed>
    </extensions>
   </trkpt>
   <trkpt lat="51.0571700" lon="13.7245997">
    <ele>114</ele>
    <time>2026-08-04T18:45:45Z</time>
    <extensions>
     <gpxdata:hr>119</gpxdata:hr>
     <gpxdata:distance>1142.50</gpxdata:distance>
     <gpxdata:speed>6.833</gpxdata:speed>
    </extensions>
   </trkpt>
   <trkpt lat="51.0572080" lon="13.7246531">
    <ele>114</ele>
    <time>2026-08-04T18:45:46Z</time>
    <extensions>
     <gpxdata:hr>119</gpxdata:hr>
     <gpxdata:distance>1149.00</gpxdata:distance>
     <gpxdata:speed>6.517</gpxdata:speed>
    </extensions>
   </trkpt>
   <trkpt lat="51.0572303" lon="13.7246804">
    <ele>113</ele>
    <time>2026-08-04T18:45:47Z</time>
    <extensions>
     <gpxdata:hr>118</gpxdata:hr>
     <gpxdata:distance>1153.00</gpxdata:distance>
     <gpxdata:speed>5.756</gpxdata:speed>
    </extensions>
   </trkpt>
   <trkpt lat="51.0572524" lon="13.7247047">
    <ele>113</ele>
    <time>2026-08-04T18:45:48Z</time>
    <extensions>
     <gpxdata:hr>116</gpxdata:hr>
     <gpxdata:distance>1157.00</gpxdata:distance>
     <gpxdata:speed>5.633</gpxdata:speed>
    </extensions>
   </trkpt>
   <trkpt lat="51.0572737" lon="13.7247266">
    <ele>113</ele>
    <time>2026-08-04T18:45:49Z</time>
    <extensions>
     <gpxdata:hr>116</gpxdata:hr>
     <gpxdata:distance>1159.50</gpxdata:distance>
     <gpxdata:speed>3.339</gpxdata:speed>
    </extensions>
   </trkpt>
   <trkpt lat="51.0572979" lon="13.7247533">
    <ele>113</ele>
    <time>2026-08-04T18:45:50Z</time>
    <extensions>
     <gpxdata:hr>116</gpxdata:hr>
     <gpxdata:distance>1162.00</gpxdata:distance>
     <gpxdata:speed>3.339</gpxdata:speed>
    </extensions>
   </trkpt>
   <trkpt lat="51.0573272" lon="13.7247869">
    <ele>113</ele>
    <time>2026-08-04T18:45:51Z</time>
    <extensions>
     <gpxdata:hr>116</gpxdata:hr>
     <gpxdata:distance>1166.50</gpxdata:distance>
     <gpxdata:speed>3.725</gpxdata:speed>
    </extensions>
   </trkpt>
   <trkpt lat="51.0573629" lon="13.7248265">
    <ele>113</ele>
    <time>2026-08-04T18:45:52Z</time>
    <extensions>
     <gpxdata:hr>116</gpxdata:hr>
     <gpxdata:distance>1171.00</gpxdata:distance>
     <gpxdata:speed>4.367</gpxdata:speed>
    </extensions>
   </trkpt>
   <trkpt lat="51.0574054" lon="13.7248696">
    <ele>113</ele>
    <time>2026-08-04T18:45:53Z</time>
    <extensions>
     <gpxdata:hr>116</gpxdata:hr>
     <gpxdata:distance>1177.00</gpxdata:distance>
     <gpxdata:speed>5.042</gpxdata:speed>
    </extensions>
   </trkpt>
   <trkpt lat="51.0574540" lon="13.7249143">
    <ele>113</ele>
    <time>2026-08-04T18:45:54Z</time>
    <extensions>
     <gpxdata:hr>116</gpxdata:hr>
     <gpxdata:distance>1183.00</gpxdata:distance>
     <gpxdata:speed>5.711</gpxdata:speed>
    </extensions>
   </trkpt>
   <trkpt lat="51.0575255" lon="13.7249742">
    <ele>113</ele>
    <time>2026-08-04T18:45:55Z</time>
    <extensions>
     <gpxdata:hr>115</gpxdata:hr>
     <gpxdata:distance>1190.00</gpxdata:distance>
     <gpxdata:speed>6.267</gpxdata:speed>
    </extensions>
   </trkpt>
   <trkpt lat="51.0575842" lon="13.7250203">
    <ele>113</ele>
    <time>2026-08-04T18:45:56Z</time>
    <extensions>
     <gpxdata:hr>115</gpxdata:hr>
     <gpxdata:distance>1197.00</gpxdata:distance>
     <gpxdata:speed>6.708</gpxdata:speed>
    </extensions>
   </trkpt>
   <trkpt lat="51.0576413" lon="13.7250596">
    <ele>113</ele>
    <time>2026-08-04T18:45:57Z</time>
    <extensions>
     <gpxdata:hr>115</gpxdata:hr>
     <gpxdata:distance>1204.00</gpxdata:distance>
     <gpxdata:speed>6.839</gpxdata:speed>
    </extensions>
   </trkpt>
   <trkpt lat="51.0576983" lon="13.7250912">
    <ele>114</ele>
    <time>2026-08-04T18:45:58Z</time>
    <extensions>
     <gpxdata:hr>115</gpxdata:hr>
     <gpxdata:distance>1211.00</gpxdata:distance>
     <gpxdata:speed>6.603</gpxdata:speed>
    </extensions>
   </trkpt>
   <trkpt lat="51.0577556" lon="13.7251238">
    <ele>114</ele>
    <time>2026-08-04T18:45:59Z</time>
    <extensions>
     <gpxdata:hr>115</gpxdata:hr>
     <gpxdata:distance>1217.50</gpxdata:distance>
     <gpxdata:speed>6.650</gpxdata:speed>
    </extensions>
   </trkpt>
   <trkpt lat="51.0578131" lon="13.7251685">
    <ele>114</ele>
    <time>2026-08-04T18:46:00Z</time>
    <extensions>
     <gpxdata:hr>115</gpxdata:hr>
     <gpxdata:distance>1224.00</gpxdata:distance>
     <gpxdata:speed>6.792</gpxdata:speed>
    </extensions>
   </trkpt>
   <trkpt lat="51.0578692" lon="13.7252300">
    <ele>114</ele>
    <time>2026-08-04T18:46:01Z</time>
    <extensions>
     <gpxdata:hr>115</gpxdata:hr>
     <gpxdata:distance>1232.00</gpxdata:distance>
     <gpxdata:speed>7.169</gpxdata:speed>
    </extensions>
   </trkpt>
   <trkpt lat="51.0579227" lon="13.7253001">
    <ele>114</ele>
    <time>2026-08-04T18:46:02Z</time>
    <extensions>
     <gpxdata:hr>115</gpxdata:hr>
     <gpxdata:distance>1240.00</gpxdata:distance>
     <gpxdata:speed>7.575</gpxdata:speed>
    </extensions>
   </trkpt>
   <trkpt lat="51.0579737" lon="13.7253705">
    <ele>114</ele>
    <time>2026-08-04T18:46:03Z</time>
    <extensions>
     <gpxdata:hr>115</gpxdata:hr>
     <gpxdata:distance>1247.50</gpxdata:distance>
     <gpxdata:speed>7.611</gpxdata:speed>
    </extensions>
   </trkpt>
   <trkpt lat="51.0580262" lon="13.7254362">
    <ele>114</ele>
    <time>2026-08-04T18:46:04Z</time>
    <extensions>
     <gpxdata:hr>114</gpxdata:hr>
     <gpxdata:distance>1255.00</gpxdata:distance>
     <gpxdata:speed>7.522</gpxdata:speed>
    </extensions>
   </trkpt>
   <trkpt lat="51.0580811" lon="13.7254971">
    <ele>114</ele>
    <time>2026-08-04T18:46:05Z</time>
    <extensions>
     <gpxdata:hr>114</gpxdata:hr>
     <gpxdata:distance>1262.50</gpxdata:distance>
     <gpxdata:speed>7.497</gpxdata:speed>
    </extensions>
   </trkpt>
   <trkpt lat="51.0581372" lon="13.7255564">
    <ele>114</ele>
    <time>2026-08-04T18:46:06Z</time>
    <extensions>
     <gpxdata:hr>113</gpxdata:hr>
     <gpxdata:distance>1270.00</gpxdata:distance>
     <gpxdata:speed>7.494</gpxdata:speed>
    </extensions>
   </trkpt>
   <trkpt lat="51.0581943" lon="13.7256156">
    <ele>114</ele>
    <time>2026-08-04T18:46:07Z</time>
    <extensions>
     <gpxdata:hr>113</gpxdata:hr>
     <gpxdata:distance>1277.50</gpxdata:distance>
     <gpxdata:speed>7.506</gpxdata:speed>
    </extensions>
   </trkpt>
   <trkpt lat="51.0582531" lon="13.7256736">
    <ele>114</ele>
    <time>2026-08-04T18:46:08Z</time>
    <extensions>
     <gpxdata:hr>114</gpxdata:hr>
     <gpxdata:distance>1285.00</gpxdata:distance>
     <gpxdata:speed>7.575</gpxdata:speed>
    </extensions>
   </trkpt>
   <trkpt lat="51.0583132" lon="13.7257327">
    <ele>114</ele>
    <time>2026-08-04T18:46:09Z</time>
    <extensions>
     <gpxdata:hr>116</gpxdata:hr>
     <gpxdata:distance>1293.00</gpxdata:distance>
     <gpxdata:speed>7.697</gpxdata:speed>
    </extensions>
   </trkpt>
   <trkpt lat="51.0583711" lon="13.7257939">
    <ele>114</ele>
    <time>2026-08-04T18:46:10Z</time>
    <extensions>
     <gpxdata:hr>117</gpxdata:hr>
     <gpxdata:distance>1301.00</gpxdata:distance>
     <gpxdata:speed>7.828</gpxdata:speed>
    </extensions>
   </trkpt>
   <trkpt lat="51.0584235" lon="13.7258524">
    <ele>114</ele>
    <time>2026-08-04T18:46:11Z</time>
    <extensions>
     <gpxdata:hr>119</gpxdata:hr>
     <gpxdata:distance>1308.00</gpxdata:distance>
     <gpxdata:speed>7.714</gpxdata:speed>
    </extensions>
   </trkpt>
   <trkpt lat="51.0584691" lon="13.7259054">
    <ele>114</ele>
    <time>2026-08-04T18:46:12Z</time>
    <extensions>
     <gpxdata:hr>120</gpxdata:hr>
     <gpxdata:distance>1315.00</gpxdata:distance>
     <gpxdata:speed>7.147</gpxdata:speed>
    </extensions>
   </trkpt>
   <trkpt lat="51.0585088" lon="13.7259482">
    <ele>114</ele>
    <time>2026-08-04T18:46:13Z</time>
    <extensions>
     <gpxdata:hr>125</gpxdata:hr>
     <gpxdata:distance>1320.00</gpxdata:distance>
     <gpxdata:speed>6.447</gpxdata:speed>
    </extensions>
   </trkpt>
   <trkpt lat="51.0585327" lon="13.7259725">
    <ele>114</ele>
    <time>2026-08-04T18:46:14Z</time>
    <extensions>
     <gpxdata:hr>128</gpxdata:hr>
     <gpxdata:distance>1325.00</gpxdata:distance>
     <gpxdata:speed>5.606</gpxdata:speed>
    </extensions>
   </trkpt>
   <trkpt lat="51.0585553" lon="13.7259950">
    <ele>114</ele>
    <time>2026-08-04T18:46:15Z</time>
    <extensions>
     <gpxdata:hr>129</gpxdata:hr>
     <gpxdata:distance>1327.50</gpxdata:distance>
     <gpxdata:speed>5.492</gpxdata:speed>
    </extensions>
   </trkpt>
   <trkpt lat="51.0586652" lon="13.7260898">
    <ele>113</ele>
    <time>2026-08-04T18:47:06Z</time>
    <extensions>
     <gpxdata:hr>96</gpxdata:hr>
     <gpxdata:distance>1347.00</gpxdata:distance>
     <gpxdata:speed>3.236</gpxdata:speed>
    </extensions>
   </trkpt>
   <trkpt lat="51.0587015" lon="13.7261235">
    <ele>113</ele>
    <time>2026-08-04T18:47:07Z</time>
    <extensions>
     <gpxdata:hr>96</gpxdata:hr>
     <gpxdata:distance>1347.00</gpxdata:distance>
     <gpxdata:speed>3.864</gpxdata:speed>
    </extensions>
   </trkpt>
   <trkpt lat="51.0587373" lon="13.7261559">
    <ele>113</ele>
    <time>2026-08-04T18:47:08Z</time>
    <extensions>
     <gpxdata:hr>95</gpxdata:hr>
     <gpxdata:distance>1351.50</gpxdata:distance>
     <gpxdata:speed>4.269</gpxdata:speed>
    </extensions>
   </trkpt>
   <trkpt lat="51.0587730" lon="13.7261893">
    <ele>114</ele>
    <time>2026-08-04T18:47:09Z</time>
    <extensions>
     <gpxdata:hr>95</gpxdata:hr>
     <gpxdata:distance>1356.00</gpxdata:distance>
     <gpxdata:speed>4.514</gpxdata:speed>
    </extensions>
   </trkpt>
   <trkpt lat="51.0588077" lon="13.7262218">
    <ele>114</ele>
    <time>2026-08-04T18:47:10Z</time>
    <extensions>
     <gpxdata:hr>95</gpxdata:hr>
     <gpxdata:distance>1360.50</gpxdata:distance>
     <gpxdata:speed>4.575</gpxdata:speed>
    </extensions>
   </trkpt>
   <trkpt lat="51.0588399" lon="13.7262528">
    <ele>114</ele>
    <time>2026-08-04T18:47:11Z</time>
    <extensions>
     <gpxdata:hr>96</gpxdata:hr>
     <gpxdata:distance>1365.00</gpxdata:distance>
     <gpxdata:speed>4.442</gpxdata:speed>
    </extensions>
   </trkpt>
   <trkpt lat="51.0588680" lon="13.7262806">
    <ele>114</ele>
    <time>2026-08-04T18:47:12Z</time>
    <extensions>
     <gpxdata:hr>97</gpxdata:hr>
     <gpxdata:distance>1368.50</gpxdata:distance>
     <gpxdata:speed>4.136</gpxdata:speed>
    </extensions>
   </trkpt>
   <trkpt lat="51.0588926" lon="13.7263050">
    <ele>114</ele>
    <time>2026-08-04T18:47:13Z</time>
    <extensions>
     <gpxdata:hr>99</gpxdata:hr>
     <gpxdata:distance>1372.00</gpxdata:distance>
     <gpxdata:speed>3.917</gpxdata:speed>
    </extensions>
   </trkpt>
   <trkpt lat="51.0589161" lon="13.7263253">
    <ele>114</ele>
    <time>2026-08-04T18:47:14Z</time>
    <extensions>
     <gpxdata:hr>99</gpxdata:hr>
     <gpxdata:distance>1375.00</gpxdata:distance>
     <gpxdata:speed>3.700</gpxdata:speed>
    </extensions>
   </trkpt>
   <trkpt lat="51.0589432" lon="13.7263434">
    <ele>114</ele>
    <time>2026-08-04T18:47:15Z</time>
    <extensions>
     <gpxdata:hr>100</gpxdata:hr>
     <gpxdata:distance>1378.00</gpxdata:distance>
     <gpxdata:speed>3.514</gpxdata:speed>
    </extensions>
   </trkpt>
   <trkpt lat="51.0589767" lon="13.7263683">
    <ele>114</ele>
    <time>2026-08-04T18:47:16Z</time>
    <extensions>
     <gpxdata:hr>100</gpxdata:hr>
     <gpxdata:distance>1382.50</gpxdata:distance>
     <gpxdata:speed>3.511</gpxdata:speed>
    </extensions>
   </trkpt>
   <trkpt lat="51.0590181" lon="13.7264042">
    <ele>114</ele>
    <time>2026-08-04T18:47:17Z</time>
    <extensions>
     <gpxdata:hr>101</gpxdata:hr>
     <gpxdata:distance>1387.00</gpxdata:distance>
     <gpxdata:speed>3.758</gpxdata:speed>
    </extensions>
   </trkpt>
   <trkpt lat="51.0590679" lon="13.7264498">
    <ele>114</ele>
    <time>2026-08-04T18:47:18Z</time>
    <extensions>
     <gpxdata:hr>101</gpxdata:hr>
     <gpxdata:distance>1394.00</gpxdata:distance>
     <gpxdata:speed>3.781</gpxdata:speed>
    </extensions>
   </trkpt>
   <trkpt lat="51.0591433" lon="13.7265179">
    <ele>114</ele>
    <time>2026-08-04T18:47:19Z</time>
    <extensions>
     <gpxdata:hr>101</gpxdata:hr>
     <gpxdata:distance>1401.00</gpxdata:distance>
     <gpxdata:speed>6.469</gpxdata:speed>
    </extensions>
   </trkpt>
   <trkpt lat="51.0592103" lon="13.7265876">
    <ele>114</ele>
    <time>2026-08-04T18:47:20Z</time>
    <extensions>
     <gpxdata:hr>101</gpxdata:hr>
     <gpxdata:distance>1409.50</gpxdata:distance>
     <gpxdata:speed>7.189</gpxdata:speed>
    </extensions>
   </trkpt>
   <trkpt lat="51.0592820" lon="13.7266803">
    <ele>114</ele>
    <time>2026-08-04T18:47:21Z</time>
    <extensions>
     <gpxdata:hr>101</gpxdata:hr>
     <gpxdata:distance>1418.00</gpxdata:distance>
     <gpxdata:speed>8.286</gpxdata:speed>
    </extensions>
   </trkpt>
   <trkpt lat="51.0593565" lon="13.7267749">
    <ele>114</ele>
    <time>2026-08-04T18:47:22Z</time>
    <extensions>
     <gpxdata:hr>101</gpxdata:hr>
     <gpxdata:distance>1429.00</gpxdata:distance>
     <gpxdata:speed>8.614</gpxdata:speed>
    </extensions>
   </trkpt>
   <trkpt lat="51.0594312" lon="13.7268656">
    <ele>114</ele>
    <time>2026-08-04T18:47:23Z</time>
    <extensions>
     <gpxdata:hr>102</gpxdata:hr>
     <gpxdata:distance>1440.00</gpxdata:distance>
     <gpxdata:speed>10.042</gpxdata:speed>
    </extensions>
   </trkpt>
   <trkpt lat="51.0595054" lon="13.7269512">
    <ele>114</ele>
    <time>2026-08-04T18:47:24Z</time>
    <extensions>
     <gpxdata:hr>103</gpxdata:hr>
     <gpxdata:distance>1450.00</gpxdata:distance>
     <gpxdata:speed>10.119</gpxdata:speed>
    </extensions>
   </trkpt>
   <trkpt lat="51.0595796" lon="13.7270317">
    <ele>114</ele>
    <time>2026-08-04T18:47:25Z</time>
    <extensions>
     <gpxdata:hr>103</gpxdata:hr>
     <gpxdata:distance>1460.00</gpxdata:distance>
     <gpxdata:speed>10.019</gpxdata:speed>
    </extensions>
   </trkpt>
   <trkpt lat="51.0596543" lon="13.7271091">
    <ele>114</ele>
    <time>2026-08-04T18:47:26Z</time>
    <extensions>
     <gpxdata:hr>103</gpxdata:hr>
     <gpxdata:distance>1470.00</gpxdata:distance>
     <gpxdata:speed>9.942</gpxdata:speed>
    </extensions>
   </trkpt>
   <trkpt lat="51.0597297" lon="13.7271853">
    <ele>114</ele>
    <time>2026-08-04T18:47:27Z</time>
    <extensions>
     <gpxdata:hr>102</gpxdata:hr>
     <gpxdata:distance>1480.00</gpxdata:distance>
     <gpxdata:speed>9.928</gpxdata:speed>
    </extensions>
   </trkpt>
   <trkpt lat="51.0598058" lon="13.7272626">
    <ele>114</ele>
    <time>2026-08-04T18:47:28Z</time>
    <extensions>
     <gpxdata:hr>102</gpxdata:hr>
     <gpxdata:distance>1490.00</gpxdata:distance>
     <gpxdata:speed>9.967</gpxdata:speed>
    </extensions>
   </trkpt>
   <trkpt lat="51.0598820" lon="13.7273404">
    <ele>114</ele>
    <time>2026-08-04T18:47:29Z</time>
    <extensions>
     <gpxdata:hr>102</gpxdata:hr>
     <gpxdata:distance>1500.00</gpxdata:distance>
     <gpxdata:speed>10.053</gpxdata:speed>
    </extensions>
   </trkpt>
   <trkpt lat="51.0599581" lon="13.7274193">
    <ele>114</ele>
    <time>2026-08-04T18:47:30Z</time>
    <extensions>
     <gpxdata:hr>101</gpxdata:hr>
     <gpxdata:distance>1510.00</gpxdata:distance>
     <gpxdata:speed>10.075</gpxdata:speed>
    </extensions>
   </trkpt>
   <trkpt lat="51.0600305" lon="13.7275047">
    <ele>114</ele>
    <time>2026-08-04T18:47:31Z</time>
    <extensions>
     <gpxdata:hr>100</gpxdata:hr>
     <gpxdata:distance>1520.00</gpxdata:distance>
     <gpxdata:speed>10.122</gpxdata:speed>
    </extensions>
   </trkpt>
   <trkpt lat="51.0600920" lon="13.7276041">
    <ele>113</ele>
    <time>2026-08-04T18:47:32Z</time>
    <extensions>
     <gpxdata:hr>99</gpxdata:hr>
     <gpxdata:distance>1530.00</gpxdata:distance>
     <gpxdata:speed>10.056</gpxdata:speed>
    </extensions>
   </trkpt>
   <trkpt lat="51.0601353" lon="13.7277215">
    <ele>113</ele>
    <time>2026-08-04T18:47:33Z</time>
    <extensions>
     <gpxdata:hr>100</gpxdata:hr>
     <gpxdata:distance>1540.00</gpxdata:distance>
     <gpxdata:speed>9.931</gpxdata:speed>
    </extensions>
   </trkpt>
   <trkpt lat="51.0601595" lon="13.7278557">
    <ele>113</ele>
    <time>2026-08-04T18:47:34Z</time>
    <extensions>
     <gpxdata:hr>101</gpxdata:hr>
     <gpxdata:distance>1550.00</gpxdata:distance>
     <gpxdata:speed>9.836</gpxdata:speed>
    </extensions>
   </trkpt>
   <trkpt lat="51.0601671" lon="13.7280006">
    <ele>113</ele>
    <time>2026-08-04T18:47:35Z</time>
    <extensions>
     <gpxdata:hr>101</gpxdata:hr>
     <gpxdata:distance>1560.00</gpxdata:distance>
     <gpxdata:speed>9.928</gpxdata:speed>
    </extensions>
   </trkpt>
   <trkpt lat="51.0601612" lon="13.7281494">
    <ele>113</ele>
    <time>2026-08-04T18:47:36Z</time>
    <extensions>
     <gpxdata:hr>102</gpxdata:hr>
     <gpxdata:distance>1570.50</gpxdata:distance>
     <gpxdata:speed>10.008</gpxdata:speed>
    </extensions>
   </trkpt>
   <trkpt lat="51.0601439" lon="13.7282980">
    <ele>113</ele>
    <time>2026-08-04T18:47:37Z</time>
    <extensions>
     <gpxdata:hr>103</gpxdata:hr>
     <gpxdata:distance>1581.00</gpxdata:distance>
     <gpxdata:speed>10.111</gpxdata:speed>
    </extensions>
   </trkpt>
   <trkpt lat="51.0601164" lon="13.7284429">
    <ele>113</ele>
    <time>2026-08-04T18:47:38Z</time>
    <extensions>
     <gpxdata:hr>102</gpxdata:hr>
     <gpxdata:distance>1591.50</gpxdata:distance>
     <gpxdata:speed>10.225</gpxdata:speed>
    </extensions>
   </trkpt>
   <trkpt lat="51.0600791" lon="13.7285814">
    <ele>113</ele>
    <time>2026-08-04T18:47:39Z</time>
    <extensions>
     <gpxdata:hr>101</gpxdata:hr>
     <gpxdata:distance>1602.00</gpxdata:distance>
     <gpxdata:speed>10.306</gpxdata:speed>
    </extensions>
   </trkpt>
   <trkpt lat="51.0600329" lon="13.7287131">
    <ele>113</ele>
    <time>2026-08-04T18:47:40Z</time>
    <extensions>
     <gpxdata:hr>101</gpxdata:hr>
     <gpxdata:distance>1612.50</gpxdata:distance>
     <gpxdata:speed>10.358</gpxdata:speed>
    </extensions>
   </trkpt>
   <trkpt lat="51.0599803" lon="13.7288394">
    <ele>113</ele>
    <time>2026-08-04T18:47:41Z</time>
    <extensions>
     <gpxdata:hr>100</gpxdata:hr>
     <gpxdata:distance>1623.00</gpxdata:distance>
     <gpxdata:speed>10.411</gpxdata:speed>
    </extensions>
   </trkpt>
   <trkpt lat="51.0599232" lon="13.7289614">
    <ele>113</ele>
    <time>2026-08-04T18:47:42Z</time>
    <extensions>
     <gpxdata:hr>100</gpxdata:hr>
     <gpxdata:distance>1633.50</gpxdata:distance>
     <gpxdata:speed>10.467</gpxdata:speed>
    </extensions>
   </trkpt>
   <trkpt lat="51.0598641" lon="13.7290819">
    <ele>113</ele>
    <time>2026-08-04T18:47:43Z</time>
    <extensions>
     <gpxdata:hr>101</gpxdata:hr>
     <gpxdata:distance>1644.00</gpxdata:distance>
     <gpxdata:speed>10.567</gpxdata:speed>
    </extensions>
   </trkpt>
   <trkpt lat="51.0598043" lon="13.7292032">
    <ele>113</ele>
    <time>2026-08-04T18:47:44Z</time>
    <extensions>
     <gpxdata:hr>99</gpxdata:hr>
     <gpxdata:distance>1654.50</gpxdata:distance>
     <gpxdata:speed>10.639</gpxdata:speed>
    </extensions>
   </trkpt>
   <trkpt lat="51.0597411" lon="13.7293238">
    <ele>113</ele>
    <time>2026-08-04T18:47:45Z</time>
    <extensions>
     <gpxdata:hr>99</gpxdata:hr>
     <gpxdata:distance>1665.00</gpxdata:distance>
     <gpxdata:speed>10.736</gpxdata:speed>
    </extensions>
   </trkpt>
   <trkpt lat="51.0596735" lon="13.7294419">
    <ele>113</ele>
    <time>2026-08-04T18:47:46Z</time>
    <extensions>
     <gpxdata:hr>99</gpxdata:hr>
     <gpxdata:distance>1676.50</gpxdata:distance>
     <gpxdata:speed>10.931</gpxdata:speed>
    </extensions>
   </trkpt>
   <trkpt lat="51.0596034" lon="13.7295521">
    <ele>113</ele>
    <time>2026-08-04T18:47:47Z</time>
    <extensions>
     <gpxdata:hr>98</gpxdata:hr>
     <gpxdata:distance>1688.00</gpxdata:distance>
     <gpxdata:speed>11.094</gpxdata:speed>
    </extensions>
   </trkpt>
   <trkpt lat="51.0595320" lon="13.7296556">
    <ele>113</ele>
    <time>2026-08-04T18:47:48Z</time>
    <extensions>
     <gpxdata:hr>100</gpxdata:hr>
     <gpxdata:distance>1698.50</gpxdata:distance>
     <gpxdata:speed>10.925</gpxdata:speed>
    </extensions>
   </trkpt>
   <trkpt lat="51.0594575" lon="13.7297518">
    <ele>113</ele>
    <time>2026-08-04T18:47:49Z</time>
    <extensions>
     <gpxdata:hr>101</gpxdata:hr>
     <gpxdata:distance>1709.00</gpxdata:distance>
     <gpxdata:speed>10.800</gpxdata:speed>
    </extensions>
   </trkpt>
   <trkpt lat="51.0593813" lon="13.7298424">
    <ele>113</ele>
    <time>2026-08-04T18:47:50Z</time>
    <extensions>
     <gpxdata:hr>102</gpxdata:hr>
     <gpxdata:distance>1719.50</gpxdata:distance>
     <gpxdata:speed>10.769</gpxdata:speed>
    </extensions>
   </trkpt>
   <trkpt lat="51.0593035" lon="13.7299276">
    <ele>113</ele>
    <time>2026-08-04T18:47:51Z</time>
    <extensions>
     <gpxdata:hr>103</gpxdata:hr>
     <gpxdata:distance>1730.00</gpxdata:distance>
     <gpxdata:speed>10.708</gpxdata:speed>
    </extensions>
   </trkpt>
   <trkpt lat="51.0592248" lon="13.7300082">
    <ele>113</ele>
    <time>2026-08-04T18:47:52Z</time>
    <extensions>
     <gpxdata:hr>103</gpxdata:hr>
     <gpxdata:distance>1740.50</gpxdata:distance>
     <gpxdata:speed>10.639</gpxdata:speed>
    </extensions>
   </trkpt>
   <trkpt lat="51.0591461" lon="13.7300865">
    <ele>113</ele>
    <time>2026-08-04T18:47:53Z</time>
    <extensions>
     <gpxdata:hr>104</gpxdata:hr>
     <gpxdata:distance>1751.00</gpxdata:distance>
     <gpxdata:speed>10.564</gpxdata:speed>
    </extensions>
   </trkpt>
   <trkpt lat="51.0590679" lon="13.7301642">
    <ele>113</ele>
    <time>2026-08-04T18:47:54Z</time>
    <extensions>
     <gpxdata:hr>105</gpxdata:hr>
     <gpxdata:distance>1761.50</gpxdata:distance>
     <gpxdata:speed>10.478</gpxdata:speed>
    </extensions>
   </trkpt>
   <trkpt lat="51.0589906" lon="13.7302423">
    <ele>113</ele>
    <time>2026-08-04T18:47:55Z</time>
    <extensions>
     <gpxdata:hr>105</gpxdata:hr>
     <gpxdata:distance>1772.00</gpxdata:distance>
     <gpxdata:speed>10.403</gpxdata:speed>
    </extensions>
   </trkpt>
   <trkpt lat="51.0589143" lon="13.7303222">
    <ele>113</ele>
    <time>2026-08-04T18:47:56Z</time>
    <extensions>
     <gpxdata:hr>106</gpxdata:hr>
     <gpxdata:distance>1782.00</gpxdata:distance>
     <gpxdata:speed>10.328</gpxdata:speed>
    </extensions>
   </trkpt>
   <trkpt lat="51.0588393" lon="13.7304022">
    <ele>113</ele>
    <time>2026-08-04T18:47:57Z</time>
    <extensions>
     <gpxdata:hr>108</gpxdata:hr>
     <gpxdata:distance>1792.00</gpxdata:distance>
     <gpxdata:speed>10.267</gpxdata:speed>
    </extensions>
   </trkpt>
   <trkpt lat="51.0587653" lon="13.7304810">
    <ele>113</ele>
    <time>2026-08-04T18:47:58Z</time>
    <extensions>
     <gpxdata:hr>112</gpxdata:hr>
     <gpxdata:distance>1802.00</gpxdata:distance>
     <gpxdata:speed>10.181</gpxdata:speed>
    </extensions>
   </trkpt>
   <trkpt lat="51.0586920" lon="13.7305576">
    <ele>113</ele>
    <time>2026-08-04T18:47:59Z</time>
    <extensions>
     <gpxdata:hr>115</gpxdata:hr>
     <gpxdata:distance>1812.00</gpxdata:distance>
     <gpxdata:speed>10.031</gpxdata:speed>
    </extensions>
   </trkpt>
   <trkpt lat="51.0586181" lon="13.7306298">
    <ele>113</ele>
    <time>2026-08-04T18:48:00Z</time>
    <extensions>
     <gpxdata:hr>115</gpxdata:hr>
     <gpxdata:distance>1821.50</gpxdata:distance>
     <gpxdata:speed>9.853</gpxdata:speed>
    </extensions>
   </trkpt>
   <trkpt lat="51.0585413" lon="13.7306904">
    <ele>114</ele>
    <time>2026-08-04T18:48:01Z</time>
    <extensions>
     <gpxdata:hr>114</gpxdata:hr>
     <gpxdata:distance>1831.00</gpxdata:distance>
     <gpxdata:speed>9.733</gpxdata:speed>
    </extensions>
   </trkpt>
   <trkpt lat="51.0584601" lon="13.7307334">
    <ele>114</ele>
    <time>2026-08-04T18:48:02Z</time>
    <extensions>
     <gpxdata:hr>114</gpxdata:hr>
     <gpxdata:distance>1840.50</gpxdata:distance>
     <gpxdata:speed>9.642</gpxdata:speed>
    </extensions>
   </trkpt>
   <trkpt lat="51.0583763" lon="13.7307608">
    <ele>114</ele>
    <time>2026-08-04T18:48:03Z</time>
    <extensions>
     <gpxdata:hr>113</gpxdata:hr>
     <gpxdata:distance>1850.00</gpxdata:distance>
     <gpxdata:speed>9.639</gpxdata:speed>
    </extensions>
   </trkpt>
   <trkpt lat="51.0582912" lon="13.7307782">
    <ele>114</ele>
    <time>2026-08-04T18:48:04Z</time>
    <extensions>
     <gpxdata:hr>112</gpxdata:hr>
     <gpxdata:distance>1859.50</gpxdata:distance>
     <gpxdata:speed>9.581</gpxdata:speed>
    </extensions>
   </trkpt>
   <trkpt lat="51.0582061" lon="13.7307919">
    <ele>115</ele>
    <time>2026-08-04T18:48:05Z</time>
    <extensions>
     <gpxdata:hr>112</gpxdata:hr>
     <gpxdata:distance>1869.00</gpxdata:distance>
     <gpxdata:speed>9.553</gpxdata:speed>
    </extensions>
   </trkpt>
   <trkpt lat="51.0581227" lon="13.7308094">
    <ele>115</ele>
    <time>2026-08-04T18:48:06Z</time>
    <extensions>
     <gpxdata:hr>113</gpxdata:hr>
     <gpxdata:distance>1878.50</gpxdata:distance>
     <gpxdata:speed>9.503</gpxdata:speed>
    </extensions>
   </trkpt>
   <trkpt lat="51.0580397" lon="13.7308324">
    <ele>115</ele>
    <time>2026-08-04T18:48:07Z</time>
    <extensions>
     <gpxdata:hr>118</gpxdata:hr>
     <gpxdata:distance>1888.00</gpxdata:distance>
     <gpxdata:speed>9.378</gpxdata:speed>
    </extensions>
   </trkpt>
   <trkpt lat="51.0579562" lon="13.7308588">
    <ele>116</ele>
    <time>2026-08-04T18:48:08Z</time>
    <extensions>
     <gpxdata:hr>120</gpxdata:hr>
     <gpxdata:distance>1897.50</gpxdata:distance>
     <gpxdata:speed>9.394</gpxdata:speed>
    </extensions>
   </trkpt>
   <trkpt lat="51.0578716" lon="13.7308893">
    <ele>116</ele>
    <time>2026-08-04T18:48:09Z</time>
    <extensions>
     <gpxdata:hr>121</gpxdata:hr>
     <gpxdata:distance>1907.00</gpxdata:distance>
     <gpxdata:speed>9.458</gpxdata:speed>
    </extensions>
   </trkpt>
   <trkpt lat="51.0577862" lon="13.7309256">
    <ele>116</ele>
    <time>2026-08-04T18:48:10Z</time>
    <extensions>
     <gpxdata:hr>122</gpxdata:hr>
     <gpxdata:distance>1917.00</gpxdata:distance>
     <gpxdata:speed>9.550</gpxdata:speed>
    </extensions>
   </trkpt>
   <trkpt lat="51.0577004" lon="13.7309699">
    <ele>116</ele>
    <time>2026-08-04T18:48:11Z</time>
    <extensions>
     <gpxdata:hr>121</gpxdata:hr>
     <gpxdata:distance>1927.00</gpxdata:distance>
     <gpxdata:speed>9.669</gpxdata:speed>
    </extensions>
   </trkpt>
   <trkpt lat="51.0576144" lon="13.7310224">
    <ele>116</ele>
    <time>2026-08-04T18:48:12Z</time>
    <extensions>
     <gpxdata:hr>120</gpxdata:hr>
     <gpxdata:distance>1937.00</gpxdata:distance>
     <gpxdata:speed>9.808</gpxdata:speed>
    </extensions>
   </trkpt>
   <trkpt lat="51.0575281" lon="13.7310838">
    <ele>116</ele>
    <time>2026-08-04T18:48:13Z</time>
    <extensions>
     <gpxdata:hr>118</gpxdata:hr>
     <gpxdata:distance>1947.00</gpxdata:distance>
     <gpxdata:speed>9.967</gpxdata:speed>
    </extensions>
   </trkpt>
   <trkpt lat="51.0574425" lon="13.7311514">
    <ele>116</ele>
    <time>2026-08-04T18:48:14Z</time>
    <extensions>
     <gpxdata:hr>117</gpxdata:hr>
     <gpxdata:distance>1958.00</gpxdata:distance>
     <gpxdata:speed>10.417</gpxdata:speed>
    </extensions>
   </trkpt>
   <trkpt lat="51.0573606" lon="13.7312226">
    <ele>116</ele>
    <time>2026-08-04T18:48:15Z</time>
    <extensions>
     <gpxdata:hr>118</gpxdata:hr>
     <gpxdata:distance>1969.00</gpxdata:distance>
     <gpxdata:speed>10.528</gpxdata:speed>
    </extensions>
   </trkpt>
   <trkpt lat="51.0572831" lon="13.7312959">
    <ele>116</ele>
    <time>2026-08-04T18:48:16Z</time>
    <extensions>
     <gpxdata:hr>118</gpxdata:hr>
     <gpxdata:distance>1978.50</gpxdata:distance>
     <gpxdata:speed>10.342</gpxdata:speed>
    </extensions>
   </trkpt>
   <trkpt lat="51.0572099" lon="13.7313713">
    <ele>116</ele>
    <time>2026-08-04T18:48:17Z</time>
    <extensions>
     <gpxdata:hr>122</gpxdata:hr>
     <gpxdata:distance>1988.00</gpxdata:distance>
     <gpxdata:speed>10.078</gpxdata:speed>
    </extensions>
   </trkpt>
   <trkpt lat="51.0571400" lon="13.7314472">
    <ele>116</ele>
    <time>2026-08-04T18:48:18Z</time>
    <extensions>
     <gpxdata:hr>129</gpxdata:hr>
     <gpxdata:distance>1997.50</gpxdata:distance>
     <gpxdata:speed>9.886</gpxdata:speed>
    </extensions>
   </trkpt>
   <trkpt lat="51.0570726" lon="13.7315205">
    <ele>116</ele>
    <time>2026-08-04T18:48:19Z</time>
    <extensions>
     <gpxdata:hr>135</gpxdata:hr>
     <gpxdata:distance>2007.00</gpxdata:distance>
     <gpxdata:speed>9.711</gpxdata:speed>
    </extensions>
   </trkpt>
   <trkpt lat="51.0570058" lon="13.7315920">
    <ele>116</ele>
    <time>2026-08-04T18:48:20Z</time>
    <extensions>
     <gpxdata:hr>137</gpxdata:hr>
     <gpxdata:distance>2016.00</gpxdata:distance>
     <gpxdata:speed>9.481</gpxdata:speed>
    </extensions>
   </trkpt>
   <trkpt lat="51.0569382" lon="13.7316643">
    <ele>116</ele>
    <time>2026-08-04T18:48:21Z</time>
    <extensions>
     <gpxdata:hr>140</gpxdata:hr>
     <gpxdata:distance>2025.00</gpxdata:distance>
     <gpxdata:speed>9.308</gpxdata:speed>
    </extensions>
   </trkpt>
   <trkpt lat="51.0568732" lon="13.7317421">
    <ele>116</ele>
    <time>2026-08-04T18:48:22Z</time>
    <extensions>
     <gpxdata:hr>146</gpxdata:hr>
     <gpxdata:distance>2034.00</gpxdata:distance>
     <gpxdata:speed>9.239</gpxdata:speed>
    </extensions>
   </trkpt>
   <trkpt lat="51.0568091" lon="13.7318231">
    <ele>116</ele>
    <time>2026-08-04T18:48:23Z</time>
    <extensions>
     <gpxdata:hr>152</gpxdata:hr>
     <gpxdata:distance>2043.00</gpxdata:distance>
     <gpxdata:speed>9.122</gpxdata:speed>
    </extensions>
   </trkpt>
   <trkpt lat="51.0567440" lon="13.7319047">
    <ele>116</ele>
    <time>2026-08-04T18:48:24Z</time>
    <extensions>
     <gpxdata:hr>155</gpxdata:hr>
     <gpxdata:distance>2052.50</gpxdata:distance>
     <gpxdata:speed>9.133</gpxdata:speed>
    </extensions>
   </trkpt>
   <trkpt lat="51.0566780" lon="13.7319855">
    <ele>116</ele>
    <time>2026-08-04T18:48:25Z</time>
    <extensions>
     <gpxdata:hr>156</gpxdata:hr>
     <gpxdata:distance>2062.00</gpxdata:distance>
     <gpxdata:speed>9.231</gpxdata:speed>
    </extensions>
   </trkpt>
   <trkpt lat="51.0566111" lon="13.7320638">
    <ele>116</ele>
    <time>2026-08-04T18:48:26Z</time>
    <extensions>
     <gpxdata:hr>156</gpxdata:hr>
     <gpxdata:distance>2071.00</gpxdata:distance>
     <gpxdata:speed>9.242</gpxdata:speed>
    </extensions>
   </trkpt>
   <trkpt lat="51.0565438" lon="13.7321404">
    <ele>116</ele>
    <time>2026-08-04T18:48:27Z</time>
    <extensions>
     <gpxdata:hr>156</gpxdata:hr>
     <gpxdata:distance>2080.00</gpxdata:distance>
     <gpxdata:speed>9.222</gpxdata:speed>
    </extensions>
   </trkpt>
   <trkpt lat="51.0564762" lon="13.7322151">
    <ele>116</ele>
    <time>2026-08-04T18:48:28Z</time>
    <extensions>
     <gpxdata:hr>155</gpxdata:hr>
     <gpxdata:distance>2089.50</gpxdata:distance>
     <gpxdata:speed>9.208</gpxdata:speed>
    </extensions>
   </trkpt>
   <trkpt lat="51.0564092" lon="13.7322882">
    <ele>116</ele>
    <time>2026-08-04T18:48:29Z</time>
    <extensions>
     <gpxdata:hr>154</gpxdata:hr>
     <gpxdata:distance>2099.00</gpxdata:distance>
     <gpxdata:speed>9.183</gpxdata:speed>
    </extensions>
   </trkpt>
   <trkpt lat="51.0563429" lon="13.7323609">
    <ele>116</ele>
    <time>2026-08-04T18:48:30Z</time>
    <extensions>
     <gpxdata:hr>153</gpxdata:hr>
     <gpxdata:distance>2107.50</gpxdata:distance>
     <gpxdata:speed>9.125</gpxdata:speed>
    </extensions>
   </trkpt>
   <trkpt lat="51.0562773" lon="13.7324340">
    <ele>116</ele>
    <time>2026-08-04T18:48:31Z</time>
    <extensions>
     <gpxdata:hr>152</gpxdata:hr>
     <gpxdata:distance>2116.00</gpxdata:distance>
     <gpxdata:speed>9.067</gpxdata:speed>
    </extensions>
   </trkpt>
   <trkpt lat="51.0562131" lon="13.7325097">
    <ele>116</ele>
    <time>2026-08-04T18:48:32Z</time>
    <extensions>
     <gpxdata:hr>151</gpxdata:hr>
     <gpxdata:distance>2125.00</gpxdata:distance>
     <gpxdata:speed>9.014</gpxdata:speed>
    </extensions>
   </trkpt>
   <trkpt lat="51.0561502" lon="13.7325882">
    <ele>116</ele>
    <time>2026-08-04T18:48:33Z</time>
    <extensions>
     <gpxdata:hr>150</gpxdata:hr>
     <gpxdata:distance>2134.00</gpxdata:distance>
     <gpxdata:speed>8.975</gpxdata:speed>
    </extensions>
   </trkpt>
   <trkpt lat="51.0560866" lon="13.7326645">
    <ele>116</ele>
    <time>2026-08-04T18:48:34Z</time>
    <extensions>
     <gpxdata:hr>150</gpxdata:hr>
     <gpxdata:distance>2143.00</gpxdata:distance>
     <gpxdata:speed>8.950</gpxdata:speed>
    </extensions>
   </trkpt>
   <trkpt lat="51.0560224" lon="13.7327372">
    <ele>116</ele>
    <time>2026-08-04T18:48:35Z</time>
    <extensions>
     <gpxdata:hr>149</gpxdata:hr>
     <gpxdata:distance>2152.00</gpxdata:distance>
     <gpxdata:speed>8.917</gpxdata:speed>
    </extensions>
   </trkpt>
   <trkpt lat="51.0559590" lon="13.7328093">
    <ele>116</ele>
    <time>2026-08-04T18:48:36Z</time>
    <extensions>
     <gpxdata:hr>148</gpxdata:hr>
     <gpxdata:distance>2160.50</gpxdata:distance>
     <gpxdata:speed>8.864</gpxdata:speed>
    </extensions>
   </trkpt>
   <trkpt lat="51.0558942" lon="13.7328788">
    <ele>116</ele>
    <time>2026-08-04T18:48:37Z</time>
    <extensions>
     <gpxdata:hr>149</gpxdata:hr>
     <gpxdata:distance>2169.00</gpxdata:distance>
     <gpxdata:speed>8.792</gpxdata:speed>
    </extensions>
   </trkpt>
   <trkpt lat="51.0558300" lon="13.7329487">
    <ele>116</ele>
    <time>2026-08-04T18:48:38Z</time>
    <extensions>
     <gpxdata:hr>150</gpxdata:hr>
     <gpxdata:distance>2178.00</gpxdata:distance>
     <gpxdata:speed>8.767</gpxdata:speed>
    </extensions>
   </trkpt>
   <trkpt lat="51.0557663" lon="13.7330182">
    <ele>116</ele>
    <time>2026-08-04T18:48:39Z</time>
    <extensions>
     <gpxdata:hr>151</gpxdata:hr>
     <gpxdata:distance>2187.00</gpxdata:distance>
     <gpxdata:speed>8.725</gpxdata:speed>
    </extensions>
   </trkpt>
   <trkpt lat="51.0557026" lon="13.7330866">
    <ele>116</ele>
    <time>2026-08-04T18:48:40Z</time>
    <extensions>
     <gpxdata:hr>150</gpxdata:hr>
     <gpxdata:distance>2195.50</gpxdata:distance>
     <gpxdata:speed>8.675</gpxdata:speed>
    </extensions>
   </trkpt>
   <trkpt lat="51.0556397" lon="13.7331544">
    <ele>116</ele>
    <time>2026-08-04T18:48:41Z</time>
    <extensions>
     <gpxdata:hr>150</gpxdata:hr>
     <gpxdata:distance>2204.00</gpxdata:distance>
     <gpxdata:speed>8.633</gpxdata:speed>
    </extensions>
   </trkpt>
   <trkpt lat="51.0555798" lon="13.7332205">
    <ele>116</ele>
    <time>2026-08-04T18:48:42Z</time>
    <extensions>
     <gpxdata:hr>150</gpxdata:hr>
     <gpxdata:distance>2212.00</gpxdata:distance>
     <gpxdata:speed>8.567</gpxdata:speed>
    </extensions>
   </trkpt>
   <trkpt lat="51.0555283" lon="13.7332863">
    <ele>116</ele>
    <time>2026-08-04T18:48:43Z</time>
    <extensions>
     <gpxdata:hr>150</gpxdata:hr>
     <gpxdata:distance>2220.00</gpxdata:distance>
     <gpxdata:speed>8.167</gpxdata:speed>
    </extensions>
   </trkpt>
   <trkpt lat="51.0554894" lon="13.7333575">
    <ele>116</ele>
    <time>2026-08-04T18:48:44Z</time>
    <extensions>
     <gpxdata:hr>149</gpxdata:hr>
     <gpxdata:distance>2226.50</gpxdata:distance>
     <gpxdata:speed>7.456</gpxdata:speed>
    </extensions>
   </trkpt>
   <trkpt lat="51.0554679" lon="13.7334404">
    <ele>116</ele>
    <time>2026-08-04T18:48:45Z</time>
    <extensions>
     <gpxdata:hr>149</gpxdata:hr>
     <gpxdata:distance>2233.00</gpxdata:distance>
     <gpxdata:speed>6.869</gpxdata:speed>
    </extensions>
   </trkpt>
   <trkpt lat="51.0554647" lon="13.7335343">
    <ele>115</ele>
    <time>2026-08-04T18:48:46Z</time>
    <extensions>
     <gpxdata:hr>150</gpxdata:hr>
     <gpxdata:distance>2240.00</gpxdata:distance>
     <gpxdata:speed>6.733</gpxdata:speed>
    </extensions>
   </trkpt>
   <trkpt lat="51.0554799" lon="13.7336336">
    <ele>115</ele>
    <time>2026-08-04T18:48:47Z</time>
    <extensions>
     <gpxdata:hr>149</gpxdata:hr>
     <gpxdata:distance>2247.00</gpxdata:distance>
     <gpxdata:speed>6.931</gpxdata:speed>
    </extensions>
   </trkpt>
   <trkpt lat="51.0555104" lon="13.7337314">
    <ele>115</ele>
    <time>2026-08-04T18:48:48Z</time>
    <extensions>
     <gpxdata:hr>147</gpxdata:hr>
     <gpxdata:distance>2254.50</gpxdata:distance>
     <gpxdata:speed>7.231</gpxdata:speed>
    </extensions>
   </trkpt>
   <trkpt lat="51.0555493" lon="13.7338270">
    <ele>115</ele>
    <time>2026-08-04T18:48:49Z</time>
    <extensions>
     <gpxdata:hr>145</gpxdata:hr>
     <gpxdata:distance>2262.00</gpxdata:distance>
     <gpxdata:speed>7.497</gpxdata:speed>
    </extensions>
   </trkpt>
   <trkpt lat="51.0555905" lon="13.7339221">
    <ele>115</ele>
    <time>2026-08-04T18:48:50Z</time>
    <extensions>
     <gpxdata:hr>144</gpxdata:hr>
     <gpxdata:distance>2270.00</gpxdata:distance>
     <gpxdata:speed>7.597</gpxdata:speed>
    </extensions>
   </trkpt>
   <trkpt lat="51.0556321" lon="13.7340178">
    <ele>115</ele>
    <time>2026-08-04T18:48:51Z</time>
    <extensions>
     <gpxdata:hr>144</gpxdata:hr>
     <gpxdata:distance>2278.00</gpxdata:distance>
     <gpxdata:speed>7.681</gpxdata:speed>
    </extensions>
   </trkpt>
   <trkpt lat="51.0556735" lon="13.7341149">
    <ele>115</ele>
    <time>2026-08-04T18:48:52Z</time>
    <extensions>
     <gpxdata:hr>142</gpxdata:hr>
     <gpxdata:distance>2286.00</gpxdata:distance>
     <gpxdata:speed>7.781</gpxdata:speed>
    </extensions>
   </trkpt>
   <trkpt lat="51.0557144" lon="13.7342133">
    <ele>115</ele>
    <time>2026-08-04T18:48:53Z</time>
    <extensions>
     <gpxdata:hr>141</gpxdata:hr>
     <gpxdata:distance>2294.00</gpxdata:distance>
     <gpxdata:speed>7.906</gpxdata:speed>
    </extensions>
   </trkpt>
   <trkpt lat="51.0557554" lon="13.7343131">
    <ele>115</ele>
    <time>2026-08-04T18:48:54Z</time>
    <extensions>
     <gpxdata:hr>141</gpxdata:hr>
     <gpxdata:distance>2302.50</gpxdata:distance>
     <gpxdata:speed>8.136</gpxdata:speed>
    </extensions>
   </trkpt>
   <trkpt lat="51.0557959" lon="13.7344131">
    <ele>115</ele>
    <time>2026-08-04T18:48:55Z</time>
    <extensions>
     <gpxdata:hr>141</gpxdata:hr>
     <gpxdata:distance>2311.00</gpxdata:distance>
     <gpxdata:speed>8.278</gpxdata:speed>
    </extensions>
   </trkpt>
   <trkpt lat="51.0558366" lon="13.7345118">
    <ele>115</ele>
    <time>2026-08-04T18:48:56Z</time>
    <extensions>
     <gpxdata:hr>141</gpxdata:hr>
     <gpxdata:distance>2319.00</gpxdata:distance>
     <gpxdata:speed>8.283</gpxdata:speed>
    </extensions>
   </trkpt>
   <trkpt lat="51.0558758" lon="13.7346101">
    <ele>115</ele>
    <time>2026-08-04T18:48:57Z</time>
    <extensions>
     <gpxdata:hr>141</gpxdata:hr>
     <gpxdata:distance>2327.00</gpxdata:distance>
     <gpxdata:speed>8.250</gpxdata:speed>
    </extensions>
   </trkpt>
   <trkpt lat="51.0559082" lon="13.7347124">
    <ele>115</ele>
    <time>2026-08-04T18:48:58Z</time>
    <extensions>
     <gpxdata:hr>142</gpxdata:hr>
     <gpxdata:distance>2335.00</gpxdata:distance>
     <gpxdata:speed>8.156</gpxdata:speed>
    </extensions>
   </trkpt>
   <trkpt lat="51.0559237" lon="13.7348207">
    <ele>115</ele>
    <time>2026-08-04T18:48:59Z</time>
    <extensions>
     <gpxdata:hr>143</gpxdata:hr>
     <gpxdata:distance>2343.00</gpxdata:distance>
     <gpxdata:speed>8.089</gpxdata:speed>
    </extensions>
   </trkpt>
   <trkpt lat="51.0559149" lon="13.7349267">
    <ele>115</ele>
    <time>2026-08-04T18:49:00Z</time>
    <extensions>
     <gpxdata:hr>143</gpxdata:hr>
     <gpxdata:distance>2351.00</gpxdata:distance>
     <gpxdata:speed>8.014</gpxdata:speed>
    </extensions>
   </trkpt>
   <trkpt lat="51.0558810" lon="13.7350198">
    <ele>115</ele>
    <time>2026-08-04T18:49:01Z</time>
    <extensions>
     <gpxdata:hr>143</gpxdata:hr>
     <gpxdata:distance>2359.00</gpxdata:distance>
     <gpxdata:speed>7.942</gpxdata:speed>
    </extensions>
   </trkpt>
   <trkpt lat="51.0558260" lon="13.7350951">
    <ele>115</ele>
    <time>2026-08-04T18:49:02Z</time>
    <extensions>
     <gpxdata:hr>143</gpxdata:hr>
     <gpxdata:distance>2367.00</gpxdata:distance>
     <gpxdata:speed>7.914</gpxdata:speed>
    </extensions>
   </trkpt>
   <trkpt lat="51.0557597" lon="13.7351604">
    <ele>115</ele>
    <time>2026-08-04T18:49:03Z</time>
    <extensions>
     <gpxdata:hr>142</gpxdata:hr>
     <gpxdata:distance>2375.00</gpxdata:distance>
     <gpxdata:speed>8.039</gpxdata:speed>
    </extensions>
   </trkpt>
   <trkpt lat="51.0556904" lon="13.7352248">
    <ele>115</ele>
    <time>2026-08-04T18:49:04Z</time>
    <extensions>
     <gpxdata:hr>140</gpxdata:hr>
     <gpxdata:distance>2384.00</gpxdata:distance>
     <gpxdata:speed>8.217</gpxdata:speed>
    </extensions>
   </trkpt>
   <trkpt lat="51.0556218" lon="13.7352923">
    <ele>115</ele>
    <time>2026-08-04T18:49:05Z</time>
    <extensions>
     <gpxdata:hr>139</gpxdata:hr>
     <gpxdata:distance>2393.00</gpxdata:distance>
     <gpxdata:speed>8.383</gpxdata:speed>
    </extensions>
   </trkpt>
   <trkpt lat="51.0555548" lon="13.7353640">
    <ele>115</ele>
    <time>2026-08-04T18:49:06Z</time>
    <extensions>
     <gpxdata:hr>139</gpxdata:hr>
     <gpxdata:distance>2401.50</gpxdata:distance>
     <gpxdata:speed>8.528</gpxdata:speed>
    </extensions>
   </trkpt>
   <trkpt lat="51.0554904" lon="13.7354404">
    <ele>115</ele>
    <time>2026-08-04T18:49:07Z</time>
    <extensions>
     <gpxdata:hr>139</gpxdata:hr>
     <gpxdata:distance>2410.00</gpxdata:distance>
     <gpxdata:speed>8.653</gpxdata:speed>
    </extensions>
   </trkpt>
   <trkpt lat="51.0554287" lon="13.7355208">
    <ele>115</ele>
    <time>2026-08-04T18:49:08Z</time>
    <extensions>
     <gpxdata:hr>139</gpxdata:hr>
     <gpxdata:distance>2419.00</gpxdata:distance>
     <gpxdata:speed>8.739</gpxdata:speed>
    </extensions>
   </trkpt>
   <trkpt lat="51.0553696" lon="13.7356044">
    <ele>115</ele>
    <time>2026-08-04T18:49:09Z</time>
    <extensions>
     <gpxdata:hr>139</gpxdata:hr>
     <gpxdata:distance>2428.00</gpxdata:distance>
     <gpxdata:speed>8.789</gpxdata:speed>
    </extensions>
   </trkpt>
   <trkpt lat="51.0553125" lon="13.7356908">
    <ele>115</ele>
    <time>2026-08-04T18:49:10Z</time>
    <extensions>
     <gpxdata:hr>139</gpxdata:hr>
     <gpxdata:distance>2437.00</gpxdata:distance>
     <gpxdata:speed>8.789</gpxdata:speed>
    </extensions>
   </trkpt>
   <trkpt lat="51.0552570" lon="13.7357799">
    <ele>115</ele>
    <time>2026-08-04T18:49:11Z</time>
    <extensions>
     <gpxdata:hr>140</gpxdata:hr>
     <gpxdata:distance>2446.00</gpxdata:distance>
     <gpxdata:speed>8.772</gpxdata:speed>
    </extensions>
   </trkpt>
   <trkpt lat="51.0552032" lon="13.7358716">
    <ele>115</ele>
    <time>2026-08-04T18:49:12Z</time>
    <extensions>
     <gpxdata:hr>141</gpxdata:hr>
     <gpxdata:distance>2454.50</gpxdata:distance>
     <gpxdata:speed>8.797</gpxdata:speed>
    </extensions>
   </trkpt>
   <trkpt lat="51.0551517" lon="13.7359662">
    <ele>115</ele>
    <time>2026-08-04T18:49:13Z</time>
    <extensions>
     <gpxdata:hr>142</gpxdata:hr>
     <gpxdata:distance>2463.00</gpxdata:distance>
     <gpxdata:speed>8.789</gpxdata:speed>
    </extensions>
   </trkpt>
   <trkpt lat="51.0551021" lon="13.7360639">
    <ele>116</ele>
    <time>2026-08-04T18:49:14Z</time>
    <extensions>
     <gpxdata:hr>143</gpxdata:hr>
     <gpxdata:distance>2472.00</gpxdata:distance>
     <gpxdata:speed>8.772</gpxdata:speed>
    </extensions>
   </trkpt>
   <trkpt lat="51.0550548" lon="13.7361643">
    <ele>116</ele>
    <time>2026-08-04T18:49:15Z</time>
    <extensions>
     <gpxdata:hr>144</gpxdata:hr>
     <gpxdata:distance>2481.00</gpxdata:distance>
     <gpxdata:speed>8.786</gpxdata:speed>
    </extensions>
   </trkpt>
   <trkpt lat="51.0550108" lon="13.7362684">
    <ele>116</ele>
    <time>2026-08-04T18:49:16Z</time>
    <extensions>
     <gpxdata:hr>144</gpxdata:hr>
     <gpxdata:distance>2489.50</gpxdata:distance>
     <gpxdata:speed>8.783</gpxdata:speed>
    </extensions>
   </trkpt>
   <trkpt lat="51.0549708" lon="13.7363769">
    <ele>116</ele>
    <time>2026-08-04T18:49:17Z</time>
    <extensions>
     <gpxdata:hr>144</gpxdata:hr>
     <gpxdata:distance>2498.00</gpxdata:distance>
     <gpxdata:speed>8.783</gpxdata:speed>
    </extensions>
   </trkpt>
   <trkpt lat="51.0549331" lon="13.7364894">
    <ele>116</ele>
    <time>2026-08-04T18:49:18Z</time>
    <extensions>
     <gpxdata:hr>144</gpxdata:hr>
     <gpxdata:distance>2507.00</gpxdata:distance>
     <gpxdata:speed>8.794</gpxdata:speed>
    </extensions>
   </trkpt>
   <trkpt lat="51.0548962" lon="13.7366047">
    <ele>116</ele>
    <time>2026-08-04T18:49:19Z</time>
    <extensions>
     <gpxdata:hr>144</gpxdata:hr>
     <gpxdata:distance>2516.00</gpxdata:distance>
     <gpxdata:speed>8.844</gpxdata:speed>
    </extensions>
   </trkpt>
   <trkpt lat="51.0548585" lon="13.7367216">
    <ele>116</ele>
    <time>2026-08-04T18:49:20Z</time>
    <extensions>
     <gpxdata:hr>143</gpxdata:hr>
     <gpxdata:distance>2525.50</gpxdata:distance>
     <gpxdata:speed>8.922</gpxdata:speed>
    </extensions>
   </trkpt>
   <trkpt lat="51.0548182" lon="13.7368390">
    <ele>116</ele>
    <time>2026-08-04T18:49:21Z</time>
    <extensions>
     <gpxdata:hr>143</gpxdata:hr>
     <gpxdata:distance>2535.00</gpxdata:distance>
     <gpxdata:speed>9.019</gpxdata:speed>
    </extensions>
   </trkpt>
   <trkpt lat="51.0547742" lon="13.7369569">
    <ele>116</ele>
    <time>2026-08-04T18:49:22Z</time>
    <extensions>
     <gpxdata:hr>144</gpxdata:hr>
     <gpxdata:distance>2544.50</gpxdata:distance>
     <gpxdata:speed>9.147</gpxdata:speed>
    </extensions>
   </trkpt>
   <trkpt lat="51.0547265" lon="13.7370754">
    <ele>116</ele>
    <time>2026-08-04T18:49:23Z</time>
    <extensions>
     <gpxdata:hr>144</gpxdata:hr>
     <gpxdata:distance>2554.00</gpxdata:distance>
     <gpxdata:speed>9.517</gpxdata:speed>
    </extensions>
   </trkpt>
   <trkpt lat="51.0546759" lon="13.7371953">
    <ele>116</ele>
    <time>2026-08-04T18:49:24Z</time>
    <extensions>
     <gpxdata:hr>144</gpxdata:hr>
     <gpxdata:distance>2564.00</gpxdata:distance>
     <gpxdata:speed>9.767</gpxdata:speed>
    </extensions>
   </trkpt>
   <trkpt lat="51.0546230" lon="13.7373166">
    <ele>115</ele>
    <time>2026-08-04T18:49:25Z</time>
    <extensions>
     <gpxdata:hr>143</gpxdata:hr>
     <gpxdata:distance>2574.00</gpxdata:distance>
     <gpxdata:speed>10.017</gpxdata:speed>
    </extensions>
   </trkpt>
   <trkpt lat="51.0545691" lon="13.7374398">
    <ele>115</ele>
    <time>2026-08-04T18:49:26Z</time>
    <extensions>
     <gpxdata:hr>143</gpxdata:hr>
     <gpxdata:distance>2584.50</gpxdata:distance>
     <gpxdata:speed>10.225</gpxdata:speed>
    </extensions>
   </trkpt>
   <trkpt lat="51.0545150" lon="13.7375651">
    <ele>115</ele>
    <time>2026-08-04T18:49:27Z</time>
    <extensions>
     <gpxdata:hr>140</gpxdata:hr>
     <gpxdata:distance>2595.00</gpxdata:distance>
     <gpxdata:speed>10.406</gpxdata:speed>
    </extensions>
   </trkpt>
   <trkpt lat="51.0544609" lon="13.7376922">
    <ele>115</ele>
    <time>2026-08-04T18:49:28Z</time>
    <extensions>
     <gpxdata:hr>139</gpxdata:hr>
     <gpxdata:distance>2606.00</gpxdata:distance>
     <gpxdata:speed>10.544</gpxdata:speed>
    </extensions>
   </trkpt>
   <trkpt lat="51.0544068" lon="13.7378212">
    <ele>114</ele>
    <time>2026-08-04T18:49:29Z</time>
    <extensions>
     <gpxdata:hr>139</gpxdata:hr>
     <gpxdata:distance>2617.00</gpxdata:distance>
     <gpxdata:speed>10.664</gpxdata:speed>
    </extensions>
   </trkpt>
   <trkpt lat="51.0543535" lon="13.7379520">
    <ele>114</ele>
    <time>2026-08-04T18:49:30Z</time>
    <extensions>
     <gpxdata:hr>139</gpxdata:hr>
     <gpxdata:distance>2627.50</gpxdata:distance>
     <gpxdata:speed>10.786</gpxdata:speed>
    </extensions>
   </trkpt>
   <trkpt lat="51.0543025" lon="13.7380848">
    <ele>114</ele>
    <time>2026-08-04T18:49:31Z</time>
    <extensions>
     <gpxdata:hr>140</gpxdata:hr>
     <gpxdata:distance>2638.00</gpxdata:distance>
     <gpxdata:speed>10.856</gpxdata:speed>
    </extensions>
   </trkpt>
   <trkpt lat="51.0542548" lon="13.7382196">
    <ele>114</ele>
    <time>2026-08-04T18:49:32Z</time>
    <extensions>
     <gpxdata:hr>140</gpxdata:hr>
     <gpxdata:distance>2649.00</gpxdata:distance>
     <gpxdata:speed>10.850</gpxdata:speed>
    </extensions>
   </trkpt>
   <trkpt lat="51.0542101" lon="13.7383552">
    <ele>114</ele>
    <time>2026-08-04T18:49:33Z</time>
    <extensions>
     <gpxdata:hr>140</gpxdata:hr>
     <gpxdata:distance>2660.00</gpxdata:distance>
     <gpxdata:speed>10.847</gpxdata:speed>
    </extensions>
   </trkpt>
   <trkpt lat="51.0541673" lon="13.7384900">
    <ele>114</ele>
    <time>2026-08-04T18:49:34Z</time>
    <extensions>
     <gpxdata:hr>140</gpxdata:hr>
     <gpxdata:distance>2670.50</gpxdata:distance>
     <gpxdata:speed>10.803</gpxdata:speed>
    </extensions>
   </trkpt>
   <trkpt lat="51.0541258" lon="13.7386232">
    <ele>113</ele>
    <time>2026-08-04T18:49:35Z</time>
    <extensions>
     <gpxdata:hr>140</gpxdata:hr>
     <gpxdata:distance>2681.00</gpxdata:distance>
     <gpxdata:speed>10.722</gpxdata:speed>
    </extensions>
   </trkpt>
   <trkpt lat="51.0540865" lon="13.7387556">
    <ele>113</ele>
    <time>2026-08-04T18:49:36Z</time>
    <extensions>
     <gpxdata:hr>139</gpxdata:hr>
     <gpxdata:distance>2691.50</gpxdata:distance>
     <gpxdata:speed>10.606</gpxdata:speed>
    </extensions>
   </trkpt>
   <trkpt lat="51.0540503" lon="13.7388871">
    <ele>113</ele>
    <time>2026-08-04T18:49:37Z</time>
    <extensions>
     <gpxdata:hr>138</gpxdata:hr>
     <gpxdata:distance>2702.00</gpxdata:distance>
     <gpxdata:speed>10.478</gpxdata:speed>
    </extensions>
   </trkpt>
   <trkpt lat="51.0540148" lon="13.7390147">
    <ele>112</ele>
    <time>2026-08-04T18:49:38Z</time>
    <extensions>
     <gpxdata:hr>138</gpxdata:hr>
     <gpxdata:distance>2711.50</gpxdata:distance>
     <gpxdata:speed>10.328</gpxdata:speed>
    </extensions>
   </trkpt>
   <trkpt lat="51.0539805" lon="13.7391400">
    <ele>112</ele>
    <time>2026-08-04T18:49:39Z</time>
    <extensions>
     <gpxdata:hr>139</gpxdata:hr>
     <gpxdata:distance>2721.00</gpxdata:distance>
     <gpxdata:speed>10.117</gpxdata:speed>
    </extensions>
   </trkpt>
   <trkpt lat="51.0539473" lon="13.7392651">
    <ele>112</ele>
    <time>2026-08-04T18:49:40Z</time>
    <extensions>
     <gpxdata:hr>140</gpxdata:hr>
     <gpxdata:distance>2730.50</gpxdata:distance>
     <gpxdata:speed>9.692</gpxdata:speed>
    </extensions>
   </trkpt>
   <trkpt lat="51.0539155" lon="13.7393912">
    <ele>112</ele>
    <time>2026-08-04T18:49:41Z</time>
    <extensions>
     <gpxdata:hr>140</gpxdata:hr>
     <gpxdata:distance>2740.00</gpxdata:distance>
     <gpxdata:speed>9.597</gpxdata:speed>
    </extensions>
   </trkpt>
   <trkpt lat="51.0538846" lon="13.7395189">
    <ele>112</ele>
    <time>2026-08-04T18:49:42Z</time>
    <extensions>
     <gpxdata:hr>141</gpxdata:hr>
     <gpxdata:distance>2749.50</gpxdata:distance>
     <gpxdata:speed>9.578</gpxdata:speed>
    </extensions>
   </trkpt>
   <trkpt lat="51.0538556" lon="13.7396475">
    <ele>112</ele>
    <time>2026-08-04T18:49:43Z</time>
    <extensions>
     <gpxdata:hr>141</gpxdata:hr>
     <gpxdata:distance>2759.00</gpxdata:distance>
     <gpxdata:speed>9.606</gpxdata:speed>
    </extensions>
   </trkpt>
   <trkpt lat="51.0538278" lon="13.7397769">
    <ele>112</ele>
    <time>2026-08-04T18:49:44Z</time>
    <extensions>
     <gpxdata:hr>140</gpxdata:hr>
     <gpxdata:distance>2768.50</gpxdata:distance>
     <gpxdata:speed>9.572</gpxdata:speed>
    </extensions>
   </trkpt>
   <trkpt lat="51.0538001" lon="13.7399069">
    <ele>112</ele>
    <time>2026-08-04T18:49:45Z</time>
    <extensions>
     <gpxdata:hr>141</gpxdata:hr>
     <gpxdata:distance>2778.00</gpxdata:distance>
     <gpxdata:speed>9.567</gpxdata:speed>
    </extensions>
   </trkpt>
   <trkpt lat="51.0537722" lon="13.7400373">
    <ele>112</ele>
    <time>2026-08-04T18:49:46Z</time>
    <extensions>
     <gpxdata:hr>141</gpxdata:hr>
     <gpxdata:distance>2788.00</gpxdata:distance>
     <gpxdata:speed>9.600</gpxdata:speed>
    </extensions>
   </trkpt>
   <trkpt lat="51.0537439" lon="13.7401676">
    <ele>112</ele>
    <time>2026-08-04T18:49:47Z</time>
    <extensions>
     <gpxdata:hr>141</gpxdata:hr>
     <gpxdata:distance>2798.00</gpxdata:distance>
     <gpxdata:speed>9.625</gpxdata:speed>
    </extensions>
   </trkpt>
   <trkpt lat="51.0537161" lon="13.7402986">
    <ele>113</ele>
    <time>2026-08-04T18:49:48Z</time>
    <extensions>
     <gpxdata:hr>141</gpxdata:hr>
     <gpxdata:distance>2807.50</gpxdata:distance>
     <gpxdata:speed>9.633</gpxdata:speed>
    </extensions>
   </trkpt>
   <trkpt lat="51.0536895" lon="13.7404309">
    <ele>113</ele>
    <time>2026-08-04T18:49:49Z</time>
    <extensions>
     <gpxdata:hr>142</gpxdata:hr>
     <gpxdata:distance>2817.00</gpxdata:distance>
     <gpxdata:speed>9.642</gpxdata:speed>
    </extensions>
   </trkpt>
   <trkpt lat="51.0536650" lon="13.7405654">
    <ele>113</ele>
    <time>2026-08-04T18:49:50Z</time>
    <extensions>
     <gpxdata:hr>143</gpxdata:hr>
     <gpxdata:distance>2827.00</gpxdata:distance>
     <gpxdata:speed>9.675</gpxdata:speed>
    </extensions>
   </trkpt>
   <trkpt lat="51.0536422" lon="13.7407020">
    <ele>113</ele>
    <time>2026-08-04T18:49:51Z</time>
    <extensions>
     <gpxdata:hr>144</gpxdata:hr>
     <gpxdata:distance>2837.00</gpxdata:distance>
     <gpxdata:speed>9.725</gpxdata:speed>
    </extensions>
   </trkpt>
   <trkpt lat="51.0536203" lon="13.7408395">
    <ele>113</ele>
    <time>2026-08-04T18:49:52Z</time>
    <extensions>
     <gpxdata:hr>144</gpxdata:hr>
     <gpxdata:distance>2846.50</gpxdata:distance>
     <gpxdata:speed>9.789</gpxdata:speed>
    </extensions>
   </trkpt>
   <trkpt lat="51.0535994" lon="13.7409770">
    <ele>113</ele>
    <time>2026-08-04T18:49:53Z</time>
    <extensions>
     <gpxdata:hr>145</gpxdata:hr>
     <gpxdata:distance>2856.00</gpxdata:distance>
     <gpxdata:speed>9.836</gpxdata:speed>
    </extensions>
   </trkpt>
   <trkpt lat="51.0535791" lon="13.7411141">
    <ele>113</ele>
    <time>2026-08-04T18:49:54Z</time>
    <extensions>
     <gpxdata:hr>146</gpxdata:hr>
     <gpxdata:distance>2866.00</gpxdata:distance>
     <gpxdata:speed>9.853</gpxdata:speed>
    </extensions>
   </trkpt>
   <trkpt lat="51.0535596" lon="13.7412511">
    <ele>113</ele>
    <time>2026-08-04T18:49:55Z</time>
    <extensions>
     <gpxdata:hr>146</gpxdata:hr>
     <gpxdata:distance>2876.00</gpxdata:distance>
     <gpxdata:speed>9.853</gpxdata:speed>
    </extensions>
   </trkpt>
   <trkpt lat="51.0535424" lon="13.7413881">
    <ele>113</ele>
    <time>2026-08-04T18:49:56Z</time>
    <extensions>
     <gpxdata:hr>146</gpxdata:hr>
     <gpxdata:distance>2886.00</gpxdata:distance>
     <gpxdata:speed>9.844</gpxdata:speed>
    </extensions>
   </trkpt>
   <trkpt lat="51.0535286" lon="13.7415260">
    <ele>113</ele>
    <time>2026-08-04T18:49:57Z</time>
    <extensions>
     <gpxdata:hr>147</gpxdata:hr>
     <gpxdata:distance>2896.00</gpxdata:distance>
     <gpxdata:speed>9.822</gpxdata:speed>
    </extensions>
   </trkpt>
   <trkpt lat="51.0535183" lon="13.7416646">
    <ele>113</ele>
    <time>2026-08-04T18:49:58Z</time>
    <extensions>
     <gpxdata:hr>147</gpxdata:hr>
     <gpxdata:distance>2905.50</gpxdata:distance>
     <gpxdata:speed>9.811</gpxdata:speed>
    </extensions>
   </trkpt>
   <trkpt lat="51.0535106" lon="13.7418032">
    <ele>113</ele>
    <time>2026-08-04T18:49:59Z</time>
    <extensions>
     <gpxdata:hr>148</gpxdata:hr>
     <gpxdata:distance>2915.00</gpxdata:distance>
     <gpxdata:speed>9.800</gpxdata:speed>
    </extensions>
   </trkpt>
   <trkpt lat="51.0535043" lon="13.7419412">
    <ele>113</ele>
    <time>2026-08-04T18:50:00Z</time>
    <extensions>
     <gpxdata:hr>149</gpxdata:hr>
     <gpxdata:distance>2925.00</gpxdata:distance>
     <gpxdata:speed>9.772</gpxdata:speed>
    </extensions>
   </trkpt>
   <trkpt lat="51.0534990" lon="13.7420786">
    <ele>113</ele>
    <time>2026-08-04T18:50:01Z</time>
    <extensions>
     <gpxdata:hr>149</gpxdata:hr>
     <gpxdata:distance>2935.00</gpxdata:distance>
     <gpxdata:speed>9.739</gpxdata:speed>
    </extensions>
   </trkpt>
   <trkpt lat="51.0534949" lon="13.7422157">
    <ele>113</ele>
    <time>2026-08-04T18:50:02Z</time>
    <extensions>
     <gpxdata:hr>149</gpxdata:hr>
     <gpxdata:distance>2944.50</gpxdata:distance>
     <gpxdata:speed>9.700</gpxdata:speed>
    </extensions>
   </trkpt>
   <trkpt lat="51.0534930" lon="13.7423532">
    <ele>113</ele>
    <time>2026-08-04T18:50:03Z</time>
    <extensions>
     <gpxdata:hr>149</gpxdata:hr>
     <gpxdata:distance>2954.00</gpxdata:distance>
     <gpxdata:speed>9.664</gpxdata:speed>
    </extensions>
   </trkpt>
   <trkpt lat="51.0534911" lon="13.7424911">
    <ele>113</ele>
    <time>2026-08-04T18:50:04Z</time>
    <extensions>
     <gpxdata:hr>150</gpxdata:hr>
     <gpxdata:distance>2963.50</gpxdata:distance>
     <gpxdata:speed>9.650</gpxdata:speed>
    </extensions>
   </trkpt>
   <trkpt lat="51.0534855" lon="13.7426290">
    <ele>112</ele>
    <time>2026-08-04T18:50:05Z</time>
    <extensions>
     <gpxdata:hr>150</gpxdata:hr>
     <gpxdata:distance>2973.00</gpxdata:distance>
     <gpxdata:speed>9.653</gpxdata:speed>
    </extensions>
   </trkpt>
   <trkpt lat="51.0534767" lon="13.7427669">
    <ele>112</ele>
    <time>2026-08-04T18:50:06Z</time>
    <extensions>
     <gpxdata:hr>150</gpxdata:hr>
     <gpxdata:distance>2983.00</gpxdata:distance>
     <gpxdata:speed>9.664</gpxdata:speed>
    </extensions>
   </trkpt>
   <trkpt lat="51.0534679" lon="13.7429052">
    <ele>112</ele>
    <time>2026-08-04T18:50:07Z</time>
    <extensions>
     <gpxdata:hr>150</gpxdata:hr>
     <gpxdata:distance>2993.00</gpxdata:distance>
     <gpxdata:speed>9.678</gpxdata:speed>
    </extensions>
   </trkpt>
   <trkpt lat="51.0534609" lon="13.7430431">
    <ele>112</ele>
    <time>2026-08-04T18:50:08Z</time>
    <extensions>
     <gpxdata:hr>150</gpxdata:hr>
     <gpxdata:distance>3002.50</gpxdata:distance>
     <gpxdata:speed>9.694</gpxdata:speed>
    </extensions>
   </trkpt>
   <trkpt lat="51.0534556" lon="13.7431794">
    <ele>112</ele>
    <time>2026-08-04T18:50:09Z</time>
    <extensions>
     <gpxdata:hr>148</gpxdata:hr>
     <gpxdata:distance>3012.00</gpxdata:distance>
     <gpxdata:speed>9.686</gpxdata:speed>
    </extensions>
   </trkpt>
   <trkpt lat="51.0534509" lon="13.7433137">
    <ele>112</ele>
    <time>2026-08-04T18:50:10Z</time>
    <extensions>
     <gpxdata:hr>147</gpxdata:hr>
     <gpxdata:distance>3021.50</gpxdata:distance>
     <gpxdata:speed>9.631</gpxdata:speed>
    </extensions>
   </trkpt>
   <trkpt lat="51.0534469" lon="13.7434463">
    <ele>112</ele>
    <time>2026-08-04T18:50:11Z</time>
    <extensions>
     <gpxdata:hr>148</gpxdata:hr>
     <gpxdata:distance>3031.00</gpxdata:distance>
     <gpxdata:speed>9.547</gpxdata:speed>
    </extensions>
   </trkpt>
   <trkpt lat="51.0534437" lon="13.7435767">
    <ele>112</ele>
    <time>2026-08-04T18:50:12Z</time>
    <extensions>
     <gpxdata:hr>147</gpxdata:hr>
     <gpxdata:distance>3040.00</gpxdata:distance>
     <gpxdata:speed>9.458</gpxdata:speed>
    </extensions>
   </trkpt>
   <trkpt lat="51.0534413" lon="13.7437052">
    <ele>112</ele>
    <time>2026-08-04T18:50:13Z</time>
    <extensions>
     <gpxdata:hr>147</gpxdata:hr>
     <gpxdata:distance>3049.00</gpxdata:distance>
     <gpxdata:speed>9.339</gpxdata:speed>
    </extensions>
   </trkpt>
   <trkpt lat="51.0534389" lon="13.7438323">
    <ele>112</ele>
    <time>2026-08-04T18:50:14Z</time>
    <extensions>
     <gpxdata:hr>148</gpxdata:hr>
     <gpxdata:distance>3058.00</gpxdata:distance>
     <gpxdata:speed>9.219</gpxdata:speed>
    </extensions>
   </trkpt>
   <trkpt lat="51.0534361" lon="13.7439583">
    <ele>113</ele>
    <time>2026-08-04T18:50:15Z</time>
    <extensions>
     <gpxdata:hr>147</gpxdata:hr>
     <gpxdata:distance>3067.00</gpxdata:distance>
     <gpxdata:speed>9.094</gpxdata:speed>
    </extensions>
   </trkpt>
   <trkpt lat="51.0534333" lon="13.7440831">
    <ele>113</ele>
    <time>2026-08-04T18:50:16Z</time>
    <extensions>
     <gpxdata:hr>147</gpxdata:hr>
     <gpxdata:distance>3075.50</gpxdata:distance>
     <gpxdata:speed>8.931</gpxdata:speed>
    </extensions>
   </trkpt>
   <trkpt lat="51.0534308" lon="13.7442069">
    <ele>113</ele>
    <time>2026-08-04T18:50:17Z</time>
    <extensions>
     <gpxdata:hr>147</gpxdata:hr>
     <gpxdata:distance>3084.00</gpxdata:distance>
     <gpxdata:speed>8.803</gpxdata:speed>
    </extensions>
   </trkpt>
   <trkpt lat="51.0534288" lon="13.7443306">
    <ele>113</ele>
    <time>2026-08-04T18:50:18Z</time>
    <extensions>
     <gpxdata:hr>147</gpxdata:hr>
     <gpxdata:distance>3092.50</gpxdata:distance>
     <gpxdata:speed>8.725</gpxdata:speed>
    </extensions>
   </trkpt>
   <trkpt lat="51.0534266" lon="13.7444542">
    <ele>113</ele>
    <time>2026-08-04T18:50:19Z</time>
    <extensions>
     <gpxdata:hr>148</gpxdata:hr>
     <gpxdata:distance>3101.00</gpxdata:distance>
     <gpxdata:speed>8.692</gpxdata:speed>
    </extensions>
   </trkpt>
   <trkpt lat="51.0534236" lon="13.7445774">
    <ele>113</ele>
    <time>2026-08-04T18:50:20Z</time>
    <extensions>
     <gpxdata:hr>148</gpxdata:hr>
     <gpxdata:distance>3110.00</gpxdata:distance>
     <gpxdata:speed>8.678</gpxdata:speed>
    </extensions>
   </trkpt>
   <trkpt lat="51.0534205" lon="13.7447000">
    <ele>113</ele>
    <time>2026-08-04T18:50:21Z</time>
    <extensions>
     <gpxdata:hr>147</gpxdata:hr>
     <gpxdata:distance>3119.00</gpxdata:distance>
     <gpxdata:speed>8.644</gpxdata:speed>
    </extensions>
   </trkpt>
   <trkpt lat="51.0534182" lon="13.7448226">
    <ele>113</ele>
    <time>2026-08-04T18:50:22Z</time>
    <extensions>
     <gpxdata:hr>147</gpxdata:hr>
     <gpxdata:distance>3127.50</gpxdata:distance>
     <gpxdata:speed>8.600</gpxdata:speed>
    </extensions>
   </trkpt>
   <trkpt lat="51.0534160" lon="13.7449448">
    <ele>113</ele>
    <time>2026-08-04T18:50:23Z</time>
    <extensions>
     <gpxdata:hr>145</gpxdata:hr>
     <gpxdata:distance>3136.00</gpxdata:distance>
     <gpxdata:speed>8.594</gpxdata:speed>
    </extensions>
   </trkpt>
   <trkpt lat="51.0534137" lon="13.7450661">
    <ele>113</ele>
    <time>2026-08-04T18:50:24Z</time>
    <extensions>
     <gpxdata:hr>144</gpxdata:hr>
     <gpxdata:distance>3144.50</gpxdata:distance>
     <gpxdata:speed>8.569</gpxdata:speed>
    </extensions>
   </trkpt>
   <trkpt lat="51.0534111" lon="13.7451865">
    <ele>113</ele>
    <time>2026-08-04T18:50:25Z</time>
    <extensions>
     <gpxdata:hr>144</gpxdata:hr>
     <gpxdata:distance>3153.00</gpxdata:distance>
     <gpxdata:speed>8.531</gpxdata:speed>
    </extensions>
   </trkpt>
   <trkpt lat="51.0534089" lon="13.7453063">
    <ele>113</ele>
    <time>2026-08-04T18:50:26Z</time>
    <extensions>
     <gpxdata:hr>142</gpxdata:hr>
     <gpxdata:distance>3161.50</gpxdata:distance>
     <gpxdata:speed>8.489</gpxdata:speed>
    </extensions>
   </trkpt>
   <trkpt lat="51.0534068" lon="13.7454258">
    <ele>113</ele>
    <time>2026-08-04T18:50:27Z</time>
    <extensions>
     <gpxdata:hr>141</gpxdata:hr>
     <gpxdata:distance>3170.00</gpxdata:distance>
     <gpxdata:speed>8.453</gpxdata:speed>
    </extensions>
   </trkpt>
   <trkpt lat="51.0534056" lon="13.7455453">
    <ele>113</ele>
    <time>2026-08-04T18:50:28Z</time>
    <extensions>
     <gpxdata:hr>140</gpxdata:hr>
     <gpxdata:distance>3178.00</gpxdata:distance>
     <gpxdata:speed>8.419</gpxdata:speed>
    </extensions>
   </trkpt>
   <trkpt lat="51.0534045" lon="13.7456654">
    <ele>113</ele>
    <time>2026-08-04T18:50:29Z</time>
    <extensions>
     <gpxdata:hr>139</gpxdata:hr>
     <gpxdata:distance>3186.00</gpxdata:distance>
     <gpxdata:speed>8.400</gpxdata:speed>
    </extensions>
   </trkpt>
   <trkpt lat="51.0534041" lon="13.7457853">
    <ele>113</ele>
    <time>2026-08-04T18:50:30Z</time>
    <extensions>
     <gpxdata:hr>138</gpxdata:hr>
     <gpxdata:distance>3194.50</gpxdata:distance>
     <gpxdata:speed>8.400</gpxdata:speed>
    </extensions>
   </trkpt>
   <trkpt lat="51.0534040" lon="13.7459047">
    <ele>113</ele>
    <time>2026-08-04T18:50:31Z</time>
    <extensions>
     <gpxdata:hr>140</gpxdata:hr>
     <gpxdata:distance>3203.00</gpxdata:distance>
     <gpxdata:speed>8.392</gpxdata:speed>
    </extensions>
   </trkpt>
   <trkpt lat="51.0534023" lon="13.7460231">
    <ele>113</ele>
    <time>2026-08-04T18:50:32Z</time>
    <extensions>
     <gpxdata:hr>141</gpxdata:hr>
     <gpxdata:distance>3211.50</gpxdata:distance>
     <gpxdata:speed>8.375</gpxdata:speed>
    </extensions>
   </trkpt>
   <trkpt lat="51.0534011" lon="13.7461399">
    <ele>112</ele>
    <time>2026-08-04T18:50:33Z</time>
    <extensions>
     <gpxdata:hr>141</gpxdata:hr>
     <gpxdata:distance>3220.00</gpxdata:distance>
     <gpxdata:speed>8.339</gpxdata:speed>
    </extensions>
   </trkpt>
   <trkpt lat="51.0534005" lon="13.7462544">
    <ele>112</ele>
    <time>2026-08-04T18:50:34Z</time>
    <extensions>
     <gpxdata:hr>141</gpxdata:hr>
     <gpxdata:distance>3228.00</gpxdata:distance>
     <gpxdata:speed>8.275</gpxdata:speed>
    </extensions>
   </trkpt>
   <trkpt lat="51.0534016" lon="13.7463652">
    <ele>112</ele>
    <time>2026-08-04T18:50:35Z</time>
    <extensions>
     <gpxdata:hr>142</gpxdata:hr>
     <gpxdata:distance>3236.00</gpxdata:distance>
     <gpxdata:speed>8.172</gpxdata:speed>
    </extensions>
   </trkpt>
   <trkpt lat="51.0534049" lon="13.7464699">
    <ele>113</ele>
    <time>2026-08-04T18:50:36Z</time>
    <extensions>
     <gpxdata:hr>141</gpxdata:hr>
     <gpxdata:distance>3243.00</gpxdata:distance>
     <gpxdata:speed>7.822</gpxdata:speed>
    </extensions>
   </trkpt>
   <trkpt lat="51.0534104" lon="13.7465687">
    <ele>113</ele>
    <time>2026-08-04T18:50:37Z</time>
    <extensions>
     <gpxdata:hr>140</gpxdata:hr>
     <gpxdata:distance>3250.00</gpxdata:distance>
     <gpxdata:speed>7.422</gpxdata:speed>
    </extensions>
   </trkpt>
   <trkpt lat="51.0534170" lon="13.7466626">
    <ele>113</ele>
    <time>2026-08-04T18:50:38Z</time>
    <extensions>
     <gpxdata:hr>139</gpxdata:hr>
     <gpxdata:distance>3256.50</gpxdata:distance>
     <gpxdata:speed>7.056</gpxdata:speed>
    </extensions>
   </trkpt>
   <trkpt lat="51.0534281" lon="13.7467512">
    <ele>113</ele>
    <time>2026-08-04T18:50:39Z</time>
    <extensions>
     <gpxdata:hr>138</gpxdata:hr>
     <gpxdata:distance>3263.00</gpxdata:distance>
     <gpxdata:speed>6.750</gpxdata:speed>
    </extensions>
   </trkpt>
   <trkpt lat="51.0534470" lon="13.7468337">
    <ele>113</ele>
    <time>2026-08-04T18:50:40Z</time>
    <extensions>
     <gpxdata:hr>138</gpxdata:hr>
     <gpxdata:distance>3269.50</gpxdata:distance>
     <gpxdata:speed>6.472</gpxdata:speed>
    </extensions>
   </trkpt>
   <trkpt lat="51.0534718" lon="13.7469098">
    <ele>113</ele>
    <time>2026-08-04T18:50:41Z</time>
    <extensions>
     <gpxdata:hr>136</gpxdata:hr>
     <gpxdata:distance>3276.00</gpxdata:distance>
     <gpxdata:speed>6.317</gpxdata:speed>
    </extensions>
   </trkpt>
   <trkpt lat="51.0534970" lon="13.7469833">
    <ele>113</ele>
    <time>2026-08-04T18:50:42Z</time>
    <extensions>
     <gpxdata:hr>135</gpxdata:hr>
     <gpxdata:distance>3281.50</gpxdata:distance>
     <gpxdata:speed>6.125</gpxdata:speed>
    </extensions>
   </trkpt>
   <trkpt lat="51.0535105" lon="13.7470394">
    <ele>113</ele>
    <time>2026-08-04T18:50:43Z</time>
    <extensions>
     <gpxdata:hr>133</gpxdata:hr>
     <gpxdata:distance>3287.00</gpxdata:distance>
     <gpxdata:speed>5.933</gpxdata:speed>
    </extensions>
   </trkpt>
   <trkpt lat="51.0535204" lon="13.7471162">
    <ele>113</ele>
    <time>2026-08-04T18:50:44Z</time>
    <extensions>
     <gpxdata:hr>132</gpxdata:hr>
     <gpxdata:distance>3293.00</gpxdata:distance>
     <gpxdata:speed>5.944</gpxdata:speed>
    </extensions>
   </trkpt>
   <trkpt lat="51.0535253" lon="13.7472322">
    <ele>113</ele>
    <time>2026-08-04T18:50:45Z</time>
    <extensions>
     <gpxdata:hr>132</gpxdata:hr>
     <gpxdata:distance>3299.00</gpxdata:distance>
     <gpxdata:speed>6.122</gpxdata:speed>
    </extensions>
   </trkpt>
   <trkpt lat="51.0535257" lon="13.7473278">
    <ele>113</ele>
    <time>2026-08-04T18:50:46Z</time>
    <extensions>
     <gpxdata:hr>131</gpxdata:hr>
     <gpxdata:distance>3305.50</gpxdata:distance>
     <gpxdata:speed>6.225</gpxdata:speed>
    </extensions>
   </trkpt>
   <trkpt lat="51.0535279" lon="13.7474194">
    <ele>113</ele>
    <time>2026-08-04T18:50:47Z</time>
    <extensions>
     <gpxdata:hr>131</gpxdata:hr>
     <gpxdata:distance>3312.00</gpxdata:distance>
     <gpxdata:speed>6.297</gpxdata:speed>
    </extensions>
   </trkpt>
   <trkpt lat="51.0535338" lon="13.7475093">
    <ele>113</ele>
    <time>2026-08-04T18:50:48Z</time>
    <extensions>
     <gpxdata:hr>132</gpxdata:hr>
     <gpxdata:distance>3318.50</gpxdata:distance>
     <gpxdata:speed>6.297</gpxdata:speed>
    </extensions>
   </trkpt>
   <trkpt lat="51.0535432" lon="13.7475999">
    <ele>113</ele>
    <time>2026-08-04T18:50:49Z</time>
    <extensions>
     <gpxdata:hr>133</gpxdata:hr>
     <gpxdata:distance>3325.00</gpxdata:distance>
     <gpxdata:speed>6.300</gpxdata:speed>
    </extensions>
   </trkpt>
   <trkpt lat="51.0535547" lon="13.7476927">
    <ele>113</ele>
    <time>2026-08-04T18:50:50Z</time>
    <extensions>
     <gpxdata:hr>133</gpxdata:hr>
     <gpxdata:distance>3331.50</gpxdata:distance>
     <gpxdata:speed>6.356</gpxdata:speed>
    </extensions>
   </trkpt>
   <trkpt lat="51.0535664" lon="13.7477872">
    <ele>113</ele>
    <time>2026-08-04T18:50:51Z</time>
    <extensions>
     <gpxdata:hr>134</gpxdata:hr>
     <gpxdata:distance>3338.00</gpxdata:distance>
     <gpxdata:speed>6.458</gpxdata:speed>
    </extensions>
   </trkpt>
   <trkpt lat="51.0535774" lon="13.7478816">
    <ele>113</ele>
    <time>2026-08-04T18:50:52Z</time>
    <extensions>
     <gpxdata:hr>135</gpxdata:hr>
     <gpxdata:distance>3345.00</gpxdata:distance>
     <gpxdata:speed>6.561</gpxdata:speed>
    </extensions>
   </trkpt>
   <trkpt lat="51.0535885" lon="13.7479740">
    <ele>113</ele>
    <time>2026-08-04T18:50:53Z</time>
    <extensions>
     <gpxdata:hr>133</gpxdata:hr>
     <gpxdata:distance>3352.00</gpxdata:distance>
     <gpxdata:speed>6.614</gpxdata:speed>
    </extensions>
   </trkpt>
   <trkpt lat="51.0536015" lon="13.7480628">
    <ele>113</ele>
    <time>2026-08-04T18:50:54Z</time>
    <extensions>
     <gpxdata:hr>132</gpxdata:hr>
     <gpxdata:distance>3358.00</gpxdata:distance>
     <gpxdata:speed>6.586</gpxdata:speed>
    </extensions>
   </trkpt>
   <trkpt lat="51.0536168" lon="13.7481479">
    <ele>113</ele>
    <time>2026-08-04T18:50:55Z</time>
    <extensions>
     <gpxdata:hr>132</gpxdata:hr>
     <gpxdata:distance>3364.00</gpxdata:distance>
     <gpxdata:speed>6.506</gpxdata:speed>
    </extensions>
   </trkpt>
   <trkpt lat="51.0536335" lon="13.7482301">
    <ele>113</ele>
    <time>2026-08-04T18:50:56Z</time>
    <extensions>
     <gpxdata:hr>131</gpxdata:hr>
     <gpxdata:distance>3370.00</gpxdata:distance>
     <gpxdata:speed>6.394</gpxdata:speed>
    </extensions>
   </trkpt>
   <trkpt lat="51.0536504" lon="13.7483091">
    <ele>113</ele>
    <time>2026-08-04T18:50:57Z</time>
    <extensions>
     <gpxdata:hr>131</gpxdata:hr>
     <gpxdata:distance>3376.00</gpxdata:distance>
     <gpxdata:speed>6.267</gpxdata:speed>
    </extensions>
   </trkpt>
   <trkpt lat="51.0536669" lon="13.7483849">
    <ele>113</ele>
    <time>2026-08-04T18:50:58Z</time>
    <extensions>
     <gpxdata:hr>130</gpxdata:hr>
     <gpxdata:distance>3381.50</gpxdata:distance>
     <gpxdata:speed>6.114</gpxdata:speed>
    </extensions>
   </trkpt>
   <trkpt lat="51.0536782" lon="13.7484381">
    <ele>113</ele>
    <time>2026-08-04T18:50:59Z</time>
    <extensions>
     <gpxdata:hr>129</gpxdata:hr>
     <gpxdata:distance>3387.00</gpxdata:distance>
     <gpxdata:speed>5.933</gpxdata:speed>
    </extensions>
   </trkpt>
   <trkpt lat="51.0536924" lon="13.7485040">
    <ele>113</ele>
    <time>2026-08-04T18:51:00Z</time>
    <extensions>
     <gpxdata:hr>129</gpxdata:hr>
     <gpxdata:distance>3392.50</gpxdata:distance>
     <gpxdata:speed>5.547</gpxdata:speed>
    </extensions>
   </trkpt>
   <trkpt lat="51.0537102" lon="13.7485700">
    <ele>113</ele>
    <time>2026-08-04T18:51:01Z</time>
    <extensions>
     <gpxdata:hr>128</gpxdata:hr>
     <gpxdata:distance>3398.00</gpxdata:distance>
     <gpxdata:speed>5.356</gpxdata:speed>
    </extensions>
   </trkpt>
   <trkpt lat="51.0537353" lon="13.7486283">
    <ele>113</ele>
    <time>2026-08-04T18:51:02Z</time>
    <extensions>
     <gpxdata:hr>127</gpxdata:hr>
     <gpxdata:distance>3403.00</gpxdata:distance>
     <gpxdata:speed>5.186</gpxdata:speed>
    </extensions>
   </trkpt>
   <trkpt lat="51.0537679" lon="13.7486757">
    <ele>113</ele>
    <time>2026-08-04T18:51:03Z</time>
    <extensions>
     <gpxdata:hr>126</gpxdata:hr>
     <gpxdata:distance>3408.00</gpxdata:distance>
     <gpxdata:speed>5.144</gpxdata:speed>
    </extensions>
   </trkpt>
   <trkpt lat="51.0538058" lon="13.7487141">
    <ele>113</ele>
    <time>2026-08-04T18:51:04Z</time>
    <extensions>
     <gpxdata:hr>126</gpxdata:hr>
     <gpxdata:distance>3413.00</gpxdata:distance>
     <gpxdata:speed>5.119</gpxdata:speed>
    </extensions>
   </trkpt>
   <trkpt lat="51.0538461" lon="13.7487503">
    <ele>113</ele>
    <time>2026-08-04T18:51:05Z</time>
    <extensions>
     <gpxdata:hr>125</gpxdata:hr>
     <gpxdata:distance>3418.00</gpxdata:distance>
     <gpxdata:speed>5.131</gpxdata:speed>
    </extensions>
   </trkpt>
   <trkpt lat="51.0538858" lon="13.7487916">
    <ele>113</ele>
    <time>2026-08-04T18:51:06Z</time>
    <extensions>
     <gpxdata:hr>126</gpxdata:hr>
     <gpxdata:distance>3423.50</gpxdata:distance>
     <gpxdata:speed>5.147</gpxdata:speed>
    </extensions>
   </trkpt>
   <trkpt lat="51.0539211" lon="13.7488443">
    <ele>113</ele>
    <time>2026-08-04T18:51:07Z</time>
    <extensions>
     <gpxdata:hr>126</gpxdata:hr>
     <gpxdata:distance>3429.00</gpxdata:distance>
     <gpxdata:speed>5.217</gpxdata:speed>
    </extensions>
   </trkpt>
   <trkpt lat="51.0539498" lon="13.7489102">
    <ele>113</ele>
    <time>2026-08-04T18:51:08Z</time>
    <extensions>
     <gpxdata:hr>125</gpxdata:hr>
     <gpxdata:distance>3434.50</gpxdata:distance>
     <gpxdata:speed>5.342</gpxdata:speed>
    </extensions>
   </trkpt>
   <trkpt lat="51.0539733" lon="13.7489864">
    <ele>113</ele>
    <time>2026-08-04T18:51:09Z</time>
    <extensions>
     <gpxdata:hr>125</gpxdata:hr>
     <gpxdata:distance>3440.00</gpxdata:distance>
     <gpxdata:speed>5.536</gpxdata:speed>
    </extensions>
   </trkpt>
   <trkpt lat="51.0539940" lon="13.7490683">
    <ele>113</ele>
    <time>2026-08-04T18:51:10Z</time>
    <extensions>
     <gpxdata:hr>124</gpxdata:hr>
     <gpxdata:distance>3446.50</gpxdata:distance>
     <gpxdata:speed>5.747</gpxdata:speed>
    </extensions>
   </trkpt>
   <trkpt lat="51.0540208" lon="13.7491804">
    <ele>113</ele>
    <time>2026-08-04T18:51:11Z</time>
    <extensions>
     <gpxdata:hr>123</gpxdata:hr>
     <gpxdata:distance>3453.00</gpxdata:distance>
     <gpxdata:speed>6.128</gpxdata:speed>
    </extensions>
   </trkpt>
   <trkpt lat="51.0540433" lon="13.7492689">
    <ele>113</ele>
    <time>2026-08-04T18:51:12Z</time>
    <extensions>
     <gpxdata:hr>119</gpxdata:hr>
     <gpxdata:distance>3459.50</gpxdata:distance>
     <gpxdata:speed>6.247</gpxdata:speed>
    </extensions>
   </trkpt>
   <trkpt lat="51.0540664" lon="13.7493554">
    <ele>113</ele>
    <time>2026-08-04T18:51:13Z</time>
    <extensions>
     <gpxdata:hr>117</gpxdata:hr>
     <gpxdata:distance>3466.00</gpxdata:distance>
     <gpxdata:speed>6.356</gpxdata:speed>
    </extensions>
   </trkpt>
   <trkpt lat="51.0540896" lon="13.7494428">
    <ele>113</ele>
    <time>2026-08-04T18:51:14Z</time>
    <extensions>
     <gpxdata:hr>117</gpxdata:hr>
     <gpxdata:distance>3472.50</gpxdata:distance>
     <gpxdata:speed>6.481</gpxdata:speed>
    </extensions>
   </trkpt>
   <trkpt lat="51.0541132" lon="13.7495314">
    <ele>113</ele>
    <time>2026-08-04T18:51:15Z</time>
    <extensions>
     <gpxdata:hr>117</gpxdata:hr>
     <gpxdata:distance>3479.00</gpxdata:distance>
     <gpxdata:speed>6.589</gpxdata:speed>
    </extensions>
   </trkpt>
   <trkpt lat="51.0541381" lon="13.7496210">
    <ele>113</ele>
    <time>2026-08-04T18:51:16Z</time>
    <extensions>
     <gpxdata:hr>119</gpxdata:hr>
     <gpxdata:distance>3486.00</gpxdata:distance>
     <gpxdata:speed>6.689</gpxdata:speed>
    </extensions>
   </trkpt>
   <trkpt lat="51.0541639" lon="13.7497120">
    <ele>113</ele>
    <time>2026-08-04T18:51:17Z</time>
    <extensions>
     <gpxdata:hr>120</gpxdata:hr>
     <gpxdata:distance>3493.00</gpxdata:distance>
     <gpxdata:speed>6.817</gpxdata:speed>
    </extensions>
   </trkpt>
   <trkpt lat="51.0541904" lon="13.7498041">
    <ele>113</ele>
    <time>2026-08-04T18:51:18Z</time>
    <extensions>
     <gpxdata:hr>120</gpxdata:hr>
     <gpxdata:distance>3500.00</gpxdata:distance>
     <gpxdata:speed>6.942</gpxdata:speed>
    </extensions>
   </trkpt>
   <trkpt lat="51.0542170" lon="13.7498969">
    <ele>113</ele>
    <time>2026-08-04T18:51:19Z</time>
    <extensions>
     <gpxdata:hr>121</gpxdata:hr>
     <gpxdata:distance>3507.00</gpxdata:distance>
     <gpxdata:speed>7.033</gpxdata:speed>
    </extensions>
   </trkpt>
   <trkpt lat="51.0542440" lon="13.7499906">
    <ele>113</ele>
    <time>2026-08-04T18:51:20Z</time>
    <extensions>
     <gpxdata:hr>120</gpxdata:hr>
     <gpxdata:distance>3514.00</gpxdata:distance>
     <gpxdata:speed>7.092</gpxdata:speed>
    </extensions>
   </trkpt>
   <trkpt lat="51.0542714" lon="13.7500857">
    <ele>113</ele>
    <time>2026-08-04T18:51:21Z</time>
    <extensions>
     <gpxdata:hr>119</gpxdata:hr>
     <gpxdata:distance>3521.00</gpxdata:distance>
     <gpxdata:speed>7.181</gpxdata:speed>
    </extensions>
   </trkpt>
   <trkpt lat="51.0542984" lon="13.7501816">
    <ele>113</ele>
    <time>2026-08-04T18:51:22Z</time>
    <extensions>
     <gpxdata:hr>119</gpxdata:hr>
     <gpxdata:distance>3528.50</gpxdata:distance>
     <gpxdata:speed>7.275</gpxdata:speed>
    </extensions>
   </trkpt>
   <trkpt lat="51.0543253" lon="13.7502779">
    <ele>113</ele>
    <time>2026-08-04T18:51:23Z</time>
    <extensions>
     <gpxdata:hr>119</gpxdata:hr>
     <gpxdata:distance>3536.00</gpxdata:distance>
     <gpxdata:speed>7.319</gpxdata:speed>
    </extensions>
   </trkpt>
   <trkpt lat="51.0543521" lon="13.7503742">
    <ele>113</ele>
    <time>2026-08-04T18:51:24Z</time>
    <extensions>
     <gpxdata:hr>120</gpxdata:hr>
     <gpxdata:distance>3543.50</gpxdata:distance>
     <gpxdata:speed>7.344</gpxdata:speed>
    </extensions>
   </trkpt>
   <trkpt lat="51.0543792" lon="13.7504697">
    <ele>113</ele>
    <time>2026-08-04T18:51:25Z</time>
    <extensions>
     <gpxdata:hr>121</gpxdata:hr>
     <gpxdata:distance>3551.00</gpxdata:distance>
     <gpxdata:speed>7.361</gpxdata:speed>
    </extensions>
   </trkpt>
   <trkpt lat="51.0544068" lon="13.7505633">
    <ele>113</ele>
    <time>2026-08-04T18:51:26Z</time>
    <extensions>
     <gpxdata:hr>122</gpxdata:hr>
     <gpxdata:distance>3558.00</gpxdata:distance>
     <gpxdata:speed>7.350</gpxdata:speed>
    </extensions>
   </trkpt>
   <trkpt lat="51.0544334" lon="13.7506547">
    <ele>113</ele>
    <time>2026-08-04T18:51:27Z</time>
    <extensions>
     <gpxdata:hr>122</gpxdata:hr>
     <gpxdata:distance>3565.00</gpxdata:distance>
     <gpxdata:speed>7.308</gpxdata:speed>
    </extensions>
   </trkpt>
   <trkpt lat="51.0544583" lon="13.7507431">
    <ele>113</ele>
    <time>2026-08-04T18:51:28Z</time>
    <extensions>
     <gpxdata:hr>123</gpxdata:hr>
     <gpxdata:distance>3572.00</gpxdata:distance>
     <gpxdata:speed>7.206</gpxdata:speed>
    </extensions>
   </trkpt>
   <trkpt lat="51.0544833" lon="13.7508273">
    <ele>113</ele>
    <time>2026-08-04T18:51:29Z</time>
    <extensions>
     <gpxdata:hr>122</gpxdata:hr>
     <gpxdata:distance>3579.00</gpxdata:distance>
     <gpxdata:speed>7.044</gpxdata:speed>
    </extensions>
   </trkpt>
   <trkpt lat="51.0545108" lon="13.7509070">
    <ele>113</ele>
    <time>2026-08-04T18:51:30Z</time>
    <extensions>
     <gpxdata:hr>121</gpxdata:hr>
     <gpxdata:distance>3585.00</gpxdata:distance>
     <gpxdata:speed>6.858</gpxdata:speed>
    </extensions>
   </trkpt>
   <trkpt lat="51.0545394" lon="13.7509849">
    <ele>113</ele>
    <time>2026-08-04T18:51:31Z</time>
    <extensions>
     <gpxdata:hr>120</gpxdata:hr>
     <gpxdata:distance>3591.00</gpxdata:distance>
     <gpxdata:speed>6.694</gpxdata:speed>
    </extensions>
   </trkpt>
   <trkpt lat="51.0545677" lon="13.7510639">
    <ele>113</ele>
    <time>2026-08-04T18:51:32Z</time>
    <extensions>
     <gpxdata:hr>118</gpxdata:hr>
     <gpxdata:distance>3597.50</gpxdata:distance>
     <gpxdata:speed>6.572</gpxdata:speed>
    </extensions>
   </trkpt>
   <trkpt lat="51.0545957" lon="13.7511455">
    <ele>113</ele>
    <time>2026-08-04T18:51:33Z</time>
    <extensions>
     <gpxdata:hr>118</gpxdata:hr>
     <gpxdata:distance>3604.00</gpxdata:distance>
     <gpxdata:speed>6.511</gpxdata:speed>
    </extensions>
   </trkpt>
   <trkpt lat="51.0546243" lon="13.7512296">
    <ele>113</ele>
    <time>2026-08-04T18:51:34Z</time>
    <extensions>
     <gpxdata:hr>118</gpxdata:hr>
     <gpxdata:distance>3610.50</gpxdata:distance>
     <gpxdata:speed>6.519</gpxdata:speed>
    </extensions>
   </trkpt>
   <trkpt lat="51.0546538" lon="13.7513158">
    <ele>113</ele>
    <time>2026-08-04T18:51:35Z</time>
    <extensions>
     <gpxdata:hr>118</gpxdata:hr>
     <gpxdata:distance>3617.00</gpxdata:distance>
     <gpxdata:speed>6.583</gpxdata:speed>
    </extensions>
   </trkpt>
   <trkpt lat="51.0546840" lon="13.7514035">
    <ele>113</ele>
    <time>2026-08-04T18:51:36Z</time>
    <extensions>
     <gpxdata:hr>119</gpxdata:hr>
     <gpxdata:distance>3624.50</gpxdata:distance>
     <gpxdata:speed>6.681</gpxdata:speed>
    </extensions>
   </trkpt>
   <trkpt lat="51.0547150" lon="13.7514929">
    <ele>113</ele>
    <time>2026-08-04T18:51:37Z</time>
    <extensions>
     <gpxdata:hr>119</gpxdata:hr>
     <gpxdata:distance>3632.00</gpxdata:distance>
     <gpxdata:speed>6.786</gpxdata:speed>
    </extensions>
   </trkpt>
   <trkpt lat="51.0547469" lon="13.7515841">
    <ele>113</ele>
    <time>2026-08-04T18:51:38Z</time>
    <extensions>
     <gpxdata:hr>121</gpxdata:hr>
     <gpxdata:distance>3639.00</gpxdata:distance>
     <gpxdata:speed>6.908</gpxdata:speed>
    </extensions>
   </trkpt>
   <trkpt lat="51.0547798" lon="13.7516776">
    <ele>113</ele>
    <time>2026-08-04T18:51:39Z</time>
    <extensions>
     <gpxdata:hr>121</gpxdata:hr>
     <gpxdata:distance>3646.00</gpxdata:distance>
     <gpxdata:speed>7.047</gpxdata:speed>
    </extensions>
   </trkpt>
   <trkpt lat="51.0548133" lon="13.7517732">
    <ele>113</ele>
    <time>2026-08-04T18:51:40Z</time>
    <extensions>
     <gpxdata:hr>121</gpxdata:hr>
     <gpxdata:distance>3654.00</gpxdata:distance>
     <gpxdata:speed>7.203</gpxdata:speed>
    </extensions>
   </trkpt>
   <trkpt lat="51.0548471" lon="13.7518700">
    <ele>113</ele>
    <time>2026-08-04T18:51:41Z</time>
    <extensions>
     <gpxdata:hr>121</gpxdata:hr>
     <gpxdata:distance>3662.00</gpxdata:distance>
     <gpxdata:speed>7.364</gpxdata:speed>
    </extensions>
   </trkpt>
   <trkpt lat="51.0548808" lon="13.7519673">
    <ele>113</ele>
    <time>2026-08-04T18:51:42Z</time>
    <extensions>
     <gpxdata:hr>120</gpxdata:hr>
     <gpxdata:distance>3669.50</gpxdata:distance>
     <gpxdata:speed>7.492</gpxdata:speed>
    </extensions>
   </trkpt>
   <trkpt lat="51.0549145" lon="13.7520648">
    <ele>112</ele>
    <time>2026-08-04T18:51:43Z</time>
    <extensions>
     <gpxdata:hr>120</gpxdata:hr>
     <gpxdata:distance>3677.00</gpxdata:distance>
     <gpxdata:speed>7.586</gpxdata:speed>
    </extensions>
   </trkpt>
   <trkpt lat="51.0549485" lon="13.7521623">
    <ele>112</ele>
    <time>2026-08-04T18:51:44Z</time>
    <extensions>
     <gpxdata:hr>119</gpxdata:hr>
     <gpxdata:distance>3685.00</gpxdata:distance>
     <gpxdata:speed>7.653</gpxdata:speed>
    </extensions>
   </trkpt>
   <trkpt lat="51.0549831" lon="13.7522601">
    <ele>112</ele>
    <time>2026-08-04T18:51:45Z</time>
    <extensions>
     <gpxdata:hr>118</gpxdata:hr>
     <gpxdata:distance>3693.00</gpxdata:distance>
     <gpxdata:speed>7.708</gpxdata:speed>
    </extensions>
   </trkpt>
   <trkpt lat="51.0550179" lon="13.7523590">
    <ele>112</ele>
    <time>2026-08-04T18:51:46Z</time>
    <extensions>
     <gpxdata:hr>119</gpxdata:hr>
     <gpxdata:distance>3701.00</gpxdata:distance>
     <gpxdata:speed>7.822</gpxdata:speed>
    </extensions>
   </trkpt>
   <trkpt lat="51.0550531" lon="13.7524588">
    <ele>112</ele>
    <time>2026-08-04T18:51:47Z</time>
    <extensions>
     <gpxdata:hr>120</gpxdata:hr>
     <gpxdata:distance>3709.00</gpxdata:distance>
     <gpxdata:speed>7.886</gpxdata:speed>
    </extensions>
   </trkpt>
   <trkpt lat="51.0550878" lon="13.7525584">
    <ele>112</ele>
    <time>2026-08-04T18:51:48Z</time>
    <extensions>
     <gpxdata:hr>120</gpxdata:hr>
     <gpxdata:distance>3716.50</gpxdata:distance>
     <gpxdata:speed>7.942</gpxdata:speed>
    </extensions>
   </trkpt>
   <trkpt lat="51.0551217" lon="13.7526569">
    <ele>112</ele>
    <time>2026-08-04T18:51:49Z</time>
    <extensions>
     <gpxdata:hr>122</gpxdata:hr>
     <gpxdata:distance>3724.00</gpxdata:distance>
     <gpxdata:speed>7.950</gpxdata:speed>
    </extensions>
   </trkpt>
   <trkpt lat="51.0551553" lon="13.7527526">
    <ele>112</ele>
    <time>2026-08-04T18:51:50Z</time>
    <extensions>
     <gpxdata:hr>123</gpxdata:hr>
     <gpxdata:distance>3732.00</gpxdata:distance>
     <gpxdata:speed>7.906</gpxdata:speed>
    </extensions>
   </trkpt>
   <trkpt lat="51.0551888" lon="13.7528452">
    <ele>112</ele>
    <time>2026-08-04T18:51:51Z</time>
    <extensions>
     <gpxdata:hr>124</gpxdata:hr>
     <gpxdata:distance>3740.00</gpxdata:distance>
     <gpxdata:speed>7.814</gpxdata:speed>
    </extensions>
   </trkpt>
   <trkpt lat="51.0552213" lon="13.7529349">
    <ele>112</ele>
    <time>2026-08-04T18:51:52Z</time>
    <extensions>
     <gpxdata:hr>124</gpxdata:hr>
     <gpxdata:distance>3747.00</gpxdata:distance>
     <gpxdata:speed>7.689</gpxdata:speed>
    </extensions>
   </trkpt>
   <trkpt lat="51.0552528" lon="13.7530216">
    <ele>112</ele>
    <time>2026-08-04T18:51:53Z</time>
    <extensions>
     <gpxdata:hr>123</gpxdata:hr>
     <gpxdata:distance>3754.00</gpxdata:distance>
     <gpxdata:speed>7.525</gpxdata:speed>
    </extensions>
   </trkpt>
   <trkpt lat="51.0552839" lon="13.7531059">
    <ele>112</ele>
    <time>2026-08-04T18:51:54Z</time>
    <extensions>
     <gpxdata:hr>121</gpxdata:hr>
     <gpxdata:distance>3761.00</gpxdata:distance>
     <gpxdata:speed>7.342</gpxdata:speed>
    </extensions>
   </trkpt>
   <trkpt lat="51.0553146" lon="13.7531879">
    <ele>112</ele>
    <time>2026-08-04T18:51:55Z</time>
    <extensions>
     <gpxdata:hr>119</gpxdata:hr>
     <gpxdata:distance>3768.00</gpxdata:distance>
     <gpxdata:speed>6.961</gpxdata:speed>
    </extensions>
   </trkpt>
   <trkpt lat="51.0553453" lon="13.7532688">
    <ele>112</ele>
    <time>2026-08-04T18:51:56Z</time>
    <extensions>
     <gpxdata:hr>117</gpxdata:hr>
     <gpxdata:distance>3774.50</gpxdata:distance>
     <gpxdata:speed>6.767</gpxdata:speed>
    </extensions>
   </trkpt>
   <trkpt lat="51.0553765" lon="13.7533501">
    <ele>112</ele>
    <time>2026-08-04T18:51:57Z</time>
    <extensions>
     <gpxdata:hr>116</gpxdata:hr>
     <gpxdata:distance>3781.00</gpxdata:distance>
     <gpxdata:speed>6.692</gpxdata:speed>
    </extensions>
   </trkpt>
   <trkpt lat="51.0554088" lon="13.7534319">
    <ele>112</ele>
    <time>2026-08-04T18:51:58Z</time>
    <extensions>
     <gpxdata:hr>115</gpxdata:hr>
     <gpxdata:distance>3788.00</gpxdata:distance>
     <gpxdata:speed>6.722</gpxdata:speed>
    </extensions>
   </trkpt>
   <trkpt lat="51.0554424" lon="13.7535149">
    <ele>112</ele>
    <time>2026-08-04T18:51:59Z</time>
    <extensions>
     <gpxdata:hr>113</gpxdata:hr>
     <gpxdata:distance>3795.00</gpxdata:distance>
     <gpxdata:speed>6.781</gpxdata:speed>
    </extensions>
   </trkpt>
   <trkpt lat="51.0554771" lon="13.7535992">
    <ele>111</ele>
    <time>2026-08-04T18:52:00Z</time>
    <extensions>
     <gpxdata:hr>114</gpxdata:hr>
     <gpxdata:distance>3802.00</gpxdata:distance>
     <gpxdata:speed>6.897</gpxdata:speed>
    </extensions>
   </trkpt>
   <trkpt lat="51.0555121" lon="13.7536847">
    <ele>111</ele>
    <time>2026-08-04T18:52:01Z</time>
    <extensions>
     <gpxdata:hr>114</gpxdata:hr>
     <gpxdata:distance>3809.00</gpxdata:distance>
     <gpxdata:speed>7.006</gpxdata:speed>
    </extensions>
   </trkpt>
   <trkpt lat="51.0555472" lon="13.7537714">
    <ele>111</ele>
    <time>2026-08-04T18:52:02Z</time>
    <extensions>
     <gpxdata:hr>115</gpxdata:hr>
     <gpxdata:distance>3816.00</gpxdata:distance>
     <gpxdata:speed>7.069</gpxdata:speed>
    </extensions>
   </trkpt>
   <trkpt lat="51.0555825" lon="13.7538592">
    <ele>111</ele>
    <time>2026-08-04T18:52:03Z</time>
    <extensions>
     <gpxdata:hr>116</gpxdata:hr>
     <gpxdata:distance>3823.00</gpxdata:distance>
     <gpxdata:speed>7.122</gpxdata:speed>
    </extensions>
   </trkpt>
   <trkpt lat="51.0556181" lon="13.7539474">
    <ele>111</ele>
    <time>2026-08-04T18:52:04Z</time>
    <extensions>
     <gpxdata:hr>117</gpxdata:hr>
     <gpxdata:distance>3830.50</gpxdata:distance>
     <gpxdata:speed>7.183</gpxdata:speed>
    </extensions>
   </trkpt>
   <trkpt lat="51.0556539" lon="13.7540357">
    <ele>111</ele>
    <time>2026-08-04T18:52:05Z</time>
    <extensions>
     <gpxdata:hr>122</gpxdata:hr>
     <gpxdata:distance>3838.00</gpxdata:distance>
     <gpxdata:speed>7.239</gpxdata:speed>
    </extensions>
   </trkpt>
   <trkpt lat="51.0556894" lon="13.7541239">
    <ele>111</ele>
    <time>2026-08-04T18:52:06Z</time>
    <extensions>
     <gpxdata:hr>123</gpxdata:hr>
     <gpxdata:distance>3845.50</gpxdata:distance>
     <gpxdata:speed>7.283</gpxdata:speed>
    </extensions>
   </trkpt>
   <trkpt lat="51.0557242" lon="13.7542117">
    <ele>111</ele>
    <time>2026-08-04T18:52:07Z</time>
    <extensions>
     <gpxdata:hr>124</gpxdata:hr>
     <gpxdata:distance>3853.00</gpxdata:distance>
     <gpxdata:speed>7.306</gpxdata:speed>
    </extensions>
   </trkpt>
   <trkpt lat="51.0557587" lon="13.7542979">
    <ele>111</ele>
    <time>2026-08-04T18:52:08Z</time>
    <extensions>
     <gpxdata:hr>124</gpxdata:hr>
     <gpxdata:distance>3860.00</gpxdata:distance>
     <gpxdata:speed>7.294</gpxdata:speed>
    </extensions>
   </trkpt>
   <trkpt lat="51.0557931" lon="13.7543815">
    <ele>111</ele>
    <time>2026-08-04T18:52:09Z</time>
    <extensions>
     <gpxdata:hr>124</gpxdata:hr>
     <gpxdata:distance>3867.00</gpxdata:distance>
     <gpxdata:speed>7.242</gpxdata:speed>
    </extensions>
   </trkpt>
   <trkpt lat="51.0558273" lon="13.7544634">
    <ele>111</ele>
    <time>2026-08-04T18:52:10Z</time>
    <extensions>
     <gpxdata:hr>124</gpxdata:hr>
     <gpxdata:distance>3873.50</gpxdata:distance>
     <gpxdata:speed>7.153</gpxdata:speed>
    </extensions>
   </trkpt>
   <trkpt lat="51.0558611" lon="13.7545449">
    <ele>111</ele>
    <time>2026-08-04T18:52:11Z</time>
    <extensions>
     <gpxdata:hr>124</gpxdata:hr>
     <gpxdata:distance>3880.00</gpxdata:distance>
     <gpxdata:speed>7.056</gpxdata:speed>
    </extensions>
   </trkpt>
   <trkpt lat="51.0558949" lon="13.7546270">
    <ele>111</ele>
    <time>2026-08-04T18:52:12Z</time>
    <extensions>
     <gpxdata:hr>124</gpxdata:hr>
     <gpxdata:distance>3887.00</gpxdata:distance>
     <gpxdata:speed>6.983</gpxdata:speed>
    </extensions>
   </trkpt>
   <trkpt lat="51.0559292" lon="13.7547095">
    <ele>111</ele>
    <time>2026-08-04T18:52:13Z</time>
    <extensions>
     <gpxdata:hr>124</gpxdata:hr>
     <gpxdata:distance>3894.00</gpxdata:distance>
     <gpxdata:speed>6.953</gpxdata:speed>
    </extensions>
   </trkpt>
   <trkpt lat="51.0559634" lon="13.7547922">
    <ele>111</ele>
    <time>2026-08-04T18:52:14Z</time>
    <extensions>
     <gpxdata:hr>121</gpxdata:hr>
     <gpxdata:distance>3901.00</gpxdata:distance>
     <gpxdata:speed>6.942</gpxdata:speed>
    </extensions>
   </trkpt>
   <trkpt lat="51.0559972" lon="13.7548755">
    <ele>111</ele>
    <time>2026-08-04T18:52:15Z</time>
    <extensions>
     <gpxdata:hr>121</gpxdata:hr>
     <gpxdata:distance>3908.00</gpxdata:distance>
     <gpxdata:speed>6.933</gpxdata:speed>
    </extensions>
   </trkpt>
   <trkpt lat="51.0560308" lon="13.7549585">
    <ele>111</ele>
    <time>2026-08-04T18:52:16Z</time>
    <extensions>
     <gpxdata:hr>121</gpxdata:hr>
     <gpxdata:distance>3915.00</gpxdata:distance>
     <gpxdata:speed>6.928</gpxdata:speed>
    </extensions>
   </trkpt>
   <trkpt lat="51.0560651" lon="13.7550411">
    <ele>111</ele>
    <time>2026-08-04T18:52:17Z</time>
    <extensions>
     <gpxdata:hr>118</gpxdata:hr>
     <gpxdata:distance>3922.00</gpxdata:distance>
     <gpxdata:speed>6.914</gpxdata:speed>
    </extensions>
   </trkpt>
   <trkpt lat="51.0560999" lon="13.7551229">
    <ele>111</ele>
    <time>2026-08-04T18:52:18Z</time>
    <extensions>
     <gpxdata:hr>117</gpxdata:hr>
     <gpxdata:distance>3929.00</gpxdata:distance>
     <gpxdata:speed>6.917</gpxdata:speed>
    </extensions>
   </trkpt>
   <trkpt lat="51.0561352" lon="13.7552038">
    <ele>111</ele>
    <time>2026-08-04T18:52:19Z</time>
    <extensions>
     <gpxdata:hr>116</gpxdata:hr>
     <gpxdata:distance>3936.00</gpxdata:distance>
     <gpxdata:speed>6.911</gpxdata:speed>
    </extensions>
   </trkpt>
   <trkpt lat="51.0561709" lon="13.7552841">
    <ele>112</ele>
    <time>2026-08-04T18:52:20Z</time>
    <extensions>
     <gpxdata:hr>115</gpxdata:hr>
     <gpxdata:distance>3943.00</gpxdata:distance>
     <gpxdata:speed>6.903</gpxdata:speed>
    </extensions>
   </trkpt>
   <trkpt lat="51.0562065" lon="13.7553629">
    <ele>112</ele>
    <time>2026-08-04T18:52:21Z</time>
    <extensions>
     <gpxdata:hr>115</gpxdata:hr>
     <gpxdata:distance>3950.00</gpxdata:distance>
     <gpxdata:speed>6.897</gpxdata:speed>
    </extensions>
   </trkpt>
   <trkpt lat="51.0562421" lon="13.7554413">
    <ele>112</ele>
    <time>2026-08-04T18:52:22Z</time>
    <extensions>
     <gpxdata:hr>116</gpxdata:hr>
     <gpxdata:distance>3956.50</gpxdata:distance>
     <gpxdata:speed>6.856</gpxdata:speed>
    </extensions>
   </trkpt>
   <trkpt lat="51.0562778" lon="13.7555207">
    <ele>112</ele>
    <time>2026-08-04T18:52:23Z</time>
    <extensions>
     <gpxdata:hr>116</gpxdata:hr>
     <gpxdata:distance>3963.00</gpxdata:distance>
     <gpxdata:speed>6.825</gpxdata:speed>
    </extensions>
   </trkpt>
   <trkpt lat="51.0563121" lon="13.7556001">
    <ele>112</ele>
    <time>2026-08-04T18:52:24Z</time>
    <extensions>
     <gpxdata:hr>117</gpxdata:hr>
     <gpxdata:distance>3970.00</gpxdata:distance>
     <gpxdata:speed>6.833</gpxdata:speed>
    </extensions>
   </trkpt>
   <trkpt lat="51.0563449" lon="13.7556786">
    <ele>111</ele>
    <time>2026-08-04T18:52:25Z</time>
    <extensions>
     <gpxdata:hr>118</gpxdata:hr>
     <gpxdata:distance>3977.00</gpxdata:distance>
     <gpxdata:speed>6.797</gpxdata:speed>
    </extensions>
   </trkpt>
   <trkpt lat="51.0563763" lon="13.7557549">
    <ele>111</ele>
    <time>2026-08-04T18:52:26Z</time>
    <extensions>
     <gpxdata:hr>120</gpxdata:hr>
     <gpxdata:distance>3983.00</gpxdata:distance>
     <gpxdata:speed>6.714</gpxdata:speed>
    </extensions>
   </trkpt>
   <trkpt lat="51.0564071" lon="13.7558296">
    <ele>111</ele>
    <time>2026-08-04T18:52:27Z</time>
    <extensions>
     <gpxdata:hr>121</gpxdata:hr>
     <gpxdata:distance>3989.00</gpxdata:distance>
     <gpxdata:speed>6.581</gpxdata:speed>
    </extensions>
   </trkpt>
   <trkpt lat="51.0564395" lon="13.7559041">
    <ele>111</ele>
    <time>2026-08-04T18:52:28Z</time>
    <extensions>
     <gpxdata:hr>120</gpxdata:hr>
     <gpxdata:distance>3995.50</gpxdata:distance>
     <gpxdata:speed>6.464</gpxdata:speed>
    </extensions>
   </trkpt>
   <trkpt lat="51.0564741" lon="13.7559803">
    <ele>111</ele>
    <time>2026-08-04T18:52:29Z</time>
    <extensions>
     <gpxdata:hr>120</gpxdata:hr>
     <gpxdata:distance>4002.00</gpxdata:distance>
     <gpxdata:speed>6.436</gpxdata:speed>
    </extensions>
   </trkpt>
   <trkpt lat="51.0565112" lon="13.7560593">
    <ele>111</ele>
    <time>2026-08-04T18:52:30Z</time>
    <extensions>
     <gpxdata:hr>121</gpxdata:hr>
     <gpxdata:distance>4009.00</gpxdata:distance>
     <gpxdata:speed>6.508</gpxdata:speed>
    </extensions>
   </trkpt>
   <trkpt lat="51.0565499" lon="13.7561415">
    <ele>111</ele>
    <time>2026-08-04T18:52:31Z</time>
    <extensions>
     <gpxdata:hr>121</gpxdata:hr>
     <gpxdata:distance>4016.00</gpxdata:distance>
     <gpxdata:speed>6.658</gpxdata:speed>
    </extensions>
   </trkpt>
   <trkpt lat="51.0565884" lon="13.7562259">
    <ele>111</ele>
    <time>2026-08-04T18:52:32Z</time>
    <extensions>
     <gpxdata:hr>121</gpxdata:hr>
     <gpxdata:distance>4023.50</gpxdata:distance>
     <gpxdata:speed>6.844</gpxdata:speed>
    </extensions>
   </trkpt>
   <trkpt lat="51.0566271" lon="13.7563108">
    <ele>111</ele>
    <time>2026-08-04T18:52:33Z</time>
    <extensions>
     <gpxdata:hr>121</gpxdata:hr>
     <gpxdata:distance>4031.00</gpxdata:distance>
     <gpxdata:speed>6.989</gpxdata:speed>
    </extensions>
   </trkpt>
   <trkpt lat="51.0566656" lon="13.7563956">
    <ele>111</ele>
    <time>2026-08-04T18:52:34Z</time>
    <extensions>
     <gpxdata:hr>121</gpxdata:hr>
     <gpxdata:distance>4038.00</gpxdata:distance>
     <gpxdata:speed>7.103</gpxdata:speed>
    </extensions>
   </trkpt>
   <trkpt lat="51.0567040" lon="13.7564801">
    <ele>111</ele>
    <time>2026-08-04T18:52:35Z</time>
    <extensions>
     <gpxdata:hr>121</gpxdata:hr>
     <gpxdata:distance>4045.00</gpxdata:distance>
     <gpxdata:speed>7.169</gpxdata:speed>
    </extensions>
   </trkpt>
   <trkpt lat="51.0567429" lon="13.7565636">
    <ele>111</ele>
    <time>2026-08-04T18:52:36Z</time>
    <extensions>
     <gpxdata:hr>121</gpxdata:hr>
     <gpxdata:distance>4052.50</gpxdata:distance>
     <gpxdata:speed>7.217</gpxdata:speed>
    </extensions>
   </trkpt>
   <trkpt lat="51.0567822" lon="13.7566463">
    <ele>111</ele>
    <time>2026-08-04T18:52:37Z</time>
    <extensions>
     <gpxdata:hr>121</gpxdata:hr>
     <gpxdata:distance>4060.00</gpxdata:distance>
     <gpxdata:speed>7.253</gpxdata:speed>
    </extensions>
   </trkpt>
   <trkpt lat="51.0568210" lon="13.7567292">
    <ele>111</ele>
    <time>2026-08-04T18:52:38Z</time>
    <extensions>
     <gpxdata:hr>120</gpxdata:hr>
     <gpxdata:distance>4067.00</gpxdata:distance>
     <gpxdata:speed>7.258</gpxdata:speed>
    </extensions>
   </trkpt>
   <trkpt lat="51.0568591" lon="13.7568128">
    <ele>111</ele>
    <time>2026-08-04T18:52:39Z</time>
    <extensions>
     <gpxdata:hr>120</gpxdata:hr>
     <gpxdata:distance>4074.00</gpxdata:distance>
     <gpxdata:speed>7.244</gpxdata:speed>
    </extensions>
   </trkpt>
   <trkpt lat="51.0568972" lon="13.7568963">
    <ele>111</ele>
    <time>2026-08-04T18:52:40Z</time>
    <extensions>
     <gpxdata:hr>120</gpxdata:hr>
     <gpxdata:distance>4081.50</gpxdata:distance>
     <gpxdata:speed>7.242</gpxdata:speed>
    </extensions>
   </trkpt>
   <trkpt lat="51.0569352" lon="13.7569800">
    <ele>111</ele>
    <time>2026-08-04T18:52:41Z</time>
    <extensions>
     <gpxdata:hr>120</gpxdata:hr>
     <gpxdata:distance>4089.00</gpxdata:distance>
     <gpxdata:speed>7.239</gpxdata:speed>
    </extensions>
   </trkpt>
   <trkpt lat="51.0569730" lon="13.7570638">
    <ele>111</ele>
    <time>2026-08-04T18:52:42Z</time>
    <extensions>
     <gpxdata:hr>120</gpxdata:hr>
     <gpxdata:distance>4096.00</gpxdata:distance>
     <gpxdata:speed>7.233</gpxdata:speed>
    </extensions>
   </trkpt>
   <trkpt lat="51.0570111" lon="13.7571474">
    <ele>111</ele>
    <time>2026-08-04T18:52:43Z</time>
    <extensions>
     <gpxdata:hr>120</gpxdata:hr>
     <gpxdata:distance>4103.00</gpxdata:distance>
     <gpxdata:speed>7.231</gpxdata:speed>
    </extensions>
   </trkpt>
   <trkpt lat="51.0570497" lon="13.7572299">
    <ele>111</ele>
    <time>2026-08-04T18:52:44Z</time>
    <extensions>
     <gpxdata:hr>121</gpxdata:hr>
     <gpxdata:distance>4110.00</gpxdata:distance>
     <gpxdata:speed>7.228</gpxdata:speed>
    </extensions>
   </trkpt>
   <trkpt lat="51.0570889" lon="13.7573121">
    <ele>111</ele>
    <time>2026-08-04T18:52:45Z</time>
    <extensions>
     <gpxdata:hr>121</gpxdata:hr>
     <gpxdata:distance>4117.00</gpxdata:distance>
     <gpxdata:speed>7.214</gpxdata:speed>
    </extensions>
   </trkpt>
   <trkpt lat="51.0571280" lon="13.7573951">
    <ele>111</ele>
    <time>2026-08-04T18:52:46Z</time>
    <extensions>
     <gpxdata:hr>121</gpxdata:hr>
     <gpxdata:distance>4124.50</gpxdata:distance>
     <gpxdata:speed>7.219</gpxdata:speed>
    </extensions>
   </trkpt>
   <trkpt lat="51.0571667" lon="13.7574794">
    <ele>111</ele>
    <time>2026-08-04T18:52:47Z</time>
    <extensions>
     <gpxdata:hr>121</gpxdata:hr>
     <gpxdata:distance>4132.00</gpxdata:distance>
     <gpxdata:speed>7.236</gpxdata:speed>
    </extensions>
   </trkpt>
   <trkpt lat="51.0572052" lon="13.7575641">
    <ele>111</ele>
    <time>2026-08-04T18:52:48Z</time>
    <extensions>
     <gpxdata:hr>122</gpxdata:hr>
     <gpxdata:distance>4139.50</gpxdata:distance>
     <gpxdata:speed>7.258</gpxdata:speed>
    </extensions>
   </trkpt>
   <trkpt lat="51.0572441" lon="13.7576483">
    <ele>111</ele>
    <time>2026-08-04T18:52:49Z</time>
    <extensions>
     <gpxdata:hr>122</gpxdata:hr>
     <gpxdata:distance>4147.00</gpxdata:distance>
     <gpxdata:speed>7.278</gpxdata:speed>
    </extensions>
   </trkpt>
   <trkpt lat="51.0572838" lon="13.7577317">
    <ele>111</ele>
    <time>2026-08-04T18:52:50Z</time>
    <extensions>
     <gpxdata:hr>123</gpxdata:hr>
     <gpxdata:distance>4154.00</gpxdata:distance>
     <gpxdata:speed>7.289</gpxdata:speed>
    </extensions>
   </trkpt>
   <trkpt lat="51.0573238" lon="13.7578140">
    <ele>111</ele>
    <time>2026-08-04T18:52:51Z</time>
    <extensions>
     <gpxdata:hr>122</gpxdata:hr>
     <gpxdata:distance>4161.00</gpxdata:distance>
     <gpxdata:speed>7.297</gpxdata:speed>
    </extensions>
   </trkpt>
   <trkpt lat="51.0573634" lon="13.7578964">
    <ele>111</ele>
    <time>2026-08-04T18:52:52Z</time>
    <extensions>
     <gpxdata:hr>122</gpxdata:hr>
     <gpxdata:distance>4168.50</gpxdata:distance>
     <gpxdata:speed>7.289</gpxdata:speed>
    </extensions>
   </trkpt>
   <trkpt lat="51.0574029" lon="13.7579798">
    <ele>111</ele>
    <time>2026-08-04T18:52:53Z</time>
    <extensions>
     <gpxdata:hr>122</gpxdata:hr>
     <gpxdata:distance>4176.00</gpxdata:distance>
     <gpxdata:speed>7.278</gpxdata:speed>
    </extensions>
   </trkpt>
   <trkpt lat="51.0574431" lon="13.7580636">
    <ele>111</ele>
    <time>2026-08-04T18:52:54Z</time>
    <extensions>
     <gpxdata:hr>121</gpxdata:hr>
     <gpxdata:distance>4183.50</gpxdata:distance>
     <gpxdata:speed>7.292</gpxdata:speed>
    </extensions>
   </trkpt>
   <trkpt lat="51.0574840" lon="13.7581474">
    <ele>111</ele>
    <time>2026-08-04T18:52:55Z</time>
    <extensions>
     <gpxdata:hr>121</gpxdata:hr>
     <gpxdata:distance>4191.00</gpxdata:distance>
     <gpxdata:speed>7.328</gpxdata:speed>
    </extensions>
   </trkpt>
   <trkpt lat="51.0575256" lon="13.7582311">
    <ele>111</ele>
    <time>2026-08-04T18:52:56Z</time>
    <extensions>
     <gpxdata:hr>121</gpxdata:hr>
     <gpxdata:distance>4198.00</gpxdata:distance>
     <gpxdata:speed>7.364</gpxdata:speed>
    </extensions>
   </trkpt>
   <trkpt lat="51.0575670" lon="13.7583149">
    <ele>111</ele>
    <time>2026-08-04T18:52:57Z</time>
    <extensions>
     <gpxdata:hr>121</gpxdata:hr>
     <gpxdata:distance>4205.00</gpxdata:distance>
     <gpxdata:speed>7.397</gpxdata:speed>
    </extensions>
   </trkpt>
   <trkpt lat="51.0576081" lon="13.7583995">
    <ele>111</ele>
    <time>2026-08-04T18:52:58Z</time>
    <extensions>
     <gpxdata:hr>120</gpxdata:hr>
     <gpxdata:distance>4212.50</gpxdata:distance>
     <gpxdata:speed>7.419</gpxdata:speed>
    </extensions>
   </trkpt>
   <trkpt lat="51.0576492" lon="13.7584851">
    <ele>111</ele>
    <time>2026-08-04T18:52:59Z</time>
    <extensions>
     <gpxdata:hr>121</gpxdata:hr>
     <gpxdata:distance>4220.00</gpxdata:distance>
     <gpxdata:speed>7.439</gpxdata:speed>
    </extensions>
   </trkpt>
   <trkpt lat="51.0576905" lon="13.7585717">
    <ele>111</ele>
    <time>2026-08-04T18:53:00Z</time>
    <extensions>
     <gpxdata:hr>121</gpxdata:hr>
     <gpxdata:distance>4228.00</gpxdata:distance>
     <gpxdata:speed>7.481</gpxdata:speed>
    </extensions>
   </trkpt>
   <trkpt lat="51.0577319" lon="13.7586587">
    <ele>111</ele>
    <time>2026-08-04T18:53:01Z</time>
    <extensions>
     <gpxdata:hr>123</gpxdata:hr>
     <gpxdata:distance>4236.00</gpxdata:distance>
     <gpxdata:speed>7.525</gpxdata:speed>
    </extensions>
   </trkpt>
   <trkpt lat="51.0577735" lon="13.7587456">
    <ele>111</ele>
    <time>2026-08-04T18:53:02Z</time>
    <extensions>
     <gpxdata:hr>124</gpxdata:hr>
     <gpxdata:distance>4243.50</gpxdata:distance>
     <gpxdata:speed>7.567</gpxdata:speed>
    </extensions>
   </trkpt>
   <trkpt lat="51.0578151" lon="13.7588327">
    <ele>111</ele>
    <time>2026-08-04T18:53:03Z</time>
    <extensions>
     <gpxdata:hr>126</gpxdata:hr>
     <gpxdata:distance>4251.00</gpxdata:distance>
     <gpxdata:speed>7.594</gpxdata:speed>
    </extensions>
   </trkpt>
   <trkpt lat="51.0578568" lon="13.7589201">
    <ele>111</ele>
    <time>2026-08-04T18:53:04Z</time>
    <extensions>
     <gpxdata:hr>128</gpxdata:hr>
     <gpxdata:distance>4258.50</gpxdata:distance>
     <gpxdata:speed>7.617</gpxdata:speed>
    </extensions>
   </trkpt>
   <trkpt lat="51.0578991" lon="13.7590076">
    <ele>111</ele>
    <time>2026-08-04T18:53:05Z</time>
    <extensions>
     <gpxdata:hr>129</gpxdata:hr>
     <gpxdata:distance>4266.00</gpxdata:distance>
     <gpxdata:speed>7.642</gpxdata:speed>
    </extensions>
   </trkpt>
   <trkpt lat="51.0579414" lon="13.7590956">
    <ele>111</ele>
    <time>2026-08-04T18:53:06Z</time>
    <extensions>
     <gpxdata:hr>130</gpxdata:hr>
     <gpxdata:distance>4274.00</gpxdata:distance>
     <gpxdata:speed>7.672</gpxdata:speed>
    </extensions>
   </trkpt>
   <trkpt lat="51.0579846" lon="13.7591835">
    <ele>112</ele>
    <time>2026-08-04T18:53:07Z</time>
    <extensions>
     <gpxdata:hr>130</gpxdata:hr>
     <gpxdata:distance>4282.00</gpxdata:distance>
     <gpxdata:speed>7.706</gpxdata:speed>
    </extensions>
   </trkpt>
   <trkpt lat="51.0580299" lon="13.7592691">
    <ele>112</ele>
    <time>2026-08-04T18:53:08Z</time>
    <extensions>
     <gpxdata:hr>129</gpxdata:hr>
     <gpxdata:distance>4289.50</gpxdata:distance>
     <gpxdata:speed>7.744</gpxdata:speed>
    </extensions>
   </trkpt>
   <trkpt lat="51.0580782" lon="13.7593516">
    <ele>112</ele>
    <time>2026-08-04T18:53:09Z</time>
    <extensions>
     <gpxdata:hr>129</gpxdata:hr>
     <gpxdata:distance>4297.00</gpxdata:distance>
     <gpxdata:speed>7.781</gpxdata:speed>
    </extensions>
   </trkpt>
   <trkpt lat="51.0581279" lon="13.7594334">
    <ele>112</ele>
    <time>2026-08-04T18:53:10Z</time>
    <extensions>
     <gpxdata:hr>130</gpxdata:hr>
     <gpxdata:distance>4305.00</gpxdata:distance>
     <gpxdata:speed>7.822</gpxdata:speed>
    </extensions>
   </trkpt>
   <trkpt lat="51.0581765" lon="13.7595178">
    <ele>112</ele>
    <time>2026-08-04T18:53:11Z</time>
    <extensions>
     <gpxdata:hr>130</gpxdata:hr>
     <gpxdata:distance>4313.00</gpxdata:distance>
     <gpxdata:speed>7.878</gpxdata:speed>
    </extensions>
   </trkpt>
   <trkpt lat="51.0582231" lon="13.7596052">
    <ele>112</ele>
    <time>2026-08-04T18:53:12Z</time>
    <extensions>
     <gpxdata:hr>129</gpxdata:hr>
     <gpxdata:distance>4321.00</gpxdata:distance>
     <gpxdata:speed>7.925</gpxdata:speed>
    </extensions>
   </trkpt>
   <trkpt lat="51.0582686" lon="13.7596950">
    <ele>112</ele>
    <time>2026-08-04T18:53:13Z</time>
    <extensions>
     <gpxdata:hr>129</gpxdata:hr>
     <gpxdata:distance>4329.00</gpxdata:distance>
     <gpxdata:speed>7.961</gpxdata:speed>
    </extensions>
   </trkpt>
   <trkpt lat="51.0583137" lon="13.7597865">
    <ele>112</ele>
    <time>2026-08-04T18:53:14Z</time>
    <extensions>
     <gpxdata:hr>129</gpxdata:hr>
     <gpxdata:distance>4337.50</gpxdata:distance>
     <gpxdata:speed>8.006</gpxdata:speed>
    </extensions>
   </trkpt>
   <trkpt lat="51.0583588" lon="13.7598786">
    <ele>112</ele>
    <time>2026-08-04T18:53:15Z</time>
    <extensions>
     <gpxdata:hr>128</gpxdata:hr>
     <gpxdata:distance>4346.00</gpxdata:distance>
     <gpxdata:speed>8.056</gpxdata:speed>
    </extensions>
   </trkpt>
   <trkpt lat="51.0584032" lon="13.7599706">
    <ele>112</ele>
    <time>2026-08-04T18:53:16Z</time>
    <extensions>
     <gpxdata:hr>128</gpxdata:hr>
     <gpxdata:distance>4354.00</gpxdata:distance>
     <gpxdata:speed>8.094</gpxdata:speed>
    </extensions>
   </trkpt>
   <trkpt lat="51.0584475" lon="13.7600629">
    <ele>112</ele>
    <time>2026-08-04T18:53:17Z</time>
    <extensions>
     <gpxdata:hr>129</gpxdata:hr>
     <gpxdata:distance>4362.00</gpxdata:distance>
     <gpxdata:speed>8.097</gpxdata:speed>
    </extensions>
   </trkpt>
   <trkpt lat="51.0584929" lon="13.7601560">
    <ele>112</ele>
    <time>2026-08-04T18:53:18Z</time>
    <extensions>
     <gpxdata:hr>129</gpxdata:hr>
     <gpxdata:distance>4370.50</gpxdata:distance>
     <gpxdata:speed>8.111</gpxdata:speed>
    </extensions>
   </trkpt>
   <trkpt lat="51.0585394" lon="13.7602493">
    <ele>112</ele>
    <time>2026-08-04T18:53:19Z</time>
    <extensions>
     <gpxdata:hr>130</gpxdata:hr>
     <gpxdata:distance>4379.00</gpxdata:distance>
     <gpxdata:speed>8.167</gpxdata:speed>
    </extensions>
   </trkpt>
   <trkpt lat="51.0585870" lon="13.7603430">
    <ele>112</ele>
    <time>2026-08-04T18:53:20Z</time>
    <extensions>
     <gpxdata:hr>131</gpxdata:hr>
     <gpxdata:distance>4387.00</gpxdata:distance>
     <gpxdata:speed>8.228</gpxdata:speed>
    </extensions>
   </trkpt>
   <trkpt lat="51.0586356" lon="13.7604379">
    <ele>111</ele>
    <time>2026-08-04T18:53:21Z</time>
    <extensions>
     <gpxdata:hr>133</gpxdata:hr>
     <gpxdata:distance>4395.00</gpxdata:distance>
     <gpxdata:speed>8.300</gpxdata:speed>
    </extensions>
   </trkpt>
   <trkpt lat="51.0586834" lon="13.7605326">
    <ele>111</ele>
    <time>2026-08-04T18:53:22Z</time>
    <extensions>
     <gpxdata:hr>134</gpxdata:hr>
     <gpxdata:distance>4403.50</gpxdata:distance>
     <gpxdata:speed>8.394</gpxdata:speed>
    </extensions>
   </trkpt>
   <trkpt lat="51.0587298" lon="13.7606257">
    <ele>111</ele>
    <time>2026-08-04T18:53:23Z</time>
    <extensions>
     <gpxdata:hr>135</gpxdata:hr>
     <gpxdata:distance>4412.00</gpxdata:distance>
     <gpxdata:speed>8.422</gpxdata:speed>
    </extensions>
   </trkpt>
   <trkpt lat="51.0587757" lon="13.7607173">
    <ele>111</ele>
    <time>2026-08-04T18:53:24Z</time>
    <extensions>
     <gpxdata:hr>135</gpxdata:hr>
     <gpxdata:distance>4420.50</gpxdata:distance>
     <gpxdata:speed>8.364</gpxdata:speed>
    </extensions>
   </trkpt>
   <trkpt lat="51.0588223" lon="13.7608089">
    <ele>111</ele>
    <time>2026-08-04T18:53:25Z</time>
    <extensions>
     <gpxdata:hr>135</gpxdata:hr>
     <gpxdata:distance>4429.00</gpxdata:distance>
     <gpxdata:speed>8.308</gpxdata:speed>
    </extensions>
   </trkpt>
   <trkpt lat="51.0588700" lon="13.7609022">
    <ele>112</ele>
    <time>2026-08-04T18:53:26Z</time>
    <extensions>
     <gpxdata:hr>135</gpxdata:hr>
     <gpxdata:distance>4437.50</gpxdata:distance>
     <gpxdata:speed>8.297</gpxdata:speed>
    </extensions>
   </trkpt>
   <trkpt lat="51.0589183" lon="13.7609976">
    <ele>111</ele>
    <time>2026-08-04T18:53:27Z</time>
    <extensions>
     <gpxdata:hr>135</gpxdata:hr>
     <gpxdata:distance>4446.00</gpxdata:distance>
     <gpxdata:speed>8.358</gpxdata:speed>
    </extensions>
   </trkpt>
   <trkpt lat="51.0589670" lon="13.7610947">
    <ele>112</ele>
    <time>2026-08-04T18:53:28Z</time>
    <extensions>
     <gpxdata:hr>135</gpxdata:hr>
     <gpxdata:distance>4454.50</gpxdata:distance>
     <gpxdata:speed>8.439</gpxdata:speed>
    </extensions>
   </trkpt>
   <trkpt lat="51.0590158" lon="13.7611930">
    <ele>112</ele>
    <time>2026-08-04T18:53:29Z</time>
    <extensions>
     <gpxdata:hr>134</gpxdata:hr>
     <gpxdata:distance>4463.00</gpxdata:distance>
     <gpxdata:speed>8.525</gpxdata:speed>
    </extensions>
   </trkpt>
   <trkpt lat="51.0590645" lon="13.7612917">
    <ele>112</ele>
    <time>2026-08-04T18:53:30Z</time>
    <extensions>
     <gpxdata:hr>136</gpxdata:hr>
     <gpxdata:distance>4472.00</gpxdata:distance>
     <gpxdata:speed>8.603</gpxdata:speed>
    </extensions>
   </trkpt>
   <trkpt lat="51.0591137" lon="13.7613905">
    <ele>112</ele>
    <time>2026-08-04T18:53:31Z</time>
    <extensions>
     <gpxdata:hr>137</gpxdata:hr>
     <gpxdata:distance>4481.00</gpxdata:distance>
     <gpxdata:speed>8.658</gpxdata:speed>
    </extensions>
   </trkpt>
   <trkpt lat="51.0591635" lon="13.7614898">
    <ele>112</ele>
    <time>2026-08-04T18:53:32Z</time>
    <extensions>
     <gpxdata:hr>136</gpxdata:hr>
     <gpxdata:distance>4489.50</gpxdata:distance>
     <gpxdata:speed>8.711</gpxdata:speed>
    </extensions>
   </trkpt>
   <trkpt lat="51.0592141" lon="13.7615891">
    <ele>112</ele>
    <time>2026-08-04T18:53:33Z</time>
    <extensions>
     <gpxdata:hr>138</gpxdata:hr>
     <gpxdata:distance>4498.00</gpxdata:distance>
     <gpxdata:speed>8.775</gpxdata:speed>
    </extensions>
   </trkpt>
   <trkpt lat="51.0592650" lon="13.7616891">
    <ele>112</ele>
    <time>2026-08-04T18:53:34Z</time>
    <extensions>
     <gpxdata:hr>138</gpxdata:hr>
     <gpxdata:distance>4507.00</gpxdata:distance>
     <gpxdata:speed>8.833</gpxdata:speed>
    </extensions>
   </trkpt>
   <trkpt lat="51.0593168" lon="13.7617901">
    <ele>112</ele>
    <time>2026-08-04T18:53:35Z</time>
    <extensions>
     <gpxdata:hr>137</gpxdata:hr>
     <gpxdata:distance>4516.00</gpxdata:distance>
     <gpxdata:speed>8.897</gpxdata:speed>
    </extensions>
   </trkpt>
   <trkpt lat="51.0593696" lon="13.7618923">
    <ele>112</ele>
    <time>2026-08-04T18:53:36Z</time>
    <extensions>
     <gpxdata:hr>138</gpxdata:hr>
     <gpxdata:distance>4525.50</gpxdata:distance>
     <gpxdata:speed>8.981</gpxdata:speed>
    </extensions>
   </trkpt>
   <trkpt lat="51.0594230" lon="13.7619964">
    <ele>112</ele>
    <time>2026-08-04T18:53:37Z</time>
    <extensions>
     <gpxdata:hr>138</gpxdata:hr>
     <gpxdata:distance>4535.00</gpxdata:distance>
     <gpxdata:speed>9.083</gpxdata:speed>
    </extensions>
   </trkpt>
   <trkpt lat="51.0594763" lon="13.7621026">
    <ele>112</ele>
    <time>2026-08-04T18:53:38Z</time>
    <extensions>
     <gpxdata:hr>139</gpxdata:hr>
     <gpxdata:distance>4544.50</gpxdata:distance>
     <gpxdata:speed>9.194</gpxdata:speed>
    </extensions>
   </trkpt>
   <trkpt lat="51.0595302" lon="13.7622102">
    <ele>112</ele>
    <time>2026-08-04T18:53:39Z</time>
    <extensions>
     <gpxdata:hr>139</gpxdata:hr>
     <gpxdata:distance>4554.00</gpxdata:distance>
     <gpxdata:speed>9.303</gpxdata:speed>
    </extensions>
   </trkpt>
   <trkpt lat="51.0595857" lon="13.7623179">
    <ele>112</ele>
    <time>2026-08-04T18:53:40Z</time>
    <extensions>
     <gpxdata:hr>140</gpxdata:hr>
     <gpxdata:distance>4564.00</gpxdata:distance>
     <gpxdata:speed>9.414</gpxdata:speed>
    </extensions>
   </trkpt>
   <trkpt lat="51.0596410" lon="13.7624247">
    <ele>112</ele>
    <time>2026-08-04T18:53:41Z</time>
    <extensions>
     <gpxdata:hr>142</gpxdata:hr>
     <gpxdata:distance>4574.00</gpxdata:distance>
     <gpxdata:speed>9.531</gpxdata:speed>
    </extensions>
   </trkpt>
   <trkpt lat="51.0596956" lon="13.7625312">
    <ele>112</ele>
    <time>2026-08-04T18:53:42Z</time>
    <extensions>
     <gpxdata:hr>143</gpxdata:hr>
     <gpxdata:distance>4583.50</gpxdata:distance>
     <gpxdata:speed>9.572</gpxdata:speed>
    </extensions>
   </trkpt>
   <trkpt lat="51.0597485" lon="13.7626383">
    <ele>112</ele>
    <time>2026-08-04T18:53:43Z</time>
    <extensions>
     <gpxdata:hr>143</gpxdata:hr>
     <gpxdata:distance>4593.00</gpxdata:distance>
     <gpxdata:speed>9.581</gpxdata:speed>
    </extensions>
   </trkpt>
   <trkpt lat="51.0597992" lon="13.7627459">
    <ele>112</ele>
    <time>2026-08-04T18:53:44Z</time>
    <extensions>
     <gpxdata:hr>144</gpxdata:hr>
     <gpxdata:distance>4602.00</gpxdata:distance>
     <gpxdata:speed>9.564</gpxdata:speed>
    </extensions>
   </trkpt>
   <trkpt lat="51.0598482" lon="13.7628545">
    <ele>112</ele>
    <time>2026-08-04T18:53:45Z</time>
    <extensions>
     <gpxdata:hr>145</gpxdata:hr>
     <gpxdata:distance>4611.00</gpxdata:distance>
     <gpxdata:speed>9.511</gpxdata:speed>
    </extensions>
   </trkpt>
   <trkpt lat="51.0598970" lon="13.7629635">
    <ele>112</ele>
    <time>2026-08-04T18:53:46Z</time>
    <extensions>
     <gpxdata:hr>146</gpxdata:hr>
     <gpxdata:distance>4620.50</gpxdata:distance>
     <gpxdata:speed>9.461</gpxdata:speed>
    </extensions>
   </trkpt>
   <trkpt lat="51.0599457" lon="13.7630729">
    <ele>112</ele>
    <time>2026-08-04T18:53:47Z</time>
    <extensions>
     <gpxdata:hr>147</gpxdata:hr>
     <gpxdata:distance>4630.00</gpxdata:distance>
     <gpxdata:speed>9.436</gpxdata:speed>
    </extensions>
   </trkpt>
   <trkpt lat="51.0599938" lon="13.7631830">
    <ele>112</ele>
    <time>2026-08-04T18:53:48Z</time>
    <extensions>
     <gpxdata:hr>148</gpxdata:hr>
     <gpxdata:distance>4639.50</gpxdata:distance>
     <gpxdata:speed>9.419</gpxdata:speed>
    </extensions>
   </trkpt>
   <trkpt lat="51.0600419" lon="13.7632956">
    <ele>112</ele>
    <time>2026-08-04T18:53:49Z</time>
    <extensions>
     <gpxdata:hr>149</gpxdata:hr>
     <gpxdata:distance>4649.00</gpxdata:distance>
     <gpxdata:speed>9.408</gpxdata:speed>
    </extensions>
   </trkpt>
   <trkpt lat="51.0600910" lon="13.7634129">
    <ele>112</ele>
    <time>2026-08-04T18:53:50Z</time>
    <extensions>
     <gpxdata:hr>149</gpxdata:hr>
     <gpxdata:distance>4659.00</gpxdata:distance>
     <gpxdata:speed>9.458</gpxdata:speed>
    </extensions>
   </trkpt>
   <trkpt lat="51.0601417" lon="13.7635349">
    <ele>112</ele>
    <time>2026-08-04T18:53:51Z</time>
    <extensions>
     <gpxdata:hr>149</gpxdata:hr>
     <gpxdata:distance>4669.00</gpxdata:distance>
     <gpxdata:speed>9.617</gpxdata:speed>
    </extensions>
   </trkpt>
   <trkpt lat="51.0601940" lon="13.7636614">
    <ele>112</ele>
    <time>2026-08-04T18:53:52Z</time>
    <extensions>
     <gpxdata:hr>150</gpxdata:hr>
     <gpxdata:distance>4679.50</gpxdata:distance>
     <gpxdata:speed>9.839</gpxdata:speed>
    </extensions>
   </trkpt>
   <trkpt lat="51.0602481" lon="13.7637933">
    <ele>112</ele>
    <time>2026-08-04T18:53:53Z</time>
    <extensions>
     <gpxdata:hr>150</gpxdata:hr>
     <gpxdata:distance>4690.00</gpxdata:distance>
     <gpxdata:speed>10.103</gpxdata:speed>
    </extensions>
   </trkpt>
   <trkpt lat="51.0603045" lon="13.7639286">
    <ele>113</ele>
    <time>2026-08-04T18:53:54Z</time>
    <extensions>
     <gpxdata:hr>150</gpxdata:hr>
     <gpxdata:distance>4701.50</gpxdata:distance>
     <gpxdata:speed>10.425</gpxdata:speed>
    </extensions>
   </trkpt>
   <trkpt lat="51.0603633" lon="13.7640667">
    <ele>113</ele>
    <time>2026-08-04T18:53:55Z</time>
    <extensions>
     <gpxdata:hr>150</gpxdata:hr>
     <gpxdata:distance>4713.00</gpxdata:distance>
     <gpxdata:speed>10.744</gpxdata:speed>
    </extensions>
   </trkpt>
   <trkpt lat="51.0604226" lon="13.7642077">
    <ele>113</ele>
    <time>2026-08-04T18:53:56Z</time>
    <extensions>
     <gpxdata:hr>151</gpxdata:hr>
     <gpxdata:distance>4725.00</gpxdata:distance>
     <gpxdata:speed>11.064</gpxdata:speed>
    </extensions>
   </trkpt>
   <trkpt lat="51.0604810" lon="13.7643510">
    <ele>113</ele>
    <time>2026-08-04T18:53:57Z</time>
    <extensions>
     <gpxdata:hr>152</gpxdata:hr>
     <gpxdata:distance>4737.00</gpxdata:distance>
     <gpxdata:speed>11.714</gpxdata:speed>
    </extensions>
   </trkpt>
   <trkpt lat="51.0605385" lon="13.7644950">
    <ele>113</ele>
    <time>2026-08-04T18:53:58Z</time>
    <extensions>
     <gpxdata:hr>154</gpxdata:hr>
     <gpxdata:distance>4749.00</gpxdata:distance>
     <gpxdata:speed>11.825</gpxdata:speed>
    </extensions>
   </trkpt>
   <trkpt lat="51.0605955" lon="13.7646385">
    <ele>113</ele>
    <time>2026-08-04T18:53:59Z</time>
    <extensions>
     <gpxdata:hr>155</gpxdata:hr>
     <gpxdata:distance>4761.00</gpxdata:distance>
     <gpxdata:speed>11.858</gpxdata:speed>
    </extensions>
   </trkpt>
   <trkpt lat="51.0606514" lon="13.7647813">
    <ele>113</ele>
    <time>2026-08-04T18:54:00Z</time>
    <extensions>
     <gpxdata:hr>157</gpxdata:hr>
     <gpxdata:distance>4772.50</gpxdata:distance>
     <gpxdata:speed>11.836</gpxdata:speed>
    </extensions>
   </trkpt>
   <trkpt lat="51.0607067" lon="13.7649241">
    <ele>112</ele>
    <time>2026-08-04T18:54:01Z</time>
    <extensions>
     <gpxdata:hr>159</gpxdata:hr>
     <gpxdata:distance>4784.00</gpxdata:distance>
     <gpxdata:speed>11.764</gpxdata:speed>
    </extensions>
   </trkpt>
   <trkpt lat="51.0607614" lon="13.7650673">
    <ele>112</ele>
    <time>2026-08-04T18:54:02Z</time>
    <extensions>
     <gpxdata:hr>159</gpxdata:hr>
     <gpxdata:distance>4796.00</gpxdata:distance>
     <gpxdata:speed>11.750</gpxdata:speed>
    </extensions>
   </trkpt>
   <trkpt lat="51.0608161" lon="13.7652111">
    <ele>112</ele>
    <time>2026-08-04T18:54:03Z</time>
    <extensions>
     <gpxdata:hr>160</gpxdata:hr>
     <gpxdata:distance>4808.00</gpxdata:distance>
     <gpxdata:speed>11.767</gpxdata:speed>
    </extensions>
   </trkpt>
   <trkpt lat="51.0608699" lon="13.7653564">
    <ele>112</ele>
    <time>2026-08-04T18:54:04Z</time>
    <extensions>
     <gpxdata:hr>161</gpxdata:hr>
     <gpxdata:distance>4819.50</gpxdata:distance>
     <gpxdata:speed>11.783</gpxdata:speed>
    </extensions>
   </trkpt>
   <trkpt lat="51.0609198" lon="13.7655055">
    <ele>112</ele>
    <time>2026-08-04T18:54:05Z</time>
    <extensions>
     <gpxdata:hr>161</gpxdata:hr>
     <gpxdata:distance>4831.00</gpxdata:distance>
     <gpxdata:speed>11.803</gpxdata:speed>
    </extensions>
   </trkpt>
   <trkpt lat="51.0609674" lon="13.7656553">
    <ele>112</ele>
    <time>2026-08-04T18:54:06Z</time>
    <extensions>
     <gpxdata:hr>163</gpxdata:hr>
     <gpxdata:distance>4843.00</gpxdata:distance>
     <gpxdata:speed>11.806</gpxdata:speed>
    </extensions>
   </trkpt>
   <trkpt lat="51.0610172" lon="13.7658024">
    <ele>112</ele>
    <time>2026-08-04T18:54:07Z</time>
    <extensions>
     <gpxdata:hr>163</gpxdata:hr>
     <gpxdata:distance>4855.00</gpxdata:distance>
     <gpxdata:speed>11.778</gpxdata:speed>
    </extensions>
   </trkpt>
   <trkpt lat="51.0610692" lon="13.7659471">
    <ele>112</ele>
    <time>2026-08-04T18:54:08Z</time>
    <extensions>
     <gpxdata:hr>164</gpxdata:hr>
     <gpxdata:distance>4866.50</gpxdata:distance>
     <gpxdata:speed>11.744</gpxdata:speed>
    </extensions>
   </trkpt>
   <trkpt lat="51.0611190" lon="13.7660931">
    <ele>113</ele>
    <time>2026-08-04T18:54:09Z</time>
    <extensions>
     <gpxdata:hr>164</gpxdata:hr>
     <gpxdata:distance>4878.00</gpxdata:distance>
     <gpxdata:speed>11.719</gpxdata:speed>
    </extensions>
   </trkpt>
   <trkpt lat="51.0611650" lon="13.7662404">
    <ele>113</ele>
    <time>2026-08-04T18:54:10Z</time>
    <extensions>
     <gpxdata:hr>164</gpxdata:hr>
     <gpxdata:distance>4889.50</gpxdata:distance>
     <gpxdata:speed>11.686</gpxdata:speed>
    </extensions>
   </trkpt>
   <trkpt lat="51.0612086" lon="13.7663879">
    <ele>113</ele>
    <time>2026-08-04T18:54:11Z</time>
    <extensions>
     <gpxdata:hr>164</gpxdata:hr>
     <gpxdata:distance>4901.00</gpxdata:distance>
     <gpxdata:speed>11.622</gpxdata:speed>
    </extensions>
   </trkpt>
   <trkpt lat="51.0612515" lon="13.7665334">
    <ele>112</ele>
    <time>2026-08-04T18:54:12Z</time>
    <extensions>
     <gpxdata:hr>163</gpxdata:hr>
     <gpxdata:distance>4912.00</gpxdata:distance>
     <gpxdata:speed>11.544</gpxdata:speed>
    </extensions>
   </trkpt>
   <trkpt lat="51.0612937" lon="13.7666756">
    <ele>112</ele>
    <time>2026-08-04T18:54:13Z</time>
    <extensions>
     <gpxdata:hr>163</gpxdata:hr>
     <gpxdata:distance>4923.00</gpxdata:distance>
     <gpxdata:speed>11.431</gpxdata:speed>
    </extensions>
   </trkpt>
   <trkpt lat="51.0613341" lon="13.7668146">
    <ele>112</ele>
    <time>2026-08-04T18:54:14Z</time>
    <extensions>
     <gpxdata:hr>163</gpxdata:hr>
     <gpxdata:distance>4934.00</gpxdata:distance>
     <gpxdata:speed>11.083</gpxdata:speed>
    </extensions>
   </trkpt>
   <trkpt lat="51.0613716" lon="13.7669515">
    <ele>112</ele>
    <time>2026-08-04T18:54:15Z</time>
    <extensions>
     <gpxdata:hr>163</gpxdata:hr>
     <gpxdata:distance>4945.00</gpxdata:distance>
     <gpxdata:speed>10.792</gpxdata:speed>
    </extensions>
   </trkpt>
   <trkpt lat="51.0614077" lon="13.7670868">
    <ele>112</ele>
    <time>2026-08-04T18:54:16Z</time>
    <extensions>
     <gpxdata:hr>163</gpxdata:hr>
     <gpxdata:distance>4955.00</gpxdata:distance>
     <gpxdata:speed>10.558</gpxdata:speed>
    </extensions>
   </trkpt>
   <trkpt lat="51.0614438" lon="13.7672218">
    <ele>112</ele>
    <time>2026-08-04T18:54:17Z</time>
    <extensions>
     <gpxdata:hr>163</gpxdata:hr>
     <gpxdata:distance>4965.00</gpxdata:distance>
     <gpxdata:speed>10.389</gpxdata:speed>
    </extensions>
   </trkpt>
   <trkpt lat="51.0614796" lon="13.7673584">
    <ele>112</ele>
    <time>2026-08-04T18:54:18Z</time>
    <extensions>
     <gpxdata:hr>162</gpxdata:hr>
     <gpxdata:distance>4975.50</gpxdata:distance>
     <gpxdata:speed>10.350</gpxdata:speed>
    </extensions>
   </trkpt>
   <trkpt lat="51.0615141" lon="13.7674978">
    <ele>112</ele>
    <time>2026-08-04T18:54:19Z</time>
    <extensions>
     <gpxdata:hr>161</gpxdata:hr>
     <gpxdata:distance>4986.00</gpxdata:distance>
     <gpxdata:speed>10.417</gpxdata:speed>
    </extensions>
   </trkpt>
   <trkpt lat="51.0615471" lon="13.7676396">
    <ele>112</ele>
    <time>2026-08-04T18:54:20Z</time>
    <extensions>
     <gpxdata:hr>160</gpxdata:hr>
     <gpxdata:distance>4996.50</gpxdata:distance>
     <gpxdata:speed>10.494</gpxdata:speed>
    </extensions>
   </trkpt>
   <trkpt lat="51.0615803" lon="13.7677843">
    <ele>112</ele>
    <time>2026-08-04T18:54:21Z</time>
    <extensions>
     <gpxdata:hr>160</gpxdata:hr>
     <gpxdata:distance>5007.00</gpxdata:distance>
     <gpxdata:speed>10.522</gpxdata:speed>
    </extensions>
   </trkpt>
   <trkpt lat="51.0616150" lon="13.7679327">
    <ele>113</ele>
    <time>2026-08-04T18:54:22Z</time>
    <extensions>
     <gpxdata:hr>160</gpxdata:hr>
     <gpxdata:distance>5018.50</gpxdata:distance>
     <gpxdata:speed>10.619</gpxdata:speed>
    </extensions>
   </trkpt>
   <trkpt lat="51.0616514" lon="13.7680833">
    <ele>113</ele>
    <time>2026-08-04T18:54:23Z</time>
    <extensions>
     <gpxdata:hr>160</gpxdata:hr>
     <gpxdata:distance>5030.00</gpxdata:distance>
     <gpxdata:speed>10.792</gpxdata:speed>
    </extensions>
   </trkpt>
   <trkpt lat="51.0616884" lon="13.7682350">
    <ele>114</ele>
    <time>2026-08-04T18:54:24Z</time>
    <extensions>
     <gpxdata:hr>160</gpxdata:hr>
     <gpxdata:distance>5041.00</gpxdata:distance>
     <gpxdata:speed>10.969</gpxdata:speed>
    </extensions>
   </trkpt>
   <trkpt lat="51.0617246" lon="13.7683875">
    <ele>114</ele>
    <time>2026-08-04T18:54:25Z</time>
    <extensions>
     <gpxdata:hr>161</gpxdata:hr>
     <gpxdata:distance>5052.00</gpxdata:distance>
     <gpxdata:speed>11.108</gpxdata:speed>
    </extensions>
   </trkpt>
   <trkpt lat="51.0617591" lon="13.7685401">
    <ele>114</ele>
    <time>2026-08-04T18:54:26Z</time>
    <extensions>
     <gpxdata:hr>161</gpxdata:hr>
     <gpxdata:distance>5063.50</gpxdata:distance>
     <gpxdata:speed>11.211</gpxdata:speed>
    </extensions>
   </trkpt>
   <trkpt lat="51.0617915" lon="13.7686925">
    <ele>114</ele>
    <time>2026-08-04T18:54:27Z</time>
    <extensions>
     <gpxdata:hr>162</gpxdata:hr>
     <gpxdata:distance>5075.00</gpxdata:distance>
     <gpxdata:speed>11.258</gpxdata:speed>
    </extensions>
   </trkpt>
   <trkpt lat="51.0618221" lon="13.7688447">
    <ele>114</ele>
    <time>2026-08-04T18:54:28Z</time>
    <extensions>
     <gpxdata:hr>162</gpxdata:hr>
     <gpxdata:distance>5086.00</gpxdata:distance>
     <gpxdata:speed>11.264</gpxdata:speed>
    </extensions>
   </trkpt>
   <trkpt lat="51.0618518" lon="13.7689962">
    <ele>114</ele>
    <time>2026-08-04T18:54:29Z</time>
    <extensions>
     <gpxdata:hr>164</gpxdata:hr>
     <gpxdata:distance>5097.00</gpxdata:distance>
     <gpxdata:speed>11.242</gpxdata:speed>
    </extensions>
   </trkpt>
   <trkpt lat="51.0618815" lon="13.7691467">
    <ele>114</ele>
    <time>2026-08-04T18:54:30Z</time>
    <extensions>
     <gpxdata:hr>165</gpxdata:hr>
     <gpxdata:distance>5108.00</gpxdata:distance>
     <gpxdata:speed>11.161</gpxdata:speed>
    </extensions>
   </trkpt>
   <trkpt lat="51.0619121" lon="13.7692957">
    <ele>114</ele>
    <time>2026-08-04T18:54:31Z</time>
    <extensions>
     <gpxdata:hr>166</gpxdata:hr>
     <gpxdata:distance>5119.00</gpxdata:distance>
     <gpxdata:speed>11.117</gpxdata:speed>
    </extensions>
   </trkpt>
   <trkpt lat="51.0619436" lon="13.7694436">
    <ele>114</ele>
    <time>2026-08-04T18:54:32Z</time>
    <extensions>
     <gpxdata:hr>167</gpxdata:hr>
     <gpxdata:distance>5130.00</gpxdata:distance>
     <gpxdata:speed>11.061</gpxdata:speed>
    </extensions>
   </trkpt>
   <trkpt lat="51.0619765" lon="13.7695908">
    <ele>114</ele>
    <time>2026-08-04T18:54:33Z</time>
    <extensions>
     <gpxdata:hr>168</gpxdata:hr>
     <gpxdata:distance>5141.00</gpxdata:distance>
     <gpxdata:speed>11.017</gpxdata:speed>
    </extensions>
   </trkpt>
   <trkpt lat="51.0620110" lon="13.7697372">
    <ele>114</ele>
    <time>2026-08-04T18:54:34Z</time>
    <extensions>
     <gpxdata:hr>169</gpxdata:hr>
     <gpxdata:distance>5152.00</gpxdata:distance>
     <gpxdata:speed>10.986</gpxdata:speed>
    </extensions>
   </trkpt>
   <trkpt lat="51.0620469" lon="13.7698830">
    <ele>113</ele>
    <time>2026-08-04T18:54:35Z</time>
    <extensions>
     <gpxdata:hr>169</gpxdata:hr>
     <gpxdata:distance>5163.00</gpxdata:distance>
     <gpxdata:speed>10.967</gpxdata:speed>
    </extensions>
   </trkpt>
   <trkpt lat="51.0620828" lon="13.7700289">
    <ele>113</ele>
    <time>2026-08-04T18:54:36Z</time>
    <extensions>
     <gpxdata:hr>169</gpxdata:hr>
     <gpxdata:distance>5174.00</gpxdata:distance>
     <gpxdata:speed>10.964</gpxdata:speed>
    </extensions>
   </trkpt>
   <trkpt lat="51.0621179" lon="13.7701752">
    <ele>113</ele>
    <time>2026-08-04T18:54:37Z</time>
    <extensions>
     <gpxdata:hr>170</gpxdata:hr>
     <gpxdata:distance>5185.00</gpxdata:distance>
     <gpxdata:speed>10.961</gpxdata:speed>
    </extensions>
   </trkpt>
   <trkpt lat="51.0621520" lon="13.7703219">
    <ele>113</ele>
    <time>2026-08-04T18:54:38Z</time>
    <extensions>
     <gpxdata:hr>170</gpxdata:hr>
     <gpxdata:distance>5196.00</gpxdata:distance>
     <gpxdata:speed>10.956</gpxdata:speed>
    </extensions>
   </trkpt>
   <trkpt lat="51.0621858" lon="13.7704690">
    <ele>113</ele>
    <time>2026-08-04T18:54:39Z</time>
    <extensions>
     <gpxdata:hr>169</gpxdata:hr>
     <gpxdata:distance>5207.00</gpxdata:distance>
     <gpxdata:speed>10.947</gpxdata:speed>
    </extensions>
   </trkpt>
   <trkpt lat="51.0622173" lon="13.7706173">
    <ele>113</ele>
    <time>2026-08-04T18:54:40Z</time>
    <extensions>
     <gpxdata:hr>168</gpxdata:hr>
     <gpxdata:distance>5218.00</gpxdata:distance>
     <gpxdata:speed>10.953</gpxdata:speed>
    </extensions>
   </trkpt>
   <trkpt lat="51.0622445" lon="13.7707666">
    <ele>113</ele>
    <time>2026-08-04T18:54:41Z</time>
    <extensions>
     <gpxdata:hr>170</gpxdata:hr>
     <gpxdata:distance>5229.00</gpxdata:distance>
     <gpxdata:speed>10.956</gpxdata:speed>
    </extensions>
   </trkpt>
   <trkpt lat="51.0622695" lon="13.7709156">
    <ele>113</ele>
    <time>2026-08-04T18:54:42Z</time>
    <extensions>
     <gpxdata:hr>170</gpxdata:hr>
     <gpxdata:distance>5239.50</gpxdata:distance>
     <gpxdata:speed>10.925</gpxdata:speed>
    </extensions>
   </trkpt>
   <trkpt lat="51.0622939" lon="13.7710634">
    <ele>113</ele>
    <time>2026-08-04T18:54:43Z</time>
    <extensions>
     <gpxdata:hr>170</gpxdata:hr>
     <gpxdata:distance>5250.00</gpxdata:distance>
     <gpxdata:speed>10.872</gpxdata:speed>
    </extensions>
   </trkpt>
   <trkpt lat="51.0623179" lon="13.7712104">
    <ele>113</ele>
    <time>2026-08-04T18:54:44Z</time>
    <extensions>
     <gpxdata:hr>170</gpxdata:hr>
     <gpxdata:distance>5261.00</gpxdata:distance>
     <gpxdata:speed>10.806</gpxdata:speed>
    </extensions>
   </trkpt>
   <trkpt lat="51.0623413" lon="13.7713574">
    <ele>113</ele>
    <time>2026-08-04T18:54:45Z</time>
    <extensions>
     <gpxdata:hr>171</gpxdata:hr>
     <gpxdata:distance>5272.00</gpxdata:distance>
     <gpxdata:speed>10.744</gpxdata:speed>
    </extensions>
   </trkpt>
   <trkpt lat="51.0623646" lon="13.7715037">
    <ele>113</ele>
    <time>2026-08-04T18:54:46Z</time>
    <extensions>
     <gpxdata:hr>170</gpxdata:hr>
     <gpxdata:distance>5282.50</gpxdata:distance>
     <gpxdata:speed>10.697</gpxdata:speed>
    </extensions>
   </trkpt>
   <trkpt lat="51.0623885" lon="13.7716495">
    <ele>113</ele>
    <time>2026-08-04T18:54:47Z</time>
    <extensions>
     <gpxdata:hr>170</gpxdata:hr>
     <gpxdata:distance>5293.00</gpxdata:distance>
     <gpxdata:speed>10.650</gpxdata:speed>
    </extensions>
   </trkpt>
   <trkpt lat="51.0624122" lon="13.7717960">
    <ele>113</ele>
    <time>2026-08-04T18:54:48Z</time>
    <extensions>
     <gpxdata:hr>170</gpxdata:hr>
     <gpxdata:distance>5303.50</gpxdata:distance>
     <gpxdata:speed>10.611</gpxdata:speed>
    </extensions>
   </trkpt>
   <trkpt lat="51.0624351" lon="13.7719439">
    <ele>113</ele>
    <time>2026-08-04T18:54:49Z</time>
    <extensions>
     <gpxdata:hr>169</gpxdata:hr>
     <gpxdata:distance>5314.00</gpxdata:distance>
     <gpxdata:speed>10.603</gpxdata:speed>
    </extensions>
   </trkpt>
   <trkpt lat="51.0624576" lon="13.7720932">
    <ele>113</ele>
    <time>2026-08-04T18:54:50Z</time>
    <extensions>
     <gpxdata:hr>169</gpxdata:hr>
     <gpxdata:distance>5324.50</gpxdata:distance>
     <gpxdata:speed>10.625</gpxdata:speed>
    </extensions>
   </trkpt>
   <trkpt lat="51.0624802" lon="13.7722436">
    <ele>113</ele>
    <time>2026-08-04T18:54:51Z</time>
    <extensions>
     <gpxdata:hr>170</gpxdata:hr>
     <gpxdata:distance>5335.00</gpxdata:distance>
     <gpxdata:speed>10.664</gpxdata:speed>
    </extensions>
   </trkpt>
   <trkpt lat="51.0625031" lon="13.7723940">
    <ele>113</ele>
    <time>2026-08-04T18:54:52Z</time>
    <extensions>
     <gpxdata:hr>170</gpxdata:hr>
     <gpxdata:distance>5346.00</gpxdata:distance>
     <gpxdata:speed>10.719</gpxdata:speed>
    </extensions>
   </trkpt>
   <trkpt lat="51.0625257" lon="13.7725417">
    <ele>113</ele>
    <time>2026-08-04T18:54:53Z</time>
    <extensions>
     <gpxdata:hr>170</gpxdata:hr>
     <gpxdata:distance>5357.00</gpxdata:distance>
     <gpxdata:speed>10.750</gpxdata:speed>
    </extensions>
   </trkpt>
   <trkpt lat="51.0625476" lon="13.7726856">
    <ele>113</ele>
    <time>2026-08-04T18:54:54Z</time>
    <extensions>
     <gpxdata:hr>171</gpxdata:hr>
     <gpxdata:distance>5367.50</gpxdata:distance>
     <gpxdata:speed>10.692</gpxdata:speed>
    </extensions>
   </trkpt>
   <trkpt lat="51.0625685" lon="13.7728252">
    <ele>112</ele>
    <time>2026-08-04T18:54:55Z</time>
    <extensions>
     <gpxdata:hr>170</gpxdata:hr>
     <gpxdata:distance>5378.00</gpxdata:distance>
     <gpxdata:speed>10.558</gpxdata:speed>
    </extensions>
   </trkpt>
   <trkpt lat="51.0625871" lon="13.7729608">
    <ele>112</ele>
    <time>2026-08-04T18:54:56Z</time>
    <extensions>
     <gpxdata:hr>169</gpxdata:hr>
     <gpxdata:distance>5387.50</gpxdata:distance>
     <gpxdata:speed>10.136</gpxdata:speed>
    </extensions>
   </trkpt>
   <trkpt lat="51.0626027" lon="13.7730948">
    <ele>112</ele>
    <time>2026-08-04T18:54:57Z</time>
    <extensions>
     <gpxdata:hr>168</gpxdata:hr>
     <gpxdata:distance>5397.00</gpxdata:distance>
     <gpxdata:speed>9.817</gpxdata:speed>
    </extensions>
   </trkpt>
   <trkpt lat="51.0626144" lon="13.7732291">
    <ele>112</ele>
    <time>2026-08-04T18:54:58Z</time>
    <extensions>
     <gpxdata:hr>167</gpxdata:hr>
     <gpxdata:distance>5406.50</gpxdata:distance>
     <gpxdata:speed>9.661</gpxdata:speed>
    </extensions>
   </trkpt>
   <trkpt lat="51.0626229" lon="13.7733635">
    <ele>112</ele>
    <time>2026-08-04T18:54:59Z</time>
    <extensions>
     <gpxdata:hr>166</gpxdata:hr>
     <gpxdata:distance>5416.00</gpxdata:distance>
     <gpxdata:speed>9.594</gpxdata:speed>
    </extensions>
   </trkpt>
   <trkpt lat="51.0626298" lon="13.7734963">
    <ele>112</ele>
    <time>2026-08-04T18:55:00Z</time>
    <extensions>
     <gpxdata:hr>167</gpxdata:hr>
     <gpxdata:distance>5425.50</gpxdata:distance>
     <gpxdata:speed>9.517</gpxdata:speed>
    </extensions>
   </trkpt>
   <trkpt lat="51.0626356" lon="13.7736274">
    <ele>112</ele>
    <time>2026-08-04T18:55:01Z</time>
    <extensions>
     <gpxdata:hr>167</gpxdata:hr>
     <gpxdata:distance>5435.00</gpxdata:distance>
     <gpxdata:speed>9.367</gpxdata:speed>
    </extensions>
   </trkpt>
   <trkpt lat="51.0626410" lon="13.7737574">
    <ele>112</ele>
    <time>2026-08-04T18:55:02Z</time>
    <extensions>
     <gpxdata:hr>167</gpxdata:hr>
     <gpxdata:distance>5444.00</gpxdata:distance>
     <gpxdata:speed>9.233</gpxdata:speed>
    </extensions>
   </trkpt>
   <trkpt lat="51.0626463" lon="13.7738892">
    <ele>112</ele>
    <time>2026-08-04T18:55:03Z</time>
    <extensions>
     <gpxdata:hr>167</gpxdata:hr>
     <gpxdata:distance>5453.00</gpxdata:distance>
     <gpxdata:speed>9.161</gpxdata:speed>
    </extensions>
   </trkpt>
   <trkpt lat="51.0626527" lon="13.7740259">
    <ele>112</ele>
    <time>2026-08-04T18:55:04Z</time>
    <extensions>
     <gpxdata:hr>166</gpxdata:hr>
     <gpxdata:distance>5462.50</gpxdata:distance>
     <gpxdata:speed>9.197</gpxdata:speed>
    </extensions>
   </trkpt>
   <trkpt lat="51.0626596" lon="13.7741682">
    <ele>112</ele>
    <time>2026-08-04T18:55:05Z</time>
    <extensions>
     <gpxdata:hr>166</gpxdata:hr>
     <gpxdata:distance>5472.00</gpxdata:distance>
     <gpxdata:speed>9.383</gpxdata:speed>
    </extensions>
   </trkpt>
   <trkpt lat="51.0626664" lon="13.7743159">
    <ele>112</ele>
    <time>2026-08-04T18:55:06Z</time>
    <extensions>
     <gpxdata:hr>167</gpxdata:hr>
     <gpxdata:distance>5482.50</gpxdata:distance>
     <gpxdata:speed>9.617</gpxdata:speed>
    </extensions>
   </trkpt>
   <trkpt lat="51.0626732" lon="13.7744690">
    <ele>112</ele>
    <time>2026-08-04T18:55:07Z</time>
    <extensions>
     <gpxdata:hr>168</gpxdata:hr>
     <gpxdata:distance>5493.00</gpxdata:distance>
     <gpxdata:speed>10.197</gpxdata:speed>
    </extensions>
   </trkpt>
   <trkpt lat="51.0626798" lon="13.7746261">
    <ele>112</ele>
    <time>2026-08-04T18:55:08Z</time>
    <extensions>
     <gpxdata:hr>168</gpxdata:hr>
     <gpxdata:distance>5504.00</gpxdata:distance>
     <gpxdata:speed>10.586</gpxdata:speed>
    </extensions>
   </trkpt>
   <trkpt lat="51.0626860" lon="13.7747864">
    <ele>112</ele>
    <time>2026-08-04T18:55:09Z</time>
    <extensions>
     <gpxdata:hr>168</gpxdata:hr>
     <gpxdata:distance>5515.00</gpxdata:distance>
     <gpxdata:speed>10.864</gpxdata:speed>
    </extensions>
   </trkpt>
   <trkpt lat="51.0626925" lon="13.7749482">
    <ele>111</ele>
    <time>2026-08-04T18:55:10Z</time>
    <extensions>
     <gpxdata:hr>167</gpxdata:hr>
     <gpxdata:distance>5526.50</gpxdata:distance>
     <gpxdata:speed>11.086</gpxdata:speed>
    </extensions>
   </trkpt>
   <trkpt lat="51.0626991" lon="13.7751111">
    <ele>110</ele>
    <time>2026-08-04T18:55:11Z</time>
    <extensions>
     <gpxdata:hr>167</gpxdata:hr>
     <gpxdata:distance>5538.00</gpxdata:distance>
     <gpxdata:speed>11.225</gpxdata:speed>
    </extensions>
   </trkpt>
   <trkpt lat="51.0627059" lon="13.7752746">
    <ele>110</ele>
    <time>2026-08-04T18:55:12Z</time>
    <extensions>
     <gpxdata:hr>166</gpxdata:hr>
     <gpxdata:distance>5549.50</gpxdata:distance>
     <gpxdata:speed>11.328</gpxdata:speed>
    </extensions>
   </trkpt>
   <trkpt lat="51.0627138" lon="13.7754382">
    <ele>109</ele>
    <time>2026-08-04T18:55:13Z</time>
    <extensions>
     <gpxdata:hr>168</gpxdata:hr>
     <gpxdata:distance>5561.00</gpxdata:distance>
     <gpxdata:speed>11.400</gpxdata:speed>
    </extensions>
   </trkpt>
   <trkpt lat="51.0627228" lon="13.7756014">
    <ele>109</ele>
    <time>2026-08-04T18:55:14Z</time>
    <extensions>
     <gpxdata:hr>168</gpxdata:hr>
     <gpxdata:distance>5572.50</gpxdata:distance>
     <gpxdata:speed>11.447</gpxdata:speed>
    </extensions>
   </trkpt>
   <trkpt lat="51.0627326" lon="13.7757637">
    <ele>109</ele>
    <time>2026-08-04T18:55:15Z</time>
    <extensions>
     <gpxdata:hr>169</gpxdata:hr>
     <gpxdata:distance>5584.00</gpxdata:distance>
     <gpxdata:speed>11.433</gpxdata:speed>
    </extensions>
   </trkpt>
   <trkpt lat="51.0627429" lon="13.7759251">
    <ele>109</ele>
    <time>2026-08-04T18:55:16Z</time>
    <extensions>
     <gpxdata:hr>170</gpxdata:hr>
     <gpxdata:distance>5595.00</gpxdata:distance>
     <gpxdata:speed>11.439</gpxdata:speed>
    </extensions>
   </trkpt>
   <trkpt lat="51.0627544" lon="13.7760864">
    <ele>109</ele>
    <time>2026-08-04T18:55:17Z</time>
    <extensions>
     <gpxdata:hr>170</gpxdata:hr>
     <gpxdata:distance>5606.00</gpxdata:distance>
     <gpxdata:speed>11.414</gpxdata:speed>
    </extensions>
   </trkpt>
   <trkpt lat="51.0627671" lon="13.7762484">
    <ele>109</ele>
    <time>2026-08-04T18:55:18Z</time>
    <extensions>
     <gpxdata:hr>170</gpxdata:hr>
     <gpxdata:distance>5617.50</gpxdata:distance>
     <gpxdata:speed>11.408</gpxdata:speed>
    </extensions>
   </trkpt>
   <trkpt lat="51.0627802" lon="13.7764112">
    <ele>109</ele>
    <time>2026-08-04T18:55:19Z</time>
    <extensions>
     <gpxdata:hr>170</gpxdata:hr>
     <gpxdata:distance>5629.00</gpxdata:distance>
     <gpxdata:speed>11.425</gpxdata:speed>
    </extensions>
   </trkpt>
   <trkpt lat="51.0627923" lon="13.7765754">
    <ele>109</ele>
    <time>2026-08-04T18:55:20Z</time>
    <extensions>
     <gpxdata:hr>170</gpxdata:hr>
     <gpxdata:distance>5640.50</gpxdata:distance>
     <gpxdata:speed>11.453</gpxdata:speed>
    </extensions>
   </trkpt>
   <trkpt lat="51.0628020" lon="13.7767410">
    <ele>109</ele>
    <time>2026-08-04T18:55:21Z</time>
    <extensions>
     <gpxdata:hr>171</gpxdata:hr>
     <gpxdata:distance>5652.00</gpxdata:distance>
     <gpxdata:speed>11.500</gpxdata:speed>
    </extensions>
   </trkpt>
   <trkpt lat="51.0628095" lon="13.7769059">
    <ele>109</ele>
    <time>2026-08-04T18:55:22Z</time>
    <extensions>
     <gpxdata:hr>170</gpxdata:hr>
     <gpxdata:distance>5663.50</gpxdata:distance>
     <gpxdata:speed>11.550</gpxdata:speed>
    </extensions>
   </trkpt>
   <trkpt lat="51.0628174" lon="13.7770693">
    <ele>109</ele>
    <time>2026-08-04T18:55:23Z</time>
    <extensions>
     <gpxdata:hr>171</gpxdata:hr>
     <gpxdata:distance>5675.00</gpxdata:distance>
     <gpxdata:speed>11.547</gpxdata:speed>
    </extensions>
   </trkpt>
   <trkpt lat="51.0628278" lon="13.7772328">
    <ele>109</ele>
    <time>2026-08-04T18:55:24Z</time>
    <extensions>
     <gpxdata:hr>171</gpxdata:hr>
     <gpxdata:distance>5686.50</gpxdata:distance>
     <gpxdata:speed>11.511</gpxdata:speed>
    </extensions>
   </trkpt>
   <trkpt lat="51.0628400" lon="13.7773972">
    <ele>109</ele>
    <time>2026-08-04T18:55:25Z</time>
    <extensions>
     <gpxdata:hr>170</gpxdata:hr>
     <gpxdata:distance>5698.00</gpxdata:distance>
     <gpxdata:speed>11.517</gpxdata:speed>
    </extensions>
   </trkpt>
   <trkpt lat="51.0628519" lon="13.7775623">
    <ele>109</ele>
    <time>2026-08-04T18:55:26Z</time>
    <extensions>
     <gpxdata:hr>170</gpxdata:hr>
     <gpxdata:distance>5710.00</gpxdata:distance>
     <gpxdata:speed>11.547</gpxdata:speed>
    </extensions>
   </trkpt>
   <trkpt lat="51.0628630" lon="13.7777279">
    <ele>109</ele>
    <time>2026-08-04T18:55:27Z</time>
    <extensions>
     <gpxdata:hr>171</gpxdata:hr>
     <gpxdata:distance>5722.00</gpxdata:distance>
     <gpxdata:speed>11.578</gpxdata:speed>
    </extensions>
   </trkpt>
   <trkpt lat="51.0628733" lon="13.7778936">
    <ele>109</ele>
    <time>2026-08-04T18:55:28Z</time>
    <extensions>
     <gpxdata:hr>170</gpxdata:hr>
     <gpxdata:distance>5733.50</gpxdata:distance>
     <gpxdata:speed>11.606</gpxdata:speed>
    </extensions>
   </trkpt>
   <trkpt lat="51.0628826" lon="13.7780595">
    <ele>109</ele>
    <time>2026-08-04T18:55:29Z</time>
    <extensions>
     <gpxdata:hr>171</gpxdata:hr>
     <gpxdata:distance>5745.00</gpxdata:distance>
     <gpxdata:speed>11.622</gpxdata:speed>
    </extensions>
   </trkpt>
   <trkpt lat="51.0628918" lon="13.7782251">
    <ele>109</ele>
    <time>2026-08-04T18:55:30Z</time>
    <extensions>
     <gpxdata:hr>171</gpxdata:hr>
     <gpxdata:distance>5756.50</gpxdata:distance>
     <gpxdata:speed>11.631</gpxdata:speed>
    </extensions>
   </trkpt>
   <trkpt lat="51.0629017" lon="13.7783903">
    <ele>109</ele>
    <time>2026-08-04T18:55:31Z</time>
    <extensions>
     <gpxdata:hr>171</gpxdata:hr>
     <gpxdata:distance>5768.00</gpxdata:distance>
     <gpxdata:speed>11.625</gpxdata:speed>
    </extensions>
   </trkpt>
   <trkpt lat="51.0629123" lon="13.7785546">
    <ele>109</ele>
    <time>2026-08-04T18:55:32Z</time>
    <extensions>
     <gpxdata:hr>171</gpxdata:hr>
     <gpxdata:distance>5779.50</gpxdata:distance>
     <gpxdata:speed>11.619</gpxdata:speed>
    </extensions>
   </trkpt>
   <trkpt lat="51.0629232" lon="13.7787178">
    <ele>109</ele>
    <time>2026-08-04T18:55:33Z</time>
    <extensions>
     <gpxdata:hr>171</gpxdata:hr>
     <gpxdata:distance>5791.00</gpxdata:distance>
     <gpxdata:speed>11.597</gpxdata:speed>
    </extensions>
   </trkpt>
   <trkpt lat="51.0629341" lon="13.7788807">
    <ele>109</ele>
    <time>2026-08-04T18:55:34Z</time>
    <extensions>
     <gpxdata:hr>171</gpxdata:hr>
     <gpxdata:distance>5802.50</gpxdata:distance>
     <gpxdata:speed>11.553</gpxdata:speed>
    </extensions>
   </trkpt>
   <trkpt lat="51.0629450" lon="13.7790432">
    <ele>109</ele>
    <time>2026-08-04T18:55:35Z</time>
    <extensions>
     <gpxdata:hr>171</gpxdata:hr>
     <gpxdata:distance>5814.00</gpxdata:distance>
     <gpxdata:speed>11.522</gpxdata:speed>
    </extensions>
   </trkpt>
   <trkpt lat="51.0629559" lon="13.7792048">
    <ele>109</ele>
    <time>2026-08-04T18:55:36Z</time>
    <extensions>
     <gpxdata:hr>171</gpxdata:hr>
     <gpxdata:distance>5825.50</gpxdata:distance>
     <gpxdata:speed>11.492</gpxdata:speed>
    </extensions>
   </trkpt>
   <trkpt lat="51.0629662" lon="13.7793650">
    <ele>109</ele>
    <time>2026-08-04T18:55:37Z</time>
    <extensions>
     <gpxdata:hr>171</gpxdata:hr>
     <gpxdata:distance>5837.00</gpxdata:distance>
     <gpxdata:speed>11.450</gpxdata:speed>
    </extensions>
   </trkpt>
   <trkpt lat="51.0629762" lon="13.7795238">
    <ele>109</ele>
    <time>2026-08-04T18:55:38Z</time>
    <extensions>
     <gpxdata:hr>171</gpxdata:hr>
     <gpxdata:distance>5848.00</gpxdata:distance>
     <gpxdata:speed>11.381</gpxdata:speed>
    </extensions>
   </trkpt>
   <trkpt lat="51.0629857" lon="13.7796813">
    <ele>109</ele>
    <time>2026-08-04T18:55:39Z</time>
    <extensions>
     <gpxdata:hr>171</gpxdata:hr>
     <gpxdata:distance>5859.00</gpxdata:distance>
     <gpxdata:speed>11.300</gpxdata:speed>
    </extensions>
   </trkpt>
   <trkpt lat="51.0629954" lon="13.7798380">
    <ele>110</ele>
    <time>2026-08-04T18:55:40Z</time>
    <extensions>
     <gpxdata:hr>171</gpxdata:hr>
     <gpxdata:distance>5870.00</gpxdata:distance>
     <gpxdata:speed>11.214</gpxdata:speed>
    </extensions>
   </trkpt>
   <trkpt lat="51.0630051" lon="13.7799942">
    <ele>110</ele>
    <time>2026-08-04T18:55:41Z</time>
    <extensions>
     <gpxdata:hr>170</gpxdata:hr>
     <gpxdata:distance>5881.00</gpxdata:distance>
     <gpxdata:speed>11.142</gpxdata:speed>
    </extensions>
   </trkpt>
   <trkpt lat="51.0630146" lon="13.7801501">
    <ele>110</ele>
    <time>2026-08-04T18:55:42Z</time>
    <extensions>
     <gpxdata:hr>171</gpxdata:hr>
     <gpxdata:distance>5892.00</gpxdata:distance>
     <gpxdata:speed>11.067</gpxdata:speed>
    </extensions>
   </trkpt>
   <trkpt lat="51.0630240" lon="13.7803054">
    <ele>110</ele>
    <time>2026-08-04T18:55:43Z</time>
    <extensions>
     <gpxdata:hr>171</gpxdata:hr>
     <gpxdata:distance>5903.00</gpxdata:distance>
     <gpxdata:speed>11.014</gpxdata:speed>
    </extensions>
   </trkpt>
   <trkpt lat="51.0630339" lon="13.7804597">
    <ele>110</ele>
    <time>2026-08-04T18:55:44Z</time>
    <extensions>
     <gpxdata:hr>171</gpxdata:hr>
     <gpxdata:distance>5914.00</gpxdata:distance>
     <gpxdata:speed>10.958</gpxdata:speed>
    </extensions>
   </trkpt>
   <trkpt lat="51.0630441" lon="13.7806128">
    <ele>110</ele>
    <time>2026-08-04T18:55:45Z</time>
    <extensions>
     <gpxdata:hr>171</gpxdata:hr>
     <gpxdata:distance>5925.00</gpxdata:distance>
     <gpxdata:speed>10.906</gpxdata:speed>
    </extensions>
   </trkpt>
   <trkpt lat="51.0630546" lon="13.7807649">
    <ele>110</ele>
    <time>2026-08-04T18:55:46Z</time>
    <extensions>
     <gpxdata:hr>171</gpxdata:hr>
     <gpxdata:distance>5935.50</gpxdata:distance>
     <gpxdata:speed>10.844</gpxdata:speed>
    </extensions>
   </trkpt>
   <trkpt lat="51.0630649" lon="13.7809168">
    <ele>109</ele>
    <time>2026-08-04T18:55:47Z</time>
    <extensions>
     <gpxdata:hr>172</gpxdata:hr>
     <gpxdata:distance>5946.00</gpxdata:distance>
     <gpxdata:speed>10.792</gpxdata:speed>
    </extensions>
   </trkpt>
   <trkpt lat="51.0630725" lon="13.7810698">
    <ele>109</ele>
    <time>2026-08-04T18:55:48Z</time>
    <extensions>
     <gpxdata:hr>172</gpxdata:hr>
     <gpxdata:distance>5957.00</gpxdata:distance>
     <gpxdata:speed>10.758</gpxdata:speed>
    </extensions>
   </trkpt>
   <trkpt lat="51.0630755" lon="13.7812244">
    <ele>109</ele>
    <time>2026-08-04T18:55:49Z</time>
    <extensions>
     <gpxdata:hr>172</gpxdata:hr>
     <gpxdata:distance>5968.00</gpxdata:distance>
     <gpxdata:speed>10.756</gpxdata:speed>
    </extensions>
   </trkpt>
   <trkpt lat="51.0630745" lon="13.7813802">
    <ele>109</ele>
    <time>2026-08-04T18:55:50Z</time>
    <extensions>
     <gpxdata:hr>172</gpxdata:hr>
     <gpxdata:distance>5979.00</gpxdata:distance>
     <gpxdata:speed>10.792</gpxdata:speed>
    </extensions>
   </trkpt>
   <trkpt lat="51.0630713" lon="13.7815359">
    <ele>109</ele>
    <time>2026-08-04T18:55:51Z</time>
    <extensions>
     <gpxdata:hr>172</gpxdata:hr>
     <gpxdata:distance>5990.00</gpxdata:distance>
     <gpxdata:speed>10.828</gpxdata:speed>
    </extensions>
   </trkpt>
   <trkpt lat="51.0630678" lon="13.7816904">
    <ele>109</ele>
    <time>2026-08-04T18:55:52Z</time>
    <extensions>
     <gpxdata:hr>172</gpxdata:hr>
     <gpxdata:distance>6000.50</gpxdata:distance>
     <gpxdata:speed>10.847</gpxdata:speed>
    </extensions>
   </trkpt>
   <trkpt lat="51.0630645" lon="13.7818427">
    <ele>109</ele>
    <time>2026-08-04T18:55:53Z</time>
    <extensions>
     <gpxdata:hr>171</gpxdata:hr>
     <gpxdata:distance>6011.00</gpxdata:distance>
     <gpxdata:speed>10.822</gpxdata:speed>
    </extensions>
   </trkpt>
   <trkpt lat="51.0630618" lon="13.7819939">
    <ele>109</ele>
    <time>2026-08-04T18:55:54Z</time>
    <extensions>
     <gpxdata:hr>172</gpxdata:hr>
     <gpxdata:distance>6021.50</gpxdata:distance>
     <gpxdata:speed>10.758</gpxdata:speed>
    </extensions>
   </trkpt>
   <trkpt lat="51.0630584" lon="13.7821441">
    <ele>109</ele>
    <time>2026-08-04T18:55:55Z</time>
    <extensions>
     <gpxdata:hr>172</gpxdata:hr>
     <gpxdata:distance>6032.00</gpxdata:distance>
     <gpxdata:speed>10.697</gpxdata:speed>
    </extensions>
   </trkpt>
   <trkpt lat="51.0630529" lon="13.7822938">
    <ele>109</ele>
    <time>2026-08-04T18:55:56Z</time>
    <extensions>
     <gpxdata:hr>171</gpxdata:hr>
     <gpxdata:distance>6042.50</gpxdata:distance>
     <gpxdata:speed>10.639</gpxdata:speed>
    </extensions>
   </trkpt>
   <trkpt lat="51.0630452" lon="13.7824436">
    <ele>109</ele>
    <time>2026-08-04T18:55:57Z</time>
    <extensions>
     <gpxdata:hr>171</gpxdata:hr>
     <gpxdata:distance>6053.00</gpxdata:distance>
     <gpxdata:speed>10.592</gpxdata:speed>
    </extensions>
   </trkpt>
   <trkpt lat="51.0630363" lon="13.7825943">
    <ele>109</ele>
    <time>2026-08-04T18:55:58Z</time>
    <extensions>
     <gpxdata:hr>171</gpxdata:hr>
     <gpxdata:distance>6063.50</gpxdata:distance>
     <gpxdata:speed>10.572</gpxdata:speed>
    </extensions>
   </trkpt>
   <trkpt lat="51.0630264" lon="13.7827460">
    <ele>109</ele>
    <time>2026-08-04T18:55:59Z</time>
    <extensions>
     <gpxdata:hr>171</gpxdata:hr>
     <gpxdata:distance>6074.00</gpxdata:distance>
     <gpxdata:speed>10.583</gpxdata:speed>
    </extensions>
   </trkpt>
   <trkpt lat="51.0630161" lon="13.7828975">
    <ele>109</ele>
    <time>2026-08-04T18:56:00Z</time>
    <extensions>
     <gpxdata:hr>171</gpxdata:hr>
     <gpxdata:distance>6085.00</gpxdata:distance>
     <gpxdata:speed>10.614</gpxdata:speed>
    </extensions>
   </trkpt>
   <trkpt lat="51.0630048" lon="13.7830482">
    <ele>109</ele>
    <time>2026-08-04T18:56:01Z</time>
    <extensions>
     <gpxdata:hr>171</gpxdata:hr>
     <gpxdata:distance>6096.00</gpxdata:distance>
     <gpxdata:speed>10.625</gpxdata:speed>
    </extensions>
   </trkpt>
   <trkpt lat="51.0629917" lon="13.7831978">
    <ele>109</ele>
    <time>2026-08-04T18:56:02Z</time>
    <extensions>
     <gpxdata:hr>171</gpxdata:hr>
     <gpxdata:distance>6106.50</gpxdata:distance>
     <gpxdata:speed>10.614</gpxdata:speed>
    </extensions>
   </trkpt>
   <trkpt lat="51.0629772" lon="13.7833463">
    <ele>109</ele>
    <time>2026-08-04T18:56:03Z</time>
    <extensions>
     <gpxdata:hr>171</gpxdata:hr>
     <gpxdata:distance>6117.00</gpxdata:distance>
     <gpxdata:speed>10.592</gpxdata:speed>
    </extensions>
   </trkpt>
   <trkpt lat="51.0629616" lon="13.7834943">
    <ele>109</ele>
    <time>2026-08-04T18:56:04Z</time>
    <extensions>
     <gpxdata:hr>171</gpxdata:hr>
     <gpxdata:distance>6127.50</gpxdata:distance>
     <gpxdata:speed>10.567</gpxdata:speed>
    </extensions>
   </trkpt>
   <trkpt lat="51.0629463" lon="13.7836425">
    <ele>109</ele>
    <time>2026-08-04T18:56:05Z</time>
    <extensions>
     <gpxdata:hr>172</gpxdata:hr>
     <gpxdata:distance>6138.00</gpxdata:distance>
     <gpxdata:speed>10.544</gpxdata:speed>
    </extensions>
   </trkpt>
   <trkpt lat="51.0629305" lon="13.7837909">
    <ele>109</ele>
    <time>2026-08-04T18:56:06Z</time>
    <extensions>
     <gpxdata:hr>172</gpxdata:hr>
     <gpxdata:distance>6148.50</gpxdata:distance>
     <gpxdata:speed>10.533</gpxdata:speed>
    </extensions>
   </trkpt>
   <trkpt lat="51.0629112" lon="13.7839385">
    <ele>109</ele>
    <time>2026-08-04T18:56:07Z</time>
    <extensions>
     <gpxdata:hr>172</gpxdata:hr>
     <gpxdata:distance>6159.00</gpxdata:distance>
     <gpxdata:speed>10.536</gpxdata:speed>
    </extensions>
   </trkpt>
   <trkpt lat="51.0628890" lon="13.7840847">
    <ele>109</ele>
    <time>2026-08-04T18:56:08Z</time>
    <extensions>
     <gpxdata:hr>171</gpxdata:hr>
     <gpxdata:distance>6169.50</gpxdata:distance>
     <gpxdata:speed>10.542</gpxdata:speed>
    </extensions>
   </trkpt>
   <trkpt lat="51.0628671" lon="13.7842300">
    <ele>109</ele>
    <time>2026-08-04T18:56:09Z</time>
    <extensions>
     <gpxdata:hr>171</gpxdata:hr>
     <gpxdata:distance>6180.00</gpxdata:distance>
     <gpxdata:speed>10.533</gpxdata:speed>
    </extensions>
   </trkpt>
   <trkpt lat="51.0628476" lon="13.7843750">
    <ele>109</ele>
    <time>2026-08-04T18:56:10Z</time>
    <extensions>
     <gpxdata:hr>171</gpxdata:hr>
     <gpxdata:distance>6190.50</gpxdata:distance>
     <gpxdata:speed>10.503</gpxdata:speed>
    </extensions>
   </trkpt>
   <trkpt lat="51.0628310" lon="13.7845206">
    <ele>109</ele>
    <time>2026-08-04T18:56:11Z</time>
    <extensions>
     <gpxdata:hr>171</gpxdata:hr>
     <gpxdata:distance>6201.00</gpxdata:distance>
     <gpxdata:speed>10.456</gpxdata:speed>
    </extensions>
   </trkpt>
   <trkpt lat="51.0628168" lon="13.7846669">
    <ele>109</ele>
    <time>2026-08-04T18:56:12Z</time>
    <extensions>
     <gpxdata:hr>171</gpxdata:hr>
     <gpxdata:distance>6211.00</gpxdata:distance>
     <gpxdata:speed>10.425</gpxdata:speed>
    </extensions>
   </trkpt>
   <trkpt lat="51.0628050" lon="13.7848141">
    <ele>109</ele>
    <time>2026-08-04T18:56:13Z</time>
    <extensions>
     <gpxdata:hr>171</gpxdata:hr>
     <gpxdata:distance>6221.00</gpxdata:distance>
     <gpxdata:speed>10.406</gpxdata:speed>
    </extensions>
   </trkpt>
   <trkpt lat="51.0627945" lon="13.7849615">
    <ele>109</ele>
    <time>2026-08-04T18:56:14Z</time>
    <extensions>
     <gpxdata:hr>171</gpxdata:hr>
     <gpxdata:distance>6231.50</gpxdata:distance>
     <gpxdata:speed>10.403</gpxdata:speed>
    </extensions>
   </trkpt>
   <trkpt lat="51.0627836" lon="13.7851087">
    <ele>109</ele>
    <time>2026-08-04T18:56:15Z</time>
    <extensions>
     <gpxdata:hr>171</gpxdata:hr>
     <gpxdata:distance>6242.00</gpxdata:distance>
     <gpxdata:speed>10.392</gpxdata:speed>
    </extensions>
   </trkpt>
   <trkpt lat="51.0627712" lon="13.7852546">
    <ele>109</ele>
    <time>2026-08-04T18:56:16Z</time>
    <extensions>
     <gpxdata:hr>171</gpxdata:hr>
     <gpxdata:distance>6252.50</gpxdata:distance>
     <gpxdata:speed>10.383</gpxdata:speed>
    </extensions>
   </trkpt>
   <trkpt lat="51.0627575" lon="13.7853990">
    <ele>109</ele>
    <time>2026-08-04T18:56:17Z</time>
    <extensions>
     <gpxdata:hr>172</gpxdata:hr>
     <gpxdata:distance>6263.00</gpxdata:distance>
     <gpxdata:speed>10.347</gpxdata:speed>
    </extensions>
   </trkpt>
   <trkpt lat="51.0627427" lon="13.7855415">
    <ele>109</ele>
    <time>2026-08-04T18:56:18Z</time>
    <extensions>
     <gpxdata:hr>172</gpxdata:hr>
     <gpxdata:distance>6273.00</gpxdata:distance>
     <gpxdata:speed>10.297</gpxdata:speed>
    </extensions>
   </trkpt>
   <trkpt lat="51.0627258" lon="13.7856809">
    <ele>109</ele>
    <time>2026-08-04T18:56:19Z</time>
    <extensions>
     <gpxdata:hr>172</gpxdata:hr>
     <gpxdata:distance>6283.00</gpxdata:distance>
     <gpxdata:speed>10.231</gpxdata:speed>
    </extensions>
   </trkpt>
   <trkpt lat="51.0627082" lon="13.7858159">
    <ele>110</ele>
    <time>2026-08-04T18:56:20Z</time>
    <extensions>
     <gpxdata:hr>171</gpxdata:hr>
     <gpxdata:distance>6292.50</gpxdata:distance>
     <gpxdata:speed>10.119</gpxdata:speed>
    </extensions>
   </trkpt>
   <trkpt lat="51.0626913" lon="13.7859448">
    <ele>110</ele>
    <time>2026-08-04T18:56:21Z</time>
    <extensions>
     <gpxdata:hr>170</gpxdata:hr>
     <gpxdata:distance>6302.00</gpxdata:distance>
     <gpxdata:speed>9.942</gpxdata:speed>
    </extensions>
   </trkpt>
   <trkpt lat="51.0626750" lon="13.7860689">
    <ele>110</ele>
    <time>2026-08-04T18:56:22Z</time>
    <extensions>
     <gpxdata:hr>169</gpxdata:hr>
     <gpxdata:distance>6311.00</gpxdata:distance>
     <gpxdata:speed>9.675</gpxdata:speed>
    </extensions>
   </trkpt>
   <trkpt lat="51.0626584" lon="13.7861883">
    <ele>111</ele>
    <time>2026-08-04T18:56:23Z</time>
    <extensions>
     <gpxdata:hr>169</gpxdata:hr>
     <gpxdata:distance>6320.00</gpxdata:distance>
     <gpxdata:speed>9.394</gpxdata:speed>
    </extensions>
   </trkpt>
   <trkpt lat="51.0626417" lon="13.7863047">
    <ele>111</ele>
    <time>2026-08-04T18:56:24Z</time>
    <extensions>
     <gpxdata:hr>168</gpxdata:hr>
     <gpxdata:distance>6328.00</gpxdata:distance>
     <gpxdata:speed>9.106</gpxdata:speed>
    </extensions>
   </trkpt>
   <trkpt lat="51.0626239" lon="13.7864193">
    <ele>111</ele>
    <time>2026-08-04T18:56:25Z</time>
    <extensions>
     <gpxdata:hr>168</gpxdata:hr>
     <gpxdata:distance>6336.00</gpxdata:distance>
     <gpxdata:speed>8.853</gpxdata:speed>
    </extensions>
   </trkpt>
   <trkpt lat="51.0626039" lon="13.7865324">
    <ele>111</ele>
    <time>2026-08-04T18:56:26Z</time>
    <extensions>
     <gpxdata:hr>168</gpxdata:hr>
     <gpxdata:distance>6344.50</gpxdata:distance>
     <gpxdata:speed>8.394</gpxdata:speed>
    </extensions>
   </trkpt>
   <trkpt lat="51.0625814" lon="13.7866447">
    <ele>111</ele>
    <time>2026-08-04T18:56:27Z</time>
    <extensions>
     <gpxdata:hr>167</gpxdata:hr>
     <gpxdata:distance>6353.00</gpxdata:distance>
     <gpxdata:speed>8.308</gpxdata:speed>
    </extensions>
   </trkpt>
   <trkpt lat="51.0625574" lon="13.7867556">
    <ele>111</ele>
    <time>2026-08-04T18:56:28Z</time>
    <extensions>
     <gpxdata:hr>166</gpxdata:hr>
     <gpxdata:distance>6361.00</gpxdata:distance>
     <gpxdata:speed>8.297</gpxdata:speed>
    </extensions>
   </trkpt>
   <trkpt lat="51.0625327" lon="13.7868653">
    <ele>111</ele>
    <time>2026-08-04T18:56:29Z</time>
    <extensions>
     <gpxdata:hr>165</gpxdata:hr>
     <gpxdata:distance>6369.00</gpxdata:distance>
     <gpxdata:speed>8.242</gpxdata:speed>
    </extensions>
   </trkpt>
   <trkpt lat="51.0625083" lon="13.7869744">
    <ele>111</ele>
    <time>2026-08-04T18:56:30Z</time>
    <extensions>
     <gpxdata:hr>164</gpxdata:hr>
     <gpxdata:distance>6377.50</gpxdata:distance>
     <gpxdata:speed>8.167</gpxdata:speed>
    </extensions>
   </trkpt>
   <trkpt lat="51.0624849" lon="13.7870836">
    <ele>111</ele>
    <time>2026-08-04T18:56:31Z</time>
    <extensions>
     <gpxdata:hr>163</gpxdata:hr>
     <gpxdata:distance>6386.00</gpxdata:distance>
     <gpxdata:speed>8.117</gpxdata:speed>
    </extensions>
   </trkpt>
   <trkpt lat="51.0624628" lon="13.7871934">
    <ele>111</ele>
    <time>2026-08-04T18:56:32Z</time>
    <extensions>
     <gpxdata:hr>162</gpxdata:hr>
     <gpxdata:distance>6394.00</gpxdata:distance>
     <gpxdata:speed>8.081</gpxdata:speed>
    </extensions>
   </trkpt>
   <trkpt lat="51.0624446" lon="13.7873047">
    <ele>111</ele>
    <time>2026-08-04T18:56:33Z</time>
    <extensions>
     <gpxdata:hr>161</gpxdata:hr>
     <gpxdata:distance>6402.00</gpxdata:distance>
     <gpxdata:speed>8.067</gpxdata:speed>
    </extensions>
   </trkpt>
   <trkpt lat="51.0624321" lon="13.7874185">
    <ele>111</ele>
    <time>2026-08-04T18:56:34Z</time>
    <extensions>
     <gpxdata:hr>159</gpxdata:hr>
     <gpxdata:distance>6410.00</gpxdata:distance>
     <gpxdata:speed>8.056</gpxdata:speed>
    </extensions>
   </trkpt>
   <trkpt lat="51.0624234" lon="13.7875343">
    <ele>111</ele>
    <time>2026-08-04T18:56:35Z</time>
    <extensions>
     <gpxdata:hr>158</gpxdata:hr>
     <gpxdata:distance>6418.00</gpxdata:distance>
     <gpxdata:speed>8.072</gpxdata:speed>
    </extensions>
   </trkpt>
   <trkpt lat="51.0624149" lon="13.7876494">
    <ele>110</ele>
    <time>2026-08-04T18:56:36Z</time>
    <extensions>
     <gpxdata:hr>157</gpxdata:hr>
     <gpxdata:distance>6426.00</gpxdata:distance>
     <gpxdata:speed>8.108</gpxdata:speed>
    </extensions>
   </trkpt>
   <trkpt lat="51.0624050" lon="13.7877616">
    <ele>110</ele>
    <time>2026-08-04T18:56:37Z</time>
    <extensions>
     <gpxdata:hr>156</gpxdata:hr>
     <gpxdata:distance>6434.00</gpxdata:distance>
     <gpxdata:speed>8.097</gpxdata:speed>
    </extensions>
   </trkpt>
   <trkpt lat="51.0623956" lon="13.7878700">
    <ele>110</ele>
    <time>2026-08-04T18:56:38Z</time>
    <extensions>
     <gpxdata:hr>155</gpxdata:hr>
     <gpxdata:distance>6441.50</gpxdata:distance>
     <gpxdata:speed>8.019</gpxdata:speed>
    </extensions>
   </trkpt>
   <trkpt lat="51.0623875" lon="13.7879746">
    <ele>110</ele>
    <time>2026-08-04T18:56:39Z</time>
    <extensions>
     <gpxdata:hr>153</gpxdata:hr>
     <gpxdata:distance>6449.00</gpxdata:distance>
     <gpxdata:speed>7.872</gpxdata:speed>
    </extensions>
   </trkpt>
   <trkpt lat="51.0623798" lon="13.7880775">
    <ele>110</ele>
    <time>2026-08-04T18:56:40Z</time>
    <extensions>
     <gpxdata:hr>152</gpxdata:hr>
     <gpxdata:distance>6456.50</gpxdata:distance>
     <gpxdata:speed>7.686</gpxdata:speed>
    </extensions>
   </trkpt>
   <trkpt lat="51.0623721" lon="13.7881801">
    <ele>110</ele>
    <time>2026-08-04T18:56:41Z</time>
    <extensions>
     <gpxdata:hr>150</gpxdata:hr>
     <gpxdata:distance>6464.00</gpxdata:distance>
     <gpxdata:speed>7.539</gpxdata:speed>
    </extensions>
   </trkpt>
   <trkpt lat="51.0623644" lon="13.7882826">
    <ele>110</ele>
    <time>2026-08-04T18:56:42Z</time>
    <extensions>
     <gpxdata:hr>150</gpxdata:hr>
     <gpxdata:distance>6471.00</gpxdata:distance>
     <gpxdata:speed>7.433</gpxdata:speed>
    </extensions>
   </trkpt>
   <trkpt lat="51.0623566" lon="13.7883853">
    <ele>110</ele>
    <time>2026-08-04T18:56:43Z</time>
    <extensions>
     <gpxdata:hr>149</gpxdata:hr>
     <gpxdata:distance>6478.00</gpxdata:distance>
     <gpxdata:speed>7.358</gpxdata:speed>
    </extensions>
   </trkpt>
   <trkpt lat="51.0623485" lon="13.7884879">
    <ele>110</ele>
    <time>2026-08-04T18:56:44Z</time>
    <extensions>
     <gpxdata:hr>148</gpxdata:hr>
     <gpxdata:distance>6485.50</gpxdata:distance>
     <gpxdata:speed>7.311</gpxdata:speed>
    </extensions>
   </trkpt>
   <trkpt lat="51.0623407" lon="13.7885911">
    <ele>110</ele>
    <time>2026-08-04T18:56:45Z</time>
    <extensions>
     <gpxdata:hr>148</gpxdata:hr>
     <gpxdata:distance>6493.00</gpxdata:distance>
     <gpxdata:speed>7.275</gpxdata:speed>
    </extensions>
   </trkpt>
   <trkpt lat="51.0623334" lon="13.7886947">
    <ele>110</ele>
    <time>2026-08-04T18:56:46Z</time>
    <extensions>
     <gpxdata:hr>147</gpxdata:hr>
     <gpxdata:distance>6500.00</gpxdata:distance>
     <gpxdata:speed>7.278</gpxdata:speed>
    </extensions>
   </trkpt>
   <trkpt lat="51.0623259" lon="13.7887987">
    <ele>110</ele>
    <time>2026-08-04T18:56:47Z</time>
    <extensions>
     <gpxdata:hr>147</gpxdata:hr>
     <gpxdata:distance>6507.00</gpxdata:distance>
     <gpxdata:speed>7.283</gpxdata:speed>
    </extensions>
   </trkpt>
   <trkpt lat="51.0623179" lon="13.7889030">
    <ele>110</ele>
    <time>2026-08-04T18:56:48Z</time>
    <extensions>
     <gpxdata:hr>147</gpxdata:hr>
     <gpxdata:distance>6514.50</gpxdata:distance>
     <gpxdata:speed>7.306</gpxdata:speed>
    </extensions>
   </trkpt>
   <trkpt lat="51.0623099" lon="13.7890079">
    <ele>110</ele>
    <time>2026-08-04T18:56:49Z</time>
    <extensions>
     <gpxdata:hr>146</gpxdata:hr>
     <gpxdata:distance>6522.00</gpxdata:distance>
     <gpxdata:speed>7.322</gpxdata:speed>
    </extensions>
   </trkpt>
   <trkpt lat="51.0623018" lon="13.7891132">
    <ele>110</ele>
    <time>2026-08-04T18:56:50Z</time>
    <extensions>
     <gpxdata:hr>145</gpxdata:hr>
     <gpxdata:distance>6529.50</gpxdata:distance>
     <gpxdata:speed>7.350</gpxdata:speed>
    </extensions>
   </trkpt>
   <trkpt lat="51.0622935" lon="13.7892184">
    <ele>110</ele>
    <time>2026-08-04T18:56:51Z</time>
    <extensions>
     <gpxdata:hr>145</gpxdata:hr>
     <gpxdata:distance>6537.00</gpxdata:distance>
     <gpxdata:speed>7.375</gpxdata:speed>
    </extensions>
   </trkpt>
   <trkpt lat="51.0622851" lon="13.7893240">
    <ele>110</ele>
    <time>2026-08-04T18:56:52Z</time>
    <extensions>
     <gpxdata:hr>144</gpxdata:hr>
     <gpxdata:distance>6544.50</gpxdata:distance>
     <gpxdata:speed>7.389</gpxdata:speed>
    </extensions>
   </trkpt>
   <trkpt lat="51.0622769" lon="13.7894298">
    <ele>110</ele>
    <time>2026-08-04T18:56:53Z</time>
    <extensions>
     <gpxdata:hr>144</gpxdata:hr>
     <gpxdata:distance>6552.00</gpxdata:distance>
     <gpxdata:speed>7.408</gpxdata:speed>
    </extensions>
   </trkpt>
   <trkpt lat="51.0622690" lon="13.7895361">
    <ele>110</ele>
    <time>2026-08-04T18:56:54Z</time>
    <extensions>
     <gpxdata:hr>143</gpxdata:hr>
     <gpxdata:distance>6559.50</gpxdata:distance>
     <gpxdata:speed>7.425</gpxdata:speed>
    </extensions>
   </trkpt>
   <trkpt lat="51.0622611" lon="13.7896425">
    <ele>110</ele>
    <time>2026-08-04T18:56:55Z</time>
    <extensions>
     <gpxdata:hr>143</gpxdata:hr>
     <gpxdata:distance>6567.00</gpxdata:distance>
     <gpxdata:speed>7.450</gpxdata:speed>
    </extensions>
   </trkpt>
   <trkpt lat="51.0622531" lon="13.7897487">
    <ele>110</ele>
    <time>2026-08-04T18:56:56Z</time>
    <extensions>
     <gpxdata:hr>143</gpxdata:hr>
     <gpxdata:distance>6574.50</gpxdata:distance>
     <gpxdata:speed>7.464</gpxdata:speed>
    </extensions>
   </trkpt>
   <trkpt lat="51.0622447" lon="13.7898549">
    <ele>110</ele>
    <time>2026-08-04T18:56:57Z</time>
    <extensions>
     <gpxdata:hr>142</gpxdata:hr>
     <gpxdata:distance>6582.00</gpxdata:distance>
     <gpxdata:speed>7.469</gpxdata:speed>
    </extensions>
   </trkpt>
   <trkpt lat="51.0622352" lon="13.7899619">
    <ele>110</ele>
    <time>2026-08-04T18:56:58Z</time>
    <extensions>
     <gpxdata:hr>142</gpxdata:hr>
     <gpxdata:distance>6589.50</gpxdata:distance>
     <gpxdata:speed>7.481</gpxdata:speed>
    </extensions>
   </trkpt>
   <trkpt lat="51.0622221" lon="13.7900685">
    <ele>110</ele>
    <time>2026-08-04T18:56:59Z</time>
    <extensions>
     <gpxdata:hr>141</gpxdata:hr>
     <gpxdata:distance>6597.00</gpxdata:distance>
     <gpxdata:speed>7.511</gpxdata:speed>
    </extensions>
   </trkpt>
   <trkpt lat="51.0622054" lon="13.7901746">
    <ele>110</ele>
    <time>2026-08-04T18:57:00Z</time>
    <extensions>
     <gpxdata:hr>141</gpxdata:hr>
     <gpxdata:distance>6604.50</gpxdata:distance>
     <gpxdata:speed>7.547</gpxdata:speed>
    </extensions>
   </trkpt>
   <trkpt lat="51.0621879" lon="13.7902807">
    <ele>110</ele>
    <time>2026-08-04T18:57:01Z</time>
    <extensions>
     <gpxdata:hr>140</gpxdata:hr>
     <gpxdata:distance>6612.00</gpxdata:distance>
     <gpxdata:speed>7.589</gpxdata:speed>
    </extensions>
   </trkpt>
   <trkpt lat="51.0621706" lon="13.7903866">
    <ele>110</ele>
    <time>2026-08-04T18:57:02Z</time>
    <extensions>
     <gpxdata:hr>140</gpxdata:hr>
     <gpxdata:distance>6619.50</gpxdata:distance>
     <gpxdata:speed>7.617</gpxdata:speed>
    </extensions>
   </trkpt>
   <trkpt lat="51.0621542" lon="13.7904919">
    <ele>110</ele>
    <time>2026-08-04T18:57:03Z</time>
    <extensions>
     <gpxdata:hr>139</gpxdata:hr>
     <gpxdata:distance>6627.00</gpxdata:distance>
     <gpxdata:speed>7.628</gpxdata:speed>
    </extensions>
   </trkpt>
   <trkpt lat="51.0621381" lon="13.7905967">
    <ele>109</ele>
    <time>2026-08-04T18:57:04Z</time>
    <extensions>
     <gpxdata:hr>140</gpxdata:hr>
     <gpxdata:distance>6634.50</gpxdata:distance>
     <gpxdata:speed>7.614</gpxdata:speed>
    </extensions>
   </trkpt>
   <trkpt lat="51.0621216" lon="13.7907003">
    <ele>109</ele>
    <time>2026-08-04T18:57:05Z</time>
    <extensions>
     <gpxdata:hr>140</gpxdata:hr>
     <gpxdata:distance>6642.00</gpxdata:distance>
     <gpxdata:speed>7.589</gpxdata:speed>
    </extensions>
   </trkpt>
   <trkpt lat="51.0621048" lon="13.7908028">
    <ele>109</ele>
    <time>2026-08-04T18:57:06Z</time>
    <extensions>
     <gpxdata:hr>140</gpxdata:hr>
     <gpxdata:distance>6649.50</gpxdata:distance>
     <gpxdata:speed>7.550</gpxdata:speed>
    </extensions>
   </trkpt>
   <trkpt lat="51.0620885" lon="13.7909046">
    <ele>109</ele>
    <time>2026-08-04T18:57:07Z</time>
    <extensions>
     <gpxdata:hr>141</gpxdata:hr>
     <gpxdata:distance>6657.00</gpxdata:distance>
     <gpxdata:speed>7.503</gpxdata:speed>
    </extensions>
   </trkpt>
   <trkpt lat="51.0620727" lon="13.7910062">
    <ele>109</ele>
    <time>2026-08-04T18:57:08Z</time>
    <extensions>
     <gpxdata:hr>141</gpxdata:hr>
     <gpxdata:distance>6664.50</gpxdata:distance>
     <gpxdata:speed>7.450</gpxdata:speed>
    </extensions>
   </trkpt>
   <trkpt lat="51.0620570" lon="13.7911075">
    <ele>110</ele>
    <time>2026-08-04T18:57:09Z</time>
    <extensions>
     <gpxdata:hr>142</gpxdata:hr>
     <gpxdata:distance>6672.00</gpxdata:distance>
     <gpxdata:speed>7.408</gpxdata:speed>
    </extensions>
   </trkpt>
   <trkpt lat="51.0620411" lon="13.7912080">
    <ele>110</ele>
    <time>2026-08-04T18:57:10Z</time>
    <extensions>
     <gpxdata:hr>142</gpxdata:hr>
     <gpxdata:distance>6679.00</gpxdata:distance>
     <gpxdata:speed>7.369</gpxdata:speed>
    </extensions>
   </trkpt>
   <trkpt lat="51.0620247" lon="13.7913077">
    <ele>110</ele>
    <time>2026-08-04T18:57:11Z</time>
    <extensions>
     <gpxdata:hr>142</gpxdata:hr>
     <gpxdata:distance>6686.00</gpxdata:distance>
     <gpxdata:speed>7.325</gpxdata:speed>
    </extensions>
   </trkpt>
   <trkpt lat="51.0620081" lon="13.7914067">
    <ele>110</ele>
    <time>2026-08-04T18:57:12Z</time>
    <extensions>
     <gpxdata:hr>142</gpxdata:hr>
     <gpxdata:distance>6693.50</gpxdata:distance>
     <gpxdata:speed>7.281</gpxdata:speed>
    </extensions>
   </trkpt>
   <trkpt lat="51.0619913" lon="13.7915052">
    <ele>110</ele>
    <time>2026-08-04T18:57:13Z</time>
    <extensions>
     <gpxdata:hr>141</gpxdata:hr>
     <gpxdata:distance>6701.00</gpxdata:distance>
     <gpxdata:speed>7.239</gpxdata:speed>
    </extensions>
   </trkpt>
   <trkpt lat="51.0619753" lon="13.7916029">
    <ele>110</ele>
    <time>2026-08-04T18:57:14Z</time>
    <extensions>
     <gpxdata:hr>141</gpxdata:hr>
     <gpxdata:distance>6708.00</gpxdata:distance>
     <gpxdata:speed>7.200</gpxdata:speed>
    </extensions>
   </trkpt>
   <trkpt lat="51.0619607" lon="13.7917005">
    <ele>110</ele>
    <time>2026-08-04T18:57:15Z</time>
    <extensions>
     <gpxdata:hr>141</gpxdata:hr>
     <gpxdata:distance>6715.00</gpxdata:distance>
     <gpxdata:speed>7.142</gpxdata:speed>
    </extensions>
   </trkpt>
   <trkpt lat="51.0619464" lon="13.7917983">
    <ele>110</ele>
    <time>2026-08-04T18:57:16Z</time>
    <extensions>
     <gpxdata:hr>142</gpxdata:hr>
     <gpxdata:distance>6722.00</gpxdata:distance>
     <gpxdata:speed>7.097</gpxdata:speed>
    </extensions>
   </trkpt>
   <trkpt lat="51.0619299" lon="13.7918955">
    <ele>110</ele>
    <time>2026-08-04T18:57:17Z</time>
    <extensions>
     <gpxdata:hr>143</gpxdata:hr>
     <gpxdata:distance>6729.00</gpxdata:distance>
     <gpxdata:speed>7.072</gpxdata:speed>
    </extensions>
   </trkpt>
   <trkpt lat="51.0619121" lon="13.7919925">
    <ele>110</ele>
    <time>2026-08-04T18:57:18Z</time>
    <extensions>
     <gpxdata:hr>143</gpxdata:hr>
     <gpxdata:distance>6736.00</gpxdata:distance>
     <gpxdata:speed>7.067</gpxdata:speed>
    </extensions>
   </trkpt>
   <trkpt lat="51.0618949" lon="13.7920902">
    <ele>110</ele>
    <time>2026-08-04T18:57:19Z</time>
    <extensions>
     <gpxdata:hr>143</gpxdata:hr>
     <gpxdata:distance>6743.00</gpxdata:distance>
     <gpxdata:speed>7.069</gpxdata:speed>
    </extensions>
   </trkpt>
   <trkpt lat="51.0618778" lon="13.7921887">
    <ele>110</ele>
    <time>2026-08-04T18:57:20Z</time>
    <extensions>
     <gpxdata:hr>143</gpxdata:hr>
     <gpxdata:distance>6750.00</gpxdata:distance>
     <gpxdata:speed>7.078</gpxdata:speed>
    </extensions>
   </trkpt>
   <trkpt lat="51.0618608" lon="13.7922877">
    <ele>110</ele>
    <time>2026-08-04T18:57:21Z</time>
    <extensions>
     <gpxdata:hr>142</gpxdata:hr>
     <gpxdata:distance>6757.00</gpxdata:distance>
     <gpxdata:speed>7.103</gpxdata:speed>
    </extensions>
   </trkpt>
   <trkpt lat="51.0618440" lon="13.7923868">
    <ele>110</ele>
    <time>2026-08-04T18:57:22Z</time>
    <extensions>
     <gpxdata:hr>140</gpxdata:hr>
     <gpxdata:distance>6764.50</gpxdata:distance>
     <gpxdata:speed>7.128</gpxdata:speed>
    </extensions>
   </trkpt>
   <trkpt lat="51.0618277" lon="13.7924866">
    <ele>110</ele>
    <time>2026-08-04T18:57:23Z</time>
    <extensions>
     <gpxdata:hr>140</gpxdata:hr>
     <gpxdata:distance>6772.00</gpxdata:distance>
     <gpxdata:speed>7.144</gpxdata:speed>
    </extensions>
   </trkpt>
   <trkpt lat="51.0618115" lon="13.7925869">
    <ele>110</ele>
    <time>2026-08-04T18:57:24Z</time>
    <extensions>
     <gpxdata:hr>140</gpxdata:hr>
     <gpxdata:distance>6779.00</gpxdata:distance>
     <gpxdata:speed>7.172</gpxdata:speed>
    </extensions>
   </trkpt>
   <trkpt lat="51.0617951" lon="13.7926877">
    <ele>110</ele>
    <time>2026-08-04T18:57:25Z</time>
    <extensions>
     <gpxdata:hr>140</gpxdata:hr>
     <gpxdata:distance>6786.00</gpxdata:distance>
     <gpxdata:speed>7.197</gpxdata:speed>
    </extensions>
   </trkpt>
   <trkpt lat="51.0617780" lon="13.7927889">
    <ele>109</ele>
    <time>2026-08-04T18:57:26Z</time>
    <extensions>
     <gpxdata:hr>140</gpxdata:hr>
     <gpxdata:distance>6793.50</gpxdata:distance>
     <gpxdata:speed>7.231</gpxdata:speed>
    </extensions>
   </trkpt>
   <trkpt lat="51.0617602" lon="13.7928905">
    <ele>109</ele>
    <time>2026-08-04T18:57:27Z</time>
    <extensions>
     <gpxdata:hr>140</gpxdata:hr>
     <gpxdata:distance>6801.00</gpxdata:distance>
     <gpxdata:speed>7.267</gpxdata:speed>
    </extensions>
   </trkpt>
   <trkpt lat="51.0617413" lon="13.7929934">
    <ele>109</ele>
    <time>2026-08-04T18:57:28Z</time>
    <extensions>
     <gpxdata:hr>139</gpxdata:hr>
     <gpxdata:distance>6808.50</gpxdata:distance>
     <gpxdata:speed>7.311</gpxdata:speed>
    </extensions>
   </trkpt>
   <trkpt lat="51.0617220" lon="13.7930975">
    <ele>109</ele>
    <time>2026-08-04T18:57:29Z</time>
    <extensions>
     <gpxdata:hr>139</gpxdata:hr>
     <gpxdata:distance>6816.00</gpxdata:distance>
     <gpxdata:speed>7.383</gpxdata:speed>
    </extensions>
   </trkpt>
   <trkpt lat="51.0617024" lon="13.7932031">
    <ele>109</ele>
    <time>2026-08-04T18:57:30Z</time>
    <extensions>
     <gpxdata:hr>139</gpxdata:hr>
     <gpxdata:distance>6823.50</gpxdata:distance>
     <gpxdata:speed>7.464</gpxdata:speed>
    </extensions>
   </trkpt>
   <trkpt lat="51.0616826" lon="13.7933096">
    <ele>109</ele>
    <time>2026-08-04T18:57:31Z</time>
    <extensions>
     <gpxdata:hr>139</gpxdata:hr>
     <gpxdata:distance>6831.00</gpxdata:distance>
     <gpxdata:speed>7.550</gpxdata:speed>
    </extensions>
   </trkpt>
   <trkpt lat="51.0616630" lon="13.7934167">
    <ele>109</ele>
    <time>2026-08-04T18:57:32Z</time>
    <extensions>
     <gpxdata:hr>139</gpxdata:hr>
     <gpxdata:distance>6839.00</gpxdata:distance>
     <gpxdata:speed>7.633</gpxdata:speed>
    </extensions>
   </trkpt>
   <trkpt lat="51.0616432" lon="13.7935239">
    <ele>109</ele>
    <time>2026-08-04T18:57:33Z</time>
    <extensions>
     <gpxdata:hr>139</gpxdata:hr>
     <gpxdata:distance>6847.00</gpxdata:distance>
     <gpxdata:speed>7.697</gpxdata:speed>
    </extensions>
   </trkpt>
   <trkpt lat="51.0616236" lon="13.7936313">
    <ele>109</ele>
    <time>2026-08-04T18:57:34Z</time>
    <extensions>
     <gpxdata:hr>139</gpxdata:hr>
     <gpxdata:distance>6855.00</gpxdata:distance>
     <gpxdata:speed>7.750</gpxdata:speed>
    </extensions>
   </trkpt>
   <trkpt lat="51.0616044" lon="13.7937385">
    <ele>109</ele>
    <time>2026-08-04T18:57:35Z</time>
    <extensions>
     <gpxdata:hr>139</gpxdata:hr>
     <gpxdata:distance>6863.00</gpxdata:distance>
     <gpxdata:speed>7.781</gpxdata:speed>
    </extensions>
   </trkpt>
   <trkpt lat="51.0615853" lon="13.7938459">
    <ele>109</ele>
    <time>2026-08-04T18:57:36Z</time>
    <extensions>
     <gpxdata:hr>139</gpxdata:hr>
     <gpxdata:distance>6870.50</gpxdata:distance>
     <gpxdata:speed>7.792</gpxdata:speed>
    </extensions>
   </trkpt>
   <trkpt lat="51.0615664" lon="13.7939533">
    <ele>109</ele>
    <time>2026-08-04T18:57:37Z</time>
    <extensions>
     <gpxdata:hr>138</gpxdata:hr>
     <gpxdata:distance>6878.00</gpxdata:distance>
     <gpxdata:speed>7.803</gpxdata:speed>
    </extensions>
   </trkpt>
   <trkpt lat="51.0615475" lon="13.7940598">
    <ele>109</ele>
    <time>2026-08-04T18:57:38Z</time>
    <extensions>
     <gpxdata:hr>138</gpxdata:hr>
     <gpxdata:distance>6886.00</gpxdata:distance>
     <gpxdata:speed>7.806</gpxdata:speed>
    </extensions>
   </trkpt>
   <trkpt lat="51.0615285" lon="13.7941653">
    <ele>109</ele>
    <time>2026-08-04T18:57:39Z</time>
    <extensions>
     <gpxdata:hr>138</gpxdata:hr>
     <gpxdata:distance>6894.00</gpxdata:distance>
     <gpxdata:speed>7.783</gpxdata:speed>
    </extensions>
   </trkpt>
   <trkpt lat="51.0615095" lon="13.7942706">
    <ele>109</ele>
    <time>2026-08-04T18:57:40Z</time>
    <extensions>
     <gpxdata:hr>139</gpxdata:hr>
     <gpxdata:distance>6901.50</gpxdata:distance>
     <gpxdata:speed>7.744</gpxdata:speed>
    </extensions>
   </trkpt>
   <trkpt lat="51.0614904" lon="13.7943759">
    <ele>109</ele>
    <time>2026-08-04T18:57:41Z</time>
    <extensions>
     <gpxdata:hr>139</gpxdata:hr>
     <gpxdata:distance>6909.00</gpxdata:distance>
     <gpxdata:speed>7.719</gpxdata:speed>
    </extensions>
   </trkpt>
   <trkpt lat="51.0614707" lon="13.7944837">
    <ele>109</ele>
    <time>2026-08-04T18:57:42Z</time>
    <extensions>
     <gpxdata:hr>139</gpxdata:hr>
     <gpxdata:distance>6917.00</gpxdata:distance>
     <gpxdata:speed>7.706</gpxdata:speed>
    </extensions>
   </trkpt>
   <trkpt lat="51.0614501" lon="13.7945965">
    <ele>109</ele>
    <time>2026-08-04T18:57:43Z</time>
    <extensions>
     <gpxdata:hr>138</gpxdata:hr>
     <gpxdata:distance>6925.00</gpxdata:distance>
     <gpxdata:speed>7.769</gpxdata:speed>
    </extensions>
   </trkpt>
   <trkpt lat="51.0614286" lon="13.7947157">
    <ele>109</ele>
    <time>2026-08-04T18:57:44Z</time>
    <extensions>
     <gpxdata:hr>138</gpxdata:hr>
     <gpxdata:distance>6933.50</gpxdata:distance>
     <gpxdata:speed>7.950</gpxdata:speed>
    </extensions>
   </trkpt>
   <trkpt lat="51.0614065" lon="13.7948407">
    <ele>109</ele>
    <time>2026-08-04T18:57:45Z</time>
    <extensions>
     <gpxdata:hr>137</gpxdata:hr>
     <gpxdata:distance>6942.00</gpxdata:distance>
     <gpxdata:speed>8.550</gpxdata:speed>
    </extensions>
   </trkpt>
   <trkpt lat="51.0613879" lon="13.7949706">
    <ele>109</ele>
    <time>2026-08-04T18:57:46Z</time>
    <extensions>
     <gpxdata:hr>137</gpxdata:hr>
     <gpxdata:distance>6951.50</gpxdata:distance>
     <gpxdata:speed>8.942</gpxdata:speed>
    </extensions>
   </trkpt>
   <trkpt lat="51.0613785" lon="13.7951051">
    <ele>109</ele>
    <time>2026-08-04T18:57:47Z</time>
    <extensions>
     <gpxdata:hr>137</gpxdata:hr>
     <gpxdata:distance>6961.00</gpxdata:distance>
     <gpxdata:speed>9.181</gpxdata:speed>
    </extensions>
   </trkpt>
   <trkpt lat="51.0613827" lon="13.7952425">
    <ele>109</ele>
    <time>2026-08-04T18:57:48Z</time>
    <extensions>
     <gpxdata:hr>138</gpxdata:hr>
     <gpxdata:distance>6970.50</gpxdata:distance>
     <gpxdata:speed>9.394</gpxdata:speed>
    </extensions>
   </trkpt>
   <trkpt lat="51.0614009" lon="13.7953812">
    <ele>109</ele>
    <time>2026-08-04T18:57:49Z</time>
    <extensions>
     <gpxdata:hr>139</gpxdata:hr>
     <gpxdata:distance>6980.00</gpxdata:distance>
     <gpxdata:speed>9.603</gpxdata:speed>
    </extensions>
   </trkpt>
   <trkpt lat="51.0614290" lon="13.7955214">
    <ele>109</ele>
    <time>2026-08-04T18:57:50Z</time>
    <extensions>
     <gpxdata:hr>140</gpxdata:hr>
     <gpxdata:distance>6990.50</gpxdata:distance>
     <gpxdata:speed>9.886</gpxdata:speed>
    </extensions>
   </trkpt>
   <trkpt lat="51.0614588" lon="13.7956642">
    <ele>109</ele>
    <time>2026-08-04T18:57:51Z</time>
    <extensions>
     <gpxdata:hr>143</gpxdata:hr>
     <gpxdata:distance>7001.00</gpxdata:distance>
     <gpxdata:speed>10.183</gpxdata:speed>
    </extensions>
   </trkpt>
   <trkpt lat="51.0614825" lon="13.7958101">
    <ele>109</ele>
    <time>2026-08-04T18:57:52Z</time>
    <extensions>
     <gpxdata:hr>145</gpxdata:hr>
     <gpxdata:distance>7011.50</gpxdata:distance>
     <gpxdata:speed>10.367</gpxdata:speed>
    </extensions>
   </trkpt>
   <trkpt lat="51.0614938" lon="13.7959572">
    <ele>109</ele>
    <time>2026-08-04T18:57:53Z</time>
    <extensions>
     <gpxdata:hr>146</gpxdata:hr>
     <gpxdata:distance>7022.00</gpxdata:distance>
     <gpxdata:speed>10.442</gpxdata:speed>
    </extensions>
   </trkpt>
   <trkpt lat="51.0614886" lon="13.7961029">
    <ele>109</ele>
    <time>2026-08-04T18:57:54Z</time>
    <extensions>
     <gpxdata:hr>147</gpxdata:hr>
     <gpxdata:distance>7032.00</gpxdata:distance>
     <gpxdata:speed>10.378</gpxdata:speed>
    </extensions>
   </trkpt>
   <trkpt lat="51.0614692" lon="13.7962465">
    <ele>109</ele>
    <time>2026-08-04T18:57:55Z</time>
    <extensions>
     <gpxdata:hr>148</gpxdata:hr>
     <gpxdata:distance>7042.00</gpxdata:distance>
     <gpxdata:speed>10.308</gpxdata:speed>
    </extensions>
   </trkpt>
   <trkpt lat="51.0614417" lon="13.7963889">
    <ele>109</ele>
    <time>2026-08-04T18:57:56Z</time>
    <extensions>
     <gpxdata:hr>148</gpxdata:hr>
     <gpxdata:distance>7052.50</gpxdata:distance>
     <gpxdata:speed>10.344</gpxdata:speed>
    </extensions>
   </trkpt>
   <trkpt lat="51.0614103" lon="13.7965313">
    <ele>109</ele>
    <time>2026-08-04T18:57:57Z</time>
    <extensions>
     <gpxdata:hr>148</gpxdata:hr>
     <gpxdata:distance>7063.00</gpxdata:distance>
     <gpxdata:speed>10.397</gpxdata:speed>
    </extensions>
   </trkpt>
   <trkpt lat="51.0613763" lon="13.7966739">
    <ele>109</ele>
    <time>2026-08-04T18:57:58Z</time>
    <extensions>
     <gpxdata:hr>148</gpxdata:hr>
     <gpxdata:distance>7074.00</gpxdata:distance>
     <gpxdata:speed>10.489</gpxdata:speed>
    </extensions>
   </trkpt>
   <trkpt lat="51.0613409" lon="13.7968162">
    <ele>108</ele>
    <time>2026-08-04T18:57:59Z</time>
    <extensions>
     <gpxdata:hr>148</gpxdata:hr>
     <gpxdata:distance>7085.00</gpxdata:distance>
     <gpxdata:speed>10.567</gpxdata:speed>
    </extensions>
   </trkpt>
   <trkpt lat="51.0613050" lon="13.7969580">
    <ele>108</ele>
    <time>2026-08-04T18:58:00Z</time>
    <extensions>
     <gpxdata:hr>147</gpxdata:hr>
     <gpxdata:distance>7095.50</gpxdata:distance>
     <gpxdata:speed>10.636</gpxdata:speed>
    </extensions>
   </trkpt>
   <trkpt lat="51.0612691" lon="13.7970998">
    <ele>108</ele>
    <time>2026-08-04T18:58:01Z</time>
    <extensions>
     <gpxdata:hr>149</gpxdata:hr>
     <gpxdata:distance>7106.00</gpxdata:distance>
     <gpxdata:speed>10.644</gpxdata:speed>
    </extensions>
   </trkpt>
   <trkpt lat="51.0612322" lon="13.7972408">
    <ele>108</ele>
    <time>2026-08-04T18:58:02Z</time>
    <extensions>
     <gpxdata:hr>149</gpxdata:hr>
     <gpxdata:distance>7116.50</gpxdata:distance>
     <gpxdata:speed>10.658</gpxdata:speed>
    </extensions>
   </trkpt>
   <trkpt lat="51.0611943" lon="13.7973815">
    <ele>108</ele>
    <time>2026-08-04T18:58:03Z</time>
    <extensions>
     <gpxdata:hr>150</gpxdata:hr>
     <gpxdata:distance>7127.00</gpxdata:distance>
     <gpxdata:speed>10.667</gpxdata:speed>
    </extensions>
   </trkpt>
   <trkpt lat="51.0611555" lon="13.7975225">
    <ele>107</ele>
    <time>2026-08-04T18:58:04Z</time>
    <extensions>
     <gpxdata:hr>151</gpxdata:hr>
     <gpxdata:distance>7138.00</gpxdata:distance>
     <gpxdata:speed>10.686</gpxdata:speed>
    </extensions>
   </trkpt>
   <trkpt lat="51.0611168" lon="13.7976640">
    <ele>107</ele>
    <time>2026-08-04T18:58:05Z</time>
    <extensions>
     <gpxdata:hr>152</gpxdata:hr>
     <gpxdata:distance>7149.00</gpxdata:distance>
     <gpxdata:speed>10.728</gpxdata:speed>
    </extensions>
   </trkpt>
   <trkpt lat="51.0610783" lon="13.7978051">
    <ele>107</ele>
    <time>2026-08-04T18:58:06Z</time>
    <extensions>
     <gpxdata:hr>153</gpxdata:hr>
     <gpxdata:distance>7159.50</gpxdata:distance>
     <gpxdata:speed>10.758</gpxdata:speed>
    </extensions>
   </trkpt>
   <trkpt lat="51.0610399" lon="13.7979459">
    <ele>106</ele>
    <time>2026-08-04T18:58:07Z</time>
    <extensions>
     <gpxdata:hr>154</gpxdata:hr>
     <gpxdata:distance>7170.00</gpxdata:distance>
     <gpxdata:speed>10.758</gpxdata:speed>
    </extensions>
   </trkpt>
   <trkpt lat="51.0610024" lon="13.7980879">
    <ele>106</ele>
    <time>2026-08-04T18:58:08Z</time>
    <extensions>
     <gpxdata:hr>155</gpxdata:hr>
     <gpxdata:distance>7181.00</gpxdata:distance>
     <gpxdata:speed>10.753</gpxdata:speed>
    </extensions>
   </trkpt>
   <trkpt lat="51.0609660" lon="13.7982317">
    <ele>106</ele>
    <time>2026-08-04T18:58:09Z</time>
    <extensions>
     <gpxdata:hr>155</gpxdata:hr>
     <gpxdata:distance>7192.00</gpxdata:distance>
     <gpxdata:speed>10.767</gpxdata:speed>
    </extensions>
   </trkpt>
   <trkpt lat="51.0609290" lon="13.7983763">
    <ele>106</ele>
    <time>2026-08-04T18:58:10Z</time>
    <extensions>
     <gpxdata:hr>155</gpxdata:hr>
     <gpxdata:distance>7203.00</gpxdata:distance>
     <gpxdata:speed>10.803</gpxdata:speed>
    </extensions>
   </trkpt>
   <trkpt lat="51.0608895" lon="13.7985207">
    <ele>106</ele>
    <time>2026-08-04T18:58:11Z</time>
    <extensions>
     <gpxdata:hr>155</gpxdata:hr>
     <gpxdata:distance>7214.00</gpxdata:distance>
     <gpxdata:speed>10.847</gpxdata:speed>
    </extensions>
   </trkpt>
   <trkpt lat="51.0608473" lon="13.7986650">
    <ele>106</ele>
    <time>2026-08-04T18:58:12Z</time>
    <extensions>
     <gpxdata:hr>155</gpxdata:hr>
     <gpxdata:distance>7225.00</gpxdata:distance>
     <gpxdata:speed>10.914</gpxdata:speed>
    </extensions>
   </trkpt>
   <trkpt lat="51.0608020" lon="13.7988092">
    <ele>106</ele>
    <time>2026-08-04T18:58:13Z</time>
    <extensions>
     <gpxdata:hr>155</gpxdata:hr>
     <gpxdata:distance>7236.00</gpxdata:distance>
     <gpxdata:speed>10.997</gpxdata:speed>
    </extensions>
   </trkpt>
   <trkpt lat="51.0607536" lon="13.7989533">
    <ele>106</ele>
    <time>2026-08-04T18:58:14Z</time>
    <extensions>
     <gpxdata:hr>155</gpxdata:hr>
     <gpxdata:distance>7247.50</gpxdata:distance>
     <gpxdata:speed>11.106</gpxdata:speed>
    </extensions>
   </trkpt>
   <trkpt lat="51.0607035" lon="13.7990983">
    <ele>106</ele>
    <time>2026-08-04T18:58:15Z</time>
    <extensions>
     <gpxdata:hr>155</gpxdata:hr>
     <gpxdata:distance>7259.00</gpxdata:distance>
     <gpxdata:speed>11.225</gpxdata:speed>
    </extensions>
   </trkpt>
   <trkpt lat="51.0606534" lon="13.7992450">
    <ele>106</ele>
    <time>2026-08-04T18:58:16Z</time>
    <extensions>
     <gpxdata:hr>155</gpxdata:hr>
     <gpxdata:distance>7270.50</gpxdata:distance>
     <gpxdata:speed>11.428</gpxdata:speed>
    </extensions>
   </trkpt>
   <trkpt lat="51.0606033" lon="13.7993930">
    <ele>106</ele>
    <time>2026-08-04T18:58:17Z</time>
    <extensions>
     <gpxdata:hr>157</gpxdata:hr>
     <gpxdata:distance>7282.00</gpxdata:distance>
     <gpxdata:speed>11.617</gpxdata:speed>
    </extensions>
   </trkpt>
   <trkpt lat="51.0605530" lon="13.7995415">
    <ele>106</ele>
    <time>2026-08-04T18:58:18Z</time>
    <extensions>
     <gpxdata:hr>158</gpxdata:hr>
     <gpxdata:distance>7294.00</gpxdata:distance>
     <gpxdata:speed>11.703</gpxdata:speed>
    </extensions>
   </trkpt>
   <trkpt lat="51.0605023" lon="13.7996899">
    <ele>105</ele>
    <time>2026-08-04T18:58:19Z</time>
    <extensions>
     <gpxdata:hr>158</gpxdata:hr>
     <gpxdata:distance>7306.00</gpxdata:distance>
     <gpxdata:speed>11.756</gpxdata:speed>
    </extensions>
   </trkpt>
   <trkpt lat="51.0604514" lon="13.7998379">
    <ele>105</ele>
    <time>2026-08-04T18:58:20Z</time>
    <extensions>
     <gpxdata:hr>159</gpxdata:hr>
     <gpxdata:distance>7318.00</gpxdata:distance>
     <gpxdata:speed>11.786</gpxdata:speed>
    </extensions>
   </trkpt>
   <trkpt lat="51.0604005" lon="13.7999860">
    <ele>105</ele>
    <time>2026-08-04T18:58:21Z</time>
    <extensions>
     <gpxdata:hr>160</gpxdata:hr>
     <gpxdata:distance>7330.00</gpxdata:distance>
     <gpxdata:speed>11.786</gpxdata:speed>
    </extensions>
   </trkpt>
   <trkpt lat="51.0603495" lon="13.8001337">
    <ele>105</ele>
    <time>2026-08-04T18:58:22Z</time>
    <extensions>
     <gpxdata:hr>161</gpxdata:hr>
     <gpxdata:distance>7341.50</gpxdata:distance>
     <gpxdata:speed>11.800</gpxdata:speed>
    </extensions>
   </trkpt>
   <trkpt lat="51.0602988" lon="13.8002812">
    <ele>105</ele>
    <time>2026-08-04T18:58:23Z</time>
    <extensions>
     <gpxdata:hr>161</gpxdata:hr>
     <gpxdata:distance>7353.00</gpxdata:distance>
     <gpxdata:speed>11.794</gpxdata:speed>
    </extensions>
   </trkpt>
   <trkpt lat="51.0602486" lon="13.8004280">
    <ele>105</ele>
    <time>2026-08-04T18:58:24Z</time>
    <extensions>
     <gpxdata:hr>162</gpxdata:hr>
     <gpxdata:distance>7365.00</gpxdata:distance>
     <gpxdata:speed>11.772</gpxdata:speed>
    </extensions>
   </trkpt>
   <trkpt lat="51.0601980" lon="13.8005735">
    <ele>105</ele>
    <time>2026-08-04T18:58:25Z</time>
    <extensions>
     <gpxdata:hr>162</gpxdata:hr>
     <gpxdata:distance>7377.00</gpxdata:distance>
     <gpxdata:speed>11.739</gpxdata:speed>
    </extensions>
   </trkpt>
   <trkpt lat="51.0601474" lon="13.8007176">
    <ele>105</ele>
    <time>2026-08-04T18:58:26Z</time>
    <extensions>
     <gpxdata:hr>163</gpxdata:hr>
     <gpxdata:distance>7388.50</gpxdata:distance>
     <gpxdata:speed>11.703</gpxdata:speed>
    </extensions>
   </trkpt>
   <trkpt lat="51.0600968" lon="13.8008599">
    <ele>105</ele>
    <time>2026-08-04T18:58:27Z</time>
    <extensions>
     <gpxdata:hr>163</gpxdata:hr>
     <gpxdata:distance>7400.00</gpxdata:distance>
     <gpxdata:speed>11.642</gpxdata:speed>
    </extensions>
   </trkpt>
   <trkpt lat="51.0600461" lon="13.8010005">
    <ele>105</ele>
    <time>2026-08-04T18:58:28Z</time>
    <extensions>
     <gpxdata:hr>164</gpxdata:hr>
     <gpxdata:distance>7411.00</gpxdata:distance>
     <gpxdata:speed>11.569</gpxdata:speed>
    </extensions>
   </trkpt>
   <trkpt lat="51.0599955" lon="13.8011407">
    <ele>105</ele>
    <time>2026-08-04T18:58:29Z</time>
    <extensions>
     <gpxdata:hr>165</gpxdata:hr>
     <gpxdata:distance>7422.00</gpxdata:distance>
     <gpxdata:speed>11.486</gpxdata:speed>
    </extensions>
   </trkpt>
   <trkpt lat="51.0599461" lon="13.8012815">
    <ele>105</ele>
    <time>2026-08-04T18:58:30Z</time>
    <extensions>
     <gpxdata:hr>166</gpxdata:hr>
     <gpxdata:distance>7433.50</gpxdata:distance>
     <gpxdata:speed>11.425</gpxdata:speed>
    </extensions>
   </trkpt>
   <trkpt lat="51.0598981" lon="13.8014221">
    <ele>106</ele>
    <time>2026-08-04T18:58:31Z</time>
    <extensions>
     <gpxdata:hr>167</gpxdata:hr>
     <gpxdata:distance>7445.00</gpxdata:distance>
     <gpxdata:speed>11.375</gpxdata:speed>
    </extensions>
   </trkpt>
   <trkpt lat="51.0598495" lon="13.8015612">
    <ele>106</ele>
    <time>2026-08-04T18:58:32Z</time>
    <extensions>
     <gpxdata:hr>166</gpxdata:hr>
     <gpxdata:distance>7456.00</gpxdata:distance>
     <gpxdata:speed>11.303</gpxdata:speed>
    </extensions>
   </trkpt>
   <trkpt lat="51.0597992" lon="13.8016985">
    <ele>106</ele>
    <time>2026-08-04T18:58:33Z</time>
    <extensions>
     <gpxdata:hr>166</gpxdata:hr>
     <gpxdata:distance>7467.00</gpxdata:distance>
     <gpxdata:speed>11.239</gpxdata:speed>
    </extensions>
   </trkpt>
   <trkpt lat="51.0597473" lon="13.8018352">
    <ele>106</ele>
    <time>2026-08-04T18:58:34Z</time>
    <extensions>
     <gpxdata:hr>166</gpxdata:hr>
     <gpxdata:distance>7478.50</gpxdata:distance>
     <gpxdata:speed>11.197</gpxdata:speed>
    </extensions>
   </trkpt>
   <trkpt lat="51.0596942" lon="13.8019719">
    <ele>106</ele>
    <time>2026-08-04T18:58:35Z</time>
    <extensions>
     <gpxdata:hr>166</gpxdata:hr>
     <gpxdata:distance>7490.00</gpxdata:distance>
     <gpxdata:speed>11.189</gpxdata:speed>
    </extensions>
   </trkpt>
   <trkpt lat="51.0596387" lon="13.8021069">
    <ele>106</ele>
    <time>2026-08-04T18:58:36Z</time>
    <extensions>
     <gpxdata:hr>166</gpxdata:hr>
     <gpxdata:distance>7501.00</gpxdata:distance>
     <gpxdata:speed>11.208</gpxdata:speed>
    </extensions>
   </trkpt>
   <trkpt lat="51.0595803" lon="13.8022390">
    <ele>106</ele>
    <time>2026-08-04T18:58:37Z</time>
    <extensions>
     <gpxdata:hr>167</gpxdata:hr>
     <gpxdata:distance>7512.00</gpxdata:distance>
     <gpxdata:speed>11.231</gpxdata:speed>
    </extensions>
   </trkpt>
   <trkpt lat="51.0595191" lon="13.8023681">
    <ele>106</ele>
    <time>2026-08-04T18:58:38Z</time>
    <extensions>
     <gpxdata:hr>167</gpxdata:hr>
     <gpxdata:distance>7523.50</gpxdata:distance>
     <gpxdata:speed>11.256</gpxdata:speed>
    </extensions>
   </trkpt>
   <trkpt lat="51.0594565" lon="13.8024948">
    <ele>106</ele>
    <time>2026-08-04T18:58:39Z</time>
    <extensions>
     <gpxdata:hr>167</gpxdata:hr>
     <gpxdata:distance>7535.00</gpxdata:distance>
     <gpxdata:speed>11.269</gpxdata:speed>
    </extensions>
   </trkpt>
   <trkpt lat="51.0593926" lon="13.8026196">
    <ele>106</ele>
    <time>2026-08-04T18:58:40Z</time>
    <extensions>
     <gpxdata:hr>167</gpxdata:hr>
     <gpxdata:distance>7546.00</gpxdata:distance>
     <gpxdata:speed>11.272</gpxdata:speed>
    </extensions>
   </trkpt>
   <trkpt lat="51.0593277" lon="13.8027433">
    <ele>106</ele>
    <time>2026-08-04T18:58:41Z</time>
    <extensions>
     <gpxdata:hr>167</gpxdata:hr>
     <gpxdata:distance>7557.00</gpxdata:distance>
     <gpxdata:speed>11.264</gpxdata:speed>
    </extensions>
   </trkpt>
   <trkpt lat="51.0592617" lon="13.8028661">
    <ele>106</ele>
    <time>2026-08-04T18:58:42Z</time>
    <extensions>
     <gpxdata:hr>168</gpxdata:hr>
     <gpxdata:distance>7568.50</gpxdata:distance>
     <gpxdata:speed>11.269</gpxdata:speed>
    </extensions>
   </trkpt>
   <trkpt lat="51.0591934" lon="13.8029864">
    <ele>106</ele>
    <time>2026-08-04T18:58:43Z</time>
    <extensions>
     <gpxdata:hr>168</gpxdata:hr>
     <gpxdata:distance>7580.00</gpxdata:distance>
     <gpxdata:speed>11.286</gpxdata:speed>
    </extensions>
   </trkpt>
   <trkpt lat="51.0591216" lon="13.8031020">
    <ele>106</ele>
    <time>2026-08-04T18:58:44Z</time>
    <extensions>
     <gpxdata:hr>168</gpxdata:hr>
     <gpxdata:distance>7591.50</gpxdata:distance>
     <gpxdata:speed>11.308</gpxdata:speed>
    </extensions>
   </trkpt>
   <trkpt lat="51.0590455" lon="13.8032121">
    <ele>106</ele>
    <time>2026-08-04T18:58:45Z</time>
    <extensions>
     <gpxdata:hr>168</gpxdata:hr>
     <gpxdata:distance>7603.00</gpxdata:distance>
     <gpxdata:speed>11.336</gpxdata:speed>
    </extensions>
   </trkpt>
   <trkpt lat="51.0589659" lon="13.8033174">
    <ele>106</ele>
    <time>2026-08-04T18:58:46Z</time>
    <extensions>
     <gpxdata:hr>169</gpxdata:hr>
     <gpxdata:distance>7614.50</gpxdata:distance>
     <gpxdata:speed>11.381</gpxdata:speed>
    </extensions>
   </trkpt>
   <trkpt lat="51.0588845" lon="13.8034195">
    <ele>106</ele>
    <time>2026-08-04T18:58:47Z</time>
    <extensions>
     <gpxdata:hr>168</gpxdata:hr>
     <gpxdata:distance>7626.00</gpxdata:distance>
     <gpxdata:speed>11.431</gpxdata:speed>
    </extensions>
   </trkpt>
   <trkpt lat="51.0588024" lon="13.8035190">
    <ele>106</ele>
    <time>2026-08-04T18:58:48Z</time>
    <extensions>
     <gpxdata:hr>169</gpxdata:hr>
     <gpxdata:distance>7637.50</gpxdata:distance>
     <gpxdata:speed>11.464</gpxdata:speed>
    </extensions>
   </trkpt>
   <trkpt lat="51.0587203" lon="13.8036163">
    <ele>106</ele>
    <time>2026-08-04T18:58:49Z</time>
    <extensions>
     <gpxdata:hr>169</gpxdata:hr>
     <gpxdata:distance>7649.00</gpxdata:distance>
     <gpxdata:speed>11.461</gpxdata:speed>
    </extensions>
   </trkpt>
   <trkpt lat="51.0586389" lon="13.8037137">
    <ele>106</ele>
    <time>2026-08-04T18:58:50Z</time>
    <extensions>
     <gpxdata:hr>169</gpxdata:hr>
     <gpxdata:distance>7660.00</gpxdata:distance>
     <gpxdata:speed>11.433</gpxdata:speed>
    </extensions>
   </trkpt>
   <trkpt lat="51.0585582" lon="13.8038119">
    <ele>106</ele>
    <time>2026-08-04T18:58:51Z</time>
    <extensions>
     <gpxdata:hr>169</gpxdata:hr>
     <gpxdata:distance>7671.00</gpxdata:distance>
     <gpxdata:speed>11.403</gpxdata:speed>
    </extensions>
   </trkpt>
   <trkpt lat="51.0584773" lon="13.8039097">
    <ele>106</ele>
    <time>2026-08-04T18:58:52Z</time>
    <extensions>
     <gpxdata:hr>169</gpxdata:hr>
     <gpxdata:distance>7682.50</gpxdata:distance>
     <gpxdata:speed>11.372</gpxdata:speed>
    </extensions>
   </trkpt>
   <trkpt lat="51.0583959" lon="13.8040057">
    <ele>106</ele>
    <time>2026-08-04T18:58:53Z</time>
    <extensions>
     <gpxdata:hr>169</gpxdata:hr>
     <gpxdata:distance>7694.00</gpxdata:distance>
     <gpxdata:speed>11.353</gpxdata:speed>
    </extensions>
   </trkpt>
   <trkpt lat="51.0583138" lon="13.8041003">
    <ele>106</ele>
    <time>2026-08-04T18:58:54Z</time>
    <extensions>
     <gpxdata:hr>169</gpxdata:hr>
     <gpxdata:distance>7705.00</gpxdata:distance>
     <gpxdata:speed>11.331</gpxdata:speed>
    </extensions>
   </trkpt>
   <trkpt lat="51.0582311" lon="13.8041927">
    <ele>106</ele>
    <time>2026-08-04T18:58:55Z</time>
    <extensions>
     <gpxdata:hr>169</gpxdata:hr>
     <gpxdata:distance>7716.00</gpxdata:distance>
     <gpxdata:speed>11.314</gpxdata:speed>
    </extensions>
   </trkpt>
   <trkpt lat="51.0581474" lon="13.8042809">
    <ele>106</ele>
    <time>2026-08-04T18:58:56Z</time>
    <extensions>
     <gpxdata:hr>169</gpxdata:hr>
     <gpxdata:distance>7727.50</gpxdata:distance>
     <gpxdata:speed>11.292</gpxdata:speed>
    </extensions>
   </trkpt>
   <trkpt lat="51.0580631" lon="13.8043653">
    <ele>106</ele>
    <time>2026-08-04T18:58:57Z</time>
    <extensions>
     <gpxdata:hr>169</gpxdata:hr>
     <gpxdata:distance>7739.00</gpxdata:distance>
     <gpxdata:speed>11.247</gpxdata:speed>
    </extensions>
   </trkpt>
   <trkpt lat="51.0579784" lon="13.8044465">
    <ele>106</ele>
    <time>2026-08-04T18:58:58Z</time>
    <extensions>
     <gpxdata:hr>168</gpxdata:hr>
     <gpxdata:distance>7750.00</gpxdata:distance>
     <gpxdata:speed>11.183</gpxdata:speed>
    </extensions>
   </trkpt>
   <trkpt lat="51.0578940" lon="13.8045260">
    <ele>106</ele>
    <time>2026-08-04T18:58:59Z</time>
    <extensions>
     <gpxdata:hr>168</gpxdata:hr>
     <gpxdata:distance>7761.00</gpxdata:distance>
     <gpxdata:speed>11.119</gpxdata:speed>
    </extensions>
   </trkpt>
   <trkpt lat="51.0578109" lon="13.8046082">
    <ele>106</ele>
    <time>2026-08-04T18:59:00Z</time>
    <extensions>
     <gpxdata:hr>169</gpxdata:hr>
     <gpxdata:distance>7772.00</gpxdata:distance>
     <gpxdata:speed>11.050</gpxdata:speed>
    </extensions>
   </trkpt>
   <trkpt lat="51.0577293" lon="13.8046945">
    <ele>106</ele>
    <time>2026-08-04T18:59:01Z</time>
    <extensions>
     <gpxdata:hr>169</gpxdata:hr>
     <gpxdata:distance>7783.00</gpxdata:distance>
     <gpxdata:speed>10.997</gpxdata:speed>
    </extensions>
   </trkpt>
   <trkpt lat="51.0576497" lon="13.8047858">
    <ele>106</ele>
    <time>2026-08-04T18:59:02Z</time>
    <extensions>
     <gpxdata:hr>169</gpxdata:hr>
     <gpxdata:distance>7793.50</gpxdata:distance>
     <gpxdata:speed>10.969</gpxdata:speed>
    </extensions>
   </trkpt>
   <trkpt lat="51.0575724" lon="13.8048815">
    <ele>106</ele>
    <time>2026-08-04T18:59:03Z</time>
    <extensions>
     <gpxdata:hr>169</gpxdata:hr>
     <gpxdata:distance>7804.00</gpxdata:distance>
     <gpxdata:speed>10.956</gpxdata:speed>
    </extensions>
   </trkpt>
   <trkpt lat="51.0574966" lon="13.8049800">
    <ele>106</ele>
    <time>2026-08-04T18:59:04Z</time>
    <extensions>
     <gpxdata:hr>169</gpxdata:hr>
     <gpxdata:distance>7815.00</gpxdata:distance>
     <gpxdata:speed>10.931</gpxdata:speed>
    </extensions>
   </trkpt>
   <trkpt lat="51.0574210" lon="13.8050790">
    <ele>106</ele>
    <time>2026-08-04T18:59:05Z</time>
    <extensions>
     <gpxdata:hr>169</gpxdata:hr>
     <gpxdata:distance>7826.00</gpxdata:distance>
     <gpxdata:speed>10.917</gpxdata:speed>
    </extensions>
   </trkpt>
   <trkpt lat="51.0573446" lon="13.8051765">
    <ele>106</ele>
    <time>2026-08-04T18:59:06Z</time>
    <extensions>
     <gpxdata:hr>169</gpxdata:hr>
     <gpxdata:distance>7837.00</gpxdata:distance>
     <gpxdata:speed>10.906</gpxdata:speed>
    </extensions>
   </trkpt>
   <trkpt lat="51.0572674" lon="13.8052716">
    <ele>106</ele>
    <time>2026-08-04T18:59:07Z</time>
    <extensions>
     <gpxdata:hr>169</gpxdata:hr>
     <gpxdata:distance>7848.00</gpxdata:distance>
     <gpxdata:speed>10.900</gpxdata:speed>
    </extensions>
   </trkpt>
   <trkpt lat="51.0571892" lon="13.8053646">
    <ele>106</ele>
    <time>2026-08-04T18:59:08Z</time>
    <extensions>
     <gpxdata:hr>169</gpxdata:hr>
     <gpxdata:distance>7859.00</gpxdata:distance>
     <gpxdata:speed>10.886</gpxdata:speed>
    </extensions>
   </trkpt>
   <trkpt lat="51.0571099" lon="13.8054550">
    <ele>106</ele>
    <time>2026-08-04T18:59:09Z</time>
    <extensions>
     <gpxdata:hr>169</gpxdata:hr>
     <gpxdata:distance>7870.00</gpxdata:distance>
     <gpxdata:speed>10.881</gpxdata:speed>
    </extensions>
   </trkpt>
   <trkpt lat="51.0570300" lon="13.8055430">
    <ele>106</ele>
    <time>2026-08-04T18:59:10Z</time>
    <extensions>
     <gpxdata:hr>169</gpxdata:hr>
     <gpxdata:distance>7880.50</gpxdata:distance>
     <gpxdata:speed>10.872</gpxdata:speed>
    </extensions>
   </trkpt>
   <trkpt lat="51.0569486" lon="13.8056273">
    <ele>106</ele>
    <time>2026-08-04T18:59:11Z</time>
    <extensions>
     <gpxdata:hr>169</gpxdata:hr>
     <gpxdata:distance>7891.00</gpxdata:distance>
     <gpxdata:speed>10.850</gpxdata:speed>
    </extensions>
   </trkpt>
   <trkpt lat="51.0568646" lon="13.8057061">
    <ele>106</ele>
    <time>2026-08-04T18:59:12Z</time>
    <extensions>
     <gpxdata:hr>169</gpxdata:hr>
     <gpxdata:distance>7902.00</gpxdata:distance>
     <gpxdata:speed>10.839</gpxdata:speed>
    </extensions>
   </trkpt>
   <trkpt lat="51.0567783" lon="13.8057787">
    <ele>106</ele>
    <time>2026-08-04T18:59:13Z</time>
    <extensions>
     <gpxdata:hr>170</gpxdata:hr>
     <gpxdata:distance>7913.00</gpxdata:distance>
     <gpxdata:speed>10.847</gpxdata:speed>
    </extensions>
   </trkpt>
   <trkpt lat="51.0566899" lon="13.8058451">
    <ele>106</ele>
    <time>2026-08-04T18:59:14Z</time>
    <extensions>
     <gpxdata:hr>170</gpxdata:hr>
     <gpxdata:distance>7924.00</gpxdata:distance>
     <gpxdata:speed>10.858</gpxdata:speed>
    </extensions>
   </trkpt>
   <trkpt lat="51.0566006" lon="13.8059062">
    <ele>106</ele>
    <time>2026-08-04T18:59:15Z</time>
    <extensions>
     <gpxdata:hr>169</gpxdata:hr>
     <gpxdata:distance>7935.00</gpxdata:distance>
     <gpxdata:speed>10.864</gpxdata:speed>
    </extensions>
   </trkpt>
   <trkpt lat="51.0565116" lon="13.8059644">
    <ele>106</ele>
    <time>2026-08-04T18:59:16Z</time>
    <extensions>
     <gpxdata:hr>169</gpxdata:hr>
     <gpxdata:distance>7945.50</gpxdata:distance>
     <gpxdata:speed>10.836</gpxdata:speed>
    </extensions>
   </trkpt>
   <trkpt lat="51.0564230" lon="13.8060218">
    <ele>106</ele>
    <time>2026-08-04T18:59:17Z</time>
    <extensions>
     <gpxdata:hr>169</gpxdata:hr>
     <gpxdata:distance>7956.00</gpxdata:distance>
     <gpxdata:speed>10.783</gpxdata:speed>
    </extensions>
   </trkpt>
   <trkpt lat="51.0563348" lon="13.8060786">
    <ele>106</ele>
    <time>2026-08-04T18:59:18Z</time>
    <extensions>
     <gpxdata:hr>169</gpxdata:hr>
     <gpxdata:distance>7966.50</gpxdata:distance>
     <gpxdata:speed>10.736</gpxdata:speed>
    </extensions>
   </trkpt>
   <trkpt lat="51.0562469" lon="13.8061340">
    <ele>106</ele>
    <time>2026-08-04T18:59:19Z</time>
    <extensions>
     <gpxdata:hr>169</gpxdata:hr>
     <gpxdata:distance>7977.00</gpxdata:distance>
     <gpxdata:speed>10.686</gpxdata:speed>
    </extensions>
   </trkpt>
   <trkpt lat="51.0561599" lon="13.8061874">
    <ele>106</ele>
    <time>2026-08-04T18:59:20Z</time>
    <extensions>
     <gpxdata:hr>169</gpxdata:hr>
     <gpxdata:distance>7987.50</gpxdata:distance>
     <gpxdata:speed>10.625</gpxdata:speed>
    </extensions>
   </trkpt>
   <trkpt lat="51.0560748" lon="13.8062394">
    <ele>107</ele>
    <time>2026-08-04T18:59:21Z</time>
    <extensions>
     <gpxdata:hr>169</gpxdata:hr>
     <gpxdata:distance>7998.00</gpxdata:distance>
     <gpxdata:speed>10.531</gpxdata:speed>
    </extensions>
   </trkpt>
   <trkpt lat="51.0559915" lon="13.8062914">
    <ele>107</ele>
    <time>2026-08-04T18:59:22Z</time>
    <extensions>
     <gpxdata:hr>169</gpxdata:hr>
     <gpxdata:distance>8008.00</gpxdata:distance>
     <gpxdata:speed>10.386</gpxdata:speed>
    </extensions>
   </trkpt>
   <trkpt lat="51.0559099" lon="13.8063429">
    <ele>107</ele>
    <time>2026-08-04T18:59:23Z</time>
    <extensions>
     <gpxdata:hr>169</gpxdata:hr>
     <gpxdata:distance>8018.00</gpxdata:distance>
     <gpxdata:speed>10.047</gpxdata:speed>
    </extensions>
   </trkpt>
   <trkpt lat="51.0558303" lon="13.8063922">
    <ele>107</ele>
    <time>2026-08-04T18:59:24Z</time>
    <extensions>
     <gpxdata:hr>168</gpxdata:hr>
     <gpxdata:distance>8027.50</gpxdata:distance>
     <gpxdata:speed>9.844</gpxdata:speed>
    </extensions>
   </trkpt>
   <trkpt lat="51.0557534" lon="13.8064390">
    <ele>107</ele>
    <time>2026-08-04T18:59:25Z</time>
    <extensions>
     <gpxdata:hr>168</gpxdata:hr>
     <gpxdata:distance>8037.00</gpxdata:distance>
     <gpxdata:speed>9.594</gpxdata:speed>
    </extensions>
   </trkpt>
   <trkpt lat="51.0556826" lon="13.8064827">
    <ele>108</ele>
    <time>2026-08-04T18:59:26Z</time>
    <extensions>
     <gpxdata:hr>169</gpxdata:hr>
     <gpxdata:distance>8045.50</gpxdata:distance>
     <gpxdata:speed>9.242</gpxdata:speed>
    </extensions>
   </trkpt>
   <trkpt lat="51.0556208" lon="13.8065213">
    <ele>108</ele>
    <time>2026-08-04T18:59:27Z</time>
    <extensions>
     <gpxdata:hr>169</gpxdata:hr>
     <gpxdata:distance>8054.00</gpxdata:distance>
     <gpxdata:speed>8.547</gpxdata:speed>
    </extensions>
   </trkpt>
   <trkpt lat="51.0555705" lon="13.8065530">
    <ele>108</ele>
    <time>2026-08-04T18:59:28Z</time>
    <extensions>
     <gpxdata:hr>168</gpxdata:hr>
     <gpxdata:distance>8059.50</gpxdata:distance>
     <gpxdata:speed>7.547</gpxdata:speed>
    </extensions>
   </trkpt>
   <trkpt lat="51.0555346" lon="13.8065771">
    <ele>108</ele>
    <time>2026-08-04T18:59:29Z</time>
    <extensions>
     <gpxdata:hr>168</gpxdata:hr>
     <gpxdata:distance>8065.00</gpxdata:distance>
     <gpxdata:speed>7.261</gpxdata:speed>
    </extensions>
   </trkpt>
   <trkpt lat="51.0555154" lon="13.8065908">
    <ele>108</ele>
    <time>2026-08-04T18:59:30Z</time>
    <extensions>
     <gpxdata:hr>167</gpxdata:hr>
     <gpxdata:distance>8068.00</gpxdata:distance>
     <gpxdata:speed>4.664</gpxdata:speed>
    </extensions>
   </trkpt>
   <trkpt lat="51.0554907" lon="13.8066077">
    <ele>108</ele>
    <time>2026-08-04T18:59:31Z</time>
    <extensions>
     <gpxdata:hr>167</gpxdata:hr>
     <gpxdata:distance>8071.00</gpxdata:distance>
     <gpxdata:speed>4.664</gpxdata:speed>
    </extensions>
   </trkpt>
   <trkpt lat="51.0554581" lon="13.8066272">
    <ele>108</ele>
    <time>2026-08-04T18:59:32Z</time>
    <extensions>
     <gpxdata:hr>167</gpxdata:hr>
     <gpxdata:distance>8075.50</gpxdata:distance>
     <gpxdata:speed>4.986</gpxdata:speed>
    </extensions>
   </trkpt>
   <trkpt lat="51.0554158" lon="13.8066500">
    <ele>108</ele>
    <time>2026-08-04T18:59:33Z</time>
    <extensions>
     <gpxdata:hr>165</gpxdata:hr>
     <gpxdata:distance>8080.00</gpxdata:distance>
     <gpxdata:speed>4.531</gpxdata:speed>
    </extensions>
   </trkpt>
   <trkpt lat="51.0553632" lon="13.8066768">
    <ele>108</ele>
    <time>2026-08-04T18:59:34Z</time>
    <extensions>
     <gpxdata:hr>164</gpxdata:hr>
     <gpxdata:distance>8087.00</gpxdata:distance>
     <gpxdata:speed>5.408</gpxdata:speed>
    </extensions>
   </trkpt>
   <trkpt lat="51.0552812" lon="13.8067196">
    <ele>108</ele>
    <time>2026-08-04T18:59:35Z</time>
    <extensions>
     <gpxdata:hr>164</gpxdata:hr>
     <gpxdata:distance>8094.00</gpxdata:distance>
     <gpxdata:speed>6.414</gpxdata:speed>
    </extensions>
   </trkpt>
   <trkpt lat="51.0552094" lon="13.8067605">
    <ele>108</ele>
    <time>2026-08-04T18:59:36Z</time>
    <extensions>
     <gpxdata:hr>163</gpxdata:hr>
     <gpxdata:distance>8102.50</gpxdata:distance>
     <gpxdata:speed>7.281</gpxdata:speed>
    </extensions>
   </trkpt>
   <trkpt lat="51.0551355" lon="13.8068046">
    <ele>108</ele>
    <time>2026-08-04T18:59:37Z</time>
    <extensions>
     <gpxdata:hr>163</gpxdata:hr>
     <gpxdata:distance>8111.00</gpxdata:distance>
     <gpxdata:speed>7.961</gpxdata:speed>
    </extensions>
   </trkpt>
   <trkpt lat="51.0550603" lon="13.8068503">
    <ele>108</ele>
    <time>2026-08-04T18:59:38Z</time>
    <extensions>
     <gpxdata:hr>163</gpxdata:hr>
     <gpxdata:distance>8119.50</gpxdata:distance>
     <gpxdata:speed>8.444</gpxdata:speed>
    </extensions>
   </trkpt>
   <trkpt lat="51.0549847" lon="13.8068973">
    <ele>108</ele>
    <time>2026-08-04T18:59:39Z</time>
    <extensions>
     <gpxdata:hr>163</gpxdata:hr>
     <gpxdata:distance>8128.00</gpxdata:distance>
     <gpxdata:speed>8.444</gpxdata:speed>
    </extensions>
   </trkpt>
   <trkpt lat="51.0549094" lon="13.8069452">
    <ele>108</ele>
    <time>2026-08-04T18:59:40Z</time>
    <extensions>
     <gpxdata:hr>164</gpxdata:hr>
     <gpxdata:distance>8137.00</gpxdata:distance>
     <gpxdata:speed>8.822</gpxdata:speed>
    </extensions>
   </trkpt>
   <trkpt lat="51.0548342" lon="13.8069940">
    <ele>108</ele>
    <time>2026-08-04T18:59:41Z</time>
    <extensions>
     <gpxdata:hr>164</gpxdata:hr>
     <gpxdata:distance>8146.00</gpxdata:distance>
     <gpxdata:speed>8.903</gpxdata:speed>
    </extensions>
   </trkpt>
   <trkpt lat="51.0547591" lon="13.8070435">
    <ele>108</ele>
    <time>2026-08-04T18:59:42Z</time>
    <extensions>
     <gpxdata:hr>164</gpxdata:hr>
     <gpxdata:distance>8155.00</gpxdata:distance>
     <gpxdata:speed>8.992</gpxdata:speed>
    </extensions>
   </trkpt>
   <trkpt lat="51.0546839" lon="13.8070923">
    <ele>108</ele>
    <time>2026-08-04T18:59:43Z</time>
    <extensions>
     <gpxdata:hr>164</gpxdata:hr>
     <gpxdata:distance>8164.00</gpxdata:distance>
     <gpxdata:speed>9.025</gpxdata:speed>
    </extensions>
   </trkpt>
   <trkpt lat="51.0546090" lon="13.8071398">
    <ele>108</ele>
    <time>2026-08-04T18:59:44Z</time>
    <extensions>
     <gpxdata:hr>165</gpxdata:hr>
     <gpxdata:distance>8173.00</gpxdata:distance>
     <gpxdata:speed>9.039</gpxdata:speed>
    </extensions>
   </trkpt>
   <trkpt lat="51.0545350" lon="13.8071862">
    <ele>108</ele>
    <time>2026-08-04T18:59:45Z</time>
    <extensions>
     <gpxdata:hr>164</gpxdata:hr>
     <gpxdata:distance>8182.00</gpxdata:distance>
     <gpxdata:speed>8.967</gpxdata:speed>
    </extensions>
   </trkpt>
   <trkpt lat="51.0544614" lon="13.8072343">
    <ele>108</ele>
    <time>2026-08-04T18:59:46Z</time>
    <extensions>
     <gpxdata:hr>164</gpxdata:hr>
     <gpxdata:distance>8191.00</gpxdata:distance>
     <gpxdata:speed>8.928</gpxdata:speed>
    </extensions>
   </trkpt>
   <trkpt lat="51.0543880" lon="13.8072887">
    <ele>108</ele>
    <time>2026-08-04T18:59:47Z</time>
    <extensions>
     <gpxdata:hr>164</gpxdata:hr>
     <gpxdata:distance>8200.00</gpxdata:distance>
     <gpxdata:speed>8.919</gpxdata:speed>
    </extensions>
   </trkpt>
   <trkpt lat="51.0543143" lon="13.8073483">
    <ele>108</ele>
    <time>2026-08-04T18:59:48Z</time>
    <extensions>
     <gpxdata:hr>165</gpxdata:hr>
     <gpxdata:distance>8209.50</gpxdata:distance>
     <gpxdata:speed>8.978</gpxdata:speed>
    </extensions>
   </trkpt>
   <trkpt lat="51.0542400" lon="13.8074083">
    <ele>108</ele>
    <time>2026-08-04T18:59:49Z</time>
    <extensions>
     <gpxdata:hr>164</gpxdata:hr>
     <gpxdata:distance>8219.00</gpxdata:distance>
     <gpxdata:speed>9.144</gpxdata:speed>
    </extensions>
   </trkpt>
   <trkpt lat="51.0541653" lon="13.8074682">
    <ele>108</ele>
    <time>2026-08-04T18:59:50Z</time>
    <extensions>
     <gpxdata:hr>164</gpxdata:hr>
     <gpxdata:distance>8228.00</gpxdata:distance>
     <gpxdata:speed>9.194</gpxdata:speed>
    </extensions>
   </trkpt>
   <trkpt lat="51.0540908" lon="13.8075267">
    <ele>108</ele>
    <time>2026-08-04T18:59:51Z</time>
    <extensions>
     <gpxdata:hr>163</gpxdata:hr>
     <gpxdata:distance>8237.00</gpxdata:distance>
     <gpxdata:speed>9.236</gpxdata:speed>
    </extensions>
   </trkpt>
   <trkpt lat="51.0540169" lon="13.8075868">
    <ele>108</ele>
    <time>2026-08-04T18:59:52Z</time>
    <extensions>
     <gpxdata:hr>163</gpxdata:hr>
     <gpxdata:distance>8246.50</gpxdata:distance>
     <gpxdata:speed>9.231</gpxdata:speed>
    </extensions>
   </trkpt>
   <trkpt lat="51.0539436" lon="13.8076483">
    <ele>108</ele>
    <time>2026-08-04T18:59:53Z</time>
    <extensions>
     <gpxdata:hr>163</gpxdata:hr>
     <gpxdata:distance>8256.00</gpxdata:distance>
     <gpxdata:speed>9.233</gpxdata:speed>
    </extensions>
   </trkpt>
   <trkpt lat="51.0538720" lon="13.8077134">
    <ele>108</ele>
    <time>2026-08-04T18:59:54Z</time>
    <extensions>
     <gpxdata:hr>163</gpxdata:hr>
     <gpxdata:distance>8265.00</gpxdata:distance>
     <gpxdata:speed>9.228</gpxdata:speed>
    </extensions>
   </trkpt>
   <trkpt lat="51.0538020" lon="13.8077837">
    <ele>108</ele>
    <time>2026-08-04T18:59:55Z</time>
    <extensions>
     <gpxdata:hr>163</gpxdata:hr>
     <gpxdata:distance>8274.00</gpxdata:distance>
     <gpxdata:speed>9.217</gpxdata:speed>
    </extensions>
   </trkpt>
   <trkpt lat="51.0537326" lon="13.8078602">
    <ele>108</ele>
    <time>2026-08-04T18:59:56Z</time>
    <extensions>
     <gpxdata:hr>163</gpxdata:hr>
     <gpxdata:distance>8283.50</gpxdata:distance>
     <gpxdata:speed>9.231</gpxdata:speed>
    </extensions>
   </trkpt>
   <trkpt lat="51.0536633" lon="13.8079435">
    <ele>108</ele>
    <time>2026-08-04T18:59:57Z</time>
    <extensions>
     <gpxdata:hr>163</gpxdata:hr>
     <gpxdata:distance>8293.00</gpxdata:distance>
     <gpxdata:speed>9.311</gpxdata:speed>
    </extensions>
   </trkpt>
   <trkpt lat="51.0535938" lon="13.8080363">
    <ele>108</ele>
    <time>2026-08-04T18:59:58Z</time>
    <extensions>
     <gpxdata:hr>163</gpxdata:hr>
     <gpxdata:distance>8303.00</gpxdata:distance>
     <gpxdata:speed>9.453</gpxdata:speed>
    </extensions>
   </trkpt>
   <trkpt lat="51.0535233" lon="13.8081333">
    <ele>108</ele>
    <time>2026-08-04T18:59:59Z</time>
    <extensions>
     <gpxdata:hr>164</gpxdata:hr>
     <gpxdata:distance>8313.00</gpxdata:distance>
     <gpxdata:speed>9.700</gpxdata:speed>
    </extensions>
   </trkpt>
   <trkpt lat="51.0534498" lon="13.8082242">
    <ele>108</ele>
    <time>2026-08-04T19:00:00Z</time>
    <extensions>
     <gpxdata:hr>164</gpxdata:hr>
     <gpxdata:distance>8323.50</gpxdata:distance>
     <gpxdata:speed>10.017</gpxdata:speed>
    </extensions>
   </trkpt>
   <trkpt lat="51.0533729" lon="13.8083062">
    <ele>108</ele>
    <time>2026-08-04T19:00:01Z</time>
    <extensions>
     <gpxdata:hr>163</gpxdata:hr>
     <gpxdata:distance>8334.00</gpxdata:distance>
     <gpxdata:speed>10.192</gpxdata:speed>
    </extensions>
   </trkpt>
   <trkpt lat="51.0532933" lon="13.8083825">
    <ele>108</ele>
    <time>2026-08-04T19:00:02Z</time>
    <extensions>
     <gpxdata:hr>164</gpxdata:hr>
     <gpxdata:distance>8344.00</gpxdata:distance>
     <gpxdata:speed>10.256</gpxdata:speed>
    </extensions>
   </trkpt>
   <trkpt lat="51.0532119" lon="13.8084554">
    <ele>108</ele>
    <time>2026-08-04T19:00:03Z</time>
    <extensions>
     <gpxdata:hr>164</gpxdata:hr>
     <gpxdata:distance>8354.00</gpxdata:distance>
     <gpxdata:speed>10.314</gpxdata:speed>
    </extensions>
   </trkpt>
   <trkpt lat="51.0531298" lon="13.8085281">
    <ele>108</ele>
    <time>2026-08-04T19:00:04Z</time>
    <extensions>
     <gpxdata:hr>163</gpxdata:hr>
     <gpxdata:distance>8364.50</gpxdata:distance>
     <gpxdata:speed>10.375</gpxdata:speed>
    </extensions>
   </trkpt>
   <trkpt lat="51.0530482" lon="13.8086011">
    <ele>108</ele>
    <time>2026-08-04T19:00:05Z</time>
    <extensions>
     <gpxdata:hr>163</gpxdata:hr>
     <gpxdata:distance>8375.00</gpxdata:distance>
     <gpxdata:speed>10.439</gpxdata:speed>
    </extensions>
   </trkpt>
   <trkpt lat="51.0529680" lon="13.8086761">
    <ele>108</ele>
    <time>2026-08-04T19:00:06Z</time>
    <extensions>
     <gpxdata:hr>162</gpxdata:hr>
     <gpxdata:distance>8385.50</gpxdata:distance>
     <gpxdata:speed>10.406</gpxdata:speed>
    </extensions>
   </trkpt>
   <trkpt lat="51.0528908" lon="13.8087519">
    <ele>108</ele>
    <time>2026-08-04T19:00:07Z</time>
    <extensions>
     <gpxdata:hr>163</gpxdata:hr>
     <gpxdata:distance>8396.00</gpxdata:distance>
     <gpxdata:speed>10.350</gpxdata:speed>
    </extensions>
   </trkpt>
   <trkpt lat="51.0528180" lon="13.8088305">
    <ele>108</ele>
    <time>2026-08-04T19:00:08Z</time>
    <extensions>
     <gpxdata:hr>163</gpxdata:hr>
     <gpxdata:distance>8405.50</gpxdata:distance>
     <gpxdata:speed>10.139</gpxdata:speed>
    </extensions>
   </trkpt>
   <trkpt lat="51.0527480" lon="13.8089137">
    <ele>108</ele>
    <time>2026-08-04T19:00:09Z</time>
    <extensions>
     <gpxdata:hr>162</gpxdata:hr>
     <gpxdata:distance>8415.00</gpxdata:distance>
     <gpxdata:speed>9.944</gpxdata:speed>
    </extensions>
   </trkpt>
   <trkpt lat="51.0526794" lon="13.8089994">
    <ele>108</ele>
    <time>2026-08-04T19:00:10Z</time>
    <extensions>
     <gpxdata:hr>162</gpxdata:hr>
     <gpxdata:distance>8425.00</gpxdata:distance>
     <gpxdata:speed>9.878</gpxdata:speed>
    </extensions>
   </trkpt>
   <trkpt lat="51.0526114" lon="13.8090850">
    <ele>107</ele>
    <time>2026-08-04T19:00:11Z</time>
    <extensions>
     <gpxdata:hr>162</gpxdata:hr>
     <gpxdata:distance>8435.00</gpxdata:distance>
     <gpxdata:speed>9.828</gpxdata:speed>
    </extensions>
   </trkpt>
   <trkpt lat="51.0525437" lon="13.8091701">
    <ele>107</ele>
    <time>2026-08-04T19:00:12Z</time>
    <extensions>
     <gpxdata:hr>162</gpxdata:hr>
     <gpxdata:distance>8444.50</gpxdata:distance>
     <gpxdata:speed>9.758</gpxdata:speed>
    </extensions>
   </trkpt>
   <trkpt lat="51.0524757" lon="13.8092534">
    <ele>107</ele>
    <time>2026-08-04T19:00:13Z</time>
    <extensions>
     <gpxdata:hr>161</gpxdata:hr>
     <gpxdata:distance>8454.00</gpxdata:distance>
     <gpxdata:speed>9.694</gpxdata:speed>
    </extensions>
   </trkpt>
   <trkpt lat="51.0524077" lon="13.8093351">
    <ele>107</ele>
    <time>2026-08-04T19:00:14Z</time>
    <extensions>
     <gpxdata:hr>160</gpxdata:hr>
     <gpxdata:distance>8463.50</gpxdata:distance>
     <gpxdata:speed>9.586</gpxdata:speed>
    </extensions>
   </trkpt>
   <trkpt lat="51.0523399" lon="13.8094127">
    <ele>106</ele>
    <time>2026-08-04T19:00:15Z</time>
    <extensions>
     <gpxdata:hr>159</gpxdata:hr>
     <gpxdata:distance>8473.00</gpxdata:distance>
     <gpxdata:speed>9.514</gpxdata:speed>
    </extensions>
   </trkpt>
   <trkpt lat="51.0522719" lon="13.8094856">
    <ele>106</ele>
    <time>2026-08-04T19:00:16Z</time>
    <extensions>
     <gpxdata:hr>159</gpxdata:hr>
     <gpxdata:distance>8482.00</gpxdata:distance>
     <gpxdata:speed>9.317</gpxdata:speed>
    </extensions>
   </trkpt>
   <trkpt lat="51.0522036" lon="13.8095554">
    <ele>106</ele>
    <time>2026-08-04T19:00:17Z</time>
    <extensions>
     <gpxdata:hr>158</gpxdata:hr>
     <gpxdata:distance>8491.00</gpxdata:distance>
     <gpxdata:speed>9.175</gpxdata:speed>
    </extensions>
   </trkpt>
   <trkpt lat="51.0521354" lon="13.8096224">
    <ele>106</ele>
    <time>2026-08-04T19:00:18Z</time>
    <extensions>
     <gpxdata:hr>158</gpxdata:hr>
     <gpxdata:distance>8500.00</gpxdata:distance>
     <gpxdata:speed>9.094</gpxdata:speed>
    </extensions>
   </trkpt>
   <trkpt lat="51.0520695" lon="13.8096830">
    <ele>106</ele>
    <time>2026-08-04T19:00:19Z</time>
    <extensions>
     <gpxdata:hr>158</gpxdata:hr>
     <gpxdata:distance>8509.00</gpxdata:distance>
     <gpxdata:speed>8.972</gpxdata:speed>
    </extensions>
   </trkpt>
   <trkpt lat="51.0520065" lon="13.8097271">
    <ele>106</ele>
    <time>2026-08-04T19:00:20Z</time>
    <extensions>
     <gpxdata:hr>158</gpxdata:hr>
     <gpxdata:distance>8516.50</gpxdata:distance>
     <gpxdata:speed>8.522</gpxdata:speed>
    </extensions>
   </trkpt>
   <trkpt lat="51.0519455" lon="13.8097518">
    <ele>106</ele>
    <time>2026-08-04T19:00:21Z</time>
    <extensions>
     <gpxdata:hr>158</gpxdata:hr>
     <gpxdata:distance>8524.00</gpxdata:distance>
     <gpxdata:speed>7.789</gpxdata:speed>
    </extensions>
   </trkpt>
   <trkpt lat="51.0518871" lon="13.8097690">
    <ele>106</ele>
    <time>2026-08-04T19:00:22Z</time>
    <extensions>
     <gpxdata:hr>157</gpxdata:hr>
     <gpxdata:distance>8530.50</gpxdata:distance>
     <gpxdata:speed>7.253</gpxdata:speed>
    </extensions>
   </trkpt>
   <trkpt lat="51.0518323" lon="13.8097912">
    <ele>106</ele>
    <time>2026-08-04T19:00:23Z</time>
    <extensions>
     <gpxdata:hr>156</gpxdata:hr>
     <gpxdata:distance>8537.00</gpxdata:distance>
     <gpxdata:speed>6.833</gpxdata:speed>
    </extensions>
   </trkpt>
   <trkpt lat="51.0517807" lon="13.8098201">
    <ele>106</ele>
    <time>2026-08-04T19:00:24Z</time>
    <extensions>
     <gpxdata:hr>154</gpxdata:hr>
     <gpxdata:distance>8543.00</gpxdata:distance>
     <gpxdata:speed>6.525</gpxdata:speed>
    </extensions>
   </trkpt>
   <trkpt lat="51.0517315" lon="13.8098538">
    <ele>106</ele>
    <time>2026-08-04T19:00:25Z</time>
    <extensions>
     <gpxdata:hr>152</gpxdata:hr>
     <gpxdata:distance>8549.00</gpxdata:distance>
     <gpxdata:speed>6.297</gpxdata:speed>
    </extensions>
   </trkpt>
   <trkpt lat="51.0516838" lon="13.8098934">
    <ele>106</ele>
    <time>2026-08-04T19:00:26Z</time>
    <extensions>
     <gpxdata:hr>151</gpxdata:hr>
     <gpxdata:distance>8555.00</gpxdata:distance>
     <gpxdata:speed>6.119</gpxdata:speed>
    </extensions>
   </trkpt>
   <trkpt lat="51.0516367" lon="13.8099356">
    <ele>106</ele>
    <time>2026-08-04T19:00:27Z</time>
    <extensions>
     <gpxdata:hr>150</gpxdata:hr>
     <gpxdata:distance>8561.00</gpxdata:distance>
     <gpxdata:speed>6.089</gpxdata:speed>
    </extensions>
   </trkpt>
   <trkpt lat="51.0515898" lon="13.8099800">
    <ele>106</ele>
    <time>2026-08-04T19:00:28Z</time>
    <extensions>
     <gpxdata:hr>150</gpxdata:hr>
     <gpxdata:distance>8567.50</gpxdata:distance>
     <gpxdata:speed>6.067</gpxdata:speed>
    </extensions>
   </trkpt>
   <trkpt lat="51.0515434" lon="13.8100257">
    <ele>106</ele>
    <time>2026-08-04T19:00:29Z</time>
    <extensions>
     <gpxdata:hr>149</gpxdata:hr>
     <gpxdata:distance>8574.00</gpxdata:distance>
     <gpxdata:speed>6.086</gpxdata:speed>
    </extensions>
   </trkpt>
   <trkpt lat="51.0514977" lon="13.8100715">
    <ele>106</ele>
    <time>2026-08-04T19:00:30Z</time>
    <extensions>
     <gpxdata:hr>148</gpxdata:hr>
     <gpxdata:distance>8580.00</gpxdata:distance>
     <gpxdata:speed>6.061</gpxdata:speed>
    </extensions>
   </trkpt>
   <trkpt lat="51.0514523" lon="13.8101163">
    <ele>106</ele>
    <time>2026-08-04T19:00:31Z</time>
    <extensions>
     <gpxdata:hr>148</gpxdata:hr>
     <gpxdata:distance>8586.00</gpxdata:distance>
     <gpxdata:speed>6.006</gpxdata:speed>
    </extensions>
   </trkpt>
   <trkpt lat="51.0514193" lon="13.8101472">
    <ele>106</ele>
    <time>2026-08-04T19:00:32Z</time>
    <extensions>
     <gpxdata:hr>147</gpxdata:hr>
     <gpxdata:distance>8591.50</gpxdata:distance>
     <gpxdata:speed>5.967</gpxdata:speed>
    </extensions>
   </trkpt>
   <trkpt lat="51.0513771" lon="13.8101853">
    <ele>106</ele>
    <time>2026-08-04T19:00:33Z</time>
    <extensions>
     <gpxdata:hr>147</gpxdata:hr>
     <gpxdata:distance>8597.00</gpxdata:distance>
     <gpxdata:speed>5.922</gpxdata:speed>
    </extensions>
   </trkpt>
   <trkpt lat="51.0513319" lon="13.8102253">
    <ele>106</ele>
    <time>2026-08-04T19:00:34Z</time>
    <extensions>
     <gpxdata:hr>146</gpxdata:hr>
     <gpxdata:distance>8603.00</gpxdata:distance>
     <gpxdata:speed>5.894</gpxdata:speed>
    </extensions>
   </trkpt>
   <trkpt lat="51.0512864" lon="13.8102669">
    <ele>106</ele>
    <time>2026-08-04T19:00:35Z</time>
    <extensions>
     <gpxdata:hr>145</gpxdata:hr>
     <gpxdata:distance>8609.00</gpxdata:distance>
     <gpxdata:speed>5.881</gpxdata:speed>
    </extensions>
   </trkpt>
   <trkpt lat="51.0512408" lon="13.8103094">
    <ele>106</ele>
    <time>2026-08-04T19:00:36Z</time>
    <extensions>
     <gpxdata:hr>144</gpxdata:hr>
     <gpxdata:distance>8615.00</gpxdata:distance>
     <gpxdata:speed>5.875</gpxdata:speed>
    </extensions>
   </trkpt>
   <trkpt lat="51.0511954" lon="13.8103510">
    <ele>106</ele>
    <time>2026-08-04T19:00:37Z</time>
    <extensions>
     <gpxdata:hr>143</gpxdata:hr>
     <gpxdata:distance>8621.00</gpxdata:distance>
     <gpxdata:speed>5.886</gpxdata:speed>
    </extensions>
   </trkpt>
   <trkpt lat="51.0511509" lon="13.8103921">
    <ele>106</ele>
    <time>2026-08-04T19:00:38Z</time>
    <extensions>
     <gpxdata:hr>141</gpxdata:hr>
     <gpxdata:distance>8626.50</gpxdata:distance>
     <gpxdata:speed>5.856</gpxdata:speed>
    </extensions>
   </trkpt>
   <trkpt lat="51.0511073" lon="13.8104338">
    <ele>106</ele>
    <time>2026-08-04T19:00:39Z</time>
    <extensions>
     <gpxdata:hr>139</gpxdata:hr>
     <gpxdata:distance>8632.00</gpxdata:distance>
     <gpxdata:speed>5.789</gpxdata:speed>
    </extensions>
   </trkpt>
   <trkpt lat="51.0510635" lon="13.8104761">
    <ele>106</ele>
    <time>2026-08-04T19:00:40Z</time>
    <extensions>
     <gpxdata:hr>138</gpxdata:hr>
     <gpxdata:distance>8638.00</gpxdata:distance>
     <gpxdata:speed>5.733</gpxdata:speed>
    </extensions>
   </trkpt>
   <trkpt lat="51.0510191" lon="13.8105192">
    <ele>106</ele>
    <time>2026-08-04T19:00:41Z</time>
    <extensions>
     <gpxdata:hr>137</gpxdata:hr>
     <gpxdata:distance>8644.00</gpxdata:distance>
     <gpxdata:speed>5.736</gpxdata:speed>
    </extensions>
   </trkpt>
   <trkpt lat="51.0509743" lon="13.8105641">
    <ele>106</ele>
    <time>2026-08-04T19:00:42Z</time>
    <extensions>
     <gpxdata:hr>136</gpxdata:hr>
     <gpxdata:distance>8650.00</gpxdata:distance>
     <gpxdata:speed>5.764</gpxdata:speed>
    </extensions>
   </trkpt>
   <trkpt lat="51.0509287" lon="13.8106104">
    <ele>106</ele>
    <time>2026-08-04T19:00:43Z</time>
    <extensions>
     <gpxdata:hr>135</gpxdata:hr>
     <gpxdata:distance>8656.00</gpxdata:distance>
     <gpxdata:speed>5.828</gpxdata:speed>
    </extensions>
   </trkpt>
   <trkpt lat="51.0508824" lon="13.8106579">
    <ele>106</ele>
    <time>2026-08-04T19:00:44Z</time>
    <extensions>
     <gpxdata:hr>135</gpxdata:hr>
     <gpxdata:distance>8662.00</gpxdata:distance>
     <gpxdata:speed>5.917</gpxdata:speed>
    </extensions>
   </trkpt>
   <trkpt lat="51.0508200" lon="13.8107244">
    <ele>106</ele>
    <time>2026-08-04T19:00:45Z</time>
    <extensions>
     <gpxdata:hr>135</gpxdata:hr>
     <gpxdata:distance>8668.00</gpxdata:distance>
     <gpxdata:speed>6.006</gpxdata:speed>
    </extensions>
   </trkpt>
   <trkpt lat="51.0507698" lon="13.8107787">
    <ele>106</ele>
    <time>2026-08-04T19:00:46Z</time>
    <extensions>
     <gpxdata:hr>135</gpxdata:hr>
     <gpxdata:distance>8674.50</gpxdata:distance>
     <gpxdata:speed>6.119</gpxdata:speed>
    </extensions>
   </trkpt>
   <trkpt lat="51.0507201" lon="13.8108317">
    <ele>106</ele>
    <time>2026-08-04T19:00:47Z</time>
    <extensions>
     <gpxdata:hr>134</gpxdata:hr>
     <gpxdata:distance>8681.00</gpxdata:distance>
     <gpxdata:speed>6.269</gpxdata:speed>
    </extensions>
   </trkpt>
   <trkpt lat="51.0506702" lon="13.8108847">
    <ele>106</ele>
    <time>2026-08-04T19:00:48Z</time>
    <extensions>
     <gpxdata:hr>135</gpxdata:hr>
     <gpxdata:distance>8687.50</gpxdata:distance>
     <gpxdata:speed>6.539</gpxdata:speed>
    </extensions>
   </trkpt>
   <trkpt lat="51.0506203" lon="13.8109377">
    <ele>106</ele>
    <time>2026-08-04T19:00:49Z</time>
    <extensions>
     <gpxdata:hr>135</gpxdata:hr>
     <gpxdata:distance>8694.00</gpxdata:distance>
     <gpxdata:speed>6.617</gpxdata:speed>
    </extensions>
   </trkpt>
   <trkpt lat="51.0505705" lon="13.8109908">
    <ele>106</ele>
    <time>2026-08-04T19:00:50Z</time>
    <extensions>
     <gpxdata:hr>135</gpxdata:hr>
     <gpxdata:distance>8701.00</gpxdata:distance>
     <gpxdata:speed>6.639</gpxdata:speed>
    </extensions>
   </trkpt>
   <trkpt lat="51.0505206" lon="13.8110441">
    <ele>106</ele>
    <time>2026-08-04T19:00:51Z</time>
    <extensions>
     <gpxdata:hr>135</gpxdata:hr>
     <gpxdata:distance>8708.00</gpxdata:distance>
     <gpxdata:speed>6.650</gpxdata:speed>
    </extensions>
   </trkpt>
   <trkpt lat="51.0504714" lon="13.8110986">
    <ele>106</ele>
    <time>2026-08-04T19:00:52Z</time>
    <extensions>
     <gpxdata:hr>134</gpxdata:hr>
     <gpxdata:distance>8714.50</gpxdata:distance>
     <gpxdata:speed>6.681</gpxdata:speed>
    </extensions>
   </trkpt>
   <trkpt lat="51.0504219" lon="13.8111521">
    <ele>106</ele>
    <time>2026-08-04T19:00:53Z</time>
    <extensions>
     <gpxdata:hr>135</gpxdata:hr>
     <gpxdata:distance>8721.00</gpxdata:distance>
     <gpxdata:speed>6.678</gpxdata:speed>
    </extensions>
   </trkpt>
   <trkpt lat="51.0503705" lon="13.8112000">
    <ele>107</ele>
    <time>2026-08-04T19:00:54Z</time>
    <extensions>
     <gpxdata:hr>135</gpxdata:hr>
     <gpxdata:distance>8727.50</gpxdata:distance>
     <gpxdata:speed>6.661</gpxdata:speed>
    </extensions>
   </trkpt>
   <trkpt lat="51.0503173" lon="13.8112437">
    <ele>107</ele>
    <time>2026-08-04T19:00:55Z</time>
    <extensions>
     <gpxdata:hr>135</gpxdata:hr>
     <gpxdata:distance>8734.00</gpxdata:distance>
     <gpxdata:speed>6.658</gpxdata:speed>
    </extensions>
   </trkpt>
   <trkpt lat="51.0502636" lon="13.8112874">
    <ele>107</ele>
    <time>2026-08-04T19:00:56Z</time>
    <extensions>
     <gpxdata:hr>134</gpxdata:hr>
     <gpxdata:distance>8741.00</gpxdata:distance>
     <gpxdata:speed>6.678</gpxdata:speed>
    </extensions>
   </trkpt>
   <trkpt lat="51.0502103" lon="13.8113323">
    <ele>107</ele>
    <time>2026-08-04T19:00:57Z</time>
    <extensions>
     <gpxdata:hr>134</gpxdata:hr>
     <gpxdata:distance>8748.00</gpxdata:distance>
     <gpxdata:speed>6.694</gpxdata:speed>
    </extensions>
   </trkpt>
   <trkpt lat="51.0501571" lon="13.8113784">
    <ele>107</ele>
    <time>2026-08-04T19:00:58Z</time>
    <extensions>
     <gpxdata:hr>134</gpxdata:hr>
     <gpxdata:distance>8754.50</gpxdata:distance>
     <gpxdata:speed>6.703</gpxdata:speed>
    </extensions>
   </trkpt>
   <trkpt lat="51.0501040" lon="13.8114255">
    <ele>107</ele>
    <time>2026-08-04T19:00:59Z</time>
    <extensions>
     <gpxdata:hr>134</gpxdata:hr>
     <gpxdata:distance>8761.00</gpxdata:distance>
     <gpxdata:speed>6.717</gpxdata:speed>
    </extensions>
   </trkpt>
   <trkpt lat="51.0500505" lon="13.8114721">
    <ele>107</ele>
    <time>2026-08-04T19:01:00Z</time>
    <extensions>
     <gpxdata:hr>133</gpxdata:hr>
     <gpxdata:distance>8768.00</gpxdata:distance>
     <gpxdata:speed>6.736</gpxdata:speed>
    </extensions>
   </trkpt>
   <trkpt lat="51.0499967" lon="13.8115187">
    <ele>107</ele>
    <time>2026-08-04T19:01:01Z</time>
    <extensions>
     <gpxdata:hr>132</gpxdata:hr>
     <gpxdata:distance>8775.00</gpxdata:distance>
     <gpxdata:speed>6.753</gpxdata:speed>
    </extensions>
   </trkpt>
   <trkpt lat="51.0499425" lon="13.8115661">
    <ele>107</ele>
    <time>2026-08-04T19:01:02Z</time>
    <extensions>
     <gpxdata:hr>130</gpxdata:hr>
     <gpxdata:distance>8782.00</gpxdata:distance>
     <gpxdata:speed>6.778</gpxdata:speed>
    </extensions>
   </trkpt>
   <trkpt lat="51.0498878" lon="13.8116136">
    <ele>107</ele>
    <time>2026-08-04T19:01:03Z</time>
    <extensions>
     <gpxdata:hr>129</gpxdata:hr>
     <gpxdata:distance>8789.00</gpxdata:distance>
     <gpxdata:speed>6.817</gpxdata:speed>
    </extensions>
   </trkpt>
   <trkpt lat="51.0498333" lon="13.8116620">
    <ele>107</ele>
    <time>2026-08-04T19:01:04Z</time>
    <extensions>
     <gpxdata:hr>130</gpxdata:hr>
     <gpxdata:distance>8796.00</gpxdata:distance>
     <gpxdata:speed>6.858</gpxdata:speed>
    </extensions>
   </trkpt>
   <trkpt lat="51.0497789" lon="13.8117120">
    <ele>107</ele>
    <time>2026-08-04T19:01:05Z</time>
    <extensions>
     <gpxdata:hr>130</gpxdata:hr>
     <gpxdata:distance>8803.00</gpxdata:distance>
     <gpxdata:speed>6.886</gpxdata:speed>
    </extensions>
   </trkpt>
   <trkpt lat="51.0497237" lon="13.8117619">
    <ele>107</ele>
    <time>2026-08-04T19:01:06Z</time>
    <extensions>
     <gpxdata:hr>130</gpxdata:hr>
     <gpxdata:distance>8810.00</gpxdata:distance>
     <gpxdata:speed>6.928</gpxdata:speed>
    </extensions>
   </trkpt>
   <trkpt lat="51.0496678" lon="13.8118113">
    <ele>107</ele>
    <time>2026-08-04T19:01:07Z</time>
    <extensions>
     <gpxdata:hr>130</gpxdata:hr>
     <gpxdata:distance>8817.00</gpxdata:distance>
     <gpxdata:speed>6.978</gpxdata:speed>
    </extensions>
   </trkpt>
   <trkpt lat="51.0496115" lon="13.8118605">
    <ele>107</ele>
    <time>2026-08-04T19:01:08Z</time>
    <extensions>
     <gpxdata:hr>130</gpxdata:hr>
     <gpxdata:distance>8824.00</gpxdata:distance>
     <gpxdata:speed>7.031</gpxdata:speed>
    </extensions>
   </trkpt>
   <trkpt lat="51.0495545" lon="13.8119103">
    <ele>107</ele>
    <time>2026-08-04T19:01:09Z</time>
    <extensions>
     <gpxdata:hr>130</gpxdata:hr>
     <gpxdata:distance>8831.00</gpxdata:distance>
     <gpxdata:speed>7.069</gpxdata:speed>
    </extensions>
   </trkpt>
   <trkpt lat="51.0494972" lon="13.8119602">
    <ele>107</ele>
    <time>2026-08-04T19:01:10Z</time>
    <extensions>
     <gpxdata:hr>130</gpxdata:hr>
     <gpxdata:distance>8838.50</gpxdata:distance>
     <gpxdata:speed>7.136</gpxdata:speed>
    </extensions>
   </trkpt>
   <trkpt lat="51.0494394" lon="13.8120112">
    <ele>107</ele>
    <time>2026-08-04T19:01:11Z</time>
    <extensions>
     <gpxdata:hr>130</gpxdata:hr>
     <gpxdata:distance>8846.00</gpxdata:distance>
     <gpxdata:speed>7.183</gpxdata:speed>
    </extensions>
   </trkpt>
   <trkpt lat="51.0493806" lon="13.8120653">
    <ele>107</ele>
    <time>2026-08-04T19:01:12Z</time>
    <extensions>
     <gpxdata:hr>131</gpxdata:hr>
     <gpxdata:distance>8853.50</gpxdata:distance>
     <gpxdata:speed>7.253</gpxdata:speed>
    </extensions>
   </trkpt>
   <trkpt lat="51.0493213" lon="13.8121206">
    <ele>107</ele>
    <time>2026-08-04T19:01:13Z</time>
    <extensions>
     <gpxdata:hr>131</gpxdata:hr>
     <gpxdata:distance>8861.00</gpxdata:distance>
     <gpxdata:speed>7.375</gpxdata:speed>
    </extensions>
   </trkpt>
   <trkpt lat="51.0492617" lon="13.8121763">
    <ele>107</ele>
    <time>2026-08-04T19:01:14Z</time>
    <extensions>
     <gpxdata:hr>130</gpxdata:hr>
     <gpxdata:distance>8868.50</gpxdata:distance>
     <gpxdata:speed>7.472</gpxdata:speed>
    </extensions>
   </trkpt>
   <trkpt lat="51.0492021" lon="13.8122319">
    <ele>107</ele>
    <time>2026-08-04T19:01:15Z</time>
    <extensions>
     <gpxdata:hr>131</gpxdata:hr>
     <gpxdata:distance>8876.00</gpxdata:distance>
     <gpxdata:speed>7.558</gpxdata:speed>
    </extensions>
   </trkpt>
   <trkpt lat="51.0491432" lon="13.8122855">
    <ele>107</ele>
    <time>2026-08-04T19:01:16Z</time>
    <extensions>
     <gpxdata:hr>131</gpxdata:hr>
     <gpxdata:distance>8883.50</gpxdata:distance>
     <gpxdata:speed>7.603</gpxdata:speed>
    </extensions>
   </trkpt>
   <trkpt lat="51.0490848" lon="13.8123369">
    <ele>107</ele>
    <time>2026-08-04T19:01:17Z</time>
    <extensions>
     <gpxdata:hr>131</gpxdata:hr>
     <gpxdata:distance>8891.00</gpxdata:distance>
     <gpxdata:speed>7.575</gpxdata:speed>
    </extensions>
   </trkpt>
   <trkpt lat="51.0490266" lon="13.8123859">
    <ele>107</ele>
    <time>2026-08-04T19:01:18Z</time>
    <extensions>
     <gpxdata:hr>130</gpxdata:hr>
     <gpxdata:distance>8898.50</gpxdata:distance>
     <gpxdata:speed>7.522</gpxdata:speed>
    </extensions>
   </trkpt>
   <trkpt lat="51.0489681" lon="13.8124337">
    <ele>107</ele>
    <time>2026-08-04T19:01:19Z</time>
    <extensions>
     <gpxdata:hr>131</gpxdata:hr>
     <gpxdata:distance>8906.00</gpxdata:distance>
     <gpxdata:speed>7.461</gpxdata:speed>
    </extensions>
   </trkpt>
   <trkpt lat="51.0489084" lon="13.8124802">
    <ele>107</ele>
    <time>2026-08-04T19:01:20Z</time>
    <extensions>
     <gpxdata:hr>133</gpxdata:hr>
     <gpxdata:distance>8913.50</gpxdata:distance>
     <gpxdata:speed>7.422</gpxdata:speed>
    </extensions>
   </trkpt>
   <trkpt lat="51.0488469" lon="13.8125247">
    <ele>107</ele>
    <time>2026-08-04T19:01:21Z</time>
    <extensions>
     <gpxdata:hr>133</gpxdata:hr>
     <gpxdata:distance>8921.00</gpxdata:distance>
     <gpxdata:speed>7.431</gpxdata:speed>
    </extensions>
   </trkpt>
   <trkpt lat="51.0487843" lon="13.8125684">
    <ele>107</ele>
    <time>2026-08-04T19:01:22Z</time>
    <extensions>
     <gpxdata:hr>134</gpxdata:hr>
     <gpxdata:distance>8928.50</gpxdata:distance>
     <gpxdata:speed>7.472</gpxdata:speed>
    </extensions>
   </trkpt>
   <trkpt lat="51.0487214" lon="13.8126132">
    <ele>107</ele>
    <time>2026-08-04T19:01:23Z</time>
    <extensions>
     <gpxdata:hr>134</gpxdata:hr>
     <gpxdata:distance>8936.00</gpxdata:distance>
     <gpxdata:speed>7.522</gpxdata:speed>
    </extensions>
   </trkpt>
   <trkpt lat="51.0486591" lon="13.8126595">
    <ele>107</ele>
    <time>2026-08-04T19:01:24Z</time>
    <extensions>
     <gpxdata:hr>134</gpxdata:hr>
     <gpxdata:distance>8943.50</gpxdata:distance>
     <gpxdata:speed>7.569</gpxdata:speed>
    </extensions>
   </trkpt>
   <trkpt lat="51.0485973" lon="13.8127068">
    <ele>107</ele>
    <time>2026-08-04T19:01:25Z</time>
    <extensions>
     <gpxdata:hr>134</gpxdata:hr>
     <gpxdata:distance>8951.00</gpxdata:distance>
     <gpxdata:speed>7.592</gpxdata:speed>
    </extensions>
   </trkpt>
   <trkpt lat="51.0485359" lon="13.8127552">
    <ele>107</ele>
    <time>2026-08-04T19:01:26Z</time>
    <extensions>
     <gpxdata:hr>134</gpxdata:hr>
     <gpxdata:distance>8959.00</gpxdata:distance>
     <gpxdata:speed>7.606</gpxdata:speed>
    </extensions>
   </trkpt>
   <trkpt lat="51.0484742" lon="13.8128043">
    <ele>107</ele>
    <time>2026-08-04T19:01:27Z</time>
    <extensions>
     <gpxdata:hr>134</gpxdata:hr>
     <gpxdata:distance>8967.00</gpxdata:distance>
     <gpxdata:speed>7.614</gpxdata:speed>
    </extensions>
   </trkpt>
   <trkpt lat="51.0484122" lon="13.8128547">
    <ele>107</ele>
    <time>2026-08-04T19:01:28Z</time>
    <extensions>
     <gpxdata:hr>134</gpxdata:hr>
     <gpxdata:distance>8974.50</gpxdata:distance>
     <gpxdata:speed>7.644</gpxdata:speed>
    </extensions>
   </trkpt>
   <trkpt lat="51.0483506" lon="13.8129065">
    <ele>107</ele>
    <time>2026-08-04T19:01:29Z</time>
    <extensions>
     <gpxdata:hr>133</gpxdata:hr>
     <gpxdata:distance>8982.00</gpxdata:distance>
     <gpxdata:speed>7.689</gpxdata:speed>
    </extensions>
   </trkpt>
   <trkpt lat="51.0482894" lon="13.8129593">
    <ele>107</ele>
    <time>2026-08-04T19:01:30Z</time>
    <extensions>
     <gpxdata:hr>132</gpxdata:hr>
     <gpxdata:distance>8990.00</gpxdata:distance>
     <gpxdata:speed>7.714</gpxdata:speed>
    </extensions>
   </trkpt>
   <trkpt lat="51.0482281" lon="13.8130120">
    <ele>107</ele>
    <time>2026-08-04T19:01:31Z</time>
    <extensions>
     <gpxdata:hr>131</gpxdata:hr>
     <gpxdata:distance>8998.00</gpxdata:distance>
     <gpxdata:speed>7.728</gpxdata:speed>
    </extensions>
   </trkpt>
   <trkpt lat="51.0481664" lon="13.8130632">
    <ele>107</ele>
    <time>2026-08-04T19:01:32Z</time>
    <extensions>
     <gpxdata:hr>132</gpxdata:hr>
     <gpxdata:distance>9005.50</gpxdata:distance>
     <gpxdata:speed>7.739</gpxdata:speed>
    </extensions>
   </trkpt>
   <trkpt lat="51.0481039" lon="13.8131126">
    <ele>107</ele>
    <time>2026-08-04T19:01:33Z</time>
    <extensions>
     <gpxdata:hr>132</gpxdata:hr>
     <gpxdata:distance>9013.00</gpxdata:distance>
     <gpxdata:speed>7.744</gpxdata:speed>
    </extensions>
   </trkpt>
   <trkpt lat="51.0480402" lon="13.8131603">
    <ele>107</ele>
    <time>2026-08-04T19:01:34Z</time>
    <extensions>
     <gpxdata:hr>132</gpxdata:hr>
     <gpxdata:distance>9021.00</gpxdata:distance>
     <gpxdata:speed>7.756</gpxdata:speed>
    </extensions>
   </trkpt>
   <trkpt lat="51.0479761" lon="13.8132088">
    <ele>107</ele>
    <time>2026-08-04T19:01:35Z</time>
    <extensions>
     <gpxdata:hr>133</gpxdata:hr>
     <gpxdata:distance>9029.00</gpxdata:distance>
     <gpxdata:speed>7.789</gpxdata:speed>
    </extensions>
   </trkpt>
   <trkpt lat="51.0479119" lon="13.8132593">
    <ele>107</ele>
    <time>2026-08-04T19:01:36Z</time>
    <extensions>
     <gpxdata:hr>133</gpxdata:hr>
     <gpxdata:distance>9037.00</gpxdata:distance>
     <gpxdata:speed>7.836</gpxdata:speed>
    </extensions>
   </trkpt>
   <trkpt lat="51.0478478" lon="13.8133119">
    <ele>107</ele>
    <time>2026-08-04T19:01:37Z</time>
    <extensions>
     <gpxdata:hr>133</gpxdata:hr>
     <gpxdata:distance>9045.00</gpxdata:distance>
     <gpxdata:speed>7.883</gpxdata:speed>
    </extensions>
   </trkpt>
   <trkpt lat="51.0477841" lon="13.8133663">
    <ele>107</ele>
    <time>2026-08-04T19:01:38Z</time>
    <extensions>
     <gpxdata:hr>132</gpxdata:hr>
     <gpxdata:distance>9053.00</gpxdata:distance>
     <gpxdata:speed>7.936</gpxdata:speed>
    </extensions>
   </trkpt>
   <trkpt lat="51.0477207" lon="13.8134219">
    <ele>107</ele>
    <time>2026-08-04T19:01:39Z</time>
    <extensions>
     <gpxdata:hr>132</gpxdata:hr>
     <gpxdata:distance>9061.00</gpxdata:distance>
     <gpxdata:speed>7.975</gpxdata:speed>
    </extensions>
   </trkpt>
   <trkpt lat="51.0476578" lon="13.8134785">
    <ele>107</ele>
    <time>2026-08-04T19:01:40Z</time>
    <extensions>
     <gpxdata:hr>131</gpxdata:hr>
     <gpxdata:distance>9069.00</gpxdata:distance>
     <gpxdata:speed>8.003</gpxdata:speed>
    </extensions>
   </trkpt>
   <trkpt lat="51.0475940" lon="13.8135364">
    <ele>107</ele>
    <time>2026-08-04T19:01:41Z</time>
    <extensions>
     <gpxdata:hr>131</gpxdata:hr>
     <gpxdata:distance>9077.00</gpxdata:distance>
     <gpxdata:speed>8.014</gpxdata:speed>
    </extensions>
   </trkpt>
   <trkpt lat="51.0475284" lon="13.8135964">
    <ele>107</ele>
    <time>2026-08-04T19:01:42Z</time>
    <extensions>
     <gpxdata:hr>131</gpxdata:hr>
     <gpxdata:distance>9085.50</gpxdata:distance>
     <gpxdata:speed>8.083</gpxdata:speed>
    </extensions>
   </trkpt>
   <trkpt lat="51.0474617" lon="13.8136582">
    <ele>107</ele>
    <time>2026-08-04T19:01:43Z</time>
    <extensions>
     <gpxdata:hr>131</gpxdata:hr>
     <gpxdata:distance>9094.00</gpxdata:distance>
     <gpxdata:speed>8.222</gpxdata:speed>
    </extensions>
   </trkpt>
   <trkpt lat="51.0473946" lon="13.8137222">
    <ele>107</ele>
    <time>2026-08-04T19:01:44Z</time>
    <extensions>
     <gpxdata:hr>131</gpxdata:hr>
     <gpxdata:distance>9102.50</gpxdata:distance>
     <gpxdata:speed>8.358</gpxdata:speed>
    </extensions>
   </trkpt>
   <trkpt lat="51.0473273" lon="13.8137882">
    <ele>107</ele>
    <time>2026-08-04T19:01:45Z</time>
    <extensions>
     <gpxdata:hr>131</gpxdata:hr>
     <gpxdata:distance>9111.00</gpxdata:distance>
     <gpxdata:speed>8.561</gpxdata:speed>
    </extensions>
   </trkpt>
   <trkpt lat="51.0472608" lon="13.8138564">
    <ele>107</ele>
    <time>2026-08-04T19:01:46Z</time>
    <extensions>
     <gpxdata:hr>131</gpxdata:hr>
     <gpxdata:distance>9120.00</gpxdata:distance>
     <gpxdata:speed>8.708</gpxdata:speed>
    </extensions>
   </trkpt>
   <trkpt lat="51.0471936" lon="13.8139235">
    <ele>107</ele>
    <time>2026-08-04T19:01:47Z</time>
    <extensions>
     <gpxdata:hr>131</gpxdata:hr>
     <gpxdata:distance>9129.00</gpxdata:distance>
     <gpxdata:speed>8.756</gpxdata:speed>
    </extensions>
   </trkpt>
   <trkpt lat="51.0471245" lon="13.8139851">
    <ele>107</ele>
    <time>2026-08-04T19:01:48Z</time>
    <extensions>
     <gpxdata:hr>132</gpxdata:hr>
     <gpxdata:distance>9138.00</gpxdata:distance>
     <gpxdata:speed>8.800</gpxdata:speed>
    </extensions>
   </trkpt>
   <trkpt lat="51.0470537" lon="13.8140415">
    <ele>107</ele>
    <time>2026-08-04T19:01:49Z</time>
    <extensions>
     <gpxdata:hr>133</gpxdata:hr>
     <gpxdata:distance>9147.00</gpxdata:distance>
     <gpxdata:speed>8.806</gpxdata:speed>
    </extensions>
   </trkpt>
   <trkpt lat="51.0469821" lon="13.8140967">
    <ele>107</ele>
    <time>2026-08-04T19:01:50Z</time>
    <extensions>
     <gpxdata:hr>133</gpxdata:hr>
     <gpxdata:distance>9155.50</gpxdata:distance>
     <gpxdata:speed>8.819</gpxdata:speed>
    </extensions>
   </trkpt>
   <trkpt lat="51.0469105" lon="13.8141533">
    <ele>107</ele>
    <time>2026-08-04T19:01:51Z</time>
    <extensions>
     <gpxdata:hr>133</gpxdata:hr>
     <gpxdata:distance>9164.00</gpxdata:distance>
     <gpxdata:speed>8.853</gpxdata:speed>
    </extensions>
   </trkpt>
   <trkpt lat="51.0468396" lon="13.8142116">
    <ele>107</ele>
    <time>2026-08-04T19:01:52Z</time>
    <extensions>
     <gpxdata:hr>134</gpxdata:hr>
     <gpxdata:distance>9173.00</gpxdata:distance>
     <gpxdata:speed>8.897</gpxdata:speed>
    </extensions>
   </trkpt>
   <trkpt lat="51.0467698" lon="13.8142710">
    <ele>107</ele>
    <time>2026-08-04T19:01:53Z</time>
    <extensions>
     <gpxdata:hr>134</gpxdata:hr>
     <gpxdata:distance>9182.00</gpxdata:distance>
     <gpxdata:speed>8.872</gpxdata:speed>
    </extensions>
   </trkpt>
   <trkpt lat="51.0467011" lon="13.8143302">
    <ele>107</ele>
    <time>2026-08-04T19:01:54Z</time>
    <extensions>
     <gpxdata:hr>135</gpxdata:hr>
     <gpxdata:distance>9190.50</gpxdata:distance>
     <gpxdata:speed>8.836</gpxdata:speed>
    </extensions>
   </trkpt>
   <trkpt lat="51.0466337" lon="13.8143872">
    <ele>107</ele>
    <time>2026-08-04T19:01:55Z</time>
    <extensions>
     <gpxdata:hr>135</gpxdata:hr>
     <gpxdata:distance>9199.00</gpxdata:distance>
     <gpxdata:speed>8.775</gpxdata:speed>
    </extensions>
   </trkpt>
   <trkpt lat="51.0465689" lon="13.8144400">
    <ele>107</ele>
    <time>2026-08-04T19:01:56Z</time>
    <extensions>
     <gpxdata:hr>135</gpxdata:hr>
     <gpxdata:distance>9207.00</gpxdata:distance>
     <gpxdata:speed>8.664</gpxdata:speed>
    </extensions>
   </trkpt>
   <trkpt lat="51.0465090" lon="13.8144888">
    <ele>107</ele>
    <time>2026-08-04T19:01:57Z</time>
    <extensions>
     <gpxdata:hr>135</gpxdata:hr>
     <gpxdata:distance>9215.00</gpxdata:distance>
     <gpxdata:speed>8.178</gpxdata:speed>
    </extensions>
   </trkpt>
   <trkpt lat="51.0464570" lon="13.8145295">
    <ele>107</ele>
    <time>2026-08-04T19:01:58Z</time>
    <extensions>
     <gpxdata:hr>135</gpxdata:hr>
     <gpxdata:distance>9221.50</gpxdata:distance>
     <gpxdata:speed>7.611</gpxdata:speed>
    </extensions>
   </trkpt>
   <trkpt lat="51.0464132" lon="13.8145611">
    <ele>107</ele>
    <time>2026-08-04T19:01:59Z</time>
    <extensions>
     <gpxdata:hr>134</gpxdata:hr>
     <gpxdata:distance>9228.00</gpxdata:distance>
     <gpxdata:speed>6.597</gpxdata:speed>
    </extensions>
   </trkpt>
   <trkpt lat="51.0463750" lon="13.8145847">
    <ele>107</ele>
    <time>2026-08-04T19:02:00Z</time>
    <extensions>
     <gpxdata:hr>133</gpxdata:hr>
     <gpxdata:distance>9232.50</gpxdata:distance>
     <gpxdata:speed>6.189</gpxdata:speed>
    </extensions>
   </trkpt>
   <trkpt lat="51.0463482" lon="13.8145998">
    <ele>107</ele>
    <time>2026-08-04T19:02:01Z</time>
    <extensions>
     <gpxdata:hr>134</gpxdata:hr>
     <gpxdata:distance>9237.00</gpxdata:distance>
     <gpxdata:speed>5.583</gpxdata:speed>
    </extensions>
   </trkpt>
   <trkpt lat="51.0463112" lon="13.8146220">
    <ele>107</ele>
    <time>2026-08-04T19:02:02Z</time>
    <extensions>
     <gpxdata:hr>133</gpxdata:hr>
     <gpxdata:distance>9242.00</gpxdata:distance>
     <gpxdata:speed>5.342</gpxdata:speed>
    </extensions>
   </trkpt>
   <trkpt lat="51.0462661" lon="13.8146511">
    <ele>107</ele>
    <time>2026-08-04T19:02:03Z</time>
    <extensions>
     <gpxdata:hr>130</gpxdata:hr>
     <gpxdata:distance>9247.00</gpxdata:distance>
     <gpxdata:speed>5.136</gpxdata:speed>
    </extensions>
   </trkpt>
   <trkpt lat="51.0462126" lon="13.8146874">
    <ele>106</ele>
    <time>2026-08-04T19:02:04Z</time>
    <extensions>
     <gpxdata:hr>129</gpxdata:hr>
     <gpxdata:distance>9254.00</gpxdata:distance>
     <gpxdata:speed>5.756</gpxdata:speed>
    </extensions>
   </trkpt>
   <trkpt lat="51.0461297" lon="13.8147457">
    <ele>106</ele>
    <time>2026-08-04T19:02:05Z</time>
    <extensions>
     <gpxdata:hr>129</gpxdata:hr>
     <gpxdata:distance>9261.00</gpxdata:distance>
     <gpxdata:speed>6.256</gpxdata:speed>
    </extensions>
   </trkpt>
   <trkpt lat="51.0460548" lon="13.8148002">
    <ele>106</ele>
    <time>2026-08-04T19:02:06Z</time>
    <extensions>
     <gpxdata:hr>128</gpxdata:hr>
     <gpxdata:distance>9270.00</gpxdata:distance>
     <gpxdata:speed>6.256</gpxdata:speed>
    </extensions>
   </trkpt>
   <trkpt lat="51.0459756" lon="13.8148590">
    <ele>106</ele>
    <time>2026-08-04T19:02:07Z</time>
    <extensions>
     <gpxdata:hr>127</gpxdata:hr>
     <gpxdata:distance>9279.00</gpxdata:distance>
     <gpxdata:speed>8.656</gpxdata:speed>
    </extensions>
   </trkpt>
   <trkpt lat="51.0458915" lon="13.8149199">
    <ele>107</ele>
    <time>2026-08-04T19:02:08Z</time>
    <extensions>
     <gpxdata:hr>127</gpxdata:hr>
     <gpxdata:distance>9289.50</gpxdata:distance>
     <gpxdata:speed>9.242</gpxdata:speed>
    </extensions>
   </trkpt>
   <trkpt lat="51.0458037" lon="13.8149808">
    <ele>107</ele>
    <time>2026-08-04T19:02:09Z</time>
    <extensions>
     <gpxdata:hr>127</gpxdata:hr>
     <gpxdata:distance>9300.00</gpxdata:distance>
     <gpxdata:speed>9.892</gpxdata:speed>
    </extensions>
   </trkpt>
   <trkpt lat="51.0457138" lon="13.8150398">
    <ele>107</ele>
    <time>2026-08-04T19:02:10Z</time>
    <extensions>
     <gpxdata:hr>129</gpxdata:hr>
     <gpxdata:distance>9311.00</gpxdata:distance>
     <gpxdata:speed>10.211</gpxdata:speed>
    </extensions>
   </trkpt>
   <trkpt lat="51.0456233" lon="13.8150977">
    <ele>108</ele>
    <time>2026-08-04T19:02:11Z</time>
    <extensions>
     <gpxdata:hr>132</gpxdata:hr>
     <gpxdata:distance>9322.00</gpxdata:distance>
     <gpxdata:speed>10.383</gpxdata:speed>
    </extensions>
   </trkpt>
   <trkpt lat="51.0455330" lon="13.8151547">
    <ele>108</ele>
    <time>2026-08-04T19:02:12Z</time>
    <extensions>
     <gpxdata:hr>136</gpxdata:hr>
     <gpxdata:distance>9332.50</gpxdata:distance>
     <gpxdata:speed>10.661</gpxdata:speed>
    </extensions>
   </trkpt>
   <trkpt lat="51.0454434" lon="13.8152113">
    <ele>108</ele>
    <time>2026-08-04T19:02:13Z</time>
    <extensions>
     <gpxdata:hr>141</gpxdata:hr>
     <gpxdata:distance>9343.00</gpxdata:distance>
     <gpxdata:speed>10.644</gpxdata:speed>
    </extensions>
   </trkpt>
   <trkpt lat="51.0453542" lon="13.8152682">
    <ele>108</ele>
    <time>2026-08-04T19:02:14Z</time>
    <extensions>
     <gpxdata:hr>147</gpxdata:hr>
     <gpxdata:distance>9353.50</gpxdata:distance>
     <gpxdata:speed>10.656</gpxdata:speed>
    </extensions>
   </trkpt>
   <trkpt lat="51.0452647" lon="13.8153225">
    <ele>108</ele>
    <time>2026-08-04T19:02:15Z</time>
    <extensions>
     <gpxdata:hr>150</gpxdata:hr>
     <gpxdata:distance>9364.00</gpxdata:distance>
     <gpxdata:speed>10.675</gpxdata:speed>
    </extensions>
   </trkpt>
   <trkpt lat="51.0451732" lon="13.8153736">
    <ele>108</ele>
    <time>2026-08-04T19:02:16Z</time>
    <extensions>
     <gpxdata:hr>152</gpxdata:hr>
     <gpxdata:distance>9375.00</gpxdata:distance>
     <gpxdata:speed>10.661</gpxdata:speed>
    </extensions>
   </trkpt>
   <trkpt lat="51.0450790" lon="13.8154226">
    <ele>108</ele>
    <time>2026-08-04T19:02:17Z</time>
    <extensions>
     <gpxdata:hr>154</gpxdata:hr>
     <gpxdata:distance>9386.00</gpxdata:distance>
     <gpxdata:speed>10.803</gpxdata:speed>
    </extensions>
   </trkpt>
   <trkpt lat="51.0449820" lon="13.8154703">
    <ele>108</ele>
    <time>2026-08-04T19:02:18Z</time>
    <extensions>
     <gpxdata:hr>155</gpxdata:hr>
     <gpxdata:distance>9397.50</gpxdata:distance>
     <gpxdata:speed>11.008</gpxdata:speed>
    </extensions>
   </trkpt>
   <trkpt lat="51.0448833" lon="13.8155192">
    <ele>108</ele>
    <time>2026-08-04T19:02:19Z</time>
    <extensions>
     <gpxdata:hr>156</gpxdata:hr>
     <gpxdata:distance>9409.00</gpxdata:distance>
     <gpxdata:speed>11.167</gpxdata:speed>
    </extensions>
   </trkpt>
   <trkpt lat="51.0447839" lon="13.8155702">
    <ele>108</ele>
    <time>2026-08-04T19:02:20Z</time>
    <extensions>
     <gpxdata:hr>157</gpxdata:hr>
     <gpxdata:distance>9420.50</gpxdata:distance>
     <gpxdata:speed>11.303</gpxdata:speed>
    </extensions>
   </trkpt>
   <trkpt lat="51.0446845" lon="13.8156224">
    <ele>108</ele>
    <time>2026-08-04T19:02:21Z</time>
    <extensions>
     <gpxdata:hr>158</gpxdata:hr>
     <gpxdata:distance>9432.00</gpxdata:distance>
     <gpxdata:speed>11.417</gpxdata:speed>
    </extensions>
   </trkpt>
   <trkpt lat="51.0445854" lon="13.8156755">
    <ele>107</ele>
    <time>2026-08-04T19:02:22Z</time>
    <extensions>
     <gpxdata:hr>158</gpxdata:hr>
     <gpxdata:distance>9443.50</gpxdata:distance>
     <gpxdata:speed>11.556</gpxdata:speed>
    </extensions>
   </trkpt>
   <trkpt lat="51.0444876" lon="13.8157311">
    <ele>106</ele>
    <time>2026-08-04T19:02:23Z</time>
    <extensions>
     <gpxdata:hr>159</gpxdata:hr>
     <gpxdata:distance>9455.00</gpxdata:distance>
     <gpxdata:speed>11.589</gpxdata:speed>
    </extensions>
   </trkpt>
   <trkpt lat="51.0443916" lon="13.8157906">
    <ele>106</ele>
    <time>2026-08-04T19:02:24Z</time>
    <extensions>
     <gpxdata:hr>160</gpxdata:hr>
     <gpxdata:distance>9466.50</gpxdata:distance>
     <gpxdata:speed>11.547</gpxdata:speed>
    </extensions>
   </trkpt>
   <trkpt lat="51.0442971" lon="13.8158523">
    <ele>106</ele>
    <time>2026-08-04T19:02:25Z</time>
    <extensions>
     <gpxdata:hr>161</gpxdata:hr>
     <gpxdata:distance>9478.00</gpxdata:distance>
     <gpxdata:speed>11.486</gpxdata:speed>
    </extensions>
   </trkpt>
   <trkpt lat="51.0442039" lon="13.8159148">
    <ele>105</ele>
    <time>2026-08-04T19:02:26Z</time>
    <extensions>
     <gpxdata:hr>161</gpxdata:hr>
     <gpxdata:distance>9489.50</gpxdata:distance>
     <gpxdata:speed>11.408</gpxdata:speed>
    </extensions>
   </trkpt>
   <trkpt lat="51.0441116" lon="13.8159774">
    <ele>105</ele>
    <time>2026-08-04T19:02:27Z</time>
    <extensions>
     <gpxdata:hr>161</gpxdata:hr>
     <gpxdata:distance>9501.00</gpxdata:distance>
     <gpxdata:speed>11.325</gpxdata:speed>
    </extensions>
   </trkpt>
   <trkpt lat="51.0440201" lon="13.8160408">
    <ele>105</ele>
    <time>2026-08-04T19:02:28Z</time>
    <extensions>
     <gpxdata:hr>161</gpxdata:hr>
     <gpxdata:distance>9512.00</gpxdata:distance>
     <gpxdata:speed>11.269</gpxdata:speed>
    </extensions>
   </trkpt>
   <trkpt lat="51.0439291" lon="13.8161048">
    <ele>105</ele>
    <time>2026-08-04T19:02:29Z</time>
    <extensions>
     <gpxdata:hr>162</gpxdata:hr>
     <gpxdata:distance>9523.00</gpxdata:distance>
     <gpxdata:speed>11.214</gpxdata:speed>
    </extensions>
   </trkpt>
   <trkpt lat="51.0438383" lon="13.8161685">
    <ele>105</ele>
    <time>2026-08-04T19:02:30Z</time>
    <extensions>
     <gpxdata:hr>162</gpxdata:hr>
     <gpxdata:distance>9534.00</gpxdata:distance>
     <gpxdata:speed>11.164</gpxdata:speed>
    </extensions>
   </trkpt>
   <trkpt lat="51.0437474" lon="13.8162315">
    <ele>105</ele>
    <time>2026-08-04T19:02:31Z</time>
    <extensions>
     <gpxdata:hr>162</gpxdata:hr>
     <gpxdata:distance>9545.00</gpxdata:distance>
     <gpxdata:speed>11.125</gpxdata:speed>
    </extensions>
   </trkpt>
   <trkpt lat="51.0436567" lon="13.8162954">
    <ele>105</ele>
    <time>2026-08-04T19:02:32Z</time>
    <extensions>
     <gpxdata:hr>162</gpxdata:hr>
     <gpxdata:distance>9556.00</gpxdata:distance>
     <gpxdata:speed>11.092</gpxdata:speed>
    </extensions>
   </trkpt>
   <trkpt lat="51.0435656" lon="13.8163597">
    <ele>105</ele>
    <time>2026-08-04T19:02:33Z</time>
    <extensions>
     <gpxdata:hr>163</gpxdata:hr>
     <gpxdata:distance>9567.00</gpxdata:distance>
     <gpxdata:speed>11.072</gpxdata:speed>
    </extensions>
   </trkpt>
   <trkpt lat="51.0434741" lon="13.8164229">
    <ele>105</ele>
    <time>2026-08-04T19:02:34Z</time>
    <extensions>
     <gpxdata:hr>163</gpxdata:hr>
     <gpxdata:distance>9578.00</gpxdata:distance>
     <gpxdata:speed>11.081</gpxdata:speed>
    </extensions>
   </trkpt>
   <trkpt lat="51.0433824" lon="13.8164858">
    <ele>105</ele>
    <time>2026-08-04T19:02:35Z</time>
    <extensions>
     <gpxdata:hr>163</gpxdata:hr>
     <gpxdata:distance>9589.00</gpxdata:distance>
     <gpxdata:speed>11.086</gpxdata:speed>
    </extensions>
   </trkpt>
   <trkpt lat="51.0432907" lon="13.8165493">
    <ele>105</ele>
    <time>2026-08-04T19:02:36Z</time>
    <extensions>
     <gpxdata:hr>163</gpxdata:hr>
     <gpxdata:distance>9600.50</gpxdata:distance>
     <gpxdata:speed>11.097</gpxdata:speed>
    </extensions>
   </trkpt>
   <trkpt lat="51.0431996" lon="13.8166133">
    <ele>105</ele>
    <time>2026-08-04T19:02:37Z</time>
    <extensions>
     <gpxdata:hr>162</gpxdata:hr>
     <gpxdata:distance>9612.00</gpxdata:distance>
     <gpxdata:speed>11.108</gpxdata:speed>
    </extensions>
   </trkpt>
   <trkpt lat="51.0431094" lon="13.8166763">
    <ele>105</ele>
    <time>2026-08-04T19:02:38Z</time>
    <extensions>
     <gpxdata:hr>163</gpxdata:hr>
     <gpxdata:distance>9622.50</gpxdata:distance>
     <gpxdata:speed>11.094</gpxdata:speed>
    </extensions>
   </trkpt>
   <trkpt lat="51.0430195" lon="13.8167398">
    <ele>105</ele>
    <time>2026-08-04T19:02:39Z</time>
    <extensions>
     <gpxdata:hr>163</gpxdata:hr>
     <gpxdata:distance>9633.00</gpxdata:distance>
     <gpxdata:speed>11.047</gpxdata:speed>
    </extensions>
   </trkpt>
   <trkpt lat="51.0429301" lon="13.8168041">
    <ele>106</ele>
    <time>2026-08-04T19:02:40Z</time>
    <extensions>
     <gpxdata:hr>163</gpxdata:hr>
     <gpxdata:distance>9644.00</gpxdata:distance>
     <gpxdata:speed>11.014</gpxdata:speed>
    </extensions>
   </trkpt>
   <trkpt lat="51.0428414" lon="13.8168696">
    <ele>106</ele>
    <time>2026-08-04T19:02:41Z</time>
    <extensions>
     <gpxdata:hr>163</gpxdata:hr>
     <gpxdata:distance>9655.00</gpxdata:distance>
     <gpxdata:speed>10.983</gpxdata:speed>
    </extensions>
   </trkpt>
   <trkpt lat="51.0427530" lon="13.8169367">
    <ele>106</ele>
    <time>2026-08-04T19:02:42Z</time>
    <extensions>
     <gpxdata:hr>163</gpxdata:hr>
     <gpxdata:distance>9666.00</gpxdata:distance>
     <gpxdata:speed>10.950</gpxdata:speed>
    </extensions>
   </trkpt>
   <trkpt lat="51.0426643" lon="13.8170053">
    <ele>106</ele>
    <time>2026-08-04T19:02:43Z</time>
    <extensions>
     <gpxdata:hr>162</gpxdata:hr>
     <gpxdata:distance>9677.00</gpxdata:distance>
     <gpxdata:speed>10.939</gpxdata:speed>
    </extensions>
   </trkpt>
   <trkpt lat="51.0425747" lon="13.8170736">
    <ele>106</ele>
    <time>2026-08-04T19:02:44Z</time>
    <extensions>
     <gpxdata:hr>162</gpxdata:hr>
     <gpxdata:distance>9688.00</gpxdata:distance>
     <gpxdata:speed>10.961</gpxdata:speed>
    </extensions>
   </trkpt>
   <trkpt lat="51.0424838" lon="13.8171386">
    <ele>106</ele>
    <time>2026-08-04T19:02:45Z</time>
    <extensions>
     <gpxdata:hr>162</gpxdata:hr>
     <gpxdata:distance>9699.00</gpxdata:distance>
     <gpxdata:speed>10.997</gpxdata:speed>
    </extensions>
   </trkpt>
   <trkpt lat="51.0423922" lon="13.8171998">
    <ele>106</ele>
    <time>2026-08-04T19:02:46Z</time>
    <extensions>
     <gpxdata:hr>162</gpxdata:hr>
     <gpxdata:distance>9710.00</gpxdata:distance>
     <gpxdata:speed>11.028</gpxdata:speed>
    </extensions>
   </trkpt>
   <trkpt lat="51.0423001" lon="13.8172588">
    <ele>106</ele>
    <time>2026-08-04T19:02:47Z</time>
    <extensions>
     <gpxdata:hr>162</gpxdata:hr>
     <gpxdata:distance>9721.00</gpxdata:distance>
     <gpxdata:speed>11.033</gpxdata:speed>
    </extensions>
   </trkpt>
   <trkpt lat="51.0422079" lon="13.8173175">
    <ele>106</ele>
    <time>2026-08-04T19:02:48Z</time>
    <extensions>
     <gpxdata:hr>162</gpxdata:hr>
     <gpxdata:distance>9732.50</gpxdata:distance>
     <gpxdata:speed>11.042</gpxdata:speed>
    </extensions>
   </trkpt>
   <trkpt lat="51.0421164" lon="13.8173782">
    <ele>106</ele>
    <time>2026-08-04T19:02:49Z</time>
    <extensions>
     <gpxdata:hr>162</gpxdata:hr>
     <gpxdata:distance>9744.00</gpxdata:distance>
     <gpxdata:speed>11.044</gpxdata:speed>
    </extensions>
   </trkpt>
   <trkpt lat="51.0420258" lon="13.8174416">
    <ele>106</ele>
    <time>2026-08-04T19:02:50Z</time>
    <extensions>
     <gpxdata:hr>162</gpxdata:hr>
     <gpxdata:distance>9755.00</gpxdata:distance>
     <gpxdata:speed>11.039</gpxdata:speed>
    </extensions>
   </trkpt>
   <trkpt lat="51.0419360" lon="13.8175077">
    <ele>106</ele>
    <time>2026-08-04T19:02:51Z</time>
    <extensions>
     <gpxdata:hr>162</gpxdata:hr>
     <gpxdata:distance>9766.00</gpxdata:distance>
     <gpxdata:speed>11.036</gpxdata:speed>
    </extensions>
   </trkpt>
   <trkpt lat="51.0418473" lon="13.8175762">
    <ele>106</ele>
    <time>2026-08-04T19:02:52Z</time>
    <extensions>
     <gpxdata:hr>162</gpxdata:hr>
     <gpxdata:distance>9777.00</gpxdata:distance>
     <gpxdata:speed>11.028</gpxdata:speed>
    </extensions>
   </trkpt>
   <trkpt lat="51.0417597" lon="13.8176477">
    <ele>106</ele>
    <time>2026-08-04T19:02:53Z</time>
    <extensions>
     <gpxdata:hr>162</gpxdata:hr>
     <gpxdata:distance>9788.00</gpxdata:distance>
     <gpxdata:speed>11.006</gpxdata:speed>
    </extensions>
   </trkpt>
   <trkpt lat="51.0416731" lon="13.8177228">
    <ele>106</ele>
    <time>2026-08-04T19:02:54Z</time>
    <extensions>
     <gpxdata:hr>163</gpxdata:hr>
     <gpxdata:distance>9798.50</gpxdata:distance>
     <gpxdata:speed>10.994</gpxdata:speed>
    </extensions>
   </trkpt>
   <trkpt lat="51.0415875" lon="13.8178014">
    <ele>106</ele>
    <time>2026-08-04T19:02:55Z</time>
    <extensions>
     <gpxdata:hr>164</gpxdata:hr>
     <gpxdata:distance>9809.00</gpxdata:distance>
     <gpxdata:speed>10.992</gpxdata:speed>
    </extensions>
   </trkpt>
   <trkpt lat="51.0415029" lon="13.8178819">
    <ele>106</ele>
    <time>2026-08-04T19:02:56Z</time>
    <extensions>
     <gpxdata:hr>165</gpxdata:hr>
     <gpxdata:distance>9820.00</gpxdata:distance>
     <gpxdata:speed>10.997</gpxdata:speed>
    </extensions>
   </trkpt>
   <trkpt lat="51.0414188" lon="13.8179629">
    <ele>106</ele>
    <time>2026-08-04T19:02:57Z</time>
    <extensions>
     <gpxdata:hr>165</gpxdata:hr>
     <gpxdata:distance>9831.00</gpxdata:distance>
     <gpxdata:speed>10.986</gpxdata:speed>
    </extensions>
   </trkpt>
   <trkpt lat="51.0413352" lon="13.8180441">
    <ele>106</ele>
    <time>2026-08-04T19:02:58Z</time>
    <extensions>
     <gpxdata:hr>165</gpxdata:hr>
     <gpxdata:distance>9842.00</gpxdata:distance>
     <gpxdata:speed>10.969</gpxdata:speed>
    </extensions>
   </trkpt>
   <trkpt lat="51.0412520" lon="13.8181238">
    <ele>106</ele>
    <time>2026-08-04T19:02:59Z</time>
    <extensions>
     <gpxdata:hr>165</gpxdata:hr>
     <gpxdata:distance>9853.00</gpxdata:distance>
     <gpxdata:speed>10.947</gpxdata:speed>
    </extensions>
   </trkpt>
   <trkpt lat="51.0411689" lon="13.8182037">
    <ele>106</ele>
    <time>2026-08-04T19:03:00Z</time>
    <extensions>
     <gpxdata:hr>166</gpxdata:hr>
     <gpxdata:distance>9864.00</gpxdata:distance>
     <gpxdata:speed>10.892</gpxdata:speed>
    </extensions>
   </trkpt>
   <trkpt lat="51.0410857" lon="13.8182844">
    <ele>106</ele>
    <time>2026-08-04T19:03:01Z</time>
    <extensions>
     <gpxdata:hr>166</gpxdata:hr>
     <gpxdata:distance>9875.00</gpxdata:distance>
     <gpxdata:speed>10.869</gpxdata:speed>
    </extensions>
   </trkpt>
   <trkpt lat="51.0410028" lon="13.8183671">
    <ele>106</ele>
    <time>2026-08-04T19:03:02Z</time>
    <extensions>
     <gpxdata:hr>166</gpxdata:hr>
     <gpxdata:distance>9886.00</gpxdata:distance>
     <gpxdata:speed>10.869</gpxdata:speed>
    </extensions>
   </trkpt>
   <trkpt lat="51.0409204" lon="13.8184509">
    <ele>106</ele>
    <time>2026-08-04T19:03:03Z</time>
    <extensions>
     <gpxdata:hr>166</gpxdata:hr>
     <gpxdata:distance>9897.00</gpxdata:distance>
     <gpxdata:speed>10.878</gpxdata:speed>
    </extensions>
   </trkpt>
   <trkpt lat="51.0408377" lon="13.8185340">
    <ele>106</ele>
    <time>2026-08-04T19:03:04Z</time>
    <extensions>
     <gpxdata:hr>166</gpxdata:hr>
     <gpxdata:distance>9907.50</gpxdata:distance>
     <gpxdata:speed>10.878</gpxdata:speed>
    </extensions>
   </trkpt>
   <trkpt lat="51.0407544" lon="13.8186159">
    <ele>106</ele>
    <time>2026-08-04T19:03:05Z</time>
    <extensions>
     <gpxdata:hr>167</gpxdata:hr>
     <gpxdata:distance>9918.00</gpxdata:distance>
     <gpxdata:speed>10.881</gpxdata:speed>
    </extensions>
   </trkpt>
   <trkpt lat="51.0406702" lon="13.8186968">
    <ele>106</ele>
    <time>2026-08-04T19:03:06Z</time>
    <extensions>
     <gpxdata:hr>167</gpxdata:hr>
     <gpxdata:distance>9929.00</gpxdata:distance>
     <gpxdata:speed>10.889</gpxdata:speed>
    </extensions>
   </trkpt>
   <trkpt lat="51.0405871" lon="13.8187784">
    <ele>106</ele>
    <time>2026-08-04T19:03:07Z</time>
    <extensions>
     <gpxdata:hr>166</gpxdata:hr>
     <gpxdata:distance>9940.00</gpxdata:distance>
     <gpxdata:speed>10.911</gpxdata:speed>
    </extensions>
   </trkpt>
   <trkpt lat="51.0405071" lon="13.8188644">
    <ele>106</ele>
    <time>2026-08-04T19:03:08Z</time>
    <extensions>
     <gpxdata:hr>166</gpxdata:hr>
     <gpxdata:distance>9951.00</gpxdata:distance>
     <gpxdata:speed>10.892</gpxdata:speed>
    </extensions>
   </trkpt>
   <trkpt lat="51.0404312" lon="13.8189538">
    <ele>106</ele>
    <time>2026-08-04T19:03:09Z</time>
    <extensions>
     <gpxdata:hr>165</gpxdata:hr>
     <gpxdata:distance>9962.00</gpxdata:distance>
     <gpxdata:speed>10.839</gpxdata:speed>
    </extensions>
   </trkpt>
   <trkpt lat="51.0403584" lon="13.8190420">
    <ele>106</ele>
    <time>2026-08-04T19:03:10Z</time>
    <extensions>
     <gpxdata:hr>165</gpxdata:hr>
     <gpxdata:distance>9972.00</gpxdata:distance>
     <gpxdata:speed>10.714</gpxdata:speed>
    </extensions>
   </trkpt>
   <trkpt lat="51.0402880" lon="13.8191281">
    <ele>106</ele>
    <time>2026-08-04T19:03:11Z</time>
    <extensions>
     <gpxdata:hr>165</gpxdata:hr>
     <gpxdata:distance>9982.00</gpxdata:distance>
     <gpxdata:speed>10.522</gpxdata:speed>
    </extensions>
   </trkpt>
   <trkpt lat="51.0402203" lon="13.8192116">
    <ele>107</ele>
    <time>2026-08-04T19:03:12Z</time>
    <extensions>
     <gpxdata:hr>165</gpxdata:hr>
     <gpxdata:distance>9991.50</gpxdata:distance>
     <gpxdata:speed>10.297</gpxdata:speed>
    </extensions>
   </trkpt>
   <trkpt lat="51.0401551" lon="13.8192936">
    <ele>107</ele>
    <time>2026-08-04T19:03:13Z</time>
    <extensions>
     <gpxdata:hr>165</gpxdata:hr>
     <gpxdata:distance>10001.00</gpxdata:distance>
     <gpxdata:speed>10.031</gpxdata:speed>
    </extensions>
   </trkpt>
   <trkpt lat="51.0400917" lon="13.8193775">
    <ele>107</ele>
    <time>2026-08-04T19:03:14Z</time>
    <extensions>
     <gpxdata:hr>164</gpxdata:hr>
     <gpxdata:distance>10010.00</gpxdata:distance>
     <gpxdata:speed>9.761</gpxdata:speed>
    </extensions>
   </trkpt>
   <trkpt lat="51.0400279" lon="13.8194642">
    <ele>108</ele>
    <time>2026-08-04T19:03:15Z</time>
    <extensions>
     <gpxdata:hr>163</gpxdata:hr>
     <gpxdata:distance>10019.00</gpxdata:distance>
     <gpxdata:speed>9.581</gpxdata:speed>
    </extensions>
   </trkpt>
   <trkpt lat="51.0399597" lon="13.8195479">
    <ele>108</ele>
    <time>2026-08-04T19:03:16Z</time>
    <extensions>
     <gpxdata:hr>163</gpxdata:hr>
     <gpxdata:distance>10029.00</gpxdata:distance>
     <gpxdata:speed>9.517</gpxdata:speed>
    </extensions>
   </trkpt>
   <trkpt lat="51.0398851" lon="13.8196256">
    <ele>108</ele>
    <time>2026-08-04T19:03:17Z</time>
    <extensions>
     <gpxdata:hr>162</gpxdata:hr>
     <gpxdata:distance>10039.00</gpxdata:distance>
     <gpxdata:speed>9.639</gpxdata:speed>
    </extensions>
   </trkpt>
   <trkpt lat="51.0398066" lon="13.8197029">
    <ele>108</ele>
    <time>2026-08-04T19:03:18Z</time>
    <extensions>
     <gpxdata:hr>162</gpxdata:hr>
     <gpxdata:distance>10049.00</gpxdata:distance>
     <gpxdata:speed>9.789</gpxdata:speed>
    </extensions>
   </trkpt>
   <trkpt lat="51.0397278" lon="13.8197863">
    <ele>108</ele>
    <time>2026-08-04T19:03:19Z</time>
    <extensions>
     <gpxdata:hr>162</gpxdata:hr>
     <gpxdata:distance>10059.00</gpxdata:distance>
     <gpxdata:speed>9.981</gpxdata:speed>
    </extensions>
   </trkpt>
   <trkpt lat="51.0396503" lon="13.8198769">
    <ele>108</ele>
    <time>2026-08-04T19:03:20Z</time>
    <extensions>
     <gpxdata:hr>161</gpxdata:hr>
     <gpxdata:distance>10070.00</gpxdata:distance>
     <gpxdata:speed>10.178</gpxdata:speed>
    </extensions>
   </trkpt>
   <trkpt lat="51.0395755" lon="13.8199760">
    <ele>108</ele>
    <time>2026-08-04T19:03:21Z</time>
    <extensions>
     <gpxdata:hr>161</gpxdata:hr>
     <gpxdata:distance>10081.00</gpxdata:distance>
     <gpxdata:speed>10.361</gpxdata:speed>
    </extensions>
   </trkpt>
   <trkpt lat="51.0395038" lon="13.8200841">
    <ele>108</ele>
    <time>2026-08-04T19:03:22Z</time>
    <extensions>
     <gpxdata:hr>161</gpxdata:hr>
     <gpxdata:distance>10092.00</gpxdata:distance>
     <gpxdata:speed>10.714</gpxdata:speed>
    </extensions>
   </trkpt>
   <trkpt lat="51.0394347" lon="13.8201996">
    <ele>108</ele>
    <time>2026-08-04T19:03:23Z</time>
    <extensions>
     <gpxdata:hr>161</gpxdata:hr>
     <gpxdata:distance>10103.00</gpxdata:distance>
     <gpxdata:speed>10.917</gpxdata:speed>
    </extensions>
   </trkpt>
   <trkpt lat="51.0393670" lon="13.8203197">
    <ele>107</ele>
    <time>2026-08-04T19:03:24Z</time>
    <extensions>
     <gpxdata:hr>162</gpxdata:hr>
     <gpxdata:distance>10114.00</gpxdata:distance>
     <gpxdata:speed>11.083</gpxdata:speed>
    </extensions>
   </trkpt>
   <trkpt lat="51.0393002" lon="13.8204426">
    <ele>107</ele>
    <time>2026-08-04T19:03:25Z</time>
    <extensions>
     <gpxdata:hr>163</gpxdata:hr>
     <gpxdata:distance>10125.00</gpxdata:distance>
     <gpxdata:speed>11.211</gpxdata:speed>
    </extensions>
   </trkpt>
   <trkpt lat="51.0392346" lon="13.8205682">
    <ele>106</ele>
    <time>2026-08-04T19:03:26Z</time>
    <extensions>
     <gpxdata:hr>164</gpxdata:hr>
     <gpxdata:distance>10136.50</gpxdata:distance>
     <gpxdata:speed>11.292</gpxdata:speed>
    </extensions>
   </trkpt>
   <trkpt lat="51.0391697" lon="13.8206964">
    <ele>106</ele>
    <time>2026-08-04T19:03:27Z</time>
    <extensions>
     <gpxdata:hr>164</gpxdata:hr>
     <gpxdata:distance>10148.00</gpxdata:distance>
     <gpxdata:speed>11.383</gpxdata:speed>
    </extensions>
   </trkpt>
   <trkpt lat="51.0391048" lon="13.8208259">
    <ele>106</ele>
    <time>2026-08-04T19:03:28Z</time>
    <extensions>
     <gpxdata:hr>164</gpxdata:hr>
     <gpxdata:distance>10159.50</gpxdata:distance>
     <gpxdata:speed>11.469</gpxdata:speed>
    </extensions>
   </trkpt>
   <trkpt lat="51.0390406" lon="13.8209570">
    <ele>106</ele>
    <time>2026-08-04T19:03:29Z</time>
    <extensions>
     <gpxdata:hr>165</gpxdata:hr>
     <gpxdata:distance>10171.00</gpxdata:distance>
     <gpxdata:speed>11.533</gpxdata:speed>
    </extensions>
   </trkpt>
   <trkpt lat="51.0389773" lon="13.8210896">
    <ele>106</ele>
    <time>2026-08-04T19:03:30Z</time>
    <extensions>
     <gpxdata:hr>165</gpxdata:hr>
     <gpxdata:distance>10183.00</gpxdata:distance>
     <gpxdata:speed>11.583</gpxdata:speed>
    </extensions>
   </trkpt>
   <trkpt lat="51.0389151" lon="13.8212235">
    <ele>106</ele>
    <time>2026-08-04T19:03:31Z</time>
    <extensions>
     <gpxdata:hr>166</gpxdata:hr>
     <gpxdata:distance>10195.00</gpxdata:distance>
     <gpxdata:speed>11.614</gpxdata:speed>
    </extensions>
   </trkpt>
   <trkpt lat="51.0388541" lon="13.8213575">
    <ele>106</ele>
    <time>2026-08-04T19:03:32Z</time>
    <extensions>
     <gpxdata:hr>166</gpxdata:hr>
     <gpxdata:distance>10206.50</gpxdata:distance>
     <gpxdata:speed>11.631</gpxdata:speed>
    </extensions>
   </trkpt>
   <trkpt lat="51.0387936" lon="13.8214912">
    <ele>106</ele>
    <time>2026-08-04T19:03:33Z</time>
    <extensions>
     <gpxdata:hr>167</gpxdata:hr>
     <gpxdata:distance>10218.00</gpxdata:distance>
     <gpxdata:speed>11.611</gpxdata:speed>
    </extensions>
   </trkpt>
   <trkpt lat="51.0387331" lon="13.8216240">
    <ele>106</ele>
    <time>2026-08-04T19:03:34Z</time>
    <extensions>
     <gpxdata:hr>167</gpxdata:hr>
     <gpxdata:distance>10229.50</gpxdata:distance>
     <gpxdata:speed>11.583</gpxdata:speed>
    </extensions>
   </trkpt>
   <trkpt lat="51.0386726" lon="13.8217560">
    <ele>106</ele>
    <time>2026-08-04T19:03:35Z</time>
    <extensions>
     <gpxdata:hr>168</gpxdata:hr>
     <gpxdata:distance>10241.00</gpxdata:distance>
     <gpxdata:speed>11.550</gpxdata:speed>
    </extensions>
   </trkpt>
   <trkpt lat="51.0386132" lon="13.8218876">
    <ele>106</ele>
    <time>2026-08-04T19:03:36Z</time>
    <extensions>
     <gpxdata:hr>168</gpxdata:hr>
     <gpxdata:distance>10252.50</gpxdata:distance>
     <gpxdata:speed>11.511</gpxdata:speed>
    </extensions>
   </trkpt>
   <trkpt lat="51.0385557" lon="13.8220191">
    <ele>106</ele>
    <time>2026-08-04T19:03:37Z</time>
    <extensions>
     <gpxdata:hr>169</gpxdata:hr>
     <gpxdata:distance>10264.00</gpxdata:distance>
     <gpxdata:speed>11.450</gpxdata:speed>
    </extensions>
   </trkpt>
   <trkpt lat="51.0384997" lon="13.8221507">
    <ele>106</ele>
    <time>2026-08-04T19:03:38Z</time>
    <extensions>
     <gpxdata:hr>169</gpxdata:hr>
     <gpxdata:distance>10275.00</gpxdata:distance>
     <gpxdata:speed>11.367</gpxdata:speed>
    </extensions>
   </trkpt>
   <trkpt lat="51.0384446" lon="13.8222819">
    <ele>106</ele>
    <time>2026-08-04T19:03:39Z</time>
    <extensions>
     <gpxdata:hr>170</gpxdata:hr>
     <gpxdata:distance>10286.00</gpxdata:distance>
     <gpxdata:speed>11.278</gpxdata:speed>
    </extensions>
   </trkpt>
   <trkpt lat="51.0383898" lon="13.8224128">
    <ele>106</ele>
    <time>2026-08-04T19:03:40Z</time>
    <extensions>
     <gpxdata:hr>170</gpxdata:hr>
     <gpxdata:distance>10297.00</gpxdata:distance>
     <gpxdata:speed>11.194</gpxdata:speed>
    </extensions>
   </trkpt>
   <trkpt lat="51.0383353" lon="13.8225450">
    <ele>106</ele>
    <time>2026-08-04T19:03:41Z</time>
    <extensions>
     <gpxdata:hr>169</gpxdata:hr>
     <gpxdata:distance>10308.00</gpxdata:distance>
     <gpxdata:speed>11.131</gpxdata:speed>
    </extensions>
   </trkpt>
   <trkpt lat="51.0382813" lon="13.8226790">
    <ele>106</ele>
    <time>2026-08-04T19:03:42Z</time>
    <extensions>
     <gpxdata:hr>170</gpxdata:hr>
     <gpxdata:distance>10319.00</gpxdata:distance>
     <gpxdata:speed>11.111</gpxdata:speed>
    </extensions>
   </trkpt>
   <trkpt lat="51.0382274" lon="13.8228131">
    <ele>106</ele>
    <time>2026-08-04T19:03:43Z</time>
    <extensions>
     <gpxdata:hr>170</gpxdata:hr>
     <gpxdata:distance>10330.00</gpxdata:distance>
     <gpxdata:speed>11.122</gpxdata:speed>
    </extensions>
   </trkpt>
   <trkpt lat="51.0381724" lon="13.8229458">
    <ele>106</ele>
    <time>2026-08-04T19:03:44Z</time>
    <extensions>
     <gpxdata:hr>170</gpxdata:hr>
     <gpxdata:distance>10341.00</gpxdata:distance>
     <gpxdata:speed>11.125</gpxdata:speed>
    </extensions>
   </trkpt>
   <trkpt lat="51.0381164" lon="13.8230771">
    <ele>106</ele>
    <time>2026-08-04T19:03:45Z</time>
    <extensions>
     <gpxdata:hr>170</gpxdata:hr>
     <gpxdata:distance>10352.00</gpxdata:distance>
     <gpxdata:speed>11.119</gpxdata:speed>
    </extensions>
   </trkpt>
   <trkpt lat="51.0380598" lon="13.8232080">
    <ele>106</ele>
    <time>2026-08-04T19:03:46Z</time>
    <extensions>
     <gpxdata:hr>170</gpxdata:hr>
     <gpxdata:distance>10363.50</gpxdata:distance>
     <gpxdata:speed>11.106</gpxdata:speed>
    </extensions>
   </trkpt>
   <trkpt lat="51.0380031" lon="13.8233387">
    <ele>106</ele>
    <time>2026-08-04T19:03:47Z</time>
    <extensions>
     <gpxdata:hr>170</gpxdata:hr>
     <gpxdata:distance>10375.00</gpxdata:distance>
     <gpxdata:speed>11.111</gpxdata:speed>
    </extensions>
   </trkpt>
   <trkpt lat="51.0379468" lon="13.8234691">
    <ele>106</ele>
    <time>2026-08-04T19:03:48Z</time>
    <extensions>
     <gpxdata:hr>170</gpxdata:hr>
     <gpxdata:distance>10386.00</gpxdata:distance>
     <gpxdata:speed>11.114</gpxdata:speed>
    </extensions>
   </trkpt>
   <trkpt lat="51.0378909" lon="13.8235991">
    <ele>106</ele>
    <time>2026-08-04T19:03:49Z</time>
    <extensions>
     <gpxdata:hr>170</gpxdata:hr>
     <gpxdata:distance>10397.00</gpxdata:distance>
     <gpxdata:speed>11.092</gpxdata:speed>
    </extensions>
   </trkpt>
   <trkpt lat="51.0378355" lon="13.8237290">
    <ele>105</ele>
    <time>2026-08-04T19:03:50Z</time>
    <extensions>
     <gpxdata:hr>169</gpxdata:hr>
     <gpxdata:distance>10408.00</gpxdata:distance>
     <gpxdata:speed>11.069</gpxdata:speed>
    </extensions>
   </trkpt>
   <trkpt lat="51.0377810" lon="13.8238590">
    <ele>105</ele>
    <time>2026-08-04T19:03:51Z</time>
    <extensions>
     <gpxdata:hr>169</gpxdata:hr>
     <gpxdata:distance>10419.00</gpxdata:distance>
     <gpxdata:speed>11.039</gpxdata:speed>
    </extensions>
   </trkpt>
   <trkpt lat="51.0377271" lon="13.8239882">
    <ele>105</ele>
    <time>2026-08-04T19:03:52Z</time>
    <extensions>
     <gpxdata:hr>169</gpxdata:hr>
     <gpxdata:distance>10429.50</gpxdata:distance>
     <gpxdata:speed>11.003</gpxdata:speed>
    </extensions>
   </trkpt>
   <trkpt lat="51.0376740" lon="13.8241171">
    <ele>105</ele>
    <time>2026-08-04T19:03:53Z</time>
    <extensions>
     <gpxdata:hr>169</gpxdata:hr>
     <gpxdata:distance>10440.00</gpxdata:distance>
     <gpxdata:speed>10.950</gpxdata:speed>
    </extensions>
   </trkpt>
   <trkpt lat="51.0376215" lon="13.8242452">
    <ele>106</ele>
    <time>2026-08-04T19:03:54Z</time>
    <extensions>
     <gpxdata:hr>169</gpxdata:hr>
     <gpxdata:distance>10451.00</gpxdata:distance>
     <gpxdata:speed>10.889</gpxdata:speed>
    </extensions>
   </trkpt>
   <trkpt lat="51.0375693" lon="13.8243719">
    <ele>106</ele>
    <time>2026-08-04T19:03:55Z</time>
    <extensions>
     <gpxdata:hr>169</gpxdata:hr>
     <gpxdata:distance>10462.00</gpxdata:distance>
     <gpxdata:speed>10.822</gpxdata:speed>
    </extensions>
   </trkpt>
   <trkpt lat="51.0375165" lon="13.8244962">
    <ele>106</ele>
    <time>2026-08-04T19:03:56Z</time>
    <extensions>
     <gpxdata:hr>169</gpxdata:hr>
     <gpxdata:distance>10472.50</gpxdata:distance>
     <gpxdata:speed>10.744</gpxdata:speed>
    </extensions>
   </trkpt>
   <trkpt lat="51.0374624" lon="13.8246178">
    <ele>106</ele>
    <time>2026-08-04T19:03:57Z</time>
    <extensions>
     <gpxdata:hr>168</gpxdata:hr>
     <gpxdata:distance>10483.00</gpxdata:distance>
     <gpxdata:speed>10.653</gpxdata:speed>
    </extensions>
   </trkpt>
   <trkpt lat="51.0374071" lon="13.8247381">
    <ele>106</ele>
    <time>2026-08-04T19:03:58Z</time>
    <extensions>
     <gpxdata:hr>168</gpxdata:hr>
     <gpxdata:distance>10493.50</gpxdata:distance>
     <gpxdata:speed>10.572</gpxdata:speed>
    </extensions>
   </trkpt>
   <trkpt lat="51.0373515" lon="13.8248573">
    <ele>106</ele>
    <time>2026-08-04T19:03:59Z</time>
    <extensions>
     <gpxdata:hr>168</gpxdata:hr>
     <gpxdata:distance>10504.00</gpxdata:distance>
     <gpxdata:speed>10.522</gpxdata:speed>
    </extensions>
   </trkpt>
   <trkpt lat="51.0372964" lon="13.8249771">
    <ele>106</ele>
    <time>2026-08-04T19:04:00Z</time>
    <extensions>
     <gpxdata:hr>167</gpxdata:hr>
     <gpxdata:distance>10514.00</gpxdata:distance>
     <gpxdata:speed>10.467</gpxdata:speed>
    </extensions>
   </trkpt>
   <trkpt lat="51.0372424" lon="13.8250989">
    <ele>106</ele>
    <time>2026-08-04T19:04:01Z</time>
    <extensions>
     <gpxdata:hr>167</gpxdata:hr>
     <gpxdata:distance>10524.00</gpxdata:distance>
     <gpxdata:speed>10.431</gpxdata:speed>
    </extensions>
   </trkpt>
   <trkpt lat="51.0371892" lon="13.8252228">
    <ele>106</ele>
    <time>2026-08-04T19:04:02Z</time>
    <extensions>
     <gpxdata:hr>167</gpxdata:hr>
     <gpxdata:distance>10534.50</gpxdata:distance>
     <gpxdata:speed>10.428</gpxdata:speed>
    </extensions>
   </trkpt>
   <trkpt lat="51.0371361" lon="13.8253473">
    <ele>106</ele>
    <time>2026-08-04T19:04:03Z</time>
    <extensions>
     <gpxdata:hr>167</gpxdata:hr>
     <gpxdata:distance>10545.00</gpxdata:distance>
     <gpxdata:speed>10.453</gpxdata:speed>
    </extensions>
   </trkpt>
   <trkpt lat="51.0370827" lon="13.8254721">
    <ele>106</ele>
    <time>2026-08-04T19:04:04Z</time>
    <extensions>
     <gpxdata:hr>168</gpxdata:hr>
     <gpxdata:distance>10555.50</gpxdata:distance>
     <gpxdata:speed>10.475</gpxdata:speed>
    </extensions>
   </trkpt>
   <trkpt lat="51.0370290" lon="13.8255965">
    <ele>106</ele>
    <time>2026-08-04T19:04:05Z</time>
    <extensions>
     <gpxdata:hr>167</gpxdata:hr>
     <gpxdata:distance>10566.00</gpxdata:distance>
     <gpxdata:speed>10.503</gpxdata:speed>
    </extensions>
   </trkpt>
   <trkpt lat="51.0369755" lon="13.8257208">
    <ele>106</ele>
    <time>2026-08-04T19:04:06Z</time>
    <extensions>
     <gpxdata:hr>166</gpxdata:hr>
     <gpxdata:distance>10577.00</gpxdata:distance>
     <gpxdata:speed>10.517</gpxdata:speed>
    </extensions>
   </trkpt>
   <trkpt lat="51.0369228" lon="13.8258444">
    <ele>106</ele>
    <time>2026-08-04T19:04:07Z</time>
    <extensions>
     <gpxdata:hr>165</gpxdata:hr>
     <gpxdata:distance>10588.00</gpxdata:distance>
     <gpxdata:speed>10.525</gpxdata:speed>
    </extensions>
   </trkpt>
   <trkpt lat="51.0368707" lon="13.8259665">
    <ele>106</ele>
    <time>2026-08-04T19:04:08Z</time>
    <extensions>
     <gpxdata:hr>166</gpxdata:hr>
     <gpxdata:distance>10598.00</gpxdata:distance>
     <gpxdata:speed>10.492</gpxdata:speed>
    </extensions>
   </trkpt>
   <trkpt lat="51.0368180" lon="13.8260874">
    <ele>106</ele>
    <time>2026-08-04T19:04:09Z</time>
    <extensions>
     <gpxdata:hr>167</gpxdata:hr>
     <gpxdata:distance>10608.00</gpxdata:distance>
     <gpxdata:speed>10.433</gpxdata:speed>
    </extensions>
   </trkpt>
   <trkpt lat="51.0367642" lon="13.8262078">
    <ele>106</ele>
    <time>2026-08-04T19:04:10Z</time>
    <extensions>
     <gpxdata:hr>168</gpxdata:hr>
     <gpxdata:distance>10618.50</gpxdata:distance>
     <gpxdata:speed>10.386</gpxdata:speed>
    </extensions>
   </trkpt>
   <trkpt lat="51.0367097" lon="13.8263295">
    <ele>106</ele>
    <time>2026-08-04T19:04:11Z</time>
    <extensions>
     <gpxdata:hr>168</gpxdata:hr>
     <gpxdata:distance>10629.00</gpxdata:distance>
     <gpxdata:speed>10.383</gpxdata:speed>
    </extensions>
   </trkpt>
   <trkpt lat="51.0366549" lon="13.8264524">
    <ele>106</ele>
    <time>2026-08-04T19:04:12Z</time>
    <extensions>
     <gpxdata:hr>166</gpxdata:hr>
     <gpxdata:distance>10639.50</gpxdata:distance>
     <gpxdata:speed>10.417</gpxdata:speed>
    </extensions>
   </trkpt>
   <trkpt lat="51.0365997" lon="13.8265762">
    <ele>106</ele>
    <time>2026-08-04T19:04:13Z</time>
    <extensions>
     <gpxdata:hr>166</gpxdata:hr>
     <gpxdata:distance>10650.00</gpxdata:distance>
     <gpxdata:speed>10.464</gpxdata:speed>
    </extensions>
   </trkpt>
   <trkpt lat="51.0365446" lon="13.8266991">
    <ele>106</ele>
    <time>2026-08-04T19:04:14Z</time>
    <extensions>
     <gpxdata:hr>165</gpxdata:hr>
     <gpxdata:distance>10660.50</gpxdata:distance>
     <gpxdata:speed>10.517</gpxdata:speed>
    </extensions>
   </trkpt>
   <trkpt lat="51.0364899" lon="13.8268207">
    <ele>106</ele>
    <time>2026-08-04T19:04:15Z</time>
    <extensions>
     <gpxdata:hr>164</gpxdata:hr>
     <gpxdata:distance>10671.00</gpxdata:distance>
     <gpxdata:speed>10.522</gpxdata:speed>
    </extensions>
   </trkpt>
   <trkpt lat="51.0364351" lon="13.8269414">
    <ele>106</ele>
    <time>2026-08-04T19:04:16Z</time>
    <extensions>
     <gpxdata:hr>164</gpxdata:hr>
     <gpxdata:distance>10681.50</gpxdata:distance>
     <gpxdata:speed>10.494</gpxdata:speed>
    </extensions>
   </trkpt>
   <trkpt lat="51.0363807" lon="13.8270610">
    <ele>106</ele>
    <time>2026-08-04T19:04:17Z</time>
    <extensions>
     <gpxdata:hr>164</gpxdata:hr>
     <gpxdata:distance>10692.00</gpxdata:distance>
     <gpxdata:speed>10.469</gpxdata:speed>
    </extensions>
   </trkpt>
   <trkpt lat="51.0363266" lon="13.8271798">
    <ele>106</ele>
    <time>2026-08-04T19:04:18Z</time>
    <extensions>
     <gpxdata:hr>165</gpxdata:hr>
     <gpxdata:distance>10702.00</gpxdata:distance>
     <gpxdata:speed>10.422</gpxdata:speed>
    </extensions>
   </trkpt>
   <trkpt lat="51.0362729" lon="13.8272959">
    <ele>106</ele>
    <time>2026-08-04T19:04:19Z</time>
    <extensions>
     <gpxdata:hr>165</gpxdata:hr>
     <gpxdata:distance>10712.00</gpxdata:distance>
     <gpxdata:speed>10.369</gpxdata:speed>
    </extensions>
   </trkpt>
   <trkpt lat="51.0362200" lon="13.8274085">
    <ele>106</ele>
    <time>2026-08-04T19:04:20Z</time>
    <extensions>
     <gpxdata:hr>165</gpxdata:hr>
     <gpxdata:distance>10722.00</gpxdata:distance>
     <gpxdata:speed>10.264</gpxdata:speed>
    </extensions>
   </trkpt>
   <trkpt lat="51.0361693" lon="13.8275184">
    <ele>106</ele>
    <time>2026-08-04T19:04:21Z</time>
    <extensions>
     <gpxdata:hr>165</gpxdata:hr>
     <gpxdata:distance>10732.00</gpxdata:distance>
     <gpxdata:speed>10.108</gpxdata:speed>
    </extensions>
   </trkpt>
   <trkpt lat="51.0361217" lon="13.8276276">
    <ele>106</ele>
    <time>2026-08-04T19:04:22Z</time>
    <extensions>
     <gpxdata:hr>165</gpxdata:hr>
     <gpxdata:distance>10741.00</gpxdata:distance>
     <gpxdata:speed>9.653</gpxdata:speed>
    </extensions>
   </trkpt>
   <trkpt lat="51.0360791" lon="13.8277383">
    <ele>106</ele>
    <time>2026-08-04T19:04:23Z</time>
    <extensions>
     <gpxdata:hr>165</gpxdata:hr>
     <gpxdata:distance>10750.00</gpxdata:distance>
     <gpxdata:speed>9.403</gpxdata:speed>
    </extensions>
   </trkpt>
   <trkpt lat="51.0360428" lon="13.8278517">
    <ele>106</ele>
    <time>2026-08-04T19:04:24Z</time>
    <extensions>
     <gpxdata:hr>165</gpxdata:hr>
     <gpxdata:distance>10759.00</gpxdata:distance>
     <gpxdata:speed>9.200</gpxdata:speed>
    </extensions>
   </trkpt>
   <trkpt lat="51.0360114" lon="13.8279667">
    <ele>106</ele>
    <time>2026-08-04T19:04:25Z</time>
    <extensions>
     <gpxdata:hr>165</gpxdata:hr>
     <gpxdata:distance>10768.00</gpxdata:distance>
     <gpxdata:speed>9.019</gpxdata:speed>
    </extensions>
   </trkpt>
   <trkpt lat="51.0359820" lon="13.8280808">
    <ele>106</ele>
    <time>2026-08-04T19:04:26Z</time>
    <extensions>
     <gpxdata:hr>163</gpxdata:hr>
     <gpxdata:distance>10777.00</gpxdata:distance>
     <gpxdata:speed>8.858</gpxdata:speed>
    </extensions>
   </trkpt>
   <trkpt lat="51.0359527" lon="13.8281931">
    <ele>106</ele>
    <time>2026-08-04T19:04:27Z</time>
    <extensions>
     <gpxdata:hr>163</gpxdata:hr>
     <gpxdata:distance>10786.00</gpxdata:distance>
     <gpxdata:speed>8.706</gpxdata:speed>
    </extensions>
   </trkpt>
   <trkpt lat="51.0359239" lon="13.8283031">
    <ele>106</ele>
    <time>2026-08-04T19:04:28Z</time>
    <extensions>
     <gpxdata:hr>162</gpxdata:hr>
     <gpxdata:distance>10794.00</gpxdata:distance>
     <gpxdata:speed>8.569</gpxdata:speed>
    </extensions>
   </trkpt>
   <trkpt lat="51.0358957" lon="13.8284106">
    <ele>106</ele>
    <time>2026-08-04T19:04:29Z</time>
    <extensions>
     <gpxdata:hr>160</gpxdata:hr>
     <gpxdata:distance>10802.00</gpxdata:distance>
     <gpxdata:speed>8.400</gpxdata:speed>
    </extensions>
   </trkpt>
   <trkpt lat="51.0358679" lon="13.8285156">
    <ele>106</ele>
    <time>2026-08-04T19:04:30Z</time>
    <extensions>
     <gpxdata:hr>159</gpxdata:hr>
     <gpxdata:distance>10810.00</gpxdata:distance>
     <gpxdata:speed>8.219</gpxdata:speed>
    </extensions>
   </trkpt>
   <trkpt lat="51.0358401" lon="13.8286183">
    <ele>106</ele>
    <time>2026-08-04T19:04:31Z</time>
    <extensions>
     <gpxdata:hr>158</gpxdata:hr>
     <gpxdata:distance>10818.00</gpxdata:distance>
     <gpxdata:speed>8.047</gpxdata:speed>
    </extensions>
   </trkpt>
   <trkpt lat="51.0358127" lon="13.8287195">
    <ele>106</ele>
    <time>2026-08-04T19:04:32Z</time>
    <extensions>
     <gpxdata:hr>155</gpxdata:hr>
     <gpxdata:distance>10825.50</gpxdata:distance>
     <gpxdata:speed>7.906</gpxdata:speed>
    </extensions>
   </trkpt>
   <trkpt lat="51.0357863" lon="13.8288192">
    <ele>106</ele>
    <time>2026-08-04T19:04:33Z</time>
    <extensions>
     <gpxdata:hr>154</gpxdata:hr>
     <gpxdata:distance>10833.00</gpxdata:distance>
     <gpxdata:speed>7.783</gpxdata:speed>
    </extensions>
   </trkpt>
   <trkpt lat="51.0357605" lon="13.8289176">
    <ele>106</ele>
    <time>2026-08-04T19:04:34Z</time>
    <extensions>
     <gpxdata:hr>153</gpxdata:hr>
     <gpxdata:distance>10840.50</gpxdata:distance>
     <gpxdata:speed>7.639</gpxdata:speed>
    </extensions>
   </trkpt>
   <trkpt lat="51.0357343" lon="13.8290144">
    <ele>106</ele>
    <time>2026-08-04T19:04:35Z</time>
    <extensions>
     <gpxdata:hr>152</gpxdata:hr>
     <gpxdata:distance>10848.00</gpxdata:distance>
     <gpxdata:speed>7.522</gpxdata:speed>
    </extensions>
   </trkpt>
   <trkpt lat="51.0357077" lon="13.8291091">
    <ele>106</ele>
    <time>2026-08-04T19:04:36Z</time>
    <extensions>
     <gpxdata:hr>151</gpxdata:hr>
     <gpxdata:distance>10855.50</gpxdata:distance>
     <gpxdata:speed>7.439</gpxdata:speed>
    </extensions>
   </trkpt>
   <trkpt lat="51.0356812" lon="13.8292025">
    <ele>107</ele>
    <time>2026-08-04T19:04:37Z</time>
    <extensions>
     <gpxdata:hr>151</gpxdata:hr>
     <gpxdata:distance>10863.00</gpxdata:distance>
     <gpxdata:speed>7.306</gpxdata:speed>
    </extensions>
   </trkpt>
   <trkpt lat="51.0356551" lon="13.8292944">
    <ele>107</ele>
    <time>2026-08-04T19:04:38Z</time>
    <extensions>
     <gpxdata:hr>150</gpxdata:hr>
     <gpxdata:distance>10870.00</gpxdata:distance>
     <gpxdata:speed>7.217</gpxdata:speed>
    </extensions>
   </trkpt>
   <trkpt lat="51.0356296" lon="13.8293856">
    <ele>108</ele>
    <time>2026-08-04T19:04:39Z</time>
    <extensions>
     <gpxdata:hr>150</gpxdata:hr>
     <gpxdata:distance>10877.00</gpxdata:distance>
     <gpxdata:speed>7.106</gpxdata:speed>
    </extensions>
   </trkpt>
   <trkpt lat="51.0356048" lon="13.8294758">
    <ele>108</ele>
    <time>2026-08-04T19:04:40Z</time>
    <extensions>
     <gpxdata:hr>149</gpxdata:hr>
     <gpxdata:distance>10884.00</gpxdata:distance>
     <gpxdata:speed>7.031</gpxdata:speed>
    </extensions>
   </trkpt>
   <trkpt lat="51.0355802" lon="13.8295656">
    <ele>108</ele>
    <time>2026-08-04T19:04:41Z</time>
    <extensions>
     <gpxdata:hr>148</gpxdata:hr>
     <gpxdata:distance>10891.00</gpxdata:distance>
     <gpxdata:speed>6.936</gpxdata:speed>
    </extensions>
   </trkpt>
   <trkpt lat="51.0355555" lon="13.8296548">
    <ele>108</ele>
    <time>2026-08-04T19:04:42Z</time>
    <extensions>
     <gpxdata:hr>148</gpxdata:hr>
     <gpxdata:distance>10897.50</gpxdata:distance>
     <gpxdata:speed>6.897</gpxdata:speed>
    </extensions>
   </trkpt>
   <trkpt lat="51.0355305" lon="13.8297436">
    <ele>108</ele>
    <time>2026-08-04T19:04:43Z</time>
    <extensions>
     <gpxdata:hr>147</gpxdata:hr>
     <gpxdata:distance>10904.00</gpxdata:distance>
     <gpxdata:speed>6.858</gpxdata:speed>
    </extensions>
   </trkpt>
   <trkpt lat="51.0355054" lon="13.8298322">
    <ele>108</ele>
    <time>2026-08-04T19:04:44Z</time>
    <extensions>
     <gpxdata:hr>146</gpxdata:hr>
     <gpxdata:distance>10911.00</gpxdata:distance>
     <gpxdata:speed>6.836</gpxdata:speed>
    </extensions>
   </trkpt>
   <trkpt lat="51.0354805" lon="13.8299214">
    <ele>108</ele>
    <time>2026-08-04T19:04:45Z</time>
    <extensions>
     <gpxdata:hr>144</gpxdata:hr>
     <gpxdata:distance>10918.00</gpxdata:distance>
     <gpxdata:speed>6.819</gpxdata:speed>
    </extensions>
   </trkpt>
   <trkpt lat="51.0354564" lon="13.8300111">
    <ele>108</ele>
    <time>2026-08-04T19:04:46Z</time>
    <extensions>
     <gpxdata:hr>143</gpxdata:hr>
     <gpxdata:distance>10925.00</gpxdata:distance>
     <gpxdata:speed>6.819</gpxdata:speed>
    </extensions>
   </trkpt>
   <trkpt lat="51.0354322" lon="13.8301008">
    <ele>108</ele>
    <time>2026-08-04T19:04:47Z</time>
    <extensions>
     <gpxdata:hr>143</gpxdata:hr>
     <gpxdata:distance>10932.00</gpxdata:distance>
     <gpxdata:speed>6.817</gpxdata:speed>
    </extensions>
   </trkpt>
   <trkpt lat="51.0354075" lon="13.8301900">
    <ele>108</ele>
    <time>2026-08-04T19:04:48Z</time>
    <extensions>
     <gpxdata:hr>142</gpxdata:hr>
     <gpxdata:distance>10938.50</gpxdata:distance>
     <gpxdata:speed>6.822</gpxdata:speed>
    </extensions>
   </trkpt>
   <trkpt lat="51.0353828" lon="13.8302787">
    <ele>108</ele>
    <time>2026-08-04T19:04:49Z</time>
    <extensions>
     <gpxdata:hr>141</gpxdata:hr>
     <gpxdata:distance>10945.00</gpxdata:distance>
     <gpxdata:speed>6.819</gpxdata:speed>
    </extensions>
   </trkpt>
   <trkpt lat="51.0353583" lon="13.8303669">
    <ele>108</ele>
    <time>2026-08-04T19:04:50Z</time>
    <extensions>
     <gpxdata:hr>140</gpxdata:hr>
     <gpxdata:distance>10952.00</gpxdata:distance>
     <gpxdata:speed>6.806</gpxdata:speed>
    </extensions>
   </trkpt>
   <trkpt lat="51.0353341" lon="13.8304546">
    <ele>108</ele>
    <time>2026-08-04T19:04:51Z</time>
    <extensions>
     <gpxdata:hr>139</gpxdata:hr>
     <gpxdata:distance>10959.00</gpxdata:distance>
     <gpxdata:speed>6.786</gpxdata:speed>
    </extensions>
   </trkpt>
   <trkpt lat="51.0353100" lon="13.8305419">
    <ele>108</ele>
    <time>2026-08-04T19:04:52Z</time>
    <extensions>
     <gpxdata:hr>137</gpxdata:hr>
     <gpxdata:distance>10965.50</gpxdata:distance>
     <gpxdata:speed>6.756</gpxdata:speed>
    </extensions>
   </trkpt>
   <trkpt lat="51.0352858" lon="13.8306290">
    <ele>108</ele>
    <time>2026-08-04T19:04:53Z</time>
    <extensions>
     <gpxdata:hr>136</gpxdata:hr>
     <gpxdata:distance>10972.00</gpxdata:distance>
     <gpxdata:speed>6.731</gpxdata:speed>
    </extensions>
   </trkpt>
   <trkpt lat="51.0352614" lon="13.8307165">
    <ele>108</ele>
    <time>2026-08-04T19:04:54Z</time>
    <extensions>
     <gpxdata:hr>135</gpxdata:hr>
     <gpxdata:distance>10979.00</gpxdata:distance>
     <gpxdata:speed>6.708</gpxdata:speed>
    </extensions>
   </trkpt>
   <trkpt lat="51.0352366" lon="13.8308052">
    <ele>108</ele>
    <time>2026-08-04T19:04:55Z</time>
    <extensions>
     <gpxdata:hr>135</gpxdata:hr>
     <gpxdata:distance>10986.00</gpxdata:distance>
     <gpxdata:speed>6.711</gpxdata:speed>
    </extensions>
   </trkpt>
   <trkpt lat="51.0352112" lon="13.8308948">
    <ele>108</ele>
    <time>2026-08-04T19:04:56Z</time>
    <extensions>
     <gpxdata:hr>135</gpxdata:hr>
     <gpxdata:distance>10992.50</gpxdata:distance>
     <gpxdata:speed>6.747</gpxdata:speed>
    </extensions>
   </trkpt>
   <trkpt lat="51.0351859" lon="13.8309850">
    <ele>108</ele>
    <time>2026-08-04T19:04:57Z</time>
    <extensions>
     <gpxdata:hr>135</gpxdata:hr>
     <gpxdata:distance>10999.00</gpxdata:distance>
     <gpxdata:speed>6.794</gpxdata:speed>
    </extensions>
   </trkpt>
   <trkpt lat="51.0351612" lon="13.8310755">
    <ele>107</ele>
    <time>2026-08-04T19:04:58Z</time>
    <extensions>
     <gpxdata:hr>135</gpxdata:hr>
     <gpxdata:distance>11006.00</gpxdata:distance>
     <gpxdata:speed>6.831</gpxdata:speed>
    </extensions>
   </trkpt>
   <trkpt lat="51.0351363" lon="13.8311658">
    <ele>107</ele>
    <time>2026-08-04T19:04:59Z</time>
    <extensions>
     <gpxdata:hr>135</gpxdata:hr>
     <gpxdata:distance>11013.00</gpxdata:distance>
     <gpxdata:speed>6.853</gpxdata:speed>
    </extensions>
   </trkpt>
   <trkpt lat="51.0351113" lon="13.8312558">
    <ele>107</ele>
    <time>2026-08-04T19:05:00Z</time>
    <extensions>
     <gpxdata:hr>134</gpxdata:hr>
     <gpxdata:distance>11020.00</gpxdata:distance>
     <gpxdata:speed>6.867</gpxdata:speed>
    </extensions>
   </trkpt>
   <trkpt lat="51.0350858" lon="13.8313452">
    <ele>107</ele>
    <time>2026-08-04T19:05:01Z</time>
    <extensions>
     <gpxdata:hr>134</gpxdata:hr>
     <gpxdata:distance>11027.00</gpxdata:distance>
     <gpxdata:speed>6.872</gpxdata:speed>
    </extensions>
   </trkpt>
   <trkpt lat="51.0350598" lon="13.8314331">
    <ele>107</ele>
    <time>2026-08-04T19:05:02Z</time>
    <extensions>
     <gpxdata:hr>134</gpxdata:hr>
     <gpxdata:distance>11034.00</gpxdata:distance>
     <gpxdata:speed>6.872</gpxdata:speed>
    </extensions>
   </trkpt>
   <trkpt lat="51.0350322" lon="13.8315207">
    <ele>107</ele>
    <time>2026-08-04T19:05:03Z</time>
    <extensions>
     <gpxdata:hr>133</gpxdata:hr>
     <gpxdata:distance>11041.00</gpxdata:distance>
     <gpxdata:speed>6.842</gpxdata:speed>
    </extensions>
   </trkpt>
   <trkpt lat="51.0350020" lon="13.8316090">
    <ele>107</ele>
    <time>2026-08-04T19:05:04Z</time>
    <extensions>
     <gpxdata:hr>134</gpxdata:hr>
     <gpxdata:distance>11048.00</gpxdata:distance>
     <gpxdata:speed>6.858</gpxdata:speed>
    </extensions>
   </trkpt>
   <trkpt lat="51.0349709" lon="13.8316966">
    <ele>107</ele>
    <time>2026-08-04T19:05:05Z</time>
    <extensions>
     <gpxdata:hr>132</gpxdata:hr>
     <gpxdata:distance>11055.00</gpxdata:distance>
     <gpxdata:speed>6.936</gpxdata:speed>
    </extensions>
   </trkpt>
   <trkpt lat="51.0349390" lon="13.8317823">
    <ele>107</ele>
    <time>2026-08-04T19:05:06Z</time>
    <extensions>
     <gpxdata:hr>131</gpxdata:hr>
     <gpxdata:distance>11062.00</gpxdata:distance>
     <gpxdata:speed>6.967</gpxdata:speed>
    </extensions>
   </trkpt>
   <trkpt lat="51.0349053" lon="13.8318664">
    <ele>107</ele>
    <time>2026-08-04T19:05:07Z</time>
    <extensions>
     <gpxdata:hr>131</gpxdata:hr>
     <gpxdata:distance>11069.00</gpxdata:distance>
     <gpxdata:speed>6.956</gpxdata:speed>
    </extensions>
   </trkpt>
   <trkpt lat="51.0348712" lon="13.8319510">
    <ele>107</ele>
    <time>2026-08-04T19:05:08Z</time>
    <extensions>
     <gpxdata:hr>132</gpxdata:hr>
     <gpxdata:distance>11076.00</gpxdata:distance>
     <gpxdata:speed>6.967</gpxdata:speed>
    </extensions>
   </trkpt>
   <trkpt lat="51.0348377" lon="13.8320365">
    <ele>107</ele>
    <time>2026-08-04T19:05:09Z</time>
    <extensions>
     <gpxdata:hr>132</gpxdata:hr>
     <gpxdata:distance>11083.00</gpxdata:distance>
     <gpxdata:speed>6.994</gpxdata:speed>
    </extensions>
   </trkpt>
   <trkpt lat="51.0348048" lon="13.8321219">
    <ele>107</ele>
    <time>2026-08-04T19:05:10Z</time>
    <extensions>
     <gpxdata:hr>133</gpxdata:hr>
     <gpxdata:distance>11090.00</gpxdata:distance>
     <gpxdata:speed>7.014</gpxdata:speed>
    </extensions>
   </trkpt>
   <trkpt lat="51.0347731" lon="13.8322076">
    <ele>107</ele>
    <time>2026-08-04T19:05:11Z</time>
    <extensions>
     <gpxdata:hr>133</gpxdata:hr>
     <gpxdata:distance>11097.00</gpxdata:distance>
     <gpxdata:speed>7.011</gpxdata:speed>
    </extensions>
   </trkpt>
   <trkpt lat="51.0347444" lon="13.8322942">
    <ele>107</ele>
    <time>2026-08-04T19:05:12Z</time>
    <extensions>
     <gpxdata:hr>133</gpxdata:hr>
     <gpxdata:distance>11103.50</gpxdata:distance>
     <gpxdata:speed>6.989</gpxdata:speed>
    </extensions>
   </trkpt>
   <trkpt lat="51.0347186" lon="13.8323821">
    <ele>107</ele>
    <time>2026-08-04T19:05:13Z</time>
    <extensions>
     <gpxdata:hr>133</gpxdata:hr>
     <gpxdata:distance>11110.00</gpxdata:distance>
     <gpxdata:speed>6.942</gpxdata:speed>
    </extensions>
   </trkpt>
   <trkpt lat="51.0346940" lon="13.8324708">
    <ele>107</ele>
    <time>2026-08-04T19:05:14Z</time>
    <extensions>
     <gpxdata:hr>132</gpxdata:hr>
     <gpxdata:distance>11117.00</gpxdata:distance>
     <gpxdata:speed>6.892</gpxdata:speed>
    </extensions>
   </trkpt>
   <trkpt lat="51.0346675" lon="13.8325587">
    <ele>107</ele>
    <time>2026-08-04T19:05:15Z</time>
    <extensions>
     <gpxdata:hr>132</gpxdata:hr>
     <gpxdata:distance>11124.00</gpxdata:distance>
     <gpxdata:speed>6.858</gpxdata:speed>
    </extensions>
   </trkpt>
   <trkpt lat="51.0346379" lon="13.8326449">
    <ele>107</ele>
    <time>2026-08-04T19:05:16Z</time>
    <extensions>
     <gpxdata:hr>132</gpxdata:hr>
     <gpxdata:distance>11131.00</gpxdata:distance>
     <gpxdata:speed>6.853</gpxdata:speed>
    </extensions>
   </trkpt>
   <trkpt lat="51.0346057" lon="13.8327292">
    <ele>107</ele>
    <time>2026-08-04T19:05:17Z</time>
    <extensions>
     <gpxdata:hr>132</gpxdata:hr>
     <gpxdata:distance>11138.00</gpxdata:distance>
     <gpxdata:speed>6.872</gpxdata:speed>
    </extensions>
   </trkpt>
   <trkpt lat="51.0345727" lon="13.8328124">
    <ele>108</ele>
    <time>2026-08-04T19:05:18Z</time>
    <extensions>
     <gpxdata:hr>132</gpxdata:hr>
     <gpxdata:distance>11145.00</gpxdata:distance>
     <gpxdata:speed>6.883</gpxdata:speed>
    </extensions>
   </trkpt>
   <trkpt lat="51.0345402" lon="13.8328965">
    <ele>108</ele>
    <time>2026-08-04T19:05:19Z</time>
    <extensions>
     <gpxdata:hr>132</gpxdata:hr>
     <gpxdata:distance>11152.00</gpxdata:distance>
     <gpxdata:speed>6.878</gpxdata:speed>
    </extensions>
   </trkpt>
   <trkpt lat="51.0345066" lon="13.8329807">
    <ele>108</ele>
    <time>2026-08-04T19:05:20Z</time>
    <extensions>
     <gpxdata:hr>131</gpxdata:hr>
     <gpxdata:distance>11159.00</gpxdata:distance>
     <gpxdata:speed>6.889</gpxdata:speed>
    </extensions>
   </trkpt>
   <trkpt lat="51.0344703" lon="13.8330637">
    <ele>108</ele>
    <time>2026-08-04T19:05:21Z</time>
    <extensions>
     <gpxdata:hr>132</gpxdata:hr>
     <gpxdata:distance>11166.00</gpxdata:distance>
     <gpxdata:speed>6.925</gpxdata:speed>
    </extensions>
   </trkpt>
   <trkpt lat="51.0344312" lon="13.8331458">
    <ele>108</ele>
    <time>2026-08-04T19:05:22Z</time>
    <extensions>
     <gpxdata:hr>132</gpxdata:hr>
     <gpxdata:distance>11173.00</gpxdata:distance>
     <gpxdata:speed>6.986</gpxdata:speed>
    </extensions>
   </trkpt>
   <trkpt lat="51.0343899" lon="13.8332271">
    <ele>108</ele>
    <time>2026-08-04T19:05:23Z</time>
    <extensions>
     <gpxdata:hr>132</gpxdata:hr>
     <gpxdata:distance>11180.00</gpxdata:distance>
     <gpxdata:speed>7.069</gpxdata:speed>
    </extensions>
   </trkpt>
   <trkpt lat="51.0343466" lon="13.8333068">
    <ele>108</ele>
    <time>2026-08-04T19:05:24Z</time>
    <extensions>
     <gpxdata:hr>131</gpxdata:hr>
     <gpxdata:distance>11187.50</gpxdata:distance>
     <gpxdata:speed>7.156</gpxdata:speed>
    </extensions>
   </trkpt>
   <trkpt lat="51.0343019" lon="13.8333854">
    <ele>108</ele>
    <time>2026-08-04T19:05:25Z</time>
    <extensions>
     <gpxdata:hr>131</gpxdata:hr>
     <gpxdata:distance>11195.00</gpxdata:distance>
     <gpxdata:speed>7.233</gpxdata:speed>
    </extensions>
   </trkpt>
   <trkpt lat="51.0342567" lon="13.8334639">
    <ele>108</ele>
    <time>2026-08-04T19:05:26Z</time>
    <extensions>
     <gpxdata:hr>131</gpxdata:hr>
     <gpxdata:distance>11202.50</gpxdata:distance>
     <gpxdata:speed>7.294</gpxdata:speed>
    </extensions>
   </trkpt>
   <trkpt lat="51.0342106" lon="13.8335424">
    <ele>108</ele>
    <time>2026-08-04T19:05:27Z</time>
    <extensions>
     <gpxdata:hr>131</gpxdata:hr>
     <gpxdata:distance>11210.00</gpxdata:distance>
     <gpxdata:speed>7.347</gpxdata:speed>
    </extensions>
   </trkpt>
   <trkpt lat="51.0341638" lon="13.8336201">
    <ele>108</ele>
    <time>2026-08-04T19:05:28Z</time>
    <extensions>
     <gpxdata:hr>131</gpxdata:hr>
     <gpxdata:distance>11217.50</gpxdata:distance>
     <gpxdata:speed>7.414</gpxdata:speed>
    </extensions>
   </trkpt>
   <trkpt lat="51.0341169" lon="13.8336978">
    <ele>108</ele>
    <time>2026-08-04T19:05:29Z</time>
    <extensions>
     <gpxdata:hr>131</gpxdata:hr>
     <gpxdata:distance>11225.00</gpxdata:distance>
     <gpxdata:speed>7.453</gpxdata:speed>
    </extensions>
   </trkpt>
   <trkpt lat="51.0340700" lon="13.8337751">
    <ele>108</ele>
    <time>2026-08-04T19:05:30Z</time>
    <extensions>
     <gpxdata:hr>131</gpxdata:hr>
     <gpxdata:distance>11232.50</gpxdata:distance>
     <gpxdata:speed>7.489</gpxdata:speed>
    </extensions>
   </trkpt>
   <trkpt lat="51.0340232" lon="13.8338525">
    <ele>108</ele>
    <time>2026-08-04T19:05:31Z</time>
    <extensions>
     <gpxdata:hr>131</gpxdata:hr>
     <gpxdata:distance>11240.00</gpxdata:distance>
     <gpxdata:speed>7.506</gpxdata:speed>
    </extensions>
   </trkpt>
   <trkpt lat="51.0339763" lon="13.8339296">
    <ele>108</ele>
    <time>2026-08-04T19:05:32Z</time>
    <extensions>
     <gpxdata:hr>131</gpxdata:hr>
     <gpxdata:distance>11247.50</gpxdata:distance>
     <gpxdata:speed>7.508</gpxdata:speed>
    </extensions>
   </trkpt>
   <trkpt lat="51.0339300" lon="13.8340064">
    <ele>108</ele>
    <time>2026-08-04T19:05:33Z</time>
    <extensions>
     <gpxdata:hr>130</gpxdata:hr>
     <gpxdata:distance>11255.00</gpxdata:distance>
     <gpxdata:speed>7.514</gpxdata:speed>
    </extensions>
   </trkpt>
   <trkpt lat="51.0338844" lon="13.8340828">
    <ele>108</ele>
    <time>2026-08-04T19:05:34Z</time>
    <extensions>
     <gpxdata:hr>130</gpxdata:hr>
     <gpxdata:distance>11262.50</gpxdata:distance>
     <gpxdata:speed>7.486</gpxdata:speed>
    </extensions>
   </trkpt>
   <trkpt lat="51.0338389" lon="13.8341590">
    <ele>108</ele>
    <time>2026-08-04T19:05:35Z</time>
    <extensions>
     <gpxdata:hr>130</gpxdata:hr>
     <gpxdata:distance>11270.00</gpxdata:distance>
     <gpxdata:speed>7.447</gpxdata:speed>
    </extensions>
   </trkpt>
   <trkpt lat="51.0337929" lon="13.8342349">
    <ele>108</ele>
    <time>2026-08-04T19:05:36Z</time>
    <extensions>
     <gpxdata:hr>131</gpxdata:hr>
     <gpxdata:distance>11277.00</gpxdata:distance>
     <gpxdata:speed>7.417</gpxdata:speed>
    </extensions>
   </trkpt>
   <trkpt lat="51.0337463" lon="13.8343104">
    <ele>108</ele>
    <time>2026-08-04T19:05:37Z</time>
    <extensions>
     <gpxdata:hr>131</gpxdata:hr>
     <gpxdata:distance>11284.00</gpxdata:distance>
     <gpxdata:speed>7.411</gpxdata:speed>
    </extensions>
   </trkpt>
   <trkpt lat="51.0336996" lon="13.8343859">
    <ele>108</ele>
    <time>2026-08-04T19:05:38Z</time>
    <extensions>
     <gpxdata:hr>131</gpxdata:hr>
     <gpxdata:distance>11291.50</gpxdata:distance>
     <gpxdata:speed>7.411</gpxdata:speed>
    </extensions>
   </trkpt>
   <trkpt lat="51.0336528" lon="13.8344623">
    <ele>108</ele>
    <time>2026-08-04T19:05:39Z</time>
    <extensions>
     <gpxdata:hr>132</gpxdata:hr>
     <gpxdata:distance>11299.00</gpxdata:distance>
     <gpxdata:speed>7.408</gpxdata:speed>
    </extensions>
   </trkpt>
   <trkpt lat="51.0336058" lon="13.8345397">
    <ele>108</ele>
    <time>2026-08-04T19:05:40Z</time>
    <extensions>
     <gpxdata:hr>132</gpxdata:hr>
     <gpxdata:distance>11306.50</gpxdata:distance>
     <gpxdata:speed>7.433</gpxdata:speed>
    </extensions>
   </trkpt>
   <trkpt lat="51.0335582" lon="13.8346174">
    <ele>108</ele>
    <time>2026-08-04T19:05:41Z</time>
    <extensions>
     <gpxdata:hr>132</gpxdata:hr>
     <gpxdata:distance>11314.00</gpxdata:distance>
     <gpxdata:speed>7.469</gpxdata:speed>
    </extensions>
   </trkpt>
   <trkpt lat="51.0335099" lon="13.8346956">
    <ele>108</ele>
    <time>2026-08-04T19:05:42Z</time>
    <extensions>
     <gpxdata:hr>131</gpxdata:hr>
     <gpxdata:distance>11322.00</gpxdata:distance>
     <gpxdata:speed>7.514</gpxdata:speed>
    </extensions>
   </trkpt>
   <trkpt lat="51.0334615" lon="13.8347740">
    <ele>108</ele>
    <time>2026-08-04T19:05:43Z</time>
    <extensions>
     <gpxdata:hr>131</gpxdata:hr>
     <gpxdata:distance>11330.00</gpxdata:distance>
     <gpxdata:speed>7.572</gpxdata:speed>
    </extensions>
   </trkpt>
   <trkpt lat="51.0334134" lon="13.8348519">
    <ele>108</ele>
    <time>2026-08-04T19:05:44Z</time>
    <extensions>
     <gpxdata:hr>131</gpxdata:hr>
     <gpxdata:distance>11337.50</gpxdata:distance>
     <gpxdata:speed>7.608</gpxdata:speed>
    </extensions>
   </trkpt>
   <trkpt lat="51.0333653" lon="13.8349292">
    <ele>107</ele>
    <time>2026-08-04T19:05:45Z</time>
    <extensions>
     <gpxdata:hr>131</gpxdata:hr>
     <gpxdata:distance>11345.00</gpxdata:distance>
     <gpxdata:speed>7.617</gpxdata:speed>
    </extensions>
   </trkpt>
   <trkpt lat="51.0333174" lon="13.8350053">
    <ele>107</ele>
    <time>2026-08-04T19:05:46Z</time>
    <extensions>
     <gpxdata:hr>131</gpxdata:hr>
     <gpxdata:distance>11352.50</gpxdata:distance>
     <gpxdata:speed>7.614</gpxdata:speed>
    </extensions>
   </trkpt>
   <trkpt lat="51.0332696" lon="13.8350804">
    <ele>107</ele>
    <time>2026-08-04T19:05:47Z</time>
    <extensions>
     <gpxdata:hr>130</gpxdata:hr>
     <gpxdata:distance>11360.00</gpxdata:distance>
     <gpxdata:speed>7.589</gpxdata:speed>
    </extensions>
   </trkpt>
   <trkpt lat="51.0332216" lon="13.8351550">
    <ele>107</ele>
    <time>2026-08-04T19:05:48Z</time>
    <extensions>
     <gpxdata:hr>130</gpxdata:hr>
     <gpxdata:distance>11367.50</gpxdata:distance>
     <gpxdata:speed>7.547</gpxdata:speed>
    </extensions>
   </trkpt>
   <trkpt lat="51.0331734" lon="13.8352296">
    <ele>107</ele>
    <time>2026-08-04T19:05:49Z</time>
    <extensions>
     <gpxdata:hr>130</gpxdata:hr>
     <gpxdata:distance>11375.00</gpxdata:distance>
     <gpxdata:speed>7.531</gpxdata:speed>
    </extensions>
   </trkpt>
   <trkpt lat="51.0331243" lon="13.8353061">
    <ele>107</ele>
    <time>2026-08-04T19:05:50Z</time>
    <extensions>
     <gpxdata:hr>130</gpxdata:hr>
     <gpxdata:distance>11382.50</gpxdata:distance>
     <gpxdata:speed>7.519</gpxdata:speed>
    </extensions>
   </trkpt>
   <trkpt lat="51.0330722" lon="13.8353872">
    <ele>107</ele>
    <time>2026-08-04T19:05:51Z</time>
    <extensions>
     <gpxdata:hr>130</gpxdata:hr>
     <gpxdata:distance>11390.00</gpxdata:distance>
     <gpxdata:speed>7.578</gpxdata:speed>
    </extensions>
   </trkpt>
   <trkpt lat="51.0330160" lon="13.8354729">
    <ele>107</ele>
    <time>2026-08-04T19:05:52Z</time>
    <extensions>
     <gpxdata:hr>130</gpxdata:hr>
     <gpxdata:distance>11399.00</gpxdata:distance>
     <gpxdata:speed>8.072</gpxdata:speed>
    </extensions>
   </trkpt>
   <trkpt lat="51.0329545" lon="13.8355617">
    <ele>107</ele>
    <time>2026-08-04T19:05:53Z</time>
    <extensions>
     <gpxdata:hr>131</gpxdata:hr>
     <gpxdata:distance>11408.00</gpxdata:distance>
     <gpxdata:speed>8.558</gpxdata:speed>
    </extensions>
   </trkpt>
   <trkpt lat="51.0328886" lon="13.8356526">
    <ele>108</ele>
    <time>2026-08-04T19:05:54Z</time>
    <extensions>
     <gpxdata:hr>131</gpxdata:hr>
     <gpxdata:distance>11417.50</gpxdata:distance>
     <gpxdata:speed>9.086</gpxdata:speed>
    </extensions>
   </trkpt>
   <trkpt lat="51.0328196" lon="13.8357454">
    <ele>108</ele>
    <time>2026-08-04T19:05:55Z</time>
    <extensions>
     <gpxdata:hr>132</gpxdata:hr>
     <gpxdata:distance>11427.00</gpxdata:distance>
     <gpxdata:speed>9.533</gpxdata:speed>
    </extensions>
   </trkpt>
   <trkpt lat="51.0327489" lon="13.8358386">
    <ele>108</ele>
    <time>2026-08-04T19:05:56Z</time>
    <extensions>
     <gpxdata:hr>133</gpxdata:hr>
     <gpxdata:distance>11437.50</gpxdata:distance>
     <gpxdata:speed>9.864</gpxdata:speed>
    </extensions>
   </trkpt>
   <trkpt lat="51.0326767" lon="13.8359301">
    <ele>108</ele>
    <time>2026-08-04T19:05:57Z</time>
    <extensions>
     <gpxdata:hr>135</gpxdata:hr>
     <gpxdata:distance>11448.00</gpxdata:distance>
     <gpxdata:speed>10.042</gpxdata:speed>
    </extensions>
   </trkpt>
   <trkpt lat="51.0326030" lon="13.8360192">
    <ele>108</ele>
    <time>2026-08-04T19:05:58Z</time>
    <extensions>
     <gpxdata:hr>137</gpxdata:hr>
     <gpxdata:distance>11458.00</gpxdata:distance>
     <gpxdata:speed>10.153</gpxdata:speed>
    </extensions>
   </trkpt>
   <trkpt lat="51.0325278" lon="13.8361054">
    <ele>108</ele>
    <time>2026-08-04T19:05:59Z</time>
    <extensions>
     <gpxdata:hr>139</gpxdata:hr>
     <gpxdata:distance>11468.00</gpxdata:distance>
     <gpxdata:speed>10.222</gpxdata:speed>
    </extensions>
   </trkpt>
   <trkpt lat="51.0324502" lon="13.8361880">
    <ele>108</ele>
    <time>2026-08-04T19:06:00Z</time>
    <extensions>
     <gpxdata:hr>142</gpxdata:hr>
     <gpxdata:distance>11478.50</gpxdata:distance>
     <gpxdata:speed>10.267</gpxdata:speed>
    </extensions>
   </trkpt>
   <trkpt lat="51.0323698" lon="13.8362665">
    <ele>108</ele>
    <time>2026-08-04T19:06:01Z</time>
    <extensions>
     <gpxdata:hr>144</gpxdata:hr>
     <gpxdata:distance>11489.00</gpxdata:distance>
     <gpxdata:speed>10.369</gpxdata:speed>
    </extensions>
   </trkpt>
   <trkpt lat="51.0322870" lon="13.8363428">
    <ele>108</ele>
    <time>2026-08-04T19:06:02Z</time>
    <extensions>
     <gpxdata:hr>146</gpxdata:hr>
     <gpxdata:distance>11500.00</gpxdata:distance>
     <gpxdata:speed>10.481</gpxdata:speed>
    </extensions>
   </trkpt>
   <trkpt lat="51.0322033" lon="13.8364189">
    <ele>107</ele>
    <time>2026-08-04T19:06:03Z</time>
    <extensions>
     <gpxdata:hr>147</gpxdata:hr>
     <gpxdata:distance>11511.00</gpxdata:distance>
     <gpxdata:speed>10.614</gpxdata:speed>
    </extensions>
   </trkpt>
   <trkpt lat="51.0321194" lon="13.8364959">
    <ele>107</ele>
    <time>2026-08-04T19:06:04Z</time>
    <extensions>
     <gpxdata:hr>148</gpxdata:hr>
     <gpxdata:distance>11521.50</gpxdata:distance>
     <gpxdata:speed>10.681</gpxdata:speed>
    </extensions>
   </trkpt>
   <trkpt lat="51.0320359" lon="13.8365746">
    <ele>107</ele>
    <time>2026-08-04T19:06:05Z</time>
    <extensions>
     <gpxdata:hr>149</gpxdata:hr>
     <gpxdata:distance>11532.00</gpxdata:distance>
     <gpxdata:speed>10.733</gpxdata:speed>
    </extensions>
   </trkpt>
   <trkpt lat="51.0319526" lon="13.8366552">
    <ele>107</ele>
    <time>2026-08-04T19:06:06Z</time>
    <extensions>
     <gpxdata:hr>150</gpxdata:hr>
     <gpxdata:distance>11543.00</gpxdata:distance>
     <gpxdata:speed>10.767</gpxdata:speed>
    </extensions>
   </trkpt>
   <trkpt lat="51.0318695" lon="13.8367367">
    <ele>107</ele>
    <time>2026-08-04T19:06:07Z</time>
    <extensions>
     <gpxdata:hr>151</gpxdata:hr>
     <gpxdata:distance>11554.00</gpxdata:distance>
     <gpxdata:speed>10.825</gpxdata:speed>
    </extensions>
   </trkpt>
   <trkpt lat="51.0317865" lon="13.8368170">
    <ele>107</ele>
    <time>2026-08-04T19:06:08Z</time>
    <extensions>
     <gpxdata:hr>152</gpxdata:hr>
     <gpxdata:distance>11564.50</gpxdata:distance>
     <gpxdata:speed>10.844</gpxdata:speed>
    </extensions>
   </trkpt>
   <trkpt lat="51.0317032" lon="13.8368957">
    <ele>107</ele>
    <time>2026-08-04T19:06:09Z</time>
    <extensions>
     <gpxdata:hr>153</gpxdata:hr>
     <gpxdata:distance>11575.00</gpxdata:distance>
     <gpxdata:speed>10.836</gpxdata:speed>
    </extensions>
   </trkpt>
   <trkpt lat="51.0316199" lon="13.8369739">
    <ele>107</ele>
    <time>2026-08-04T19:06:10Z</time>
    <extensions>
     <gpxdata:hr>152</gpxdata:hr>
     <gpxdata:distance>11586.00</gpxdata:distance>
     <gpxdata:speed>10.828</gpxdata:speed>
    </extensions>
   </trkpt>
   <trkpt lat="51.0315364" lon="13.8370506">
    <ele>107</ele>
    <time>2026-08-04T19:06:11Z</time>
    <extensions>
     <gpxdata:hr>152</gpxdata:hr>
     <gpxdata:distance>11597.00</gpxdata:distance>
     <gpxdata:speed>10.808</gpxdata:speed>
    </extensions>
   </trkpt>
   <trkpt lat="51.0314515" lon="13.8371211">
    <ele>107</ele>
    <time>2026-08-04T19:06:12Z</time>
    <extensions>
     <gpxdata:hr>153</gpxdata:hr>
     <gpxdata:distance>11607.50</gpxdata:distance>
     <gpxdata:speed>10.786</gpxdata:speed>
    </extensions>
   </trkpt>
   <trkpt lat="51.0313634" lon="13.8371804">
    <ele>107</ele>
    <time>2026-08-04T19:06:13Z</time>
    <extensions>
     <gpxdata:hr>152</gpxdata:hr>
     <gpxdata:distance>11618.00</gpxdata:distance>
     <gpxdata:speed>10.744</gpxdata:speed>
    </extensions>
   </trkpt>
   <trkpt lat="51.0312720" lon="13.8372270">
    <ele>107</ele>
    <time>2026-08-04T19:06:14Z</time>
    <extensions>
     <gpxdata:hr>152</gpxdata:hr>
     <gpxdata:distance>11629.00</gpxdata:distance>
     <gpxdata:speed>10.722</gpxdata:speed>
    </extensions>
   </trkpt>
   <trkpt lat="51.0311783" lon="13.8372650">
    <ele>107</ele>
    <time>2026-08-04T19:06:15Z</time>
    <extensions>
     <gpxdata:hr>152</gpxdata:hr>
     <gpxdata:distance>11640.00</gpxdata:distance>
     <gpxdata:speed>10.725</gpxdata:speed>
    </extensions>
   </trkpt>
   <trkpt lat="51.0310837" lon="13.8372995">
    <ele>107</ele>
    <time>2026-08-04T19:06:16Z</time>
    <extensions>
     <gpxdata:hr>152</gpxdata:hr>
     <gpxdata:distance>11650.50</gpxdata:distance>
     <gpxdata:speed>10.742</gpxdata:speed>
    </extensions>
   </trkpt>
   <trkpt lat="51.0309893" lon="13.8373330">
    <ele>107</ele>
    <time>2026-08-04T19:06:17Z</time>
    <extensions>
     <gpxdata:hr>152</gpxdata:hr>
     <gpxdata:distance>11661.00</gpxdata:distance>
     <gpxdata:speed>10.758</gpxdata:speed>
    </extensions>
   </trkpt>
   <trkpt lat="51.0308955" lon="13.8373661">
    <ele>107</ele>
    <time>2026-08-04T19:06:18Z</time>
    <extensions>
     <gpxdata:hr>152</gpxdata:hr>
     <gpxdata:distance>11672.00</gpxdata:distance>
     <gpxdata:speed>10.747</gpxdata:speed>
    </extensions>
   </trkpt>
   <trkpt lat="51.0308026" lon="13.8373999">
    <ele>107</ele>
    <time>2026-08-04T19:06:19Z</time>
    <extensions>
     <gpxdata:hr>153</gpxdata:hr>
     <gpxdata:distance>11683.00</gpxdata:distance>
     <gpxdata:speed>10.719</gpxdata:speed>
    </extensions>
   </trkpt>
   <trkpt lat="51.0307108" lon="13.8374359">
    <ele>107</ele>
    <time>2026-08-04T19:06:20Z</time>
    <extensions>
     <gpxdata:hr>153</gpxdata:hr>
     <gpxdata:distance>11693.50</gpxdata:distance>
     <gpxdata:speed>10.678</gpxdata:speed>
    </extensions>
   </trkpt>
   <trkpt lat="51.0306201" lon="13.8374747">
    <ele>107</ele>
    <time>2026-08-04T19:06:21Z</time>
    <extensions>
     <gpxdata:hr>154</gpxdata:hr>
     <gpxdata:distance>11704.00</gpxdata:distance>
     <gpxdata:speed>10.622</gpxdata:speed>
    </extensions>
   </trkpt>
   <trkpt lat="51.0305308" lon="13.8375142">
    <ele>107</ele>
    <time>2026-08-04T19:06:22Z</time>
    <extensions>
     <gpxdata:hr>155</gpxdata:hr>
     <gpxdata:distance>11714.00</gpxdata:distance>
     <gpxdata:speed>10.561</gpxdata:speed>
    </extensions>
   </trkpt>
   <trkpt lat="51.0304429" lon="13.8375532">
    <ele>107</ele>
    <time>2026-08-04T19:06:23Z</time>
    <extensions>
     <gpxdata:hr>155</gpxdata:hr>
     <gpxdata:distance>11724.00</gpxdata:distance>
     <gpxdata:speed>10.472</gpxdata:speed>
    </extensions>
   </trkpt>
   <trkpt lat="51.0303563" lon="13.8375912">
    <ele>107</ele>
    <time>2026-08-04T19:06:24Z</time>
    <extensions>
     <gpxdata:hr>156</gpxdata:hr>
     <gpxdata:distance>11734.00</gpxdata:distance>
     <gpxdata:speed>10.358</gpxdata:speed>
    </extensions>
   </trkpt>
   <trkpt lat="51.0302699" lon="13.8376291">
    <ele>107</ele>
    <time>2026-08-04T19:06:25Z</time>
    <extensions>
     <gpxdata:hr>156</gpxdata:hr>
     <gpxdata:distance>11744.00</gpxdata:distance>
     <gpxdata:speed>10.222</gpxdata:speed>
    </extensions>
   </trkpt>
   <trkpt lat="51.0301835" lon="13.8376679">
    <ele>107</ele>
    <time>2026-08-04T19:06:26Z</time>
    <extensions>
     <gpxdata:hr>156</gpxdata:hr>
     <gpxdata:distance>11754.00</gpxdata:distance>
     <gpxdata:speed>10.117</gpxdata:speed>
    </extensions>
   </trkpt>
   <trkpt lat="51.0300978" lon="13.8377078">
    <ele>107</ele>
    <time>2026-08-04T19:06:27Z</time>
    <extensions>
     <gpxdata:hr>157</gpxdata:hr>
     <gpxdata:distance>11764.00</gpxdata:distance>
     <gpxdata:speed>10.050</gpxdata:speed>
    </extensions>
   </trkpt>
   <trkpt lat="51.0300124" lon="13.8377481">
    <ele>107</ele>
    <time>2026-08-04T19:06:28Z</time>
    <extensions>
     <gpxdata:hr>156</gpxdata:hr>
     <gpxdata:distance>11774.00</gpxdata:distance>
     <gpxdata:speed>9.978</gpxdata:speed>
    </extensions>
   </trkpt>
   <trkpt lat="51.0299268" lon="13.8377869">
    <ele>107</ele>
    <time>2026-08-04T19:06:29Z</time>
    <extensions>
     <gpxdata:hr>156</gpxdata:hr>
     <gpxdata:distance>11784.00</gpxdata:distance>
     <gpxdata:speed>9.933</gpxdata:speed>
    </extensions>
   </trkpt>
   <trkpt lat="51.0298409" lon="13.8378236">
    <ele>107</ele>
    <time>2026-08-04T19:06:30Z</time>
    <extensions>
     <gpxdata:hr>156</gpxdata:hr>
     <gpxdata:distance>11794.00</gpxdata:distance>
     <gpxdata:speed>9.931</gpxdata:speed>
    </extensions>
   </trkpt>
   <trkpt lat="51.0297545" lon="13.8378597">
    <ele>107</ele>
    <time>2026-08-04T19:06:31Z</time>
    <extensions>
     <gpxdata:hr>156</gpxdata:hr>
     <gpxdata:distance>11804.00</gpxdata:distance>
     <gpxdata:speed>9.911</gpxdata:speed>
    </extensions>
   </trkpt>
   <trkpt lat="51.0296671" lon="13.8378973">
    <ele>107</ele>
    <time>2026-08-04T19:06:32Z</time>
    <extensions>
     <gpxdata:hr>156</gpxdata:hr>
     <gpxdata:distance>11814.00</gpxdata:distance>
     <gpxdata:speed>9.925</gpxdata:speed>
    </extensions>
   </trkpt>
   <trkpt lat="51.0295798" lon="13.8379365">
    <ele>107</ele>
    <time>2026-08-04T19:06:33Z</time>
    <extensions>
     <gpxdata:hr>156</gpxdata:hr>
     <gpxdata:distance>11824.00</gpxdata:distance>
     <gpxdata:speed>9.989</gpxdata:speed>
    </extensions>
   </trkpt>
   <trkpt lat="51.0294931" lon="13.8379766">
    <ele>107</ele>
    <time>2026-08-04T19:06:34Z</time>
    <extensions>
     <gpxdata:hr>155</gpxdata:hr>
     <gpxdata:distance>11834.00</gpxdata:distance>
     <gpxdata:speed>10.025</gpxdata:speed>
    </extensions>
   </trkpt>
   <trkpt lat="51.0294073" lon="13.8380170">
    <ele>107</ele>
    <time>2026-08-04T19:06:35Z</time>
    <extensions>
     <gpxdata:hr>156</gpxdata:hr>
     <gpxdata:distance>11844.00</gpxdata:distance>
     <gpxdata:speed>10.025</gpxdata:speed>
    </extensions>
   </trkpt>
   <trkpt lat="51.0293225" lon="13.8380590">
    <ele>107</ele>
    <time>2026-08-04T19:06:36Z</time>
    <extensions>
     <gpxdata:hr>156</gpxdata:hr>
     <gpxdata:distance>11854.00</gpxdata:distance>
     <gpxdata:speed>9.997</gpxdata:speed>
    </extensions>
   </trkpt>
   <trkpt lat="51.0292385" lon="13.8381022">
    <ele>107</ele>
    <time>2026-08-04T19:06:37Z</time>
    <extensions>
     <gpxdata:hr>156</gpxdata:hr>
     <gpxdata:distance>11864.00</gpxdata:distance>
     <gpxdata:speed>9.953</gpxdata:speed>
    </extensions>
   </trkpt>
   <trkpt lat="51.0291544" lon="13.8381435">
    <ele>107</ele>
    <time>2026-08-04T19:06:38Z</time>
    <extensions>
     <gpxdata:hr>156</gpxdata:hr>
     <gpxdata:distance>11873.50</gpxdata:distance>
     <gpxdata:speed>9.908</gpxdata:speed>
    </extensions>
   </trkpt>
   <trkpt lat="51.0290700" lon="13.8381802">
    <ele>107</ele>
    <time>2026-08-04T19:06:39Z</time>
    <extensions>
     <gpxdata:hr>156</gpxdata:hr>
     <gpxdata:distance>11883.00</gpxdata:distance>
     <gpxdata:speed>9.875</gpxdata:speed>
    </extensions>
   </trkpt>
   <trkpt lat="51.0289860" lon="13.8382148">
    <ele>107</ele>
    <time>2026-08-04T19:06:40Z</time>
    <extensions>
     <gpxdata:hr>155</gpxdata:hr>
     <gpxdata:distance>11893.00</gpxdata:distance>
     <gpxdata:speed>9.828</gpxdata:speed>
    </extensions>
   </trkpt>
   <trkpt lat="51.0289029" lon="13.8382505">
    <ele>107</ele>
    <time>2026-08-04T19:06:41Z</time>
    <extensions>
     <gpxdata:hr>155</gpxdata:hr>
     <gpxdata:distance>11903.00</gpxdata:distance>
     <gpxdata:speed>9.769</gpxdata:speed>
    </extensions>
   </trkpt>
   <trkpt lat="51.0288211" lon="13.8382873">
    <ele>107</ele>
    <time>2026-08-04T19:06:42Z</time>
    <extensions>
     <gpxdata:hr>155</gpxdata:hr>
     <gpxdata:distance>11912.50</gpxdata:distance>
     <gpxdata:speed>9.700</gpxdata:speed>
    </extensions>
   </trkpt>
   <trkpt lat="51.0287403" lon="13.8383245">
    <ele>107</ele>
    <time>2026-08-04T19:06:43Z</time>
    <extensions>
     <gpxdata:hr>155</gpxdata:hr>
     <gpxdata:distance>11922.00</gpxdata:distance>
     <gpxdata:speed>9.611</gpxdata:speed>
    </extensions>
   </trkpt>
   <trkpt lat="51.0286599" lon="13.8383626">
    <ele>107</ele>
    <time>2026-08-04T19:06:44Z</time>
    <extensions>
     <gpxdata:hr>155</gpxdata:hr>
     <gpxdata:distance>11931.00</gpxdata:distance>
     <gpxdata:speed>9.514</gpxdata:speed>
    </extensions>
   </trkpt>
   <trkpt lat="51.0285795" lon="13.8384032">
    <ele>107</ele>
    <time>2026-08-04T19:06:45Z</time>
    <extensions>
     <gpxdata:hr>156</gpxdata:hr>
     <gpxdata:distance>11940.00</gpxdata:distance>
     <gpxdata:speed>9.456</gpxdata:speed>
    </extensions>
   </trkpt>
   <trkpt lat="51.0284987" lon="13.8384445">
    <ele>107</ele>
    <time>2026-08-04T19:06:46Z</time>
    <extensions>
     <gpxdata:hr>156</gpxdata:hr>
     <gpxdata:distance>11949.50</gpxdata:distance>
     <gpxdata:speed>9.436</gpxdata:speed>
    </extensions>
   </trkpt>
   <trkpt lat="51.0284181" lon="13.8384876">
    <ele>107</ele>
    <time>2026-08-04T19:06:47Z</time>
    <extensions>
     <gpxdata:hr>156</gpxdata:hr>
     <gpxdata:distance>11959.00</gpxdata:distance>
     <gpxdata:speed>9.444</gpxdata:speed>
    </extensions>
   </trkpt>
   <trkpt lat="51.0283387" lon="13.8385375">
    <ele>107</ele>
    <time>2026-08-04T19:06:48Z</time>
    <extensions>
     <gpxdata:hr>156</gpxdata:hr>
     <gpxdata:distance>11968.50</gpxdata:distance>
     <gpxdata:speed>9.444</gpxdata:speed>
    </extensions>
   </trkpt>
   <trkpt lat="51.0282609" lon="13.8385952">
    <ele>107</ele>
    <time>2026-08-04T19:06:49Z</time>
    <extensions>
     <gpxdata:hr>157</gpxdata:hr>
     <gpxdata:distance>11978.00</gpxdata:distance>
     <gpxdata:speed>9.467</gpxdata:speed>
    </extensions>
   </trkpt>
   <trkpt lat="51.0281838" lon="13.8386559">
    <ele>107</ele>
    <time>2026-08-04T19:06:50Z</time>
    <extensions>
     <gpxdata:hr>157</gpxdata:hr>
     <gpxdata:distance>11987.50</gpxdata:distance>
     <gpxdata:speed>9.506</gpxdata:speed>
    </extensions>
   </trkpt>
   <trkpt lat="51.0281054" lon="13.8387137">
    <ele>107</ele>
    <time>2026-08-04T19:06:51Z</time>
    <extensions>
     <gpxdata:hr>157</gpxdata:hr>
     <gpxdata:distance>11997.00</gpxdata:distance>
     <gpxdata:speed>9.525</gpxdata:speed>
    </extensions>
   </trkpt>
   <trkpt lat="51.0280244" lon="13.8387643">
    <ele>107</ele>
    <time>2026-08-04T19:06:52Z</time>
    <extensions>
     <gpxdata:hr>158</gpxdata:hr>
     <gpxdata:distance>12007.00</gpxdata:distance>
     <gpxdata:speed>9.564</gpxdata:speed>
    </extensions>
   </trkpt>
   <trkpt lat="51.0279413" lon="13.8388062">
    <ele>107</ele>
    <time>2026-08-04T19:06:53Z</time>
    <extensions>
     <gpxdata:hr>158</gpxdata:hr>
     <gpxdata:distance>12017.00</gpxdata:distance>
     <gpxdata:speed>9.614</gpxdata:speed>
    </extensions>
   </trkpt>
   <trkpt lat="51.0278573" lon="13.8388401">
    <ele>107</ele>
    <time>2026-08-04T19:06:54Z</time>
    <extensions>
     <gpxdata:hr>158</gpxdata:hr>
     <gpxdata:distance>12026.50</gpxdata:distance>
     <gpxdata:speed>9.653</gpxdata:speed>
    </extensions>
   </trkpt>
   <trkpt lat="51.0277752" lon="13.8388682">
    <ele>107</ele>
    <time>2026-08-04T19:06:55Z</time>
    <extensions>
     <gpxdata:hr>157</gpxdata:hr>
     <gpxdata:distance>12036.00</gpxdata:distance>
     <gpxdata:speed>9.642</gpxdata:speed>
    </extensions>
   </trkpt>
   <trkpt lat="51.0276958" lon="13.8388975">
    <ele>107</ele>
    <time>2026-08-04T19:06:56Z</time>
    <extensions>
     <gpxdata:hr>157</gpxdata:hr>
     <gpxdata:distance>12045.00</gpxdata:distance>
     <gpxdata:speed>9.517</gpxdata:speed>
    </extensions>
   </trkpt>
   <trkpt lat="51.0276193" lon="13.8389327">
    <ele>107</ele>
    <time>2026-08-04T19:06:57Z</time>
    <extensions>
     <gpxdata:hr>158</gpxdata:hr>
     <gpxdata:distance>12054.00</gpxdata:distance>
     <gpxdata:speed>9.347</gpxdata:speed>
    </extensions>
   </trkpt>
   <trkpt lat="51.0275434" lon="13.8389738">
    <ele>107</ele>
    <time>2026-08-04T19:06:58Z</time>
    <extensions>
     <gpxdata:hr>158</gpxdata:hr>
     <gpxdata:distance>12063.00</gpxdata:distance>
     <gpxdata:speed>9.183</gpxdata:speed>
    </extensions>
   </trkpt>
   <trkpt lat="51.0274660" lon="13.8390169">
    <ele>106</ele>
    <time>2026-08-04T19:06:59Z</time>
    <extensions>
     <gpxdata:hr>157</gpxdata:hr>
     <gpxdata:distance>12072.00</gpxdata:distance>
     <gpxdata:speed>9.114</gpxdata:speed>
    </extensions>
   </trkpt>
   <trkpt lat="51.0273863" lon="13.8390572">
    <ele>106</ele>
    <time>2026-08-04T19:07:00Z</time>
    <extensions>
     <gpxdata:hr>156</gpxdata:hr>
     <gpxdata:distance>12081.50</gpxdata:distance>
     <gpxdata:speed>9.133</gpxdata:speed>
    </extensions>
   </trkpt>
   <trkpt lat="51.0273049" lon="13.8390920">
    <ele>106</ele>
    <time>2026-08-04T19:07:01Z</time>
    <extensions>
     <gpxdata:hr>156</gpxdata:hr>
     <gpxdata:distance>12091.00</gpxdata:distance>
     <gpxdata:speed>9.206</gpxdata:speed>
    </extensions>
   </trkpt>
   <trkpt lat="51.0272234" lon="13.8391224">
    <ele>106</ele>
    <time>2026-08-04T19:07:02Z</time>
    <extensions>
     <gpxdata:hr>155</gpxdata:hr>
     <gpxdata:distance>12100.00</gpxdata:distance>
     <gpxdata:speed>9.261</gpxdata:speed>
    </extensions>
   </trkpt>
   <trkpt lat="51.0271423" lon="13.8391536">
    <ele>106</ele>
    <time>2026-08-04T19:07:03Z</time>
    <extensions>
     <gpxdata:hr>155</gpxdata:hr>
     <gpxdata:distance>12109.00</gpxdata:distance>
     <gpxdata:speed>9.264</gpxdata:speed>
    </extensions>
   </trkpt>
   <trkpt lat="51.0270620" lon="13.8391892">
    <ele>106</ele>
    <time>2026-08-04T19:07:04Z</time>
    <extensions>
     <gpxdata:hr>155</gpxdata:hr>
     <gpxdata:distance>12118.50</gpxdata:distance>
     <gpxdata:speed>9.258</gpxdata:speed>
    </extensions>
   </trkpt>
   <trkpt lat="51.0269817" lon="13.8392291">
    <ele>107</ele>
    <time>2026-08-04T19:07:05Z</time>
    <extensions>
     <gpxdata:hr>155</gpxdata:hr>
     <gpxdata:distance>12128.00</gpxdata:distance>
     <gpxdata:speed>9.261</gpxdata:speed>
    </extensions>
   </trkpt>
   <trkpt lat="51.0269005" lon="13.8392707">
    <ele>107</ele>
    <time>2026-08-04T19:07:06Z</time>
    <extensions>
     <gpxdata:hr>155</gpxdata:hr>
     <gpxdata:distance>12137.50</gpxdata:distance>
     <gpxdata:speed>9.306</gpxdata:speed>
    </extensions>
   </trkpt>
   <trkpt lat="51.0268179" lon="13.8393120">
    <ele>107</ele>
    <time>2026-08-04T19:07:07Z</time>
    <extensions>
     <gpxdata:hr>155</gpxdata:hr>
     <gpxdata:distance>12147.00</gpxdata:distance>
     <gpxdata:speed>9.389</gpxdata:speed>
    </extensions>
   </trkpt>
   <trkpt lat="51.0267337" lon="13.8393536">
    <ele>107</ele>
    <time>2026-08-04T19:07:08Z</time>
    <extensions>
     <gpxdata:hr>155</gpxdata:hr>
     <gpxdata:distance>12157.00</gpxdata:distance>
     <gpxdata:speed>9.494</gpxdata:speed>
    </extensions>
   </trkpt>
   <trkpt lat="51.0266484" lon="13.8393948">
    <ele>107</ele>
    <time>2026-08-04T19:07:09Z</time>
    <extensions>
     <gpxdata:hr>156</gpxdata:hr>
     <gpxdata:distance>12167.00</gpxdata:distance>
     <gpxdata:speed>9.617</gpxdata:speed>
    </extensions>
   </trkpt>
   <trkpt lat="51.0265623" lon="13.8394357">
    <ele>107</ele>
    <time>2026-08-04T19:07:10Z</time>
    <extensions>
     <gpxdata:hr>156</gpxdata:hr>
     <gpxdata:distance>12177.00</gpxdata:distance>
     <gpxdata:speed>9.731</gpxdata:speed>
    </extensions>
   </trkpt>
   <trkpt lat="51.0264761" lon="13.8394765">
    <ele>107</ele>
    <time>2026-08-04T19:07:11Z</time>
    <extensions>
     <gpxdata:hr>156</gpxdata:hr>
     <gpxdata:distance>12187.00</gpxdata:distance>
     <gpxdata:speed>9.822</gpxdata:speed>
    </extensions>
   </trkpt>
   <trkpt lat="51.0263905" lon="13.8395179">
    <ele>107</ele>
    <time>2026-08-04T19:07:12Z</time>
    <extensions>
     <gpxdata:hr>156</gpxdata:hr>
     <gpxdata:distance>12196.50</gpxdata:distance>
     <gpxdata:speed>9.906</gpxdata:speed>
    </extensions>
   </trkpt>
   <trkpt lat="51.0263059" lon="13.8395594">
    <ele>107</ele>
    <time>2026-08-04T19:07:13Z</time>
    <extensions>
     <gpxdata:hr>157</gpxdata:hr>
     <gpxdata:distance>12206.00</gpxdata:distance>
     <gpxdata:speed>9.931</gpxdata:speed>
    </extensions>
   </trkpt>
   <trkpt lat="51.0262223" lon="13.8395992">
    <ele>107</ele>
    <time>2026-08-04T19:07:14Z</time>
    <extensions>
     <gpxdata:hr>157</gpxdata:hr>
     <gpxdata:distance>12216.00</gpxdata:distance>
     <gpxdata:speed>9.886</gpxdata:speed>
    </extensions>
   </trkpt>
   <trkpt lat="51.0261400" lon="13.8396368">
    <ele>107</ele>
    <time>2026-08-04T19:07:15Z</time>
    <extensions>
     <gpxdata:hr>158</gpxdata:hr>
     <gpxdata:distance>12226.00</gpxdata:distance>
     <gpxdata:speed>9.819</gpxdata:speed>
    </extensions>
   </trkpt>
   <trkpt lat="51.0260579" lon="13.8396720">
    <ele>107</ele>
    <time>2026-08-04T19:07:16Z</time>
    <extensions>
     <gpxdata:hr>158</gpxdata:hr>
     <gpxdata:distance>12235.50</gpxdata:distance>
     <gpxdata:speed>9.714</gpxdata:speed>
    </extensions>
   </trkpt>
   <trkpt lat="51.0259760" lon="13.8397059">
    <ele>107</ele>
    <time>2026-08-04T19:07:17Z</time>
    <extensions>
     <gpxdata:hr>159</gpxdata:hr>
     <gpxdata:distance>12245.00</gpxdata:distance>
     <gpxdata:speed>9.633</gpxdata:speed>
    </extensions>
   </trkpt>
   <trkpt lat="51.0258963" lon="13.8397394">
    <ele>107</ele>
    <time>2026-08-04T19:07:18Z</time>
    <extensions>
     <gpxdata:hr>158</gpxdata:hr>
     <gpxdata:distance>12254.00</gpxdata:distance>
     <gpxdata:speed>9.564</gpxdata:speed>
    </extensions>
   </trkpt>
   <trkpt lat="51.0258190" lon="13.8397743">
    <ele>107</ele>
    <time>2026-08-04T19:07:19Z</time>
    <extensions>
     <gpxdata:hr>158</gpxdata:hr>
     <gpxdata:distance>12263.00</gpxdata:distance>
     <gpxdata:speed>9.414</gpxdata:speed>
    </extensions>
   </trkpt>
   <trkpt lat="51.0257450" lon="13.8398129">
    <ele>107</ele>
    <time>2026-08-04T19:07:20Z</time>
    <extensions>
     <gpxdata:hr>157</gpxdata:hr>
     <gpxdata:distance>12271.50</gpxdata:distance>
     <gpxdata:speed>9.042</gpxdata:speed>
    </extensions>
   </trkpt>
   <trkpt lat="51.0256739" lon="13.8398517">
    <ele>107</ele>
    <time>2026-08-04T19:07:21Z</time>
    <extensions>
     <gpxdata:hr>156</gpxdata:hr>
     <gpxdata:distance>12280.00</gpxdata:distance>
     <gpxdata:speed>8.767</gpxdata:speed>
    </extensions>
   </trkpt>
   <trkpt lat="51.0256037" lon="13.8398873">
    <ele>106</ele>
    <time>2026-08-04T19:07:22Z</time>
    <extensions>
     <gpxdata:hr>155</gpxdata:hr>
     <gpxdata:distance>12288.50</gpxdata:distance>
     <gpxdata:speed>8.458</gpxdata:speed>
    </extensions>
   </trkpt>
   <trkpt lat="51.0255332" lon="13.8399191">
    <ele>106</ele>
    <time>2026-08-04T19:07:23Z</time>
    <extensions>
     <gpxdata:hr>155</gpxdata:hr>
     <gpxdata:distance>12297.00</gpxdata:distance>
     <gpxdata:speed>8.319</gpxdata:speed>
    </extensions>
   </trkpt>
   <trkpt lat="51.0254629" lon="13.8399477">
    <ele>106</ele>
    <time>2026-08-04T19:07:24Z</time>
    <extensions>
     <gpxdata:hr>153</gpxdata:hr>
     <gpxdata:distance>12305.00</gpxdata:distance>
     <gpxdata:speed>8.261</gpxdata:speed>
    </extensions>
   </trkpt>
   <trkpt lat="51.0253949" lon="13.8399773">
    <ele>106</ele>
    <time>2026-08-04T19:07:25Z</time>
    <extensions>
     <gpxdata:hr>153</gpxdata:hr>
     <gpxdata:distance>12313.00</gpxdata:distance>
     <gpxdata:speed>8.136</gpxdata:speed>
    </extensions>
   </trkpt>
   <trkpt lat="51.0253303" lon="13.8400084">
    <ele>106</ele>
    <time>2026-08-04T19:07:26Z</time>
    <extensions>
     <gpxdata:hr>152</gpxdata:hr>
     <gpxdata:distance>12320.50</gpxdata:distance>
     <gpxdata:speed>7.908</gpxdata:speed>
    </extensions>
   </trkpt>
   <trkpt lat="51.0252668" lon="13.8400376">
    <ele>106</ele>
    <time>2026-08-04T19:07:27Z</time>
    <extensions>
     <gpxdata:hr>152</gpxdata:hr>
     <gpxdata:distance>12328.00</gpxdata:distance>
     <gpxdata:speed>7.600</gpxdata:speed>
    </extensions>
   </trkpt>
   <trkpt lat="51.0252018" lon="13.8400560">
    <ele>106</ele>
    <time>2026-08-04T19:07:28Z</time>
    <extensions>
     <gpxdata:hr>151</gpxdata:hr>
     <gpxdata:distance>12335.50</gpxdata:distance>
     <gpxdata:speed>7.453</gpxdata:speed>
    </extensions>
   </trkpt>
   <trkpt lat="51.0251334" lon="13.8400650">
    <ele>106</ele>
    <time>2026-08-04T19:07:29Z</time>
    <extensions>
     <gpxdata:hr>151</gpxdata:hr>
     <gpxdata:distance>12343.00</gpxdata:distance>
     <gpxdata:speed>7.483</gpxdata:speed>
    </extensions>
   </trkpt>
   <trkpt lat="51.0250618" lon="13.8400707">
    <ele>106</ele>
    <time>2026-08-04T19:07:30Z</time>
    <extensions>
     <gpxdata:hr>150</gpxdata:hr>
     <gpxdata:distance>12351.00</gpxdata:distance>
     <gpxdata:speed>7.600</gpxdata:speed>
    </extensions>
   </trkpt>
   <trkpt lat="51.0249885" lon="13.8400788">
    <ele>106</ele>
    <time>2026-08-04T19:07:31Z</time>
    <extensions>
     <gpxdata:hr>150</gpxdata:hr>
     <gpxdata:distance>12359.00</gpxdata:distance>
     <gpxdata:speed>7.750</gpxdata:speed>
    </extensions>
   </trkpt>
   <trkpt lat="51.0249146" lon="13.8400928">
    <ele>106</ele>
    <time>2026-08-04T19:07:32Z</time>
    <extensions>
     <gpxdata:hr>149</gpxdata:hr>
     <gpxdata:distance>12367.00</gpxdata:distance>
     <gpxdata:speed>7.900</gpxdata:speed>
    </extensions>
   </trkpt>
   <trkpt lat="51.0248407" lon="13.8401126">
    <ele>106</ele>
    <time>2026-08-04T19:07:33Z</time>
    <extensions>
     <gpxdata:hr>148</gpxdata:hr>
     <gpxdata:distance>12375.00</gpxdata:distance>
     <gpxdata:speed>8.028</gpxdata:speed>
    </extensions>
   </trkpt>
   <trkpt lat="51.0247674" lon="13.8401365">
    <ele>106</ele>
    <time>2026-08-04T19:07:34Z</time>
    <extensions>
     <gpxdata:hr>148</gpxdata:hr>
     <gpxdata:distance>12383.50</gpxdata:distance>
     <gpxdata:speed>8.128</gpxdata:speed>
    </extensions>
   </trkpt>
   <trkpt lat="51.0246945" lon="13.8401625">
    <ele>106</ele>
    <time>2026-08-04T19:07:35Z</time>
    <extensions>
     <gpxdata:hr>148</gpxdata:hr>
     <gpxdata:distance>12392.00</gpxdata:distance>
     <gpxdata:speed>8.189</gpxdata:speed>
    </extensions>
   </trkpt>
   <trkpt lat="51.0246207" lon="13.8401906">
    <ele>106</ele>
    <time>2026-08-04T19:07:36Z</time>
    <extensions>
     <gpxdata:hr>148</gpxdata:hr>
     <gpxdata:distance>12400.50</gpxdata:distance>
     <gpxdata:speed>8.228</gpxdata:speed>
    </extensions>
   </trkpt>
   <trkpt lat="51.0245458" lon="13.8402169">
    <ele>107</ele>
    <time>2026-08-04T19:07:37Z</time>
    <extensions>
     <gpxdata:hr>149</gpxdata:hr>
     <gpxdata:distance>12409.00</gpxdata:distance>
     <gpxdata:speed>8.428</gpxdata:speed>
    </extensions>
   </trkpt>
   <trkpt lat="51.0244708" lon="13.8402408">
    <ele>107</ele>
    <time>2026-08-04T19:07:38Z</time>
    <extensions>
     <gpxdata:hr>150</gpxdata:hr>
     <gpxdata:distance>12417.50</gpxdata:distance>
     <gpxdata:speed>8.500</gpxdata:speed>
    </extensions>
   </trkpt>
   <trkpt lat="51.0243963" lon="13.8402680">
    <ele>107</ele>
    <time>2026-08-04T19:07:39Z</time>
    <extensions>
     <gpxdata:hr>150</gpxdata:hr>
     <gpxdata:distance>12426.00</gpxdata:distance>
     <gpxdata:speed>8.494</gpxdata:speed>
    </extensions>
   </trkpt>
   <trkpt lat="51.0243222" lon="13.8403049">
    <ele>107</ele>
    <time>2026-08-04T19:07:40Z</time>
    <extensions>
     <gpxdata:hr>150</gpxdata:hr>
     <gpxdata:distance>12434.50</gpxdata:distance>
     <gpxdata:speed>8.508</gpxdata:speed>
    </extensions>
   </trkpt>
   <trkpt lat="51.0242488" lon="13.8403531">
    <ele>107</ele>
    <time>2026-08-04T19:07:41Z</time>
    <extensions>
     <gpxdata:hr>150</gpxdata:hr>
     <gpxdata:distance>12443.00</gpxdata:distance>
     <gpxdata:speed>8.636</gpxdata:speed>
    </extensions>
   </trkpt>
   <trkpt lat="51.0241750" lon="13.8404079">
    <ele>107</ele>
    <time>2026-08-04T19:07:42Z</time>
    <extensions>
     <gpxdata:hr>150</gpxdata:hr>
     <gpxdata:distance>12452.00</gpxdata:distance>
     <gpxdata:speed>8.819</gpxdata:speed>
    </extensions>
   </trkpt>
   <trkpt lat="51.0240999" lon="13.8404659">
    <ele>108</ele>
    <time>2026-08-04T19:07:43Z</time>
    <extensions>
     <gpxdata:hr>150</gpxdata:hr>
     <gpxdata:distance>12461.00</gpxdata:distance>
     <gpxdata:speed>8.986</gpxdata:speed>
    </extensions>
   </trkpt>
   <trkpt lat="51.0240226" lon="13.8405248">
    <ele>108</ele>
    <time>2026-08-04T19:07:44Z</time>
    <extensions>
     <gpxdata:hr>150</gpxdata:hr>
     <gpxdata:distance>12470.50</gpxdata:distance>
     <gpxdata:speed>9.217</gpxdata:speed>
    </extensions>
   </trkpt>
   <trkpt lat="51.0239435" lon="13.8405816">
    <ele>108</ele>
    <time>2026-08-04T19:07:45Z</time>
    <extensions>
     <gpxdata:hr>151</gpxdata:hr>
     <gpxdata:distance>12480.00</gpxdata:distance>
     <gpxdata:speed>9.444</gpxdata:speed>
    </extensions>
   </trkpt>
   <trkpt lat="51.0238620" lon="13.8406336">
    <ele>108</ele>
    <time>2026-08-04T19:07:46Z</time>
    <extensions>
     <gpxdata:hr>152</gpxdata:hr>
     <gpxdata:distance>12490.00</gpxdata:distance>
     <gpxdata:speed>9.578</gpxdata:speed>
    </extensions>
   </trkpt>
   <trkpt lat="51.0237782" lon="13.8406777">
    <ele>108</ele>
    <time>2026-08-04T19:07:47Z</time>
    <extensions>
     <gpxdata:hr>152</gpxdata:hr>
     <gpxdata:distance>12500.00</gpxdata:distance>
     <gpxdata:speed>9.697</gpxdata:speed>
    </extensions>
   </trkpt>
   <trkpt lat="51.0236923" lon="13.8407156">
    <ele>108</ele>
    <time>2026-08-04T19:07:48Z</time>
    <extensions>
     <gpxdata:hr>153</gpxdata:hr>
     <gpxdata:distance>12510.00</gpxdata:distance>
     <gpxdata:speed>9.778</gpxdata:speed>
    </extensions>
   </trkpt>
   <trkpt lat="51.0236061" lon="13.8407529">
    <ele>108</ele>
    <time>2026-08-04T19:07:49Z</time>
    <extensions>
     <gpxdata:hr>153</gpxdata:hr>
     <gpxdata:distance>12520.00</gpxdata:distance>
     <gpxdata:speed>9.878</gpxdata:speed>
    </extensions>
   </trkpt>
   <trkpt lat="51.0235214" lon="13.8407947">
    <ele>107</ele>
    <time>2026-08-04T19:07:50Z</time>
    <extensions>
     <gpxdata:hr>153</gpxdata:hr>
     <gpxdata:distance>12529.50</gpxdata:distance>
     <gpxdata:speed>9.906</gpxdata:speed>
    </extensions>
   </trkpt>
   <trkpt lat="51.0234399" lon="13.8408438">
    <ele>107</ele>
    <time>2026-08-04T19:07:51Z</time>
    <extensions>
     <gpxdata:hr>153</gpxdata:hr>
     <gpxdata:distance>12539.00</gpxdata:distance>
     <gpxdata:speed>9.844</gpxdata:speed>
    </extensions>
   </trkpt>
   <trkpt lat="51.0233605" lon="13.8409001">
    <ele>107</ele>
    <time>2026-08-04T19:07:52Z</time>
    <extensions>
     <gpxdata:hr>153</gpxdata:hr>
     <gpxdata:distance>12549.00</gpxdata:distance>
     <gpxdata:speed>9.728</gpxdata:speed>
    </extensions>
   </trkpt>
   <trkpt lat="51.0232816" lon="13.8409603">
    <ele>107</ele>
    <time>2026-08-04T19:07:53Z</time>
    <extensions>
     <gpxdata:hr>153</gpxdata:hr>
     <gpxdata:distance>12559.00</gpxdata:distance>
     <gpxdata:speed>9.722</gpxdata:speed>
    </extensions>
   </trkpt>
   <trkpt lat="51.0232021" lon="13.8410206">
    <ele>108</ele>
    <time>2026-08-04T19:07:54Z</time>
    <extensions>
     <gpxdata:hr>153</gpxdata:hr>
     <gpxdata:distance>12568.50</gpxdata:distance>
     <gpxdata:speed>9.758</gpxdata:speed>
    </extensions>
   </trkpt>
   <trkpt lat="51.0231223" lon="13.8410796">
    <ele>108</ele>
    <time>2026-08-04T19:07:55Z</time>
    <extensions>
     <gpxdata:hr>153</gpxdata:hr>
     <gpxdata:distance>12578.00</gpxdata:distance>
     <gpxdata:speed>9.806</gpxdata:speed>
    </extensions>
   </trkpt>
   <trkpt lat="51.0230418" lon="13.8411370">
    <ele>108</ele>
    <time>2026-08-04T19:07:56Z</time>
    <extensions>
     <gpxdata:hr>153</gpxdata:hr>
     <gpxdata:distance>12588.00</gpxdata:distance>
     <gpxdata:speed>9.800</gpxdata:speed>
    </extensions>
   </trkpt>
   <trkpt lat="51.0229598" lon="13.8411931">
    <ele>108</ele>
    <time>2026-08-04T19:07:57Z</time>
    <extensions>
     <gpxdata:hr>153</gpxdata:hr>
     <gpxdata:distance>12598.00</gpxdata:distance>
     <gpxdata:speed>9.806</gpxdata:speed>
    </extensions>
   </trkpt>
   <trkpt lat="51.0228761" lon="13.8412479">
    <ele>108</ele>
    <time>2026-08-04T19:07:58Z</time>
    <extensions>
     <gpxdata:hr>153</gpxdata:hr>
     <gpxdata:distance>12608.00</gpxdata:distance>
     <gpxdata:speed>9.861</gpxdata:speed>
    </extensions>
   </trkpt>
   <trkpt lat="51.0227907" lon="13.8413010">
    <ele>108</ele>
    <time>2026-08-04T19:07:59Z</time>
    <extensions>
     <gpxdata:hr>153</gpxdata:hr>
     <gpxdata:distance>12618.00</gpxdata:distance>
     <gpxdata:speed>9.947</gpxdata:speed>
    </extensions>
   </trkpt>
   <trkpt lat="51.0227041" lon="13.8413542">
    <ele>107</ele>
    <time>2026-08-04T19:08:00Z</time>
    <extensions>
     <gpxdata:hr>154</gpxdata:hr>
     <gpxdata:distance>12628.50</gpxdata:distance>
     <gpxdata:speed>10.039</gpxdata:speed>
    </extensions>
   </trkpt>
   <trkpt lat="51.0226180" lon="13.8414081">
    <ele>107</ele>
    <time>2026-08-04T19:08:01Z</time>
    <extensions>
     <gpxdata:hr>154</gpxdata:hr>
     <gpxdata:distance>12639.00</gpxdata:distance>
     <gpxdata:speed>10.144</gpxdata:speed>
    </extensions>
   </trkpt>
   <trkpt lat="51.0225330" lon="13.8414641">
    <ele>107</ele>
    <time>2026-08-04T19:08:02Z</time>
    <extensions>
     <gpxdata:hr>154</gpxdata:hr>
     <gpxdata:distance>12649.00</gpxdata:distance>
     <gpxdata:speed>10.194</gpxdata:speed>
    </extensions>
   </trkpt>
   <trkpt lat="51.0224485" lon="13.8415221">
    <ele>107</ele>
    <time>2026-08-04T19:08:03Z</time>
    <extensions>
     <gpxdata:hr>154</gpxdata:hr>
     <gpxdata:distance>12659.00</gpxdata:distance>
     <gpxdata:speed>10.206</gpxdata:speed>
    </extensions>
   </trkpt>
   <trkpt lat="51.0223647" lon="13.8415806">
    <ele>107</ele>
    <time>2026-08-04T19:08:04Z</time>
    <extensions>
     <gpxdata:hr>154</gpxdata:hr>
     <gpxdata:distance>12669.50</gpxdata:distance>
     <gpxdata:speed>10.225</gpxdata:speed>
    </extensions>
   </trkpt>
   <trkpt lat="51.0222828" lon="13.8416425">
    <ele>107</ele>
    <time>2026-08-04T19:08:05Z</time>
    <extensions>
     <gpxdata:hr>153</gpxdata:hr>
     <gpxdata:distance>12680.00</gpxdata:distance>
     <gpxdata:speed>10.208</gpxdata:speed>
    </extensions>
   </trkpt>
   <trkpt lat="51.0222031" lon="13.8417075">
    <ele>107</ele>
    <time>2026-08-04T19:08:06Z</time>
    <extensions>
     <gpxdata:hr>153</gpxdata:hr>
     <gpxdata:distance>12690.00</gpxdata:distance>
     <gpxdata:speed>10.169</gpxdata:speed>
    </extensions>
   </trkpt>
   <trkpt lat="51.0221249" lon="13.8417747">
    <ele>107</ele>
    <time>2026-08-04T19:08:07Z</time>
    <extensions>
     <gpxdata:hr>153</gpxdata:hr>
     <gpxdata:distance>12700.00</gpxdata:distance>
     <gpxdata:speed>10.100</gpxdata:speed>
    </extensions>
   </trkpt>
   <trkpt lat="51.0220481" lon="13.8418442">
    <ele>107</ele>
    <time>2026-08-04T19:08:08Z</time>
    <extensions>
     <gpxdata:hr>154</gpxdata:hr>
     <gpxdata:distance>12709.50</gpxdata:distance>
     <gpxdata:speed>10.031</gpxdata:speed>
    </extensions>
   </trkpt>
   <trkpt lat="51.0219730" lon="13.8419145">
    <ele>107</ele>
    <time>2026-08-04T19:08:09Z</time>
    <extensions>
     <gpxdata:hr>154</gpxdata:hr>
     <gpxdata:distance>12719.00</gpxdata:distance>
     <gpxdata:speed>9.964</gpxdata:speed>
    </extensions>
   </trkpt>
   <trkpt lat="51.0218991" lon="13.8419830">
    <ele>107</ele>
    <time>2026-08-04T19:08:10Z</time>
    <extensions>
     <gpxdata:hr>153</gpxdata:hr>
     <gpxdata:distance>12728.50</gpxdata:distance>
     <gpxdata:speed>9.861</gpxdata:speed>
    </extensions>
   </trkpt>
   <trkpt lat="51.0218253" lon="13.8420481">
    <ele>107</ele>
    <time>2026-08-04T19:08:11Z</time>
    <extensions>
     <gpxdata:hr>153</gpxdata:hr>
     <gpxdata:distance>12738.00</gpxdata:distance>
     <gpxdata:speed>9.733</gpxdata:speed>
    </extensions>
   </trkpt>
   <trkpt lat="51.0217516" lon="13.8421115">
    <ele>107</ele>
    <time>2026-08-04T19:08:12Z</time>
    <extensions>
     <gpxdata:hr>153</gpxdata:hr>
     <gpxdata:distance>12747.50</gpxdata:distance>
     <gpxdata:speed>9.608</gpxdata:speed>
    </extensions>
   </trkpt>
   <trkpt lat="51.0216785" lon="13.8421706">
    <ele>107</ele>
    <time>2026-08-04T19:08:13Z</time>
    <extensions>
     <gpxdata:hr>153</gpxdata:hr>
     <gpxdata:distance>12757.00</gpxdata:distance>
     <gpxdata:speed>9.442</gpxdata:speed>
    </extensions>
   </trkpt>
   <trkpt lat="51.0216068" lon="13.8422249">
    <ele>107</ele>
    <time>2026-08-04T19:08:14Z</time>
    <extensions>
     <gpxdata:hr>153</gpxdata:hr>
     <gpxdata:distance>12766.00</gpxdata:distance>
     <gpxdata:speed>9.175</gpxdata:speed>
    </extensions>
   </trkpt>
   <trkpt lat="51.0215375" lon="13.8422770">
    <ele>107</ele>
    <time>2026-08-04T19:08:15Z</time>
    <extensions>
     <gpxdata:hr>153</gpxdata:hr>
     <gpxdata:distance>12775.00</gpxdata:distance>
     <gpxdata:speed>8.908</gpxdata:speed>
    </extensions>
   </trkpt>
   <trkpt lat="51.0214710" lon="13.8423293">
    <ele>107</ele>
    <time>2026-08-04T19:08:16Z</time>
    <extensions>
     <gpxdata:hr>153</gpxdata:hr>
     <gpxdata:distance>12783.00</gpxdata:distance>
     <gpxdata:speed>8.608</gpxdata:speed>
    </extensions>
   </trkpt>
   <trkpt lat="51.0214067" lon="13.8423805">
    <ele>107</ele>
    <time>2026-08-04T19:08:17Z</time>
    <extensions>
     <gpxdata:hr>153</gpxdata:hr>
     <gpxdata:distance>12791.00</gpxdata:distance>
     <gpxdata:speed>8.364</gpxdata:speed>
    </extensions>
   </trkpt>
   <trkpt lat="51.0213436" lon="13.8424301">
    <ele>107</ele>
    <time>2026-08-04T19:08:18Z</time>
    <extensions>
     <gpxdata:hr>152</gpxdata:hr>
     <gpxdata:distance>12799.00</gpxdata:distance>
     <gpxdata:speed>8.119</gpxdata:speed>
    </extensions>
   </trkpt>
   <trkpt lat="51.0212836" lon="13.8424821">
    <ele>107</ele>
    <time>2026-08-04T19:08:19Z</time>
    <extensions>
     <gpxdata:hr>151</gpxdata:hr>
     <gpxdata:distance>12807.00</gpxdata:distance>
     <gpxdata:speed>7.944</gpxdata:speed>
    </extensions>
   </trkpt>
   <trkpt lat="51.0212267" lon="13.8425329">
    <ele>107</ele>
    <time>2026-08-04T19:08:20Z</time>
    <extensions>
     <gpxdata:hr>150</gpxdata:hr>
     <gpxdata:distance>12814.00</gpxdata:distance>
     <gpxdata:speed>7.725</gpxdata:speed>
    </extensions>
   </trkpt>
   <trkpt lat="51.0211722" lon="13.8425831">
    <ele>107</ele>
    <time>2026-08-04T19:08:21Z</time>
    <extensions>
     <gpxdata:hr>149</gpxdata:hr>
     <gpxdata:distance>12821.00</gpxdata:distance>
     <gpxdata:speed>7.367</gpxdata:speed>
    </extensions>
   </trkpt>
   <trkpt lat="51.0211200" lon="13.8426340">
    <ele>107</ele>
    <time>2026-08-04T19:08:22Z</time>
    <extensions>
     <gpxdata:hr>148</gpxdata:hr>
     <gpxdata:distance>12828.00</gpxdata:distance>
     <gpxdata:speed>7.133</gpxdata:speed>
    </extensions>
   </trkpt>
   <trkpt lat="51.0210686" lon="13.8426835">
    <ele>107</ele>
    <time>2026-08-04T19:08:23Z</time>
    <extensions>
     <gpxdata:hr>146</gpxdata:hr>
     <gpxdata:distance>12835.00</gpxdata:distance>
     <gpxdata:speed>6.942</gpxdata:speed>
    </extensions>
   </trkpt>
   <trkpt lat="51.0210158" lon="13.8427262">
    <ele>107</ele>
    <time>2026-08-04T19:08:24Z</time>
    <extensions>
     <gpxdata:hr>144</gpxdata:hr>
     <gpxdata:distance>12841.50</gpxdata:distance>
     <gpxdata:speed>6.789</gpxdata:speed>
    </extensions>
   </trkpt>
   <trkpt lat="51.0209617" lon="13.8427600">
    <ele>107</ele>
    <time>2026-08-04T19:08:25Z</time>
    <extensions>
     <gpxdata:hr>142</gpxdata:hr>
     <gpxdata:distance>12848.00</gpxdata:distance>
     <gpxdata:speed>6.697</gpxdata:speed>
    </extensions>
   </trkpt>
   <trkpt lat="51.0209083" lon="13.8427902">
    <ele>107</ele>
    <time>2026-08-04T19:08:26Z</time>
    <extensions>
     <gpxdata:hr>140</gpxdata:hr>
     <gpxdata:distance>12854.00</gpxdata:distance>
     <gpxdata:speed>6.556</gpxdata:speed>
    </extensions>
   </trkpt>
   <trkpt lat="51.0208566" lon="13.8428215">
    <ele>106</ele>
    <time>2026-08-04T19:08:27Z</time>
    <extensions>
     <gpxdata:hr>138</gpxdata:hr>
     <gpxdata:distance>12860.00</gpxdata:distance>
     <gpxdata:speed>6.381</gpxdata:speed>
    </extensions>
   </trkpt>
   <trkpt lat="51.0208070" lon="13.8428537">
    <ele>106</ele>
    <time>2026-08-04T19:08:28Z</time>
    <extensions>
     <gpxdata:hr>138</gpxdata:hr>
     <gpxdata:distance>12866.00</gpxdata:distance>
     <gpxdata:speed>6.214</gpxdata:speed>
    </extensions>
   </trkpt>
   <trkpt lat="51.0207589" lon="13.8428870">
    <ele>106</ele>
    <time>2026-08-04T19:08:29Z</time>
    <extensions>
     <gpxdata:hr>136</gpxdata:hr>
     <gpxdata:distance>12872.00</gpxdata:distance>
     <gpxdata:speed>6.039</gpxdata:speed>
    </extensions>
   </trkpt>
   <trkpt lat="51.0207249" lon="13.8429115">
    <ele>106</ele>
    <time>2026-08-04T19:08:30Z</time>
    <extensions>
     <gpxdata:hr>135</gpxdata:hr>
     <gpxdata:distance>12878.00</gpxdata:distance>
     <gpxdata:speed>5.911</gpxdata:speed>
    </extensions>
   </trkpt>
   <trkpt lat="51.0206822" lon="13.8429438">
    <ele>106</ele>
    <time>2026-08-04T19:08:31Z</time>
    <extensions>
     <gpxdata:hr>134</gpxdata:hr>
     <gpxdata:distance>12884.00</gpxdata:distance>
     <gpxdata:speed>5.808</gpxdata:speed>
    </extensions>
   </trkpt>
   <trkpt lat="51.0206378" lon="13.8429796">
    <ele>106</ele>
    <time>2026-08-04T19:08:32Z</time>
    <extensions>
     <gpxdata:hr>133</gpxdata:hr>
     <gpxdata:distance>12889.50</gpxdata:distance>
     <gpxdata:speed>5.756</gpxdata:speed>
    </extensions>
   </trkpt>
   <trkpt lat="51.0205937" lon="13.8430174">
    <ele>106</ele>
    <time>2026-08-04T19:08:33Z</time>
    <extensions>
     <gpxdata:hr>133</gpxdata:hr>
     <gpxdata:distance>12895.00</gpxdata:distance>
     <gpxdata:speed>5.681</gpxdata:speed>
    </extensions>
   </trkpt>
   <trkpt lat="51.0205506" lon="13.8430561">
    <ele>106</ele>
    <time>2026-08-04T19:08:34Z</time>
    <extensions>
     <gpxdata:hr>132</gpxdata:hr>
     <gpxdata:distance>12900.50</gpxdata:distance>
     <gpxdata:speed>5.622</gpxdata:speed>
    </extensions>
   </trkpt>
   <trkpt lat="51.0205083" lon="13.8430947">
    <ele>106</ele>
    <time>2026-08-04T19:08:35Z</time>
    <extensions>
     <gpxdata:hr>132</gpxdata:hr>
     <gpxdata:distance>12906.00</gpxdata:distance>
     <gpxdata:speed>5.522</gpxdata:speed>
    </extensions>
   </trkpt>
   <trkpt lat="51.0204671" lon="13.8431314">
    <ele>106</ele>
    <time>2026-08-04T19:08:36Z</time>
    <extensions>
     <gpxdata:hr>131</gpxdata:hr>
     <gpxdata:distance>12911.00</gpxdata:distance>
     <gpxdata:speed>5.447</gpxdata:speed>
    </extensions>
   </trkpt>
   <trkpt lat="51.0204285" lon="13.8431668">
    <ele>106</ele>
    <time>2026-08-04T19:08:37Z</time>
    <extensions>
     <gpxdata:hr>130</gpxdata:hr>
     <gpxdata:distance>12916.00</gpxdata:distance>
     <gpxdata:speed>5.253</gpxdata:speed>
    </extensions>
   </trkpt>
   <trkpt lat="51.0203945" lon="13.8431997">
    <ele>106</ele>
    <time>2026-08-04T19:08:38Z</time>
    <extensions>
     <gpxdata:hr>129</gpxdata:hr>
     <gpxdata:distance>12920.50</gpxdata:distance>
     <gpxdata:speed>4.919</gpxdata:speed>
    </extensions>
   </trkpt>
   <trkpt lat="51.0203674" lon="13.8432254">
    <ele>106</ele>
    <time>2026-08-04T19:08:39Z</time>
    <extensions>
     <gpxdata:hr>128</gpxdata:hr>
     <gpxdata:distance>12925.00</gpxdata:distance>
     <gpxdata:speed>4.381</gpxdata:speed>
    </extensions>
   </trkpt>
   <trkpt lat="51.0203472" lon="13.8432405">
    <ele>106</ele>
    <time>2026-08-04T19:08:40Z</time>
    <extensions>
     <gpxdata:hr>127</gpxdata:hr>
     <gpxdata:distance>12927.00</gpxdata:distance>
     <gpxdata:speed>3.433</gpxdata:speed>
    </extensions>
   </trkpt>
   <trkpt lat="51.0203304" lon="13.8432422">
    <ele>106</ele>
    <time>2026-08-04T19:08:41Z</time>
    <extensions>
     <gpxdata:hr>125</gpxdata:hr>
     <gpxdata:distance>12929.00</gpxdata:distance>
     <gpxdata:speed>3.044</gpxdata:speed>
    </extensions>
   </trkpt>
   <trkpt lat="51.0203216" lon="13.8432346">
    <ele>106</ele>
    <time>2026-08-04T19:08:42Z</time>
    <extensions>
     <gpxdata:hr>124</gpxdata:hr>
     <gpxdata:distance>12931.00</gpxdata:distance>
     <gpxdata:speed>2.264</gpxdata:speed>
    </extensions>
   </trkpt>
   <trkpt lat="51.0203096" lon="13.8432137">
    <ele>106</ele>
    <time>2026-08-04T19:08:43Z</time>
    <extensions>
     <gpxdata:hr>123</gpxdata:hr>
     <gpxdata:distance>12933.00</gpxdata:distance>
     <gpxdata:speed>2.403</gpxdata:speed>
    </extensions>
   </trkpt>
   <trkpt lat="51.0202955" lon="13.8431795">
    <ele>106</ele>
    <time>2026-08-04T19:08:44Z</time>
    <extensions>
     <gpxdata:hr>123</gpxdata:hr>
     <gpxdata:distance>12937.00</gpxdata:distance>
     <gpxdata:speed>2.964</gpxdata:speed>
    </extensions>
   </trkpt>
   <trkpt lat="51.0202689" lon="13.8431077">
    <ele>106</ele>
    <time>2026-08-04T19:08:45Z</time>
    <extensions>
     <gpxdata:hr>124</gpxdata:hr>
     <gpxdata:distance>12941.00</gpxdata:distance>
     <gpxdata:speed>3.561</gpxdata:speed>
    </extensions>
   </trkpt>
   <trkpt lat="51.0202476" lon="13.8430480">
    <ele>106</ele>
    <time>2026-08-04T19:08:46Z</time>
    <extensions>
     <gpxdata:hr>126</gpxdata:hr>
     <gpxdata:distance>12945.50</gpxdata:distance>
     <gpxdata:speed>3.831</gpxdata:speed>
    </extensions>
   </trkpt>
   <trkpt lat="51.0202261" lon="13.8429891">
    <ele>106</ele>
    <time>2026-08-04T19:08:47Z</time>
    <extensions>
     <gpxdata:hr>127</gpxdata:hr>
     <gpxdata:distance>12950.00</gpxdata:distance>
     <gpxdata:speed>4.100</gpxdata:speed>
    </extensions>
   </trkpt>
   <trkpt lat="51.0202037" lon="13.8429287">
    <ele>107</ele>
    <time>2026-08-04T19:08:48Z</time>
    <extensions>
     <gpxdata:hr>129</gpxdata:hr>
     <gpxdata:distance>12955.00</gpxdata:distance>
     <gpxdata:speed>4.567</gpxdata:speed>
    </extensions>
   </trkpt>
   <trkpt lat="51.0201809" lon="13.8428680">
    <ele>107</ele>
    <time>2026-08-04T19:08:49Z</time>
    <extensions>
     <gpxdata:hr>130</gpxdata:hr>
     <gpxdata:distance>12960.00</gpxdata:distance>
     <gpxdata:speed>4.825</gpxdata:speed>
    </extensions>
   </trkpt>
   <trkpt lat="51.0201576" lon="13.8428075">
    <ele>107</ele>
    <time>2026-08-04T19:08:50Z</time>
    <extensions>
     <gpxdata:hr>131</gpxdata:hr>
     <gpxdata:distance>12965.00</gpxdata:distance>
     <gpxdata:speed>4.892</gpxdata:speed>
    </extensions>
   </trkpt>
   <trkpt lat="51.0201341" lon="13.8427480">
    <ele>107</ele>
    <time>2026-08-04T19:08:51Z</time>
    <extensions>
     <gpxdata:hr>131</gpxdata:hr>
     <gpxdata:distance>12970.00</gpxdata:distance>
     <gpxdata:speed>4.931</gpxdata:speed>
    </extensions>
   </trkpt>
   <trkpt lat="51.0201105" lon="13.8426880">
    <ele>107</ele>
    <time>2026-08-04T19:08:52Z</time>
    <extensions>
     <gpxdata:hr>132</gpxdata:hr>
     <gpxdata:distance>12975.00</gpxdata:distance>
     <gpxdata:speed>4.897</gpxdata:speed>
    </extensions>
   </trkpt>
   <trkpt lat="51.0200854" lon="13.8426283">
    <ele>107</ele>
    <time>2026-08-04T19:08:53Z</time>
    <extensions>
     <gpxdata:hr>131</gpxdata:hr>
     <gpxdata:distance>12980.00</gpxdata:distance>
     <gpxdata:speed>4.961</gpxdata:speed>
    </extensions>
   </trkpt>
   <trkpt lat="51.0200594" lon="13.8425665">
    <ele>107</ele>
    <time>2026-08-04T19:08:54Z</time>
    <extensions>
     <gpxdata:hr>130</gpxdata:hr>
     <gpxdata:distance>12985.00</gpxdata:distance>
     <gpxdata:speed>5.056</gpxdata:speed>
    </extensions>
   </trkpt>
   <trkpt lat="51.0200325" lon="13.8425026">
    <ele>108</ele>
    <time>2026-08-04T19:08:55Z</time>
    <extensions>
     <gpxdata:hr>130</gpxdata:hr>
     <gpxdata:distance>12990.00</gpxdata:distance>
     <gpxdata:speed>5.233</gpxdata:speed>
    </extensions>
   </trkpt>
   <trkpt lat="51.0200038" lon="13.8424377">
    <ele>108</ele>
    <time>2026-08-04T19:08:56Z</time>
    <extensions>
     <gpxdata:hr>130</gpxdata:hr>
     <gpxdata:distance>12996.00</gpxdata:distance>
     <gpxdata:speed>5.347</gpxdata:speed>
    </extensions>
   </trkpt>
   <trkpt lat="51.0199746" lon="13.8423700">
    <ele>108</ele>
    <time>2026-08-04T19:08:57Z</time>
    <extensions>
     <gpxdata:hr>130</gpxdata:hr>
     <gpxdata:distance>13002.00</gpxdata:distance>
     <gpxdata:speed>5.553</gpxdata:speed>
    </extensions>
   </trkpt>
   <trkpt lat="51.0199451" lon="13.8423005">
    <ele>108</ele>
    <time>2026-08-04T19:08:58Z</time>
    <extensions>
     <gpxdata:hr>131</gpxdata:hr>
     <gpxdata:distance>13007.50</gpxdata:distance>
     <gpxdata:speed>5.753</gpxdata:speed>
    </extensions>
   </trkpt>
   <trkpt lat="51.0199152" lon="13.8422307">
    <ele>108</ele>
    <time>2026-08-04T19:08:59Z</time>
    <extensions>
     <gpxdata:hr>132</gpxdata:hr>
     <gpxdata:distance>13013.00</gpxdata:distance>
     <gpxdata:speed>5.856</gpxdata:speed>
    </extensions>
   </trkpt>
   <trkpt lat="51.0198858" lon="13.8421606">
    <ele>109</ele>
    <time>2026-08-04T19:09:00Z</time>
    <extensions>
     <gpxdata:hr>133</gpxdata:hr>
     <gpxdata:distance>13019.00</gpxdata:distance>
     <gpxdata:speed>5.892</gpxdata:speed>
    </extensions>
   </trkpt>
   <trkpt lat="51.0198576" lon="13.8420899">
    <ele>109</ele>
    <time>2026-08-04T19:09:01Z</time>
    <extensions>
     <gpxdata:hr>133</gpxdata:hr>
     <gpxdata:distance>13025.00</gpxdata:distance>
     <gpxdata:speed>5.897</gpxdata:speed>
    </extensions>
   </trkpt>
   <trkpt lat="51.0198306" lon="13.8420221">
    <ele>109</ele>
    <time>2026-08-04T19:09:02Z</time>
    <extensions>
     <gpxdata:hr>133</gpxdata:hr>
     <gpxdata:distance>13030.50</gpxdata:distance>
     <gpxdata:speed>5.889</gpxdata:speed>
    </extensions>
   </trkpt>
   <trkpt lat="51.0198045" lon="13.8419576">
    <ele>109</ele>
    <time>2026-08-04T19:09:03Z</time>
    <extensions>
     <gpxdata:hr>133</gpxdata:hr>
     <gpxdata:distance>13036.00</gpxdata:distance>
     <gpxdata:speed>5.753</gpxdata:speed>
    </extensions>
   </trkpt>
   <trkpt lat="51.0197781" lon="13.8419001">
    <ele>109</ele>
    <time>2026-08-04T19:09:04Z</time>
    <extensions>
     <gpxdata:hr>133</gpxdata:hr>
     <gpxdata:distance>13041.00</gpxdata:distance>
     <gpxdata:speed>5.583</gpxdata:speed>
    </extensions>
   </trkpt>
   <trkpt lat="51.0197494" lon="13.8418590">
    <ele>109</ele>
    <time>2026-08-04T19:09:05Z</time>
    <extensions>
     <gpxdata:hr>132</gpxdata:hr>
     <gpxdata:distance>13046.00</gpxdata:distance>
     <gpxdata:speed>5.014</gpxdata:speed>
    </extensions>
   </trkpt>
   <trkpt lat="51.0197171" lon="13.8418404">
    <ele>109</ele>
    <time>2026-08-04T19:09:06Z</time>
    <extensions>
     <gpxdata:hr>132</gpxdata:hr>
     <gpxdata:distance>13049.50</gpxdata:distance>
     <gpxdata:speed>4.442</gpxdata:speed>
    </extensions>
   </trkpt>
   <trkpt lat="51.0196809" lon="13.8418420">
    <ele>109</ele>
    <time>2026-08-04T19:09:07Z</time>
    <extensions>
     <gpxdata:hr>131</gpxdata:hr>
     <gpxdata:distance>13053.00</gpxdata:distance>
     <gpxdata:speed>4.275</gpxdata:speed>
    </extensions>
   </trkpt>
   <trkpt lat="51.0196410" lon="13.8418554">
    <ele>110</ele>
    <time>2026-08-04T19:09:08Z</time>
    <extensions>
     <gpxdata:hr>131</gpxdata:hr>
     <gpxdata:distance>13058.00</gpxdata:distance>
     <gpxdata:speed>4.417</gpxdata:speed>
    </extensions>
   </trkpt>
   <trkpt lat="51.0195975" lon="13.8418749">
    <ele>110</ele>
    <time>2026-08-04T19:09:09Z</time>
    <extensions>
     <gpxdata:hr>130</gpxdata:hr>
     <gpxdata:distance>13063.00</gpxdata:distance>
     <gpxdata:speed>4.708</gpxdata:speed>
    </extensions>
   </trkpt>
   <trkpt lat="51.0195509" lon="13.8418973">
    <ele>110</ele>
    <time>2026-08-04T19:09:10Z</time>
    <extensions>
     <gpxdata:hr>130</gpxdata:hr>
     <gpxdata:distance>13068.50</gpxdata:distance>
     <gpxdata:speed>5.044</gpxdata:speed>
    </extensions>
   </trkpt>
   <trkpt lat="51.0195020" lon="13.8419205">
    <ele>110</ele>
    <time>2026-08-04T19:09:11Z</time>
    <extensions>
     <gpxdata:hr>131</gpxdata:hr>
     <gpxdata:distance>13074.00</gpxdata:distance>
     <gpxdata:speed>5.333</gpxdata:speed>
    </extensions>
   </trkpt>
   <trkpt lat="51.0194510" lon="13.8419436">
    <ele>110</ele>
    <time>2026-08-04T19:09:12Z</time>
    <extensions>
     <gpxdata:hr>131</gpxdata:hr>
     <gpxdata:distance>13080.00</gpxdata:distance>
     <gpxdata:speed>5.494</gpxdata:speed>
    </extensions>
   </trkpt>
   <trkpt lat="51.0193982" lon="13.8419684">
    <ele>110</ele>
    <time>2026-08-04T19:09:13Z</time>
    <extensions>
     <gpxdata:hr>131</gpxdata:hr>
     <gpxdata:distance>13086.00</gpxdata:distance>
     <gpxdata:speed>5.822</gpxdata:speed>
    </extensions>
   </trkpt>
   <trkpt lat="51.0193263" lon="13.8420068">
    <ele>110</ele>
    <time>2026-08-04T19:09:14Z</time>
    <extensions>
     <gpxdata:hr>132</gpxdata:hr>
     <gpxdata:distance>13092.50</gpxdata:distance>
     <gpxdata:speed>6.081</gpxdata:speed>
    </extensions>
   </trkpt>
   <trkpt lat="51.0192701" lon="13.8420452">
    <ele>110</ele>
    <time>2026-08-04T19:09:15Z</time>
    <extensions>
     <gpxdata:hr>132</gpxdata:hr>
     <gpxdata:distance>13099.00</gpxdata:distance>
     <gpxdata:speed>6.308</gpxdata:speed>
    </extensions>
   </trkpt>
   <trkpt lat="51.0192170" lon="13.8420867">
    <ele>110</ele>
    <time>2026-08-04T19:09:16Z</time>
    <extensions>
     <gpxdata:hr>132</gpxdata:hr>
     <gpxdata:distance>13105.50</gpxdata:distance>
     <gpxdata:speed>6.497</gpxdata:speed>
    </extensions>
   </trkpt>
   <trkpt lat="51.0191665" lon="13.8421315">
    <ele>110</ele>
    <time>2026-08-04T19:09:17Z</time>
    <extensions>
     <gpxdata:hr>132</gpxdata:hr>
     <gpxdata:distance>13112.00</gpxdata:distance>
     <gpxdata:speed>6.472</gpxdata:speed>
    </extensions>
   </trkpt>
   <trkpt lat="51.0191183" lon="13.8421782">
    <ele>111</ele>
    <time>2026-08-04T19:09:18Z</time>
    <extensions>
     <gpxdata:hr>133</gpxdata:hr>
     <gpxdata:distance>13118.00</gpxdata:distance>
     <gpxdata:speed>6.392</gpxdata:speed>
    </extensions>
   </trkpt>
   <trkpt lat="51.0190716" lon="13.8422245">
    <ele>111</ele>
    <time>2026-08-04T19:09:19Z</time>
    <extensions>
     <gpxdata:hr>134</gpxdata:hr>
     <gpxdata:distance>13124.00</gpxdata:distance>
     <gpxdata:speed>6.272</gpxdata:speed>
    </extensions>
   </trkpt>
   <trkpt lat="51.0190253" lon="13.8422678">
    <ele>111</ele>
    <time>2026-08-04T19:09:20Z</time>
    <extensions>
     <gpxdata:hr>134</gpxdata:hr>
     <gpxdata:distance>13130.00</gpxdata:distance>
     <gpxdata:speed>6.150</gpxdata:speed>
    </extensions>
   </trkpt>
   <trkpt lat="51.0189800" lon="13.8423085">
    <ele>111</ele>
    <time>2026-08-04T19:09:21Z</time>
    <extensions>
     <gpxdata:hr>135</gpxdata:hr>
     <gpxdata:distance>13136.00</gpxdata:distance>
     <gpxdata:speed>6.075</gpxdata:speed>
    </extensions>
   </trkpt>
   <trkpt lat="51.0189482" lon="13.8423382">
    <ele>111</ele>
    <time>2026-08-04T19:09:22Z</time>
    <extensions>
     <gpxdata:hr>134</gpxdata:hr>
     <gpxdata:distance>13142.00</gpxdata:distance>
     <gpxdata:speed>5.967</gpxdata:speed>
    </extensions>
   </trkpt>
   <trkpt lat="51.0189092" lon="13.8423760">
    <ele>111</ele>
    <time>2026-08-04T19:09:23Z</time>
    <extensions>
     <gpxdata:hr>133</gpxdata:hr>
     <gpxdata:distance>13148.00</gpxdata:distance>
     <gpxdata:speed>5.869</gpxdata:speed>
    </extensions>
   </trkpt>
   <trkpt lat="51.0188686" lon="13.8424142">
    <ele>111</ele>
    <time>2026-08-04T19:09:24Z</time>
    <extensions>
     <gpxdata:hr>131</gpxdata:hr>
     <gpxdata:distance>13153.00</gpxdata:distance>
     <gpxdata:speed>5.578</gpxdata:speed>
    </extensions>
   </trkpt>
   <trkpt lat="51.0188280" lon="13.8424504">
    <ele>111</ele>
    <time>2026-08-04T19:09:25Z</time>
    <extensions>
     <gpxdata:hr>130</gpxdata:hr>
     <gpxdata:distance>13158.00</gpxdata:distance>
     <gpxdata:speed>5.389</gpxdata:speed>
    </extensions>
   </trkpt>
   <trkpt lat="51.0187883" lon="13.8424851">
    <ele>111</ele>
    <time>2026-08-04T19:09:26Z</time>
    <extensions>
     <gpxdata:hr>129</gpxdata:hr>
     <gpxdata:distance>13163.00</gpxdata:distance>
     <gpxdata:speed>5.233</gpxdata:speed>
    </extensions>
   </trkpt>
   <trkpt lat="51.0187487" lon="13.8425207">
    <ele>111</ele>
    <time>2026-08-04T19:09:27Z</time>
    <extensions>
     <gpxdata:hr>129</gpxdata:hr>
     <gpxdata:distance>13168.00</gpxdata:distance>
     <gpxdata:speed>5.078</gpxdata:speed>
    </extensions>
   </trkpt>
   <trkpt lat="51.0187092" lon="13.8425598">
    <ele>111</ele>
    <time>2026-08-04T19:09:28Z</time>
    <extensions>
     <gpxdata:hr>127</gpxdata:hr>
     <gpxdata:distance>13173.50</gpxdata:distance>
     <gpxdata:speed>5.081</gpxdata:speed>
    </extensions>
   </trkpt>
   <trkpt lat="51.0186693" lon="13.8426027">
    <ele>111</ele>
    <time>2026-08-04T19:09:29Z</time>
    <extensions>
     <gpxdata:hr>127</gpxdata:hr>
     <gpxdata:distance>13179.00</gpxdata:distance>
     <gpxdata:speed>5.147</gpxdata:speed>
    </extensions>
   </trkpt>
   <trkpt lat="51.0186284" lon="13.8426483">
    <ele>111</ele>
    <time>2026-08-04T19:09:30Z</time>
    <extensions>
     <gpxdata:hr>126</gpxdata:hr>
     <gpxdata:distance>13184.50</gpxdata:distance>
     <gpxdata:speed>5.367</gpxdata:speed>
    </extensions>
   </trkpt>
   <trkpt lat="51.0185866" lon="13.8426943">
    <ele>111</ele>
    <time>2026-08-04T19:09:31Z</time>
    <extensions>
     <gpxdata:hr>126</gpxdata:hr>
     <gpxdata:distance>13190.00</gpxdata:distance>
     <gpxdata:speed>5.489</gpxdata:speed>
    </extensions>
   </trkpt>
   <trkpt lat="51.0185443" lon="13.8427387">
    <ele>111</ele>
    <time>2026-08-04T19:09:32Z</time>
    <extensions>
     <gpxdata:hr>126</gpxdata:hr>
     <gpxdata:distance>13195.50</gpxdata:distance>
     <gpxdata:speed>5.558</gpxdata:speed>
    </extensions>
   </trkpt>
   <trkpt lat="51.0185021" lon="13.8427819">
    <ele>111</ele>
    <time>2026-08-04T19:09:33Z</time>
    <extensions>
     <gpxdata:hr>126</gpxdata:hr>
     <gpxdata:distance>13201.00</gpxdata:distance>
     <gpxdata:speed>5.572</gpxdata:speed>
    </extensions>
   </trkpt>
   <trkpt lat="51.0184598" lon="13.8428248">
    <ele>111</ele>
    <time>2026-08-04T19:09:34Z</time>
    <extensions>
     <gpxdata:hr>125</gpxdata:hr>
     <gpxdata:distance>13206.50</gpxdata:distance>
     <gpxdata:speed>5.564</gpxdata:speed>
    </extensions>
   </trkpt>
   <trkpt lat="51.0184171" lon="13.8428683">
    <ele>111</ele>
    <time>2026-08-04T19:09:35Z</time>
    <extensions>
     <gpxdata:hr>125</gpxdata:hr>
     <gpxdata:distance>13212.00</gpxdata:distance>
     <gpxdata:speed>5.578</gpxdata:speed>
    </extensions>
   </trkpt>
   <trkpt lat="51.0183743" lon="13.8429139">
    <ele>111</ele>
    <time>2026-08-04T19:09:36Z</time>
    <extensions>
     <gpxdata:hr>124</gpxdata:hr>
     <gpxdata:distance>13218.00</gpxdata:distance>
     <gpxdata:speed>5.617</gpxdata:speed>
    </extensions>
   </trkpt>
   <trkpt lat="51.0183317" lon="13.8429624">
    <ele>111</ele>
    <time>2026-08-04T19:09:37Z</time>
    <extensions>
     <gpxdata:hr>124</gpxdata:hr>
     <gpxdata:distance>13224.00</gpxdata:distance>
     <gpxdata:speed>5.686</gpxdata:speed>
    </extensions>
   </trkpt>
   <trkpt lat="51.0182891" lon="13.8430127">
    <ele>111</ele>
    <time>2026-08-04T19:09:38Z</time>
    <extensions>
     <gpxdata:hr>124</gpxdata:hr>
     <gpxdata:distance>13230.00</gpxdata:distance>
     <gpxdata:speed>5.758</gpxdata:speed>
    </extensions>
   </trkpt>
   <trkpt lat="51.0182465" lon="13.8430649">
    <ele>111</ele>
    <time>2026-08-04T19:09:39Z</time>
    <extensions>
     <gpxdata:hr>124</gpxdata:hr>
     <gpxdata:distance>13236.00</gpxdata:distance>
     <gpxdata:speed>5.819</gpxdata:speed>
    </extensions>
   </trkpt>
   <trkpt lat="51.0182033" lon="13.8431176">
    <ele>111</ele>
    <time>2026-08-04T19:09:40Z</time>
    <extensions>
     <gpxdata:hr>125</gpxdata:hr>
     <gpxdata:distance>13242.00</gpxdata:distance>
     <gpxdata:speed>5.900</gpxdata:speed>
    </extensions>
   </trkpt>
   <trkpt lat="51.0181597" lon="13.8431710">
    <ele>111</ele>
    <time>2026-08-04T19:09:41Z</time>
    <extensions>
     <gpxdata:hr>125</gpxdata:hr>
     <gpxdata:distance>13248.00</gpxdata:distance>
     <gpxdata:speed>5.969</gpxdata:speed>
    </extensions>
   </trkpt>
   <trkpt lat="51.0181013" lon="13.8432429">
    <ele>111</ele>
    <time>2026-08-04T19:09:42Z</time>
    <extensions>
     <gpxdata:hr>127</gpxdata:hr>
     <gpxdata:distance>13254.00</gpxdata:distance>
     <gpxdata:speed>6.036</gpxdata:speed>
    </extensions>
   </trkpt>
   <trkpt lat="51.0180554" lon="13.8432989">
    <ele>111</ele>
    <time>2026-08-04T19:09:43Z</time>
    <extensions>
     <gpxdata:hr>130</gpxdata:hr>
     <gpxdata:distance>13260.00</gpxdata:distance>
     <gpxdata:speed>6.092</gpxdata:speed>
    </extensions>
   </trkpt>
   <trkpt lat="51.0180113" lon="13.8433521">
    <ele>111</ele>
    <time>2026-08-04T19:09:44Z</time>
    <extensions>
     <gpxdata:hr>130</gpxdata:hr>
     <gpxdata:distance>13266.50</gpxdata:distance>
     <gpxdata:speed>6.139</gpxdata:speed>
    </extensions>
   </trkpt>
   <trkpt lat="51.0179688" lon="13.8434043">
    <ele>111</ele>
    <time>2026-08-04T19:09:45Z</time>
    <extensions>
     <gpxdata:hr>130</gpxdata:hr>
     <gpxdata:distance>13273.00</gpxdata:distance>
     <gpxdata:speed>6.133</gpxdata:speed>
    </extensions>
   </trkpt>
   <trkpt lat="51.0179281" lon="13.8434572">
    <ele>111</ele>
    <time>2026-08-04T19:09:46Z</time>
    <extensions>
     <gpxdata:hr>128</gpxdata:hr>
     <gpxdata:distance>13278.50</gpxdata:distance>
     <gpxdata:speed>6.072</gpxdata:speed>
    </extensions>
   </trkpt>
   <trkpt lat="51.0178997" lon="13.8434957">
    <ele>111</ele>
    <time>2026-08-04T19:09:47Z</time>
    <extensions>
     <gpxdata:hr>128</gpxdata:hr>
     <gpxdata:distance>13284.00</gpxdata:distance>
     <gpxdata:speed>5.994</gpxdata:speed>
    </extensions>
   </trkpt>
   <trkpt lat="51.0178652" lon="13.8435467">
    <ele>111</ele>
    <time>2026-08-04T19:09:48Z</time>
    <extensions>
     <gpxdata:hr>127</gpxdata:hr>
     <gpxdata:distance>13290.00</gpxdata:distance>
     <gpxdata:speed>5.908</gpxdata:speed>
    </extensions>
   </trkpt>
   <trkpt lat="51.0178316" lon="13.8436019">
    <ele>111</ele>
    <time>2026-08-04T19:09:49Z</time>
    <extensions>
     <gpxdata:hr>124</gpxdata:hr>
     <gpxdata:distance>13296.00</gpxdata:distance>
     <gpxdata:speed>5.836</gpxdata:speed>
    </extensions>
   </trkpt>
   <trkpt lat="51.0178010" lon="13.8436584">
    <ele>111</ele>
    <time>2026-08-04T19:09:50Z</time>
    <extensions>
     <gpxdata:hr>124</gpxdata:hr>
     <gpxdata:distance>13301.00</gpxdata:distance>
     <gpxdata:speed>5.694</gpxdata:speed>
    </extensions>
   </trkpt>
   <trkpt lat="51.0177734" lon="13.8437164">
    <ele>111</ele>
    <time>2026-08-04T19:09:51Z</time>
    <extensions>
     <gpxdata:hr>123</gpxdata:hr>
     <gpxdata:distance>13306.00</gpxdata:distance>
     <gpxdata:speed>5.508</gpxdata:speed>
    </extensions>
   </trkpt>
   <trkpt lat="51.0177489" lon="13.8437760">
    <ele>110</ele>
    <time>2026-08-04T19:09:52Z</time>
    <extensions>
     <gpxdata:hr>122</gpxdata:hr>
     <gpxdata:distance>13311.00</gpxdata:distance>
     <gpxdata:speed>5.350</gpxdata:speed>
    </extensions>
   </trkpt>
   <trkpt lat="51.0177263" lon="13.8438360">
    <ele>110</ele>
    <time>2026-08-04T19:09:53Z</time>
    <extensions>
     <gpxdata:hr>122</gpxdata:hr>
     <gpxdata:distance>13316.00</gpxdata:distance>
     <gpxdata:speed>5.214</gpxdata:speed>
    </extensions>
   </trkpt>
   <trkpt lat="51.0177049" lon="13.8438961">
    <ele>110</ele>
    <time>2026-08-04T19:09:54Z</time>
    <extensions>
     <gpxdata:hr>120</gpxdata:hr>
     <gpxdata:distance>13320.50</gpxdata:distance>
     <gpxdata:speed>5.089</gpxdata:speed>
    </extensions>
   </trkpt>
   <trkpt lat="51.0176842" lon="13.8439565">
    <ele>110</ele>
    <time>2026-08-04T19:09:55Z</time>
    <extensions>
     <gpxdata:hr>119</gpxdata:hr>
     <gpxdata:distance>13325.00</gpxdata:distance>
     <gpxdata:speed>4.992</gpxdata:speed>
    </extensions>
   </trkpt>
   <trkpt lat="51.0176647" lon="13.8440187">
    <ele>110</ele>
    <time>2026-08-04T19:09:56Z</time>
    <extensions>
     <gpxdata:hr>119</gpxdata:hr>
     <gpxdata:distance>13330.00</gpxdata:distance>
     <gpxdata:speed>4.928</gpxdata:speed>
    </extensions>
   </trkpt>
   <trkpt lat="51.0176469" lon="13.8440843">
    <ele>110</ele>
    <time>2026-08-04T19:09:57Z</time>
    <extensions>
     <gpxdata:hr>119</gpxdata:hr>
     <gpxdata:distance>13335.00</gpxdata:distance>
     <gpxdata:speed>4.914</gpxdata:speed>
    </extensions>
   </trkpt>
   <trkpt lat="51.0176308" lon="13.8441530">
    <ele>110</ele>
    <time>2026-08-04T19:09:58Z</time>
    <extensions>
     <gpxdata:hr>119</gpxdata:hr>
     <gpxdata:distance>13340.50</gpxdata:distance>
     <gpxdata:speed>5.036</gpxdata:speed>
    </extensions>
   </trkpt>
   <trkpt lat="51.0176171" lon="13.8442238">
    <ele>110</ele>
    <time>2026-08-04T19:09:59Z</time>
    <extensions>
     <gpxdata:hr>119</gpxdata:hr>
     <gpxdata:distance>13346.00</gpxdata:distance>
     <gpxdata:speed>5.097</gpxdata:speed>
    </extensions>
   </trkpt>
   <trkpt lat="51.0176052" lon="13.8442969">
    <ele>110</ele>
    <time>2026-08-04T19:10:00Z</time>
    <extensions>
     <gpxdata:hr>119</gpxdata:hr>
     <gpxdata:distance>13351.00</gpxdata:distance>
     <gpxdata:speed>5.133</gpxdata:speed>
    </extensions>
   </trkpt>
   <trkpt lat="51.0175942" lon="13.8443730">
    <ele>110</ele>
    <time>2026-08-04T19:10:01Z</time>
    <extensions>
     <gpxdata:hr>119</gpxdata:hr>
     <gpxdata:distance>13356.00</gpxdata:distance>
     <gpxdata:speed>5.203</gpxdata:speed>
    </extensions>
   </trkpt>
   <trkpt lat="51.0175845" lon="13.8444522">
    <ele>110</ele>
    <time>2026-08-04T19:10:02Z</time>
    <extensions>
     <gpxdata:hr>119</gpxdata:hr>
     <gpxdata:distance>13362.00</gpxdata:distance>
     <gpxdata:speed>5.319</gpxdata:speed>
    </extensions>
   </trkpt>
   <trkpt lat="51.0175762" lon="13.8445345">
    <ele>111</ele>
    <time>2026-08-04T19:10:03Z</time>
    <extensions>
     <gpxdata:hr>120</gpxdata:hr>
     <gpxdata:distance>13368.00</gpxdata:distance>
     <gpxdata:speed>5.469</gpxdata:speed>
    </extensions>
   </trkpt>
   <trkpt lat="51.0175690" lon="13.8446193">
    <ele>111</ele>
    <time>2026-08-04T19:10:04Z</time>
    <extensions>
     <gpxdata:hr>122</gpxdata:hr>
     <gpxdata:distance>13374.00</gpxdata:distance>
     <gpxdata:speed>5.808</gpxdata:speed>
    </extensions>
   </trkpt>
   <trkpt lat="51.0175628" lon="13.8447038">
    <ele>111</ele>
    <time>2026-08-04T19:10:05Z</time>
    <extensions>
     <gpxdata:hr>122</gpxdata:hr>
     <gpxdata:distance>13380.00</gpxdata:distance>
     <gpxdata:speed>5.969</gpxdata:speed>
    </extensions>
   </trkpt>
   <trkpt lat="51.0175578" lon="13.8447874">
    <ele>111</ele>
    <time>2026-08-04T19:10:06Z</time>
    <extensions>
     <gpxdata:hr>123</gpxdata:hr>
     <gpxdata:distance>13385.50</gpxdata:distance>
     <gpxdata:speed>5.953</gpxdata:speed>
    </extensions>
   </trkpt>
   <trkpt lat="51.0175541" lon="13.8448707">
    <ele>111</ele>
    <time>2026-08-04T19:10:07Z</time>
    <extensions>
     <gpxdata:hr>123</gpxdata:hr>
     <gpxdata:distance>13391.00</gpxdata:distance>
     <gpxdata:speed>5.914</gpxdata:speed>
    </extensions>
   </trkpt>
   <trkpt lat="51.0175511" lon="13.8449540">
    <ele>111</ele>
    <time>2026-08-04T19:10:08Z</time>
    <extensions>
     <gpxdata:hr>123</gpxdata:hr>
     <gpxdata:distance>13397.00</gpxdata:distance>
     <gpxdata:speed>5.858</gpxdata:speed>
    </extensions>
   </trkpt>
   <trkpt lat="51.0175486" lon="13.8450374">
    <ele>111</ele>
    <time>2026-08-04T19:10:09Z</time>
    <extensions>
     <gpxdata:hr>123</gpxdata:hr>
     <gpxdata:distance>13403.00</gpxdata:distance>
     <gpxdata:speed>5.847</gpxdata:speed>
    </extensions>
   </trkpt>
   <trkpt lat="51.0175472" lon="13.8451206">
    <ele>111</ele>
    <time>2026-08-04T19:10:10Z</time>
    <extensions>
     <gpxdata:hr>121</gpxdata:hr>
     <gpxdata:distance>13409.00</gpxdata:distance>
     <gpxdata:speed>5.856</gpxdata:speed>
    </extensions>
   </trkpt>
   <trkpt lat="51.0175467" lon="13.8452033">
    <ele>111</ele>
    <time>2026-08-04T19:10:11Z</time>
    <extensions>
     <gpxdata:hr>121</gpxdata:hr>
     <gpxdata:distance>13415.00</gpxdata:distance>
     <gpxdata:speed>5.853</gpxdata:speed>
    </extensions>
   </trkpt>
   <trkpt lat="51.0175465" lon="13.8452864">
    <ele>111</ele>
    <time>2026-08-04T19:10:12Z</time>
    <extensions>
     <gpxdata:hr>120</gpxdata:hr>
     <gpxdata:distance>13420.50</gpxdata:distance>
     <gpxdata:speed>5.825</gpxdata:speed>
    </extensions>
   </trkpt>
   <trkpt lat="51.0175458" lon="13.8453705">
    <ele>111</ele>
    <time>2026-08-04T19:10:13Z</time>
    <extensions>
     <gpxdata:hr>119</gpxdata:hr>
     <gpxdata:distance>13426.00</gpxdata:distance>
     <gpxdata:speed>5.831</gpxdata:speed>
    </extensions>
   </trkpt>
   <trkpt lat="51.0175452" lon="13.8454558">
    <ele>111</ele>
    <time>2026-08-04T19:10:14Z</time>
    <extensions>
     <gpxdata:hr>119</gpxdata:hr>
     <gpxdata:distance>13432.00</gpxdata:distance>
     <gpxdata:speed>5.864</gpxdata:speed>
    </extensions>
   </trkpt>
   <trkpt lat="51.0175455" lon="13.8455422">
    <ele>111</ele>
    <time>2026-08-04T19:10:15Z</time>
    <extensions>
     <gpxdata:hr>118</gpxdata:hr>
     <gpxdata:distance>13438.00</gpxdata:distance>
     <gpxdata:speed>5.914</gpxdata:speed>
    </extensions>
   </trkpt>
   <trkpt lat="51.0175464" lon="13.8456284">
    <ele>111</ele>
    <time>2026-08-04T19:10:16Z</time>
    <extensions>
     <gpxdata:hr>116</gpxdata:hr>
     <gpxdata:distance>13444.50</gpxdata:distance>
     <gpxdata:speed>5.969</gpxdata:speed>
    </extensions>
   </trkpt>
   <trkpt lat="51.0175477" lon="13.8457146">
    <ele>111</ele>
    <time>2026-08-04T19:10:17Z</time>
    <extensions>
     <gpxdata:hr>116</gpxdata:hr>
     <gpxdata:distance>13451.00</gpxdata:distance>
     <gpxdata:speed>5.989</gpxdata:speed>
    </extensions>
   </trkpt>
   <trkpt lat="51.0175501" lon="13.8458300">
    <ele>110</ele>
    <time>2026-08-04T19:10:18Z</time>
    <extensions>
     <gpxdata:hr>115</gpxdata:hr>
     <gpxdata:distance>13457.00</gpxdata:distance>
     <gpxdata:speed>6.008</gpxdata:speed>
    </extensions>
   </trkpt>
   <trkpt lat="51.0175518" lon="13.8459197">
    <ele>110</ele>
    <time>2026-08-04T19:10:19Z</time>
    <extensions>
     <gpxdata:hr>114</gpxdata:hr>
     <gpxdata:distance>13463.00</gpxdata:distance>
     <gpxdata:speed>6.033</gpxdata:speed>
    </extensions>
   </trkpt>
   <trkpt lat="51.0175501" lon="13.8460050">
    <ele>110</ele>
    <time>2026-08-04T19:10:20Z</time>
    <extensions>
     <gpxdata:hr>114</gpxdata:hr>
     <gpxdata:distance>13469.00</gpxdata:distance>
     <gpxdata:speed>6.031</gpxdata:speed>
    </extensions>
   </trkpt>
   <trkpt lat="51.0175422" lon="13.8460891">
    <ele>110</ele>
    <time>2026-08-04T19:10:21Z</time>
    <extensions>
     <gpxdata:hr>114</gpxdata:hr>
     <gpxdata:distance>13475.00</gpxdata:distance>
     <gpxdata:speed>6.003</gpxdata:speed>
    </extensions>
   </trkpt>
   <trkpt lat="51.0175271" lon="13.8461712">
    <ele>110</ele>
    <time>2026-08-04T19:10:22Z</time>
    <extensions>
     <gpxdata:hr>113</gpxdata:hr>
     <gpxdata:distance>13481.00</gpxdata:distance>
     <gpxdata:speed>6.003</gpxdata:speed>
    </extensions>
   </trkpt>
   <trkpt lat="51.0175046" lon="13.8462500">
    <ele>110</ele>
    <time>2026-08-04T19:10:23Z</time>
    <extensions>
     <gpxdata:hr>113</gpxdata:hr>
     <gpxdata:distance>13487.00</gpxdata:distance>
     <gpxdata:speed>6.019</gpxdata:speed>
    </extensions>
   </trkpt>
   <trkpt lat="51.0174760" lon="13.8463273">
    <ele>110</ele>
    <time>2026-08-04T19:10:24Z</time>
    <extensions>
     <gpxdata:hr>112</gpxdata:hr>
     <gpxdata:distance>13493.00</gpxdata:distance>
     <gpxdata:speed>6.044</gpxdata:speed>
    </extensions>
   </trkpt>
   <trkpt lat="51.0174423" lon="13.8464058">
    <ele>109</ele>
    <time>2026-08-04T19:10:25Z</time>
    <extensions>
     <gpxdata:hr>111</gpxdata:hr>
     <gpxdata:distance>13499.00</gpxdata:distance>
     <gpxdata:speed>6.133</gpxdata:speed>
    </extensions>
   </trkpt>
   <trkpt lat="51.0174045" lon="13.8464871">
    <ele>109</ele>
    <time>2026-08-04T19:10:26Z</time>
    <extensions>
     <gpxdata:hr>111</gpxdata:hr>
     <gpxdata:distance>13506.50</gpxdata:distance>
     <gpxdata:speed>6.558</gpxdata:speed>
    </extensions>
   </trkpt>
   <trkpt lat="51.0173627" lon="13.8465713">
    <ele>109</ele>
    <time>2026-08-04T19:10:27Z</time>
    <extensions>
     <gpxdata:hr>111</gpxdata:hr>
     <gpxdata:distance>13514.00</gpxdata:distance>
     <gpxdata:speed>6.956</gpxdata:speed>
    </extensions>
   </trkpt>
   <trkpt lat="51.0173175" lon="13.8466578">
    <ele>109</ele>
    <time>2026-08-04T19:10:28Z</time>
    <extensions>
     <gpxdata:hr>112</gpxdata:hr>
     <gpxdata:distance>13521.50</gpxdata:distance>
     <gpxdata:speed>7.358</gpxdata:speed>
    </extensions>
   </trkpt>
   <trkpt lat="51.0172693" lon="13.8467448">
    <ele>109</ele>
    <time>2026-08-04T19:10:29Z</time>
    <extensions>
     <gpxdata:hr>112</gpxdata:hr>
     <gpxdata:distance>13529.00</gpxdata:distance>
     <gpxdata:speed>7.708</gpxdata:speed>
    </extensions>
   </trkpt>
   <trkpt lat="51.0172190" lon="13.8468319">
    <ele>108</ele>
    <time>2026-08-04T19:10:30Z</time>
    <extensions>
     <gpxdata:hr>112</gpxdata:hr>
     <gpxdata:distance>13537.50</gpxdata:distance>
     <gpxdata:speed>7.958</gpxdata:speed>
    </extensions>
   </trkpt>
   <trkpt lat="51.0171677" lon="13.8469192">
    <ele>108</ele>
    <time>2026-08-04T19:10:31Z</time>
    <extensions>
     <gpxdata:hr>113</gpxdata:hr>
     <gpxdata:distance>13546.00</gpxdata:distance>
     <gpxdata:speed>8.139</gpxdata:speed>
    </extensions>
   </trkpt>
   <trkpt lat="51.0171155" lon="13.8470056">
    <ele>108</ele>
    <time>2026-08-04T19:10:32Z</time>
    <extensions>
     <gpxdata:hr>113</gpxdata:hr>
     <gpxdata:distance>13554.50</gpxdata:distance>
     <gpxdata:speed>8.253</gpxdata:speed>
    </extensions>
   </trkpt>
   <trkpt lat="51.0170625" lon="13.8470897">
    <ele>108</ele>
    <time>2026-08-04T19:10:33Z</time>
    <extensions>
     <gpxdata:hr>112</gpxdata:hr>
     <gpxdata:distance>13563.00</gpxdata:distance>
     <gpxdata:speed>8.317</gpxdata:speed>
    </extensions>
   </trkpt>
   <trkpt lat="51.0170087" lon="13.8471713">
    <ele>108</ele>
    <time>2026-08-04T19:10:34Z</time>
    <extensions>
     <gpxdata:hr>112</gpxdata:hr>
     <gpxdata:distance>13571.00</gpxdata:distance>
     <gpxdata:speed>8.283</gpxdata:speed>
    </extensions>
   </trkpt>
   <trkpt lat="51.0169542" lon="13.8472502">
    <ele>107</ele>
    <time>2026-08-04T19:10:35Z</time>
    <extensions>
     <gpxdata:hr>112</gpxdata:hr>
     <gpxdata:distance>13579.00</gpxdata:distance>
     <gpxdata:speed>8.272</gpxdata:speed>
    </extensions>
   </trkpt>
   <trkpt lat="51.0168994" lon="13.8473269">
    <ele>107</ele>
    <time>2026-08-04T19:10:36Z</time>
    <extensions>
     <gpxdata:hr>111</gpxdata:hr>
     <gpxdata:distance>13587.00</gpxdata:distance>
     <gpxdata:speed>8.261</gpxdata:speed>
    </extensions>
   </trkpt>
   <trkpt lat="51.0168444" lon="13.8474014">
    <ele>107</ele>
    <time>2026-08-04T19:10:37Z</time>
    <extensions>
     <gpxdata:hr>110</gpxdata:hr>
     <gpxdata:distance>13595.00</gpxdata:distance>
     <gpxdata:speed>8.222</gpxdata:speed>
    </extensions>
   </trkpt>
   <trkpt lat="51.0167900" lon="13.8474741">
    <ele>107</ele>
    <time>2026-08-04T19:10:38Z</time>
    <extensions>
     <gpxdata:hr>110</gpxdata:hr>
     <gpxdata:distance>13603.00</gpxdata:distance>
     <gpxdata:speed>8.156</gpxdata:speed>
    </extensions>
   </trkpt>
   <trkpt lat="51.0167365" lon="13.8475462">
    <ele>107</ele>
    <time>2026-08-04T19:10:39Z</time>
    <extensions>
     <gpxdata:hr>110</gpxdata:hr>
     <gpxdata:distance>13611.00</gpxdata:distance>
     <gpxdata:speed>8.064</gpxdata:speed>
    </extensions>
   </trkpt>
   <trkpt lat="51.0166843" lon="13.8476179">
    <ele>106</ele>
    <time>2026-08-04T19:10:40Z</time>
    <extensions>
     <gpxdata:hr>112</gpxdata:hr>
     <gpxdata:distance>13619.00</gpxdata:distance>
     <gpxdata:speed>7.978</gpxdata:speed>
    </extensions>
   </trkpt>
   <trkpt lat="51.0166341" lon="13.8476893">
    <ele>106</ele>
    <time>2026-08-04T19:10:41Z</time>
    <extensions>
     <gpxdata:hr>112</gpxdata:hr>
     <gpxdata:distance>13627.00</gpxdata:distance>
     <gpxdata:speed>7.869</gpxdata:speed>
    </extensions>
   </trkpt>
   <trkpt lat="51.0165854" lon="13.8477612">
    <ele>106</ele>
    <time>2026-08-04T19:10:42Z</time>
    <extensions>
     <gpxdata:hr>113</gpxdata:hr>
     <gpxdata:distance>13634.00</gpxdata:distance>
     <gpxdata:speed>7.572</gpxdata:speed>
    </extensions>
   </trkpt>
   <trkpt lat="51.0165368" lon="13.8478338">
    <ele>106</ele>
    <time>2026-08-04T19:10:43Z</time>
    <extensions>
     <gpxdata:hr>114</gpxdata:hr>
     <gpxdata:distance>13641.00</gpxdata:distance>
     <gpxdata:speed>7.494</gpxdata:speed>
    </extensions>
   </trkpt>
   <trkpt lat="51.0164880" lon="13.8479046">
    <ele>106</ele>
    <time>2026-08-04T19:10:44Z</time>
    <extensions>
     <gpxdata:hr>114</gpxdata:hr>
     <gpxdata:distance>13648.50</gpxdata:distance>
     <gpxdata:speed>7.472</gpxdata:speed>
    </extensions>
   </trkpt>
   <trkpt lat="51.0164383" lon="13.8479738">
    <ele>106</ele>
    <time>2026-08-04T19:10:45Z</time>
    <extensions>
     <gpxdata:hr>115</gpxdata:hr>
     <gpxdata:distance>13656.00</gpxdata:distance>
     <gpxdata:speed>7.408</gpxdata:speed>
    </extensions>
   </trkpt>
   <trkpt lat="51.0163886" lon="13.8480412">
    <ele>107</ele>
    <time>2026-08-04T19:10:46Z</time>
    <extensions>
     <gpxdata:hr>116</gpxdata:hr>
     <gpxdata:distance>13663.50</gpxdata:distance>
     <gpxdata:speed>7.381</gpxdata:speed>
    </extensions>
   </trkpt>
   <trkpt lat="51.0163393" lon="13.8481069">
    <ele>107</ele>
    <time>2026-08-04T19:10:47Z</time>
    <extensions>
     <gpxdata:hr>116</gpxdata:hr>
     <gpxdata:distance>13671.00</gpxdata:distance>
     <gpxdata:speed>7.297</gpxdata:speed>
    </extensions>
   </trkpt>
   <trkpt lat="51.0162909" lon="13.8481713">
    <ele>107</ele>
    <time>2026-08-04T19:10:48Z</time>
    <extensions>
     <gpxdata:hr>117</gpxdata:hr>
     <gpxdata:distance>13678.00</gpxdata:distance>
     <gpxdata:speed>7.194</gpxdata:speed>
    </extensions>
   </trkpt>
   <trkpt lat="51.0162441" lon="13.8482338">
    <ele>107</ele>
    <time>2026-08-04T19:10:49Z</time>
    <extensions>
     <gpxdata:hr>119</gpxdata:hr>
     <gpxdata:distance>13685.00</gpxdata:distance>
     <gpxdata:speed>7.072</gpxdata:speed>
    </extensions>
   </trkpt>
   <trkpt lat="51.0161982" lon="13.8482927">
    <ele>107</ele>
    <time>2026-08-04T19:10:50Z</time>
    <extensions>
     <gpxdata:hr>119</gpxdata:hr>
     <gpxdata:distance>13691.50</gpxdata:distance>
     <gpxdata:speed>6.844</gpxdata:speed>
    </extensions>
   </trkpt>
   <trkpt lat="51.0161512" lon="13.8483442">
    <ele>107</ele>
    <time>2026-08-04T19:10:51Z</time>
    <extensions>
     <gpxdata:hr>121</gpxdata:hr>
     <gpxdata:distance>13698.00</gpxdata:distance>
     <gpxdata:speed>6.631</gpxdata:speed>
    </extensions>
   </trkpt>
   <trkpt lat="51.0161021" lon="13.8483846">
    <ele>108</ele>
    <time>2026-08-04T19:10:52Z</time>
    <extensions>
     <gpxdata:hr>122</gpxdata:hr>
     <gpxdata:distance>13704.00</gpxdata:distance>
     <gpxdata:speed>6.456</gpxdata:speed>
    </extensions>
   </trkpt>
   <trkpt lat="51.0160532" lon="13.8484177">
    <ele>108</ele>
    <time>2026-08-04T19:10:53Z</time>
    <extensions>
     <gpxdata:hr>122</gpxdata:hr>
     <gpxdata:distance>13710.00</gpxdata:distance>
     <gpxdata:speed>6.272</gpxdata:speed>
    </extensions>
   </trkpt>
   <trkpt lat="51.0160067" lon="13.8484553">
    <ele>108</ele>
    <time>2026-08-04T19:10:54Z</time>
    <extensions>
     <gpxdata:hr>122</gpxdata:hr>
     <gpxdata:distance>13715.50</gpxdata:distance>
     <gpxdata:speed>6.008</gpxdata:speed>
    </extensions>
   </trkpt>
   <trkpt lat="51.0159757" lon="13.8484913">
    <ele>108</ele>
    <time>2026-08-04T19:10:55Z</time>
    <extensions>
     <gpxdata:hr>122</gpxdata:hr>
     <gpxdata:distance>13721.00</gpxdata:distance>
     <gpxdata:speed>5.917</gpxdata:speed>
    </extensions>
   </trkpt>
   <trkpt lat="51.0159253" lon="13.8485640">
    <ele>108</ele>
    <time>2026-08-04T19:10:56Z</time>
    <extensions>
     <gpxdata:hr>122</gpxdata:hr>
     <gpxdata:distance>13727.50</gpxdata:distance>
     <gpxdata:speed>6.058</gpxdata:speed>
    </extensions>
   </trkpt>
   <trkpt lat="51.0158845" lon="13.8486315">
    <ele>108</ele>
    <time>2026-08-04T19:10:57Z</time>
    <extensions>
     <gpxdata:hr>121</gpxdata:hr>
     <gpxdata:distance>13734.00</gpxdata:distance>
     <gpxdata:speed>6.206</gpxdata:speed>
    </extensions>
   </trkpt>
   <trkpt lat="51.0158443" lon="13.8487008">
    <ele>108</ele>
    <time>2026-08-04T19:10:58Z</time>
    <extensions>
     <gpxdata:hr>120</gpxdata:hr>
     <gpxdata:distance>13740.50</gpxdata:distance>
     <gpxdata:speed>6.344</gpxdata:speed>
    </extensions>
   </trkpt>
   <trkpt lat="51.0158033" lon="13.8487713">
    <ele>108</ele>
    <time>2026-08-04T19:10:59Z</time>
    <extensions>
     <gpxdata:hr>120</gpxdata:hr>
     <gpxdata:distance>13747.00</gpxdata:distance>
     <gpxdata:speed>6.492</gpxdata:speed>
    </extensions>
   </trkpt>
   <trkpt lat="51.0157619" lon="13.8488426">
    <ele>108</ele>
    <time>2026-08-04T19:11:00Z</time>
    <extensions>
     <gpxdata:hr>120</gpxdata:hr>
     <gpxdata:distance>13754.00</gpxdata:distance>
     <gpxdata:speed>6.572</gpxdata:speed>
    </extensions>
   </trkpt>
   <trkpt lat="51.0157207" lon="13.8489155">
    <ele>108</ele>
    <time>2026-08-04T19:11:01Z</time>
    <extensions>
     <gpxdata:hr>121</gpxdata:hr>
     <gpxdata:distance>13761.00</gpxdata:distance>
     <gpxdata:speed>6.642</gpxdata:speed>
    </extensions>
   </trkpt>
   <trkpt lat="51.0156801" lon="13.8489893">
    <ele>108</ele>
    <time>2026-08-04T19:11:02Z</time>
    <extensions>
     <gpxdata:hr>121</gpxdata:hr>
     <gpxdata:distance>13767.50</gpxdata:distance>
     <gpxdata:speed>6.719</gpxdata:speed>
    </extensions>
   </trkpt>
   <trkpt lat="51.0156410" lon="13.8490639">
    <ele>108</ele>
    <time>2026-08-04T19:11:03Z</time>
    <extensions>
     <gpxdata:hr>121</gpxdata:hr>
     <gpxdata:distance>13774.00</gpxdata:distance>
     <gpxdata:speed>6.814</gpxdata:speed>
    </extensions>
   </trkpt>
   <trkpt lat="51.0156014" lon="13.8491392">
    <ele>108</ele>
    <time>2026-08-04T19:11:04Z</time>
    <extensions>
     <gpxdata:hr>121</gpxdata:hr>
     <gpxdata:distance>13781.00</gpxdata:distance>
     <gpxdata:speed>6.772</gpxdata:speed>
    </extensions>
   </trkpt>
   <trkpt lat="51.0155606" lon="13.8492147">
    <ele>108</ele>
    <time>2026-08-04T19:11:05Z</time>
    <extensions>
     <gpxdata:hr>121</gpxdata:hr>
     <gpxdata:distance>13788.00</gpxdata:distance>
     <gpxdata:speed>6.872</gpxdata:speed>
    </extensions>
   </trkpt>
   <trkpt lat="51.0155185" lon="13.8492894">
    <ele>108</ele>
    <time>2026-08-04T19:11:06Z</time>
    <extensions>
     <gpxdata:hr>121</gpxdata:hr>
     <gpxdata:distance>13795.00</gpxdata:distance>
     <gpxdata:speed>6.958</gpxdata:speed>
    </extensions>
   </trkpt>
   <trkpt lat="51.0154751" lon="13.8493635">
    <ele>108</ele>
    <time>2026-08-04T19:11:07Z</time>
    <extensions>
     <gpxdata:hr>120</gpxdata:hr>
     <gpxdata:distance>13802.00</gpxdata:distance>
     <gpxdata:speed>7.000</gpxdata:speed>
    </extensions>
   </trkpt>
   <trkpt lat="51.0154321" lon="13.8494383">
    <ele>108</ele>
    <time>2026-08-04T19:11:08Z</time>
    <extensions>
     <gpxdata:hr>120</gpxdata:hr>
     <gpxdata:distance>13809.00</gpxdata:distance>
     <gpxdata:speed>7.064</gpxdata:speed>
    </extensions>
   </trkpt>
   <trkpt lat="51.0153897" lon="13.8495144">
    <ele>108</ele>
    <time>2026-08-04T19:11:09Z</time>
    <extensions>
     <gpxdata:hr>120</gpxdata:hr>
     <gpxdata:distance>13816.00</gpxdata:distance>
     <gpxdata:speed>7.075</gpxdata:speed>
    </extensions>
   </trkpt>
   <trkpt lat="51.0153475" lon="13.8495905">
    <ele>108</ele>
    <time>2026-08-04T19:11:10Z</time>
    <extensions>
     <gpxdata:hr>120</gpxdata:hr>
     <gpxdata:distance>13823.50</gpxdata:distance>
     <gpxdata:speed>7.100</gpxdata:speed>
    </extensions>
   </trkpt>
   <trkpt lat="51.0153046" lon="13.8496650">
    <ele>108</ele>
    <time>2026-08-04T19:11:11Z</time>
    <extensions>
     <gpxdata:hr>120</gpxdata:hr>
     <gpxdata:distance>13831.00</gpxdata:distance>
     <gpxdata:speed>7.100</gpxdata:speed>
    </extensions>
   </trkpt>
   <trkpt lat="51.0152616" lon="13.8497376">
    <ele>108</ele>
    <time>2026-08-04T19:11:12Z</time>
    <extensions>
     <gpxdata:hr>120</gpxdata:hr>
     <gpxdata:distance>13838.00</gpxdata:distance>
     <gpxdata:speed>7.092</gpxdata:speed>
    </extensions>
   </trkpt>
   <trkpt lat="51.0152187" lon="13.8498089">
    <ele>108</ele>
    <time>2026-08-04T19:11:13Z</time>
    <extensions>
     <gpxdata:hr>121</gpxdata:hr>
     <gpxdata:distance>13845.00</gpxdata:distance>
     <gpxdata:speed>7.042</gpxdata:speed>
    </extensions>
   </trkpt>
   <trkpt lat="51.0151763" lon="13.8498798">
    <ele>108</ele>
    <time>2026-08-04T19:11:14Z</time>
    <extensions>
     <gpxdata:hr>121</gpxdata:hr>
     <gpxdata:distance>13851.50</gpxdata:distance>
     <gpxdata:speed>6.997</gpxdata:speed>
    </extensions>
   </trkpt>
   <trkpt lat="51.0151341" lon="13.8499506">
    <ele>108</ele>
    <time>2026-08-04T19:11:15Z</time>
    <extensions>
     <gpxdata:hr>121</gpxdata:hr>
     <gpxdata:distance>13858.00</gpxdata:distance>
     <gpxdata:speed>6.947</gpxdata:speed>
    </extensions>
   </trkpt>
   <trkpt lat="51.0150913" lon="13.8500208">
    <ele>108</ele>
    <time>2026-08-04T19:11:16Z</time>
    <extensions>
     <gpxdata:hr>121</gpxdata:hr>
     <gpxdata:distance>13865.00</gpxdata:distance>
     <gpxdata:speed>6.908</gpxdata:speed>
    </extensions>
   </trkpt>
   <trkpt lat="51.0150471" lon="13.8500892">
    <ele>108</ele>
    <time>2026-08-04T19:11:17Z</time>
    <extensions>
     <gpxdata:hr>121</gpxdata:hr>
     <gpxdata:distance>13872.00</gpxdata:distance>
     <gpxdata:speed>6.892</gpxdata:speed>
    </extensions>
   </trkpt>
   <trkpt lat="51.0150018" lon="13.8501555">
    <ele>109</ele>
    <time>2026-08-04T19:11:18Z</time>
    <extensions>
     <gpxdata:hr>121</gpxdata:hr>
     <gpxdata:distance>13879.00</gpxdata:distance>
     <gpxdata:speed>6.881</gpxdata:speed>
    </extensions>
   </trkpt>
   <trkpt lat="51.0149560" lon="13.8502212">
    <ele>109</ele>
    <time>2026-08-04T19:11:19Z</time>
    <extensions>
     <gpxdata:hr>122</gpxdata:hr>
     <gpxdata:distance>13886.00</gpxdata:distance>
     <gpxdata:speed>6.867</gpxdata:speed>
    </extensions>
   </trkpt>
   <trkpt lat="51.0149106" lon="13.8502877">
    <ele>109</ele>
    <time>2026-08-04T19:11:20Z</time>
    <extensions>
     <gpxdata:hr>122</gpxdata:hr>
     <gpxdata:distance>13892.50</gpxdata:distance>
     <gpxdata:speed>6.864</gpxdata:speed>
    </extensions>
   </trkpt>
   <trkpt lat="51.0148661" lon="13.8503562">
    <ele>109</ele>
    <time>2026-08-04T19:11:21Z</time>
    <extensions>
     <gpxdata:hr>122</gpxdata:hr>
     <gpxdata:distance>13899.00</gpxdata:distance>
     <gpxdata:speed>6.864</gpxdata:speed>
    </extensions>
   </trkpt>
   <trkpt lat="51.0148223" lon="13.8504250">
    <ele>109</ele>
    <time>2026-08-04T19:11:22Z</time>
    <extensions>
     <gpxdata:hr>122</gpxdata:hr>
     <gpxdata:distance>13906.00</gpxdata:distance>
     <gpxdata:speed>6.875</gpxdata:speed>
    </extensions>
   </trkpt>
   <trkpt lat="51.0147784" lon="13.8504926">
    <ele>109</ele>
    <time>2026-08-04T19:11:23Z</time>
    <extensions>
     <gpxdata:hr>122</gpxdata:hr>
     <gpxdata:distance>13913.00</gpxdata:distance>
     <gpxdata:speed>6.861</gpxdata:speed>
    </extensions>
   </trkpt>
   <trkpt lat="51.0147345" lon="13.8505585">
    <ele>109</ele>
    <time>2026-08-04T19:11:24Z</time>
    <extensions>
     <gpxdata:hr>121</gpxdata:hr>
     <gpxdata:distance>13920.00</gpxdata:distance>
     <gpxdata:speed>6.836</gpxdata:speed>
    </extensions>
   </trkpt>
   <trkpt lat="51.0146902" lon="13.8506236">
    <ele>109</ele>
    <time>2026-08-04T19:11:25Z</time>
    <extensions>
     <gpxdata:hr>122</gpxdata:hr>
     <gpxdata:distance>13927.00</gpxdata:distance>
     <gpxdata:speed>6.794</gpxdata:speed>
    </extensions>
   </trkpt>
   <trkpt lat="51.0146460" lon="13.8506898">
    <ele>109</ele>
    <time>2026-08-04T19:11:26Z</time>
    <extensions>
     <gpxdata:hr>122</gpxdata:hr>
     <gpxdata:distance>13933.50</gpxdata:distance>
     <gpxdata:speed>6.769</gpxdata:speed>
    </extensions>
   </trkpt>
   <trkpt lat="51.0146020" lon="13.8507559">
    <ele>109</ele>
    <time>2026-08-04T19:11:27Z</time>
    <extensions>
     <gpxdata:hr>122</gpxdata:hr>
     <gpxdata:distance>13940.00</gpxdata:distance>
     <gpxdata:speed>6.772</gpxdata:speed>
    </extensions>
   </trkpt>
   <trkpt lat="51.0145595" lon="13.8508239">
    <ele>109</ele>
    <time>2026-08-04T19:11:28Z</time>
    <extensions>
     <gpxdata:hr>123</gpxdata:hr>
     <gpxdata:distance>13947.00</gpxdata:distance>
     <gpxdata:speed>6.761</gpxdata:speed>
    </extensions>
   </trkpt>
   <trkpt lat="51.0145179" lon="13.8508945">
    <ele>109</ele>
    <time>2026-08-04T19:11:29Z</time>
    <extensions>
     <gpxdata:hr>123</gpxdata:hr>
     <gpxdata:distance>13954.00</gpxdata:distance>
     <gpxdata:speed>6.747</gpxdata:speed>
    </extensions>
   </trkpt>
   <trkpt lat="51.0144758" lon="13.8509661">
    <ele>109</ele>
    <time>2026-08-04T19:11:30Z</time>
    <extensions>
     <gpxdata:hr>123</gpxdata:hr>
     <gpxdata:distance>13960.50</gpxdata:distance>
     <gpxdata:speed>6.764</gpxdata:speed>
    </extensions>
   </trkpt>
   <trkpt lat="51.0144317" lon="13.8510366">
    <ele>109</ele>
    <time>2026-08-04T19:11:31Z</time>
    <extensions>
     <gpxdata:hr>123</gpxdata:hr>
     <gpxdata:distance>13967.00</gpxdata:distance>
     <gpxdata:speed>6.803</gpxdata:speed>
    </extensions>
   </trkpt>
   <trkpt lat="51.0143860" lon="13.8511051">
    <ele>109</ele>
    <time>2026-08-04T19:11:32Z</time>
    <extensions>
     <gpxdata:hr>123</gpxdata:hr>
     <gpxdata:distance>13974.00</gpxdata:distance>
     <gpxdata:speed>6.864</gpxdata:speed>
    </extensions>
   </trkpt>
   <trkpt lat="51.0143405" lon="13.8511730">
    <ele>109</ele>
    <time>2026-08-04T19:11:33Z</time>
    <extensions>
     <gpxdata:hr>124</gpxdata:hr>
     <gpxdata:distance>13981.00</gpxdata:distance>
     <gpxdata:speed>6.906</gpxdata:speed>
    </extensions>
   </trkpt>
   <trkpt lat="51.0142950" lon="13.8512407">
    <ele>110</ele>
    <time>2026-08-04T19:11:34Z</time>
    <extensions>
     <gpxdata:hr>122</gpxdata:hr>
     <gpxdata:distance>13988.00</gpxdata:distance>
     <gpxdata:speed>6.914</gpxdata:speed>
    </extensions>
   </trkpt>
   <trkpt lat="51.0142491" lon="13.8513074">
    <ele>110</ele>
    <time>2026-08-04T19:11:35Z</time>
    <extensions>
     <gpxdata:hr>122</gpxdata:hr>
     <gpxdata:distance>13995.00</gpxdata:distance>
     <gpxdata:speed>6.919</gpxdata:speed>
    </extensions>
   </trkpt>
   <trkpt lat="51.0142024" lon="13.8513722">
    <ele>110</ele>
    <time>2026-08-04T19:11:36Z</time>
    <extensions>
     <gpxdata:hr>122</gpxdata:hr>
     <gpxdata:distance>14002.00</gpxdata:distance>
     <gpxdata:speed>6.922</gpxdata:speed>
    </extensions>
   </trkpt>
   <trkpt lat="51.0141546" lon="13.8514338">
    <ele>110</ele>
    <time>2026-08-04T19:11:37Z</time>
    <extensions>
     <gpxdata:hr>122</gpxdata:hr>
     <gpxdata:distance>14009.00</gpxdata:distance>
     <gpxdata:speed>6.917</gpxdata:speed>
    </extensions>
   </trkpt>
   <trkpt lat="51.0141062" lon="13.8514929">
    <ele>110</ele>
    <time>2026-08-04T19:11:38Z</time>
    <extensions>
     <gpxdata:hr>122</gpxdata:hr>
     <gpxdata:distance>14016.00</gpxdata:distance>
     <gpxdata:speed>6.892</gpxdata:speed>
    </extensions>
   </trkpt>
   <trkpt lat="51.0140573" lon="13.8515518">
    <ele>110</ele>
    <time>2026-08-04T19:11:39Z</time>
    <extensions>
     <gpxdata:hr>122</gpxdata:hr>
     <gpxdata:distance>14023.00</gpxdata:distance>
     <gpxdata:speed>6.858</gpxdata:speed>
    </extensions>
   </trkpt>
   <trkpt lat="51.0140086" lon="13.8516118">
    <ele>110</ele>
    <time>2026-08-04T19:11:40Z</time>
    <extensions>
     <gpxdata:hr>122</gpxdata:hr>
     <gpxdata:distance>14029.50</gpxdata:distance>
     <gpxdata:speed>6.853</gpxdata:speed>
    </extensions>
   </trkpt>
   <trkpt lat="51.0139606" lon="13.8516725">
    <ele>109</ele>
    <time>2026-08-04T19:11:41Z</time>
    <extensions>
     <gpxdata:hr>123</gpxdata:hr>
     <gpxdata:distance>14036.00</gpxdata:distance>
     <gpxdata:speed>6.858</gpxdata:speed>
    </extensions>
   </trkpt>
   <trkpt lat="51.0139123" lon="13.8517319">
    <ele>109</ele>
    <time>2026-08-04T19:11:42Z</time>
    <extensions>
     <gpxdata:hr>123</gpxdata:hr>
     <gpxdata:distance>14043.00</gpxdata:distance>
     <gpxdata:speed>6.844</gpxdata:speed>
    </extensions>
   </trkpt>
   <trkpt lat="51.0138639" lon="13.8517910">
    <ele>109</ele>
    <time>2026-08-04T19:11:43Z</time>
    <extensions>
     <gpxdata:hr>124</gpxdata:hr>
     <gpxdata:distance>14050.00</gpxdata:distance>
     <gpxdata:speed>6.828</gpxdata:speed>
    </extensions>
   </trkpt>
   <trkpt lat="51.0138156" lon="13.8518494">
    <ele>110</ele>
    <time>2026-08-04T19:11:44Z</time>
    <extensions>
     <gpxdata:hr>124</gpxdata:hr>
     <gpxdata:distance>14056.50</gpxdata:distance>
     <gpxdata:speed>6.814</gpxdata:speed>
    </extensions>
   </trkpt>
   <trkpt lat="51.0137669" lon="13.8519063">
    <ele>110</ele>
    <time>2026-08-04T19:11:45Z</time>
    <extensions>
     <gpxdata:hr>123</gpxdata:hr>
     <gpxdata:distance>14063.00</gpxdata:distance>
     <gpxdata:speed>6.794</gpxdata:speed>
    </extensions>
   </trkpt>
   <trkpt lat="51.0137181" lon="13.8519634">
    <ele>110</ele>
    <time>2026-08-04T19:11:46Z</time>
    <extensions>
     <gpxdata:hr>122</gpxdata:hr>
     <gpxdata:distance>14070.00</gpxdata:distance>
     <gpxdata:speed>6.769</gpxdata:speed>
    </extensions>
   </trkpt>
   <trkpt lat="51.0136688" lon="13.8520217">
    <ele>111</ele>
    <time>2026-08-04T19:11:47Z</time>
    <extensions>
     <gpxdata:hr>121</gpxdata:hr>
     <gpxdata:distance>14077.00</gpxdata:distance>
     <gpxdata:speed>6.769</gpxdata:speed>
    </extensions>
   </trkpt>
   <trkpt lat="51.0136193" lon="13.8520826">
    <ele>111</ele>
    <time>2026-08-04T19:11:48Z</time>
    <extensions>
     <gpxdata:hr>122</gpxdata:hr>
     <gpxdata:distance>14084.00</gpxdata:distance>
     <gpxdata:speed>6.797</gpxdata:speed>
    </extensions>
   </trkpt>
   <trkpt lat="51.0135701" lon="13.8521475">
    <ele>111</ele>
    <time>2026-08-04T19:11:49Z</time>
    <extensions>
     <gpxdata:hr>123</gpxdata:hr>
     <gpxdata:distance>14091.00</gpxdata:distance>
     <gpxdata:speed>6.864</gpxdata:speed>
    </extensions>
   </trkpt>
   <trkpt lat="51.0135211" lon="13.8522166">
    <ele>111</ele>
    <time>2026-08-04T19:11:50Z</time>
    <extensions>
     <gpxdata:hr>123</gpxdata:hr>
     <gpxdata:distance>14098.50</gpxdata:distance>
     <gpxdata:speed>6.958</gpxdata:speed>
    </extensions>
   </trkpt>
   <trkpt lat="51.0134725" lon="13.8522892">
    <ele>111</ele>
    <time>2026-08-04T19:11:51Z</time>
    <extensions>
     <gpxdata:hr>124</gpxdata:hr>
     <gpxdata:distance>14106.00</gpxdata:distance>
     <gpxdata:speed>7.075</gpxdata:speed>
    </extensions>
   </trkpt>
   <trkpt lat="51.0134239" lon="13.8523627">
    <ele>111</ele>
    <time>2026-08-04T19:11:52Z</time>
    <extensions>
     <gpxdata:hr>126</gpxdata:hr>
     <gpxdata:distance>14113.50</gpxdata:distance>
     <gpxdata:speed>7.197</gpxdata:speed>
    </extensions>
   </trkpt>
   <trkpt lat="51.0133754" lon="13.8524359">
    <ele>111</ele>
    <time>2026-08-04T19:11:53Z</time>
    <extensions>
     <gpxdata:hr>127</gpxdata:hr>
     <gpxdata:distance>14121.00</gpxdata:distance>
     <gpxdata:speed>7.286</gpxdata:speed>
    </extensions>
   </trkpt>
   <trkpt lat="51.0133268" lon="13.8525096">
    <ele>111</ele>
    <time>2026-08-04T19:11:54Z</time>
    <extensions>
     <gpxdata:hr>127</gpxdata:hr>
     <gpxdata:distance>14128.00</gpxdata:distance>
     <gpxdata:speed>7.331</gpxdata:speed>
    </extensions>
   </trkpt>
   <trkpt lat="51.0132782" lon="13.8525831">
    <ele>111</ele>
    <time>2026-08-04T19:11:55Z</time>
    <extensions>
     <gpxdata:hr>126</gpxdata:hr>
     <gpxdata:distance>14135.00</gpxdata:distance>
     <gpxdata:speed>7.386</gpxdata:speed>
    </extensions>
   </trkpt>
   <trkpt lat="51.0132294" lon="13.8526584">
    <ele>111</ele>
    <time>2026-08-04T19:11:56Z</time>
    <extensions>
     <gpxdata:hr>126</gpxdata:hr>
     <gpxdata:distance>14143.00</gpxdata:distance>
     <gpxdata:speed>7.414</gpxdata:speed>
    </extensions>
   </trkpt>
   <trkpt lat="51.0131810" lon="13.8527350">
    <ele>111</ele>
    <time>2026-08-04T19:11:57Z</time>
    <extensions>
     <gpxdata:hr>126</gpxdata:hr>
     <gpxdata:distance>14151.00</gpxdata:distance>
     <gpxdata:speed>7.483</gpxdata:speed>
    </extensions>
   </trkpt>
   <trkpt lat="51.0131330" lon="13.8528127">
    <ele>111</ele>
    <time>2026-08-04T19:11:58Z</time>
    <extensions>
     <gpxdata:hr>126</gpxdata:hr>
     <gpxdata:distance>14158.50</gpxdata:distance>
     <gpxdata:speed>7.533</gpxdata:speed>
    </extensions>
   </trkpt>
   <trkpt lat="51.0130851" lon="13.8528905">
    <ele>111</ele>
    <time>2026-08-04T19:11:59Z</time>
    <extensions>
     <gpxdata:hr>126</gpxdata:hr>
     <gpxdata:distance>14166.00</gpxdata:distance>
     <gpxdata:speed>7.569</gpxdata:speed>
    </extensions>
   </trkpt>
   <trkpt lat="51.0130364" lon="13.8529676">
    <ele>111</ele>
    <time>2026-08-04T19:12:00Z</time>
    <extensions>
     <gpxdata:hr>126</gpxdata:hr>
     <gpxdata:distance>14173.50</gpxdata:distance>
     <gpxdata:speed>7.597</gpxdata:speed>
    </extensions>
   </trkpt>
   <trkpt lat="51.0129866" lon="13.8530442">
    <ele>111</ele>
    <time>2026-08-04T19:12:01Z</time>
    <extensions>
     <gpxdata:hr>126</gpxdata:hr>
     <gpxdata:distance>14181.00</gpxdata:distance>
     <gpxdata:speed>7.619</gpxdata:speed>
    </extensions>
   </trkpt>
   <trkpt lat="51.0129358" lon="13.8531204">
    <ele>111</ele>
    <time>2026-08-04T19:12:02Z</time>
    <extensions>
     <gpxdata:hr>126</gpxdata:hr>
     <gpxdata:distance>14189.00</gpxdata:distance>
     <gpxdata:speed>7.661</gpxdata:speed>
    </extensions>
   </trkpt>
   <trkpt lat="51.0128852" lon="13.8531963">
    <ele>111</ele>
    <time>2026-08-04T19:12:03Z</time>
    <extensions>
     <gpxdata:hr>126</gpxdata:hr>
     <gpxdata:distance>14197.00</gpxdata:distance>
     <gpxdata:speed>7.708</gpxdata:speed>
    </extensions>
   </trkpt>
   <trkpt lat="51.0128351" lon="13.8532725">
    <ele>111</ele>
    <time>2026-08-04T19:12:04Z</time>
    <extensions>
     <gpxdata:hr>125</gpxdata:hr>
     <gpxdata:distance>14204.50</gpxdata:distance>
     <gpxdata:speed>7.719</gpxdata:speed>
    </extensions>
   </trkpt>
   <trkpt lat="51.0127856" lon="13.8533482">
    <ele>111</ele>
    <time>2026-08-04T19:12:05Z</time>
    <extensions>
     <gpxdata:hr>125</gpxdata:hr>
     <gpxdata:distance>14212.00</gpxdata:distance>
     <gpxdata:speed>7.719</gpxdata:speed>
    </extensions>
   </trkpt>
   <trkpt lat="51.0127364" lon="13.8534230">
    <ele>111</ele>
    <time>2026-08-04T19:12:06Z</time>
    <extensions>
     <gpxdata:hr>124</gpxdata:hr>
     <gpxdata:distance>14219.50</gpxdata:distance>
     <gpxdata:speed>7.692</gpxdata:speed>
    </extensions>
   </trkpt>
   <trkpt lat="51.0126870" lon="13.8534973">
    <ele>111</ele>
    <time>2026-08-04T19:12:07Z</time>
    <extensions>
     <gpxdata:hr>124</gpxdata:hr>
     <gpxdata:distance>14227.00</gpxdata:distance>
     <gpxdata:speed>7.653</gpxdata:speed>
    </extensions>
   </trkpt>
   <trkpt lat="51.0126367" lon="13.8535717">
    <ele>111</ele>
    <time>2026-08-04T19:12:08Z</time>
    <extensions>
     <gpxdata:hr>124</gpxdata:hr>
     <gpxdata:distance>14234.50</gpxdata:distance>
     <gpxdata:speed>7.628</gpxdata:speed>
    </extensions>
   </trkpt>
   <trkpt lat="51.0125856" lon="13.8536468">
    <ele>111</ele>
    <time>2026-08-04T19:12:09Z</time>
    <extensions>
     <gpxdata:hr>124</gpxdata:hr>
     <gpxdata:distance>14242.00</gpxdata:distance>
     <gpxdata:speed>7.647</gpxdata:speed>
    </extensions>
   </trkpt>
   <trkpt lat="51.0125354" lon="13.8537239">
    <ele>111</ele>
    <time>2026-08-04T19:12:10Z</time>
    <extensions>
     <gpxdata:hr>124</gpxdata:hr>
     <gpxdata:distance>14250.00</gpxdata:distance>
     <gpxdata:speed>7.689</gpxdata:speed>
    </extensions>
   </trkpt>
   <trkpt lat="51.0124859" lon="13.8538027">
    <ele>111</ele>
    <time>2026-08-04T19:12:11Z</time>
    <extensions>
     <gpxdata:hr>124</gpxdata:hr>
     <gpxdata:distance>14258.00</gpxdata:distance>
     <gpxdata:speed>7.714</gpxdata:speed>
    </extensions>
   </trkpt>
   <trkpt lat="51.0124373" lon="13.8538826">
    <ele>111</ele>
    <time>2026-08-04T19:12:12Z</time>
    <extensions>
     <gpxdata:hr>124</gpxdata:hr>
     <gpxdata:distance>14266.00</gpxdata:distance>
     <gpxdata:speed>7.742</gpxdata:speed>
    </extensions>
   </trkpt>
   <trkpt lat="51.0123884" lon="13.8539624">
    <ele>111</ele>
    <time>2026-08-04T19:12:13Z</time>
    <extensions>
     <gpxdata:hr>123</gpxdata:hr>
     <gpxdata:distance>14274.00</gpxdata:distance>
     <gpxdata:speed>7.753</gpxdata:speed>
    </extensions>
   </trkpt>
   <trkpt lat="51.0123392" lon="13.8540422">
    <ele>111</ele>
    <time>2026-08-04T19:12:14Z</time>
    <extensions>
     <gpxdata:hr>123</gpxdata:hr>
     <gpxdata:distance>14281.50</gpxdata:distance>
     <gpxdata:speed>7.767</gpxdata:speed>
    </extensions>
   </trkpt>
   <trkpt lat="51.0122904" lon="13.8541236">
    <ele>111</ele>
    <time>2026-08-04T19:12:15Z</time>
    <extensions>
     <gpxdata:hr>122</gpxdata:hr>
     <gpxdata:distance>14289.00</gpxdata:distance>
     <gpxdata:speed>7.789</gpxdata:speed>
    </extensions>
   </trkpt>
   <trkpt lat="51.0122426" lon="13.8542070">
    <ele>111</ele>
    <time>2026-08-04T19:12:16Z</time>
    <extensions>
     <gpxdata:hr>122</gpxdata:hr>
     <gpxdata:distance>14297.00</gpxdata:distance>
     <gpxdata:speed>7.825</gpxdata:speed>
    </extensions>
   </trkpt>
   <trkpt lat="51.0121959" lon="13.8542918">
    <ele>111</ele>
    <time>2026-08-04T19:12:17Z</time>
    <extensions>
     <gpxdata:hr>122</gpxdata:hr>
     <gpxdata:distance>14305.00</gpxdata:distance>
     <gpxdata:speed>7.853</gpxdata:speed>
    </extensions>
   </trkpt>
   <trkpt lat="51.0121497" lon="13.8543778">
    <ele>111</ele>
    <time>2026-08-04T19:12:18Z</time>
    <extensions>
     <gpxdata:hr>123</gpxdata:hr>
     <gpxdata:distance>14313.00</gpxdata:distance>
     <gpxdata:speed>7.867</gpxdata:speed>
    </extensions>
   </trkpt>
   <trkpt lat="51.0121033" lon="13.8544641">
    <ele>111</ele>
    <time>2026-08-04T19:12:19Z</time>
    <extensions>
     <gpxdata:hr>123</gpxdata:hr>
     <gpxdata:distance>14321.00</gpxdata:distance>
     <gpxdata:speed>7.886</gpxdata:speed>
    </extensions>
   </trkpt>
   <trkpt lat="51.0120562" lon="13.8545497">
    <ele>111</ele>
    <time>2026-08-04T19:12:20Z</time>
    <extensions>
     <gpxdata:hr>123</gpxdata:hr>
     <gpxdata:distance>14329.00</gpxdata:distance>
     <gpxdata:speed>7.908</gpxdata:speed>
    </extensions>
   </trkpt>
   <trkpt lat="51.0120092" lon="13.8546351">
    <ele>111</ele>
    <time>2026-08-04T19:12:21Z</time>
    <extensions>
     <gpxdata:hr>123</gpxdata:hr>
     <gpxdata:distance>14337.00</gpxdata:distance>
     <gpxdata:speed>7.933</gpxdata:speed>
    </extensions>
   </trkpt>
   <trkpt lat="51.0119625" lon="13.8547212">
    <ele>111</ele>
    <time>2026-08-04T19:12:22Z</time>
    <extensions>
     <gpxdata:hr>122</gpxdata:hr>
     <gpxdata:distance>14345.00</gpxdata:distance>
     <gpxdata:speed>7.933</gpxdata:speed>
    </extensions>
   </trkpt>
   <trkpt lat="51.0119171" lon="13.8548087">
    <ele>111</ele>
    <time>2026-08-04T19:12:23Z</time>
    <extensions>
     <gpxdata:hr>122</gpxdata:hr>
     <gpxdata:distance>14353.00</gpxdata:distance>
     <gpxdata:speed>7.950</gpxdata:speed>
    </extensions>
   </trkpt>
   <trkpt lat="51.0118726" lon="13.8548968">
    <ele>111</ele>
    <time>2026-08-04T19:12:24Z</time>
    <extensions>
     <gpxdata:hr>122</gpxdata:hr>
     <gpxdata:distance>14361.00</gpxdata:distance>
     <gpxdata:speed>7.947</gpxdata:speed>
    </extensions>
   </trkpt>
   <trkpt lat="51.0118271" lon="13.8549831">
    <ele>111</ele>
    <time>2026-08-04T19:12:25Z</time>
    <extensions>
     <gpxdata:hr>122</gpxdata:hr>
     <gpxdata:distance>14369.00</gpxdata:distance>
     <gpxdata:speed>7.936</gpxdata:speed>
    </extensions>
   </trkpt>
   <trkpt lat="51.0117806" lon="13.8550681">
    <ele>111</ele>
    <time>2026-08-04T19:12:26Z</time>
    <extensions>
     <gpxdata:hr>122</gpxdata:hr>
     <gpxdata:distance>14376.50</gpxdata:distance>
     <gpxdata:speed>7.919</gpxdata:speed>
    </extensions>
   </trkpt>
   <trkpt lat="51.0117343" lon="13.8551525">
    <ele>111</ele>
    <time>2026-08-04T19:12:27Z</time>
    <extensions>
     <gpxdata:hr>122</gpxdata:hr>
     <gpxdata:distance>14384.00</gpxdata:distance>
     <gpxdata:speed>7.911</gpxdata:speed>
    </extensions>
   </trkpt>
   <trkpt lat="51.0116884" lon="13.8552371">
    <ele>111</ele>
    <time>2026-08-04T19:12:28Z</time>
    <extensions>
     <gpxdata:hr>122</gpxdata:hr>
     <gpxdata:distance>14392.00</gpxdata:distance>
     <gpxdata:speed>7.889</gpxdata:speed>
    </extensions>
   </trkpt>
   <trkpt lat="51.0116429" lon="13.8553221">
    <ele>111</ele>
    <time>2026-08-04T19:12:29Z</time>
    <extensions>
     <gpxdata:hr>122</gpxdata:hr>
     <gpxdata:distance>14400.00</gpxdata:distance>
     <gpxdata:speed>7.864</gpxdata:speed>
    </extensions>
   </trkpt>
   <trkpt lat="51.0115972" lon="13.8554067">
    <ele>111</ele>
    <time>2026-08-04T19:12:30Z</time>
    <extensions>
     <gpxdata:hr>122</gpxdata:hr>
     <gpxdata:distance>14408.00</gpxdata:distance>
     <gpxdata:speed>7.850</gpxdata:speed>
    </extensions>
   </trkpt>
   <trkpt lat="51.0115516" lon="13.8554903">
    <ele>111</ele>
    <time>2026-08-04T19:12:31Z</time>
    <extensions>
     <gpxdata:hr>123</gpxdata:hr>
     <gpxdata:distance>14416.00</gpxdata:distance>
     <gpxdata:speed>7.839</gpxdata:speed>
    </extensions>
   </trkpt>
   <trkpt lat="51.0115064" lon="13.8555723">
    <ele>111</ele>
    <time>2026-08-04T19:12:32Z</time>
    <extensions>
     <gpxdata:hr>123</gpxdata:hr>
     <gpxdata:distance>14423.50</gpxdata:distance>
     <gpxdata:speed>7.800</gpxdata:speed>
    </extensions>
   </trkpt>
   <trkpt lat="51.0114620" lon="13.8556536">
    <ele>111</ele>
    <time>2026-08-04T19:12:33Z</time>
    <extensions>
     <gpxdata:hr>124</gpxdata:hr>
     <gpxdata:distance>14431.00</gpxdata:distance>
     <gpxdata:speed>7.733</gpxdata:speed>
    </extensions>
   </trkpt>
   <trkpt lat="51.0114185" lon="13.8557343">
    <ele>111</ele>
    <time>2026-08-04T19:12:34Z</time>
    <extensions>
     <gpxdata:hr>124</gpxdata:hr>
     <gpxdata:distance>14438.50</gpxdata:distance>
     <gpxdata:speed>7.664</gpxdata:speed>
    </extensions>
   </trkpt>
   <trkpt lat="51.0113750" lon="13.8558141">
    <ele>111</ele>
    <time>2026-08-04T19:12:35Z</time>
    <extensions>
     <gpxdata:hr>123</gpxdata:hr>
     <gpxdata:distance>14446.00</gpxdata:distance>
     <gpxdata:speed>7.581</gpxdata:speed>
    </extensions>
   </trkpt>
   <trkpt lat="51.0113311" lon="13.8558929">
    <ele>111</ele>
    <time>2026-08-04T19:12:36Z</time>
    <extensions>
     <gpxdata:hr>122</gpxdata:hr>
     <gpxdata:distance>14453.00</gpxdata:distance>
     <gpxdata:speed>7.514</gpxdata:speed>
    </extensions>
   </trkpt>
   <trkpt lat="51.0112868" lon="13.8559709">
    <ele>111</ele>
    <time>2026-08-04T19:12:37Z</time>
    <extensions>
     <gpxdata:hr>121</gpxdata:hr>
     <gpxdata:distance>14460.00</gpxdata:distance>
     <gpxdata:speed>7.467</gpxdata:speed>
    </extensions>
   </trkpt>
   <trkpt lat="51.0112420" lon="13.8560470">
    <ele>111</ele>
    <time>2026-08-04T19:12:38Z</time>
    <extensions>
     <gpxdata:hr>120</gpxdata:hr>
     <gpxdata:distance>14467.50</gpxdata:distance>
     <gpxdata:speed>7.428</gpxdata:speed>
    </extensions>
   </trkpt>
   <trkpt lat="51.0111967" lon="13.8561210">
    <ele>111</ele>
    <time>2026-08-04T19:12:39Z</time>
    <extensions>
     <gpxdata:hr>119</gpxdata:hr>
     <gpxdata:distance>14475.00</gpxdata:distance>
     <gpxdata:speed>7.375</gpxdata:speed>
    </extensions>
   </trkpt>
   <trkpt lat="51.0111507" lon="13.8561935">
    <ele>111</ele>
    <time>2026-08-04T19:12:40Z</time>
    <extensions>
     <gpxdata:hr>118</gpxdata:hr>
     <gpxdata:distance>14482.00</gpxdata:distance>
     <gpxdata:speed>7.322</gpxdata:speed>
    </extensions>
   </trkpt>
   <trkpt lat="51.0111054" lon="13.8562657">
    <ele>111</ele>
    <time>2026-08-04T19:12:41Z</time>
    <extensions>
     <gpxdata:hr>118</gpxdata:hr>
     <gpxdata:distance>14489.00</gpxdata:distance>
     <gpxdata:speed>7.283</gpxdata:speed>
    </extensions>
   </trkpt>
   <trkpt lat="51.0110614" lon="13.8563367">
    <ele>111</ele>
    <time>2026-08-04T19:12:42Z</time>
    <extensions>
     <gpxdata:hr>118</gpxdata:hr>
     <gpxdata:distance>14496.00</gpxdata:distance>
     <gpxdata:speed>7.228</gpxdata:speed>
    </extensions>
   </trkpt>
   <trkpt lat="51.0110181" lon="13.8564055">
    <ele>111</ele>
    <time>2026-08-04T19:12:43Z</time>
    <extensions>
     <gpxdata:hr>118</gpxdata:hr>
     <gpxdata:distance>14503.00</gpxdata:distance>
     <gpxdata:speed>7.131</gpxdata:speed>
    </extensions>
   </trkpt>
   <trkpt lat="51.0109762" lon="13.8564733">
    <ele>111</ele>
    <time>2026-08-04T19:12:44Z</time>
    <extensions>
     <gpxdata:hr>119</gpxdata:hr>
     <gpxdata:distance>14510.00</gpxdata:distance>
     <gpxdata:speed>7.011</gpxdata:speed>
    </extensions>
   </trkpt>
   <trkpt lat="51.0109353" lon="13.8565396">
    <ele>111</ele>
    <time>2026-08-04T19:12:45Z</time>
    <extensions>
     <gpxdata:hr>119</gpxdata:hr>
     <gpxdata:distance>14517.00</gpxdata:distance>
     <gpxdata:speed>6.808</gpxdata:speed>
    </extensions>
   </trkpt>
   <trkpt lat="51.0108951" lon="13.8566040">
    <ele>111</ele>
    <time>2026-08-04T19:12:46Z</time>
    <extensions>
     <gpxdata:hr>119</gpxdata:hr>
     <gpxdata:distance>14523.00</gpxdata:distance>
     <gpxdata:speed>6.617</gpxdata:speed>
    </extensions>
   </trkpt>
   <trkpt lat="51.0108561" lon="13.8566657">
    <ele>111</ele>
    <time>2026-08-04T19:12:47Z</time>
    <extensions>
     <gpxdata:hr>118</gpxdata:hr>
     <gpxdata:distance>14529.00</gpxdata:distance>
     <gpxdata:speed>6.425</gpxdata:speed>
    </extensions>
   </trkpt>
   <trkpt lat="51.0108199" lon="13.8567223">
    <ele>111</ele>
    <time>2026-08-04T19:12:48Z</time>
    <extensions>
     <gpxdata:hr>117</gpxdata:hr>
     <gpxdata:distance>14534.50</gpxdata:distance>
     <gpxdata:speed>6.183</gpxdata:speed>
    </extensions>
   </trkpt>
   <trkpt lat="51.0107975" lon="13.8567572">
    <ele>111</ele>
    <time>2026-08-04T19:12:49Z</time>
    <extensions>
     <gpxdata:hr>116</gpxdata:hr>
     <gpxdata:distance>14540.00</gpxdata:distance>
     <gpxdata:speed>5.717</gpxdata:speed>
    </extensions>
   </trkpt>
   <trkpt lat="51.0107742" lon="13.8567933">
    <ele>111</ele>
    <time>2026-08-04T19:12:50Z</time>
    <extensions>
     <gpxdata:hr>115</gpxdata:hr>
     <gpxdata:distance>14543.50</gpxdata:distance>
     <gpxdata:speed>4.933</gpxdata:speed>
    </extensions>
   </trkpt>
   <trkpt lat="51.0107563" lon="13.8568234">
    <ele>111</ele>
    <time>2026-08-04T19:12:51Z</time>
    <extensions>
     <gpxdata:hr>115</gpxdata:hr>
     <gpxdata:distance>14547.00</gpxdata:distance>
     <gpxdata:speed>3.942</gpxdata:speed>
    </extensions>
   </trkpt>
   <trkpt lat="51.0107464" lon="13.8568485">
    <ele>110</ele>
    <time>2026-08-04T19:12:52Z</time>
    <extensions>
     <gpxdata:hr>115</gpxdata:hr>
     <gpxdata:distance>14549.00</gpxdata:distance>
     <gpxdata:speed>3.619</gpxdata:speed>
    </extensions>
   </trkpt>
   <trkpt lat="51.0107460" lon="13.8568588">
    <ele>110</ele>
    <time>2026-08-04T19:12:53Z</time>
    <extensions>
     <gpxdata:hr>115</gpxdata:hr>
     <gpxdata:distance>14551.00</gpxdata:distance>
     <gpxdata:speed>2.967</gpxdata:speed>
    </extensions>
   </trkpt>
   <trkpt lat="51.0107498" lon="13.8568632">
    <ele>110</ele>
    <time>2026-08-04T19:12:54Z</time>
    <extensions>
     <gpxdata:hr>115</gpxdata:hr>
     <gpxdata:distance>14551.50</gpxdata:distance>
     <gpxdata:speed>2.464</gpxdata:speed>
    </extensions>
   </trkpt>
   <trkpt lat="51.0107613" lon="13.8568585">
    <ele>110</ele>
    <time>2026-08-04T19:12:55Z</time>
    <extensions>
     <gpxdata:hr>114</gpxdata:hr>
     <gpxdata:distance>14552.00</gpxdata:distance>
     <gpxdata:speed>1.886</gpxdata:speed>
    </extensions>
   </trkpt>
   <trkpt lat="51.0107769" lon="13.8568401">
    <ele>110</ele>
    <time>2026-08-04T19:12:56Z</time>
    <extensions>
     <gpxdata:hr>113</gpxdata:hr>
     <gpxdata:distance>14555.50</gpxdata:distance>
     <gpxdata:speed>2.300</gpxdata:speed>
    </extensions>
   </trkpt>
   <trkpt lat="51.0108087" lon="13.8567908">
    <ele>110</ele>
    <time>2026-08-04T19:12:57Z</time>
    <extensions>
     <gpxdata:hr>112</gpxdata:hr>
     <gpxdata:distance>14559.00</gpxdata:distance>
     <gpxdata:speed>3.022</gpxdata:speed>
    </extensions>
   </trkpt>
   <trkpt lat="51.0108361" lon="13.8567424">
    <ele>110</ele>
    <time>2026-08-04T19:12:58Z</time>
    <extensions>
     <gpxdata:hr>113</gpxdata:hr>
     <gpxdata:distance>14563.50</gpxdata:distance>
     <gpxdata:speed>3.744</gpxdata:speed>
    </extensions>
   </trkpt>
   <trkpt lat="51.0108656" lon="13.8566889">
    <ele>110</ele>
    <time>2026-08-04T19:12:59Z</time>
    <extensions>
     <gpxdata:hr>113</gpxdata:hr>
     <gpxdata:distance>14568.00</gpxdata:distance>
     <gpxdata:speed>4.139</gpxdata:speed>
    </extensions>
   </trkpt>
   <trkpt lat="51.0108983" lon="13.8566302">
    <ele>110</ele>
    <time>2026-08-04T19:13:00Z</time>
    <extensions>
     <gpxdata:hr>113</gpxdata:hr>
     <gpxdata:distance>14574.00</gpxdata:distance>
     <gpxdata:speed>4.903</gpxdata:speed>
    </extensions>
   </trkpt>
   <trkpt lat="51.0109354" lon="13.8565668">
    <ele>110</ele>
    <time>2026-08-04T19:13:01Z</time>
    <extensions>
     <gpxdata:hr>113</gpxdata:hr>
     <gpxdata:distance>14580.00</gpxdata:distance>
     <gpxdata:speed>4.156</gpxdata:speed>
    </extensions>
   </trkpt>
   <trkpt lat="51.0109760" lon="13.8564990">
    <ele>110</ele>
    <time>2026-08-04T19:13:02Z</time>
    <extensions>
     <gpxdata:hr>114</gpxdata:hr>
     <gpxdata:distance>14587.00</gpxdata:distance>
     <gpxdata:speed>4.511</gpxdata:speed>
    </extensions>
   </trkpt>
   <trkpt lat="51.0110194" lon="13.8564265">
    <ele>110</ele>
    <time>2026-08-04T19:13:03Z</time>
    <extensions>
     <gpxdata:hr>114</gpxdata:hr>
     <gpxdata:distance>14594.00</gpxdata:distance>
     <gpxdata:speed>5.025</gpxdata:speed>
    </extensions>
   </trkpt>
   <trkpt lat="51.0110655" lon="13.8563504">
    <ele>111</ele>
    <time>2026-08-04T19:13:04Z</time>
    <extensions>
     <gpxdata:hr>114</gpxdata:hr>
     <gpxdata:distance>14601.50</gpxdata:distance>
     <gpxdata:speed>5.550</gpxdata:speed>
    </extensions>
   </trkpt>
   <trkpt lat="51.0111297" lon="13.8562454">
    <ele>111</ele>
    <time>2026-08-04T19:13:05Z</time>
    <extensions>
     <gpxdata:hr>114</gpxdata:hr>
     <gpxdata:distance>14609.00</gpxdata:distance>
     <gpxdata:speed>7.319</gpxdata:speed>
    </extensions>
   </trkpt>
   <trkpt lat="51.0111814" lon="13.8561602">
    <ele>111</ele>
    <time>2026-08-04T19:13:06Z</time>
    <extensions>
     <gpxdata:hr>115</gpxdata:hr>
     <gpxdata:distance>14617.00</gpxdata:distance>
     <gpxdata:speed>7.644</gpxdata:speed>
    </extensions>
   </trkpt>
   <trkpt lat="51.0112325" lon="13.8560762">
    <ele>111</ele>
    <time>2026-08-04T19:13:07Z</time>
    <extensions>
     <gpxdata:hr>116</gpxdata:hr>
     <gpxdata:distance>14625.00</gpxdata:distance>
     <gpxdata:speed>7.867</gpxdata:speed>
    </extensions>
   </trkpt>
   <trkpt lat="51.0112839" lon="13.8559925">
    <ele>111</ele>
    <time>2026-08-04T19:13:08Z</time>
    <extensions>
     <gpxdata:hr>118</gpxdata:hr>
     <gpxdata:distance>14633.00</gpxdata:distance>
     <gpxdata:speed>8.036</gpxdata:speed>
    </extensions>
   </trkpt>
   <trkpt lat="51.0113353" lon="13.8559088">
    <ele>111</ele>
    <time>2026-08-04T19:13:09Z</time>
    <extensions>
     <gpxdata:hr>123</gpxdata:hr>
     <gpxdata:distance>14641.00</gpxdata:distance>
     <gpxdata:speed>8.103</gpxdata:speed>
    </extensions>
   </trkpt>
   <trkpt lat="51.0113861" lon="13.8558244">
    <ele>111</ele>
    <time>2026-08-04T19:13:10Z</time>
    <extensions>
     <gpxdata:hr>126</gpxdata:hr>
     <gpxdata:distance>14649.00</gpxdata:distance>
     <gpxdata:speed>8.139</gpxdata:speed>
    </extensions>
   </trkpt>
   <trkpt lat="51.0114357" lon="13.8557385">
    <ele>111</ele>
    <time>2026-08-04T19:13:11Z</time>
    <extensions>
     <gpxdata:hr>128</gpxdata:hr>
     <gpxdata:distance>14657.00</gpxdata:distance>
     <gpxdata:speed>8.144</gpxdata:speed>
    </extensions>
   </trkpt>
   <trkpt lat="51.0114845" lon="13.8556518">
    <ele>111</ele>
    <time>2026-08-04T19:13:12Z</time>
    <extensions>
     <gpxdata:hr>128</gpxdata:hr>
     <gpxdata:distance>14665.50</gpxdata:distance>
     <gpxdata:speed>8.161</gpxdata:speed>
    </extensions>
   </trkpt>
   <trkpt lat="51.0115319" lon="13.8555637">
    <ele>111</ele>
    <time>2026-08-04T19:13:13Z</time>
    <extensions>
     <gpxdata:hr>129</gpxdata:hr>
     <gpxdata:distance>14674.00</gpxdata:distance>
     <gpxdata:speed>8.150</gpxdata:speed>
    </extensions>
   </trkpt>
   <trkpt lat="51.0115780" lon="13.8554739">
    <ele>111</ele>
    <time>2026-08-04T19:13:14Z</time>
    <extensions>
     <gpxdata:hr>129</gpxdata:hr>
     <gpxdata:distance>14682.00</gpxdata:distance>
     <gpxdata:speed>8.158</gpxdata:speed>
    </extensions>
   </trkpt>
   <trkpt lat="51.0116257" lon="13.8553847">
    <ele>111</ele>
    <time>2026-08-04T19:13:15Z</time>
    <extensions>
     <gpxdata:hr>129</gpxdata:hr>
     <gpxdata:distance>14690.00</gpxdata:distance>
     <gpxdata:speed>8.161</gpxdata:speed>
    </extensions>
   </trkpt>
   <trkpt lat="51.0116736" lon="13.8552962">
    <ele>111</ele>
    <time>2026-08-04T19:13:16Z</time>
    <extensions>
     <gpxdata:hr>129</gpxdata:hr>
     <gpxdata:distance>14698.00</gpxdata:distance>
     <gpxdata:speed>8.189</gpxdata:speed>
    </extensions>
   </trkpt>
   <trkpt lat="51.0117220" lon="13.8552081">
    <ele>111</ele>
    <time>2026-08-04T19:13:17Z</time>
    <extensions>
     <gpxdata:hr>128</gpxdata:hr>
     <gpxdata:distance>14706.00</gpxdata:distance>
     <gpxdata:speed>8.183</gpxdata:speed>
    </extensions>
   </trkpt>
   <trkpt lat="51.0117705" lon="13.8551212">
    <ele>111</ele>
    <time>2026-08-04T19:13:18Z</time>
    <extensions>
     <gpxdata:hr>128</gpxdata:hr>
     <gpxdata:distance>14714.50</gpxdata:distance>
     <gpxdata:speed>8.186</gpxdata:speed>
    </extensions>
   </trkpt>
   <trkpt lat="51.0118187" lon="13.8550346">
    <ele>111</ele>
    <time>2026-08-04T19:13:19Z</time>
    <extensions>
     <gpxdata:hr>128</gpxdata:hr>
     <gpxdata:distance>14723.00</gpxdata:distance>
     <gpxdata:speed>8.164</gpxdata:speed>
    </extensions>
   </trkpt>
   <trkpt lat="51.0118653" lon="13.8549489">
    <ele>111</ele>
    <time>2026-08-04T19:13:20Z</time>
    <extensions>
     <gpxdata:hr>128</gpxdata:hr>
     <gpxdata:distance>14730.50</gpxdata:distance>
     <gpxdata:speed>8.136</gpxdata:speed>
    </extensions>
   </trkpt>
   <trkpt lat="51.0119098" lon="13.8548651">
    <ele>111</ele>
    <time>2026-08-04T19:13:21Z</time>
    <extensions>
     <gpxdata:hr>128</gpxdata:hr>
     <gpxdata:distance>14738.00</gpxdata:distance>
     <gpxdata:speed>8.058</gpxdata:speed>
    </extensions>
   </trkpt>
   <trkpt lat="51.0119530" lon="13.8547839">
    <ele>111</ele>
    <time>2026-08-04T19:13:22Z</time>
    <extensions>
     <gpxdata:hr>129</gpxdata:hr>
     <gpxdata:distance>14745.50</gpxdata:distance>
     <gpxdata:speed>7.911</gpxdata:speed>
    </extensions>
   </trkpt>
   <trkpt lat="51.0119953" lon="13.8547043">
    <ele>111</ele>
    <time>2026-08-04T19:13:23Z</time>
    <extensions>
     <gpxdata:hr>129</gpxdata:hr>
     <gpxdata:distance>14753.00</gpxdata:distance>
     <gpxdata:speed>7.744</gpxdata:speed>
    </extensions>
   </trkpt>
   <trkpt lat="51.0120374" lon="13.8546249">
    <ele>111</ele>
    <time>2026-08-04T19:13:24Z</time>
    <extensions>
     <gpxdata:hr>129</gpxdata:hr>
     <gpxdata:distance>14760.50</gpxdata:distance>
     <gpxdata:speed>7.589</gpxdata:speed>
    </extensions>
   </trkpt>
   <trkpt lat="51.0120792" lon="13.8545449">
    <ele>111</ele>
    <time>2026-08-04T19:13:25Z</time>
    <extensions>
     <gpxdata:hr>130</gpxdata:hr>
     <gpxdata:distance>14768.00</gpxdata:distance>
     <gpxdata:speed>7.442</gpxdata:speed>
    </extensions>
   </trkpt>
   <trkpt lat="51.0121218" lon="13.8544643">
    <ele>111</ele>
    <time>2026-08-04T19:13:26Z</time>
    <extensions>
     <gpxdata:hr>129</gpxdata:hr>
     <gpxdata:distance>14775.50</gpxdata:distance>
     <gpxdata:speed>7.358</gpxdata:speed>
    </extensions>
   </trkpt>
   <trkpt lat="51.0121657" lon="13.8543839">
    <ele>111</ele>
    <time>2026-08-04T19:13:27Z</time>
    <extensions>
     <gpxdata:hr>130</gpxdata:hr>
     <gpxdata:distance>14783.00</gpxdata:distance>
     <gpxdata:speed>7.389</gpxdata:speed>
    </extensions>
   </trkpt>
   <trkpt lat="51.0122106" lon="13.8543037">
    <ele>111</ele>
    <time>2026-08-04T19:13:28Z</time>
    <extensions>
     <gpxdata:hr>129</gpxdata:hr>
     <gpxdata:distance>14790.50</gpxdata:distance>
     <gpxdata:speed>7.433</gpxdata:speed>
    </extensions>
   </trkpt>
   <trkpt lat="51.0122555" lon="13.8542231">
    <ele>111</ele>
    <time>2026-08-04T19:13:29Z</time>
    <extensions>
     <gpxdata:hr>129</gpxdata:hr>
     <gpxdata:distance>14798.00</gpxdata:distance>
     <gpxdata:speed>7.469</gpxdata:speed>
    </extensions>
   </trkpt>
   <trkpt lat="51.0123004" lon="13.8541410">
    <ele>111</ele>
    <time>2026-08-04T19:13:30Z</time>
    <extensions>
     <gpxdata:hr>130</gpxdata:hr>
     <gpxdata:distance>14805.50</gpxdata:distance>
     <gpxdata:speed>7.486</gpxdata:speed>
    </extensions>
   </trkpt>
   <trkpt lat="51.0123455" lon="13.8540582">
    <ele>111</ele>
    <time>2026-08-04T19:13:31Z</time>
    <extensions>
     <gpxdata:hr>129</gpxdata:hr>
     <gpxdata:distance>14813.00</gpxdata:distance>
     <gpxdata:speed>7.536</gpxdata:speed>
    </extensions>
   </trkpt>
   <trkpt lat="51.0123911" lon="13.8539757">
    <ele>111</ele>
    <time>2026-08-04T19:13:32Z</time>
    <extensions>
     <gpxdata:hr>129</gpxdata:hr>
     <gpxdata:distance>14820.50</gpxdata:distance>
     <gpxdata:speed>7.583</gpxdata:speed>
    </extensions>
   </trkpt>
   <trkpt lat="51.0124380" lon="13.8538943">
    <ele>111</ele>
    <time>2026-08-04T19:13:33Z</time>
    <extensions>
     <gpxdata:hr>130</gpxdata:hr>
     <gpxdata:distance>14828.00</gpxdata:distance>
     <gpxdata:speed>7.622</gpxdata:speed>
    </extensions>
   </trkpt>
   <trkpt lat="51.0124857" lon="13.8538141">
    <ele>111</ele>
    <time>2026-08-04T19:13:34Z</time>
    <extensions>
     <gpxdata:hr>131</gpxdata:hr>
     <gpxdata:distance>14836.00</gpxdata:distance>
     <gpxdata:speed>7.667</gpxdata:speed>
    </extensions>
   </trkpt>
   <trkpt lat="51.0125337" lon="13.8537351">
    <ele>111</ele>
    <time>2026-08-04T19:13:35Z</time>
    <extensions>
     <gpxdata:hr>131</gpxdata:hr>
     <gpxdata:distance>14844.00</gpxdata:distance>
     <gpxdata:speed>7.689</gpxdata:speed>
    </extensions>
   </trkpt>
   <trkpt lat="51.0125832" lon="13.8536590">
    <ele>111</ele>
    <time>2026-08-04T19:13:36Z</time>
    <extensions>
     <gpxdata:hr>132</gpxdata:hr>
     <gpxdata:distance>14851.50</gpxdata:distance>
     <gpxdata:speed>7.692</gpxdata:speed>
    </extensions>
   </trkpt>
   <trkpt lat="51.0126345" lon="13.8535864">
    <ele>111</ele>
    <time>2026-08-04T19:13:37Z</time>
    <extensions>
     <gpxdata:hr>131</gpxdata:hr>
     <gpxdata:distance>14859.00</gpxdata:distance>
     <gpxdata:speed>7.689</gpxdata:speed>
    </extensions>
   </trkpt>
   <trkpt lat="51.0126883" lon="13.8535161">
    <ele>111</ele>
    <time>2026-08-04T19:13:38Z</time>
    <extensions>
     <gpxdata:hr>130</gpxdata:hr>
     <gpxdata:distance>14867.00</gpxdata:distance>
     <gpxdata:speed>7.678</gpxdata:speed>
    </extensions>
   </trkpt>
   <trkpt lat="51.0127428" lon="13.8534446">
    <ele>111</ele>
    <time>2026-08-04T19:13:39Z</time>
    <extensions>
     <gpxdata:hr>130</gpxdata:hr>
     <gpxdata:distance>14875.00</gpxdata:distance>
     <gpxdata:speed>7.719</gpxdata:speed>
    </extensions>
   </trkpt>
   <trkpt lat="51.0127972" lon="13.8533713">
    <ele>111</ele>
    <time>2026-08-04T19:13:40Z</time>
    <extensions>
     <gpxdata:hr>130</gpxdata:hr>
     <gpxdata:distance>14882.50</gpxdata:distance>
     <gpxdata:speed>7.778</gpxdata:speed>
    </extensions>
   </trkpt>
   <trkpt lat="51.0128505" lon="13.8532953">
    <ele>111</ele>
    <time>2026-08-04T19:13:41Z</time>
    <extensions>
     <gpxdata:hr>128</gpxdata:hr>
     <gpxdata:distance>14890.00</gpxdata:distance>
     <gpxdata:speed>7.836</gpxdata:speed>
    </extensions>
   </trkpt>
   <trkpt lat="51.0129036" lon="13.8532170">
    <ele>112</ele>
    <time>2026-08-04T19:13:42Z</time>
    <extensions>
     <gpxdata:hr>128</gpxdata:hr>
     <gpxdata:distance>14898.50</gpxdata:distance>
     <gpxdata:speed>7.883</gpxdata:speed>
    </extensions>
   </trkpt>
   <trkpt lat="51.0129558" lon="13.8531363">
    <ele>112</ele>
    <time>2026-08-04T19:13:43Z</time>
    <extensions>
     <gpxdata:hr>129</gpxdata:hr>
     <gpxdata:distance>14907.00</gpxdata:distance>
     <gpxdata:speed>7.947</gpxdata:speed>
    </extensions>
   </trkpt>
   <trkpt lat="51.0130079" lon="13.8530550">
    <ele>111</ele>
    <time>2026-08-04T19:13:44Z</time>
    <extensions>
     <gpxdata:hr>130</gpxdata:hr>
     <gpxdata:distance>14915.00</gpxdata:distance>
     <gpxdata:speed>8.006</gpxdata:speed>
    </extensions>
   </trkpt>
   <trkpt lat="51.0130605" lon="13.8529747">
    <ele>111</ele>
    <time>2026-08-04T19:13:45Z</time>
    <extensions>
     <gpxdata:hr>130</gpxdata:hr>
     <gpxdata:distance>14923.00</gpxdata:distance>
     <gpxdata:speed>8.044</gpxdata:speed>
    </extensions>
   </trkpt>
   <trkpt lat="51.0131129" lon="13.8528954">
    <ele>111</ele>
    <time>2026-08-04T19:13:46Z</time>
    <extensions>
     <gpxdata:hr>131</gpxdata:hr>
     <gpxdata:distance>14931.00</gpxdata:distance>
     <gpxdata:speed>8.072</gpxdata:speed>
    </extensions>
   </trkpt>
   <trkpt lat="51.0131651" lon="13.8528166">
    <ele>111</ele>
    <time>2026-08-04T19:13:47Z</time>
    <extensions>
     <gpxdata:hr>131</gpxdata:hr>
     <gpxdata:distance>14939.00</gpxdata:distance>
     <gpxdata:speed>8.064</gpxdata:speed>
    </extensions>
   </trkpt>
   <trkpt lat="51.0132175" lon="13.8527381">
    <ele>111</ele>
    <time>2026-08-04T19:13:48Z</time>
    <extensions>
     <gpxdata:hr>131</gpxdata:hr>
     <gpxdata:distance>14947.00</gpxdata:distance>
     <gpxdata:speed>8.050</gpxdata:speed>
    </extensions>
   </trkpt>
   <trkpt lat="51.0132699" lon="13.8526592">
    <ele>111</ele>
    <time>2026-08-04T19:13:49Z</time>
    <extensions>
     <gpxdata:hr>132</gpxdata:hr>
     <gpxdata:distance>14955.00</gpxdata:distance>
     <gpxdata:speed>8.042</gpxdata:speed>
    </extensions>
   </trkpt>
   <trkpt lat="51.0133223" lon="13.8525800">
    <ele>111</ele>
    <time>2026-08-04T19:13:50Z</time>
    <extensions>
     <gpxdata:hr>131</gpxdata:hr>
     <gpxdata:distance>14963.00</gpxdata:distance>
     <gpxdata:speed>8.042</gpxdata:speed>
    </extensions>
   </trkpt>
   <trkpt lat="51.0133748" lon="13.8525003">
    <ele>111</ele>
    <time>2026-08-04T19:13:51Z</time>
    <extensions>
     <gpxdata:hr>131</gpxdata:hr>
     <gpxdata:distance>14971.00</gpxdata:distance>
     <gpxdata:speed>8.047</gpxdata:speed>
    </extensions>
   </trkpt>
   <trkpt lat="51.0134272" lon="13.8524208">
    <ele>112</ele>
    <time>2026-08-04T19:13:52Z</time>
    <extensions>
     <gpxdata:hr>130</gpxdata:hr>
     <gpxdata:distance>14979.00</gpxdata:distance>
     <gpxdata:speed>8.058</gpxdata:speed>
    </extensions>
   </trkpt>
   <trkpt lat="51.0134795" lon="13.8523423">
    <ele>112</ele>
    <time>2026-08-04T19:13:53Z</time>
    <extensions>
     <gpxdata:hr>130</gpxdata:hr>
     <gpxdata:distance>14987.00</gpxdata:distance>
     <gpxdata:speed>8.056</gpxdata:speed>
    </extensions>
   </trkpt>
   <trkpt lat="51.0135320" lon="13.8522651">
    <ele>112</ele>
    <time>2026-08-04T19:13:54Z</time>
    <extensions>
     <gpxdata:hr>130</gpxdata:hr>
     <gpxdata:distance>14995.00</gpxdata:distance>
     <gpxdata:speed>8.036</gpxdata:speed>
    </extensions>
   </trkpt>
   <trkpt lat="51.0135848" lon="13.8521892">
    <ele>112</ele>
    <time>2026-08-04T19:13:55Z</time>
    <extensions>
     <gpxdata:hr>130</gpxdata:hr>
     <gpxdata:distance>15003.00</gpxdata:distance>
     <gpxdata:speed>8.008</gpxdata:speed>
    </extensions>
   </trkpt>
   <trkpt lat="51.0136392" lon="13.8521157">
    <ele>112</ele>
    <time>2026-08-04T19:13:56Z</time>
    <extensions>
     <gpxdata:hr>130</gpxdata:hr>
     <gpxdata:distance>15011.00</gpxdata:distance>
     <gpxdata:speed>7.981</gpxdata:speed>
    </extensions>
   </trkpt>
   <trkpt lat="51.0136947" lon="13.8520448">
    <ele>112</ele>
    <time>2026-08-04T19:13:57Z</time>
    <extensions>
     <gpxdata:hr>130</gpxdata:hr>
     <gpxdata:distance>15019.00</gpxdata:distance>
     <gpxdata:speed>7.975</gpxdata:speed>
    </extensions>
   </trkpt>
   <trkpt lat="51.0137512" lon="13.8519746">
    <ele>112</ele>
    <time>2026-08-04T19:13:58Z</time>
    <extensions>
     <gpxdata:hr>130</gpxdata:hr>
     <gpxdata:distance>15027.00</gpxdata:distance>
     <gpxdata:speed>7.958</gpxdata:speed>
    </extensions>
   </trkpt>
   <trkpt lat="51.0138082" lon="13.8519039">
    <ele>112</ele>
    <time>2026-08-04T19:13:59Z</time>
    <extensions>
     <gpxdata:hr>130</gpxdata:hr>
     <gpxdata:distance>15035.00</gpxdata:distance>
     <gpxdata:speed>7.969</gpxdata:speed>
    </extensions>
   </trkpt>
   <trkpt lat="51.0138660" lon="13.8518323">
    <ele>112</ele>
    <time>2026-08-04T19:14:00Z</time>
    <extensions>
     <gpxdata:hr>130</gpxdata:hr>
     <gpxdata:distance>15043.00</gpxdata:distance>
     <gpxdata:speed>8.003</gpxdata:speed>
    </extensions>
   </trkpt>
   <trkpt lat="51.0139245" lon="13.8517591">
    <ele>112</ele>
    <time>2026-08-04T19:14:01Z</time>
    <extensions>
     <gpxdata:hr>130</gpxdata:hr>
     <gpxdata:distance>15051.00</gpxdata:distance>
     <gpxdata:speed>8.058</gpxdata:speed>
    </extensions>
   </trkpt>
   <trkpt lat="51.0139843" lon="13.8516854">
    <ele>112</ele>
    <time>2026-08-04T19:14:02Z</time>
    <extensions>
     <gpxdata:hr>130</gpxdata:hr>
     <gpxdata:distance>15059.50</gpxdata:distance>
     <gpxdata:speed>8.142</gpxdata:speed>
    </extensions>
   </trkpt>
   <trkpt lat="51.0140441" lon="13.8516096">
    <ele>112</ele>
    <time>2026-08-04T19:14:03Z</time>
    <extensions>
     <gpxdata:hr>130</gpxdata:hr>
     <gpxdata:distance>15068.00</gpxdata:distance>
     <gpxdata:speed>8.242</gpxdata:speed>
    </extensions>
   </trkpt>
   <trkpt lat="51.0141031" lon="13.8515324">
    <ele>112</ele>
    <time>2026-08-04T19:14:04Z</time>
    <extensions>
     <gpxdata:hr>129</gpxdata:hr>
     <gpxdata:distance>15076.50</gpxdata:distance>
     <gpxdata:speed>8.336</gpxdata:speed>
    </extensions>
   </trkpt>
   <trkpt lat="51.0141614" lon="13.8514545">
    <ele>112</ele>
    <time>2026-08-04T19:14:05Z</time>
    <extensions>
     <gpxdata:hr>129</gpxdata:hr>
     <gpxdata:distance>15085.00</gpxdata:distance>
     <gpxdata:speed>8.394</gpxdata:speed>
    </extensions>
   </trkpt>
   <trkpt lat="51.0142189" lon="13.8513764">
    <ele>112</ele>
    <time>2026-08-04T19:14:06Z</time>
    <extensions>
     <gpxdata:hr>129</gpxdata:hr>
     <gpxdata:distance>15093.50</gpxdata:distance>
     <gpxdata:speed>8.422</gpxdata:speed>
    </extensions>
   </trkpt>
   <trkpt lat="51.0142757" lon="13.8512966">
    <ele>112</ele>
    <time>2026-08-04T19:14:07Z</time>
    <extensions>
     <gpxdata:hr>128</gpxdata:hr>
     <gpxdata:distance>15102.00</gpxdata:distance>
     <gpxdata:speed>8.422</gpxdata:speed>
    </extensions>
   </trkpt>
   <trkpt lat="51.0143303" lon="13.8512143">
    <ele>112</ele>
    <time>2026-08-04T19:14:08Z</time>
    <extensions>
     <gpxdata:hr>128</gpxdata:hr>
     <gpxdata:distance>15110.50</gpxdata:distance>
     <gpxdata:speed>8.436</gpxdata:speed>
    </extensions>
   </trkpt>
   <trkpt lat="51.0143841" lon="13.8511307">
    <ele>111</ele>
    <time>2026-08-04T19:14:09Z</time>
    <extensions>
     <gpxdata:hr>128</gpxdata:hr>
     <gpxdata:distance>15119.00</gpxdata:distance>
     <gpxdata:speed>8.425</gpxdata:speed>
    </extensions>
   </trkpt>
   <trkpt lat="51.0144379" lon="13.8510458">
    <ele>111</ele>
    <time>2026-08-04T19:14:10Z</time>
    <extensions>
     <gpxdata:hr>129</gpxdata:hr>
     <gpxdata:distance>15127.50</gpxdata:distance>
     <gpxdata:speed>8.414</gpxdata:speed>
    </extensions>
   </trkpt>
   <trkpt lat="51.0144921" lon="13.8509605">
    <ele>111</ele>
    <time>2026-08-04T19:14:11Z</time>
    <extensions>
     <gpxdata:hr>129</gpxdata:hr>
     <gpxdata:distance>15136.00</gpxdata:distance>
     <gpxdata:speed>8.428</gpxdata:speed>
    </extensions>
   </trkpt>
   <trkpt lat="51.0145468" lon="13.8508750">
    <ele>111</ele>
    <time>2026-08-04T19:14:12Z</time>
    <extensions>
     <gpxdata:hr>129</gpxdata:hr>
     <gpxdata:distance>15144.50</gpxdata:distance>
     <gpxdata:speed>8.456</gpxdata:speed>
    </extensions>
   </trkpt>
   <trkpt lat="51.0146012" lon="13.8507894">
    <ele>111</ele>
    <time>2026-08-04T19:14:13Z</time>
    <extensions>
     <gpxdata:hr>129</gpxdata:hr>
     <gpxdata:distance>15153.00</gpxdata:distance>
     <gpxdata:speed>8.483</gpxdata:speed>
    </extensions>
   </trkpt>
   <trkpt lat="51.0146555" lon="13.8507035">
    <ele>111</ele>
    <time>2026-08-04T19:14:14Z</time>
    <extensions>
     <gpxdata:hr>130</gpxdata:hr>
     <gpxdata:distance>15161.50</gpxdata:distance>
     <gpxdata:speed>8.492</gpxdata:speed>
    </extensions>
   </trkpt>
   <trkpt lat="51.0147089" lon="13.8506173">
    <ele>111</ele>
    <time>2026-08-04T19:14:15Z</time>
    <extensions>
     <gpxdata:hr>130</gpxdata:hr>
     <gpxdata:distance>15170.00</gpxdata:distance>
     <gpxdata:speed>8.503</gpxdata:speed>
    </extensions>
   </trkpt>
   <trkpt lat="51.0147618" lon="13.8505318">
    <ele>111</ele>
    <time>2026-08-04T19:14:16Z</time>
    <extensions>
     <gpxdata:hr>131</gpxdata:hr>
     <gpxdata:distance>15178.50</gpxdata:distance>
     <gpxdata:speed>8.486</gpxdata:speed>
    </extensions>
   </trkpt>
   <trkpt lat="51.0148151" lon="13.8504464">
    <ele>111</ele>
    <time>2026-08-04T19:14:17Z</time>
    <extensions>
     <gpxdata:hr>131</gpxdata:hr>
     <gpxdata:distance>15187.00</gpxdata:distance>
     <gpxdata:speed>8.456</gpxdata:speed>
    </extensions>
   </trkpt>
   <trkpt lat="51.0148686" lon="13.8503613">
    <ele>111</ele>
    <time>2026-08-04T19:14:18Z</time>
    <extensions>
     <gpxdata:hr>131</gpxdata:hr>
     <gpxdata:distance>15195.00</gpxdata:distance>
     <gpxdata:speed>8.447</gpxdata:speed>
    </extensions>
   </trkpt>
   <trkpt lat="51.0149229" lon="13.8502767">
    <ele>111</ele>
    <time>2026-08-04T19:14:19Z</time>
    <extensions>
     <gpxdata:hr>132</gpxdata:hr>
     <gpxdata:distance>15203.00</gpxdata:distance>
     <gpxdata:speed>8.442</gpxdata:speed>
    </extensions>
   </trkpt>
   <trkpt lat="51.0149777" lon="13.8501923">
    <ele>111</ele>
    <time>2026-08-04T19:14:20Z</time>
    <extensions>
     <gpxdata:hr>133</gpxdata:hr>
     <gpxdata:distance>15211.50</gpxdata:distance>
     <gpxdata:speed>8.456</gpxdata:speed>
    </extensions>
   </trkpt>
   <trkpt lat="51.0150324" lon="13.8501070">
    <ele>111</ele>
    <time>2026-08-04T19:14:21Z</time>
    <extensions>
     <gpxdata:hr>133</gpxdata:hr>
     <gpxdata:distance>15220.00</gpxdata:distance>
     <gpxdata:speed>8.467</gpxdata:speed>
    </extensions>
   </trkpt>
   <trkpt lat="51.0150869" lon="13.8500205">
    <ele>111</ele>
    <time>2026-08-04T19:14:22Z</time>
    <extensions>
     <gpxdata:hr>132</gpxdata:hr>
     <gpxdata:distance>15229.00</gpxdata:distance>
     <gpxdata:speed>8.489</gpxdata:speed>
    </extensions>
   </trkpt>
   <trkpt lat="51.0151402" lon="13.8499329">
    <ele>111</ele>
    <time>2026-08-04T19:14:23Z</time>
    <extensions>
     <gpxdata:hr>131</gpxdata:hr>
     <gpxdata:distance>15238.00</gpxdata:distance>
     <gpxdata:speed>8.519</gpxdata:speed>
    </extensions>
   </trkpt>
   <trkpt lat="51.0151928" lon="13.8498449">
    <ele>111</ele>
    <time>2026-08-04T19:14:24Z</time>
    <extensions>
     <gpxdata:hr>131</gpxdata:hr>
     <gpxdata:distance>15246.50</gpxdata:distance>
     <gpxdata:speed>8.517</gpxdata:speed>
    </extensions>
   </trkpt>
   <trkpt lat="51.0152458" lon="13.8497568">
    <ele>111</ele>
    <time>2026-08-04T19:14:25Z</time>
    <extensions>
     <gpxdata:hr>130</gpxdata:hr>
     <gpxdata:distance>15255.00</gpxdata:distance>
     <gpxdata:speed>8.511</gpxdata:speed>
    </extensions>
   </trkpt>
   <trkpt lat="51.0153000" lon="13.8496692">
    <ele>111</ele>
    <time>2026-08-04T19:14:26Z</time>
    <extensions>
     <gpxdata:hr>130</gpxdata:hr>
     <gpxdata:distance>15263.50</gpxdata:distance>
     <gpxdata:speed>8.525</gpxdata:speed>
    </extensions>
   </trkpt>
   <trkpt lat="51.0153547" lon="13.8495815">
    <ele>111</ele>
    <time>2026-08-04T19:14:27Z</time>
    <extensions>
     <gpxdata:hr>130</gpxdata:hr>
     <gpxdata:distance>15272.00</gpxdata:distance>
     <gpxdata:speed>8.558</gpxdata:speed>
    </extensions>
   </trkpt>
   <trkpt lat="51.0154087" lon="13.8494936">
    <ele>111</ele>
    <time>2026-08-04T19:14:28Z</time>
    <extensions>
     <gpxdata:hr>129</gpxdata:hr>
     <gpxdata:distance>15280.50</gpxdata:distance>
     <gpxdata:speed>8.586</gpxdata:speed>
    </extensions>
   </trkpt>
   <trkpt lat="51.0154621" lon="13.8494054">
    <ele>111</ele>
    <time>2026-08-04T19:14:29Z</time>
    <extensions>
     <gpxdata:hr>129</gpxdata:hr>
     <gpxdata:distance>15289.00</gpxdata:distance>
     <gpxdata:speed>8.589</gpxdata:speed>
    </extensions>
   </trkpt>
   <trkpt lat="51.0155146" lon="13.8493166">
    <ele>111</ele>
    <time>2026-08-04T19:14:30Z</time>
    <extensions>
     <gpxdata:hr>129</gpxdata:hr>
     <gpxdata:distance>15297.50</gpxdata:distance>
     <gpxdata:speed>8.581</gpxdata:speed>
    </extensions>
   </trkpt>
   <trkpt lat="51.0155664" lon="13.8492278">
    <ele>111</ele>
    <time>2026-08-04T19:14:31Z</time>
    <extensions>
     <gpxdata:hr>128</gpxdata:hr>
     <gpxdata:distance>15306.00</gpxdata:distance>
     <gpxdata:speed>8.564</gpxdata:speed>
    </extensions>
   </trkpt>
   <trkpt lat="51.0156180" lon="13.8491404">
    <ele>111</ele>
    <time>2026-08-04T19:14:32Z</time>
    <extensions>
     <gpxdata:hr>127</gpxdata:hr>
     <gpxdata:distance>15314.50</gpxdata:distance>
     <gpxdata:speed>8.533</gpxdata:speed>
    </extensions>
   </trkpt>
   <trkpt lat="51.0156690" lon="13.8490540">
    <ele>111</ele>
    <time>2026-08-04T19:14:33Z</time>
    <extensions>
     <gpxdata:hr>127</gpxdata:hr>
     <gpxdata:distance>15323.00</gpxdata:distance>
     <gpxdata:speed>8.483</gpxdata:speed>
    </extensions>
   </trkpt>
   <trkpt lat="51.0157192" lon="13.8489678">
    <ele>110</ele>
    <time>2026-08-04T19:14:34Z</time>
    <extensions>
     <gpxdata:hr>129</gpxdata:hr>
     <gpxdata:distance>15331.00</gpxdata:distance>
     <gpxdata:speed>8.417</gpxdata:speed>
    </extensions>
   </trkpt>
   <trkpt lat="51.0157687" lon="13.8488813">
    <ele>110</ele>
    <time>2026-08-04T19:14:35Z</time>
    <extensions>
     <gpxdata:hr>129</gpxdata:hr>
     <gpxdata:distance>15339.00</gpxdata:distance>
     <gpxdata:speed>8.353</gpxdata:speed>
    </extensions>
   </trkpt>
   <trkpt lat="51.0158173" lon="13.8487945">
    <ele>110</ele>
    <time>2026-08-04T19:14:36Z</time>
    <extensions>
     <gpxdata:hr>129</gpxdata:hr>
     <gpxdata:distance>15347.50</gpxdata:distance>
     <gpxdata:speed>8.297</gpxdata:speed>
    </extensions>
   </trkpt>
   <trkpt lat="51.0158651" lon="13.8487073">
    <ele>110</ele>
    <time>2026-08-04T19:14:37Z</time>
    <extensions>
     <gpxdata:hr>129</gpxdata:hr>
     <gpxdata:distance>15356.00</gpxdata:distance>
     <gpxdata:speed>8.239</gpxdata:speed>
    </extensions>
   </trkpt>
   <trkpt lat="51.0159118" lon="13.8486198">
    <ele>110</ele>
    <time>2026-08-04T19:14:38Z</time>
    <extensions>
     <gpxdata:hr>129</gpxdata:hr>
     <gpxdata:distance>15364.00</gpxdata:distance>
     <gpxdata:speed>8.189</gpxdata:speed>
    </extensions>
   </trkpt>
   <trkpt lat="51.0159576" lon="13.8485333">
    <ele>110</ele>
    <time>2026-08-04T19:14:39Z</time>
    <extensions>
     <gpxdata:hr>129</gpxdata:hr>
     <gpxdata:distance>15372.00</gpxdata:distance>
     <gpxdata:speed>8.131</gpxdata:speed>
    </extensions>
   </trkpt>
   <trkpt lat="51.0160050" lon="13.8484503">
    <ele>110</ele>
    <time>2026-08-04T19:14:40Z</time>
    <extensions>
     <gpxdata:hr>130</gpxdata:hr>
     <gpxdata:distance>15379.50</gpxdata:distance>
     <gpxdata:speed>8.047</gpxdata:speed>
    </extensions>
   </trkpt>
   <trkpt lat="51.0160574" lon="13.8483791">
    <ele>110</ele>
    <time>2026-08-04T19:14:41Z</time>
    <extensions>
     <gpxdata:hr>130</gpxdata:hr>
     <gpxdata:distance>15387.00</gpxdata:distance>
     <gpxdata:speed>7.975</gpxdata:speed>
    </extensions>
   </trkpt>
   <trkpt lat="51.0161163" lon="13.8483221">
    <ele>110</ele>
    <time>2026-08-04T19:14:42Z</time>
    <extensions>
     <gpxdata:hr>130</gpxdata:hr>
     <gpxdata:distance>15395.00</gpxdata:distance>
     <gpxdata:speed>7.864</gpxdata:speed>
    </extensions>
   </trkpt>
   <trkpt lat="51.0161789" lon="13.8482697">
    <ele>110</ele>
    <time>2026-08-04T19:14:43Z</time>
    <extensions>
     <gpxdata:hr>129</gpxdata:hr>
     <gpxdata:distance>15403.00</gpxdata:distance>
     <gpxdata:speed>7.822</gpxdata:speed>
    </extensions>
   </trkpt>
   <trkpt lat="51.0162426" lon="13.8482120">
    <ele>110</ele>
    <time>2026-08-04T19:14:44Z</time>
    <extensions>
     <gpxdata:hr>129</gpxdata:hr>
     <gpxdata:distance>15411.00</gpxdata:distance>
     <gpxdata:speed>7.853</gpxdata:speed>
    </extensions>
   </trkpt>
   <trkpt lat="51.0163052" lon="13.8481459">
    <ele>110</ele>
    <time>2026-08-04T19:14:45Z</time>
    <extensions>
     <gpxdata:hr>129</gpxdata:hr>
     <gpxdata:distance>15419.00</gpxdata:distance>
     <gpxdata:speed>7.983</gpxdata:speed>
    </extensions>
   </trkpt>
   <trkpt lat="51.0163663" lon="13.8480715">
    <ele>110</ele>
    <time>2026-08-04T19:14:46Z</time>
    <extensions>
     <gpxdata:hr>128</gpxdata:hr>
     <gpxdata:distance>15427.50</gpxdata:distance>
     <gpxdata:speed>8.125</gpxdata:speed>
    </extensions>
   </trkpt>
   <trkpt lat="51.0164272" lon="13.8479906">
    <ele>110</ele>
    <time>2026-08-04T19:14:47Z</time>
    <extensions>
     <gpxdata:hr>127</gpxdata:hr>
     <gpxdata:distance>15436.00</gpxdata:distance>
     <gpxdata:speed>8.281</gpxdata:speed>
    </extensions>
   </trkpt>
   <trkpt lat="51.0164893" lon="13.8479049">
    <ele>110</ele>
    <time>2026-08-04T19:14:48Z</time>
    <extensions>
     <gpxdata:hr>127</gpxdata:hr>
     <gpxdata:distance>15445.50</gpxdata:distance>
     <gpxdata:speed>8.722</gpxdata:speed>
    </extensions>
   </trkpt>
   <trkpt lat="51.0165528" lon="13.8478159">
    <ele>109</ele>
    <time>2026-08-04T19:14:49Z</time>
    <extensions>
     <gpxdata:hr>127</gpxdata:hr>
     <gpxdata:distance>15455.00</gpxdata:distance>
     <gpxdata:speed>9.039</gpxdata:speed>
    </extensions>
   </trkpt>
   <trkpt lat="51.0166181" lon="13.8477237">
    <ele>109</ele>
    <time>2026-08-04T19:14:50Z</time>
    <extensions>
     <gpxdata:hr>126</gpxdata:hr>
     <gpxdata:distance>15464.50</gpxdata:distance>
     <gpxdata:speed>9.311</gpxdata:speed>
    </extensions>
   </trkpt>
   <trkpt lat="51.0166844" lon="13.8476288">
    <ele>109</ele>
    <time>2026-08-04T19:14:51Z</time>
    <extensions>
     <gpxdata:hr>126</gpxdata:hr>
     <gpxdata:distance>15474.00</gpxdata:distance>
     <gpxdata:speed>9.603</gpxdata:speed>
    </extensions>
   </trkpt>
   <trkpt lat="51.0167516" lon="13.8475314">
    <ele>108</ele>
    <time>2026-08-04T19:14:52Z</time>
    <extensions>
     <gpxdata:hr>128</gpxdata:hr>
     <gpxdata:distance>15484.00</gpxdata:distance>
     <gpxdata:speed>9.817</gpxdata:speed>
    </extensions>
   </trkpt>
   <trkpt lat="51.0168199" lon="13.8474335">
    <ele>108</ele>
    <time>2026-08-04T19:14:53Z</time>
    <extensions>
     <gpxdata:hr>130</gpxdata:hr>
     <gpxdata:distance>15494.00</gpxdata:distance>
     <gpxdata:speed>10.017</gpxdata:speed>
    </extensions>
   </trkpt>
   <trkpt lat="51.0168894" lon="13.8473366">
    <ele>108</ele>
    <time>2026-08-04T19:14:54Z</time>
    <extensions>
     <gpxdata:hr>130</gpxdata:hr>
     <gpxdata:distance>15504.50</gpxdata:distance>
     <gpxdata:speed>10.142</gpxdata:speed>
    </extensions>
   </trkpt>
   <trkpt lat="51.0169590" lon="13.8472403">
    <ele>108</ele>
    <time>2026-08-04T19:14:55Z</time>
    <extensions>
     <gpxdata:hr>131</gpxdata:hr>
     <gpxdata:distance>15515.00</gpxdata:distance>
     <gpxdata:speed>10.222</gpxdata:speed>
    </extensions>
   </trkpt>
   <trkpt lat="51.0170274" lon="13.8471432">
    <ele>108</ele>
    <time>2026-08-04T19:14:56Z</time>
    <extensions>
     <gpxdata:hr>133</gpxdata:hr>
     <gpxdata:distance>15525.00</gpxdata:distance>
     <gpxdata:speed>10.214</gpxdata:speed>
    </extensions>
   </trkpt>
   <trkpt lat="51.0170936" lon="13.8470442">
    <ele>108</ele>
    <time>2026-08-04T19:14:57Z</time>
    <extensions>
     <gpxdata:hr>133</gpxdata:hr>
     <gpxdata:distance>15535.00</gpxdata:distance>
     <gpxdata:speed>10.192</gpxdata:speed>
    </extensions>
   </trkpt>
   <trkpt lat="51.0171565" lon="13.8469422">
    <ele>108</ele>
    <time>2026-08-04T19:14:58Z</time>
    <extensions>
     <gpxdata:hr>135</gpxdata:hr>
     <gpxdata:distance>15545.00</gpxdata:distance>
     <gpxdata:speed>10.169</gpxdata:speed>
    </extensions>
   </trkpt>
   <trkpt lat="51.0172161" lon="13.8468376">
    <ele>108</ele>
    <time>2026-08-04T19:14:59Z</time>
    <extensions>
     <gpxdata:hr>137</gpxdata:hr>
     <gpxdata:distance>15555.00</gpxdata:distance>
     <gpxdata:speed>10.119</gpxdata:speed>
    </extensions>
   </trkpt>
   <trkpt lat="51.0172737" lon="13.8467325">
    <ele>108</ele>
    <time>2026-08-04T19:15:00Z</time>
    <extensions>
     <gpxdata:hr>137</gpxdata:hr>
     <gpxdata:distance>15565.00</gpxdata:distance>
     <gpxdata:speed>10.039</gpxdata:speed>
    </extensions>
   </trkpt>
   <trkpt lat="51.0173289" lon="13.8466277">
    <ele>109</ele>
    <time>2026-08-04T19:15:01Z</time>
    <extensions>
     <gpxdata:hr>140</gpxdata:hr>
     <gpxdata:distance>15575.00</gpxdata:distance>
     <gpxdata:speed>9.939</gpxdata:speed>
    </extensions>
   </trkpt>
   <trkpt lat="51.0173822" lon="13.8465230">
    <ele>109</ele>
    <time>2026-08-04T19:15:02Z</time>
    <extensions>
     <gpxdata:hr>140</gpxdata:hr>
     <gpxdata:distance>15584.00</gpxdata:distance>
     <gpxdata:speed>9.806</gpxdata:speed>
    </extensions>
   </trkpt>
   <trkpt lat="51.0174331" lon="13.8464182">
    <ele>109</ele>
    <time>2026-08-04T19:15:03Z</time>
    <extensions>
     <gpxdata:hr>140</gpxdata:hr>
     <gpxdata:distance>15593.00</gpxdata:distance>
     <gpxdata:speed>9.669</gpxdata:speed>
    </extensions>
   </trkpt>
   <trkpt lat="51.0174793" lon="13.8463129">
    <ele>109</ele>
    <time>2026-08-04T19:15:04Z</time>
    <extensions>
     <gpxdata:hr>142</gpxdata:hr>
     <gpxdata:distance>15602.00</gpxdata:distance>
     <gpxdata:speed>9.356</gpxdata:speed>
    </extensions>
   </trkpt>
   <trkpt lat="51.0175168" lon="13.8462045">
    <ele>110</ele>
    <time>2026-08-04T19:15:05Z</time>
    <extensions>
     <gpxdata:hr>143</gpxdata:hr>
     <gpxdata:distance>15611.00</gpxdata:distance>
     <gpxdata:speed>9.072</gpxdata:speed>
    </extensions>
   </trkpt>
   <trkpt lat="51.0175447" lon="13.8460918">
    <ele>110</ele>
    <time>2026-08-04T19:15:06Z</time>
    <extensions>
     <gpxdata:hr>143</gpxdata:hr>
     <gpxdata:distance>15619.50</gpxdata:distance>
     <gpxdata:speed>8.786</gpxdata:speed>
    </extensions>
   </trkpt>
   <trkpt lat="51.0175631" lon="13.8459731">
    <ele>110</ele>
    <time>2026-08-04T19:15:07Z</time>
    <extensions>
     <gpxdata:hr>146</gpxdata:hr>
     <gpxdata:distance>15628.00</gpxdata:distance>
     <gpxdata:speed>8.628</gpxdata:speed>
    </extensions>
   </trkpt>
   <trkpt lat="51.0175719" lon="13.8458495">
    <ele>111</ele>
    <time>2026-08-04T19:15:08Z</time>
    <extensions>
     <gpxdata:hr>146</gpxdata:hr>
     <gpxdata:distance>15637.00</gpxdata:distance>
     <gpxdata:speed>8.683</gpxdata:speed>
    </extensions>
   </trkpt>
   <trkpt lat="51.0175732" lon="13.8457214">
    <ele>111</ele>
    <time>2026-08-04T19:15:09Z</time>
    <extensions>
     <gpxdata:hr>146</gpxdata:hr>
     <gpxdata:distance>15646.00</gpxdata:distance>
     <gpxdata:speed>8.761</gpxdata:speed>
    </extensions>
   </trkpt>
   <trkpt lat="51.0175718" lon="13.8455891">
    <ele>112</ele>
    <time>2026-08-04T19:15:10Z</time>
    <extensions>
     <gpxdata:hr>147</gpxdata:hr>
     <gpxdata:distance>15655.50</gpxdata:distance>
     <gpxdata:speed>8.933</gpxdata:speed>
    </extensions>
   </trkpt>
   <trkpt lat="51.0175699" lon="13.8454533">
    <ele>112</ele>
    <time>2026-08-04T19:15:11Z</time>
    <extensions>
     <gpxdata:hr>148</gpxdata:hr>
     <gpxdata:distance>15665.00</gpxdata:distance>
     <gpxdata:speed>9.158</gpxdata:speed>
    </extensions>
   </trkpt>
   <trkpt lat="51.0175679" lon="13.8453142">
    <ele>112</ele>
    <time>2026-08-04T19:15:12Z</time>
    <extensions>
     <gpxdata:hr>148</gpxdata:hr>
     <gpxdata:distance>15674.50</gpxdata:distance>
     <gpxdata:speed>9.325</gpxdata:speed>
    </extensions>
   </trkpt>
   <trkpt lat="51.0175660" lon="13.8451724">
    <ele>113</ele>
    <time>2026-08-04T19:15:13Z</time>
    <extensions>
     <gpxdata:hr>149</gpxdata:hr>
     <gpxdata:distance>15684.00</gpxdata:distance>
     <gpxdata:speed>9.481</gpxdata:speed>
    </extensions>
   </trkpt>
   <trkpt lat="51.0175638" lon="13.8450301">
    <ele>113</ele>
    <time>2026-08-04T19:15:14Z</time>
    <extensions>
     <gpxdata:hr>150</gpxdata:hr>
     <gpxdata:distance>15694.00</gpxdata:distance>
     <gpxdata:speed>9.636</gpxdata:speed>
    </extensions>
   </trkpt>
   <trkpt lat="51.0175638" lon="13.8448879">
    <ele>113</ele>
    <time>2026-08-04T19:15:15Z</time>
    <extensions>
     <gpxdata:hr>150</gpxdata:hr>
     <gpxdata:distance>15704.00</gpxdata:distance>
     <gpxdata:speed>9.847</gpxdata:speed>
    </extensions>
   </trkpt>
   <trkpt lat="51.0175675" lon="13.8447462">
    <ele>113</ele>
    <time>2026-08-04T19:15:16Z</time>
    <extensions>
     <gpxdata:hr>152</gpxdata:hr>
     <gpxdata:distance>15714.00</gpxdata:distance>
     <gpxdata:speed>9.892</gpxdata:speed>
    </extensions>
   </trkpt>
   <trkpt lat="51.0175749" lon="13.8446054">
    <ele>113</ele>
    <time>2026-08-04T19:15:17Z</time>
    <extensions>
     <gpxdata:hr>155</gpxdata:hr>
     <gpxdata:distance>15724.00</gpxdata:distance>
     <gpxdata:speed>9.906</gpxdata:speed>
    </extensions>
   </trkpt>
   <trkpt lat="51.0175864" lon="13.8444658">
    <ele>113</ele>
    <time>2026-08-04T19:15:18Z</time>
    <extensions>
     <gpxdata:hr>155</gpxdata:hr>
     <gpxdata:distance>15734.00</gpxdata:distance>
     <gpxdata:speed>9.892</gpxdata:speed>
    </extensions>
   </trkpt>
   <trkpt lat="51.0176019" lon="13.8443277">
    <ele>113</ele>
    <time>2026-08-04T19:15:19Z</time>
    <extensions>
     <gpxdata:hr>156</gpxdata:hr>
     <gpxdata:distance>15744.00</gpxdata:distance>
     <gpxdata:speed>9.864</gpxdata:speed>
    </extensions>
   </trkpt>
   <trkpt lat="51.0176218" lon="13.8441910">
    <ele>113</ele>
    <time>2026-08-04T19:15:20Z</time>
    <extensions>
     <gpxdata:hr>158</gpxdata:hr>
     <gpxdata:distance>15753.50</gpxdata:distance>
     <gpxdata:speed>9.836</gpxdata:speed>
    </extensions>
   </trkpt>
   <trkpt lat="51.0176471" lon="13.8440565">
    <ele>113</ele>
    <time>2026-08-04T19:15:21Z</time>
    <extensions>
     <gpxdata:hr>158</gpxdata:hr>
     <gpxdata:distance>15763.00</gpxdata:distance>
     <gpxdata:speed>9.844</gpxdata:speed>
    </extensions>
   </trkpt>
   <trkpt lat="51.0176787" lon="13.8439257">
    <ele>113</ele>
    <time>2026-08-04T19:15:22Z</time>
    <extensions>
     <gpxdata:hr>159</gpxdata:hr>
     <gpxdata:distance>15773.00</gpxdata:distance>
     <gpxdata:speed>9.847</gpxdata:speed>
    </extensions>
   </trkpt>
   <trkpt lat="51.0177175" lon="13.8438004">
    <ele>113</ele>
    <time>2026-08-04T19:15:23Z</time>
    <extensions>
     <gpxdata:hr>160</gpxdata:hr>
     <gpxdata:distance>15783.00</gpxdata:distance>
     <gpxdata:speed>9.833</gpxdata:speed>
    </extensions>
   </trkpt>
   <trkpt lat="51.0177634" lon="13.8436806">
    <ele>114</ele>
    <time>2026-08-04T19:15:24Z</time>
    <extensions>
     <gpxdata:hr>160</gpxdata:hr>
     <gpxdata:distance>15793.00</gpxdata:distance>
     <gpxdata:speed>9.814</gpxdata:speed>
    </extensions>
   </trkpt>
   <trkpt lat="51.0178158" lon="13.8435664">
    <ele>114</ele>
    <time>2026-08-04T19:15:25Z</time>
    <extensions>
     <gpxdata:hr>160</gpxdata:hr>
     <gpxdata:distance>15803.00</gpxdata:distance>
     <gpxdata:speed>9.822</gpxdata:speed>
    </extensions>
   </trkpt>
   <trkpt lat="51.0178743" lon="13.8434588">
    <ele>113</ele>
    <time>2026-08-04T19:15:26Z</time>
    <extensions>
     <gpxdata:hr>160</gpxdata:hr>
     <gpxdata:distance>15812.50</gpxdata:distance>
     <gpxdata:speed>9.847</gpxdata:speed>
    </extensions>
   </trkpt>
   <trkpt lat="51.0179380" lon="13.8433586">
    <ele>113</ele>
    <time>2026-08-04T19:15:27Z</time>
    <extensions>
     <gpxdata:hr>160</gpxdata:hr>
     <gpxdata:distance>15822.00</gpxdata:distance>
     <gpxdata:speed>9.883</gpxdata:speed>
    </extensions>
   </trkpt>
   <trkpt lat="51.0180062" lon="13.8432654">
    <ele>114</ele>
    <time>2026-08-04T19:15:28Z</time>
    <extensions>
     <gpxdata:hr>160</gpxdata:hr>
     <gpxdata:distance>15832.00</gpxdata:distance>
     <gpxdata:speed>9.908</gpxdata:speed>
    </extensions>
   </trkpt>
   <trkpt lat="51.0180784" lon="13.8431789">
    <ele>114</ele>
    <time>2026-08-04T19:15:29Z</time>
    <extensions>
     <gpxdata:hr>159</gpxdata:hr>
     <gpxdata:distance>15842.00</gpxdata:distance>
     <gpxdata:speed>9.936</gpxdata:speed>
    </extensions>
   </trkpt>
   <trkpt lat="51.0181535" lon="13.8430983">
    <ele>114</ele>
    <time>2026-08-04T19:15:30Z</time>
    <extensions>
     <gpxdata:hr>159</gpxdata:hr>
     <gpxdata:distance>15852.50</gpxdata:distance>
     <gpxdata:speed>9.975</gpxdata:speed>
    </extensions>
   </trkpt>
   <trkpt lat="51.0182288" lon="13.8430202">
    <ele>113</ele>
    <time>2026-08-04T19:15:31Z</time>
    <extensions>
     <gpxdata:hr>159</gpxdata:hr>
     <gpxdata:distance>15863.00</gpxdata:distance>
     <gpxdata:speed>10.006</gpxdata:speed>
    </extensions>
   </trkpt>
   <trkpt lat="51.0183030" lon="13.8429417">
    <ele>113</ele>
    <time>2026-08-04T19:15:32Z</time>
    <extensions>
     <gpxdata:hr>158</gpxdata:hr>
     <gpxdata:distance>15872.50</gpxdata:distance>
     <gpxdata:speed>9.992</gpxdata:speed>
    </extensions>
   </trkpt>
   <trkpt lat="51.0183763" lon="13.8428623">
    <ele>113</ele>
    <time>2026-08-04T19:15:33Z</time>
    <extensions>
     <gpxdata:hr>159</gpxdata:hr>
     <gpxdata:distance>15882.00</gpxdata:distance>
     <gpxdata:speed>9.961</gpxdata:speed>
    </extensions>
   </trkpt>
   <trkpt lat="51.0184508" lon="13.8427843">
    <ele>113</ele>
    <time>2026-08-04T19:15:34Z</time>
    <extensions>
     <gpxdata:hr>158</gpxdata:hr>
     <gpxdata:distance>15892.00</gpxdata:distance>
     <gpxdata:speed>9.931</gpxdata:speed>
    </extensions>
   </trkpt>
   <trkpt lat="51.0185271" lon="13.8427084">
    <ele>113</ele>
    <time>2026-08-04T19:15:35Z</time>
    <extensions>
     <gpxdata:hr>158</gpxdata:hr>
     <gpxdata:distance>15902.00</gpxdata:distance>
     <gpxdata:speed>9.939</gpxdata:speed>
    </extensions>
   </trkpt>
   <trkpt lat="51.0186046" lon="13.8426338">
    <ele>113</ele>
    <time>2026-08-04T19:15:36Z</time>
    <extensions>
     <gpxdata:hr>157</gpxdata:hr>
     <gpxdata:distance>15912.00</gpxdata:distance>
     <gpxdata:speed>9.975</gpxdata:speed>
    </extensions>
   </trkpt>
   <trkpt lat="51.0186821" lon="13.8425594">
    <ele>113</ele>
    <time>2026-08-04T19:15:37Z</time>
    <extensions>
     <gpxdata:hr>157</gpxdata:hr>
     <gpxdata:distance>15922.00</gpxdata:distance>
     <gpxdata:speed>10.014</gpxdata:speed>
    </extensions>
   </trkpt>
   <trkpt lat="51.0187593" lon="13.8424850">
    <ele>114</ele>
    <time>2026-08-04T19:15:38Z</time>
    <extensions>
     <gpxdata:hr>157</gpxdata:hr>
     <gpxdata:distance>15932.00</gpxdata:distance>
     <gpxdata:speed>10.033</gpxdata:speed>
    </extensions>
   </trkpt>
   <trkpt lat="51.0188356" lon="13.8424117">
    <ele>114</ele>
    <time>2026-08-04T19:15:39Z</time>
    <extensions>
     <gpxdata:hr>157</gpxdata:hr>
     <gpxdata:distance>15942.00</gpxdata:distance>
     <gpxdata:speed>10.028</gpxdata:speed>
    </extensions>
   </trkpt>
   <trkpt lat="51.0189112" lon="13.8423416">
    <ele>114</ele>
    <time>2026-08-04T19:15:40Z</time>
    <extensions>
     <gpxdata:hr>157</gpxdata:hr>
     <gpxdata:distance>15952.00</gpxdata:distance>
     <gpxdata:speed>9.983</gpxdata:speed>
    </extensions>
   </trkpt>
   <trkpt lat="51.0189855" lon="13.8422731">
    <ele>114</ele>
    <time>2026-08-04T19:15:41Z</time>
    <extensions>
     <gpxdata:hr>157</gpxdata:hr>
     <gpxdata:distance>15962.00</gpxdata:distance>
     <gpxdata:speed>9.892</gpxdata:speed>
    </extensions>
   </trkpt>
   <trkpt lat="51.0190580" lon="13.8422053">
    <ele>114</ele>
    <time>2026-08-04T19:15:42Z</time>
    <extensions>
     <gpxdata:hr>158</gpxdata:hr>
     <gpxdata:distance>15971.50</gpxdata:distance>
     <gpxdata:speed>9.778</gpxdata:speed>
    </extensions>
   </trkpt>
   <trkpt lat="51.0191295" lon="13.8421384">
    <ele>114</ele>
    <time>2026-08-04T19:15:43Z</time>
    <extensions>
     <gpxdata:hr>157</gpxdata:hr>
     <gpxdata:distance>15981.00</gpxdata:distance>
     <gpxdata:speed>9.631</gpxdata:speed>
    </extensions>
   </trkpt>
   <trkpt lat="51.0192010" lon="13.8420733">
    <ele>114</ele>
    <time>2026-08-04T19:15:44Z</time>
    <extensions>
     <gpxdata:hr>156</gpxdata:hr>
     <gpxdata:distance>15990.00</gpxdata:distance>
     <gpxdata:speed>9.497</gpxdata:speed>
    </extensions>
   </trkpt>
   <trkpt lat="51.0192742" lon="13.8420152">
    <ele>114</ele>
    <time>2026-08-04T19:15:45Z</time>
    <extensions>
     <gpxdata:hr>155</gpxdata:hr>
     <gpxdata:distance>15999.00</gpxdata:distance>
     <gpxdata:speed>9.386</gpxdata:speed>
    </extensions>
   </trkpt>
   <trkpt lat="51.0193495" lon="13.8419691">
    <ele>114</ele>
    <time>2026-08-04T19:15:46Z</time>
    <extensions>
     <gpxdata:hr>154</gpxdata:hr>
     <gpxdata:distance>16008.00</gpxdata:distance>
     <gpxdata:speed>9.186</gpxdata:speed>
    </extensions>
   </trkpt>
   <trkpt lat="51.0194257" lon="13.8419340">
    <ele>114</ele>
    <time>2026-08-04T19:15:47Z</time>
    <extensions>
     <gpxdata:hr>153</gpxdata:hr>
     <gpxdata:distance>16017.00</gpxdata:distance>
     <gpxdata:speed>9.056</gpxdata:speed>
    </extensions>
   </trkpt>
   <trkpt lat="51.0195011" lon="13.8419049">
    <ele>114</ele>
    <time>2026-08-04T19:15:48Z</time>
    <extensions>
     <gpxdata:hr>152</gpxdata:hr>
     <gpxdata:distance>16025.50</gpxdata:distance>
     <gpxdata:speed>8.892</gpxdata:speed>
    </extensions>
   </trkpt>
   <trkpt lat="51.0195746" lon="13.8418768">
    <ele>114</ele>
    <time>2026-08-04T19:15:49Z</time>
    <extensions>
     <gpxdata:hr>152</gpxdata:hr>
     <gpxdata:distance>16034.00</gpxdata:distance>
     <gpxdata:speed>8.683</gpxdata:speed>
    </extensions>
   </trkpt>
   <trkpt lat="51.0196441" lon="13.8418462">
    <ele>114</ele>
    <time>2026-08-04T19:15:50Z</time>
    <extensions>
     <gpxdata:hr>152</gpxdata:hr>
     <gpxdata:distance>16042.00</gpxdata:distance>
     <gpxdata:speed>8.464</gpxdata:speed>
    </extensions>
   </trkpt>
   <trkpt lat="51.0197061" lon="13.8418178">
    <ele>113</ele>
    <time>2026-08-04T19:15:51Z</time>
    <extensions>
     <gpxdata:hr>152</gpxdata:hr>
     <gpxdata:distance>16050.00</gpxdata:distance>
     <gpxdata:speed>8.089</gpxdata:speed>
    </extensions>
   </trkpt>
   <trkpt lat="51.0197589" lon="13.8418027">
    <ele>113</ele>
    <time>2026-08-04T19:15:52Z</time>
    <extensions>
     <gpxdata:hr>152</gpxdata:hr>
     <gpxdata:distance>16055.50</gpxdata:distance>
     <gpxdata:speed>7.311</gpxdata:speed>
    </extensions>
   </trkpt>
   <trkpt lat="51.0198015" lon="13.8418154">
    <ele>113</ele>
    <time>2026-08-04T19:15:53Z</time>
    <extensions>
     <gpxdata:hr>150</gpxdata:hr>
     <gpxdata:distance>16061.00</gpxdata:distance>
     <gpxdata:speed>6.272</gpxdata:speed>
    </extensions>
   </trkpt>
   <trkpt lat="51.0198321" lon="13.8418624">
    <ele>113</ele>
    <time>2026-08-04T19:15:54Z</time>
    <extensions>
     <gpxdata:hr>149</gpxdata:hr>
     <gpxdata:distance>16066.50</gpxdata:distance>
     <gpxdata:speed>6.083</gpxdata:speed>
    </extensions>
   </trkpt>
   <trkpt lat="51.0198503" lon="13.8419137">
    <ele>112</ele>
    <time>2026-08-04T19:15:55Z</time>
    <extensions>
     <gpxdata:hr>148</gpxdata:hr>
     <gpxdata:distance>16072.00</gpxdata:distance>
     <gpxdata:speed>5.622</gpxdata:speed>
    </extensions>
   </trkpt>
   <trkpt lat="51.0198744" lon="13.8419872">
    <ele>112</ele>
    <time>2026-08-04T19:15:56Z</time>
    <extensions>
     <gpxdata:hr>146</gpxdata:hr>
     <gpxdata:distance>16078.50</gpxdata:distance>
     <gpxdata:speed>5.903</gpxdata:speed>
    </extensions>
   </trkpt>
   <trkpt lat="51.0199124" lon="13.8420980">
    <ele>112</ele>
    <time>2026-08-04T19:15:57Z</time>
    <extensions>
     <gpxdata:hr>145</gpxdata:hr>
     <gpxdata:distance>16085.00</gpxdata:distance>
     <gpxdata:speed>6.239</gpxdata:speed>
    </extensions>
   </trkpt>
   <trkpt lat="51.0199460" lon="13.8421897">
    <ele>111</ele>
    <time>2026-08-04T19:15:58Z</time>
    <extensions>
     <gpxdata:hr>145</gpxdata:hr>
     <gpxdata:distance>16092.00</gpxdata:distance>
     <gpxdata:speed>6.603</gpxdata:speed>
    </extensions>
   </trkpt>
   <trkpt lat="51.0199809" lon="13.8422811">
    <ele>111</ele>
    <time>2026-08-04T19:15:59Z</time>
    <extensions>
     <gpxdata:hr>143</gpxdata:hr>
     <gpxdata:distance>16099.00</gpxdata:distance>
     <gpxdata:speed>6.939</gpxdata:speed>
    </extensions>
   </trkpt>
   <trkpt lat="51.0200175" lon="13.8423727">
    <ele>111</ele>
    <time>2026-08-04T19:16:00Z</time>
    <extensions>
     <gpxdata:hr>143</gpxdata:hr>
     <gpxdata:distance>16106.50</gpxdata:distance>
     <gpxdata:speed>7.094</gpxdata:speed>
    </extensions>
   </trkpt>
   <trkpt lat="51.0200551" lon="13.8424636">
    <ele>111</ele>
    <time>2026-08-04T19:16:01Z</time>
    <extensions>
     <gpxdata:hr>142</gpxdata:hr>
     <gpxdata:distance>16114.00</gpxdata:distance>
     <gpxdata:speed>7.403</gpxdata:speed>
    </extensions>
   </trkpt>
   <trkpt lat="51.0200924" lon="13.8425535">
    <ele>111</ele>
    <time>2026-08-04T19:16:02Z</time>
    <extensions>
     <gpxdata:hr>142</gpxdata:hr>
     <gpxdata:distance>16121.50</gpxdata:distance>
     <gpxdata:speed>7.486</gpxdata:speed>
    </extensions>
   </trkpt>
   <trkpt lat="51.0201308" lon="13.8426426">
    <ele>111</ele>
    <time>2026-08-04T19:16:03Z</time>
    <extensions>
     <gpxdata:hr>142</gpxdata:hr>
     <gpxdata:distance>16129.00</gpxdata:distance>
     <gpxdata:speed>7.461</gpxdata:speed>
    </extensions>
   </trkpt>
   <trkpt lat="51.0201695" lon="13.8427331">
    <ele>111</ele>
    <time>2026-08-04T19:16:04Z</time>
    <extensions>
     <gpxdata:hr>142</gpxdata:hr>
     <gpxdata:distance>16136.50</gpxdata:distance>
     <gpxdata:speed>7.542</gpxdata:speed>
    </extensions>
   </trkpt>
   <trkpt lat="51.0202065" lon="13.8428246">
    <ele>111</ele>
    <time>2026-08-04T19:16:05Z</time>
    <extensions>
     <gpxdata:hr>141</gpxdata:hr>
     <gpxdata:distance>16144.00</gpxdata:distance>
     <gpxdata:speed>7.650</gpxdata:speed>
    </extensions>
   </trkpt>
   <trkpt lat="51.0202386" lon="13.8429171">
    <ele>110</ele>
    <time>2026-08-04T19:16:06Z</time>
    <extensions>
     <gpxdata:hr>139</gpxdata:hr>
     <gpxdata:distance>16151.50</gpxdata:distance>
     <gpxdata:speed>7.597</gpxdata:speed>
    </extensions>
   </trkpt>
   <trkpt lat="51.0202664" lon="13.8430045">
    <ele>110</ele>
    <time>2026-08-04T19:16:07Z</time>
    <extensions>
     <gpxdata:hr>138</gpxdata:hr>
     <gpxdata:distance>16159.00</gpxdata:distance>
     <gpxdata:speed>7.508</gpxdata:speed>
    </extensions>
   </trkpt>
   <trkpt lat="51.0202900" lon="13.8430807">
    <ele>110</ele>
    <time>2026-08-04T19:16:08Z</time>
    <extensions>
     <gpxdata:hr>135</gpxdata:hr>
     <gpxdata:distance>16165.00</gpxdata:distance>
     <gpxdata:speed>6.914</gpxdata:speed>
    </extensions>
   </trkpt>
   <trkpt lat="51.0203100" lon="13.8431421">
    <ele>110</ele>
    <time>2026-08-04T19:16:09Z</time>
    <extensions>
     <gpxdata:hr>134</gpxdata:hr>
     <gpxdata:distance>16171.00</gpxdata:distance>
     <gpxdata:speed>6.092</gpxdata:speed>
    </extensions>
   </trkpt>
   <trkpt lat="51.0203223" lon="13.8431776">
    <ele>110</ele>
    <time>2026-08-04T19:16:10Z</time>
    <extensions>
     <gpxdata:hr>132</gpxdata:hr>
     <gpxdata:distance>16174.50</gpxdata:distance>
     <gpxdata:speed>5.097</gpxdata:speed>
    </extensions>
   </trkpt>
   <trkpt lat="51.0203362" lon="13.8432152">
    <ele>109</ele>
    <time>2026-08-04T19:16:11Z</time>
    <extensions>
     <gpxdata:hr>130</gpxdata:hr>
     <gpxdata:distance>16178.00</gpxdata:distance>
     <gpxdata:speed>4.247</gpxdata:speed>
    </extensions>
   </trkpt>
   <trkpt lat="51.0203507" lon="13.8432483">
    <ele>109</ele>
    <time>2026-08-04T19:16:12Z</time>
    <extensions>
     <gpxdata:hr>129</gpxdata:hr>
     <gpxdata:distance>16181.00</gpxdata:distance>
     <gpxdata:speed>4.189</gpxdata:speed>
    </extensions>
   </trkpt>
   <trkpt lat="51.0203683" lon="13.8432679">
    <ele>109</ele>
    <time>2026-08-04T19:16:13Z</time>
    <extensions>
     <gpxdata:hr>127</gpxdata:hr>
     <gpxdata:distance>16184.00</gpxdata:distance>
     <gpxdata:speed>3.736</gpxdata:speed>
    </extensions>
   </trkpt>
   <trkpt lat="51.0203811" lon="13.8432681">
    <ele>109</ele>
    <time>2026-08-04T19:16:14Z</time>
    <extensions>
     <gpxdata:hr>125</gpxdata:hr>
     <gpxdata:distance>16186.50</gpxdata:distance>
     <gpxdata:speed>2.836</gpxdata:speed>
    </extensions>
   </trkpt>
   <trkpt lat="51.0204164" lon="13.8432489">
    <ele>109</ele>
    <time>2026-08-04T19:16:15Z</time>
    <extensions>
     <gpxdata:hr>124</gpxdata:hr>
     <gpxdata:distance>16189.00</gpxdata:distance>
     <gpxdata:speed>3.100</gpxdata:speed>
    </extensions>
   </trkpt>
   <trkpt lat="51.0204492" lon="13.8432197">
    <ele>109</ele>
    <time>2026-08-04T19:16:16Z</time>
    <extensions>
     <gpxdata:hr>124</gpxdata:hr>
     <gpxdata:distance>16193.50</gpxdata:distance>
     <gpxdata:speed>3.678</gpxdata:speed>
    </extensions>
   </trkpt>
   <trkpt lat="51.0204808" lon="13.8431860">
    <ele>108</ele>
    <time>2026-08-04T19:16:17Z</time>
    <extensions>
     <gpxdata:hr>123</gpxdata:hr>
     <gpxdata:distance>16198.00</gpxdata:distance>
     <gpxdata:speed>4.119</gpxdata:speed>
    </extensions>
   </trkpt>
   <trkpt lat="51.0205115" lon="13.8431497">
    <ele>108</ele>
    <time>2026-08-04T19:16:18Z</time>
    <extensions>
     <gpxdata:hr>123</gpxdata:hr>
     <gpxdata:distance>16202.00</gpxdata:distance>
     <gpxdata:speed>4.119</gpxdata:speed>
    </extensions>
   </trkpt>
   <trkpt lat="51.0205438" lon="13.8431109">
    <ele>108</ele>
    <time>2026-08-04T19:16:19Z</time>
    <extensions>
     <gpxdata:hr>122</gpxdata:hr>
     <gpxdata:distance>16206.00</gpxdata:distance>
     <gpxdata:speed>4.094</gpxdata:speed>
    </extensions>
   </trkpt>
   <trkpt lat="51.0205815" lon="13.8430685">
    <ele>108</ele>
    <time>2026-08-04T19:16:20Z</time>
    <extensions>
     <gpxdata:hr>123</gpxdata:hr>
     <gpxdata:distance>16211.50</gpxdata:distance>
     <gpxdata:speed>4.475</gpxdata:speed>
    </extensions>
   </trkpt>
   <trkpt lat="51.0206257" lon="13.8430231">
    <ele>108</ele>
    <time>2026-08-04T19:16:21Z</time>
    <extensions>
     <gpxdata:hr>124</gpxdata:hr>
     <gpxdata:distance>16217.00</gpxdata:distance>
     <gpxdata:speed>5.197</gpxdata:speed>
    </extensions>
   </trkpt>
   <trkpt lat="51.0206770" lon="13.8429745">
    <ele>109</ele>
    <time>2026-08-04T19:16:22Z</time>
    <extensions>
     <gpxdata:hr>124</gpxdata:hr>
     <gpxdata:distance>16224.00</gpxdata:distance>
     <gpxdata:speed>5.897</gpxdata:speed>
    </extensions>
   </trkpt>
   <trkpt lat="51.0207564" lon="13.8429046">
    <ele>109</ele>
    <time>2026-08-04T19:16:23Z</time>
    <extensions>
     <gpxdata:hr>125</gpxdata:hr>
     <gpxdata:distance>16231.00</gpxdata:distance>
     <gpxdata:speed>6.703</gpxdata:speed>
    </extensions>
   </trkpt>
   <trkpt lat="51.0208289" lon="13.8428506">
    <ele>109</ele>
    <time>2026-08-04T19:16:24Z</time>
    <extensions>
     <gpxdata:hr>127</gpxdata:hr>
     <gpxdata:distance>16240.00</gpxdata:distance>
     <gpxdata:speed>6.072</gpxdata:speed>
    </extensions>
   </trkpt>
   <trkpt lat="51.0209054" lon="13.8427997">
    <ele>109</ele>
    <time>2026-08-04T19:16:25Z</time>
    <extensions>
     <gpxdata:hr>129</gpxdata:hr>
     <gpxdata:distance>16249.00</gpxdata:distance>
     <gpxdata:speed>6.661</gpxdata:speed>
    </extensions>
   </trkpt>
   <trkpt lat="51.0209839" lon="13.8427499">
    <ele>109</ele>
    <time>2026-08-04T19:16:26Z</time>
    <extensions>
     <gpxdata:hr>131</gpxdata:hr>
     <gpxdata:distance>16258.50</gpxdata:distance>
     <gpxdata:speed>7.122</gpxdata:speed>
    </extensions>
   </trkpt>
   <trkpt lat="51.0210635" lon="13.8426982">
    <ele>109</ele>
    <time>2026-08-04T19:16:27Z</time>
    <extensions>
     <gpxdata:hr>132</gpxdata:hr>
     <gpxdata:distance>16268.00</gpxdata:distance>
     <gpxdata:speed>7.522</gpxdata:speed>
    </extensions>
   </trkpt>
   <trkpt lat="51.0211426" lon="13.8426412">
    <ele>109</ele>
    <time>2026-08-04T19:16:28Z</time>
    <extensions>
     <gpxdata:hr>136</gpxdata:hr>
     <gpxdata:distance>16277.50</gpxdata:distance>
     <gpxdata:speed>9.317</gpxdata:speed>
    </extensions>
   </trkpt>
   <trkpt lat="51.0212191" lon="13.8425794">
    <ele>109</ele>
    <time>2026-08-04T19:16:29Z</time>
    <extensions>
     <gpxdata:hr>140</gpxdata:hr>
     <gpxdata:distance>16287.00</gpxdata:distance>
     <gpxdata:speed>9.533</gpxdata:speed>
    </extensions>
   </trkpt>
   <trkpt lat="51.0212931" lon="13.8425148">
    <ele>109</ele>
    <time>2026-08-04T19:16:30Z</time>
    <extensions>
     <gpxdata:hr>143</gpxdata:hr>
     <gpxdata:distance>16296.00</gpxdata:distance>
     <gpxdata:speed>9.486</gpxdata:speed>
    </extensions>
   </trkpt>
   <trkpt lat="51.0213660" lon="13.8424479">
    <ele>109</ele>
    <time>2026-08-04T19:16:31Z</time>
    <extensions>
     <gpxdata:hr>145</gpxdata:hr>
     <gpxdata:distance>16305.00</gpxdata:distance>
     <gpxdata:speed>9.378</gpxdata:speed>
    </extensions>
   </trkpt>
   <trkpt lat="51.0214398" lon="13.8423825">
    <ele>109</ele>
    <time>2026-08-04T19:16:32Z</time>
    <extensions>
     <gpxdata:hr>146</gpxdata:hr>
     <gpxdata:distance>16314.50</gpxdata:distance>
     <gpxdata:speed>9.389</gpxdata:speed>
    </extensions>
   </trkpt>
   <trkpt lat="51.0215134" lon="13.8423181">
    <ele>109</ele>
    <time>2026-08-04T19:16:33Z</time>
    <extensions>
     <gpxdata:hr>148</gpxdata:hr>
     <gpxdata:distance>16324.00</gpxdata:distance>
     <gpxdata:speed>9.431</gpxdata:speed>
    </extensions>
   </trkpt>
   <trkpt lat="51.0215857" lon="13.8422541">
    <ele>109</ele>
    <time>2026-08-04T19:16:34Z</time>
    <extensions>
     <gpxdata:hr>148</gpxdata:hr>
     <gpxdata:distance>16333.50</gpxdata:distance>
     <gpxdata:speed>9.411</gpxdata:speed>
    </extensions>
   </trkpt>
   <trkpt lat="51.0216569" lon="13.8421901">
    <ele>109</ele>
    <time>2026-08-04T19:16:35Z</time>
    <extensions>
     <gpxdata:hr>147</gpxdata:hr>
     <gpxdata:distance>16343.00</gpxdata:distance>
     <gpxdata:speed>9.319</gpxdata:speed>
    </extensions>
   </trkpt>
   <trkpt lat="51.0217292" lon="13.8421257">
    <ele>109</ele>
    <time>2026-08-04T19:16:36Z</time>
    <extensions>
     <gpxdata:hr>147</gpxdata:hr>
     <gpxdata:distance>16352.00</gpxdata:distance>
     <gpxdata:speed>9.242</gpxdata:speed>
    </extensions>
   </trkpt>
   <trkpt lat="51.0218023" lon="13.8420598">
    <ele>109</ele>
    <time>2026-08-04T19:16:37Z</time>
    <extensions>
     <gpxdata:hr>147</gpxdata:hr>
     <gpxdata:distance>16361.00</gpxdata:distance>
     <gpxdata:speed>9.264</gpxdata:speed>
    </extensions>
   </trkpt>
   <trkpt lat="51.0218760" lon="13.8419933">
    <ele>109</ele>
    <time>2026-08-04T19:16:38Z</time>
    <extensions>
     <gpxdata:hr>147</gpxdata:hr>
     <gpxdata:distance>16370.50</gpxdata:distance>
     <gpxdata:speed>9.311</gpxdata:speed>
    </extensions>
   </trkpt>
   <trkpt lat="51.0219512" lon="13.8419215">
    <ele>109</ele>
    <time>2026-08-04T19:16:39Z</time>
    <extensions>
     <gpxdata:hr>146</gpxdata:hr>
     <gpxdata:distance>16380.00</gpxdata:distance>
     <gpxdata:speed>9.350</gpxdata:speed>
    </extensions>
   </trkpt>
   <trkpt lat="51.0220266" lon="13.8418515">
    <ele>109</ele>
    <time>2026-08-04T19:16:40Z</time>
    <extensions>
     <gpxdata:hr>146</gpxdata:hr>
     <gpxdata:distance>16390.00</gpxdata:distance>
     <gpxdata:speed>9.517</gpxdata:speed>
    </extensions>
   </trkpt>
   <trkpt lat="51.0221015" lon="13.8417857">
    <ele>109</ele>
    <time>2026-08-04T19:16:41Z</time>
    <extensions>
     <gpxdata:hr>146</gpxdata:hr>
     <gpxdata:distance>16400.00</gpxdata:distance>
     <gpxdata:speed>9.564</gpxdata:speed>
    </extensions>
   </trkpt>
   <trkpt lat="51.0221776" lon="13.8417243">
    <ele>109</ele>
    <time>2026-08-04T19:16:42Z</time>
    <extensions>
     <gpxdata:hr>146</gpxdata:hr>
     <gpxdata:distance>16409.50</gpxdata:distance>
     <gpxdata:speed>9.536</gpxdata:speed>
    </extensions>
   </trkpt>
   <trkpt lat="51.0222541" lon="13.8416647">
    <ele>109</ele>
    <time>2026-08-04T19:16:43Z</time>
    <extensions>
     <gpxdata:hr>146</gpxdata:hr>
     <gpxdata:distance>16419.00</gpxdata:distance>
     <gpxdata:speed>9.533</gpxdata:speed>
    </extensions>
   </trkpt>
   <trkpt lat="51.0223319" lon="13.8416048">
    <ele>109</ele>
    <time>2026-08-04T19:16:44Z</time>
    <extensions>
     <gpxdata:hr>146</gpxdata:hr>
     <gpxdata:distance>16428.50</gpxdata:distance>
     <gpxdata:speed>9.525</gpxdata:speed>
    </extensions>
   </trkpt>
   <trkpt lat="51.0224105" lon="13.8415451">
    <ele>109</ele>
    <time>2026-08-04T19:16:45Z</time>
    <extensions>
     <gpxdata:hr>145</gpxdata:hr>
     <gpxdata:distance>16438.00</gpxdata:distance>
     <gpxdata:speed>9.575</gpxdata:speed>
    </extensions>
   </trkpt>
   <trkpt lat="51.0224904" lon="13.8414883">
    <ele>109</ele>
    <time>2026-08-04T19:16:46Z</time>
    <extensions>
     <gpxdata:hr>145</gpxdata:hr>
     <gpxdata:distance>16447.50</gpxdata:distance>
     <gpxdata:speed>9.633</gpxdata:speed>
    </extensions>
   </trkpt>
   <trkpt lat="51.0225704" lon="13.8414346">
    <ele>108</ele>
    <time>2026-08-04T19:16:47Z</time>
    <extensions>
     <gpxdata:hr>146</gpxdata:hr>
     <gpxdata:distance>16457.00</gpxdata:distance>
     <gpxdata:speed>9.686</gpxdata:speed>
    </extensions>
   </trkpt>
   <trkpt lat="51.0226501" lon="13.8413826">
    <ele>108</ele>
    <time>2026-08-04T19:16:48Z</time>
    <extensions>
     <gpxdata:hr>146</gpxdata:hr>
     <gpxdata:distance>16466.50</gpxdata:distance>
     <gpxdata:speed>9.675</gpxdata:speed>
    </extensions>
   </trkpt>
   <trkpt lat="51.0227299" lon="13.8413320">
    <ele>108</ele>
    <time>2026-08-04T19:16:49Z</time>
    <extensions>
     <gpxdata:hr>146</gpxdata:hr>
     <gpxdata:distance>16476.00</gpxdata:distance>
     <gpxdata:speed>9.636</gpxdata:speed>
    </extensions>
   </trkpt>
   <trkpt lat="51.0228102" lon="13.8412814">
    <ele>108</ele>
    <time>2026-08-04T19:16:50Z</time>
    <extensions>
     <gpxdata:hr>146</gpxdata:hr>
     <gpxdata:distance>16486.00</gpxdata:distance>
     <gpxdata:speed>9.614</gpxdata:speed>
    </extensions>
   </trkpt>
   <trkpt lat="51.0228908" lon="13.8412290">
    <ele>108</ele>
    <time>2026-08-04T19:16:51Z</time>
    <extensions>
     <gpxdata:hr>145</gpxdata:hr>
     <gpxdata:distance>16496.00</gpxdata:distance>
     <gpxdata:speed>9.622</gpxdata:speed>
    </extensions>
   </trkpt>
   <trkpt lat="51.0229712" lon="13.8411752">
    <ele>108</ele>
    <time>2026-08-04T19:16:52Z</time>
    <extensions>
     <gpxdata:hr>145</gpxdata:hr>
     <gpxdata:distance>16505.50</gpxdata:distance>
     <gpxdata:speed>9.653</gpxdata:speed>
    </extensions>
   </trkpt>
   <trkpt lat="51.0230512" lon="13.8411199">
    <ele>108</ele>
    <time>2026-08-04T19:16:53Z</time>
    <extensions>
     <gpxdata:hr>145</gpxdata:hr>
     <gpxdata:distance>16515.00</gpxdata:distance>
     <gpxdata:speed>9.678</gpxdata:speed>
    </extensions>
   </trkpt>
   <trkpt lat="51.0231310" lon="13.8410629">
    <ele>108</ele>
    <time>2026-08-04T19:16:54Z</time>
    <extensions>
     <gpxdata:hr>146</gpxdata:hr>
     <gpxdata:distance>16525.00</gpxdata:distance>
     <gpxdata:speed>9.683</gpxdata:speed>
    </extensions>
   </trkpt>
   <trkpt lat="51.0232111" lon="13.8410074">
    <ele>108</ele>
    <time>2026-08-04T19:16:55Z</time>
    <extensions>
     <gpxdata:hr>146</gpxdata:hr>
     <gpxdata:distance>16535.00</gpxdata:distance>
     <gpxdata:speed>9.708</gpxdata:speed>
    </extensions>
   </trkpt>
   <trkpt lat="51.0232907" lon="13.8409514">
    <ele>109</ele>
    <time>2026-08-04T19:16:56Z</time>
    <extensions>
     <gpxdata:hr>146</gpxdata:hr>
     <gpxdata:distance>16544.50</gpxdata:distance>
     <gpxdata:speed>9.714</gpxdata:speed>
    </extensions>
   </trkpt>
   <trkpt lat="51.0233696" lon="13.8408949">
    <ele>109</ele>
    <time>2026-08-04T19:16:57Z</time>
    <extensions>
     <gpxdata:hr>146</gpxdata:hr>
     <gpxdata:distance>16554.00</gpxdata:distance>
     <gpxdata:speed>9.703</gpxdata:speed>
    </extensions>
   </trkpt>
   <trkpt lat="51.0234484" lon="13.8408364">
    <ele>109</ele>
    <time>2026-08-04T19:16:58Z</time>
    <extensions>
     <gpxdata:hr>147</gpxdata:hr>
     <gpxdata:distance>16563.50</gpxdata:distance>
     <gpxdata:speed>9.672</gpxdata:speed>
    </extensions>
   </trkpt>
   <trkpt lat="51.0235273" lon="13.8407768">
    <ele>109</ele>
    <time>2026-08-04T19:16:59Z</time>
    <extensions>
     <gpxdata:hr>148</gpxdata:hr>
     <gpxdata:distance>16573.00</gpxdata:distance>
     <gpxdata:speed>9.686</gpxdata:speed>
    </extensions>
   </trkpt>
   <trkpt lat="51.0236083" lon="13.8407216">
    <ele>109</ele>
    <time>2026-08-04T19:17:00Z</time>
    <extensions>
     <gpxdata:hr>148</gpxdata:hr>
     <gpxdata:distance>16583.00</gpxdata:distance>
     <gpxdata:speed>9.706</gpxdata:speed>
    </extensions>
   </trkpt>
   <trkpt lat="51.0236917" lon="13.8406744">
    <ele>109</ele>
    <time>2026-08-04T19:17:01Z</time>
    <extensions>
     <gpxdata:hr>148</gpxdata:hr>
     <gpxdata:distance>16593.00</gpxdata:distance>
     <gpxdata:speed>9.744</gpxdata:speed>
    </extensions>
   </trkpt>
   <trkpt lat="51.0237762" lon="13.8406323">
    <ele>109</ele>
    <time>2026-08-04T19:17:02Z</time>
    <extensions>
     <gpxdata:hr>149</gpxdata:hr>
     <gpxdata:distance>16603.00</gpxdata:distance>
     <gpxdata:speed>9.792</gpxdata:speed>
    </extensions>
   </trkpt>
   <trkpt lat="51.0238608" lon="13.8405915">
    <ele>109</ele>
    <time>2026-08-04T19:17:03Z</time>
    <extensions>
     <gpxdata:hr>149</gpxdata:hr>
     <gpxdata:distance>16613.00</gpxdata:distance>
     <gpxdata:speed>9.817</gpxdata:speed>
    </extensions>
   </trkpt>
   <trkpt lat="51.0239438" lon="13.8405505">
    <ele>109</ele>
    <time>2026-08-04T19:17:04Z</time>
    <extensions>
     <gpxdata:hr>149</gpxdata:hr>
     <gpxdata:distance>16622.50</gpxdata:distance>
     <gpxdata:speed>9.819</gpxdata:speed>
    </extensions>
   </trkpt>
   <trkpt lat="51.0240259" lon="13.8405094">
    <ele>109</ele>
    <time>2026-08-04T19:17:05Z</time>
    <extensions>
     <gpxdata:hr>148</gpxdata:hr>
     <gpxdata:distance>16632.00</gpxdata:distance>
     <gpxdata:speed>9.756</gpxdata:speed>
    </extensions>
   </trkpt>
   <trkpt lat="51.0241046" lon="13.8404637">
    <ele>109</ele>
    <time>2026-08-04T19:17:06Z</time>
    <extensions>
     <gpxdata:hr>149</gpxdata:hr>
     <gpxdata:distance>16641.50</gpxdata:distance>
     <gpxdata:speed>9.689</gpxdata:speed>
    </extensions>
   </trkpt>
   <trkpt lat="51.0241798" lon="13.8404126">
    <ele>109</ele>
    <time>2026-08-04T19:17:07Z</time>
    <extensions>
     <gpxdata:hr>149</gpxdata:hr>
     <gpxdata:distance>16651.00</gpxdata:distance>
     <gpxdata:speed>9.556</gpxdata:speed>
    </extensions>
   </trkpt>
   <trkpt lat="51.0242526" lon="13.8403575">
    <ele>109</ele>
    <time>2026-08-04T19:17:08Z</time>
    <extensions>
     <gpxdata:hr>150</gpxdata:hr>
     <gpxdata:distance>16659.50</gpxdata:distance>
     <gpxdata:speed>9.403</gpxdata:speed>
    </extensions>
   </trkpt>
   <trkpt lat="51.0243256" lon="13.8403024">
    <ele>109</ele>
    <time>2026-08-04T19:17:09Z</time>
    <extensions>
     <gpxdata:hr>150</gpxdata:hr>
     <gpxdata:distance>16668.00</gpxdata:distance>
     <gpxdata:speed>9.253</gpxdata:speed>
    </extensions>
   </trkpt>
   <trkpt lat="51.0244001" lon="13.8402521">
    <ele>109</ele>
    <time>2026-08-04T19:17:10Z</time>
    <extensions>
     <gpxdata:hr>150</gpxdata:hr>
     <gpxdata:distance>16677.50</gpxdata:distance>
     <gpxdata:speed>9.175</gpxdata:speed>
    </extensions>
   </trkpt>
   <trkpt lat="51.0244765" lon="13.8402089">
    <ele>109</ele>
    <time>2026-08-04T19:17:11Z</time>
    <extensions>
     <gpxdata:hr>150</gpxdata:hr>
     <gpxdata:distance>16687.00</gpxdata:distance>
     <gpxdata:speed>9.069</gpxdata:speed>
    </extensions>
   </trkpt>
   <trkpt lat="51.0245557" lon="13.8401737">
    <ele>109</ele>
    <time>2026-08-04T19:17:12Z</time>
    <extensions>
     <gpxdata:hr>150</gpxdata:hr>
     <gpxdata:distance>16696.00</gpxdata:distance>
     <gpxdata:speed>9.056</gpxdata:speed>
    </extensions>
   </trkpt>
   <trkpt lat="51.0246378" lon="13.8401419">
    <ele>109</ele>
    <time>2026-08-04T19:17:13Z</time>
    <extensions>
     <gpxdata:hr>150</gpxdata:hr>
     <gpxdata:distance>16705.00</gpxdata:distance>
     <gpxdata:speed>9.122</gpxdata:speed>
    </extensions>
   </trkpt>
   <trkpt lat="51.0247201" lon="13.8401121">
    <ele>109</ele>
    <time>2026-08-04T19:17:14Z</time>
    <extensions>
     <gpxdata:hr>150</gpxdata:hr>
     <gpxdata:distance>16714.50</gpxdata:distance>
     <gpxdata:speed>9.253</gpxdata:speed>
    </extensions>
   </trkpt>
   <trkpt lat="51.0247994" lon="13.8400852">
    <ele>109</ele>
    <time>2026-08-04T19:17:15Z</time>
    <extensions>
     <gpxdata:hr>150</gpxdata:hr>
     <gpxdata:distance>16724.00</gpxdata:distance>
     <gpxdata:speed>9.283</gpxdata:speed>
    </extensions>
   </trkpt>
   <trkpt lat="51.0248749" lon="13.8400620">
    <ele>109</ele>
    <time>2026-08-04T19:17:16Z</time>
    <extensions>
     <gpxdata:hr>149</gpxdata:hr>
     <gpxdata:distance>16732.50</gpxdata:distance>
     <gpxdata:speed>9.147</gpxdata:speed>
    </extensions>
   </trkpt>
   <trkpt lat="51.0249494" lon="13.8400358">
    <ele>109</ele>
    <time>2026-08-04T19:17:17Z</time>
    <extensions>
     <gpxdata:hr>148</gpxdata:hr>
     <gpxdata:distance>16741.00</gpxdata:distance>
     <gpxdata:speed>8.906</gpxdata:speed>
    </extensions>
   </trkpt>
   <trkpt lat="51.0250198" lon="13.8400167">
    <ele>109</ele>
    <time>2026-08-04T19:17:18Z</time>
    <extensions>
     <gpxdata:hr>147</gpxdata:hr>
     <gpxdata:distance>16749.00</gpxdata:distance>
     <gpxdata:speed>8.783</gpxdata:speed>
    </extensions>
   </trkpt>
   <trkpt lat="51.0250818" lon="13.8400006">
    <ele>109</ele>
    <time>2026-08-04T19:17:19Z</time>
    <extensions>
     <gpxdata:hr>147</gpxdata:hr>
     <gpxdata:distance>16757.00</gpxdata:distance>
     <gpxdata:speed>8.058</gpxdata:speed>
    </extensions>
   </trkpt>
   <trkpt lat="51.0251380" lon="13.8399843">
    <ele>109</ele>
    <time>2026-08-04T19:17:20Z</time>
    <extensions>
     <gpxdata:hr>145</gpxdata:hr>
     <gpxdata:distance>16763.00</gpxdata:distance>
     <gpxdata:speed>7.131</gpxdata:speed>
    </extensions>
   </trkpt>
   <trkpt lat="51.0251920" lon="13.8399743">
    <ele>109</ele>
    <time>2026-08-04T19:17:21Z</time>
    <extensions>
     <gpxdata:hr>144</gpxdata:hr>
     <gpxdata:distance>16769.00</gpxdata:distance>
     <gpxdata:speed>6.597</gpxdata:speed>
    </extensions>
   </trkpt>
   <trkpt lat="51.0252458" lon="13.8399698">
    <ele>108</ele>
    <time>2026-08-04T19:17:22Z</time>
    <extensions>
     <gpxdata:hr>143</gpxdata:hr>
     <gpxdata:distance>16775.00</gpxdata:distance>
     <gpxdata:speed>6.325</gpxdata:speed>
    </extensions>
   </trkpt>
   <trkpt lat="51.0252992" lon="13.8399674">
    <ele>108</ele>
    <time>2026-08-04T19:17:23Z</time>
    <extensions>
     <gpxdata:hr>141</gpxdata:hr>
     <gpxdata:distance>16781.00</gpxdata:distance>
     <gpxdata:speed>6.219</gpxdata:speed>
    </extensions>
   </trkpt>
   <trkpt lat="51.0253539" lon="13.8399610">
    <ele>108</ele>
    <time>2026-08-04T19:17:24Z</time>
    <extensions>
     <gpxdata:hr>140</gpxdata:hr>
     <gpxdata:distance>16787.00</gpxdata:distance>
     <gpxdata:speed>6.083</gpxdata:speed>
    </extensions>
   </trkpt>
   <trkpt lat="51.0254114" lon="13.8399433">
    <ele>108</ele>
    <time>2026-08-04T19:17:25Z</time>
    <extensions>
     <gpxdata:hr>139</gpxdata:hr>
     <gpxdata:distance>16793.00</gpxdata:distance>
     <gpxdata:speed>6.186</gpxdata:speed>
    </extensions>
   </trkpt>
   <trkpt lat="51.0254742" lon="13.8399151">
    <ele>108</ele>
    <time>2026-08-04T19:17:26Z</time>
    <extensions>
     <gpxdata:hr>139</gpxdata:hr>
     <gpxdata:distance>16800.50</gpxdata:distance>
     <gpxdata:speed>6.550</gpxdata:speed>
    </extensions>
   </trkpt>
   <trkpt lat="51.0255429" lon="13.8398844">
    <ele>108</ele>
    <time>2026-08-04T19:17:27Z</time>
    <extensions>
     <gpxdata:hr>140</gpxdata:hr>
     <gpxdata:distance>16808.00</gpxdata:distance>
     <gpxdata:speed>6.914</gpxdata:speed>
    </extensions>
   </trkpt>
   <trkpt lat="51.0256146" lon="13.8398537">
    <ele>108</ele>
    <time>2026-08-04T19:17:28Z</time>
    <extensions>
     <gpxdata:hr>139</gpxdata:hr>
     <gpxdata:distance>16816.50</gpxdata:distance>
     <gpxdata:speed>7.306</gpxdata:speed>
    </extensions>
   </trkpt>
   <trkpt lat="51.0256870" lon="13.8398201">
    <ele>108</ele>
    <time>2026-08-04T19:17:29Z</time>
    <extensions>
     <gpxdata:hr>140</gpxdata:hr>
     <gpxdata:distance>16825.00</gpxdata:distance>
     <gpxdata:speed>7.972</gpxdata:speed>
    </extensions>
   </trkpt>
   <trkpt lat="51.0257581" lon="13.8397855">
    <ele>108</ele>
    <time>2026-08-04T19:17:30Z</time>
    <extensions>
     <gpxdata:hr>142</gpxdata:hr>
     <gpxdata:distance>16833.00</gpxdata:distance>
     <gpxdata:speed>8.181</gpxdata:speed>
    </extensions>
   </trkpt>
   <trkpt lat="51.0258268" lon="13.8397538">
    <ele>109</ele>
    <time>2026-08-04T19:17:31Z</time>
    <extensions>
     <gpxdata:hr>144</gpxdata:hr>
     <gpxdata:distance>16841.00</gpxdata:distance>
     <gpxdata:speed>8.142</gpxdata:speed>
    </extensions>
   </trkpt>
   <trkpt lat="51.0258938" lon="13.8397249">
    <ele>109</ele>
    <time>2026-08-04T19:17:32Z</time>
    <extensions>
     <gpxdata:hr>145</gpxdata:hr>
     <gpxdata:distance>16848.50</gpxdata:distance>
     <gpxdata:speed>7.903</gpxdata:speed>
    </extensions>
   </trkpt>
   <trkpt lat="51.0259612" lon="13.8396970">
    <ele>109</ele>
    <time>2026-08-04T19:17:33Z</time>
    <extensions>
     <gpxdata:hr>145</gpxdata:hr>
     <gpxdata:distance>16856.00</gpxdata:distance>
     <gpxdata:speed>7.756</gpxdata:speed>
    </extensions>
   </trkpt>
   <trkpt lat="51.0260290" lon="13.8396681">
    <ele>109</ele>
    <time>2026-08-04T19:17:34Z</time>
    <extensions>
     <gpxdata:hr>145</gpxdata:hr>
     <gpxdata:distance>16864.00</gpxdata:distance>
     <gpxdata:speed>7.806</gpxdata:speed>
    </extensions>
   </trkpt>
   <trkpt lat="51.0260973" lon="13.8396383">
    <ele>108</ele>
    <time>2026-08-04T19:17:35Z</time>
    <extensions>
     <gpxdata:hr>144</gpxdata:hr>
     <gpxdata:distance>16872.00</gpxdata:distance>
     <gpxdata:speed>7.864</gpxdata:speed>
    </extensions>
   </trkpt>
   <trkpt lat="51.0261664" lon="13.8396072">
    <ele>108</ele>
    <time>2026-08-04T19:17:36Z</time>
    <extensions>
     <gpxdata:hr>143</gpxdata:hr>
     <gpxdata:distance>16880.00</gpxdata:distance>
     <gpxdata:speed>7.894</gpxdata:speed>
    </extensions>
   </trkpt>
   <trkpt lat="51.0262351" lon="13.8395761">
    <ele>108</ele>
    <time>2026-08-04T19:17:37Z</time>
    <extensions>
     <gpxdata:hr>143</gpxdata:hr>
     <gpxdata:distance>16888.00</gpxdata:distance>
     <gpxdata:speed>7.947</gpxdata:speed>
    </extensions>
   </trkpt>
   <trkpt lat="51.0263028" lon="13.8395445">
    <ele>108</ele>
    <time>2026-08-04T19:17:38Z</time>
    <extensions>
     <gpxdata:hr>142</gpxdata:hr>
     <gpxdata:distance>16896.00</gpxdata:distance>
     <gpxdata:speed>7.936</gpxdata:speed>
    </extensions>
   </trkpt>
   <trkpt lat="51.0263701" lon="13.8395131">
    <ele>108</ele>
    <time>2026-08-04T19:17:39Z</time>
    <extensions>
     <gpxdata:hr>141</gpxdata:hr>
     <gpxdata:distance>16904.00</gpxdata:distance>
     <gpxdata:speed>7.889</gpxdata:speed>
    </extensions>
   </trkpt>
   <trkpt lat="51.0264380" lon="13.8394822">
    <ele>108</ele>
    <time>2026-08-04T19:17:40Z</time>
    <extensions>
     <gpxdata:hr>141</gpxdata:hr>
     <gpxdata:distance>16912.00</gpxdata:distance>
     <gpxdata:speed>7.856</gpxdata:speed>
    </extensions>
   </trkpt>
   <trkpt lat="51.0265059" lon="13.8394508">
    <ele>108</ele>
    <time>2026-08-04T19:17:41Z</time>
    <extensions>
     <gpxdata:hr>141</gpxdata:hr>
     <gpxdata:distance>16920.00</gpxdata:distance>
     <gpxdata:speed>7.869</gpxdata:speed>
    </extensions>
   </trkpt>
   <trkpt lat="51.0265725" lon="13.8394196">
    <ele>108</ele>
    <time>2026-08-04T19:17:42Z</time>
    <extensions>
     <gpxdata:hr>141</gpxdata:hr>
     <gpxdata:distance>16927.50</gpxdata:distance>
     <gpxdata:speed>7.869</gpxdata:speed>
    </extensions>
   </trkpt>
   <trkpt lat="51.0266385" lon="13.8393886">
    <ele>108</ele>
    <time>2026-08-04T19:17:43Z</time>
    <extensions>
     <gpxdata:hr>141</gpxdata:hr>
     <gpxdata:distance>16935.00</gpxdata:distance>
     <gpxdata:speed>7.814</gpxdata:speed>
    </extensions>
   </trkpt>
   <trkpt lat="51.0267042" lon="13.8393577">
    <ele>108</ele>
    <time>2026-08-04T19:17:44Z</time>
    <extensions>
     <gpxdata:hr>141</gpxdata:hr>
     <gpxdata:distance>16942.50</gpxdata:distance>
     <gpxdata:speed>7.761</gpxdata:speed>
    </extensions>
   </trkpt>
   <trkpt lat="51.0267710" lon="13.8393280">
    <ele>108</ele>
    <time>2026-08-04T19:17:45Z</time>
    <extensions>
     <gpxdata:hr>140</gpxdata:hr>
     <gpxdata:distance>16950.00</gpxdata:distance>
     <gpxdata:speed>7.717</gpxdata:speed>
    </extensions>
   </trkpt>
   <trkpt lat="51.0268386" lon="13.8392988">
    <ele>108</ele>
    <time>2026-08-04T19:17:46Z</time>
    <extensions>
     <gpxdata:hr>138</gpxdata:hr>
     <gpxdata:distance>16958.00</gpxdata:distance>
     <gpxdata:speed>7.731</gpxdata:speed>
    </extensions>
   </trkpt>
   <trkpt lat="51.0269058" lon="13.8392696">
    <ele>108</ele>
    <time>2026-08-04T19:17:47Z</time>
    <extensions>
     <gpxdata:hr>137</gpxdata:hr>
     <gpxdata:distance>16966.00</gpxdata:distance>
     <gpxdata:speed>7.756</gpxdata:speed>
    </extensions>
   </trkpt>
   <trkpt lat="51.0269724" lon="13.8392401">
    <ele>108</ele>
    <time>2026-08-04T19:17:48Z</time>
    <extensions>
     <gpxdata:hr>136</gpxdata:hr>
     <gpxdata:distance>16973.50</gpxdata:distance>
     <gpxdata:speed>7.747</gpxdata:speed>
    </extensions>
   </trkpt>
   <trkpt lat="51.0270369" lon="13.8392094">
    <ele>108</ele>
    <time>2026-08-04T19:17:49Z</time>
    <extensions>
     <gpxdata:hr>136</gpxdata:hr>
     <gpxdata:distance>16981.00</gpxdata:distance>
     <gpxdata:speed>7.722</gpxdata:speed>
    </extensions>
   </trkpt>
   <trkpt lat="51.0271006" lon="13.8391772">
    <ele>108</ele>
    <time>2026-08-04T19:17:50Z</time>
    <extensions>
     <gpxdata:hr>135</gpxdata:hr>
     <gpxdata:distance>16988.50</gpxdata:distance>
     <gpxdata:speed>7.633</gpxdata:speed>
    </extensions>
   </trkpt>
   <trkpt lat="51.0271651" lon="13.8391459">
    <ele>109</ele>
    <time>2026-08-04T19:17:51Z</time>
    <extensions>
     <gpxdata:hr>135</gpxdata:hr>
     <gpxdata:distance>16996.00</gpxdata:distance>
     <gpxdata:speed>7.572</gpxdata:speed>
    </extensions>
   </trkpt>
   <trkpt lat="51.0272302" lon="13.8391186">
    <ele>109</ele>
    <time>2026-08-04T19:17:52Z</time>
    <extensions>
     <gpxdata:hr>135</gpxdata:hr>
     <gpxdata:distance>17003.50</gpxdata:distance>
     <gpxdata:speed>7.564</gpxdata:speed>
    </extensions>
   </trkpt>
   <trkpt lat="51.0272941" lon="13.8390949">
    <ele>109</ele>
    <time>2026-08-04T19:17:53Z</time>
    <extensions>
     <gpxdata:hr>135</gpxdata:hr>
     <gpxdata:distance>17011.00</gpxdata:distance>
     <gpxdata:speed>7.539</gpxdata:speed>
    </extensions>
   </trkpt>
   <trkpt lat="51.0273573" lon="13.8390710">
    <ele>109</ele>
    <time>2026-08-04T19:17:54Z</time>
    <extensions>
     <gpxdata:hr>134</gpxdata:hr>
     <gpxdata:distance>17018.50</gpxdata:distance>
     <gpxdata:speed>7.442</gpxdata:speed>
    </extensions>
   </trkpt>
   <trkpt lat="51.0274212" lon="13.8390438">
    <ele>109</ele>
    <time>2026-08-04T19:17:55Z</time>
    <extensions>
     <gpxdata:hr>134</gpxdata:hr>
     <gpxdata:distance>17026.00</gpxdata:distance>
     <gpxdata:speed>7.367</gpxdata:speed>
    </extensions>
   </trkpt>
   <trkpt lat="51.0274858" lon="13.8390133">
    <ele>109</ele>
    <time>2026-08-04T19:17:56Z</time>
    <extensions>
     <gpxdata:hr>133</gpxdata:hr>
     <gpxdata:distance>17033.50</gpxdata:distance>
     <gpxdata:speed>7.378</gpxdata:speed>
    </extensions>
   </trkpt>
   <trkpt lat="51.0275507" lon="13.8389803">
    <ele>109</ele>
    <time>2026-08-04T19:17:57Z</time>
    <extensions>
     <gpxdata:hr>132</gpxdata:hr>
     <gpxdata:distance>17041.00</gpxdata:distance>
     <gpxdata:speed>7.428</gpxdata:speed>
    </extensions>
   </trkpt>
   <trkpt lat="51.0276162" lon="13.8389472">
    <ele>109</ele>
    <time>2026-08-04T19:17:58Z</time>
    <extensions>
     <gpxdata:hr>132</gpxdata:hr>
     <gpxdata:distance>17048.50</gpxdata:distance>
     <gpxdata:speed>7.481</gpxdata:speed>
    </extensions>
   </trkpt>
   <trkpt lat="51.0276803" lon="13.8389154">
    <ele>108</ele>
    <time>2026-08-04T19:17:59Z</time>
    <extensions>
     <gpxdata:hr>131</gpxdata:hr>
     <gpxdata:distance>17056.00</gpxdata:distance>
     <gpxdata:speed>7.536</gpxdata:speed>
    </extensions>
   </trkpt>
   <trkpt lat="51.0277440" lon="13.8388855">
    <ele>108</ele>
    <time>2026-08-04T19:18:00Z</time>
    <extensions>
     <gpxdata:hr>131</gpxdata:hr>
     <gpxdata:distance>17063.50</gpxdata:distance>
     <gpxdata:speed>7.494</gpxdata:speed>
    </extensions>
   </trkpt>
   <trkpt lat="51.0278090" lon="13.8388577">
    <ele>108</ele>
    <time>2026-08-04T19:18:01Z</time>
    <extensions>
     <gpxdata:hr>132</gpxdata:hr>
     <gpxdata:distance>17071.00</gpxdata:distance>
     <gpxdata:speed>7.458</gpxdata:speed>
    </extensions>
   </trkpt>
   <trkpt lat="51.0278752" lon="13.8388301">
    <ele>108</ele>
    <time>2026-08-04T19:18:02Z</time>
    <extensions>
     <gpxdata:hr>131</gpxdata:hr>
     <gpxdata:distance>17078.50</gpxdata:distance>
     <gpxdata:speed>7.483</gpxdata:speed>
    </extensions>
   </trkpt>
   <trkpt lat="51.0279424" lon="13.8388025">
    <ele>108</ele>
    <time>2026-08-04T19:18:03Z</time>
    <extensions>
     <gpxdata:hr>131</gpxdata:hr>
     <gpxdata:distance>17086.00</gpxdata:distance>
     <gpxdata:speed>7.539</gpxdata:speed>
    </extensions>
   </trkpt>
   <trkpt lat="51.0280098" lon="13.8387737">
    <ele>108</ele>
    <time>2026-08-04T19:18:04Z</time>
    <extensions>
     <gpxdata:hr>131</gpxdata:hr>
     <gpxdata:distance>17094.00</gpxdata:distance>
     <gpxdata:speed>7.611</gpxdata:speed>
    </extensions>
   </trkpt>
   <trkpt lat="51.0280762" lon="13.8387408">
    <ele>108</ele>
    <time>2026-08-04T19:18:05Z</time>
    <extensions>
     <gpxdata:hr>130</gpxdata:hr>
     <gpxdata:distance>17102.00</gpxdata:distance>
     <gpxdata:speed>7.667</gpxdata:speed>
    </extensions>
   </trkpt>
   <trkpt lat="51.0281402" lon="13.8387026">
    <ele>108</ele>
    <time>2026-08-04T19:18:06Z</time>
    <extensions>
     <gpxdata:hr>130</gpxdata:hr>
     <gpxdata:distance>17109.50</gpxdata:distance>
     <gpxdata:speed>7.689</gpxdata:speed>
    </extensions>
   </trkpt>
   <trkpt lat="51.0282018" lon="13.8386586">
    <ele>108</ele>
    <time>2026-08-04T19:18:07Z</time>
    <extensions>
     <gpxdata:hr>129</gpxdata:hr>
     <gpxdata:distance>17117.00</gpxdata:distance>
     <gpxdata:speed>7.656</gpxdata:speed>
    </extensions>
   </trkpt>
   <trkpt lat="51.0282611" lon="13.8386094">
    <ele>109</ele>
    <time>2026-08-04T19:18:08Z</time>
    <extensions>
     <gpxdata:hr>129</gpxdata:hr>
     <gpxdata:distance>17124.50</gpxdata:distance>
     <gpxdata:speed>7.606</gpxdata:speed>
    </extensions>
   </trkpt>
   <trkpt lat="51.0283197" lon="13.8385582">
    <ele>109</ele>
    <time>2026-08-04T19:18:09Z</time>
    <extensions>
     <gpxdata:hr>129</gpxdata:hr>
     <gpxdata:distance>17132.00</gpxdata:distance>
     <gpxdata:speed>7.550</gpxdata:speed>
    </extensions>
   </trkpt>
   <trkpt lat="51.0283797" lon="13.8385094">
    <ele>109</ele>
    <time>2026-08-04T19:18:10Z</time>
    <extensions>
     <gpxdata:hr>130</gpxdata:hr>
     <gpxdata:distance>17139.50</gpxdata:distance>
     <gpxdata:speed>7.519</gpxdata:speed>
    </extensions>
   </trkpt>
   <trkpt lat="51.0284409" lon="13.8384638">
    <ele>109</ele>
    <time>2026-08-04T19:18:11Z</time>
    <extensions>
     <gpxdata:hr>130</gpxdata:hr>
     <gpxdata:distance>17147.00</gpxdata:distance>
     <gpxdata:speed>7.522</gpxdata:speed>
    </extensions>
   </trkpt>
   <trkpt lat="51.0285032" lon="13.8384212">
    <ele>109</ele>
    <time>2026-08-04T19:18:12Z</time>
    <extensions>
     <gpxdata:hr>131</gpxdata:hr>
     <gpxdata:distance>17154.50</gpxdata:distance>
     <gpxdata:speed>7.528</gpxdata:speed>
    </extensions>
   </trkpt>
   <trkpt lat="51.0285664" lon="13.8383815">
    <ele>109</ele>
    <time>2026-08-04T19:18:13Z</time>
    <extensions>
     <gpxdata:hr>132</gpxdata:hr>
     <gpxdata:distance>17162.00</gpxdata:distance>
     <gpxdata:speed>7.531</gpxdata:speed>
    </extensions>
   </trkpt>
   <trkpt lat="51.0286312" lon="13.8383470">
    <ele>109</ele>
    <time>2026-08-04T19:18:14Z</time>
    <extensions>
     <gpxdata:hr>132</gpxdata:hr>
     <gpxdata:distance>17169.50</gpxdata:distance>
     <gpxdata:speed>7.539</gpxdata:speed>
    </extensions>
   </trkpt>
   <trkpt lat="51.0286975" lon="13.8383177">
    <ele>109</ele>
    <time>2026-08-04T19:18:15Z</time>
    <extensions>
     <gpxdata:hr>132</gpxdata:hr>
     <gpxdata:distance>17177.00</gpxdata:distance>
     <gpxdata:speed>7.569</gpxdata:speed>
    </extensions>
   </trkpt>
   <trkpt lat="51.0287651" lon="13.8382897">
    <ele>109</ele>
    <time>2026-08-04T19:18:16Z</time>
    <extensions>
     <gpxdata:hr>131</gpxdata:hr>
     <gpxdata:distance>17185.00</gpxdata:distance>
     <gpxdata:speed>7.603</gpxdata:speed>
    </extensions>
   </trkpt>
   <trkpt lat="51.0288337" lon="13.8382597">
    <ele>109</ele>
    <time>2026-08-04T19:18:17Z</time>
    <extensions>
     <gpxdata:hr>131</gpxdata:hr>
     <gpxdata:distance>17193.00</gpxdata:distance>
     <gpxdata:speed>7.664</gpxdata:speed>
    </extensions>
   </trkpt>
   <trkpt lat="51.0289029" lon="13.8382276">
    <ele>109</ele>
    <time>2026-08-04T19:18:18Z</time>
    <extensions>
     <gpxdata:hr>130</gpxdata:hr>
     <gpxdata:distance>17201.00</gpxdata:distance>
     <gpxdata:speed>7.758</gpxdata:speed>
    </extensions>
   </trkpt>
   <trkpt lat="51.0289731" lon="13.8381930">
    <ele>109</ele>
    <time>2026-08-04T19:18:19Z</time>
    <extensions>
     <gpxdata:hr>129</gpxdata:hr>
     <gpxdata:distance>17209.00</gpxdata:distance>
     <gpxdata:speed>7.858</gpxdata:speed>
    </extensions>
   </trkpt>
   <trkpt lat="51.0290446" lon="13.8381572">
    <ele>109</ele>
    <time>2026-08-04T19:18:20Z</time>
    <extensions>
     <gpxdata:hr>129</gpxdata:hr>
     <gpxdata:distance>17217.00</gpxdata:distance>
     <gpxdata:speed>7.983</gpxdata:speed>
    </extensions>
   </trkpt>
   <trkpt lat="51.0291172" lon="13.8381222">
    <ele>109</ele>
    <time>2026-08-04T19:18:21Z</time>
    <extensions>
     <gpxdata:hr>130</gpxdata:hr>
     <gpxdata:distance>17225.00</gpxdata:distance>
     <gpxdata:speed>8.178</gpxdata:speed>
    </extensions>
   </trkpt>
   <trkpt lat="51.0291900" lon="13.8380891">
    <ele>109</ele>
    <time>2026-08-04T19:18:22Z</time>
    <extensions>
     <gpxdata:hr>131</gpxdata:hr>
     <gpxdata:distance>17233.50</gpxdata:distance>
     <gpxdata:speed>8.344</gpxdata:speed>
    </extensions>
   </trkpt>
   <trkpt lat="51.0292622" lon="13.8380572">
    <ele>109</ele>
    <time>2026-08-04T19:18:23Z</time>
    <extensions>
     <gpxdata:hr>131</gpxdata:hr>
     <gpxdata:distance>17242.00</gpxdata:distance>
     <gpxdata:speed>8.367</gpxdata:speed>
    </extensions>
   </trkpt>
   <trkpt lat="51.0293343" lon="13.8380261">
    <ele>109</ele>
    <time>2026-08-04T19:18:24Z</time>
    <extensions>
     <gpxdata:hr>131</gpxdata:hr>
     <gpxdata:distance>17250.50</gpxdata:distance>
     <gpxdata:speed>8.328</gpxdata:speed>
    </extensions>
   </trkpt>
   <trkpt lat="51.0294070" lon="13.8379954">
    <ele>109</ele>
    <time>2026-08-04T19:18:25Z</time>
    <extensions>
     <gpxdata:hr>131</gpxdata:hr>
     <gpxdata:distance>17259.00</gpxdata:distance>
     <gpxdata:speed>8.319</gpxdata:speed>
    </extensions>
   </trkpt>
   <trkpt lat="51.0294804" lon="13.8379644">
    <ele>109</ele>
    <time>2026-08-04T19:18:26Z</time>
    <extensions>
     <gpxdata:hr>132</gpxdata:hr>
     <gpxdata:distance>17267.50</gpxdata:distance>
     <gpxdata:speed>8.375</gpxdata:speed>
    </extensions>
   </trkpt>
   <trkpt lat="51.0295541" lon="13.8379328">
    <ele>109</ele>
    <time>2026-08-04T19:18:27Z</time>
    <extensions>
     <gpxdata:hr>132</gpxdata:hr>
     <gpxdata:distance>17276.00</gpxdata:distance>
     <gpxdata:speed>8.439</gpxdata:speed>
    </extensions>
   </trkpt>
   <trkpt lat="51.0296282" lon="13.8379012">
    <ele>109</ele>
    <time>2026-08-04T19:18:28Z</time>
    <extensions>
     <gpxdata:hr>133</gpxdata:hr>
     <gpxdata:distance>17284.50</gpxdata:distance>
     <gpxdata:speed>8.475</gpxdata:speed>
    </extensions>
   </trkpt>
   <trkpt lat="51.0297026" lon="13.8378700">
    <ele>109</ele>
    <time>2026-08-04T19:18:29Z</time>
    <extensions>
     <gpxdata:hr>134</gpxdata:hr>
     <gpxdata:distance>17293.00</gpxdata:distance>
     <gpxdata:speed>8.506</gpxdata:speed>
    </extensions>
   </trkpt>
   <trkpt lat="51.0297767" lon="13.8378382">
    <ele>109</ele>
    <time>2026-08-04T19:18:30Z</time>
    <extensions>
     <gpxdata:hr>134</gpxdata:hr>
     <gpxdata:distance>17301.50</gpxdata:distance>
     <gpxdata:speed>8.525</gpxdata:speed>
    </extensions>
   </trkpt>
   <trkpt lat="51.0298509" lon="13.8378068">
    <ele>109</ele>
    <time>2026-08-04T19:18:31Z</time>
    <extensions>
     <gpxdata:hr>134</gpxdata:hr>
     <gpxdata:distance>17310.00</gpxdata:distance>
     <gpxdata:speed>8.531</gpxdata:speed>
    </extensions>
   </trkpt>
   <trkpt lat="51.0299250" lon="13.8377757">
    <ele>109</ele>
    <time>2026-08-04T19:18:32Z</time>
    <extensions>
     <gpxdata:hr>135</gpxdata:hr>
     <gpxdata:distance>17318.50</gpxdata:distance>
     <gpxdata:speed>8.533</gpxdata:speed>
    </extensions>
   </trkpt>
   <trkpt lat="51.0299992" lon="13.8377446">
    <ele>109</ele>
    <time>2026-08-04T19:18:33Z</time>
    <extensions>
     <gpxdata:hr>135</gpxdata:hr>
     <gpxdata:distance>17327.00</gpxdata:distance>
     <gpxdata:speed>8.536</gpxdata:speed>
    </extensions>
   </trkpt>
   <trkpt lat="51.0300735" lon="13.8377131">
    <ele>109</ele>
    <time>2026-08-04T19:18:34Z</time>
    <extensions>
     <gpxdata:hr>135</gpxdata:hr>
     <gpxdata:distance>17335.50</gpxdata:distance>
     <gpxdata:speed>8.544</gpxdata:speed>
    </extensions>
   </trkpt>
   <trkpt lat="51.0301478" lon="13.8376807">
    <ele>109</ele>
    <time>2026-08-04T19:18:35Z</time>
    <extensions>
     <gpxdata:hr>135</gpxdata:hr>
     <gpxdata:distance>17344.00</gpxdata:distance>
     <gpxdata:speed>8.556</gpxdata:speed>
    </extensions>
   </trkpt>
   <trkpt lat="51.0302222" lon="13.8376479">
    <ele>109</ele>
    <time>2026-08-04T19:18:36Z</time>
    <extensions>
     <gpxdata:hr>135</gpxdata:hr>
     <gpxdata:distance>17352.50</gpxdata:distance>
     <gpxdata:speed>8.561</gpxdata:speed>
    </extensions>
   </trkpt>
   <trkpt lat="51.0302969" lon="13.8376148">
    <ele>109</ele>
    <time>2026-08-04T19:18:37Z</time>
    <extensions>
     <gpxdata:hr>136</gpxdata:hr>
     <gpxdata:distance>17361.00</gpxdata:distance>
     <gpxdata:speed>8.578</gpxdata:speed>
    </extensions>
   </trkpt>
   <trkpt lat="51.0303716" lon="13.8375811">
    <ele>109</ele>
    <time>2026-08-04T19:18:38Z</time>
    <extensions>
     <gpxdata:hr>136</gpxdata:hr>
     <gpxdata:distance>17370.00</gpxdata:distance>
     <gpxdata:speed>8.600</gpxdata:speed>
    </extensions>
   </trkpt>
   <trkpt lat="51.0304463" lon="13.8375467">
    <ele>109</ele>
    <time>2026-08-04T19:18:39Z</time>
    <extensions>
     <gpxdata:hr>136</gpxdata:hr>
     <gpxdata:distance>17379.00</gpxdata:distance>
     <gpxdata:speed>8.614</gpxdata:speed>
    </extensions>
   </trkpt>
   <trkpt lat="51.0305213" lon="13.8375126">
    <ele>109</ele>
    <time>2026-08-04T19:18:40Z</time>
    <extensions>
     <gpxdata:hr>135</gpxdata:hr>
     <gpxdata:distance>17387.50</gpxdata:distance>
     <gpxdata:speed>8.628</gpxdata:speed>
    </extensions>
   </trkpt>
   <trkpt lat="51.0305966" lon="13.8374794">
    <ele>109</ele>
    <time>2026-08-04T19:18:41Z</time>
    <extensions>
     <gpxdata:hr>135</gpxdata:hr>
     <gpxdata:distance>17396.00</gpxdata:distance>
     <gpxdata:speed>8.644</gpxdata:speed>
    </extensions>
   </trkpt>
   <trkpt lat="51.0306719" lon="13.8374466">
    <ele>109</ele>
    <time>2026-08-04T19:18:42Z</time>
    <extensions>
     <gpxdata:hr>134</gpxdata:hr>
     <gpxdata:distance>17404.50</gpxdata:distance>
     <gpxdata:speed>8.669</gpxdata:speed>
    </extensions>
   </trkpt>
   <trkpt lat="51.0307471" lon="13.8374150">
    <ele>109</ele>
    <time>2026-08-04T19:18:43Z</time>
    <extensions>
     <gpxdata:hr>134</gpxdata:hr>
     <gpxdata:distance>17413.00</gpxdata:distance>
     <gpxdata:speed>8.675</gpxdata:speed>
    </extensions>
   </trkpt>
   <trkpt lat="51.0308218" lon="13.8373857">
    <ele>109</ele>
    <time>2026-08-04T19:18:44Z</time>
    <extensions>
     <gpxdata:hr>134</gpxdata:hr>
     <gpxdata:distance>17421.50</gpxdata:distance>
     <gpxdata:speed>8.664</gpxdata:speed>
    </extensions>
   </trkpt>
   <trkpt lat="51.0308963" lon="13.8373576">
    <ele>109</ele>
    <time>2026-08-04T19:18:45Z</time>
    <extensions>
     <gpxdata:hr>134</gpxdata:hr>
     <gpxdata:distance>17430.00</gpxdata:distance>
     <gpxdata:speed>8.628</gpxdata:speed>
    </extensions>
   </trkpt>
   <trkpt lat="51.0309708" lon="13.8373295">
    <ele>109</ele>
    <time>2026-08-04T19:18:46Z</time>
    <extensions>
     <gpxdata:hr>134</gpxdata:hr>
     <gpxdata:distance>17438.50</gpxdata:distance>
     <gpxdata:speed>8.592</gpxdata:speed>
    </extensions>
   </trkpt>
   <trkpt lat="51.0310454" lon="13.8373016">
    <ele>109</ele>
    <time>2026-08-04T19:18:47Z</time>
    <extensions>
     <gpxdata:hr>134</gpxdata:hr>
     <gpxdata:distance>17447.00</gpxdata:distance>
     <gpxdata:speed>8.569</gpxdata:speed>
    </extensions>
   </trkpt>
   <trkpt lat="51.0311201" lon="13.8372743">
    <ele>109</ele>
    <time>2026-08-04T19:18:48Z</time>
    <extensions>
     <gpxdata:hr>134</gpxdata:hr>
     <gpxdata:distance>17456.00</gpxdata:distance>
     <gpxdata:speed>8.564</gpxdata:speed>
    </extensions>
   </trkpt>
   <trkpt lat="51.0311948" lon="13.8372467">
    <ele>109</ele>
    <time>2026-08-04T19:18:49Z</time>
    <extensions>
     <gpxdata:hr>134</gpxdata:hr>
     <gpxdata:distance>17465.00</gpxdata:distance>
     <gpxdata:speed>8.553</gpxdata:speed>
    </extensions>
   </trkpt>
   <trkpt lat="51.0312698" lon="13.8372183">
    <ele>109</ele>
    <time>2026-08-04T19:18:50Z</time>
    <extensions>
     <gpxdata:hr>135</gpxdata:hr>
     <gpxdata:distance>17473.50</gpxdata:distance>
     <gpxdata:speed>8.547</gpxdata:speed>
    </extensions>
   </trkpt>
   <trkpt lat="51.0313449" lon="13.8371879">
    <ele>109</ele>
    <time>2026-08-04T19:18:51Z</time>
    <extensions>
     <gpxdata:hr>135</gpxdata:hr>
     <gpxdata:distance>17482.00</gpxdata:distance>
     <gpxdata:speed>8.561</gpxdata:speed>
    </extensions>
   </trkpt>
   <trkpt lat="51.0314196" lon="13.8371517">
    <ele>108</ele>
    <time>2026-08-04T19:18:52Z</time>
    <extensions>
     <gpxdata:hr>135</gpxdata:hr>
     <gpxdata:distance>17490.50</gpxdata:distance>
     <gpxdata:speed>8.589</gpxdata:speed>
    </extensions>
   </trkpt>
   <trkpt lat="51.0314921" lon="13.8371052">
    <ele>108</ele>
    <time>2026-08-04T19:18:53Z</time>
    <extensions>
     <gpxdata:hr>135</gpxdata:hr>
     <gpxdata:distance>17499.00</gpxdata:distance>
     <gpxdata:speed>8.628</gpxdata:speed>
    </extensions>
   </trkpt>
   <trkpt lat="51.0315618" lon="13.8370476">
    <ele>108</ele>
    <time>2026-08-04T19:18:54Z</time>
    <extensions>
     <gpxdata:hr>134</gpxdata:hr>
     <gpxdata:distance>17508.00</gpxdata:distance>
     <gpxdata:speed>8.658</gpxdata:speed>
    </extensions>
   </trkpt>
   <trkpt lat="51.0316305" lon="13.8369817">
    <ele>108</ele>
    <time>2026-08-04T19:18:55Z</time>
    <extensions>
     <gpxdata:hr>132</gpxdata:hr>
     <gpxdata:distance>17517.00</gpxdata:distance>
     <gpxdata:speed>8.697</gpxdata:speed>
    </extensions>
   </trkpt>
   <trkpt lat="51.0317001" lon="13.8369123">
    <ele>108</ele>
    <time>2026-08-04T19:18:56Z</time>
    <extensions>
     <gpxdata:hr>132</gpxdata:hr>
     <gpxdata:distance>17526.00</gpxdata:distance>
     <gpxdata:speed>8.792</gpxdata:speed>
    </extensions>
   </trkpt>
   <trkpt lat="51.0317711" lon="13.8368424">
    <ele>108</ele>
    <time>2026-08-04T19:18:57Z</time>
    <extensions>
     <gpxdata:hr>134</gpxdata:hr>
     <gpxdata:distance>17535.00</gpxdata:distance>
     <gpxdata:speed>8.919</gpxdata:speed>
    </extensions>
   </trkpt>
   <trkpt lat="51.0318437" lon="13.8367725">
    <ele>108</ele>
    <time>2026-08-04T19:18:58Z</time>
    <extensions>
     <gpxdata:hr>135</gpxdata:hr>
     <gpxdata:distance>17544.50</gpxdata:distance>
     <gpxdata:speed>9.050</gpxdata:speed>
    </extensions>
   </trkpt>
   <trkpt lat="51.0319181" lon="13.8367023">
    <ele>108</ele>
    <time>2026-08-04T19:18:59Z</time>
    <extensions>
     <gpxdata:hr>137</gpxdata:hr>
     <gpxdata:distance>17554.00</gpxdata:distance>
     <gpxdata:speed>9.356</gpxdata:speed>
    </extensions>
   </trkpt>
   <trkpt lat="51.0319941" lon="13.8366307">
    <ele>108</ele>
    <time>2026-08-04T19:19:00Z</time>
    <extensions>
     <gpxdata:hr>138</gpxdata:hr>
     <gpxdata:distance>17564.00</gpxdata:distance>
     <gpxdata:speed>9.558</gpxdata:speed>
    </extensions>
   </trkpt>
   <trkpt lat="51.0320710" lon="13.8365566">
    <ele>108</ele>
    <time>2026-08-04T19:19:01Z</time>
    <extensions>
     <gpxdata:hr>139</gpxdata:hr>
     <gpxdata:distance>17574.00</gpxdata:distance>
     <gpxdata:speed>9.764</gpxdata:speed>
    </extensions>
   </trkpt>
   <trkpt lat="51.0321482" lon="13.8364806">
    <ele>109</ele>
    <time>2026-08-04T19:19:02Z</time>
    <extensions>
     <gpxdata:hr>140</gpxdata:hr>
     <gpxdata:distance>17584.00</gpxdata:distance>
     <gpxdata:speed>9.933</gpxdata:speed>
    </extensions>
   </trkpt>
   <trkpt lat="51.0322266" lon="13.8364049">
    <ele>109</ele>
    <time>2026-08-04T19:19:03Z</time>
    <extensions>
     <gpxdata:hr>142</gpxdata:hr>
     <gpxdata:distance>17594.00</gpxdata:distance>
     <gpxdata:speed>10.033</gpxdata:speed>
    </extensions>
   </trkpt>
   <trkpt lat="51.0323065" lon="13.8363304">
    <ele>109</ele>
    <time>2026-08-04T19:19:04Z</time>
    <extensions>
     <gpxdata:hr>143</gpxdata:hr>
     <gpxdata:distance>17604.50</gpxdata:distance>
     <gpxdata:speed>10.147</gpxdata:speed>
    </extensions>
   </trkpt>
   <trkpt lat="51.0323877" lon="13.8362565">
    <ele>109</ele>
    <time>2026-08-04T19:19:05Z</time>
    <extensions>
     <gpxdata:hr>145</gpxdata:hr>
     <gpxdata:distance>17615.00</gpxdata:distance>
     <gpxdata:speed>10.256</gpxdata:speed>
    </extensions>
   </trkpt>
   <trkpt lat="51.0324691" lon="13.8361805">
    <ele>109</ele>
    <time>2026-08-04T19:19:06Z</time>
    <extensions>
     <gpxdata:hr>148</gpxdata:hr>
     <gpxdata:distance>17625.50</gpxdata:distance>
     <gpxdata:speed>10.364</gpxdata:speed>
    </extensions>
   </trkpt>
   <trkpt lat="51.0325497" lon="13.8360997">
    <ele>109</ele>
    <time>2026-08-04T19:19:07Z</time>
    <extensions>
     <gpxdata:hr>149</gpxdata:hr>
     <gpxdata:distance>17636.00</gpxdata:distance>
     <gpxdata:speed>10.464</gpxdata:speed>
    </extensions>
   </trkpt>
   <trkpt lat="51.0326292" lon="13.8360128">
    <ele>109</ele>
    <time>2026-08-04T19:19:08Z</time>
    <extensions>
     <gpxdata:hr>151</gpxdata:hr>
     <gpxdata:distance>17646.50</gpxdata:distance>
     <gpxdata:speed>10.569</gpxdata:speed>
    </extensions>
   </trkpt>
   <trkpt lat="51.0327071" lon="13.8359199">
    <ele>109</ele>
    <time>2026-08-04T19:19:09Z</time>
    <extensions>
     <gpxdata:hr>151</gpxdata:hr>
     <gpxdata:distance>17657.00</gpxdata:distance>
     <gpxdata:speed>10.700</gpxdata:speed>
    </extensions>
   </trkpt>
   <trkpt lat="51.0327836" lon="13.8358231">
    <ele>109</ele>
    <time>2026-08-04T19:19:10Z</time>
    <extensions>
     <gpxdata:hr>151</gpxdata:hr>
     <gpxdata:distance>17668.00</gpxdata:distance>
     <gpxdata:speed>10.794</gpxdata:speed>
    </extensions>
   </trkpt>
   <trkpt lat="51.0328591" lon="13.8357245">
    <ele>109</ele>
    <time>2026-08-04T19:19:11Z</time>
    <extensions>
     <gpxdata:hr>152</gpxdata:hr>
     <gpxdata:distance>17679.00</gpxdata:distance>
     <gpxdata:speed>10.839</gpxdata:speed>
    </extensions>
   </trkpt>
   <trkpt lat="51.0329338" lon="13.8356242">
    <ele>109</ele>
    <time>2026-08-04T19:19:12Z</time>
    <extensions>
     <gpxdata:hr>153</gpxdata:hr>
     <gpxdata:distance>17690.00</gpxdata:distance>
     <gpxdata:speed>10.850</gpxdata:speed>
    </extensions>
   </trkpt>
   <trkpt lat="51.0330069" lon="13.8355210">
    <ele>109</ele>
    <time>2026-08-04T19:19:13Z</time>
    <extensions>
     <gpxdata:hr>153</gpxdata:hr>
     <gpxdata:distance>17701.00</gpxdata:distance>
     <gpxdata:speed>10.869</gpxdata:speed>
    </extensions>
   </trkpt>
   <trkpt lat="51.0330786" lon="13.8354154">
    <ele>109</ele>
    <time>2026-08-04T19:19:14Z</time>
    <extensions>
     <gpxdata:hr>154</gpxdata:hr>
     <gpxdata:distance>17711.50</gpxdata:distance>
     <gpxdata:speed>10.875</gpxdata:speed>
    </extensions>
   </trkpt>
   <trkpt lat="51.0331488" lon="13.8353070">
    <ele>109</ele>
    <time>2026-08-04T19:19:15Z</time>
    <extensions>
     <gpxdata:hr>156</gpxdata:hr>
     <gpxdata:distance>17722.00</gpxdata:distance>
     <gpxdata:speed>10.881</gpxdata:speed>
    </extensions>
   </trkpt>
   <trkpt lat="51.0332182" lon="13.8351969">
    <ele>109</ele>
    <time>2026-08-04T19:19:16Z</time>
    <extensions>
     <gpxdata:hr>156</gpxdata:hr>
     <gpxdata:distance>17733.00</gpxdata:distance>
     <gpxdata:speed>10.892</gpxdata:speed>
    </extensions>
   </trkpt>
   <trkpt lat="51.0332873" lon="13.8350871">
    <ele>109</ele>
    <time>2026-08-04T19:19:17Z</time>
    <extensions>
     <gpxdata:hr>156</gpxdata:hr>
     <gpxdata:distance>17744.00</gpxdata:distance>
     <gpxdata:speed>10.906</gpxdata:speed>
    </extensions>
   </trkpt>
   <trkpt lat="51.0333561" lon="13.8349784">
    <ele>109</ele>
    <time>2026-08-04T19:19:18Z</time>
    <extensions>
     <gpxdata:hr>156</gpxdata:hr>
     <gpxdata:distance>17755.00</gpxdata:distance>
     <gpxdata:speed>10.894</gpxdata:speed>
    </extensions>
   </trkpt>
   <trkpt lat="51.0334244" lon="13.8348703">
    <ele>109</ele>
    <time>2026-08-04T19:19:19Z</time>
    <extensions>
     <gpxdata:hr>156</gpxdata:hr>
     <gpxdata:distance>17766.00</gpxdata:distance>
     <gpxdata:speed>10.853</gpxdata:speed>
    </extensions>
   </trkpt>
   <trkpt lat="51.0334920" lon="13.8347628">
    <ele>109</ele>
    <time>2026-08-04T19:19:20Z</time>
    <extensions>
     <gpxdata:hr>156</gpxdata:hr>
     <gpxdata:distance>17776.50</gpxdata:distance>
     <gpxdata:speed>10.808</gpxdata:speed>
    </extensions>
   </trkpt>
   <trkpt lat="51.0335584" lon="13.8346550">
    <ele>109</ele>
    <time>2026-08-04T19:19:21Z</time>
    <extensions>
     <gpxdata:hr>157</gpxdata:hr>
     <gpxdata:distance>17787.00</gpxdata:distance>
     <gpxdata:speed>10.747</gpxdata:speed>
    </extensions>
   </trkpt>
   <trkpt lat="51.0336239" lon="13.8345470">
    <ele>109</ele>
    <time>2026-08-04T19:19:22Z</time>
    <extensions>
     <gpxdata:hr>157</gpxdata:hr>
     <gpxdata:distance>17797.50</gpxdata:distance>
     <gpxdata:speed>10.683</gpxdata:speed>
    </extensions>
   </trkpt>
   <trkpt lat="51.0336895" lon="13.8344402">
    <ele>109</ele>
    <time>2026-08-04T19:19:23Z</time>
    <extensions>
     <gpxdata:hr>157</gpxdata:hr>
     <gpxdata:distance>17808.00</gpxdata:distance>
     <gpxdata:speed>10.622</gpxdata:speed>
    </extensions>
   </trkpt>
   <trkpt lat="51.0337553" lon="13.8343340">
    <ele>109</ele>
    <time>2026-08-04T19:19:24Z</time>
    <extensions>
     <gpxdata:hr>158</gpxdata:hr>
     <gpxdata:distance>17818.50</gpxdata:distance>
     <gpxdata:speed>10.564</gpxdata:speed>
    </extensions>
   </trkpt>
   <trkpt lat="51.0338207" lon="13.8342275">
    <ele>109</ele>
    <time>2026-08-04T19:19:25Z</time>
    <extensions>
     <gpxdata:hr>158</gpxdata:hr>
     <gpxdata:distance>17829.00</gpxdata:distance>
     <gpxdata:speed>10.519</gpxdata:speed>
    </extensions>
   </trkpt>
   <trkpt lat="51.0338855" lon="13.8341203">
    <ele>109</ele>
    <time>2026-08-04T19:19:26Z</time>
    <extensions>
     <gpxdata:hr>158</gpxdata:hr>
     <gpxdata:distance>17839.50</gpxdata:distance>
     <gpxdata:speed>10.481</gpxdata:speed>
    </extensions>
   </trkpt>
   <trkpt lat="51.0339501" lon="13.8340131">
    <ele>109</ele>
    <time>2026-08-04T19:19:27Z</time>
    <extensions>
     <gpxdata:hr>158</gpxdata:hr>
     <gpxdata:distance>17850.00</gpxdata:distance>
     <gpxdata:speed>10.456</gpxdata:speed>
    </extensions>
   </trkpt>
   <trkpt lat="51.0340150" lon="13.8339066">
    <ele>109</ele>
    <time>2026-08-04T19:19:28Z</time>
    <extensions>
     <gpxdata:hr>157</gpxdata:hr>
     <gpxdata:distance>17860.00</gpxdata:distance>
     <gpxdata:speed>10.431</gpxdata:speed>
    </extensions>
   </trkpt>
   <trkpt lat="51.0340793" lon="13.8338006">
    <ele>109</ele>
    <time>2026-08-04T19:19:29Z</time>
    <extensions>
     <gpxdata:hr>157</gpxdata:hr>
     <gpxdata:distance>17870.00</gpxdata:distance>
     <gpxdata:speed>10.408</gpxdata:speed>
    </extensions>
   </trkpt>
   <trkpt lat="51.0341424" lon="13.8336935">
    <ele>109</ele>
    <time>2026-08-04T19:19:30Z</time>
    <extensions>
     <gpxdata:hr>157</gpxdata:hr>
     <gpxdata:distance>17880.50</gpxdata:distance>
     <gpxdata:speed>10.369</gpxdata:speed>
    </extensions>
   </trkpt>
   <trkpt lat="51.0342041" lon="13.8335860">
    <ele>109</ele>
    <time>2026-08-04T19:19:31Z</time>
    <extensions>
     <gpxdata:hr>156</gpxdata:hr>
     <gpxdata:distance>17891.00</gpxdata:distance>
     <gpxdata:speed>10.333</gpxdata:speed>
    </extensions>
   </trkpt>
   <trkpt lat="51.0342653" lon="13.8334792">
    <ele>109</ele>
    <time>2026-08-04T19:19:32Z</time>
    <extensions>
     <gpxdata:hr>157</gpxdata:hr>
     <gpxdata:distance>17901.00</gpxdata:distance>
     <gpxdata:speed>10.275</gpxdata:speed>
    </extensions>
   </trkpt>
   <trkpt lat="51.0343259" lon="13.8333730">
    <ele>109</ele>
    <time>2026-08-04T19:19:33Z</time>
    <extensions>
     <gpxdata:hr>157</gpxdata:hr>
     <gpxdata:distance>17911.00</gpxdata:distance>
     <gpxdata:speed>10.217</gpxdata:speed>
    </extensions>
   </trkpt>
   <trkpt lat="51.0343847" lon="13.8332659">
    <ele>109</ele>
    <time>2026-08-04T19:19:34Z</time>
    <extensions>
     <gpxdata:hr>157</gpxdata:hr>
     <gpxdata:distance>17921.00</gpxdata:distance>
     <gpxdata:speed>10.147</gpxdata:speed>
    </extensions>
   </trkpt>
   <trkpt lat="51.0344412" lon="13.8331570">
    <ele>109</ele>
    <time>2026-08-04T19:19:35Z</time>
    <extensions>
     <gpxdata:hr>157</gpxdata:hr>
     <gpxdata:distance>17931.00</gpxdata:distance>
     <gpxdata:speed>10.075</gpxdata:speed>
    </extensions>
   </trkpt>
   <trkpt lat="51.0344948" lon="13.8330451">
    <ele>109</ele>
    <time>2026-08-04T19:19:36Z</time>
    <extensions>
     <gpxdata:hr>158</gpxdata:hr>
     <gpxdata:distance>17941.00</gpxdata:distance>
     <gpxdata:speed>10.006</gpxdata:speed>
    </extensions>
   </trkpt>
   <trkpt lat="51.0345449" lon="13.8329293">
    <ele>109</ele>
    <time>2026-08-04T19:19:37Z</time>
    <extensions>
     <gpxdata:hr>157</gpxdata:hr>
     <gpxdata:distance>17951.00</gpxdata:distance>
     <gpxdata:speed>9.947</gpxdata:speed>
    </extensions>
   </trkpt>
   <trkpt lat="51.0345919" lon="13.8328096">
    <ele>109</ele>
    <time>2026-08-04T19:19:38Z</time>
    <extensions>
     <gpxdata:hr>157</gpxdata:hr>
     <gpxdata:distance>17960.50</gpxdata:distance>
     <gpxdata:speed>9.911</gpxdata:speed>
    </extensions>
   </trkpt>
   <trkpt lat="51.0346364" lon="13.8326867">
    <ele>109</ele>
    <time>2026-08-04T19:19:39Z</time>
    <extensions>
     <gpxdata:hr>157</gpxdata:hr>
     <gpxdata:distance>17970.00</gpxdata:distance>
     <gpxdata:speed>9.897</gpxdata:speed>
    </extensions>
   </trkpt>
   <trkpt lat="51.0346781" lon="13.8325601">
    <ele>109</ele>
    <time>2026-08-04T19:19:40Z</time>
    <extensions>
     <gpxdata:hr>158</gpxdata:hr>
     <gpxdata:distance>17980.50</gpxdata:distance>
     <gpxdata:speed>9.908</gpxdata:speed>
    </extensions>
   </trkpt>
   <trkpt lat="51.0347171" lon="13.8324294">
    <ele>109</ele>
    <time>2026-08-04T19:19:41Z</time>
    <extensions>
     <gpxdata:hr>157</gpxdata:hr>
     <gpxdata:distance>17991.00</gpxdata:distance>
     <gpxdata:speed>9.936</gpxdata:speed>
    </extensions>
   </trkpt>
   <trkpt lat="51.0347558" lon="13.8322962">
    <ele>109</ele>
    <time>2026-08-04T19:19:42Z</time>
    <extensions>
     <gpxdata:hr>157</gpxdata:hr>
     <gpxdata:distance>18001.00</gpxdata:distance>
     <gpxdata:speed>10.008</gpxdata:speed>
    </extensions>
   </trkpt>
   <trkpt lat="51.0347978" lon="13.8321628">
    <ele>109</ele>
    <time>2026-08-04T19:19:43Z</time>
    <extensions>
     <gpxdata:hr>157</gpxdata:hr>
     <gpxdata:distance>18011.00</gpxdata:distance>
     <gpxdata:speed>10.103</gpxdata:speed>
    </extensions>
   </trkpt>
   <trkpt lat="51.0348446" lon="13.8320308">
    <ele>109</ele>
    <time>2026-08-04T19:19:44Z</time>
    <extensions>
     <gpxdata:hr>158</gpxdata:hr>
     <gpxdata:distance>18021.50</gpxdata:distance>
     <gpxdata:speed>10.228</gpxdata:speed>
    </extensions>
   </trkpt>
   <trkpt lat="51.0348941" lon="13.8319003">
    <ele>109</ele>
    <time>2026-08-04T19:19:45Z</time>
    <extensions>
     <gpxdata:hr>159</gpxdata:hr>
     <gpxdata:distance>18032.00</gpxdata:distance>
     <gpxdata:speed>10.369</gpxdata:speed>
    </extensions>
   </trkpt>
   <trkpt lat="51.0349438" lon="13.8317705">
    <ele>109</ele>
    <time>2026-08-04T19:19:46Z</time>
    <extensions>
     <gpxdata:hr>159</gpxdata:hr>
     <gpxdata:distance>18043.00</gpxdata:distance>
     <gpxdata:speed>10.475</gpxdata:speed>
    </extensions>
   </trkpt>
   <trkpt lat="51.0349922" lon="13.8316408">
    <ele>109</ele>
    <time>2026-08-04T19:19:47Z</time>
    <extensions>
     <gpxdata:hr>160</gpxdata:hr>
     <gpxdata:distance>18054.00</gpxdata:distance>
     <gpxdata:speed>10.531</gpxdata:speed>
    </extensions>
   </trkpt>
   <trkpt lat="51.0350384" lon="13.8315100">
    <ele>109</ele>
    <time>2026-08-04T19:19:48Z</time>
    <extensions>
     <gpxdata:hr>160</gpxdata:hr>
     <gpxdata:distance>18064.50</gpxdata:distance>
     <gpxdata:speed>10.536</gpxdata:speed>
    </extensions>
   </trkpt>
   <trkpt lat="51.0350810" lon="13.8313764">
    <ele>109</ele>
    <time>2026-08-04T19:19:49Z</time>
    <extensions>
     <gpxdata:hr>161</gpxdata:hr>
     <gpxdata:distance>18075.00</gpxdata:distance>
     <gpxdata:speed>10.514</gpxdata:speed>
    </extensions>
   </trkpt>
   <trkpt lat="51.0351202" lon="13.8312406">
    <ele>109</ele>
    <time>2026-08-04T19:19:50Z</time>
    <extensions>
     <gpxdata:hr>161</gpxdata:hr>
     <gpxdata:distance>18085.00</gpxdata:distance>
     <gpxdata:speed>10.514</gpxdata:speed>
    </extensions>
   </trkpt>
   <trkpt lat="51.0351574" lon="13.8311030">
    <ele>109</ele>
    <time>2026-08-04T19:19:51Z</time>
    <extensions>
     <gpxdata:hr>161</gpxdata:hr>
     <gpxdata:distance>18095.00</gpxdata:distance>
     <gpxdata:speed>10.500</gpxdata:speed>
    </extensions>
   </trkpt>
   <trkpt lat="51.0351937" lon="13.8309643">
    <ele>109</ele>
    <time>2026-08-04T19:19:52Z</time>
    <extensions>
     <gpxdata:hr>161</gpxdata:hr>
     <gpxdata:distance>18106.00</gpxdata:distance>
     <gpxdata:speed>10.503</gpxdata:speed>
    </extensions>
   </trkpt>
   <trkpt lat="51.0352300" lon="13.8308250">
    <ele>108</ele>
    <time>2026-08-04T19:19:53Z</time>
    <extensions>
     <gpxdata:hr>160</gpxdata:hr>
     <gpxdata:distance>18117.00</gpxdata:distance>
     <gpxdata:speed>10.511</gpxdata:speed>
    </extensions>
   </trkpt>
   <trkpt lat="51.0352669" lon="13.8306857">
    <ele>108</ele>
    <time>2026-08-04T19:19:54Z</time>
    <extensions>
     <gpxdata:hr>160</gpxdata:hr>
     <gpxdata:distance>18127.50</gpxdata:distance>
     <gpxdata:speed>10.528</gpxdata:speed>
    </extensions>
   </trkpt>
   <trkpt lat="51.0353050" lon="13.8305469">
    <ele>108</ele>
    <time>2026-08-04T19:19:55Z</time>
    <extensions>
     <gpxdata:hr>160</gpxdata:hr>
     <gpxdata:distance>18138.00</gpxdata:distance>
     <gpxdata:speed>10.542</gpxdata:speed>
    </extensions>
   </trkpt>
   <trkpt lat="51.0353437" lon="13.8304088">
    <ele>108</ele>
    <time>2026-08-04T19:19:56Z</time>
    <extensions>
     <gpxdata:hr>160</gpxdata:hr>
     <gpxdata:distance>18148.50</gpxdata:distance>
     <gpxdata:speed>10.564</gpxdata:speed>
    </extensions>
   </trkpt>
   <trkpt lat="51.0353821" lon="13.8302708">
    <ele>108</ele>
    <time>2026-08-04T19:19:57Z</time>
    <extensions>
     <gpxdata:hr>160</gpxdata:hr>
     <gpxdata:distance>18159.00</gpxdata:distance>
     <gpxdata:speed>10.567</gpxdata:speed>
    </extensions>
   </trkpt>
   <trkpt lat="51.0354205" lon="13.8301336">
    <ele>109</ele>
    <time>2026-08-04T19:19:58Z</time>
    <extensions>
     <gpxdata:hr>160</gpxdata:hr>
     <gpxdata:distance>18169.50</gpxdata:distance>
     <gpxdata:speed>10.561</gpxdata:speed>
    </extensions>
   </trkpt>
   <trkpt lat="51.0354587" lon="13.8299979">
    <ele>109</ele>
    <time>2026-08-04T19:19:59Z</time>
    <extensions>
     <gpxdata:hr>160</gpxdata:hr>
     <gpxdata:distance>18180.00</gpxdata:distance>
     <gpxdata:speed>10.542</gpxdata:speed>
    </extensions>
   </trkpt>
   <trkpt lat="51.0354961" lon="13.8298633">
    <ele>109</ele>
    <time>2026-08-04T19:20:00Z</time>
    <extensions>
     <gpxdata:hr>161</gpxdata:hr>
     <gpxdata:distance>18190.00</gpxdata:distance>
     <gpxdata:speed>10.492</gpxdata:speed>
    </extensions>
   </trkpt>
   <trkpt lat="51.0355334" lon="13.8297298">
    <ele>109</ele>
    <time>2026-08-04T19:20:01Z</time>
    <extensions>
     <gpxdata:hr>160</gpxdata:hr>
     <gpxdata:distance>18200.00</gpxdata:distance>
     <gpxdata:speed>10.419</gpxdata:speed>
    </extensions>
   </trkpt>
   <trkpt lat="51.0355702" lon="13.8295980">
    <ele>109</ele>
    <time>2026-08-04T19:20:02Z</time>
    <extensions>
     <gpxdata:hr>160</gpxdata:hr>
     <gpxdata:distance>18210.50</gpxdata:distance>
     <gpxdata:speed>10.358</gpxdata:speed>
    </extensions>
   </trkpt>
   <trkpt lat="51.0356058" lon="13.8294676">
    <ele>109</ele>
    <time>2026-08-04T19:20:03Z</time>
    <extensions>
     <gpxdata:hr>160</gpxdata:hr>
     <gpxdata:distance>18221.00</gpxdata:distance>
     <gpxdata:speed>10.264</gpxdata:speed>
    </extensions>
   </trkpt>
   <trkpt lat="51.0356416" lon="13.8293377">
    <ele>109</ele>
    <time>2026-08-04T19:20:04Z</time>
    <extensions>
     <gpxdata:hr>160</gpxdata:hr>
     <gpxdata:distance>18230.50</gpxdata:distance>
     <gpxdata:speed>10.147</gpxdata:speed>
    </extensions>
   </trkpt>
   <trkpt lat="51.0356779" lon="13.8292074">
    <ele>109</ele>
    <time>2026-08-04T19:20:05Z</time>
    <extensions>
     <gpxdata:hr>159</gpxdata:hr>
     <gpxdata:distance>18240.00</gpxdata:distance>
     <gpxdata:speed>10.081</gpxdata:speed>
    </extensions>
   </trkpt>
   <trkpt lat="51.0357145" lon="13.8290772">
    <ele>109</ele>
    <time>2026-08-04T19:20:06Z</time>
    <extensions>
     <gpxdata:hr>159</gpxdata:hr>
     <gpxdata:distance>18250.00</gpxdata:distance>
     <gpxdata:speed>10.044</gpxdata:speed>
    </extensions>
   </trkpt>
   <trkpt lat="51.0357513" lon="13.8289471">
    <ele>108</ele>
    <time>2026-08-04T19:20:07Z</time>
    <extensions>
     <gpxdata:hr>159</gpxdata:hr>
     <gpxdata:distance>18260.00</gpxdata:distance>
     <gpxdata:speed>10.019</gpxdata:speed>
    </extensions>
   </trkpt>
   <trkpt lat="51.0357887" lon="13.8288180">
    <ele>108</ele>
    <time>2026-08-04T19:20:08Z</time>
    <extensions>
     <gpxdata:hr>160</gpxdata:hr>
     <gpxdata:distance>18270.00</gpxdata:distance>
     <gpxdata:speed>10.006</gpxdata:speed>
    </extensions>
   </trkpt>
   <trkpt lat="51.0358261" lon="13.8286897">
    <ele>108</ele>
    <time>2026-08-04T19:20:09Z</time>
    <extensions>
     <gpxdata:hr>160</gpxdata:hr>
     <gpxdata:distance>18280.00</gpxdata:distance>
     <gpxdata:speed>9.975</gpxdata:speed>
    </extensions>
   </trkpt>
   <trkpt lat="51.0358623" lon="13.8285602">
    <ele>108</ele>
    <time>2026-08-04T19:20:10Z</time>
    <extensions>
     <gpxdata:hr>159</gpxdata:hr>
     <gpxdata:distance>18290.00</gpxdata:distance>
     <gpxdata:speed>9.942</gpxdata:speed>
    </extensions>
   </trkpt>
   <trkpt lat="51.0358980" lon="13.8284298">
    <ele>108</ele>
    <time>2026-08-04T19:20:11Z</time>
    <extensions>
     <gpxdata:hr>159</gpxdata:hr>
     <gpxdata:distance>18300.00</gpxdata:distance>
     <gpxdata:speed>9.933</gpxdata:speed>
    </extensions>
   </trkpt>
   <trkpt lat="51.0359337" lon="13.8282990">
    <ele>108</ele>
    <time>2026-08-04T19:20:12Z</time>
    <extensions>
     <gpxdata:hr>159</gpxdata:hr>
     <gpxdata:distance>18310.00</gpxdata:distance>
     <gpxdata:speed>9.942</gpxdata:speed>
    </extensions>
   </trkpt>
   <trkpt lat="51.0359687" lon="13.8281670">
    <ele>108</ele>
    <time>2026-08-04T19:20:13Z</time>
    <extensions>
     <gpxdata:hr>159</gpxdata:hr>
     <gpxdata:distance>18320.00</gpxdata:distance>
     <gpxdata:speed>9.958</gpxdata:speed>
    </extensions>
   </trkpt>
   <trkpt lat="51.0360035" lon="13.8280341">
    <ele>108</ele>
    <time>2026-08-04T19:20:14Z</time>
    <extensions>
     <gpxdata:hr>159</gpxdata:hr>
     <gpxdata:distance>18330.00</gpxdata:distance>
     <gpxdata:speed>9.983</gpxdata:speed>
    </extensions>
   </trkpt>
   <trkpt lat="51.0360388" lon="13.8279004">
    <ele>108</ele>
    <time>2026-08-04T19:20:15Z</time>
    <extensions>
     <gpxdata:hr>159</gpxdata:hr>
     <gpxdata:distance>18340.00</gpxdata:distance>
     <gpxdata:speed>10.019</gpxdata:speed>
    </extensions>
   </trkpt>
   <trkpt lat="51.0360748" lon="13.8277667">
    <ele>108</ele>
    <time>2026-08-04T19:20:16Z</time>
    <extensions>
     <gpxdata:hr>158</gpxdata:hr>
     <gpxdata:distance>18350.50</gpxdata:distance>
     <gpxdata:speed>10.064</gpxdata:speed>
    </extensions>
   </trkpt>
   <trkpt lat="51.0361141" lon="13.8276353">
    <ele>108</ele>
    <time>2026-08-04T19:20:17Z</time>
    <extensions>
     <gpxdata:hr>158</gpxdata:hr>
     <gpxdata:distance>18361.00</gpxdata:distance>
     <gpxdata:speed>10.103</gpxdata:speed>
    </extensions>
   </trkpt>
   <trkpt lat="51.0361596" lon="13.8275101">
    <ele>108</ele>
    <time>2026-08-04T19:20:18Z</time>
    <extensions>
     <gpxdata:hr>158</gpxdata:hr>
     <gpxdata:distance>18371.00</gpxdata:distance>
     <gpxdata:speed>10.133</gpxdata:speed>
    </extensions>
   </trkpt>
   <trkpt lat="51.0362105" lon="13.8273912">
    <ele>108</ele>
    <time>2026-08-04T19:20:19Z</time>
    <extensions>
     <gpxdata:hr>159</gpxdata:hr>
     <gpxdata:distance>18381.00</gpxdata:distance>
     <gpxdata:speed>10.133</gpxdata:speed>
    </extensions>
   </trkpt>
   <trkpt lat="51.0362643" lon="13.8272757">
    <ele>108</ele>
    <time>2026-08-04T19:20:20Z</time>
    <extensions>
     <gpxdata:hr>160</gpxdata:hr>
     <gpxdata:distance>18391.00</gpxdata:distance>
     <gpxdata:speed>10.114</gpxdata:speed>
    </extensions>
   </trkpt>
   <trkpt lat="51.0363193" lon="13.8271614">
    <ele>109</ele>
    <time>2026-08-04T19:20:21Z</time>
    <extensions>
     <gpxdata:hr>160</gpxdata:hr>
     <gpxdata:distance>18401.00</gpxdata:distance>
     <gpxdata:speed>10.097</gpxdata:speed>
    </extensions>
   </trkpt>
   <trkpt lat="51.0363740" lon="13.8270471">
    <ele>109</ele>
    <time>2026-08-04T19:20:22Z</time>
    <extensions>
     <gpxdata:hr>160</gpxdata:hr>
     <gpxdata:distance>18411.00</gpxdata:distance>
     <gpxdata:speed>10.094</gpxdata:speed>
    </extensions>
   </trkpt>
   <trkpt lat="51.0364278" lon="13.8269325">
    <ele>109</ele>
    <time>2026-08-04T19:20:23Z</time>
    <extensions>
     <gpxdata:hr>160</gpxdata:hr>
     <gpxdata:distance>18421.00</gpxdata:distance>
     <gpxdata:speed>10.075</gpxdata:speed>
    </extensions>
   </trkpt>
   <trkpt lat="51.0364806" lon="13.8268188">
    <ele>109</ele>
    <time>2026-08-04T19:20:24Z</time>
    <extensions>
     <gpxdata:hr>160</gpxdata:hr>
     <gpxdata:distance>18431.00</gpxdata:distance>
     <gpxdata:speed>10.050</gpxdata:speed>
    </extensions>
   </trkpt>
   <trkpt lat="51.0365319" lon="13.8267069">
    <ele>109</ele>
    <time>2026-08-04T19:20:25Z</time>
    <extensions>
     <gpxdata:hr>160</gpxdata:hr>
     <gpxdata:distance>18441.00</gpxdata:distance>
     <gpxdata:speed>9.986</gpxdata:speed>
    </extensions>
   </trkpt>
   <trkpt lat="51.0365831" lon="13.8265962">
    <ele>109</ele>
    <time>2026-08-04T19:20:26Z</time>
    <extensions>
     <gpxdata:hr>160</gpxdata:hr>
     <gpxdata:distance>18450.50</gpxdata:distance>
     <gpxdata:speed>9.878</gpxdata:speed>
    </extensions>
   </trkpt>
   <trkpt lat="51.0366350" lon="13.8264841">
    <ele>109</ele>
    <time>2026-08-04T19:20:27Z</time>
    <extensions>
     <gpxdata:hr>159</gpxdata:hr>
     <gpxdata:distance>18460.00</gpxdata:distance>
     <gpxdata:speed>9.789</gpxdata:speed>
    </extensions>
   </trkpt>
   <trkpt lat="51.0366886" lon="13.8263716">
    <ele>108</ele>
    <time>2026-08-04T19:20:28Z</time>
    <extensions>
     <gpxdata:hr>159</gpxdata:hr>
     <gpxdata:distance>18470.00</gpxdata:distance>
     <gpxdata:speed>9.786</gpxdata:speed>
    </extensions>
   </trkpt>
   <trkpt lat="51.0367436" lon="13.8262589">
    <ele>108</ele>
    <time>2026-08-04T19:20:29Z</time>
    <extensions>
     <gpxdata:hr>159</gpxdata:hr>
     <gpxdata:distance>18480.00</gpxdata:distance>
     <gpxdata:speed>9.831</gpxdata:speed>
    </extensions>
   </trkpt>
   <trkpt lat="51.0367979" lon="13.8261456">
    <ele>108</ele>
    <time>2026-08-04T19:20:30Z</time>
    <extensions>
     <gpxdata:hr>159</gpxdata:hr>
     <gpxdata:distance>18490.00</gpxdata:distance>
     <gpxdata:speed>9.883</gpxdata:speed>
    </extensions>
   </trkpt>
   <trkpt lat="51.0368505" lon="13.8260314">
    <ele>108</ele>
    <time>2026-08-04T19:20:31Z</time>
    <extensions>
     <gpxdata:hr>159</gpxdata:hr>
     <gpxdata:distance>18500.00</gpxdata:distance>
     <gpxdata:speed>9.906</gpxdata:speed>
    </extensions>
   </trkpt>
   <trkpt lat="51.0369013" lon="13.8259169">
    <ele>108</ele>
    <time>2026-08-04T19:20:32Z</time>
    <extensions>
     <gpxdata:hr>158</gpxdata:hr>
     <gpxdata:distance>18510.00</gpxdata:distance>
     <gpxdata:speed>9.897</gpxdata:speed>
    </extensions>
   </trkpt>
   <trkpt lat="51.0369510" lon="13.8258023">
    <ele>108</ele>
    <time>2026-08-04T19:20:33Z</time>
    <extensions>
     <gpxdata:hr>158</gpxdata:hr>
     <gpxdata:distance>18520.00</gpxdata:distance>
     <gpxdata:speed>9.858</gpxdata:speed>
    </extensions>
   </trkpt>
   <trkpt lat="51.0370007" lon="13.8256870">
    <ele>108</ele>
    <time>2026-08-04T19:20:34Z</time>
    <extensions>
     <gpxdata:hr>158</gpxdata:hr>
     <gpxdata:distance>18529.50</gpxdata:distance>
     <gpxdata:speed>9.819</gpxdata:speed>
    </extensions>
   </trkpt>
   <trkpt lat="51.0370505" lon="13.8255705">
    <ele>108</ele>
    <time>2026-08-04T19:20:35Z</time>
    <extensions>
     <gpxdata:hr>157</gpxdata:hr>
     <gpxdata:distance>18539.00</gpxdata:distance>
     <gpxdata:speed>9.817</gpxdata:speed>
    </extensions>
   </trkpt>
   <trkpt lat="51.0371007" lon="13.8254532">
    <ele>108</ele>
    <time>2026-08-04T19:20:36Z</time>
    <extensions>
     <gpxdata:hr>157</gpxdata:hr>
     <gpxdata:distance>18549.00</gpxdata:distance>
     <gpxdata:speed>9.839</gpxdata:speed>
    </extensions>
   </trkpt>
   <trkpt lat="51.0371511" lon="13.8253348">
    <ele>108</ele>
    <time>2026-08-04T19:20:37Z</time>
    <extensions>
     <gpxdata:hr>157</gpxdata:hr>
     <gpxdata:distance>18559.00</gpxdata:distance>
     <gpxdata:speed>9.878</gpxdata:speed>
    </extensions>
   </trkpt>
   <trkpt lat="51.0372018" lon="13.8252164">
    <ele>108</ele>
    <time>2026-08-04T19:20:38Z</time>
    <extensions>
     <gpxdata:hr>158</gpxdata:hr>
     <gpxdata:distance>18569.00</gpxdata:distance>
     <gpxdata:speed>9.925</gpxdata:speed>
    </extensions>
   </trkpt>
   <trkpt lat="51.0372532" lon="13.8250981">
    <ele>108</ele>
    <time>2026-08-04T19:20:39Z</time>
    <extensions>
     <gpxdata:hr>158</gpxdata:hr>
     <gpxdata:distance>18579.00</gpxdata:distance>
     <gpxdata:speed>9.956</gpxdata:speed>
    </extensions>
   </trkpt>
   <trkpt lat="51.0373052" lon="13.8249803">
    <ele>108</ele>
    <time>2026-08-04T19:20:40Z</time>
    <extensions>
     <gpxdata:hr>158</gpxdata:hr>
     <gpxdata:distance>18589.00</gpxdata:distance>
     <gpxdata:speed>9.992</gpxdata:speed>
    </extensions>
   </trkpt>
   <trkpt lat="51.0373571" lon="13.8248620">
    <ele>108</ele>
    <time>2026-08-04T19:20:41Z</time>
    <extensions>
     <gpxdata:hr>159</gpxdata:hr>
     <gpxdata:distance>18599.00</gpxdata:distance>
     <gpxdata:speed>10.019</gpxdata:speed>
    </extensions>
   </trkpt>
   <trkpt lat="51.0374088" lon="13.8247431">
    <ele>108</ele>
    <time>2026-08-04T19:20:42Z</time>
    <extensions>
     <gpxdata:hr>158</gpxdata:hr>
     <gpxdata:distance>18609.50</gpxdata:distance>
     <gpxdata:speed>10.044</gpxdata:speed>
    </extensions>
   </trkpt>
   <trkpt lat="51.0374602" lon="13.8246235">
    <ele>108</ele>
    <time>2026-08-04T19:20:43Z</time>
    <extensions>
     <gpxdata:hr>158</gpxdata:hr>
     <gpxdata:distance>18620.00</gpxdata:distance>
     <gpxdata:speed>10.072</gpxdata:speed>
    </extensions>
   </trkpt>
   <trkpt lat="51.0375111" lon="13.8245043">
    <ele>107</ele>
    <time>2026-08-04T19:20:44Z</time>
    <extensions>
     <gpxdata:hr>158</gpxdata:hr>
     <gpxdata:distance>18630.00</gpxdata:distance>
     <gpxdata:speed>10.100</gpxdata:speed>
    </extensions>
   </trkpt>
   <trkpt lat="51.0375617" lon="13.8243855">
    <ele>108</ele>
    <time>2026-08-04T19:20:45Z</time>
    <extensions>
     <gpxdata:hr>157</gpxdata:hr>
     <gpxdata:distance>18640.00</gpxdata:distance>
     <gpxdata:speed>10.092</gpxdata:speed>
    </extensions>
   </trkpt>
   <trkpt lat="51.0376119" lon="13.8242669">
    <ele>108</ele>
    <time>2026-08-04T19:20:46Z</time>
    <extensions>
     <gpxdata:hr>157</gpxdata:hr>
     <gpxdata:distance>18650.00</gpxdata:distance>
     <gpxdata:speed>10.075</gpxdata:speed>
    </extensions>
   </trkpt>
   <trkpt lat="51.0376618" lon="13.8241484">
    <ele>108</ele>
    <time>2026-08-04T19:20:47Z</time>
    <extensions>
     <gpxdata:hr>157</gpxdata:hr>
     <gpxdata:distance>18660.00</gpxdata:distance>
     <gpxdata:speed>10.053</gpxdata:speed>
    </extensions>
   </trkpt>
   <trkpt lat="51.0377120" lon="13.8240311">
    <ele>108</ele>
    <time>2026-08-04T19:20:48Z</time>
    <extensions>
     <gpxdata:hr>157</gpxdata:hr>
     <gpxdata:distance>18670.00</gpxdata:distance>
     <gpxdata:speed>10.025</gpxdata:speed>
    </extensions>
   </trkpt>
   <trkpt lat="51.0377627" lon="13.8239156">
    <ele>108</ele>
    <time>2026-08-04T19:20:49Z</time>
    <extensions>
     <gpxdata:hr>157</gpxdata:hr>
     <gpxdata:distance>18680.00</gpxdata:distance>
     <gpxdata:speed>9.994</gpxdata:speed>
    </extensions>
   </trkpt>
   <trkpt lat="51.0378132" lon="13.8238016">
    <ele>108</ele>
    <time>2026-08-04T19:20:50Z</time>
    <extensions>
     <gpxdata:hr>157</gpxdata:hr>
     <gpxdata:distance>18689.50</gpxdata:distance>
     <gpxdata:speed>9.947</gpxdata:speed>
    </extensions>
   </trkpt>
   <trkpt lat="51.0378637" lon="13.8236885">
    <ele>108</ele>
    <time>2026-08-04T19:20:51Z</time>
    <extensions>
     <gpxdata:hr>156</gpxdata:hr>
     <gpxdata:distance>18699.00</gpxdata:distance>
     <gpxdata:speed>9.878</gpxdata:speed>
    </extensions>
   </trkpt>
   <trkpt lat="51.0379134" lon="13.8235763">
    <ele>108</ele>
    <time>2026-08-04T19:20:52Z</time>
    <extensions>
     <gpxdata:hr>156</gpxdata:hr>
     <gpxdata:distance>18708.50</gpxdata:distance>
     <gpxdata:speed>9.819</gpxdata:speed>
    </extensions>
   </trkpt>
   <trkpt lat="51.0379624" lon="13.8234643">
    <ele>108</ele>
    <time>2026-08-04T19:20:53Z</time>
    <extensions>
     <gpxdata:hr>156</gpxdata:hr>
     <gpxdata:distance>18718.00</gpxdata:distance>
     <gpxdata:speed>9.744</gpxdata:speed>
    </extensions>
   </trkpt>
   <trkpt lat="51.0380102" lon="13.8233519">
    <ele>108</ele>
    <time>2026-08-04T19:20:54Z</time>
    <extensions>
     <gpxdata:hr>155</gpxdata:hr>
     <gpxdata:distance>18727.50</gpxdata:distance>
     <gpxdata:speed>9.672</gpxdata:speed>
    </extensions>
   </trkpt>
   <trkpt lat="51.0380577" lon="13.8232393">
    <ele>108</ele>
    <time>2026-08-04T19:20:55Z</time>
    <extensions>
     <gpxdata:hr>155</gpxdata:hr>
     <gpxdata:distance>18737.00</gpxdata:distance>
     <gpxdata:speed>9.608</gpxdata:speed>
    </extensions>
   </trkpt>
   <trkpt lat="51.0381051" lon="13.8231261">
    <ele>108</ele>
    <time>2026-08-04T19:20:56Z</time>
    <extensions>
     <gpxdata:hr>156</gpxdata:hr>
     <gpxdata:distance>18746.50</gpxdata:distance>
     <gpxdata:speed>9.567</gpxdata:speed>
    </extensions>
   </trkpt>
   <trkpt lat="51.0381528" lon="13.8230137">
    <ele>107</ele>
    <time>2026-08-04T19:20:57Z</time>
    <extensions>
     <gpxdata:hr>156</gpxdata:hr>
     <gpxdata:distance>18756.00</gpxdata:distance>
     <gpxdata:speed>9.550</gpxdata:speed>
    </extensions>
   </trkpt>
   <trkpt lat="51.0382006" lon="13.8229021">
    <ele>107</ele>
    <time>2026-08-04T19:20:58Z</time>
    <extensions>
     <gpxdata:hr>156</gpxdata:hr>
     <gpxdata:distance>18765.50</gpxdata:distance>
     <gpxdata:speed>9.522</gpxdata:speed>
    </extensions>
   </trkpt>
   <trkpt lat="51.0382476" lon="13.8227901">
    <ele>107</ele>
    <time>2026-08-04T19:20:59Z</time>
    <extensions>
     <gpxdata:hr>156</gpxdata:hr>
     <gpxdata:distance>18775.00</gpxdata:distance>
     <gpxdata:speed>9.489</gpxdata:speed>
    </extensions>
   </trkpt>
   <trkpt lat="51.0382933" lon="13.8226759">
    <ele>108</ele>
    <time>2026-08-04T19:21:00Z</time>
    <extensions>
     <gpxdata:hr>156</gpxdata:hr>
     <gpxdata:distance>18784.50</gpxdata:distance>
     <gpxdata:speed>9.461</gpxdata:speed>
    </extensions>
   </trkpt>
   <trkpt lat="51.0383387" lon="13.8225600">
    <ele>107</ele>
    <time>2026-08-04T19:21:01Z</time>
    <extensions>
     <gpxdata:hr>156</gpxdata:hr>
     <gpxdata:distance>18794.00</gpxdata:distance>
     <gpxdata:speed>9.467</gpxdata:speed>
    </extensions>
   </trkpt>
   <trkpt lat="51.0383859" lon="13.8224433">
    <ele>107</ele>
    <time>2026-08-04T19:21:02Z</time>
    <extensions>
     <gpxdata:hr>156</gpxdata:hr>
     <gpxdata:distance>18804.00</gpxdata:distance>
     <gpxdata:speed>9.503</gpxdata:speed>
    </extensions>
   </trkpt>
   <trkpt lat="51.0384353" lon="13.8223257">
    <ele>108</ele>
    <time>2026-08-04T19:21:03Z</time>
    <extensions>
     <gpxdata:hr>156</gpxdata:hr>
     <gpxdata:distance>18814.00</gpxdata:distance>
     <gpxdata:speed>9.583</gpxdata:speed>
    </extensions>
   </trkpt>
   <trkpt lat="51.0384858" lon="13.8222063">
    <ele>108</ele>
    <time>2026-08-04T19:21:04Z</time>
    <extensions>
     <gpxdata:hr>155</gpxdata:hr>
     <gpxdata:distance>18824.00</gpxdata:distance>
     <gpxdata:speed>9.700</gpxdata:speed>
    </extensions>
   </trkpt>
   <trkpt lat="51.0385365" lon="13.8220855">
    <ele>108</ele>
    <time>2026-08-04T19:21:05Z</time>
    <extensions>
     <gpxdata:hr>154</gpxdata:hr>
     <gpxdata:distance>18834.00</gpxdata:distance>
     <gpxdata:speed>9.833</gpxdata:speed>
    </extensions>
   </trkpt>
   <trkpt lat="51.0385874" lon="13.8219644">
    <ele>108</ele>
    <time>2026-08-04T19:21:06Z</time>
    <extensions>
     <gpxdata:hr>154</gpxdata:hr>
     <gpxdata:distance>18844.00</gpxdata:distance>
     <gpxdata:speed>9.950</gpxdata:speed>
    </extensions>
   </trkpt>
   <trkpt lat="51.0386391" lon="13.8218444">
    <ele>108</ele>
    <time>2026-08-04T19:21:07Z</time>
    <extensions>
     <gpxdata:hr>155</gpxdata:hr>
     <gpxdata:distance>18854.00</gpxdata:distance>
     <gpxdata:speed>10.031</gpxdata:speed>
    </extensions>
   </trkpt>
   <trkpt lat="51.0386922" lon="13.8217266">
    <ele>108</ele>
    <time>2026-08-04T19:21:08Z</time>
    <extensions>
     <gpxdata:hr>155</gpxdata:hr>
     <gpxdata:distance>18864.00</gpxdata:distance>
     <gpxdata:speed>10.086</gpxdata:speed>
    </extensions>
   </trkpt>
   <trkpt lat="51.0387460" lon="13.8216110">
    <ele>108</ele>
    <time>2026-08-04T19:21:09Z</time>
    <extensions>
     <gpxdata:hr>155</gpxdata:hr>
     <gpxdata:distance>18874.00</gpxdata:distance>
     <gpxdata:speed>10.117</gpxdata:speed>
    </extensions>
   </trkpt>
   <trkpt lat="51.0388000" lon="13.8214970">
    <ele>108</ele>
    <time>2026-08-04T19:21:10Z</time>
    <extensions>
     <gpxdata:hr>155</gpxdata:hr>
     <gpxdata:distance>18884.00</gpxdata:distance>
     <gpxdata:speed>10.083</gpxdata:speed>
    </extensions>
   </trkpt>
   <trkpt lat="51.0388542" lon="13.8213853">
    <ele>108</ele>
    <time>2026-08-04T19:21:11Z</time>
    <extensions>
     <gpxdata:hr>156</gpxdata:hr>
     <gpxdata:distance>18894.00</gpxdata:distance>
     <gpxdata:speed>10.036</gpxdata:speed>
    </extensions>
   </trkpt>
   <trkpt lat="51.0389078" lon="13.8212747">
    <ele>108</ele>
    <time>2026-08-04T19:21:12Z</time>
    <extensions>
     <gpxdata:hr>156</gpxdata:hr>
     <gpxdata:distance>18904.00</gpxdata:distance>
     <gpxdata:speed>9.972</gpxdata:speed>
    </extensions>
   </trkpt>
   <trkpt lat="51.0389602" lon="13.8211640">
    <ele>108</ele>
    <time>2026-08-04T19:21:13Z</time>
    <extensions>
     <gpxdata:hr>156</gpxdata:hr>
     <gpxdata:distance>18914.00</gpxdata:distance>
     <gpxdata:speed>9.900</gpxdata:speed>
    </extensions>
   </trkpt>
   <trkpt lat="51.0390119" lon="13.8210529">
    <ele>108</ele>
    <time>2026-08-04T19:21:14Z</time>
    <extensions>
     <gpxdata:hr>156</gpxdata:hr>
     <gpxdata:distance>18923.50</gpxdata:distance>
     <gpxdata:speed>9.833</gpxdata:speed>
    </extensions>
   </trkpt>
   <trkpt lat="51.0390642" lon="13.8209429">
    <ele>108</ele>
    <time>2026-08-04T19:21:15Z</time>
    <extensions>
     <gpxdata:hr>156</gpxdata:hr>
     <gpxdata:distance>18933.00</gpxdata:distance>
     <gpxdata:speed>9.778</gpxdata:speed>
    </extensions>
   </trkpt>
   <trkpt lat="51.0391174" lon="13.8208342">
    <ele>108</ele>
    <time>2026-08-04T19:21:16Z</time>
    <extensions>
     <gpxdata:hr>156</gpxdata:hr>
     <gpxdata:distance>18943.00</gpxdata:distance>
     <gpxdata:speed>9.736</gpxdata:speed>
    </extensions>
   </trkpt>
   <trkpt lat="51.0391719" lon="13.8207263">
    <ele>108</ele>
    <time>2026-08-04T19:21:17Z</time>
    <extensions>
     <gpxdata:hr>156</gpxdata:hr>
     <gpxdata:distance>18953.00</gpxdata:distance>
     <gpxdata:speed>9.703</gpxdata:speed>
    </extensions>
   </trkpt>
   <trkpt lat="51.0392285" lon="13.8206187">
    <ele>108</ele>
    <time>2026-08-04T19:21:18Z</time>
    <extensions>
     <gpxdata:hr>156</gpxdata:hr>
     <gpxdata:distance>18962.50</gpxdata:distance>
     <gpxdata:speed>9.694</gpxdata:speed>
    </extensions>
   </trkpt>
   <trkpt lat="51.0392867" lon="13.8205112">
    <ele>108</ele>
    <time>2026-08-04T19:21:19Z</time>
    <extensions>
     <gpxdata:hr>155</gpxdata:hr>
     <gpxdata:distance>18972.00</gpxdata:distance>
     <gpxdata:speed>9.747</gpxdata:speed>
    </extensions>
   </trkpt>
   <trkpt lat="51.0393440" lon="13.8204048">
    <ele>108</ele>
    <time>2026-08-04T19:21:20Z</time>
    <extensions>
     <gpxdata:hr>155</gpxdata:hr>
     <gpxdata:distance>18982.00</gpxdata:distance>
     <gpxdata:speed>9.811</gpxdata:speed>
    </extensions>
   </trkpt>
   <trkpt lat="51.0394001" lon="13.8203023">
    <ele>108</ele>
    <time>2026-08-04T19:21:21Z</time>
    <extensions>
     <gpxdata:hr>154</gpxdata:hr>
     <gpxdata:distance>18992.00</gpxdata:distance>
     <gpxdata:speed>9.789</gpxdata:speed>
    </extensions>
   </trkpt>
   <trkpt lat="51.0394557" lon="13.8202049">
    <ele>108</ele>
    <time>2026-08-04T19:21:22Z</time>
    <extensions>
     <gpxdata:hr>154</gpxdata:hr>
     <gpxdata:distance>19001.00</gpxdata:distance>
     <gpxdata:speed>9.672</gpxdata:speed>
    </extensions>
   </trkpt>
   <trkpt lat="51.0395104" lon="13.8201120">
    <ele>108</ele>
    <time>2026-08-04T19:21:23Z</time>
    <extensions>
     <gpxdata:hr>154</gpxdata:hr>
     <gpxdata:distance>19010.00</gpxdata:distance>
     <gpxdata:speed>9.497</gpxdata:speed>
    </extensions>
   </trkpt>
   <trkpt lat="51.0395640" lon="13.8200229">
    <ele>108</ele>
    <time>2026-08-04T19:21:24Z</time>
    <extensions>
     <gpxdata:hr>153</gpxdata:hr>
     <gpxdata:distance>19018.50</gpxdata:distance>
     <gpxdata:speed>9.033</gpxdata:speed>
    </extensions>
   </trkpt>
   <trkpt lat="51.0396174" lon="13.8199379">
    <ele>108</ele>
    <time>2026-08-04T19:21:25Z</time>
    <extensions>
     <gpxdata:hr>152</gpxdata:hr>
     <gpxdata:distance>19027.00</gpxdata:distance>
     <gpxdata:speed>8.739</gpxdata:speed>
    </extensions>
   </trkpt>
   <trkpt lat="51.0396722" lon="13.8198581">
    <ele>108</ele>
    <time>2026-08-04T19:21:26Z</time>
    <extensions>
     <gpxdata:hr>151</gpxdata:hr>
     <gpxdata:distance>19035.50</gpxdata:distance>
     <gpxdata:speed>8.531</gpxdata:speed>
    </extensions>
   </trkpt>
   <trkpt lat="51.0397284" lon="13.8197830">
    <ele>108</ele>
    <time>2026-08-04T19:21:27Z</time>
    <extensions>
     <gpxdata:hr>150</gpxdata:hr>
     <gpxdata:distance>19044.00</gpxdata:distance>
     <gpxdata:speed>8.378</gpxdata:speed>
    </extensions>
   </trkpt>
   <trkpt lat="51.0397857" lon="13.8197109">
    <ele>108</ele>
    <time>2026-08-04T19:21:28Z</time>
    <extensions>
     <gpxdata:hr>149</gpxdata:hr>
     <gpxdata:distance>19052.00</gpxdata:distance>
     <gpxdata:speed>8.264</gpxdata:speed>
    </extensions>
   </trkpt>
   <trkpt lat="51.0398440" lon="13.8196422">
    <ele>108</ele>
    <time>2026-08-04T19:21:29Z</time>
    <extensions>
     <gpxdata:hr>147</gpxdata:hr>
     <gpxdata:distance>19060.00</gpxdata:distance>
     <gpxdata:speed>8.192</gpxdata:speed>
    </extensions>
   </trkpt>
   <trkpt lat="51.0399047" lon="13.8195797">
    <ele>108</ele>
    <time>2026-08-04T19:21:30Z</time>
    <extensions>
     <gpxdata:hr>146</gpxdata:hr>
     <gpxdata:distance>19068.00</gpxdata:distance>
     <gpxdata:speed>8.119</gpxdata:speed>
    </extensions>
   </trkpt>
   <trkpt lat="51.0399663" lon="13.8195208">
    <ele>108</ele>
    <time>2026-08-04T19:21:31Z</time>
    <extensions>
     <gpxdata:hr>145</gpxdata:hr>
     <gpxdata:distance>19076.00</gpxdata:distance>
     <gpxdata:speed>8.089</gpxdata:speed>
    </extensions>
   </trkpt>
   <trkpt lat="51.0400266" lon="13.8194593">
    <ele>108</ele>
    <time>2026-08-04T19:21:32Z</time>
    <extensions>
     <gpxdata:hr>144</gpxdata:hr>
     <gpxdata:distance>19084.00</gpxdata:distance>
     <gpxdata:speed>8.025</gpxdata:speed>
    </extensions>
   </trkpt>
   <trkpt lat="51.0400846" lon="13.8193923">
    <ele>108</ele>
    <time>2026-08-04T19:21:33Z</time>
    <extensions>
     <gpxdata:hr>143</gpxdata:hr>
     <gpxdata:distance>19092.00</gpxdata:distance>
     <gpxdata:speed>7.986</gpxdata:speed>
    </extensions>
   </trkpt>
   <trkpt lat="51.0401410" lon="13.8193219">
    <ele>108</ele>
    <time>2026-08-04T19:21:34Z</time>
    <extensions>
     <gpxdata:hr>142</gpxdata:hr>
     <gpxdata:distance>19100.00</gpxdata:distance>
     <gpxdata:speed>7.981</gpxdata:speed>
    </extensions>
   </trkpt>
   <trkpt lat="51.0401967" lon="13.8192503">
    <ele>108</ele>
    <time>2026-08-04T19:21:35Z</time>
    <extensions>
     <gpxdata:hr>142</gpxdata:hr>
     <gpxdata:distance>19108.00</gpxdata:distance>
     <gpxdata:speed>7.975</gpxdata:speed>
    </extensions>
   </trkpt>
   <trkpt lat="51.0402520" lon="13.8191795">
    <ele>108</ele>
    <time>2026-08-04T19:21:36Z</time>
    <extensions>
     <gpxdata:hr>142</gpxdata:hr>
     <gpxdata:distance>19116.00</gpxdata:distance>
     <gpxdata:speed>7.969</gpxdata:speed>
    </extensions>
   </trkpt>
   <trkpt lat="51.0403075" lon="13.8191096">
    <ele>108</ele>
    <time>2026-08-04T19:21:37Z</time>
    <extensions>
     <gpxdata:hr>142</gpxdata:hr>
     <gpxdata:distance>19124.00</gpxdata:distance>
     <gpxdata:speed>7.939</gpxdata:speed>
    </extensions>
   </trkpt>
   <trkpt lat="51.0403635" lon="13.8190408">
    <ele>108</ele>
    <time>2026-08-04T19:21:38Z</time>
    <extensions>
     <gpxdata:hr>141</gpxdata:hr>
     <gpxdata:distance>19132.00</gpxdata:distance>
     <gpxdata:speed>7.917</gpxdata:speed>
    </extensions>
   </trkpt>
   <trkpt lat="51.0404197" lon="13.8189723">
    <ele>107</ele>
    <time>2026-08-04T19:21:39Z</time>
    <extensions>
     <gpxdata:hr>140</gpxdata:hr>
     <gpxdata:distance>19140.00</gpxdata:distance>
     <gpxdata:speed>7.906</gpxdata:speed>
    </extensions>
   </trkpt>
   <trkpt lat="51.0404754" lon="13.8189042">
    <ele>107</ele>
    <time>2026-08-04T19:21:40Z</time>
    <extensions>
     <gpxdata:hr>140</gpxdata:hr>
     <gpxdata:distance>19147.50</gpxdata:distance>
     <gpxdata:speed>7.897</gpxdata:speed>
    </extensions>
   </trkpt>
   <trkpt lat="51.0405301" lon="13.8188368">
    <ele>107</ele>
    <time>2026-08-04T19:21:41Z</time>
    <extensions>
     <gpxdata:hr>139</gpxdata:hr>
     <gpxdata:distance>19155.00</gpxdata:distance>
     <gpxdata:speed>7.869</gpxdata:speed>
    </extensions>
   </trkpt>
   <trkpt lat="51.0405849" lon="13.8187723">
    <ele>107</ele>
    <time>2026-08-04T19:21:42Z</time>
    <extensions>
     <gpxdata:hr>138</gpxdata:hr>
     <gpxdata:distance>19162.50</gpxdata:distance>
     <gpxdata:speed>7.800</gpxdata:speed>
    </extensions>
   </trkpt>
   <trkpt lat="51.0406412" lon="13.8187129">
    <ele>107</ele>
    <time>2026-08-04T19:21:43Z</time>
    <extensions>
     <gpxdata:hr>137</gpxdata:hr>
     <gpxdata:distance>19170.00</gpxdata:distance>
     <gpxdata:speed>7.725</gpxdata:speed>
    </extensions>
   </trkpt>
   <trkpt lat="51.0406991" lon="13.8186591">
    <ele>107</ele>
    <time>2026-08-04T19:21:44Z</time>
    <extensions>
     <gpxdata:hr>136</gpxdata:hr>
     <gpxdata:distance>19177.50</gpxdata:distance>
     <gpxdata:speed>7.656</gpxdata:speed>
    </extensions>
   </trkpt>
   <trkpt lat="51.0407576" lon="13.8186092">
    <ele>107</ele>
    <time>2026-08-04T19:21:45Z</time>
    <extensions>
     <gpxdata:hr>136</gpxdata:hr>
     <gpxdata:distance>19185.00</gpxdata:distance>
     <gpxdata:speed>7.589</gpxdata:speed>
    </extensions>
   </trkpt>
   <trkpt lat="51.0408156" lon="13.8185600">
    <ele>107</ele>
    <time>2026-08-04T19:21:46Z</time>
    <extensions>
     <gpxdata:hr>135</gpxdata:hr>
     <gpxdata:distance>19192.50</gpxdata:distance>
     <gpxdata:speed>7.514</gpxdata:speed>
    </extensions>
   </trkpt>
   <trkpt lat="51.0408725" lon="13.8185097">
    <ele>107</ele>
    <time>2026-08-04T19:21:47Z</time>
    <extensions>
     <gpxdata:hr>134</gpxdata:hr>
     <gpxdata:distance>19200.00</gpxdata:distance>
     <gpxdata:speed>7.439</gpxdata:speed>
    </extensions>
   </trkpt>
   <trkpt lat="51.0409286" lon="13.8184584">
    <ele>107</ele>
    <time>2026-08-04T19:21:48Z</time>
    <extensions>
     <gpxdata:hr>134</gpxdata:hr>
     <gpxdata:distance>19207.00</gpxdata:distance>
     <gpxdata:speed>7.356</gpxdata:speed>
    </extensions>
   </trkpt>
   <trkpt lat="51.0409842" lon="13.8184063">
    <ele>107</ele>
    <time>2026-08-04T19:21:49Z</time>
    <extensions>
     <gpxdata:hr>133</gpxdata:hr>
     <gpxdata:distance>19214.00</gpxdata:distance>
     <gpxdata:speed>7.275</gpxdata:speed>
    </extensions>
   </trkpt>
   <trkpt lat="51.0410397" lon="13.8183536">
    <ele>107</ele>
    <time>2026-08-04T19:21:50Z</time>
    <extensions>
     <gpxdata:hr>133</gpxdata:hr>
     <gpxdata:distance>19221.50</gpxdata:distance>
     <gpxdata:speed>7.228</gpxdata:speed>
    </extensions>
   </trkpt>
   <trkpt lat="51.0410947" lon="13.8182995">
    <ele>107</ele>
    <time>2026-08-04T19:21:51Z</time>
    <extensions>
     <gpxdata:hr>132</gpxdata:hr>
     <gpxdata:distance>19229.00</gpxdata:distance>
     <gpxdata:speed>7.214</gpxdata:speed>
    </extensions>
   </trkpt>
   <trkpt lat="51.0411500" lon="13.8182447">
    <ele>107</ele>
    <time>2026-08-04T19:21:52Z</time>
    <extensions>
     <gpxdata:hr>133</gpxdata:hr>
     <gpxdata:distance>19236.00</gpxdata:distance>
     <gpxdata:speed>7.208</gpxdata:speed>
    </extensions>
   </trkpt>
   <trkpt lat="51.0412045" lon="13.8181903">
    <ele>107</ele>
    <time>2026-08-04T19:21:53Z</time>
    <extensions>
     <gpxdata:hr>132</gpxdata:hr>
     <gpxdata:distance>19243.00</gpxdata:distance>
     <gpxdata:speed>7.225</gpxdata:speed>
    </extensions>
   </trkpt>
   <trkpt lat="51.0412588" lon="13.8181376">
    <ele>107</ele>
    <time>2026-08-04T19:21:54Z</time>
    <extensions>
     <gpxdata:hr>132</gpxdata:hr>
     <gpxdata:distance>19250.00</gpxdata:distance>
     <gpxdata:speed>7.189</gpxdata:speed>
    </extensions>
   </trkpt>
   <trkpt lat="51.0413132" lon="13.8180866">
    <ele>107</ele>
    <time>2026-08-04T19:21:55Z</time>
    <extensions>
     <gpxdata:hr>131</gpxdata:hr>
     <gpxdata:distance>19257.00</gpxdata:distance>
     <gpxdata:speed>7.144</gpxdata:speed>
    </extensions>
   </trkpt>
   <trkpt lat="51.0413669" lon="13.8180360">
    <ele>107</ele>
    <time>2026-08-04T19:21:56Z</time>
    <extensions>
     <gpxdata:hr>131</gpxdata:hr>
     <gpxdata:distance>19264.00</gpxdata:distance>
     <gpxdata:speed>7.103</gpxdata:speed>
    </extensions>
   </trkpt>
   <trkpt lat="51.0414195" lon="13.8179845">
    <ele>107</ele>
    <time>2026-08-04T19:21:57Z</time>
    <extensions>
     <gpxdata:hr>130</gpxdata:hr>
     <gpxdata:distance>19271.00</gpxdata:distance>
     <gpxdata:speed>7.047</gpxdata:speed>
    </extensions>
   </trkpt>
   <trkpt lat="51.0414706" lon="13.8179319">
    <ele>107</ele>
    <time>2026-08-04T19:21:58Z</time>
    <extensions>
     <gpxdata:hr>130</gpxdata:hr>
     <gpxdata:distance>19278.00</gpxdata:distance>
     <gpxdata:speed>6.983</gpxdata:speed>
    </extensions>
   </trkpt>
   <trkpt lat="51.0415206" lon="13.8178779">
    <ele>107</ele>
    <time>2026-08-04T19:21:59Z</time>
    <extensions>
     <gpxdata:hr>129</gpxdata:hr>
     <gpxdata:distance>19285.00</gpxdata:distance>
     <gpxdata:speed>6.906</gpxdata:speed>
    </extensions>
   </trkpt>
   <trkpt lat="51.0415708" lon="13.8178232">
    <ele>107</ele>
    <time>2026-08-04T19:22:00Z</time>
    <extensions>
     <gpxdata:hr>129</gpxdata:hr>
     <gpxdata:distance>19291.50</gpxdata:distance>
     <gpxdata:speed>6.842</gpxdata:speed>
    </extensions>
   </trkpt>
   <trkpt lat="51.0416219" lon="13.8177681">
    <ele>107</ele>
    <time>2026-08-04T19:22:01Z</time>
    <extensions>
     <gpxdata:hr>127</gpxdata:hr>
     <gpxdata:distance>19298.00</gpxdata:distance>
     <gpxdata:speed>6.825</gpxdata:speed>
    </extensions>
   </trkpt>
   <trkpt lat="51.0416740" lon="13.8177133">
    <ele>107</ele>
    <time>2026-08-04T19:22:02Z</time>
    <extensions>
     <gpxdata:hr>126</gpxdata:hr>
     <gpxdata:distance>19305.00</gpxdata:distance>
     <gpxdata:speed>6.844</gpxdata:speed>
    </extensions>
   </trkpt>
   <trkpt lat="51.0417279" lon="13.8176607">
    <ele>107</ele>
    <time>2026-08-04T19:22:03Z</time>
    <extensions>
     <gpxdata:hr>126</gpxdata:hr>
     <gpxdata:distance>19312.00</gpxdata:distance>
     <gpxdata:speed>6.881</gpxdata:speed>
    </extensions>
   </trkpt>
   <trkpt lat="51.0417841" lon="13.8176111">
    <ele>107</ele>
    <time>2026-08-04T19:22:04Z</time>
    <extensions>
     <gpxdata:hr>125</gpxdata:hr>
     <gpxdata:distance>19319.50</gpxdata:distance>
     <gpxdata:speed>6.939</gpxdata:speed>
    </extensions>
   </trkpt>
   <trkpt lat="51.0418426" lon="13.8175635">
    <ele>107</ele>
    <time>2026-08-04T19:22:05Z</time>
    <extensions>
     <gpxdata:hr>125</gpxdata:hr>
     <gpxdata:distance>19327.00</gpxdata:distance>
     <gpxdata:speed>7.017</gpxdata:speed>
    </extensions>
   </trkpt>
   <trkpt lat="51.0419031" lon="13.8175175">
    <ele>107</ele>
    <time>2026-08-04T19:22:06Z</time>
    <extensions>
     <gpxdata:hr>125</gpxdata:hr>
     <gpxdata:distance>19334.50</gpxdata:distance>
     <gpxdata:speed>7.125</gpxdata:speed>
    </extensions>
   </trkpt>
   <trkpt lat="51.0419647" lon="13.8174731">
    <ele>107</ele>
    <time>2026-08-04T19:22:07Z</time>
    <extensions>
     <gpxdata:hr>125</gpxdata:hr>
     <gpxdata:distance>19342.00</gpxdata:distance>
     <gpxdata:speed>7.242</gpxdata:speed>
    </extensions>
   </trkpt>
   <trkpt lat="51.0420274" lon="13.8174297">
    <ele>107</ele>
    <time>2026-08-04T19:22:08Z</time>
    <extensions>
     <gpxdata:hr>125</gpxdata:hr>
     <gpxdata:distance>19349.50</gpxdata:distance>
     <gpxdata:speed>7.342</gpxdata:speed>
    </extensions>
   </trkpt>
   <trkpt lat="51.0420905" lon="13.8173866">
    <ele>107</ele>
    <time>2026-08-04T19:22:09Z</time>
    <extensions>
     <gpxdata:hr>124</gpxdata:hr>
     <gpxdata:distance>19357.00</gpxdata:distance>
     <gpxdata:speed>7.439</gpxdata:speed>
    </extensions>
   </trkpt>
   <trkpt lat="51.0421537" lon="13.8173436">
    <ele>107</ele>
    <time>2026-08-04T19:22:10Z</time>
    <extensions>
     <gpxdata:hr>124</gpxdata:hr>
     <gpxdata:distance>19364.50</gpxdata:distance>
     <gpxdata:speed>7.517</gpxdata:speed>
    </extensions>
   </trkpt>
   <trkpt lat="51.0422170" lon="13.8173013">
    <ele>107</ele>
    <time>2026-08-04T19:22:11Z</time>
    <extensions>
     <gpxdata:hr>125</gpxdata:hr>
     <gpxdata:distance>19372.00</gpxdata:distance>
     <gpxdata:speed>7.594</gpxdata:speed>
    </extensions>
   </trkpt>
   <trkpt lat="51.0422804" lon="13.8172594">
    <ele>107</ele>
    <time>2026-08-04T19:22:12Z</time>
    <extensions>
     <gpxdata:hr>125</gpxdata:hr>
     <gpxdata:distance>19379.50</gpxdata:distance>
     <gpxdata:speed>7.619</gpxdata:speed>
    </extensions>
   </trkpt>
   <trkpt lat="51.0423435" lon="13.8172167">
    <ele>107</ele>
    <time>2026-08-04T19:22:13Z</time>
    <extensions>
     <gpxdata:hr>126</gpxdata:hr>
     <gpxdata:distance>19387.00</gpxdata:distance>
     <gpxdata:speed>7.636</gpxdata:speed>
    </extensions>
   </trkpt>
   <trkpt lat="51.0424062" lon="13.8171731">
    <ele>107</ele>
    <time>2026-08-04T19:22:14Z</time>
    <extensions>
     <gpxdata:hr>126</gpxdata:hr>
     <gpxdata:distance>19395.00</gpxdata:distance>
     <gpxdata:speed>7.631</gpxdata:speed>
    </extensions>
   </trkpt>
   <trkpt lat="51.0424694" lon="13.8171297">
    <ele>107</ele>
    <time>2026-08-04T19:22:15Z</time>
    <extensions>
     <gpxdata:hr>127</gpxdata:hr>
     <gpxdata:distance>19403.00</gpxdata:distance>
     <gpxdata:speed>7.631</gpxdata:speed>
    </extensions>
   </trkpt>
   <trkpt lat="51.0425331" lon="13.8170864">
    <ele>107</ele>
    <time>2026-08-04T19:22:16Z</time>
    <extensions>
     <gpxdata:hr>128</gpxdata:hr>
     <gpxdata:distance>19410.50</gpxdata:distance>
     <gpxdata:speed>7.656</gpxdata:speed>
    </extensions>
   </trkpt>
   <trkpt lat="51.0425966" lon="13.8170421">
    <ele>107</ele>
    <time>2026-08-04T19:22:17Z</time>
    <extensions>
     <gpxdata:hr>129</gpxdata:hr>
     <gpxdata:distance>19418.00</gpxdata:distance>
     <gpxdata:speed>7.681</gpxdata:speed>
    </extensions>
   </trkpt>
   <trkpt lat="51.0426602" lon="13.8169969">
    <ele>107</ele>
    <time>2026-08-04T19:22:18Z</time>
    <extensions>
     <gpxdata:hr>129</gpxdata:hr>
     <gpxdata:distance>19426.00</gpxdata:distance>
     <gpxdata:speed>7.692</gpxdata:speed>
    </extensions>
   </trkpt>
   <trkpt lat="51.0427240" lon="13.8169515">
    <ele>107</ele>
    <time>2026-08-04T19:22:19Z</time>
    <extensions>
     <gpxdata:hr>130</gpxdata:hr>
     <gpxdata:distance>19434.00</gpxdata:distance>
     <gpxdata:speed>7.714</gpxdata:speed>
    </extensions>
   </trkpt>
   <trkpt lat="51.0427883" lon="13.8169069">
    <ele>107</ele>
    <time>2026-08-04T19:22:20Z</time>
    <extensions>
     <gpxdata:hr>130</gpxdata:hr>
     <gpxdata:distance>19441.50</gpxdata:distance>
     <gpxdata:speed>7.742</gpxdata:speed>
    </extensions>
   </trkpt>
   <trkpt lat="51.0428526" lon="13.8168633">
    <ele>107</ele>
    <time>2026-08-04T19:22:21Z</time>
    <extensions>
     <gpxdata:hr>131</gpxdata:hr>
     <gpxdata:distance>19449.00</gpxdata:distance>
     <gpxdata:speed>7.758</gpxdata:speed>
    </extensions>
   </trkpt>
   <trkpt lat="51.0429168" lon="13.8168191">
    <ele>107</ele>
    <time>2026-08-04T19:22:22Z</time>
    <extensions>
     <gpxdata:hr>131</gpxdata:hr>
     <gpxdata:distance>19457.00</gpxdata:distance>
     <gpxdata:speed>7.767</gpxdata:speed>
    </extensions>
   </trkpt>
   <trkpt lat="51.0429805" lon="13.8167743">
    <ele>107</ele>
    <time>2026-08-04T19:22:23Z</time>
    <extensions>
     <gpxdata:hr>130</gpxdata:hr>
     <gpxdata:distance>19465.00</gpxdata:distance>
     <gpxdata:speed>7.772</gpxdata:speed>
    </extensions>
   </trkpt>
   <trkpt lat="51.0430448" lon="13.8167302">
    <ele>107</ele>
    <time>2026-08-04T19:22:24Z</time>
    <extensions>
     <gpxdata:hr>130</gpxdata:hr>
     <gpxdata:distance>19472.50</gpxdata:distance>
     <gpxdata:speed>7.769</gpxdata:speed>
    </extensions>
   </trkpt>
   <trkpt lat="51.0431093" lon="13.8166864">
    <ele>107</ele>
    <time>2026-08-04T19:22:25Z</time>
    <extensions>
     <gpxdata:hr>130</gpxdata:hr>
     <gpxdata:distance>19480.00</gpxdata:distance>
     <gpxdata:speed>7.781</gpxdata:speed>
    </extensions>
   </trkpt>
   <trkpt lat="51.0431738" lon="13.8166422">
    <ele>107</ele>
    <time>2026-08-04T19:22:26Z</time>
    <extensions>
     <gpxdata:hr>130</gpxdata:hr>
     <gpxdata:distance>19488.00</gpxdata:distance>
     <gpxdata:speed>7.792</gpxdata:speed>
    </extensions>
   </trkpt>
   <trkpt lat="51.0432378" lon="13.8165973">
    <ele>107</ele>
    <time>2026-08-04T19:22:27Z</time>
    <extensions>
     <gpxdata:hr>131</gpxdata:hr>
     <gpxdata:distance>19496.00</gpxdata:distance>
     <gpxdata:speed>7.800</gpxdata:speed>
    </extensions>
   </trkpt>
   <trkpt lat="51.0433009" lon="13.8165525">
    <ele>107</ele>
    <time>2026-08-04T19:22:28Z</time>
    <extensions>
     <gpxdata:hr>130</gpxdata:hr>
     <gpxdata:distance>19503.50</gpxdata:distance>
     <gpxdata:speed>7.797</gpxdata:speed>
    </extensions>
   </trkpt>
   <trkpt lat="51.0433625" lon="13.8165071">
    <ele>107</ele>
    <time>2026-08-04T19:22:29Z</time>
    <extensions>
     <gpxdata:hr>131</gpxdata:hr>
     <gpxdata:distance>19511.00</gpxdata:distance>
     <gpxdata:speed>7.753</gpxdata:speed>
    </extensions>
   </trkpt>
   <trkpt lat="51.0434225" lon="13.8164604">
    <ele>107</ele>
    <time>2026-08-04T19:22:30Z</time>
    <extensions>
     <gpxdata:hr>131</gpxdata:hr>
     <gpxdata:distance>19518.50</gpxdata:distance>
     <gpxdata:speed>7.681</gpxdata:speed>
    </extensions>
   </trkpt>
   <trkpt lat="51.0434820" lon="13.8164125">
    <ele>107</ele>
    <time>2026-08-04T19:22:31Z</time>
    <extensions>
     <gpxdata:hr>131</gpxdata:hr>
     <gpxdata:distance>19526.00</gpxdata:distance>
     <gpxdata:speed>7.594</gpxdata:speed>
    </extensions>
   </trkpt>
   <trkpt lat="51.0435425" lon="13.8163657">
    <ele>106</ele>
    <time>2026-08-04T19:22:32Z</time>
    <extensions>
     <gpxdata:hr>131</gpxdata:hr>
     <gpxdata:distance>19533.50</gpxdata:distance>
     <gpxdata:speed>7.544</gpxdata:speed>
    </extensions>
   </trkpt>
   <trkpt lat="51.0436038" lon="13.8163200">
    <ele>106</ele>
    <time>2026-08-04T19:22:33Z</time>
    <extensions>
     <gpxdata:hr>130</gpxdata:hr>
     <gpxdata:distance>19541.00</gpxdata:distance>
     <gpxdata:speed>7.536</gpxdata:speed>
    </extensions>
   </trkpt>
   <trkpt lat="51.0436659" lon="13.8162744">
    <ele>106</ele>
    <time>2026-08-04T19:22:34Z</time>
    <extensions>
     <gpxdata:hr>130</gpxdata:hr>
     <gpxdata:distance>19548.50</gpxdata:distance>
     <gpxdata:speed>7.542</gpxdata:speed>
    </extensions>
   </trkpt>
   <trkpt lat="51.0437298" lon="13.8162282">
    <ele>106</ele>
    <time>2026-08-04T19:22:35Z</time>
    <extensions>
     <gpxdata:hr>130</gpxdata:hr>
     <gpxdata:distance>19556.00</gpxdata:distance>
     <gpxdata:speed>7.569</gpxdata:speed>
    </extensions>
   </trkpt>
   <trkpt lat="51.0437944" lon="13.8161833">
    <ele>106</ele>
    <time>2026-08-04T19:22:36Z</time>
    <extensions>
     <gpxdata:hr>130</gpxdata:hr>
     <gpxdata:distance>19564.00</gpxdata:distance>
     <gpxdata:speed>7.658</gpxdata:speed>
    </extensions>
   </trkpt>
   <trkpt lat="51.0438598" lon="13.8161400">
    <ele>106</ele>
    <time>2026-08-04T19:22:37Z</time>
    <extensions>
     <gpxdata:hr>130</gpxdata:hr>
     <gpxdata:distance>19572.00</gpxdata:distance>
     <gpxdata:speed>7.717</gpxdata:speed>
    </extensions>
   </trkpt>
   <trkpt lat="51.0439259" lon="13.8160980">
    <ele>106</ele>
    <time>2026-08-04T19:22:38Z</time>
    <extensions>
     <gpxdata:hr>130</gpxdata:hr>
     <gpxdata:distance>19580.00</gpxdata:distance>
     <gpxdata:speed>7.769</gpxdata:speed>
    </extensions>
   </trkpt>
   <trkpt lat="51.0439926" lon="13.8160560">
    <ele>107</ele>
    <time>2026-08-04T19:22:39Z</time>
    <extensions>
     <gpxdata:hr>129</gpxdata:hr>
     <gpxdata:distance>19588.00</gpxdata:distance>
     <gpxdata:speed>7.822</gpxdata:speed>
    </extensions>
   </trkpt>
   <trkpt lat="51.0440596" lon="13.8160122">
    <ele>107</ele>
    <time>2026-08-04T19:22:40Z</time>
    <extensions>
     <gpxdata:hr>129</gpxdata:hr>
     <gpxdata:distance>19596.00</gpxdata:distance>
     <gpxdata:speed>7.881</gpxdata:speed>
    </extensions>
   </trkpt>
   <trkpt lat="51.0441272" lon="13.8159670">
    <ele>107</ele>
    <time>2026-08-04T19:22:41Z</time>
    <extensions>
     <gpxdata:hr>129</gpxdata:hr>
     <gpxdata:distance>19604.00</gpxdata:distance>
     <gpxdata:speed>7.947</gpxdata:speed>
    </extensions>
   </trkpt>
   <trkpt lat="51.0441953" lon="13.8159211">
    <ele>107</ele>
    <time>2026-08-04T19:22:42Z</time>
    <extensions>
     <gpxdata:hr>129</gpxdata:hr>
     <gpxdata:distance>19612.50</gpxdata:distance>
     <gpxdata:speed>8.025</gpxdata:speed>
    </extensions>
   </trkpt>
   <trkpt lat="51.0442637" lon="13.8158756">
    <ele>107</ele>
    <time>2026-08-04T19:22:43Z</time>
    <extensions>
     <gpxdata:hr>129</gpxdata:hr>
     <gpxdata:distance>19621.00</gpxdata:distance>
     <gpxdata:speed>8.097</gpxdata:speed>
    </extensions>
   </trkpt>
   <trkpt lat="51.0443318" lon="13.8158293">
    <ele>107</ele>
    <time>2026-08-04T19:22:44Z</time>
    <extensions>
     <gpxdata:hr>129</gpxdata:hr>
     <gpxdata:distance>19629.00</gpxdata:distance>
     <gpxdata:speed>8.150</gpxdata:speed>
    </extensions>
   </trkpt>
   <trkpt lat="51.0443996" lon="13.8157829">
    <ele>107</ele>
    <time>2026-08-04T19:22:45Z</time>
    <extensions>
     <gpxdata:hr>129</gpxdata:hr>
     <gpxdata:distance>19637.00</gpxdata:distance>
     <gpxdata:speed>8.178</gpxdata:speed>
    </extensions>
   </trkpt>
   <trkpt lat="51.0444672" lon="13.8157381">
    <ele>107</ele>
    <time>2026-08-04T19:22:46Z</time>
    <extensions>
     <gpxdata:hr>128</gpxdata:hr>
     <gpxdata:distance>19645.00</gpxdata:distance>
     <gpxdata:speed>8.186</gpxdata:speed>
    </extensions>
   </trkpt>
   <trkpt lat="51.0445346" lon="13.8156961">
    <ele>107</ele>
    <time>2026-08-04T19:22:47Z</time>
    <extensions>
     <gpxdata:hr>128</gpxdata:hr>
     <gpxdata:distance>19653.00</gpxdata:distance>
     <gpxdata:speed>8.169</gpxdata:speed>
    </extensions>
   </trkpt>
   <trkpt lat="51.0446030" lon="13.8156568">
    <ele>107</ele>
    <time>2026-08-04T19:22:48Z</time>
    <extensions>
     <gpxdata:hr>127</gpxdata:hr>
     <gpxdata:distance>19661.50</gpxdata:distance>
     <gpxdata:speed>8.131</gpxdata:speed>
    </extensions>
   </trkpt>
   <trkpt lat="51.0446731" lon="13.8156181">
    <ele>107</ele>
    <time>2026-08-04T19:22:49Z</time>
    <extensions>
     <gpxdata:hr>126</gpxdata:hr>
     <gpxdata:distance>19670.00</gpxdata:distance>
     <gpxdata:speed>8.131</gpxdata:speed>
    </extensions>
   </trkpt>
   <trkpt lat="51.0447457" lon="13.8155782">
    <ele>107</ele>
    <time>2026-08-04T19:22:50Z</time>
    <extensions>
     <gpxdata:hr>126</gpxdata:hr>
     <gpxdata:distance>19678.50</gpxdata:distance>
     <gpxdata:speed>8.186</gpxdata:speed>
    </extensions>
   </trkpt>
   <trkpt lat="51.0448215" lon="13.8155376">
    <ele>107</ele>
    <time>2026-08-04T19:22:51Z</time>
    <extensions>
     <gpxdata:hr>125</gpxdata:hr>
     <gpxdata:distance>19687.00</gpxdata:distance>
     <gpxdata:speed>8.331</gpxdata:speed>
    </extensions>
   </trkpt>
   <trkpt lat="51.0448996" lon="13.8154973">
    <ele>107</ele>
    <time>2026-08-04T19:22:52Z</time>
    <extensions>
     <gpxdata:hr>124</gpxdata:hr>
     <gpxdata:distance>19696.00</gpxdata:distance>
     <gpxdata:speed>8.539</gpxdata:speed>
    </extensions>
   </trkpt>
   <trkpt lat="51.0449792" lon="13.8154573">
    <ele>107</ele>
    <time>2026-08-04T19:22:53Z</time>
    <extensions>
     <gpxdata:hr>125</gpxdata:hr>
     <gpxdata:distance>19705.00</gpxdata:distance>
     <gpxdata:speed>8.742</gpxdata:speed>
    </extensions>
   </trkpt>
   <trkpt lat="51.0450602" lon="13.8154169">
    <ele>106</ele>
    <time>2026-08-04T19:22:54Z</time>
    <extensions>
     <gpxdata:hr>126</gpxdata:hr>
     <gpxdata:distance>19714.50</gpxdata:distance>
     <gpxdata:speed>8.925</gpxdata:speed>
    </extensions>
   </trkpt>
   <trkpt lat="51.0451427" lon="13.8153755">
    <ele>106</ele>
    <time>2026-08-04T19:22:55Z</time>
    <extensions>
     <gpxdata:hr>127</gpxdata:hr>
     <gpxdata:distance>19724.00</gpxdata:distance>
     <gpxdata:speed>9.103</gpxdata:speed>
    </extensions>
   </trkpt>
   <trkpt lat="51.0452267" lon="13.8153343">
    <ele>106</ele>
    <time>2026-08-04T19:22:56Z</time>
    <extensions>
     <gpxdata:hr>129</gpxdata:hr>
     <gpxdata:distance>19734.00</gpxdata:distance>
     <gpxdata:speed>9.283</gpxdata:speed>
    </extensions>
   </trkpt>
   <trkpt lat="51.0453119" lon="13.8152931">
    <ele>106</ele>
    <time>2026-08-04T19:22:57Z</time>
    <extensions>
     <gpxdata:hr>131</gpxdata:hr>
     <gpxdata:distance>19744.00</gpxdata:distance>
     <gpxdata:speed>9.461</gpxdata:speed>
    </extensions>
   </trkpt>
   <trkpt lat="51.0453973" lon="13.8152499">
    <ele>106</ele>
    <time>2026-08-04T19:22:58Z</time>
    <extensions>
     <gpxdata:hr>132</gpxdata:hr>
     <gpxdata:distance>19754.00</gpxdata:distance>
     <gpxdata:speed>9.831</gpxdata:speed>
    </extensions>
   </trkpt>
   <trkpt lat="51.0454820" lon="13.8152039">
    <ele>106</ele>
    <time>2026-08-04T19:22:59Z</time>
    <extensions>
     <gpxdata:hr>134</gpxdata:hr>
     <gpxdata:distance>19764.00</gpxdata:distance>
     <gpxdata:speed>9.914</gpxdata:speed>
    </extensions>
   </trkpt>
   <trkpt lat="51.0455656" lon="13.8151549">
    <ele>106</ele>
    <time>2026-08-04T19:23:00Z</time>
    <extensions>
     <gpxdata:hr>136</gpxdata:hr>
     <gpxdata:distance>19773.50</gpxdata:distance>
     <gpxdata:speed>9.914</gpxdata:speed>
    </extensions>
   </trkpt>
   <trkpt lat="51.0456484" lon="13.8151026">
    <ele>106</ele>
    <time>2026-08-04T19:23:01Z</time>
    <extensions>
     <gpxdata:hr>138</gpxdata:hr>
     <gpxdata:distance>19783.00</gpxdata:distance>
     <gpxdata:speed>9.925</gpxdata:speed>
    </extensions>
   </trkpt>
   <trkpt lat="51.0457309" lon="13.8150479">
    <ele>106</ele>
    <time>2026-08-04T19:23:02Z</time>
    <extensions>
     <gpxdata:hr>140</gpxdata:hr>
     <gpxdata:distance>19793.00</gpxdata:distance>
     <gpxdata:speed>9.933</gpxdata:speed>
    </extensions>
   </trkpt>
   <trkpt lat="51.0458131" lon="13.8149908">
    <ele>106</ele>
    <time>2026-08-04T19:23:03Z</time>
    <extensions>
     <gpxdata:hr>141</gpxdata:hr>
     <gpxdata:distance>19803.00</gpxdata:distance>
     <gpxdata:speed>9.956</gpxdata:speed>
    </extensions>
   </trkpt>
   <trkpt lat="51.0458947" lon="13.8149323">
    <ele>106</ele>
    <time>2026-08-04T19:23:04Z</time>
    <extensions>
     <gpxdata:hr>142</gpxdata:hr>
     <gpxdata:distance>19813.00</gpxdata:distance>
     <gpxdata:speed>9.975</gpxdata:speed>
    </extensions>
   </trkpt>
   <trkpt lat="51.0459757" lon="13.8148740">
    <ele>107</ele>
    <time>2026-08-04T19:23:05Z</time>
    <extensions>
     <gpxdata:hr>143</gpxdata:hr>
     <gpxdata:distance>19823.00</gpxdata:distance>
     <gpxdata:speed>9.975</gpxdata:speed>
    </extensions>
   </trkpt>
   <trkpt lat="51.0460550" lon="13.8148163">
    <ele>107</ele>
    <time>2026-08-04T19:23:06Z</time>
    <extensions>
     <gpxdata:hr>143</gpxdata:hr>
     <gpxdata:distance>19833.00</gpxdata:distance>
     <gpxdata:speed>9.936</gpxdata:speed>
    </extensions>
   </trkpt>
   <trkpt lat="51.0461321" lon="13.8147583">
    <ele>107</ele>
    <time>2026-08-04T19:23:07Z</time>
    <extensions>
     <gpxdata:hr>142</gpxdata:hr>
     <gpxdata:distance>19843.00</gpxdata:distance>
     <gpxdata:speed>9.850</gpxdata:speed>
    </extensions>
   </trkpt>
   <trkpt lat="51.0462053" lon="13.8146988">
    <ele>107</ele>
    <time>2026-08-04T19:23:08Z</time>
    <extensions>
     <gpxdata:hr>142</gpxdata:hr>
     <gpxdata:distance>19852.00</gpxdata:distance>
     <gpxdata:speed>9.714</gpxdata:speed>
    </extensions>
   </trkpt>
   <trkpt lat="51.0462734" lon="13.8146409">
    <ele>107</ele>
    <time>2026-08-04T19:23:09Z</time>
    <extensions>
     <gpxdata:hr>141</gpxdata:hr>
     <gpxdata:distance>19861.00</gpxdata:distance>
     <gpxdata:speed>9.256</gpxdata:speed>
    </extensions>
   </trkpt>
   <trkpt lat="51.0463360" lon="13.8145900">
    <ele>107</ele>
    <time>2026-08-04T19:23:10Z</time>
    <extensions>
     <gpxdata:hr>141</gpxdata:hr>
     <gpxdata:distance>19868.50</gpxdata:distance>
     <gpxdata:speed>8.711</gpxdata:speed>
    </extensions>
   </trkpt>
   <trkpt lat="51.0463954" lon="13.8145468">
    <ele>107</ele>
    <time>2026-08-04T19:23:11Z</time>
    <extensions>
     <gpxdata:hr>140</gpxdata:hr>
     <gpxdata:distance>19876.00</gpxdata:distance>
     <gpxdata:speed>7.978</gpxdata:speed>
    </extensions>
   </trkpt>
   <trkpt lat="51.0464526" lon="13.8145069">
    <ele>107</ele>
    <time>2026-08-04T19:23:12Z</time>
    <extensions>
     <gpxdata:hr>139</gpxdata:hr>
     <gpxdata:distance>19883.00</gpxdata:distance>
     <gpxdata:speed>7.503</gpxdata:speed>
    </extensions>
   </trkpt>
   <trkpt lat="51.0465096" lon="13.8144689">
    <ele>106</ele>
    <time>2026-08-04T19:23:13Z</time>
    <extensions>
     <gpxdata:hr>137</gpxdata:hr>
     <gpxdata:distance>19890.00</gpxdata:distance>
     <gpxdata:speed>7.178</gpxdata:speed>
    </extensions>
   </trkpt>
   <trkpt lat="51.0465692" lon="13.8144297">
    <ele>106</ele>
    <time>2026-08-04T19:23:14Z</time>
    <extensions>
     <gpxdata:hr>136</gpxdata:hr>
     <gpxdata:distance>19897.50</gpxdata:distance>
     <gpxdata:speed>7.083</gpxdata:speed>
    </extensions>
   </trkpt>
   <trkpt lat="51.0466321" lon="13.8143883">
    <ele>106</ele>
    <time>2026-08-04T19:23:15Z</time>
    <extensions>
     <gpxdata:hr>135</gpxdata:hr>
     <gpxdata:distance>19905.00</gpxdata:distance>
     <gpxdata:speed>7.297</gpxdata:speed>
    </extensions>
   </trkpt>
   <trkpt lat="51.0466975" lon="13.8143438">
    <ele>106</ele>
    <time>2026-08-04T19:23:16Z</time>
    <extensions>
     <gpxdata:hr>135</gpxdata:hr>
     <gpxdata:distance>19913.00</gpxdata:distance>
     <gpxdata:speed>7.583</gpxdata:speed>
    </extensions>
   </trkpt>
   <trkpt lat="51.0467644" lon="13.8142941">
    <ele>106</ele>
    <time>2026-08-04T19:23:17Z</time>
    <extensions>
     <gpxdata:hr>134</gpxdata:hr>
     <gpxdata:distance>19921.00</gpxdata:distance>
     <gpxdata:speed>7.839</gpxdata:speed>
    </extensions>
   </trkpt>
   <trkpt lat="51.0468326" lon="13.8142387">
    <ele>106</ele>
    <time>2026-08-04T19:23:18Z</time>
    <extensions>
     <gpxdata:hr>135</gpxdata:hr>
     <gpxdata:distance>19929.50</gpxdata:distance>
     <gpxdata:speed>7.978</gpxdata:speed>
    </extensions>
   </trkpt>
   <trkpt lat="51.0469028" lon="13.8141791">
    <ele>107</ele>
    <time>2026-08-04T19:23:19Z</time>
    <extensions>
     <gpxdata:hr>136</gpxdata:hr>
     <gpxdata:distance>19938.00</gpxdata:distance>
     <gpxdata:speed>8.164</gpxdata:speed>
    </extensions>
   </trkpt>
   <trkpt lat="51.0469747" lon="13.8141173">
    <ele>107</ele>
    <time>2026-08-04T19:23:20Z</time>
    <extensions>
     <gpxdata:hr>136</gpxdata:hr>
     <gpxdata:distance>19947.00</gpxdata:distance>
     <gpxdata:speed>8.683</gpxdata:speed>
    </extensions>
   </trkpt>
   <trkpt lat="51.0470473" lon="13.8140527">
    <ele>107</ele>
    <time>2026-08-04T19:23:21Z</time>
    <extensions>
     <gpxdata:hr>137</gpxdata:hr>
     <gpxdata:distance>19956.00</gpxdata:distance>
     <gpxdata:speed>8.947</gpxdata:speed>
    </extensions>
   </trkpt>
   <trkpt lat="51.0471201" lon="13.8139857">
    <ele>107</ele>
    <time>2026-08-04T19:23:22Z</time>
    <extensions>
     <gpxdata:hr>139</gpxdata:hr>
     <gpxdata:distance>19965.50</gpxdata:distance>
     <gpxdata:speed>9.131</gpxdata:speed>
    </extensions>
   </trkpt>
   <trkpt lat="51.0471931" lon="13.8139169">
    <ele>107</ele>
    <time>2026-08-04T19:23:23Z</time>
    <extensions>
     <gpxdata:hr>141</gpxdata:hr>
     <gpxdata:distance>19975.00</gpxdata:distance>
     <gpxdata:speed>9.267</gpxdata:speed>
    </extensions>
   </trkpt>
   <trkpt lat="51.0472666" lon="13.8138460">
    <ele>107</ele>
    <time>2026-08-04T19:23:24Z</time>
    <extensions>
     <gpxdata:hr>142</gpxdata:hr>
     <gpxdata:distance>19984.50</gpxdata:distance>
     <gpxdata:speed>9.375</gpxdata:speed>
    </extensions>
   </trkpt>
   <trkpt lat="51.0473409" lon="13.8137762">
    <ele>107</ele>
    <time>2026-08-04T19:23:25Z</time>
    <extensions>
     <gpxdata:hr>144</gpxdata:hr>
     <gpxdata:distance>19994.00</gpxdata:distance>
     <gpxdata:speed>9.508</gpxdata:speed>
    </extensions>
   </trkpt>
   <trkpt lat="51.0474158" lon="13.8137085">
    <ele>107</ele>
    <time>2026-08-04T19:23:26Z</time>
    <extensions>
     <gpxdata:hr>144</gpxdata:hr>
     <gpxdata:distance>20003.50</gpxdata:distance>
     <gpxdata:speed>9.553</gpxdata:speed>
    </extensions>
   </trkpt>
   <trkpt lat="51.0474915" lon="13.8136421">
    <ele>107</ele>
    <time>2026-08-04T19:23:27Z</time>
    <extensions>
     <gpxdata:hr>146</gpxdata:hr>
     <gpxdata:distance>20013.00</gpxdata:distance>
     <gpxdata:speed>9.556</gpxdata:speed>
    </extensions>
   </trkpt>
   <trkpt lat="51.0475673" lon="13.8135760">
    <ele>107</ele>
    <time>2026-08-04T19:23:28Z</time>
    <extensions>
     <gpxdata:hr>147</gpxdata:hr>
     <gpxdata:distance>20022.50</gpxdata:distance>
     <gpxdata:speed>9.608</gpxdata:speed>
    </extensions>
   </trkpt>
   <trkpt lat="51.0476428" lon="13.8135095">
    <ele>107</ele>
    <time>2026-08-04T19:23:29Z</time>
    <extensions>
     <gpxdata:hr>147</gpxdata:hr>
     <gpxdata:distance>20032.00</gpxdata:distance>
     <gpxdata:speed>9.628</gpxdata:speed>
    </extensions>
   </trkpt>
   <trkpt lat="51.0477183" lon="13.8134432">
    <ele>107</ele>
    <time>2026-08-04T19:23:30Z</time>
    <extensions>
     <gpxdata:hr>147</gpxdata:hr>
     <gpxdata:distance>20042.00</gpxdata:distance>
     <gpxdata:speed>9.628</gpxdata:speed>
    </extensions>
   </trkpt>
   <trkpt lat="51.0477944" lon="13.8133760">
    <ele>107</ele>
    <time>2026-08-04T19:23:31Z</time>
    <extensions>
     <gpxdata:hr>148</gpxdata:hr>
     <gpxdata:distance>20052.00</gpxdata:distance>
     <gpxdata:speed>9.628</gpxdata:speed>
    </extensions>
   </trkpt>
   <trkpt lat="51.0478715" lon="13.8133068">
    <ele>107</ele>
    <time>2026-08-04T19:23:32Z</time>
    <extensions>
     <gpxdata:hr>148</gpxdata:hr>
     <gpxdata:distance>20061.50</gpxdata:distance>
     <gpxdata:speed>9.661</gpxdata:speed>
    </extensions>
   </trkpt>
   <trkpt lat="51.0479507" lon="13.8132385">
    <ele>107</ele>
    <time>2026-08-04T19:23:33Z</time>
    <extensions>
     <gpxdata:hr>149</gpxdata:hr>
     <gpxdata:distance>20071.00</gpxdata:distance>
     <gpxdata:speed>9.744</gpxdata:speed>
    </extensions>
   </trkpt>
   <trkpt lat="51.0480321" lon="13.8131726">
    <ele>107</ele>
    <time>2026-08-04T19:23:34Z</time>
    <extensions>
     <gpxdata:hr>150</gpxdata:hr>
     <gpxdata:distance>20081.50</gpxdata:distance>
     <gpxdata:speed>9.856</gpxdata:speed>
    </extensions>
   </trkpt>
   <trkpt lat="51.0481145" lon="13.8131088">
    <ele>107</ele>
    <time>2026-08-04T19:23:35Z</time>
    <extensions>
     <gpxdata:hr>150</gpxdata:hr>
     <gpxdata:distance>20092.00</gpxdata:distance>
     <gpxdata:speed>9.969</gpxdata:speed>
    </extensions>
   </trkpt>
   <trkpt lat="51.0481969" lon="13.8130450">
    <ele>107</ele>
    <time>2026-08-04T19:23:36Z</time>
    <extensions>
     <gpxdata:hr>150</gpxdata:hr>
     <gpxdata:distance>20102.00</gpxdata:distance>
     <gpxdata:speed>10.092</gpxdata:speed>
    </extensions>
   </trkpt>
   <trkpt lat="51.0482787" lon="13.8129797">
    <ele>107</ele>
    <time>2026-08-04T19:23:37Z</time>
    <extensions>
     <gpxdata:hr>150</gpxdata:hr>
     <gpxdata:distance>20112.00</gpxdata:distance>
     <gpxdata:speed>10.144</gpxdata:speed>
    </extensions>
   </trkpt>
   <trkpt lat="51.0483591" lon="13.8129099">
    <ele>107</ele>
    <time>2026-08-04T19:23:38Z</time>
    <extensions>
     <gpxdata:hr>150</gpxdata:hr>
     <gpxdata:distance>20122.00</gpxdata:distance>
     <gpxdata:speed>10.161</gpxdata:speed>
    </extensions>
   </trkpt>
   <trkpt lat="51.0484396" lon="13.8128375">
    <ele>107</ele>
    <time>2026-08-04T19:23:39Z</time>
    <extensions>
     <gpxdata:hr>151</gpxdata:hr>
     <gpxdata:distance>20132.00</gpxdata:distance>
     <gpxdata:speed>10.192</gpxdata:speed>
    </extensions>
   </trkpt>
   <trkpt lat="51.0485192" lon="13.8127625">
    <ele>107</ele>
    <time>2026-08-04T19:23:40Z</time>
    <extensions>
     <gpxdata:hr>151</gpxdata:hr>
     <gpxdata:distance>20142.50</gpxdata:distance>
     <gpxdata:speed>10.261</gpxdata:speed>
    </extensions>
   </trkpt>
   <trkpt lat="51.0485987" lon="13.8126879">
    <ele>107</ele>
    <time>2026-08-04T19:23:41Z</time>
    <extensions>
     <gpxdata:hr>152</gpxdata:hr>
     <gpxdata:distance>20153.00</gpxdata:distance>
     <gpxdata:speed>10.278</gpxdata:speed>
    </extensions>
   </trkpt>
   <trkpt lat="51.0486791" lon="13.8126183">
    <ele>107</ele>
    <time>2026-08-04T19:23:42Z</time>
    <extensions>
     <gpxdata:hr>152</gpxdata:hr>
     <gpxdata:distance>20163.00</gpxdata:distance>
     <gpxdata:speed>10.281</gpxdata:speed>
    </extensions>
   </trkpt>
   <trkpt lat="51.0487604" lon="13.8125532">
    <ele>107</ele>
    <time>2026-08-04T19:23:43Z</time>
    <extensions>
     <gpxdata:hr>152</gpxdata:hr>
     <gpxdata:distance>20173.00</gpxdata:distance>
     <gpxdata:speed>10.242</gpxdata:speed>
    </extensions>
   </trkpt>
   <trkpt lat="51.0488420" lon="13.8124908">
    <ele>107</ele>
    <time>2026-08-04T19:23:44Z</time>
    <extensions>
     <gpxdata:hr>152</gpxdata:hr>
     <gpxdata:distance>20183.50</gpxdata:distance>
     <gpxdata:speed>10.203</gpxdata:speed>
    </extensions>
   </trkpt>
   <trkpt lat="51.0489227" lon="13.8124298">
    <ele>107</ele>
    <time>2026-08-04T19:23:45Z</time>
    <extensions>
     <gpxdata:hr>152</gpxdata:hr>
     <gpxdata:distance>20194.00</gpxdata:distance>
     <gpxdata:speed>10.158</gpxdata:speed>
    </extensions>
   </trkpt>
   <trkpt lat="51.0490030" lon="13.8123680">
    <ele>107</ele>
    <time>2026-08-04T19:23:46Z</time>
    <extensions>
     <gpxdata:hr>152</gpxdata:hr>
     <gpxdata:distance>20203.50</gpxdata:distance>
     <gpxdata:speed>10.078</gpxdata:speed>
    </extensions>
   </trkpt>
   <trkpt lat="51.0490832" lon="13.8123035">
    <ele>107</ele>
    <time>2026-08-04T19:23:47Z</time>
    <extensions>
     <gpxdata:hr>152</gpxdata:hr>
     <gpxdata:distance>20213.00</gpxdata:distance>
     <gpxdata:speed>10.028</gpxdata:speed>
    </extensions>
   </trkpt>
   <trkpt lat="51.0491631" lon="13.8122355">
    <ele>107</ele>
    <time>2026-08-04T19:23:48Z</time>
    <extensions>
     <gpxdata:hr>152</gpxdata:hr>
     <gpxdata:distance>20223.50</gpxdata:distance>
     <gpxdata:speed>10.033</gpxdata:speed>
    </extensions>
   </trkpt>
   <trkpt lat="51.0492424" lon="13.8121655">
    <ele>107</ele>
    <time>2026-08-04T19:23:49Z</time>
    <extensions>
     <gpxdata:hr>152</gpxdata:hr>
     <gpxdata:distance>20234.00</gpxdata:distance>
     <gpxdata:speed>10.056</gpxdata:speed>
    </extensions>
   </trkpt>
   <trkpt lat="51.0493214" lon="13.8120949">
    <ele>107</ele>
    <time>2026-08-04T19:23:50Z</time>
    <extensions>
     <gpxdata:hr>152</gpxdata:hr>
     <gpxdata:distance>20244.00</gpxdata:distance>
     <gpxdata:speed>10.069</gpxdata:speed>
    </extensions>
   </trkpt>
   <trkpt lat="51.0494007" lon="13.8120249">
    <ele>107</ele>
    <time>2026-08-04T19:23:51Z</time>
    <extensions>
     <gpxdata:hr>152</gpxdata:hr>
     <gpxdata:distance>20254.00</gpxdata:distance>
     <gpxdata:speed>10.069</gpxdata:speed>
    </extensions>
   </trkpt>
   <trkpt lat="51.0494805" lon="13.8119556">
    <ele>107</ele>
    <time>2026-08-04T19:23:52Z</time>
    <extensions>
     <gpxdata:hr>153</gpxdata:hr>
     <gpxdata:distance>20264.00</gpxdata:distance>
     <gpxdata:speed>10.078</gpxdata:speed>
    </extensions>
   </trkpt>
   <trkpt lat="51.0495596" lon="13.8118873">
    <ele>107</ele>
    <time>2026-08-04T19:23:53Z</time>
    <extensions>
     <gpxdata:hr>153</gpxdata:hr>
     <gpxdata:distance>20274.00</gpxdata:distance>
     <gpxdata:speed>10.092</gpxdata:speed>
    </extensions>
   </trkpt>
   <trkpt lat="51.0496384" lon="13.8118194">
    <ele>107</ele>
    <time>2026-08-04T19:23:54Z</time>
    <extensions>
     <gpxdata:hr>153</gpxdata:hr>
     <gpxdata:distance>20284.00</gpxdata:distance>
     <gpxdata:speed>10.061</gpxdata:speed>
    </extensions>
   </trkpt>
   <trkpt lat="51.0497176" lon="13.8117506">
    <ele>107</ele>
    <time>2026-08-04T19:23:55Z</time>
    <extensions>
     <gpxdata:hr>154</gpxdata:hr>
     <gpxdata:distance>20294.00</gpxdata:distance>
     <gpxdata:speed>10.031</gpxdata:speed>
    </extensions>
   </trkpt>
   <trkpt lat="51.0497966" lon="13.8116805">
    <ele>107</ele>
    <time>2026-08-04T19:23:56Z</time>
    <extensions>
     <gpxdata:hr>154</gpxdata:hr>
     <gpxdata:distance>20304.00</gpxdata:distance>
     <gpxdata:speed>10.044</gpxdata:speed>
    </extensions>
   </trkpt>
   <trkpt lat="51.0498753" lon="13.8116098">
    <ele>107</ele>
    <time>2026-08-04T19:23:57Z</time>
    <extensions>
     <gpxdata:hr>154</gpxdata:hr>
     <gpxdata:distance>20314.00</gpxdata:distance>
     <gpxdata:speed>10.058</gpxdata:speed>
    </extensions>
   </trkpt>
   <trkpt lat="51.0499539" lon="13.8115377">
    <ele>108</ele>
    <time>2026-08-04T19:23:58Z</time>
    <extensions>
     <gpxdata:hr>153</gpxdata:hr>
     <gpxdata:distance>20324.00</gpxdata:distance>
     <gpxdata:speed>10.056</gpxdata:speed>
    </extensions>
   </trkpt>
   <trkpt lat="51.0500338" lon="13.8114645">
    <ele>108</ele>
    <time>2026-08-04T19:23:59Z</time>
    <extensions>
     <gpxdata:hr>154</gpxdata:hr>
     <gpxdata:distance>20334.00</gpxdata:distance>
     <gpxdata:speed>10.078</gpxdata:speed>
    </extensions>
   </trkpt>
   <trkpt lat="51.0501149" lon="13.8113922">
    <ele>108</ele>
    <time>2026-08-04T19:24:00Z</time>
    <extensions>
     <gpxdata:hr>154</gpxdata:hr>
     <gpxdata:distance>20344.50</gpxdata:distance>
     <gpxdata:speed>10.150</gpxdata:speed>
    </extensions>
   </trkpt>
   <trkpt lat="51.0501968" lon="13.8113206">
    <ele>108</ele>
    <time>2026-08-04T19:24:01Z</time>
    <extensions>
     <gpxdata:hr>154</gpxdata:hr>
     <gpxdata:distance>20355.00</gpxdata:distance>
     <gpxdata:speed>10.219</gpxdata:speed>
    </extensions>
   </trkpt>
   <trkpt lat="51.0502786" lon="13.8112485">
    <ele>108</ele>
    <time>2026-08-04T19:24:02Z</time>
    <extensions>
     <gpxdata:hr>154</gpxdata:hr>
     <gpxdata:distance>20365.50</gpxdata:distance>
     <gpxdata:speed>10.281</gpxdata:speed>
    </extensions>
   </trkpt>
   <trkpt lat="51.0503600" lon="13.8111752">
    <ele>108</ele>
    <time>2026-08-04T19:24:03Z</time>
    <extensions>
     <gpxdata:hr>154</gpxdata:hr>
     <gpxdata:distance>20376.00</gpxdata:distance>
     <gpxdata:speed>10.322</gpxdata:speed>
    </extensions>
   </trkpt>
   <trkpt lat="51.0504406" lon="13.8110997">
    <ele>107</ele>
    <time>2026-08-04T19:24:04Z</time>
    <extensions>
     <gpxdata:hr>155</gpxdata:hr>
     <gpxdata:distance>20386.50</gpxdata:distance>
     <gpxdata:speed>10.356</gpxdata:speed>
    </extensions>
   </trkpt>
   <trkpt lat="51.0505205" lon="13.8110221">
    <ele>108</ele>
    <time>2026-08-04T19:24:05Z</time>
    <extensions>
     <gpxdata:hr>155</gpxdata:hr>
     <gpxdata:distance>20397.00</gpxdata:distance>
     <gpxdata:speed>10.378</gpxdata:speed>
    </extensions>
   </trkpt>
   <trkpt lat="51.0506002" lon="13.8109429">
    <ele>107</ele>
    <time>2026-08-04T19:24:06Z</time>
    <extensions>
     <gpxdata:hr>156</gpxdata:hr>
     <gpxdata:distance>20407.50</gpxdata:distance>
     <gpxdata:speed>10.397</gpxdata:speed>
    </extensions>
   </trkpt>
   <trkpt lat="51.0506795" lon="13.8108620">
    <ele>107</ele>
    <time>2026-08-04T19:24:07Z</time>
    <extensions>
     <gpxdata:hr>156</gpxdata:hr>
     <gpxdata:distance>20418.00</gpxdata:distance>
     <gpxdata:speed>10.422</gpxdata:speed>
    </extensions>
   </trkpt>
   <trkpt lat="51.0507595" lon="13.8107822">
    <ele>107</ele>
    <time>2026-08-04T19:24:08Z</time>
    <extensions>
     <gpxdata:hr>156</gpxdata:hr>
     <gpxdata:distance>20428.50</gpxdata:distance>
     <gpxdata:speed>10.450</gpxdata:speed>
    </extensions>
   </trkpt>
   <trkpt lat="51.0508404" lon="13.8107040">
    <ele>107</ele>
    <time>2026-08-04T19:24:09Z</time>
    <extensions>
     <gpxdata:hr>156</gpxdata:hr>
     <gpxdata:distance>20439.00</gpxdata:distance>
     <gpxdata:speed>10.475</gpxdata:speed>
    </extensions>
   </trkpt>
   <trkpt lat="51.0509210" lon="13.8106261">
    <ele>107</ele>
    <time>2026-08-04T19:24:10Z</time>
    <extensions>
     <gpxdata:hr>156</gpxdata:hr>
     <gpxdata:distance>20449.50</gpxdata:distance>
     <gpxdata:speed>10.497</gpxdata:speed>
    </extensions>
   </trkpt>
   <trkpt lat="51.0509996" lon="13.8105473">
    <ele>107</ele>
    <time>2026-08-04T19:24:11Z</time>
    <extensions>
     <gpxdata:hr>156</gpxdata:hr>
     <gpxdata:distance>20460.00</gpxdata:distance>
     <gpxdata:speed>10.497</gpxdata:speed>
    </extensions>
   </trkpt>
   <trkpt lat="51.0510760" lon="13.8104681">
    <ele>107</ele>
    <time>2026-08-04T19:24:12Z</time>
    <extensions>
     <gpxdata:hr>157</gpxdata:hr>
     <gpxdata:distance>20470.00</gpxdata:distance>
     <gpxdata:speed>10.433</gpxdata:speed>
    </extensions>
   </trkpt>
   <trkpt lat="51.0511511" lon="13.8103926">
    <ele>107</ele>
    <time>2026-08-04T19:24:13Z</time>
    <extensions>
     <gpxdata:hr>157</gpxdata:hr>
     <gpxdata:distance>20480.00</gpxdata:distance>
     <gpxdata:speed>10.325</gpxdata:speed>
    </extensions>
   </trkpt>
   <trkpt lat="51.0512257" lon="13.8103220">
    <ele>107</ele>
    <time>2026-08-04T19:24:14Z</time>
    <extensions>
     <gpxdata:hr>157</gpxdata:hr>
     <gpxdata:distance>20489.50</gpxdata:distance>
     <gpxdata:speed>10.167</gpxdata:speed>
    </extensions>
   </trkpt>
   <trkpt lat="51.0513006" lon="13.8102561">
    <ele>107</ele>
    <time>2026-08-04T19:24:15Z</time>
    <extensions>
     <gpxdata:hr>157</gpxdata:hr>
     <gpxdata:distance>20499.00</gpxdata:distance>
     <gpxdata:speed>9.986</gpxdata:speed>
    </extensions>
   </trkpt>
   <trkpt lat="51.0513755" lon="13.8101916">
    <ele>107</ele>
    <time>2026-08-04T19:24:16Z</time>
    <extensions>
     <gpxdata:hr>157</gpxdata:hr>
     <gpxdata:distance>20508.50</gpxdata:distance>
     <gpxdata:speed>9.825</gpxdata:speed>
    </extensions>
   </trkpt>
   <trkpt lat="51.0514494" lon="13.8101272">
    <ele>107</ele>
    <time>2026-08-04T19:24:17Z</time>
    <extensions>
     <gpxdata:hr>156</gpxdata:hr>
     <gpxdata:distance>20518.00</gpxdata:distance>
     <gpxdata:speed>9.575</gpxdata:speed>
    </extensions>
   </trkpt>
   <trkpt lat="51.0515223" lon="13.8100623">
    <ele>107</ele>
    <time>2026-08-04T19:24:18Z</time>
    <extensions>
     <gpxdata:hr>155</gpxdata:hr>
     <gpxdata:distance>20527.50</gpxdata:distance>
     <gpxdata:speed>9.439</gpxdata:speed>
    </extensions>
   </trkpt>
   <trkpt lat="51.0515949" lon="13.8099987">
    <ele>107</ele>
    <time>2026-08-04T19:24:19Z</time>
    <extensions>
     <gpxdata:hr>154</gpxdata:hr>
     <gpxdata:distance>20537.00</gpxdata:distance>
     <gpxdata:speed>9.350</gpxdata:speed>
    </extensions>
   </trkpt>
   <trkpt lat="51.0516664" lon="13.8099371">
    <ele>107</ele>
    <time>2026-08-04T19:24:20Z</time>
    <extensions>
     <gpxdata:hr>153</gpxdata:hr>
     <gpxdata:distance>20546.00</gpxdata:distance>
     <gpxdata:speed>9.267</gpxdata:speed>
    </extensions>
   </trkpt>
   <trkpt lat="51.0517357" lon="13.8098744">
    <ele>107</ele>
    <time>2026-08-04T19:24:21Z</time>
    <extensions>
     <gpxdata:hr>153</gpxdata:hr>
     <gpxdata:distance>20555.00</gpxdata:distance>
     <gpxdata:speed>9.081</gpxdata:speed>
    </extensions>
   </trkpt>
   <trkpt lat="51.0518024" lon="13.8098072">
    <ele>107</ele>
    <time>2026-08-04T19:24:22Z</time>
    <extensions>
     <gpxdata:hr>152</gpxdata:hr>
     <gpxdata:distance>20563.50</gpxdata:distance>
     <gpxdata:speed>8.931</gpxdata:speed>
    </extensions>
   </trkpt>
   <trkpt lat="51.0518680" lon="13.8097405">
    <ele>107</ele>
    <time>2026-08-04T19:24:23Z</time>
    <extensions>
     <gpxdata:hr>152</gpxdata:hr>
     <gpxdata:distance>20572.00</gpxdata:distance>
     <gpxdata:speed>8.858</gpxdata:speed>
    </extensions>
   </trkpt>
   <trkpt lat="51.0519350" lon="13.8096847">
    <ele>107</ele>
    <time>2026-08-04T19:24:24Z</time>
    <extensions>
     <gpxdata:hr>152</gpxdata:hr>
     <gpxdata:distance>20580.50</gpxdata:distance>
     <gpxdata:speed>8.719</gpxdata:speed>
    </extensions>
   </trkpt>
   <trkpt lat="51.0520047" lon="13.8096419">
    <ele>107</ele>
    <time>2026-08-04T19:24:25Z</time>
    <extensions>
     <gpxdata:hr>151</gpxdata:hr>
     <gpxdata:distance>20589.00</gpxdata:distance>
     <gpxdata:speed>8.528</gpxdata:speed>
    </extensions>
   </trkpt>
   <trkpt lat="51.0520761" lon="13.8096029">
    <ele>107</ele>
    <time>2026-08-04T19:24:26Z</time>
    <extensions>
     <gpxdata:hr>150</gpxdata:hr>
     <gpxdata:distance>20597.50</gpxdata:distance>
     <gpxdata:speed>8.436</gpxdata:speed>
    </extensions>
   </trkpt>
   <trkpt lat="51.0521478" lon="13.8095543">
    <ele>106</ele>
    <time>2026-08-04T19:24:27Z</time>
    <extensions>
     <gpxdata:hr>150</gpxdata:hr>
     <gpxdata:distance>20606.00</gpxdata:distance>
     <gpxdata:speed>8.433</gpxdata:speed>
    </extensions>
   </trkpt>
   <trkpt lat="51.0522177" lon="13.8094919">
    <ele>106</ele>
    <time>2026-08-04T19:24:28Z</time>
    <extensions>
     <gpxdata:hr>149</gpxdata:hr>
     <gpxdata:distance>20615.00</gpxdata:distance>
     <gpxdata:speed>8.567</gpxdata:speed>
    </extensions>
   </trkpt>
   <trkpt lat="51.0522838" lon="13.8094219">
    <ele>106</ele>
    <time>2026-08-04T19:24:29Z</time>
    <extensions>
     <gpxdata:hr>149</gpxdata:hr>
     <gpxdata:distance>20624.00</gpxdata:distance>
     <gpxdata:speed>8.728</gpxdata:speed>
    </extensions>
   </trkpt>
   <trkpt lat="51.0523449" lon="13.8093511">
    <ele>106</ele>
    <time>2026-08-04T19:24:30Z</time>
    <extensions>
     <gpxdata:hr>148</gpxdata:hr>
     <gpxdata:distance>20632.50</gpxdata:distance>
     <gpxdata:speed>8.742</gpxdata:speed>
    </extensions>
   </trkpt>
   <trkpt lat="51.0524018" lon="13.8092819">
    <ele>106</ele>
    <time>2026-08-04T19:24:31Z</time>
    <extensions>
     <gpxdata:hr>147</gpxdata:hr>
     <gpxdata:distance>20641.00</gpxdata:distance>
     <gpxdata:speed>8.392</gpxdata:speed>
    </extensions>
   </trkpt>
   <trkpt lat="51.0524558" lon="13.8092157">
    <ele>106</ele>
    <time>2026-08-04T19:24:32Z</time>
    <extensions>
     <gpxdata:hr>147</gpxdata:hr>
     <gpxdata:distance>20648.50</gpxdata:distance>
     <gpxdata:speed>8.031</gpxdata:speed>
    </extensions>
   </trkpt>
   <trkpt lat="51.0525080" lon="13.8091531">
    <ele>106</ele>
    <time>2026-08-04T19:24:33Z</time>
    <extensions>
     <gpxdata:hr>146</gpxdata:hr>
     <gpxdata:distance>20656.00</gpxdata:distance>
     <gpxdata:speed>7.694</gpxdata:speed>
    </extensions>
   </trkpt>
   <trkpt lat="51.0525586" lon="13.8090933">
    <ele>106</ele>
    <time>2026-08-04T19:24:34Z</time>
    <extensions>
     <gpxdata:hr>145</gpxdata:hr>
     <gpxdata:distance>20663.00</gpxdata:distance>
     <gpxdata:speed>7.411</gpxdata:speed>
    </extensions>
   </trkpt>
   <trkpt lat="51.0526074" lon="13.8090350">
    <ele>106</ele>
    <time>2026-08-04T19:24:35Z</time>
    <extensions>
     <gpxdata:hr>145</gpxdata:hr>
     <gpxdata:distance>20670.00</gpxdata:distance>
     <gpxdata:speed>7.147</gpxdata:speed>
    </extensions>
   </trkpt>
   <trkpt lat="51.0526538" lon="13.8089784">
    <ele>106</ele>
    <time>2026-08-04T19:24:36Z</time>
    <extensions>
     <gpxdata:hr>144</gpxdata:hr>
     <gpxdata:distance>20676.50</gpxdata:distance>
     <gpxdata:speed>6.919</gpxdata:speed>
    </extensions>
   </trkpt>
   <trkpt lat="51.0526985" lon="13.8089278">
    <ele>106</ele>
    <time>2026-08-04T19:24:37Z</time>
    <extensions>
     <gpxdata:hr>144</gpxdata:hr>
     <gpxdata:distance>20683.00</gpxdata:distance>
     <gpxdata:speed>6.611</gpxdata:speed>
    </extensions>
   </trkpt>
   <trkpt lat="51.0527416" lon="13.8088822">
    <ele>106</ele>
    <time>2026-08-04T19:24:38Z</time>
    <extensions>
     <gpxdata:hr>143</gpxdata:hr>
     <gpxdata:distance>20688.50</gpxdata:distance>
     <gpxdata:speed>6.214</gpxdata:speed>
    </extensions>
   </trkpt>
   <trkpt lat="51.0527716" lon="13.8088494">
    <ele>105</ele>
    <time>2026-08-04T19:24:39Z</time>
    <extensions>
     <gpxdata:hr>142</gpxdata:hr>
     <gpxdata:distance>20694.00</gpxdata:distance>
     <gpxdata:speed>5.903</gpxdata:speed>
    </extensions>
   </trkpt>
   <trkpt lat="51.0528095" lon="13.8088058">
    <ele>105</ele>
    <time>2026-08-04T19:24:40Z</time>
    <extensions>
     <gpxdata:hr>140</gpxdata:hr>
     <gpxdata:distance>20699.50</gpxdata:distance>
     <gpxdata:speed>5.739</gpxdata:speed>
    </extensions>
   </trkpt>
   <trkpt lat="51.0528527" lon="13.8087567">
    <ele>105</ele>
    <time>2026-08-04T19:24:41Z</time>
    <extensions>
     <gpxdata:hr>138</gpxdata:hr>
     <gpxdata:distance>20705.00</gpxdata:distance>
     <gpxdata:speed>5.772</gpxdata:speed>
    </extensions>
   </trkpt>
   <trkpt lat="51.0529015" lon="13.8087063">
    <ele>105</ele>
    <time>2026-08-04T19:24:42Z</time>
    <extensions>
     <gpxdata:hr>137</gpxdata:hr>
     <gpxdata:distance>20712.00</gpxdata:distance>
     <gpxdata:speed>5.972</gpxdata:speed>
    </extensions>
   </trkpt>
   <trkpt lat="51.0529763" lon="13.8086399">
    <ele>105</ele>
    <time>2026-08-04T19:24:43Z</time>
    <extensions>
     <gpxdata:hr>136</gpxdata:hr>
     <gpxdata:distance>20719.00</gpxdata:distance>
     <gpxdata:speed>6.278</gpxdata:speed>
    </extensions>
   </trkpt>
   <trkpt lat="51.0530420" lon="13.8085910">
    <ele>105</ele>
    <time>2026-08-04T19:24:44Z</time>
    <extensions>
     <gpxdata:hr>136</gpxdata:hr>
     <gpxdata:distance>20727.00</gpxdata:distance>
     <gpxdata:speed>7.189</gpxdata:speed>
    </extensions>
   </trkpt>
   <trkpt lat="51.0531073" lon="13.8085422">
    <ele>105</ele>
    <time>2026-08-04T19:24:45Z</time>
    <extensions>
     <gpxdata:hr>136</gpxdata:hr>
     <gpxdata:distance>20735.00</gpxdata:distance>
     <gpxdata:speed>7.639</gpxdata:speed>
    </extensions>
   </trkpt>
   <trkpt lat="51.0531750" lon="13.8084902">
    <ele>106</ele>
    <time>2026-08-04T19:24:46Z</time>
    <extensions>
     <gpxdata:hr>136</gpxdata:hr>
     <gpxdata:distance>20743.50</gpxdata:distance>
     <gpxdata:speed>7.800</gpxdata:speed>
    </extensions>
   </trkpt>
   <trkpt lat="51.0532453" lon="13.8084345">
    <ele>106</ele>
    <time>2026-08-04T19:24:47Z</time>
    <extensions>
     <gpxdata:hr>136</gpxdata:hr>
     <gpxdata:distance>20752.00</gpxdata:distance>
     <gpxdata:speed>8.206</gpxdata:speed>
    </extensions>
   </trkpt>
   <trkpt lat="51.0533179" lon="13.8083732">
    <ele>106</ele>
    <time>2026-08-04T19:24:48Z</time>
    <extensions>
     <gpxdata:hr>135</gpxdata:hr>
     <gpxdata:distance>20761.00</gpxdata:distance>
     <gpxdata:speed>8.589</gpxdata:speed>
    </extensions>
   </trkpt>
   <trkpt lat="51.0533921" lon="13.8083074">
    <ele>106</ele>
    <time>2026-08-04T19:24:49Z</time>
    <extensions>
     <gpxdata:hr>134</gpxdata:hr>
     <gpxdata:distance>20770.00</gpxdata:distance>
     <gpxdata:speed>9.014</gpxdata:speed>
    </extensions>
   </trkpt>
   <trkpt lat="51.0534662" lon="13.8082370">
    <ele>106</ele>
    <time>2026-08-04T19:24:50Z</time>
    <extensions>
     <gpxdata:hr>134</gpxdata:hr>
     <gpxdata:distance>20779.50</gpxdata:distance>
     <gpxdata:speed>9.297</gpxdata:speed>
    </extensions>
   </trkpt>
   <trkpt lat="51.0535376" lon="13.8081593">
    <ele>107</ele>
    <time>2026-08-04T19:24:51Z</time>
    <extensions>
     <gpxdata:hr>135</gpxdata:hr>
     <gpxdata:distance>20789.00</gpxdata:distance>
     <gpxdata:speed>9.467</gpxdata:speed>
    </extensions>
   </trkpt>
   <trkpt lat="51.0536059" lon="13.8080733">
    <ele>107</ele>
    <time>2026-08-04T19:24:52Z</time>
    <extensions>
     <gpxdata:hr>139</gpxdata:hr>
     <gpxdata:distance>20799.00</gpxdata:distance>
     <gpxdata:speed>9.542</gpxdata:speed>
    </extensions>
   </trkpt>
   <trkpt lat="51.0536733" lon="13.8079846">
    <ele>107</ele>
    <time>2026-08-04T19:24:53Z</time>
    <extensions>
     <gpxdata:hr>145</gpxdata:hr>
     <gpxdata:distance>20809.00</gpxdata:distance>
     <gpxdata:speed>9.636</gpxdata:speed>
    </extensions>
   </trkpt>
   <trkpt lat="51.0537426" lon="13.8078992">
    <ele>107</ele>
    <time>2026-08-04T19:24:54Z</time>
    <extensions>
     <gpxdata:hr>149</gpxdata:hr>
     <gpxdata:distance>20818.50</gpxdata:distance>
     <gpxdata:speed>9.694</gpxdata:speed>
    </extensions>
   </trkpt>
   <trkpt lat="51.0538138" lon="13.8078184">
    <ele>107</ele>
    <time>2026-08-04T19:24:55Z</time>
    <extensions>
     <gpxdata:hr>154</gpxdata:hr>
     <gpxdata:distance>20828.00</gpxdata:distance>
     <gpxdata:speed>9.731</gpxdata:speed>
    </extensions>
   </trkpt>
   <trkpt lat="51.0538861" lon="13.8077417">
    <ele>107</ele>
    <time>2026-08-04T19:24:56Z</time>
    <extensions>
     <gpxdata:hr>157</gpxdata:hr>
     <gpxdata:distance>20837.50</gpxdata:distance>
     <gpxdata:speed>9.750</gpxdata:speed>
    </extensions>
   </trkpt>
   <trkpt lat="51.0539593" lon="13.8076675">
    <ele>107</ele>
    <time>2026-08-04T19:24:57Z</time>
    <extensions>
     <gpxdata:hr>157</gpxdata:hr>
     <gpxdata:distance>20847.00</gpxdata:distance>
     <gpxdata:speed>9.728</gpxdata:speed>
    </extensions>
   </trkpt>
   <trkpt lat="51.0540336" lon="13.8075944">
    <ele>108</ele>
    <time>2026-08-04T19:24:58Z</time>
    <extensions>
     <gpxdata:hr>157</gpxdata:hr>
     <gpxdata:distance>20857.00</gpxdata:distance>
     <gpxdata:speed>9.719</gpxdata:speed>
    </extensions>
   </trkpt>
   <trkpt lat="51.0541094" lon="13.8075245">
    <ele>108</ele>
    <time>2026-08-04T19:24:59Z</time>
    <extensions>
     <gpxdata:hr>158</gpxdata:hr>
     <gpxdata:distance>20867.00</gpxdata:distance>
     <gpxdata:speed>9.736</gpxdata:speed>
    </extensions>
   </trkpt>
   <trkpt lat="51.0541861" lon="13.8074576">
    <ele>108</ele>
    <time>2026-08-04T19:25:00Z</time>
    <extensions>
     <gpxdata:hr>159</gpxdata:hr>
     <gpxdata:distance>20876.50</gpxdata:distance>
     <gpxdata:speed>9.750</gpxdata:speed>
    </extensions>
   </trkpt>
   <trkpt lat="51.0542639" lon="13.8073930">
    <ele>108</ele>
    <time>2026-08-04T19:25:01Z</time>
    <extensions>
     <gpxdata:hr>158</gpxdata:hr>
     <gpxdata:distance>20886.00</gpxdata:distance>
     <gpxdata:speed>9.744</gpxdata:speed>
    </extensions>
   </trkpt>
   <trkpt lat="51.0543419" lon="13.8073309">
    <ele>108</ele>
    <time>2026-08-04T19:25:02Z</time>
    <extensions>
     <gpxdata:hr>158</gpxdata:hr>
     <gpxdata:distance>20896.00</gpxdata:distance>
     <gpxdata:speed>9.756</gpxdata:speed>
    </extensions>
   </trkpt>
   <trkpt lat="51.0544208" lon="13.8072704">
    <ele>107</ele>
    <time>2026-08-04T19:25:03Z</time>
    <extensions>
     <gpxdata:hr>158</gpxdata:hr>
     <gpxdata:distance>20906.00</gpxdata:distance>
     <gpxdata:speed>9.739</gpxdata:speed>
    </extensions>
   </trkpt>
   <trkpt lat="51.0545004" lon="13.8072082">
    <ele>107</ele>
    <time>2026-08-04T19:25:04Z</time>
    <extensions>
     <gpxdata:hr>159</gpxdata:hr>
     <gpxdata:distance>20916.00</gpxdata:distance>
     <gpxdata:speed>9.747</gpxdata:speed>
    </extensions>
   </trkpt>
   <trkpt lat="51.0545795" lon="13.8071463">
    <ele>107</ele>
    <time>2026-08-04T19:25:05Z</time>
    <extensions>
     <gpxdata:hr>158</gpxdata:hr>
     <gpxdata:distance>20926.00</gpxdata:distance>
     <gpxdata:speed>9.797</gpxdata:speed>
    </extensions>
   </trkpt>
   <trkpt lat="51.0546593" lon="13.8070907">
    <ele>107</ele>
    <time>2026-08-04T19:25:06Z</time>
    <extensions>
     <gpxdata:hr>157</gpxdata:hr>
     <gpxdata:distance>20935.50</gpxdata:distance>
     <gpxdata:speed>9.792</gpxdata:speed>
    </extensions>
   </trkpt>
   <trkpt lat="51.0547393" lon="13.8070382">
    <ele>107</ele>
    <time>2026-08-04T19:25:07Z</time>
    <extensions>
     <gpxdata:hr>157</gpxdata:hr>
     <gpxdata:distance>20945.00</gpxdata:distance>
     <gpxdata:speed>9.758</gpxdata:speed>
    </extensions>
   </trkpt>
   <trkpt lat="51.0548207" lon="13.8069846">
    <ele>107</ele>
    <time>2026-08-04T19:25:08Z</time>
    <extensions>
     <gpxdata:hr>157</gpxdata:hr>
     <gpxdata:distance>20954.50</gpxdata:distance>
     <gpxdata:speed>9.719</gpxdata:speed>
    </extensions>
   </trkpt>
   <trkpt lat="51.0549024" lon="13.8069286">
    <ele>107</ele>
    <time>2026-08-04T19:25:09Z</time>
    <extensions>
     <gpxdata:hr>157</gpxdata:hr>
     <gpxdata:distance>20964.00</gpxdata:distance>
     <gpxdata:speed>9.772</gpxdata:speed>
    </extensions>
   </trkpt>
   <trkpt lat="51.0549846" lon="13.8068741">
    <ele>108</ele>
    <time>2026-08-04T19:25:10Z</time>
    <extensions>
     <gpxdata:hr>157</gpxdata:hr>
     <gpxdata:distance>20974.00</gpxdata:distance>
     <gpxdata:speed>9.817</gpxdata:speed>
    </extensions>
   </trkpt>
   <trkpt lat="51.0550683" lon="13.8068255">
    <ele>108</ele>
    <time>2026-08-04T19:25:11Z</time>
    <extensions>
     <gpxdata:hr>157</gpxdata:hr>
     <gpxdata:distance>20984.00</gpxdata:distance>
     <gpxdata:speed>9.844</gpxdata:speed>
    </extensions>
   </trkpt>
   <trkpt lat="51.0551521" lon="13.8067824">
    <ele>108</ele>
    <time>2026-08-04T19:25:12Z</time>
    <extensions>
     <gpxdata:hr>156</gpxdata:hr>
     <gpxdata:distance>20994.00</gpxdata:distance>
     <gpxdata:speed>9.867</gpxdata:speed>
    </extensions>
   </trkpt>
   <trkpt lat="51.0552345" lon="13.8067390">
    <ele>107</ele>
    <time>2026-08-04T19:25:13Z</time>
    <extensions>
     <gpxdata:hr>156</gpxdata:hr>
     <gpxdata:distance>21004.00</gpxdata:distance>
     <gpxdata:speed>9.836</gpxdata:speed>
    </extensions>
   </trkpt>
   <trkpt lat="51.0553148" lon="13.8066929">
    <ele>107</ele>
    <time>2026-08-04T19:25:14Z</time>
    <extensions>
     <gpxdata:hr>156</gpxdata:hr>
     <gpxdata:distance>21013.50</gpxdata:distance>
     <gpxdata:speed>9.767</gpxdata:speed>
    </extensions>
   </trkpt>
   <trkpt lat="51.0553926" lon="13.8066458">
    <ele>107</ele>
    <time>2026-08-04T19:25:15Z</time>
    <extensions>
     <gpxdata:hr>155</gpxdata:hr>
     <gpxdata:distance>21023.00</gpxdata:distance>
     <gpxdata:speed>9.672</gpxdata:speed>
    </extensions>
   </trkpt>
   <trkpt lat="51.0554637" lon="13.8066034">
    <ele>107</ele>
    <time>2026-08-04T19:25:16Z</time>
    <extensions>
     <gpxdata:hr>155</gpxdata:hr>
     <gpxdata:distance>21031.50</gpxdata:distance>
     <gpxdata:speed>9.525</gpxdata:speed>
    </extensions>
   </trkpt>
   <trkpt lat="51.0555202" lon="13.8065710">
    <ele>107</ele>
    <time>2026-08-04T19:25:17Z</time>
    <extensions>
     <gpxdata:hr>155</gpxdata:hr>
     <gpxdata:distance>21040.00</gpxdata:distance>
     <gpxdata:speed>8.533</gpxdata:speed>
    </extensions>
   </trkpt>
   <trkpt lat="51.0555626" lon="13.8065466">
    <ele>107</ele>
    <time>2026-08-04T19:25:18Z</time>
    <extensions>
     <gpxdata:hr>155</gpxdata:hr>
     <gpxdata:distance>21044.00</gpxdata:distance>
     <gpxdata:speed>8.400</gpxdata:speed>
    </extensions>
   </trkpt>
   <trkpt lat="51.0556000" lon="13.8065215">
    <ele>106</ele>
    <time>2026-08-04T19:25:19Z</time>
    <extensions>
     <gpxdata:hr>155</gpxdata:hr>
     <gpxdata:distance>21048.00</gpxdata:distance>
     <gpxdata:speed>8.397</gpxdata:speed>
    </extensions>
   </trkpt>
   <trkpt lat="51.0556407" lon="13.8064916">
    <ele>106</ele>
    <time>2026-08-04T19:25:20Z</time>
    <extensions>
     <gpxdata:hr>154</gpxdata:hr>
     <gpxdata:distance>21053.50</gpxdata:distance>
     <gpxdata:speed>8.483</gpxdata:speed>
    </extensions>
   </trkpt>
   <trkpt lat="51.0556754" lon="13.8064680">
    <ele>106</ele>
    <time>2026-08-04T19:25:21Z</time>
    <extensions>
     <gpxdata:hr>153</gpxdata:hr>
     <gpxdata:distance>21059.00</gpxdata:distance>
     <gpxdata:speed>5.475</gpxdata:speed>
    </extensions>
   </trkpt>
   <trkpt lat="51.0557431" lon="13.8064270">
    <ele>106</ele>
    <time>2026-08-04T19:25:22Z</time>
    <extensions>
     <gpxdata:hr>152</gpxdata:hr>
     <gpxdata:distance>21066.00</gpxdata:distance>
     <gpxdata:speed>6.042</gpxdata:speed>
    </extensions>
   </trkpt>
   <trkpt lat="51.0558064" lon="13.8063899">
    <ele>106</ele>
    <time>2026-08-04T19:25:23Z</time>
    <extensions>
     <gpxdata:hr>151</gpxdata:hr>
     <gpxdata:distance>21073.00</gpxdata:distance>
     <gpxdata:speed>6.625</gpxdata:speed>
    </extensions>
   </trkpt>
   <trkpt lat="51.0558726" lon="13.8063489">
    <ele>106</ele>
    <time>2026-08-04T19:25:24Z</time>
    <extensions>
     <gpxdata:hr>151</gpxdata:hr>
     <gpxdata:distance>21081.00</gpxdata:distance>
     <gpxdata:speed>7.194</gpxdata:speed>
    </extensions>
   </trkpt>
   <trkpt lat="51.0559421" lon="13.8063052">
    <ele>106</ele>
    <time>2026-08-04T19:25:25Z</time>
    <extensions>
     <gpxdata:hr>150</gpxdata:hr>
     <gpxdata:distance>21089.00</gpxdata:distance>
     <gpxdata:speed>7.681</gpxdata:speed>
    </extensions>
   </trkpt>
   <trkpt lat="51.0560130" lon="13.8062605">
    <ele>106</ele>
    <time>2026-08-04T19:25:26Z</time>
    <extensions>
     <gpxdata:hr>150</gpxdata:hr>
     <gpxdata:distance>21097.50</gpxdata:distance>
     <gpxdata:speed>8.097</gpxdata:speed>
    </extensions>
   </trkpt>
   <trkpt lat="51.0560834" lon="13.8062144">
    <ele>106</ele>
    <time>2026-08-04T19:25:27Z</time>
    <extensions>
     <gpxdata:hr>150</gpxdata:hr>
     <gpxdata:distance>21106.00</gpxdata:distance>
     <gpxdata:speed>8.267</gpxdata:speed>
    </extensions>
   </trkpt>
   <trkpt lat="51.0561544" lon="13.8061668">
    <ele>106</ele>
    <time>2026-08-04T19:25:28Z</time>
    <extensions>
     <gpxdata:hr>152</gpxdata:hr>
     <gpxdata:distance>21114.50</gpxdata:distance>
     <gpxdata:speed>8.314</gpxdata:speed>
    </extensions>
   </trkpt>
   <trkpt lat="51.0562283" lon="13.8061197">
    <ele>106</ele>
    <time>2026-08-04T19:25:29Z</time>
    <extensions>
     <gpxdata:hr>152</gpxdata:hr>
     <gpxdata:distance>21123.00</gpxdata:distance>
     <gpxdata:speed>8.483</gpxdata:speed>
    </extensions>
   </trkpt>
   <trkpt lat="51.0563057" lon="13.8060742">
    <ele>106</ele>
    <time>2026-08-04T19:25:30Z</time>
    <extensions>
     <gpxdata:hr>153</gpxdata:hr>
     <gpxdata:distance>21132.00</gpxdata:distance>
     <gpxdata:speed>8.808</gpxdata:speed>
    </extensions>
   </trkpt>
   <trkpt lat="51.0563846" lon="13.8060286">
    <ele>106</ele>
    <time>2026-08-04T19:25:31Z</time>
    <extensions>
     <gpxdata:hr>153</gpxdata:hr>
     <gpxdata:distance>21141.00</gpxdata:distance>
     <gpxdata:speed>9.111</gpxdata:speed>
    </extensions>
   </trkpt>
   <trkpt lat="51.0564631" lon="13.8059821">
    <ele>106</ele>
    <time>2026-08-04T19:25:32Z</time>
    <extensions>
     <gpxdata:hr>153</gpxdata:hr>
     <gpxdata:distance>21150.50</gpxdata:distance>
     <gpxdata:speed>9.244</gpxdata:speed>
    </extensions>
   </trkpt>
   <trkpt lat="51.0565402" lon="13.8059360">
    <ele>107</ele>
    <time>2026-08-04T19:25:33Z</time>
    <extensions>
     <gpxdata:hr>153</gpxdata:hr>
     <gpxdata:distance>21160.00</gpxdata:distance>
     <gpxdata:speed>9.225</gpxdata:speed>
    </extensions>
   </trkpt>
   <trkpt lat="51.0566151" lon="13.8058905">
    <ele>107</ele>
    <time>2026-08-04T19:25:34Z</time>
    <extensions>
     <gpxdata:hr>154</gpxdata:hr>
     <gpxdata:distance>21169.00</gpxdata:distance>
     <gpxdata:speed>9.106</gpxdata:speed>
    </extensions>
   </trkpt>
   <trkpt lat="51.0566880" lon="13.8058449">
    <ele>107</ele>
    <time>2026-08-04T19:25:35Z</time>
    <extensions>
     <gpxdata:hr>155</gpxdata:hr>
     <gpxdata:distance>21178.00</gpxdata:distance>
     <gpxdata:speed>8.992</gpxdata:speed>
    </extensions>
   </trkpt>
   <trkpt lat="51.0567584" lon="13.8057982">
    <ele>108</ele>
    <time>2026-08-04T19:25:36Z</time>
    <extensions>
     <gpxdata:hr>156</gpxdata:hr>
     <gpxdata:distance>21186.50</gpxdata:distance>
     <gpxdata:speed>8.844</gpxdata:speed>
    </extensions>
   </trkpt>
   <trkpt lat="51.0568252" lon="13.8057479">
    <ele>108</ele>
    <time>2026-08-04T19:25:37Z</time>
    <extensions>
     <gpxdata:hr>156</gpxdata:hr>
     <gpxdata:distance>21195.00</gpxdata:distance>
     <gpxdata:speed>8.656</gpxdata:speed>
    </extensions>
   </trkpt>
   <trkpt lat="51.0568888" lon="13.8056934">
    <ele>108</ele>
    <time>2026-08-04T19:25:38Z</time>
    <extensions>
     <gpxdata:hr>155</gpxdata:hr>
     <gpxdata:distance>21203.00</gpxdata:distance>
     <gpxdata:speed>8.436</gpxdata:speed>
    </extensions>
   </trkpt>
   <trkpt lat="51.0569503" lon="13.8056368">
    <ele>108</ele>
    <time>2026-08-04T19:25:39Z</time>
    <extensions>
     <gpxdata:hr>155</gpxdata:hr>
     <gpxdata:distance>21211.00</gpxdata:distance>
     <gpxdata:speed>8.239</gpxdata:speed>
    </extensions>
   </trkpt>
   <trkpt lat="51.0570106" lon="13.8055788">
    <ele>108</ele>
    <time>2026-08-04T19:25:40Z</time>
    <extensions>
     <gpxdata:hr>153</gpxdata:hr>
     <gpxdata:distance>21218.50</gpxdata:distance>
     <gpxdata:speed>8.006</gpxdata:speed>
    </extensions>
   </trkpt>
   <trkpt lat="51.0570690" lon="13.8055183">
    <ele>108</ele>
    <time>2026-08-04T19:25:41Z</time>
    <extensions>
     <gpxdata:hr>152</gpxdata:hr>
     <gpxdata:distance>21226.00</gpxdata:distance>
     <gpxdata:speed>7.917</gpxdata:speed>
    </extensions>
   </trkpt>
   <trkpt lat="51.0571258" lon="13.8054560">
    <ele>108</ele>
    <time>2026-08-04T19:25:42Z</time>
    <extensions>
     <gpxdata:hr>152</gpxdata:hr>
     <gpxdata:distance>21234.00</gpxdata:distance>
     <gpxdata:speed>7.817</gpxdata:speed>
    </extensions>
   </trkpt>
   <trkpt lat="51.0571817" lon="13.8053921">
    <ele>108</ele>
    <time>2026-08-04T19:25:43Z</time>
    <extensions>
     <gpxdata:hr>151</gpxdata:hr>
     <gpxdata:distance>21242.00</gpxdata:distance>
     <gpxdata:speed>7.725</gpxdata:speed>
    </extensions>
   </trkpt>
   <trkpt lat="51.0572373" lon="13.8053263">
    <ele>108</ele>
    <time>2026-08-04T19:25:44Z</time>
    <extensions>
     <gpxdata:hr>149</gpxdata:hr>
     <gpxdata:distance>21249.50</gpxdata:distance>
     <gpxdata:speed>7.703</gpxdata:speed>
    </extensions>
   </trkpt>
   <trkpt lat="51.0572927" lon="13.8052585">
    <ele>108</ele>
    <time>2026-08-04T19:25:45Z</time>
    <extensions>
     <gpxdata:hr>147</gpxdata:hr>
     <gpxdata:distance>21257.00</gpxdata:distance>
     <gpxdata:speed>7.700</gpxdata:speed>
    </extensions>
   </trkpt>
   <trkpt lat="51.0573484" lon="13.8051897">
    <ele>108</ele>
    <time>2026-08-04T19:25:46Z</time>
    <extensions>
     <gpxdata:hr>146</gpxdata:hr>
     <gpxdata:distance>21265.00</gpxdata:distance>
     <gpxdata:speed>7.767</gpxdata:speed>
    </extensions>
   </trkpt>
   <trkpt lat="51.0574045" lon="13.8051207">
    <ele>108</ele>
    <time>2026-08-04T19:25:47Z</time>
    <extensions>
     <gpxdata:hr>146</gpxdata:hr>
     <gpxdata:distance>21273.00</gpxdata:distance>
     <gpxdata:speed>7.775</gpxdata:speed>
    </extensions>
   </trkpt>
   <trkpt lat="51.0574603" lon="13.8050506">
    <ele>108</ele>
    <time>2026-08-04T19:25:48Z</time>
    <extensions>
     <gpxdata:hr>145</gpxdata:hr>
     <gpxdata:distance>21281.00</gpxdata:distance>
     <gpxdata:speed>7.842</gpxdata:speed>
    </extensions>
   </trkpt>
   <trkpt lat="51.0575159" lon="13.8049791">
    <ele>108</ele>
    <time>2026-08-04T19:25:49Z</time>
    <extensions>
     <gpxdata:hr>145</gpxdata:hr>
     <gpxdata:distance>21289.00</gpxdata:distance>
     <gpxdata:speed>7.861</gpxdata:speed>
    </extensions>
   </trkpt>
   <trkpt lat="51.0575709" lon="13.8049067">
    <ele>108</ele>
    <time>2026-08-04T19:25:50Z</time>
    <extensions>
     <gpxdata:hr>145</gpxdata:hr>
     <gpxdata:distance>21297.00</gpxdata:distance>
     <gpxdata:speed>7.889</gpxdata:speed>
    </extensions>
   </trkpt>
   <trkpt lat="51.0576261" lon="13.8048345">
    <ele>108</ele>
    <time>2026-08-04T19:25:51Z</time>
    <extensions>
     <gpxdata:hr>144</gpxdata:hr>
     <gpxdata:distance>21305.00</gpxdata:distance>
     <gpxdata:speed>7.908</gpxdata:speed>
    </extensions>
   </trkpt>
   <trkpt lat="51.0576826" lon="13.8047637">
    <ele>108</ele>
    <time>2026-08-04T19:25:52Z</time>
    <extensions>
     <gpxdata:hr>144</gpxdata:hr>
     <gpxdata:distance>21313.00</gpxdata:distance>
     <gpxdata:speed>7.922</gpxdata:speed>
    </extensions>
   </trkpt>
   <trkpt lat="51.0577406" lon="13.8046944">
    <ele>108</ele>
    <time>2026-08-04T19:25:53Z</time>
    <extensions>
     <gpxdata:hr>143</gpxdata:hr>
     <gpxdata:distance>21321.00</gpxdata:distance>
     <gpxdata:speed>7.958</gpxdata:speed>
    </extensions>
   </trkpt>
   <trkpt lat="51.0577989" lon="13.8046264">
    <ele>108</ele>
    <time>2026-08-04T19:25:54Z</time>
    <extensions>
     <gpxdata:hr>143</gpxdata:hr>
     <gpxdata:distance>21329.00</gpxdata:distance>
     <gpxdata:speed>8.006</gpxdata:speed>
    </extensions>
   </trkpt>
   <trkpt lat="51.0578572" lon="13.8045601">
    <ele>108</ele>
    <time>2026-08-04T19:25:55Z</time>
    <extensions>
     <gpxdata:hr>143</gpxdata:hr>
     <gpxdata:distance>21337.00</gpxdata:distance>
     <gpxdata:speed>8.014</gpxdata:speed>
    </extensions>
   </trkpt>
   <trkpt lat="51.0579156" lon="13.8044962">
    <ele>108</ele>
    <time>2026-08-04T19:25:56Z</time>
    <extensions>
     <gpxdata:hr>142</gpxdata:hr>
     <gpxdata:distance>21344.50</gpxdata:distance>
     <gpxdata:speed>7.994</gpxdata:speed>
    </extensions>
   </trkpt>
   <trkpt lat="51.0579741" lon="13.8044347">
    <ele>107</ele>
    <time>2026-08-04T19:25:57Z</time>
    <extensions>
     <gpxdata:hr>141</gpxdata:hr>
     <gpxdata:distance>21352.00</gpxdata:distance>
     <gpxdata:speed>7.956</gpxdata:speed>
    </extensions>
   </trkpt>
   <trkpt lat="51.0580324" lon="13.8043740">
    <ele>107</ele>
    <time>2026-08-04T19:25:58Z</time>
    <extensions>
     <gpxdata:hr>139</gpxdata:hr>
     <gpxdata:distance>21360.00</gpxdata:distance>
     <gpxdata:speed>7.900</gpxdata:speed>
    </extensions>
   </trkpt>
   <trkpt lat="51.0580900" lon="13.8043136">
    <ele>107</ele>
    <time>2026-08-04T19:25:59Z</time>
    <extensions>
     <gpxdata:hr>139</gpxdata:hr>
     <gpxdata:distance>21368.00</gpxdata:distance>
     <gpxdata:speed>7.856</gpxdata:speed>
    </extensions>
   </trkpt>
   <trkpt lat="51.0581469" lon="13.8042540">
    <ele>107</ele>
    <time>2026-08-04T19:26:00Z</time>
    <extensions>
     <gpxdata:hr>138</gpxdata:hr>
     <gpxdata:distance>21375.50</gpxdata:distance>
     <gpxdata:speed>7.792</gpxdata:speed>
    </extensions>
   </trkpt>
   <trkpt lat="51.0582032" lon="13.8041951">
    <ele>107</ele>
    <time>2026-08-04T19:26:01Z</time>
    <extensions>
     <gpxdata:hr>139</gpxdata:hr>
     <gpxdata:distance>21383.00</gpxdata:distance>
     <gpxdata:speed>7.717</gpxdata:speed>
    </extensions>
   </trkpt>
   <trkpt lat="51.0582583" lon="13.8041376">
    <ele>107</ele>
    <time>2026-08-04T19:26:02Z</time>
    <extensions>
     <gpxdata:hr>139</gpxdata:hr>
     <gpxdata:distance>21390.50</gpxdata:distance>
     <gpxdata:speed>7.636</gpxdata:speed>
    </extensions>
   </trkpt>
   <trkpt lat="51.0583123" lon="13.8040801">
    <ele>107</ele>
    <time>2026-08-04T19:26:03Z</time>
    <extensions>
     <gpxdata:hr>138</gpxdata:hr>
     <gpxdata:distance>21398.00</gpxdata:distance>
     <gpxdata:speed>7.525</gpxdata:speed>
    </extensions>
   </trkpt>
   <trkpt lat="51.0583651" lon="13.8040223">
    <ele>107</ele>
    <time>2026-08-04T19:26:04Z</time>
    <extensions>
     <gpxdata:hr>137</gpxdata:hr>
     <gpxdata:distance>21405.00</gpxdata:distance>
     <gpxdata:speed>7.372</gpxdata:speed>
    </extensions>
   </trkpt>
   <trkpt lat="51.0584160" lon="13.8039641">
    <ele>107</ele>
    <time>2026-08-04T19:26:05Z</time>
    <extensions>
     <gpxdata:hr>135</gpxdata:hr>
     <gpxdata:distance>21412.00</gpxdata:distance>
     <gpxdata:speed>7.231</gpxdata:speed>
    </extensions>
   </trkpt>
   <trkpt lat="51.0584649" lon="13.8039049">
    <ele>107</ele>
    <time>2026-08-04T19:26:06Z</time>
    <extensions>
     <gpxdata:hr>134</gpxdata:hr>
     <gpxdata:distance>21419.00</gpxdata:distance>
     <gpxdata:speed>7.053</gpxdata:speed>
    </extensions>
   </trkpt>
   <trkpt lat="51.0585121" lon="13.8038436">
    <ele>107</ele>
    <time>2026-08-04T19:26:07Z</time>
    <extensions>
     <gpxdata:hr>133</gpxdata:hr>
     <gpxdata:distance>21426.00</gpxdata:distance>
     <gpxdata:speed>6.894</gpxdata:speed>
    </extensions>
   </trkpt>
   <trkpt lat="51.0585603" lon="13.8037840">
    <ele>106</ele>
    <time>2026-08-04T19:26:08Z</time>
    <extensions>
     <gpxdata:hr>131</gpxdata:hr>
     <gpxdata:distance>21432.50</gpxdata:distance>
     <gpxdata:speed>6.847</gpxdata:speed>
    </extensions>
   </trkpt>
   <trkpt lat="51.0586102" lon="13.8037258">
    <ele>106</ele>
    <time>2026-08-04T19:26:09Z</time>
    <extensions>
     <gpxdata:hr>130</gpxdata:hr>
     <gpxdata:distance>21439.00</gpxdata:distance>
     <gpxdata:speed>6.842</gpxdata:speed>
    </extensions>
   </trkpt>
   <trkpt lat="51.0586616" lon="13.8036676">
    <ele>106</ele>
    <time>2026-08-04T19:26:10Z</time>
    <extensions>
     <gpxdata:hr>130</gpxdata:hr>
     <gpxdata:distance>21446.00</gpxdata:distance>
     <gpxdata:speed>6.900</gpxdata:speed>
    </extensions>
   </trkpt>
   <trkpt lat="51.0587143" lon="13.8036086">
    <ele>106</ele>
    <time>2026-08-04T19:26:11Z</time>
    <extensions>
     <gpxdata:hr>128</gpxdata:hr>
     <gpxdata:distance>21453.00</gpxdata:distance>
     <gpxdata:speed>7.003</gpxdata:speed>
    </extensions>
   </trkpt>
   <trkpt lat="51.0587677" lon="13.8035490">
    <ele>106</ele>
    <time>2026-08-04T19:26:12Z</time>
    <extensions>
     <gpxdata:hr>129</gpxdata:hr>
     <gpxdata:distance>21460.50</gpxdata:distance>
     <gpxdata:speed>7.097</gpxdata:speed>
    </extensions>
   </trkpt>
   <trkpt lat="51.0588212" lon="13.8034888">
    <ele>106</ele>
    <time>2026-08-04T19:26:13Z</time>
    <extensions>
     <gpxdata:hr>130</gpxdata:hr>
     <gpxdata:distance>21468.00</gpxdata:distance>
     <gpxdata:speed>7.156</gpxdata:speed>
    </extensions>
   </trkpt>
   <trkpt lat="51.0588740" lon="13.8034288">
    <ele>106</ele>
    <time>2026-08-04T19:26:14Z</time>
    <extensions>
     <gpxdata:hr>130</gpxdata:hr>
     <gpxdata:distance>21475.00</gpxdata:distance>
     <gpxdata:speed>7.197</gpxdata:speed>
    </extensions>
   </trkpt>
   <trkpt lat="51.0589249" lon="13.8033691">
    <ele>106</ele>
    <time>2026-08-04T19:26:15Z</time>
    <extensions>
     <gpxdata:hr>131</gpxdata:hr>
     <gpxdata:distance>21482.00</gpxdata:distance>
     <gpxdata:speed>7.192</gpxdata:speed>
    </extensions>
   </trkpt>
   <trkpt lat="51.0589728" lon="13.8033081">
    <ele>106</ele>
    <time>2026-08-04T19:26:16Z</time>
    <extensions>
     <gpxdata:hr>131</gpxdata:hr>
     <gpxdata:distance>21489.00</gpxdata:distance>
     <gpxdata:speed>7.125</gpxdata:speed>
    </extensions>
   </trkpt>
   <trkpt lat="51.0590176" lon="13.8032429">
    <ele>106</ele>
    <time>2026-08-04T19:26:17Z</time>
    <extensions>
     <gpxdata:hr>130</gpxdata:hr>
     <gpxdata:distance>21496.00</gpxdata:distance>
     <gpxdata:speed>7.019</gpxdata:speed>
    </extensions>
   </trkpt>
   <trkpt lat="51.0590610" lon="13.8031744">
    <ele>106</ele>
    <time>2026-08-04T19:26:18Z</time>
    <extensions>
     <gpxdata:hr>129</gpxdata:hr>
     <gpxdata:distance>21503.00</gpxdata:distance>
     <gpxdata:speed>6.939</gpxdata:speed>
    </extensions>
   </trkpt>
   <trkpt lat="51.0591060" lon="13.8031048">
    <ele>106</ele>
    <time>2026-08-04T19:26:19Z</time>
    <extensions>
     <gpxdata:hr>128</gpxdata:hr>
     <gpxdata:distance>21510.00</gpxdata:distance>
     <gpxdata:speed>6.914</gpxdata:speed>
    </extensions>
   </trkpt>
   <trkpt lat="51.0591527" lon="13.8030345">
    <ele>106</ele>
    <time>2026-08-04T19:26:20Z</time>
    <extensions>
     <gpxdata:hr>126</gpxdata:hr>
     <gpxdata:distance>21517.00</gpxdata:distance>
     <gpxdata:speed>6.953</gpxdata:speed>
    </extensions>
   </trkpt>
   <trkpt lat="51.0591998" lon="13.8029617">
    <ele>106</ele>
    <time>2026-08-04T19:26:21Z</time>
    <extensions>
     <gpxdata:hr>125</gpxdata:hr>
     <gpxdata:distance>21524.00</gpxdata:distance>
     <gpxdata:speed>7.031</gpxdata:speed>
    </extensions>
   </trkpt>
   <trkpt lat="51.0592468" lon="13.8028858">
    <ele>106</ele>
    <time>2026-08-04T19:26:22Z</time>
    <extensions>
     <gpxdata:hr>123</gpxdata:hr>
     <gpxdata:distance>21531.50</gpxdata:distance>
     <gpxdata:speed>7.128</gpxdata:speed>
    </extensions>
   </trkpt>
   <trkpt lat="51.0592932" lon="13.8028073">
    <ele>106</ele>
    <time>2026-08-04T19:26:23Z</time>
    <extensions>
     <gpxdata:hr>123</gpxdata:hr>
     <gpxdata:distance>21539.00</gpxdata:distance>
     <gpxdata:speed>7.242</gpxdata:speed>
    </extensions>
   </trkpt>
   <trkpt lat="51.0593390" lon="13.8027262">
    <ele>106</ele>
    <time>2026-08-04T19:26:24Z</time>
    <extensions>
     <gpxdata:hr>124</gpxdata:hr>
     <gpxdata:distance>21546.50</gpxdata:distance>
     <gpxdata:speed>7.342</gpxdata:speed>
    </extensions>
   </trkpt>
   <trkpt lat="51.0593840" lon="13.8026422">
    <ele>106</ele>
    <time>2026-08-04T19:26:25Z</time>
    <extensions>
     <gpxdata:hr>126</gpxdata:hr>
     <gpxdata:distance>21554.00</gpxdata:distance>
     <gpxdata:speed>7.439</gpxdata:speed>
    </extensions>
   </trkpt>
   <trkpt lat="51.0594278" lon="13.8025556">
    <ele>106</ele>
    <time>2026-08-04T19:26:26Z</time>
    <extensions>
     <gpxdata:hr>127</gpxdata:hr>
     <gpxdata:distance>21562.00</gpxdata:distance>
     <gpxdata:speed>7.542</gpxdata:speed>
    </extensions>
   </trkpt>
   <trkpt lat="51.0594710" lon="13.8024673">
    <ele>106</ele>
    <time>2026-08-04T19:26:27Z</time>
    <extensions>
     <gpxdata:hr>128</gpxdata:hr>
     <gpxdata:distance>21570.00</gpxdata:distance>
     <gpxdata:speed>7.725</gpxdata:speed>
    </extensions>
   </trkpt>
   <trkpt lat="51.0595135" lon="13.8023775">
    <ele>106</ele>
    <time>2026-08-04T19:26:28Z</time>
    <extensions>
     <gpxdata:hr>128</gpxdata:hr>
     <gpxdata:distance>21578.00</gpxdata:distance>
     <gpxdata:speed>7.789</gpxdata:speed>
    </extensions>
   </trkpt>
   <trkpt lat="51.0595548" lon="13.8022860">
    <ele>106</ele>
    <time>2026-08-04T19:26:29Z</time>
    <extensions>
     <gpxdata:hr>129</gpxdata:hr>
     <gpxdata:distance>21586.00</gpxdata:distance>
     <gpxdata:speed>7.833</gpxdata:speed>
    </extensions>
   </trkpt>
   <trkpt lat="51.0595949" lon="13.8021932">
    <ele>106</ele>
    <time>2026-08-04T19:26:30Z</time>
    <extensions>
     <gpxdata:hr>128</gpxdata:hr>
     <gpxdata:distance>21593.50</gpxdata:distance>
     <gpxdata:speed>7.853</gpxdata:speed>
    </extensions>
   </trkpt>
   <trkpt lat="51.0596344" lon="13.8020999">
    <ele>106</ele>
    <time>2026-08-04T19:26:31Z</time>
    <extensions>
     <gpxdata:hr>128</gpxdata:hr>
     <gpxdata:distance>21601.00</gpxdata:distance>
     <gpxdata:speed>7.872</gpxdata:speed>
    </extensions>
   </trkpt>
   <trkpt lat="51.0596737" lon="13.8020061">
    <ele>106</ele>
    <time>2026-08-04T19:26:32Z</time>
    <extensions>
     <gpxdata:hr>127</gpxdata:hr>
     <gpxdata:distance>21609.00</gpxdata:distance>
     <gpxdata:speed>7.864</gpxdata:speed>
    </extensions>
   </trkpt>
   <trkpt lat="51.0597123" lon="13.8019114">
    <ele>106</ele>
    <time>2026-08-04T19:26:33Z</time>
    <extensions>
     <gpxdata:hr>128</gpxdata:hr>
     <gpxdata:distance>21617.00</gpxdata:distance>
     <gpxdata:speed>7.881</gpxdata:speed>
    </extensions>
   </trkpt>
   <trkpt lat="51.0597498" lon="13.8018148">
    <ele>106</ele>
    <time>2026-08-04T19:26:34Z</time>
    <extensions>
     <gpxdata:hr>128</gpxdata:hr>
     <gpxdata:distance>21625.00</gpxdata:distance>
     <gpxdata:speed>7.889</gpxdata:speed>
    </extensions>
   </trkpt>
   <trkpt lat="51.0597865" lon="13.8017168">
    <ele>106</ele>
    <time>2026-08-04T19:26:35Z</time>
    <extensions>
     <gpxdata:hr>128</gpxdata:hr>
     <gpxdata:distance>21633.00</gpxdata:distance>
     <gpxdata:speed>7.911</gpxdata:speed>
    </extensions>
   </trkpt>
   <trkpt lat="51.0598228" lon="13.8016180">
    <ele>106</ele>
    <time>2026-08-04T19:26:36Z</time>
    <extensions>
     <gpxdata:hr>128</gpxdata:hr>
     <gpxdata:distance>21641.00</gpxdata:distance>
     <gpxdata:speed>7.939</gpxdata:speed>
    </extensions>
   </trkpt>
   <trkpt lat="51.0598590" lon="13.8015187">
    <ele>106</ele>
    <time>2026-08-04T19:26:37Z</time>
    <extensions>
     <gpxdata:hr>128</gpxdata:hr>
     <gpxdata:distance>21649.00</gpxdata:distance>
     <gpxdata:speed>7.961</gpxdata:speed>
    </extensions>
   </trkpt>
   <trkpt lat="51.0598955" lon="13.8014191">
    <ele>107</ele>
    <time>2026-08-04T19:26:38Z</time>
    <extensions>
     <gpxdata:hr>128</gpxdata:hr>
     <gpxdata:distance>21657.00</gpxdata:distance>
     <gpxdata:speed>7.989</gpxdata:speed>
    </extensions>
   </trkpt>
   <trkpt lat="51.0599328" lon="13.8013195">
    <ele>106</ele>
    <time>2026-08-04T19:26:39Z</time>
    <extensions>
     <gpxdata:hr>128</gpxdata:hr>
     <gpxdata:distance>21665.00</gpxdata:distance>
     <gpxdata:speed>8.019</gpxdata:speed>
    </extensions>
   </trkpt>
   <trkpt lat="51.0599701" lon="13.8012191">
    <ele>106</ele>
    <time>2026-08-04T19:26:40Z</time>
    <extensions>
     <gpxdata:hr>129</gpxdata:hr>
     <gpxdata:distance>21673.00</gpxdata:distance>
     <gpxdata:speed>8.056</gpxdata:speed>
    </extensions>
   </trkpt>
   <trkpt lat="51.0600068" lon="13.8011175">
    <ele>106</ele>
    <time>2026-08-04T19:26:41Z</time>
    <extensions>
     <gpxdata:hr>129</gpxdata:hr>
     <gpxdata:distance>21681.00</gpxdata:distance>
     <gpxdata:speed>8.092</gpxdata:speed>
    </extensions>
   </trkpt>
   <trkpt lat="51.0600429" lon="13.8010148">
    <ele>106</ele>
    <time>2026-08-04T19:26:42Z</time>
    <extensions>
     <gpxdata:hr>129</gpxdata:hr>
     <gpxdata:distance>21689.50</gpxdata:distance>
     <gpxdata:speed>8.136</gpxdata:speed>
    </extensions>
   </trkpt>
   <trkpt lat="51.0600790" lon="13.8009116">
    <ele>106</ele>
    <time>2026-08-04T19:26:43Z</time>
    <extensions>
     <gpxdata:hr>129</gpxdata:hr>
     <gpxdata:distance>21698.00</gpxdata:distance>
     <gpxdata:speed>8.169</gpxdata:speed>
    </extensions>
   </trkpt>
   <trkpt lat="51.0601155" lon="13.8008085">
    <ele>106</ele>
    <time>2026-08-04T19:26:44Z</time>
    <extensions>
     <gpxdata:hr>129</gpxdata:hr>
     <gpxdata:distance>21706.00</gpxdata:distance>
     <gpxdata:speed>8.206</gpxdata:speed>
    </extensions>
   </trkpt>
   <trkpt lat="51.0601518" lon="13.8007043">
    <ele>106</ele>
    <time>2026-08-04T19:26:45Z</time>
    <extensions>
     <gpxdata:hr>129</gpxdata:hr>
     <gpxdata:distance>21714.00</gpxdata:distance>
     <gpxdata:speed>8.233</gpxdata:speed>
    </extensions>
   </trkpt>
   <trkpt lat="51.0601885" lon="13.8005983">
    <ele>106</ele>
    <time>2026-08-04T19:26:46Z</time>
    <extensions>
     <gpxdata:hr>129</gpxdata:hr>
     <gpxdata:distance>21722.50</gpxdata:distance>
     <gpxdata:speed>8.278</gpxdata:speed>
    </extensions>
   </trkpt>
   <trkpt lat="51.0602258" lon="13.8004904">
    <ele>106</ele>
    <time>2026-08-04T19:26:47Z</time>
    <extensions>
     <gpxdata:hr>129</gpxdata:hr>
     <gpxdata:distance>21731.00</gpxdata:distance>
     <gpxdata:speed>8.353</gpxdata:speed>
    </extensions>
   </trkpt>
   <trkpt lat="51.0602638" lon="13.8003796">
    <ele>106</ele>
    <time>2026-08-04T19:26:48Z</time>
    <extensions>
     <gpxdata:hr>130</gpxdata:hr>
     <gpxdata:distance>21740.00</gpxdata:distance>
     <gpxdata:speed>8.458</gpxdata:speed>
    </extensions>
   </trkpt>
   <trkpt lat="51.0603022" lon="13.8002661">
    <ele>106</ele>
    <time>2026-08-04T19:26:49Z</time>
    <extensions>
     <gpxdata:hr>130</gpxdata:hr>
     <gpxdata:distance>21749.00</gpxdata:distance>
     <gpxdata:speed>8.692</gpxdata:speed>
    </extensions>
   </trkpt>
   <trkpt lat="51.0603412" lon="13.8001511">
    <ele>106</ele>
    <time>2026-08-04T19:26:50Z</time>
    <extensions>
     <gpxdata:hr>131</gpxdata:hr>
     <gpxdata:distance>21758.50</gpxdata:distance>
     <gpxdata:speed>8.906</gpxdata:speed>
    </extensions>
   </trkpt>
   <trkpt lat="51.0603810" lon="13.8000331">
    <ele>106</ele>
    <time>2026-08-04T19:26:51Z</time>
    <extensions>
     <gpxdata:hr>132</gpxdata:hr>
     <gpxdata:distance>21768.00</gpxdata:distance>
     <gpxdata:speed>9.058</gpxdata:speed>
    </extensions>
   </trkpt>
   <trkpt lat="51.0604216" lon="13.7999102">
    <ele>106</ele>
    <time>2026-08-04T19:26:52Z</time>
    <extensions>
     <gpxdata:hr>133</gpxdata:hr>
     <gpxdata:distance>21777.50</gpxdata:distance>
     <gpxdata:speed>9.306</gpxdata:speed>
    </extensions>
   </trkpt>
   <trkpt lat="51.0604639" lon="13.7997828">
    <ele>106</ele>
    <time>2026-08-04T19:26:53Z</time>
    <extensions>
     <gpxdata:hr>133</gpxdata:hr>
     <gpxdata:distance>21787.00</gpxdata:distance>
     <gpxdata:speed>9.636</gpxdata:speed>
    </extensions>
   </trkpt>
   <trkpt lat="51.0605073" lon="13.7996513">
    <ele>106</ele>
    <time>2026-08-04T19:26:54Z</time>
    <extensions>
     <gpxdata:hr>135</gpxdata:hr>
     <gpxdata:distance>21797.50</gpxdata:distance>
     <gpxdata:speed>9.983</gpxdata:speed>
    </extensions>
   </trkpt>
   <trkpt lat="51.0605518" lon="13.7995177">
    <ele>107</ele>
    <time>2026-08-04T19:26:55Z</time>
    <extensions>
     <gpxdata:hr>136</gpxdata:hr>
     <gpxdata:distance>21808.00</gpxdata:distance>
     <gpxdata:speed>10.272</gpxdata:speed>
    </extensions>
   </trkpt>
   <trkpt lat="51.0605966" lon="13.7993840">
    <ele>107</ele>
    <time>2026-08-04T19:26:56Z</time>
    <extensions>
     <gpxdata:hr>137</gpxdata:hr>
     <gpxdata:distance>21818.50</gpxdata:distance>
     <gpxdata:speed>10.450</gpxdata:speed>
    </extensions>
   </trkpt>
   <trkpt lat="51.0606412" lon="13.7992516">
    <ele>107</ele>
    <time>2026-08-04T19:26:57Z</time>
    <extensions>
     <gpxdata:hr>138</gpxdata:hr>
     <gpxdata:distance>21829.00</gpxdata:distance>
     <gpxdata:speed>10.492</gpxdata:speed>
    </extensions>
   </trkpt>
   <trkpt lat="51.0606853" lon="13.7991210">
    <ele>107</ele>
    <time>2026-08-04T19:26:58Z</time>
    <extensions>
     <gpxdata:hr>139</gpxdata:hr>
     <gpxdata:distance>21839.50</gpxdata:distance>
     <gpxdata:speed>10.442</gpxdata:speed>
    </extensions>
   </trkpt>
   <trkpt lat="51.0607285" lon="13.7989917">
    <ele>107</ele>
    <time>2026-08-04T19:26:59Z</time>
    <extensions>
     <gpxdata:hr>141</gpxdata:hr>
     <gpxdata:distance>21850.00</gpxdata:distance>
     <gpxdata:speed>10.356</gpxdata:speed>
    </extensions>
   </trkpt>
   <trkpt lat="51.0607702" lon="13.7988632">
    <ele>107</ele>
    <time>2026-08-04T19:27:00Z</time>
    <extensions>
     <gpxdata:hr>143</gpxdata:hr>
     <gpxdata:distance>21860.00</gpxdata:distance>
     <gpxdata:speed>10.322</gpxdata:speed>
    </extensions>
   </trkpt>
   <trkpt lat="51.0608108" lon="13.7987358">
    <ele>107</ele>
    <time>2026-08-04T19:27:01Z</time>
    <extensions>
     <gpxdata:hr>145</gpxdata:hr>
     <gpxdata:distance>21870.00</gpxdata:distance>
     <gpxdata:speed>10.261</gpxdata:speed>
    </extensions>
   </trkpt>
   <trkpt lat="51.0608508" lon="13.7986088">
    <ele>107</ele>
    <time>2026-08-04T19:27:02Z</time>
    <extensions>
     <gpxdata:hr>146</gpxdata:hr>
     <gpxdata:distance>21880.00</gpxdata:distance>
     <gpxdata:speed>10.181</gpxdata:speed>
    </extensions>
   </trkpt>
   <trkpt lat="51.0608897" lon="13.7984818">
    <ele>107</ele>
    <time>2026-08-04T19:27:03Z</time>
    <extensions>
     <gpxdata:hr>146</gpxdata:hr>
     <gpxdata:distance>21890.00</gpxdata:distance>
     <gpxdata:speed>10.103</gpxdata:speed>
    </extensions>
   </trkpt>
   <trkpt lat="51.0609269" lon="13.7983540">
    <ele>107</ele>
    <time>2026-08-04T19:27:04Z</time>
    <extensions>
     <gpxdata:hr>145</gpxdata:hr>
     <gpxdata:distance>21899.50</gpxdata:distance>
     <gpxdata:speed>10.031</gpxdata:speed>
    </extensions>
   </trkpt>
   <trkpt lat="51.0609624" lon="13.7982257">
    <ele>107</ele>
    <time>2026-08-04T19:27:05Z</time>
    <extensions>
     <gpxdata:hr>144</gpxdata:hr>
     <gpxdata:distance>21909.00</gpxdata:distance>
     <gpxdata:speed>9.967</gpxdata:speed>
    </extensions>
   </trkpt>
   <trkpt lat="51.0609969" lon="13.7980975">
    <ele>107</ele>
    <time>2026-08-04T19:27:06Z</time>
    <extensions>
     <gpxdata:hr>144</gpxdata:hr>
     <gpxdata:distance>21919.00</gpxdata:distance>
     <gpxdata:speed>9.903</gpxdata:speed>
    </extensions>
   </trkpt>
   <trkpt lat="51.0610313" lon="13.7979689">
    <ele>107</ele>
    <time>2026-08-04T19:27:07Z</time>
    <extensions>
     <gpxdata:hr>144</gpxdata:hr>
     <gpxdata:distance>21929.00</gpxdata:distance>
     <gpxdata:speed>9.844</gpxdata:speed>
    </extensions>
   </trkpt>
   <trkpt lat="51.0610659" lon="13.7978398">
    <ele>107</ele>
    <time>2026-08-04T19:27:08Z</time>
    <extensions>
     <gpxdata:hr>144</gpxdata:hr>
     <gpxdata:distance>21939.00</gpxdata:distance>
     <gpxdata:speed>9.819</gpxdata:speed>
    </extensions>
   </trkpt>
   <trkpt lat="51.0611014" lon="13.7977109">
    <ele>107</ele>
    <time>2026-08-04T19:27:09Z</time>
    <extensions>
     <gpxdata:hr>145</gpxdata:hr>
     <gpxdata:distance>21949.00</gpxdata:distance>
     <gpxdata:speed>9.817</gpxdata:speed>
    </extensions>
   </trkpt>
   <trkpt lat="51.0611375" lon="13.7975824">
    <ele>107</ele>
    <time>2026-08-04T19:27:10Z</time>
    <extensions>
     <gpxdata:hr>145</gpxdata:hr>
     <gpxdata:distance>21958.50</gpxdata:distance>
     <gpxdata:speed>9.825</gpxdata:speed>
    </extensions>
   </trkpt>
   <trkpt lat="51.0611728" lon="13.7974536">
    <ele>107</ele>
    <time>2026-08-04T19:27:11Z</time>
    <extensions>
     <gpxdata:hr>146</gpxdata:hr>
     <gpxdata:distance>21968.00</gpxdata:distance>
     <gpxdata:speed>9.828</gpxdata:speed>
    </extensions>
   </trkpt>
   <trkpt lat="51.0612071" lon="13.7973239">
    <ele>107</ele>
    <time>2026-08-04T19:27:12Z</time>
    <extensions>
     <gpxdata:hr>146</gpxdata:hr>
     <gpxdata:distance>21978.00</gpxdata:distance>
     <gpxdata:speed>9.828</gpxdata:speed>
    </extensions>
   </trkpt>
   <trkpt lat="51.0612413" lon="13.7971941">
    <ele>107</ele>
    <time>2026-08-04T19:27:13Z</time>
    <extensions>
     <gpxdata:hr>147</gpxdata:hr>
     <gpxdata:distance>21988.00</gpxdata:distance>
     <gpxdata:speed>9.833</gpxdata:speed>
    </extensions>
   </trkpt>
   <trkpt lat="51.0612751" lon="13.7970640">
    <ele>107</ele>
    <time>2026-08-04T19:27:14Z</time>
    <extensions>
     <gpxdata:hr>146</gpxdata:hr>
     <gpxdata:distance>21998.00</gpxdata:distance>
     <gpxdata:speed>9.836</gpxdata:speed>
    </extensions>
   </trkpt>
   <trkpt lat="51.0613086" lon="13.7969336">
    <ele>107</ele>
    <time>2026-08-04T19:27:15Z</time>
    <extensions>
     <gpxdata:hr>146</gpxdata:hr>
     <gpxdata:distance>22008.00</gpxdata:distance>
     <gpxdata:speed>9.839</gpxdata:speed>
    </extensions>
   </trkpt>
   <trkpt lat="51.0613410" lon="13.7968022">
    <ele>107</ele>
    <time>2026-08-04T19:27:16Z</time>
    <extensions>
     <gpxdata:hr>147</gpxdata:hr>
     <gpxdata:distance>22017.50</gpxdata:distance>
     <gpxdata:speed>9.847</gpxdata:speed>
    </extensions>
   </trkpt>
   <trkpt lat="51.0613715" lon="13.7966688">
    <ele>107</ele>
    <time>2026-08-04T19:27:17Z</time>
    <extensions>
     <gpxdata:hr>147</gpxdata:hr>
     <gpxdata:distance>22027.00</gpxdata:distance>
     <gpxdata:speed>9.861</gpxdata:speed>
    </extensions>
   </trkpt>
   <trkpt lat="51.0614006" lon="13.7965336">
    <ele>107</ele>
    <time>2026-08-04T19:27:18Z</time>
    <extensions>
     <gpxdata:hr>147</gpxdata:hr>
     <gpxdata:distance>22037.50</gpxdata:distance>
     <gpxdata:speed>9.889</gpxdata:speed>
    </extensions>
   </trkpt>
   <trkpt lat="51.0614287" lon="13.7963971">
    <ele>107</ele>
    <time>2026-08-04T19:27:19Z</time>
    <extensions>
     <gpxdata:hr>147</gpxdata:hr>
     <gpxdata:distance>22048.00</gpxdata:distance>
     <gpxdata:speed>9.931</gpxdata:speed>
    </extensions>
   </trkpt>
   <trkpt lat="51.0614553" lon="13.7962598">
    <ele>107</ele>
    <time>2026-08-04T19:27:20Z</time>
    <extensions>
     <gpxdata:hr>147</gpxdata:hr>
     <gpxdata:distance>22058.00</gpxdata:distance>
     <gpxdata:speed>9.969</gpxdata:speed>
    </extensions>
   </trkpt>
   <trkpt lat="51.0614793" lon="13.7961215">
    <ele>107</ele>
    <time>2026-08-04T19:27:21Z</time>
    <extensions>
     <gpxdata:hr>147</gpxdata:hr>
     <gpxdata:distance>22068.00</gpxdata:distance>
     <gpxdata:speed>9.994</gpxdata:speed>
    </extensions>
   </trkpt>
   <trkpt lat="51.0614985" lon="13.7959825">
    <ele>107</ele>
    <time>2026-08-04T19:27:22Z</time>
    <extensions>
     <gpxdata:hr>147</gpxdata:hr>
     <gpxdata:distance>22078.00</gpxdata:distance>
     <gpxdata:speed>10.008</gpxdata:speed>
    </extensions>
   </trkpt>
   <trkpt lat="51.0615089" lon="13.7958419">
    <ele>106</ele>
    <time>2026-08-04T19:27:23Z</time>
    <extensions>
     <gpxdata:hr>147</gpxdata:hr>
     <gpxdata:distance>22088.00</gpxdata:distance>
     <gpxdata:speed>9.989</gpxdata:speed>
    </extensions>
   </trkpt>
   <trkpt lat="51.0615074" lon="13.7957006">
    <ele>106</ele>
    <time>2026-08-04T19:27:24Z</time>
    <extensions>
     <gpxdata:hr>148</gpxdata:hr>
     <gpxdata:distance>22097.50</gpxdata:distance>
     <gpxdata:speed>9.972</gpxdata:speed>
    </extensions>
   </trkpt>
   <trkpt lat="51.0614928" lon="13.7955608">
    <ele>106</ele>
    <time>2026-08-04T19:27:25Z</time>
    <extensions>
     <gpxdata:hr>149</gpxdata:hr>
     <gpxdata:distance>22107.00</gpxdata:distance>
     <gpxdata:speed>9.964</gpxdata:speed>
    </extensions>
   </trkpt>
   <trkpt lat="51.0614667" lon="13.7954255">
    <ele>106</ele>
    <time>2026-08-04T19:27:26Z</time>
    <extensions>
     <gpxdata:hr>149</gpxdata:hr>
     <gpxdata:distance>22117.00</gpxdata:distance>
     <gpxdata:speed>9.969</gpxdata:speed>
    </extensions>
   </trkpt>
   <trkpt lat="51.0614347" lon="13.7952949">
    <ele>106</ele>
    <time>2026-08-04T19:27:27Z</time>
    <extensions>
     <gpxdata:hr>150</gpxdata:hr>
     <gpxdata:distance>22127.00</gpxdata:distance>
     <gpxdata:speed>9.944</gpxdata:speed>
    </extensions>
   </trkpt>
   <trkpt lat="51.0614054" lon="13.7951662">
    <ele>107</ele>
    <time>2026-08-04T19:27:28Z</time>
    <extensions>
     <gpxdata:hr>150</gpxdata:hr>
     <gpxdata:distance>22136.50</gpxdata:distance>
     <gpxdata:speed>9.869</gpxdata:speed>
    </extensions>
   </trkpt>
   <trkpt lat="51.0613883" lon="13.7950363">
    <ele>107</ele>
    <time>2026-08-04T19:27:29Z</time>
    <extensions>
     <gpxdata:hr>150</gpxdata:hr>
     <gpxdata:distance>22146.00</gpxdata:distance>
     <gpxdata:speed>9.742</gpxdata:speed>
    </extensions>
   </trkpt>
   <trkpt lat="51.0613887" lon="13.7949050">
    <ele>107</ele>
    <time>2026-08-04T19:27:30Z</time>
    <extensions>
     <gpxdata:hr>151</gpxdata:hr>
     <gpxdata:distance>22155.50</gpxdata:distance>
     <gpxdata:speed>9.608</gpxdata:speed>
    </extensions>
   </trkpt>
   <trkpt lat="51.0614044" lon="13.7947729">
    <ele>107</ele>
    <time>2026-08-04T19:27:31Z</time>
    <extensions>
     <gpxdata:hr>151</gpxdata:hr>
     <gpxdata:distance>22165.00</gpxdata:distance>
     <gpxdata:speed>9.528</gpxdata:speed>
    </extensions>
   </trkpt>
   <trkpt lat="51.0614293" lon="13.7946418">
    <ele>107</ele>
    <time>2026-08-04T19:27:32Z</time>
    <extensions>
     <gpxdata:hr>151</gpxdata:hr>
     <gpxdata:distance>22174.50</gpxdata:distance>
     <gpxdata:speed>9.531</gpxdata:speed>
    </extensions>
   </trkpt>
   <trkpt lat="51.0614578" lon="13.7945114">
    <ele>107</ele>
    <time>2026-08-04T19:27:33Z</time>
    <extensions>
     <gpxdata:hr>151</gpxdata:hr>
     <gpxdata:distance>22184.00</gpxdata:distance>
     <gpxdata:speed>9.539</gpxdata:speed>
    </extensions>
   </trkpt>
   <trkpt lat="51.0614864" lon="13.7943809">
    <ele>108</ele>
    <time>2026-08-04T19:27:34Z</time>
    <extensions>
     <gpxdata:hr>151</gpxdata:hr>
     <gpxdata:distance>22193.50</gpxdata:distance>
     <gpxdata:speed>9.553</gpxdata:speed>
    </extensions>
   </trkpt>
   <trkpt lat="51.0615131" lon="13.7942493">
    <ele>108</ele>
    <time>2026-08-04T19:27:35Z</time>
    <extensions>
     <gpxdata:hr>151</gpxdata:hr>
     <gpxdata:distance>22203.00</gpxdata:distance>
     <gpxdata:speed>9.567</gpxdata:speed>
    </extensions>
   </trkpt>
   <trkpt lat="51.0615374" lon="13.7941161">
    <ele>108</ele>
    <time>2026-08-04T19:27:36Z</time>
    <extensions>
     <gpxdata:hr>152</gpxdata:hr>
     <gpxdata:distance>22213.00</gpxdata:distance>
     <gpxdata:speed>9.592</gpxdata:speed>
    </extensions>
   </trkpt>
   <trkpt lat="51.0615602" lon="13.7939815">
    <ele>108</ele>
    <time>2026-08-04T19:27:37Z</time>
    <extensions>
     <gpxdata:hr>152</gpxdata:hr>
     <gpxdata:distance>22223.00</gpxdata:distance>
     <gpxdata:speed>9.622</gpxdata:speed>
    </extensions>
   </trkpt>
   <trkpt lat="51.0615829" lon="13.7938461">
    <ele>108</ele>
    <time>2026-08-04T19:27:38Z</time>
    <extensions>
     <gpxdata:hr>153</gpxdata:hr>
     <gpxdata:distance>22232.50</gpxdata:distance>
     <gpxdata:speed>9.669</gpxdata:speed>
    </extensions>
   </trkpt>
   <trkpt lat="51.0616061" lon="13.7937104">
    <ele>108</ele>
    <time>2026-08-04T19:27:39Z</time>
    <extensions>
     <gpxdata:hr>153</gpxdata:hr>
     <gpxdata:distance>22242.00</gpxdata:distance>
     <gpxdata:speed>9.719</gpxdata:speed>
    </extensions>
   </trkpt>
   <trkpt lat="51.0616295" lon="13.7935752">
    <ele>107</ele>
    <time>2026-08-04T19:27:40Z</time>
    <extensions>
     <gpxdata:hr>153</gpxdata:hr>
     <gpxdata:distance>22252.00</gpxdata:distance>
     <gpxdata:speed>9.764</gpxdata:speed>
    </extensions>
   </trkpt>
   <trkpt lat="51.0616526" lon="13.7934397">
    <ele>107</ele>
    <time>2026-08-04T19:27:41Z</time>
    <extensions>
     <gpxdata:hr>154</gpxdata:hr>
     <gpxdata:distance>22262.00</gpxdata:distance>
     <gpxdata:speed>9.781</gpxdata:speed>
    </extensions>
   </trkpt>
   <trkpt lat="51.0616757" lon="13.7933039">
    <ele>107</ele>
    <time>2026-08-04T19:27:42Z</time>
    <extensions>
     <gpxdata:hr>154</gpxdata:hr>
     <gpxdata:distance>22272.00</gpxdata:distance>
     <gpxdata:speed>9.797</gpxdata:speed>
    </extensions>
   </trkpt>
   <trkpt lat="51.0616992" lon="13.7931677">
    <ele>107</ele>
    <time>2026-08-04T19:27:43Z</time>
    <extensions>
     <gpxdata:hr>155</gpxdata:hr>
     <gpxdata:distance>22282.00</gpxdata:distance>
     <gpxdata:speed>9.817</gpxdata:speed>
    </extensions>
   </trkpt>
   <trkpt lat="51.0617239" lon="13.7930308">
    <ele>108</ele>
    <time>2026-08-04T19:27:44Z</time>
    <extensions>
     <gpxdata:hr>155</gpxdata:hr>
     <gpxdata:distance>22291.50</gpxdata:distance>
     <gpxdata:speed>9.844</gpxdata:speed>
    </extensions>
   </trkpt>
   <trkpt lat="51.0617501" lon="13.7928931">
    <ele>108</ele>
    <time>2026-08-04T19:27:45Z</time>
    <extensions>
     <gpxdata:hr>155</gpxdata:hr>
     <gpxdata:distance>22301.00</gpxdata:distance>
     <gpxdata:speed>9.894</gpxdata:speed>
    </extensions>
   </trkpt>
   <trkpt lat="51.0617768" lon="13.7927547">
    <ele>108</ele>
    <time>2026-08-04T19:27:46Z</time>
    <extensions>
     <gpxdata:hr>157</gpxdata:hr>
     <gpxdata:distance>22311.50</gpxdata:distance>
     <gpxdata:speed>9.958</gpxdata:speed>
    </extensions>
   </trkpt>
   <trkpt lat="51.0618028" lon="13.7926157">
    <ele>108</ele>
    <time>2026-08-04T19:27:47Z</time>
    <extensions>
     <gpxdata:hr>157</gpxdata:hr>
     <gpxdata:distance>22322.00</gpxdata:distance>
     <gpxdata:speed>10.019</gpxdata:speed>
    </extensions>
   </trkpt>
   <trkpt lat="51.0618283" lon="13.7924760">
    <ele>108</ele>
    <time>2026-08-04T19:27:48Z</time>
    <extensions>
     <gpxdata:hr>157</gpxdata:hr>
     <gpxdata:distance>22332.00</gpxdata:distance>
     <gpxdata:speed>10.064</gpxdata:speed>
    </extensions>
   </trkpt>
   <trkpt lat="51.0618529" lon="13.7923360">
    <ele>108</ele>
    <time>2026-08-04T19:27:49Z</time>
    <extensions>
     <gpxdata:hr>157</gpxdata:hr>
     <gpxdata:distance>22342.00</gpxdata:distance>
     <gpxdata:speed>10.103</gpxdata:speed>
    </extensions>
   </trkpt>
   <trkpt lat="51.0618765" lon="13.7921954">
    <ele>108</ele>
    <time>2026-08-04T19:27:50Z</time>
    <extensions>
     <gpxdata:hr>157</gpxdata:hr>
     <gpxdata:distance>22352.00</gpxdata:distance>
     <gpxdata:speed>10.125</gpxdata:speed>
    </extensions>
   </trkpt>
   <trkpt lat="51.0618993" lon="13.7920546">
    <ele>108</ele>
    <time>2026-08-04T19:27:51Z</time>
    <extensions>
     <gpxdata:hr>157</gpxdata:hr>
     <gpxdata:distance>22362.00</gpxdata:distance>
     <gpxdata:speed>10.147</gpxdata:speed>
    </extensions>
   </trkpt>
   <trkpt lat="51.0619220" lon="13.7919137">
    <ele>108</ele>
    <time>2026-08-04T19:27:52Z</time>
    <extensions>
     <gpxdata:hr>158</gpxdata:hr>
     <gpxdata:distance>22372.50</gpxdata:distance>
     <gpxdata:speed>10.161</gpxdata:speed>
    </extensions>
   </trkpt>
   <trkpt lat="51.0619448" lon="13.7917727">
    <ele>108</ele>
    <time>2026-08-04T19:27:53Z</time>
    <extensions>
     <gpxdata:hr>158</gpxdata:hr>
     <gpxdata:distance>22383.00</gpxdata:distance>
     <gpxdata:speed>10.169</gpxdata:speed>
    </extensions>
   </trkpt>
   <trkpt lat="51.0619676" lon="13.7916315">
    <ele>108</ele>
    <time>2026-08-04T19:27:54Z</time>
    <extensions>
     <gpxdata:hr>159</gpxdata:hr>
     <gpxdata:distance>22393.00</gpxdata:distance>
     <gpxdata:speed>10.181</gpxdata:speed>
    </extensions>
   </trkpt>
   <trkpt lat="51.0619913" lon="13.7914903">
    <ele>107</ele>
    <time>2026-08-04T19:27:55Z</time>
    <extensions>
     <gpxdata:hr>158</gpxdata:hr>
     <gpxdata:distance>22403.00</gpxdata:distance>
     <gpxdata:speed>10.189</gpxdata:speed>
    </extensions>
   </trkpt>
   <trkpt lat="51.0620157" lon="13.7913493">
    <ele>107</ele>
    <time>2026-08-04T19:27:56Z</time>
    <extensions>
     <gpxdata:hr>158</gpxdata:hr>
     <gpxdata:distance>22413.50</gpxdata:distance>
     <gpxdata:speed>10.203</gpxdata:speed>
    </extensions>
   </trkpt>
   <trkpt lat="51.0620399" lon="13.7912085">
    <ele>107</ele>
    <time>2026-08-04T19:27:57Z</time>
    <extensions>
     <gpxdata:hr>158</gpxdata:hr>
     <gpxdata:distance>22424.00</gpxdata:distance>
     <gpxdata:speed>10.211</gpxdata:speed>
    </extensions>
   </trkpt>
   <trkpt lat="51.0620634" lon="13.7910675">
    <ele>107</ele>
    <time>2026-08-04T19:27:58Z</time>
    <extensions>
     <gpxdata:hr>159</gpxdata:hr>
     <gpxdata:distance>22434.00</gpxdata:distance>
     <gpxdata:speed>10.211</gpxdata:speed>
    </extensions>
   </trkpt>
   <trkpt lat="51.0620869" lon="13.7909269">
    <ele>107</ele>
    <time>2026-08-04T19:27:59Z</time>
    <extensions>
     <gpxdata:hr>159</gpxdata:hr>
     <gpxdata:distance>22444.00</gpxdata:distance>
     <gpxdata:speed>10.208</gpxdata:speed>
    </extensions>
   </trkpt>
   <trkpt lat="51.0621101" lon="13.7907862">
    <ele>107</ele>
    <time>2026-08-04T19:28:00Z</time>
    <extensions>
     <gpxdata:hr>158</gpxdata:hr>
     <gpxdata:distance>22454.00</gpxdata:distance>
     <gpxdata:speed>10.197</gpxdata:speed>
    </extensions>
   </trkpt>
   <trkpt lat="51.0621322" lon="13.7906462">
    <ele>107</ele>
    <time>2026-08-04T19:28:01Z</time>
    <extensions>
     <gpxdata:hr>158</gpxdata:hr>
     <gpxdata:distance>22464.00</gpxdata:distance>
     <gpxdata:speed>10.189</gpxdata:speed>
    </extensions>
   </trkpt>
   <trkpt lat="51.0621533" lon="13.7905067">
    <ele>107</ele>
    <time>2026-08-04T19:28:02Z</time>
    <extensions>
     <gpxdata:hr>157</gpxdata:hr>
     <gpxdata:distance>22474.00</gpxdata:distance>
     <gpxdata:speed>10.153</gpxdata:speed>
    </extensions>
   </trkpt>
   <trkpt lat="51.0621744" lon="13.7903673">
    <ele>108</ele>
    <time>2026-08-04T19:28:03Z</time>
    <extensions>
     <gpxdata:hr>157</gpxdata:hr>
     <gpxdata:distance>22484.00</gpxdata:distance>
     <gpxdata:speed>10.111</gpxdata:speed>
    </extensions>
   </trkpt>
   <trkpt lat="51.0621949" lon="13.7902280">
    <ele>108</ele>
    <time>2026-08-04T19:28:04Z</time>
    <extensions>
     <gpxdata:hr>157</gpxdata:hr>
     <gpxdata:distance>22494.00</gpxdata:distance>
     <gpxdata:speed>10.089</gpxdata:speed>
    </extensions>
   </trkpt>
   <trkpt lat="51.0622132" lon="13.7900891">
    <ele>108</ele>
    <time>2026-08-04T19:28:05Z</time>
    <extensions>
     <gpxdata:hr>158</gpxdata:hr>
     <gpxdata:distance>22504.00</gpxdata:distance>
     <gpxdata:speed>10.061</gpxdata:speed>
    </extensions>
   </trkpt>
   <trkpt lat="51.0622285" lon="13.7899497">
    <ele>108</ele>
    <time>2026-08-04T19:28:06Z</time>
    <extensions>
     <gpxdata:hr>157</gpxdata:hr>
     <gpxdata:distance>22514.00</gpxdata:distance>
     <gpxdata:speed>10.011</gpxdata:speed>
    </extensions>
   </trkpt>
   <trkpt lat="51.0622412" lon="13.7898101">
    <ele>108</ele>
    <time>2026-08-04T19:28:07Z</time>
    <extensions>
     <gpxdata:hr>157</gpxdata:hr>
     <gpxdata:distance>22524.00</gpxdata:distance>
     <gpxdata:speed>9.975</gpxdata:speed>
    </extensions>
   </trkpt>
   <trkpt lat="51.0622530" lon="13.7896703">
    <ele>107</ele>
    <time>2026-08-04T19:28:08Z</time>
    <extensions>
     <gpxdata:hr>157</gpxdata:hr>
     <gpxdata:distance>22534.00</gpxdata:distance>
     <gpxdata:speed>9.936</gpxdata:speed>
    </extensions>
   </trkpt>
   <trkpt lat="51.0622645" lon="13.7895309">
    <ele>107</ele>
    <time>2026-08-04T19:28:09Z</time>
    <extensions>
     <gpxdata:hr>156</gpxdata:hr>
     <gpxdata:distance>22544.00</gpxdata:distance>
     <gpxdata:speed>9.914</gpxdata:speed>
    </extensions>
   </trkpt>
   <trkpt lat="51.0622750" lon="13.7893938">
    <ele>107</ele>
    <time>2026-08-04T19:28:10Z</time>
    <extensions>
     <gpxdata:hr>156</gpxdata:hr>
     <gpxdata:distance>22553.50</gpxdata:distance>
     <gpxdata:speed>9.883</gpxdata:speed>
    </extensions>
   </trkpt>
   <trkpt lat="51.0622855" lon="13.7892588">
    <ele>107</ele>
    <time>2026-08-04T19:28:11Z</time>
    <extensions>
     <gpxdata:hr>156</gpxdata:hr>
     <gpxdata:distance>22563.00</gpxdata:distance>
     <gpxdata:speed>9.794</gpxdata:speed>
    </extensions>
   </trkpt>
   <trkpt lat="51.0622984" lon="13.7891255">
    <ele>107</ele>
    <time>2026-08-04T19:28:12Z</time>
    <extensions>
     <gpxdata:hr>156</gpxdata:hr>
     <gpxdata:distance>22572.50</gpxdata:distance>
     <gpxdata:speed>9.686</gpxdata:speed>
    </extensions>
   </trkpt>
   <trkpt lat="51.0623130" lon="13.7889923">
    <ele>107</ele>
    <time>2026-08-04T19:28:13Z</time>
    <extensions>
     <gpxdata:hr>155</gpxdata:hr>
     <gpxdata:distance>22582.00</gpxdata:distance>
     <gpxdata:speed>9.600</gpxdata:speed>
    </extensions>
   </trkpt>
   <trkpt lat="51.0623273" lon="13.7888583">
    <ele>107</ele>
    <time>2026-08-04T19:28:14Z</time>
    <extensions>
     <gpxdata:hr>154</gpxdata:hr>
     <gpxdata:distance>22591.50</gpxdata:distance>
     <gpxdata:speed>9.558</gpxdata:speed>
    </extensions>
   </trkpt>
   <trkpt lat="51.0623399" lon="13.7887233">
    <ele>107</ele>
    <time>2026-08-04T19:28:15Z</time>
    <extensions>
     <gpxdata:hr>154</gpxdata:hr>
     <gpxdata:distance>22601.00</gpxdata:distance>
     <gpxdata:speed>9.542</gpxdata:speed>
    </extensions>
   </trkpt>
   <trkpt lat="51.0623510" lon="13.7885874">
    <ele>107</ele>
    <time>2026-08-04T19:28:16Z</time>
    <extensions>
     <gpxdata:hr>154</gpxdata:hr>
     <gpxdata:distance>22610.50</gpxdata:distance>
     <gpxdata:speed>9.542</gpxdata:speed>
    </extensions>
   </trkpt>
   <trkpt lat="51.0623614" lon="13.7884502">
    <ele>107</ele>
    <time>2026-08-04T19:28:17Z</time>
    <extensions>
     <gpxdata:hr>154</gpxdata:hr>
     <gpxdata:distance>22620.00</gpxdata:distance>
     <gpxdata:speed>9.556</gpxdata:speed>
    </extensions>
   </trkpt>
   <trkpt lat="51.0623713" lon="13.7883107">
    <ele>107</ele>
    <time>2026-08-04T19:28:18Z</time>
    <extensions>
     <gpxdata:hr>154</gpxdata:hr>
     <gpxdata:distance>22630.00</gpxdata:distance>
     <gpxdata:speed>9.597</gpxdata:speed>
    </extensions>
   </trkpt>
   <trkpt lat="51.0623805" lon="13.7881684">
    <ele>107</ele>
    <time>2026-08-04T19:28:19Z</time>
    <extensions>
     <gpxdata:hr>154</gpxdata:hr>
     <gpxdata:distance>22640.00</gpxdata:distance>
     <gpxdata:speed>9.678</gpxdata:speed>
    </extensions>
   </trkpt>
   <trkpt lat="51.0623902" lon="13.7880231">
    <ele>107</ele>
    <time>2026-08-04T19:28:20Z</time>
    <extensions>
     <gpxdata:hr>154</gpxdata:hr>
     <gpxdata:distance>22650.50</gpxdata:distance>
     <gpxdata:speed>9.797</gpxdata:speed>
    </extensions>
   </trkpt>
   <trkpt lat="51.0624008" lon="13.7878770">
    <ele>107</ele>
    <time>2026-08-04T19:28:21Z</time>
    <extensions>
     <gpxdata:hr>154</gpxdata:hr>
     <gpxdata:distance>22661.00</gpxdata:distance>
     <gpxdata:speed>9.953</gpxdata:speed>
    </extensions>
   </trkpt>
   <trkpt lat="51.0624115" lon="13.7877313">
    <ele>107</ele>
    <time>2026-08-04T19:28:22Z</time>
    <extensions>
     <gpxdata:hr>154</gpxdata:hr>
     <gpxdata:distance>22671.00</gpxdata:distance>
     <gpxdata:speed>10.069</gpxdata:speed>
    </extensions>
   </trkpt>
   <trkpt lat="51.0624219" lon="13.7875858">
    <ele>107</ele>
    <time>2026-08-04T19:28:23Z</time>
    <extensions>
     <gpxdata:hr>154</gpxdata:hr>
     <gpxdata:distance>22681.00</gpxdata:distance>
     <gpxdata:speed>10.133</gpxdata:speed>
    </extensions>
   </trkpt>
   <trkpt lat="51.0624330" lon="13.7874401">
    <ele>107</ele>
    <time>2026-08-04T19:28:24Z</time>
    <extensions>
     <gpxdata:hr>155</gpxdata:hr>
     <gpxdata:distance>22691.50</gpxdata:distance>
     <gpxdata:speed>10.186</gpxdata:speed>
    </extensions>
   </trkpt>
   <trkpt lat="51.0624454" lon="13.7872947">
    <ele>107</ele>
    <time>2026-08-04T19:28:25Z</time>
    <extensions>
     <gpxdata:hr>155</gpxdata:hr>
     <gpxdata:distance>22702.00</gpxdata:distance>
     <gpxdata:speed>10.247</gpxdata:speed>
    </extensions>
   </trkpt>
   <trkpt lat="51.0624624" lon="13.7871520">
    <ele>107</ele>
    <time>2026-08-04T19:28:26Z</time>
    <extensions>
     <gpxdata:hr>156</gpxdata:hr>
     <gpxdata:distance>22712.00</gpxdata:distance>
     <gpxdata:speed>10.256</gpxdata:speed>
    </extensions>
   </trkpt>
   <trkpt lat="51.0624861" lon="13.7870127">
    <ele>107</ele>
    <time>2026-08-04T19:28:27Z</time>
    <extensions>
     <gpxdata:hr>157</gpxdata:hr>
     <gpxdata:distance>22722.00</gpxdata:distance>
     <gpxdata:speed>10.200</gpxdata:speed>
    </extensions>
   </trkpt>
   <trkpt lat="51.0625143" lon="13.7868756">
    <ele>107</ele>
    <time>2026-08-04T19:28:28Z</time>
    <extensions>
     <gpxdata:hr>157</gpxdata:hr>
     <gpxdata:distance>22732.00</gpxdata:distance>
     <gpxdata:speed>10.169</gpxdata:speed>
    </extensions>
   </trkpt>
   <trkpt lat="51.0625441" lon="13.7867391">
    <ele>108</ele>
    <time>2026-08-04T19:28:29Z</time>
    <extensions>
     <gpxdata:hr>158</gpxdata:hr>
     <gpxdata:distance>22742.00</gpxdata:distance>
     <gpxdata:speed>10.153</gpxdata:speed>
    </extensions>
   </trkpt>
   <trkpt lat="51.0625748" lon="13.7866037">
    <ele>108</ele>
    <time>2026-08-04T19:28:30Z</time>
    <extensions>
     <gpxdata:hr>159</gpxdata:hr>
     <gpxdata:distance>22752.00</gpxdata:distance>
     <gpxdata:speed>10.139</gpxdata:speed>
    </extensions>
   </trkpt>
   <trkpt lat="51.0626034" lon="13.7864681">
    <ele>108</ele>
    <time>2026-08-04T19:28:31Z</time>
    <extensions>
     <gpxdata:hr>159</gpxdata:hr>
     <gpxdata:distance>22762.00</gpxdata:distance>
     <gpxdata:speed>10.108</gpxdata:speed>
    </extensions>
   </trkpt>
   <trkpt lat="51.0626283" lon="13.7863320">
    <ele>108</ele>
    <time>2026-08-04T19:28:32Z</time>
    <extensions>
     <gpxdata:hr>159</gpxdata:hr>
     <gpxdata:distance>22772.00</gpxdata:distance>
     <gpxdata:speed>10.067</gpxdata:speed>
    </extensions>
   </trkpt>
   <trkpt lat="51.0626492" lon="13.7861952">
    <ele>108</ele>
    <time>2026-08-04T19:28:33Z</time>
    <extensions>
     <gpxdata:hr>159</gpxdata:hr>
     <gpxdata:distance>22782.00</gpxdata:distance>
     <gpxdata:speed>10.011</gpxdata:speed>
    </extensions>
   </trkpt>
   <trkpt lat="51.0626677" lon="13.7860578">
    <ele>109</ele>
    <time>2026-08-04T19:28:34Z</time>
    <extensions>
     <gpxdata:hr>159</gpxdata:hr>
     <gpxdata:distance>22792.00</gpxdata:distance>
     <gpxdata:speed>9.953</gpxdata:speed>
    </extensions>
   </trkpt>
   <trkpt lat="51.0626846" lon="13.7859190">
    <ele>109</ele>
    <time>2026-08-04T19:28:35Z</time>
    <extensions>
     <gpxdata:hr>160</gpxdata:hr>
     <gpxdata:distance>22802.00</gpxdata:distance>
     <gpxdata:speed>9.908</gpxdata:speed>
    </extensions>
   </trkpt>
   <trkpt lat="51.0627007" lon="13.7857781">
    <ele>109</ele>
    <time>2026-08-04T19:28:36Z</time>
    <extensions>
     <gpxdata:hr>159</gpxdata:hr>
     <gpxdata:distance>22812.00</gpxdata:distance>
     <gpxdata:speed>9.906</gpxdata:speed>
    </extensions>
   </trkpt>
   <trkpt lat="51.0627169" lon="13.7856357">
    <ele>108</ele>
    <time>2026-08-04T19:28:37Z</time>
    <extensions>
     <gpxdata:hr>160</gpxdata:hr>
     <gpxdata:distance>22822.00</gpxdata:distance>
     <gpxdata:speed>9.953</gpxdata:speed>
    </extensions>
   </trkpt>
   <trkpt lat="51.0627336" lon="13.7854926">
    <ele>108</ele>
    <time>2026-08-04T19:28:38Z</time>
    <extensions>
     <gpxdata:hr>159</gpxdata:hr>
     <gpxdata:distance>22832.00</gpxdata:distance>
     <gpxdata:speed>10.014</gpxdata:speed>
    </extensions>
   </trkpt>
   <trkpt lat="51.0627505" lon="13.7853492">
    <ele>108</ele>
    <time>2026-08-04T19:28:39Z</time>
    <extensions>
     <gpxdata:hr>159</gpxdata:hr>
     <gpxdata:distance>22842.00</gpxdata:distance>
     <gpxdata:speed>10.069</gpxdata:speed>
    </extensions>
   </trkpt>
   <trkpt lat="51.0627677" lon="13.7852055">
    <ele>108</ele>
    <time>2026-08-04T19:28:40Z</time>
    <extensions>
     <gpxdata:hr>160</gpxdata:hr>
     <gpxdata:distance>22852.50</gpxdata:distance>
     <gpxdata:speed>10.111</gpxdata:speed>
    </extensions>
   </trkpt>
   <trkpt lat="51.0627842" lon="13.7850610">
    <ele>109</ele>
    <time>2026-08-04T19:28:41Z</time>
    <extensions>
     <gpxdata:hr>160</gpxdata:hr>
     <gpxdata:distance>22863.00</gpxdata:distance>
     <gpxdata:speed>10.153</gpxdata:speed>
    </extensions>
   </trkpt>
   <trkpt lat="51.0627988" lon="13.7849155">
    <ele>109</ele>
    <time>2026-08-04T19:28:42Z</time>
    <extensions>
     <gpxdata:hr>161</gpxdata:hr>
     <gpxdata:distance>22873.00</gpxdata:distance>
     <gpxdata:speed>10.194</gpxdata:speed>
    </extensions>
   </trkpt>
   <trkpt lat="51.0628117" lon="13.7847703">
    <ele>109</ele>
    <time>2026-08-04T19:28:43Z</time>
    <extensions>
     <gpxdata:hr>161</gpxdata:hr>
     <gpxdata:distance>22883.00</gpxdata:distance>
     <gpxdata:speed>10.239</gpxdata:speed>
    </extensions>
   </trkpt>
   <trkpt lat="51.0628241" lon="13.7846260">
    <ele>109</ele>
    <time>2026-08-04T19:28:44Z</time>
    <extensions>
     <gpxdata:hr>161</gpxdata:hr>
     <gpxdata:distance>22893.50</gpxdata:distance>
     <gpxdata:speed>10.244</gpxdata:speed>
    </extensions>
   </trkpt>
   <trkpt lat="51.0628376" lon="13.7844828">
    <ele>109</ele>
    <time>2026-08-04T19:28:45Z</time>
    <extensions>
     <gpxdata:hr>161</gpxdata:hr>
     <gpxdata:distance>22904.00</gpxdata:distance>
     <gpxdata:speed>10.228</gpxdata:speed>
    </extensions>
   </trkpt>
   <trkpt lat="51.0628528" lon="13.7843405">
    <ele>109</ele>
    <time>2026-08-04T19:28:46Z</time>
    <extensions>
     <gpxdata:hr>161</gpxdata:hr>
     <gpxdata:distance>22914.00</gpxdata:distance>
     <gpxdata:speed>10.194</gpxdata:speed>
    </extensions>
   </trkpt>
   <trkpt lat="51.0628695" lon="13.7841987">
    <ele>109</ele>
    <time>2026-08-04T19:28:47Z</time>
    <extensions>
     <gpxdata:hr>162</gpxdata:hr>
     <gpxdata:distance>22924.00</gpxdata:distance>
     <gpxdata:speed>10.167</gpxdata:speed>
    </extensions>
   </trkpt>
   <trkpt lat="51.0628881" lon="13.7840563">
    <ele>109</ele>
    <time>2026-08-04T19:28:48Z</time>
    <extensions>
     <gpxdata:hr>162</gpxdata:hr>
     <gpxdata:distance>22934.00</gpxdata:distance>
     <gpxdata:speed>10.142</gpxdata:speed>
    </extensions>
   </trkpt>
   <trkpt lat="51.0629082" lon="13.7839122">
    <ele>109</ele>
    <time>2026-08-04T19:28:49Z</time>
    <extensions>
     <gpxdata:hr>162</gpxdata:hr>
     <gpxdata:distance>22944.00</gpxdata:distance>
     <gpxdata:speed>10.161</gpxdata:speed>
    </extensions>
   </trkpt>
   <trkpt lat="51.0629286" lon="13.7837662">
    <ele>109</ele>
    <time>2026-08-04T19:28:50Z</time>
    <extensions>
     <gpxdata:hr>161</gpxdata:hr>
     <gpxdata:distance>22954.50</gpxdata:distance>
     <gpxdata:speed>10.231</gpxdata:speed>
    </extensions>
   </trkpt>
   <trkpt lat="51.0629489" lon="13.7836195">
    <ele>109</ele>
    <time>2026-08-04T19:28:51Z</time>
    <extensions>
     <gpxdata:hr>161</gpxdata:hr>
     <gpxdata:distance>22965.00</gpxdata:distance>
     <gpxdata:speed>10.317</gpxdata:speed>
    </extensions>
   </trkpt>
   <trkpt lat="51.0629678" lon="13.7834729">
    <ele>109</ele>
    <time>2026-08-04T19:28:52Z</time>
    <extensions>
     <gpxdata:hr>161</gpxdata:hr>
     <gpxdata:distance>22975.50</gpxdata:distance>
     <gpxdata:speed>10.375</gpxdata:speed>
    </extensions>
   </trkpt>
   <trkpt lat="51.0629839" lon="13.7833263">
    <ele>109</ele>
    <time>2026-08-04T19:28:53Z</time>
    <extensions>
     <gpxdata:hr>161</gpxdata:hr>
     <gpxdata:distance>22986.00</gpxdata:distance>
     <gpxdata:speed>10.400</gpxdata:speed>
    </extensions>
   </trkpt>
   <trkpt lat="51.0629971" lon="13.7831798">
    <ele>109</ele>
    <time>2026-08-04T19:28:54Z</time>
    <extensions>
     <gpxdata:hr>161</gpxdata:hr>
     <gpxdata:distance>22996.50</gpxdata:distance>
     <gpxdata:speed>10.403</gpxdata:speed>
    </extensions>
   </trkpt>
   <trkpt lat="51.0630090" lon="13.7830343">
    <ele>109</ele>
    <time>2026-08-04T19:28:55Z</time>
    <extensions>
     <gpxdata:hr>161</gpxdata:hr>
     <gpxdata:distance>23007.00</gpxdata:distance>
     <gpxdata:speed>10.383</gpxdata:speed>
    </extensions>
   </trkpt>
   <trkpt lat="51.0630200" lon="13.7828897">
    <ele>109</ele>
    <time>2026-08-04T19:28:56Z</time>
    <extensions>
     <gpxdata:hr>161</gpxdata:hr>
     <gpxdata:distance>23017.00</gpxdata:distance>
     <gpxdata:speed>10.339</gpxdata:speed>
    </extensions>
   </trkpt>
   <trkpt lat="51.0630299" lon="13.7827448">
    <ele>109</ele>
    <time>2026-08-04T19:28:57Z</time>
    <extensions>
     <gpxdata:hr>161</gpxdata:hr>
     <gpxdata:distance>23027.00</gpxdata:distance>
     <gpxdata:speed>10.289</gpxdata:speed>
    </extensions>
   </trkpt>
   <trkpt lat="51.0630391" lon="13.7825987">
    <ele>109</ele>
    <time>2026-08-04T19:28:58Z</time>
    <extensions>
     <gpxdata:hr>161</gpxdata:hr>
     <gpxdata:distance>23037.50</gpxdata:distance>
     <gpxdata:speed>10.267</gpxdata:speed>
    </extensions>
   </trkpt>
   <trkpt lat="51.0630480" lon="13.7824521">
    <ele>109</ele>
    <time>2026-08-04T19:28:59Z</time>
    <extensions>
     <gpxdata:hr>160</gpxdata:hr>
     <gpxdata:distance>23048.00</gpxdata:distance>
     <gpxdata:speed>10.278</gpxdata:speed>
    </extensions>
   </trkpt>
   <trkpt lat="51.0630564" lon="13.7823060">
    <ele>109</ele>
    <time>2026-08-04T19:29:00Z</time>
    <extensions>
     <gpxdata:hr>159</gpxdata:hr>
     <gpxdata:distance>23058.00</gpxdata:distance>
     <gpxdata:speed>10.286</gpxdata:speed>
    </extensions>
   </trkpt>
   <trkpt lat="51.0630631" lon="13.7821613">
    <ele>109</ele>
    <time>2026-08-04T19:29:01Z</time>
    <extensions>
     <gpxdata:hr>159</gpxdata:hr>
     <gpxdata:distance>23068.00</gpxdata:distance>
     <gpxdata:speed>10.269</gpxdata:speed>
    </extensions>
   </trkpt>
   <trkpt lat="51.0630675" lon="13.7820189">
    <ele>109</ele>
    <time>2026-08-04T19:29:02Z</time>
    <extensions>
     <gpxdata:hr>159</gpxdata:hr>
     <gpxdata:distance>23078.00</gpxdata:distance>
     <gpxdata:speed>10.217</gpxdata:speed>
    </extensions>
   </trkpt>
   <trkpt lat="51.0630707" lon="13.7818787">
    <ele>109</ele>
    <time>2026-08-04T19:29:03Z</time>
    <extensions>
     <gpxdata:hr>159</gpxdata:hr>
     <gpxdata:distance>23088.00</gpxdata:distance>
     <gpxdata:speed>10.119</gpxdata:speed>
    </extensions>
   </trkpt>
   <trkpt lat="51.0630736" lon="13.7817402">
    <ele>109</ele>
    <time>2026-08-04T19:29:04Z</time>
    <extensions>
     <gpxdata:hr>158</gpxdata:hr>
     <gpxdata:distance>23097.50</gpxdata:distance>
     <gpxdata:speed>10.006</gpxdata:speed>
    </extensions>
   </trkpt>
   <trkpt lat="51.0630760" lon="13.7816023">
    <ele>108</ele>
    <time>2026-08-04T19:29:05Z</time>
    <extensions>
     <gpxdata:hr>158</gpxdata:hr>
     <gpxdata:distance>23107.00</gpxdata:distance>
     <gpxdata:speed>9.894</gpxdata:speed>
    </extensions>
   </trkpt>
   <trkpt lat="51.0630778" lon="13.7814648">
    <ele>108</ele>
    <time>2026-08-04T19:29:06Z</time>
    <extensions>
     <gpxdata:hr>158</gpxdata:hr>
     <gpxdata:distance>23117.00</gpxdata:distance>
     <gpxdata:speed>9.800</gpxdata:speed>
    </extensions>
   </trkpt>
   <trkpt lat="51.0630790" lon="13.7813275">
    <ele>108</ele>
    <time>2026-08-04T19:29:07Z</time>
    <extensions>
     <gpxdata:hr>158</gpxdata:hr>
     <gpxdata:distance>23127.00</gpxdata:distance>
     <gpxdata:speed>9.717</gpxdata:speed>
    </extensions>
   </trkpt>
   <trkpt lat="51.0630792" lon="13.7811898">
    <ele>108</ele>
    <time>2026-08-04T19:29:08Z</time>
    <extensions>
     <gpxdata:hr>159</gpxdata:hr>
     <gpxdata:distance>23136.50</gpxdata:distance>
     <gpxdata:speed>9.664</gpxdata:speed>
    </extensions>
   </trkpt>
   <trkpt lat="51.0630784" lon="13.7810529">
    <ele>109</ele>
    <time>2026-08-04T19:29:09Z</time>
    <extensions>
     <gpxdata:hr>159</gpxdata:hr>
     <gpxdata:distance>23146.00</gpxdata:distance>
     <gpxdata:speed>9.650</gpxdata:speed>
    </extensions>
   </trkpt>
   <trkpt lat="51.0630747" lon="13.7809170">
    <ele>109</ele>
    <time>2026-08-04T19:29:10Z</time>
    <extensions>
     <gpxdata:hr>157</gpxdata:hr>
     <gpxdata:distance>23155.50</gpxdata:distance>
     <gpxdata:speed>9.597</gpxdata:speed>
    </extensions>
   </trkpt>
   <trkpt lat="51.0630675" lon="13.7807842">
    <ele>109</ele>
    <time>2026-08-04T19:29:11Z</time>
    <extensions>
     <gpxdata:hr>156</gpxdata:hr>
     <gpxdata:distance>23165.00</gpxdata:distance>
     <gpxdata:speed>9.539</gpxdata:speed>
    </extensions>
   </trkpt>
   <trkpt lat="51.0630584" lon="13.7806547">
    <ele>109</ele>
    <time>2026-08-04T19:29:12Z</time>
    <extensions>
     <gpxdata:hr>155</gpxdata:hr>
     <gpxdata:distance>23174.00</gpxdata:distance>
     <gpxdata:speed>9.378</gpxdata:speed>
    </extensions>
   </trkpt>
   <trkpt lat="51.0630492" lon="13.7805306">
    <ele>109</ele>
    <time>2026-08-04T19:29:13Z</time>
    <extensions>
     <gpxdata:hr>155</gpxdata:hr>
     <gpxdata:distance>23183.00</gpxdata:distance>
     <gpxdata:speed>9.183</gpxdata:speed>
    </extensions>
   </trkpt>
   <trkpt lat="51.0630413" lon="13.7804153">
    <ele>109</ele>
    <time>2026-08-04T19:29:14Z</time>
    <extensions>
     <gpxdata:hr>155</gpxdata:hr>
     <gpxdata:distance>23191.00</gpxdata:distance>
     <gpxdata:speed>8.800</gpxdata:speed>
    </extensions>
   </trkpt>
   <trkpt lat="51.0630349" lon="13.7803113">
    <ele>109</ele>
    <time>2026-08-04T19:29:15Z</time>
    <extensions>
     <gpxdata:hr>154</gpxdata:hr>
     <gpxdata:distance>23199.00</gpxdata:distance>
     <gpxdata:speed>8.211</gpxdata:speed>
    </extensions>
   </trkpt>
   <trkpt lat="51.0630292" lon="13.7802167">
    <ele>109</ele>
    <time>2026-08-04T19:29:16Z</time>
    <extensions>
     <gpxdata:hr>153</gpxdata:hr>
     <gpxdata:distance>23205.50</gpxdata:distance>
     <gpxdata:speed>7.456</gpxdata:speed>
    </extensions>
   </trkpt>
   <trkpt lat="51.0630230" lon="13.7801280">
    <ele>109</ele>
    <time>2026-08-04T19:29:17Z</time>
    <extensions>
     <gpxdata:hr>152</gpxdata:hr>
     <gpxdata:distance>23212.00</gpxdata:distance>
     <gpxdata:speed>6.869</gpxdata:speed>
    </extensions>
   </trkpt>
   <trkpt lat="51.0630150" lon="13.7800433">
    <ele>109</ele>
    <time>2026-08-04T19:29:18Z</time>
    <extensions>
     <gpxdata:hr>150</gpxdata:hr>
     <gpxdata:distance>23218.00</gpxdata:distance>
     <gpxdata:speed>6.519</gpxdata:speed>
    </extensions>
   </trkpt>
   <trkpt lat="51.0630066" lon="13.7799618">
    <ele>109</ele>
    <time>2026-08-04T19:29:19Z</time>
    <extensions>
     <gpxdata:hr>149</gpxdata:hr>
     <gpxdata:distance>23224.00</gpxdata:distance>
     <gpxdata:speed>6.231</gpxdata:speed>
    </extensions>
   </trkpt>
   <trkpt lat="51.0630019" lon="13.7799031">
    <ele>108</ele>
    <time>2026-08-04T19:29:20Z</time>
    <extensions>
     <gpxdata:hr>147</gpxdata:hr>
     <gpxdata:distance>23229.50</gpxdata:distance>
     <gpxdata:speed>5.961</gpxdata:speed>
    </extensions>
   </trkpt>
   <trkpt lat="51.0629965" lon="13.7798269">
    <ele>108</ele>
    <time>2026-08-04T19:29:21Z</time>
    <extensions>
     <gpxdata:hr>145</gpxdata:hr>
     <gpxdata:distance>23235.00</gpxdata:distance>
     <gpxdata:speed>5.869</gpxdata:speed>
    </extensions>
   </trkpt>
   <trkpt lat="51.0629902" lon="13.7797429">
    <ele>108</ele>
    <time>2026-08-04T19:29:22Z</time>
    <extensions>
     <gpxdata:hr>143</gpxdata:hr>
     <gpxdata:distance>23241.50</gpxdata:distance>
     <gpxdata:speed>5.928</gpxdata:speed>
    </extensions>
   </trkpt>
   <trkpt lat="51.0629813" lon="13.7796240">
    <ele>108</ele>
    <time>2026-08-04T19:29:23Z</time>
    <extensions>
     <gpxdata:hr>142</gpxdata:hr>
     <gpxdata:distance>23248.00</gpxdata:distance>
     <gpxdata:speed>6.111</gpxdata:speed>
    </extensions>
   </trkpt>
   <trkpt lat="51.0629762" lon="13.7795323">
    <ele>108</ele>
    <time>2026-08-04T19:29:24Z</time>
    <extensions>
     <gpxdata:hr>140</gpxdata:hr>
     <gpxdata:distance>23254.00</gpxdata:distance>
     <gpxdata:speed>6.350</gpxdata:speed>
    </extensions>
   </trkpt>
   <trkpt lat="51.0629735" lon="13.7794543">
    <ele>108</ele>
    <time>2026-08-04T19:29:25Z</time>
    <extensions>
     <gpxdata:hr>140</gpxdata:hr>
     <gpxdata:distance>23260.00</gpxdata:distance>
     <gpxdata:speed>6.147</gpxdata:speed>
    </extensions>
   </trkpt>
   <trkpt lat="51.0629707" lon="13.7794046">
    <ele>108</ele>
    <time>2026-08-04T19:29:26Z</time>
    <extensions>
     <gpxdata:hr>139</gpxdata:hr>
     <gpxdata:distance>23264.50</gpxdata:distance>
     <gpxdata:speed>5.447</gpxdata:speed>
    </extensions>
   </trkpt>
   <trkpt lat="51.0629652" lon="13.7793421">
    <ele>108</ele>
    <time>2026-08-04T19:29:27Z</time>
    <extensions>
     <gpxdata:hr>138</gpxdata:hr>
     <gpxdata:distance>23269.00</gpxdata:distance>
     <gpxdata:speed>4.942</gpxdata:speed>
    </extensions>
   </trkpt>
   <trkpt lat="51.0629601" lon="13.7792720">
    <ele>108</ele>
    <time>2026-08-04T19:29:28Z</time>
    <extensions>
     <gpxdata:hr>138</gpxdata:hr>
     <gpxdata:distance>23274.50</gpxdata:distance>
     <gpxdata:speed>4.925</gpxdata:speed>
    </extensions>
   </trkpt>
   <trkpt lat="51.0629566" lon="13.7791953">
    <ele>108</ele>
    <time>2026-08-04T19:29:29Z</time>
    <extensions>
     <gpxdata:hr>137</gpxdata:hr>
     <gpxdata:distance>23280.00</gpxdata:distance>
     <gpxdata:speed>5.050</gpxdata:speed>
    </extensions>
   </trkpt>
   <trkpt lat="51.0629532" lon="13.7791125">
    <ele>108</ele>
    <time>2026-08-04T19:29:30Z</time>
    <extensions>
     <gpxdata:hr>136</gpxdata:hr>
     <gpxdata:distance>23286.00</gpxdata:distance>
     <gpxdata:speed>5.264</gpxdata:speed>
    </extensions>
   </trkpt>
   <trkpt lat="51.0629487" lon="13.7790241">
    <ele>108</ele>
    <time>2026-08-04T19:29:31Z</time>
    <extensions>
     <gpxdata:hr>136</gpxdata:hr>
     <gpxdata:distance>23292.00</gpxdata:distance>
     <gpxdata:speed>5.528</gpxdata:speed>
    </extensions>
   </trkpt>
   <trkpt lat="51.0629428" lon="13.7789313">
    <ele>108</ele>
    <time>2026-08-04T19:29:32Z</time>
    <extensions>
     <gpxdata:hr>136</gpxdata:hr>
     <gpxdata:distance>23299.00</gpxdata:distance>
     <gpxdata:speed>5.819</gpxdata:speed>
    </extensions>
   </trkpt>
   <trkpt lat="51.0629334" lon="13.7788036">
    <ele>108</ele>
    <time>2026-08-04T19:29:33Z</time>
    <extensions>
     <gpxdata:hr>137</gpxdata:hr>
     <gpxdata:distance>23306.00</gpxdata:distance>
     <gpxdata:speed>6.106</gpxdata:speed>
    </extensions>
   </trkpt>
   <trkpt lat="51.0629261" lon="13.7787014">
    <ele>108</ele>
    <time>2026-08-04T19:29:34Z</time>
    <extensions>
     <gpxdata:hr>137</gpxdata:hr>
     <gpxdata:distance>23312.50</gpxdata:distance>
     <gpxdata:speed>6.347</gpxdata:speed>
    </extensions>
   </trkpt>
   <trkpt lat="51.0629192" lon="13.7786018">
    <ele>108</ele>
    <time>2026-08-04T19:29:35Z</time>
    <extensions>
     <gpxdata:hr>138</gpxdata:hr>
     <gpxdata:distance>23319.00</gpxdata:distance>
     <gpxdata:speed>6.786</gpxdata:speed>
    </extensions>
   </trkpt>
   <trkpt lat="51.0629117" lon="13.7785026">
    <ele>108</ele>
    <time>2026-08-04T19:29:36Z</time>
    <extensions>
     <gpxdata:hr>139</gpxdata:hr>
     <gpxdata:distance>23326.00</gpxdata:distance>
     <gpxdata:speed>6.889</gpxdata:speed>
    </extensions>
   </trkpt>
   <trkpt lat="51.0629032" lon="13.7784035">
    <ele>108</ele>
    <time>2026-08-04T19:29:37Z</time>
    <extensions>
     <gpxdata:hr>139</gpxdata:hr>
     <gpxdata:distance>23333.00</gpxdata:distance>
     <gpxdata:speed>6.936</gpxdata:speed>
    </extensions>
   </trkpt>
   <trkpt lat="51.0628932" lon="13.7783041">
    <ele>108</ele>
    <time>2026-08-04T19:29:38Z</time>
    <extensions>
     <gpxdata:hr>138</gpxdata:hr>
     <gpxdata:distance>23340.00</gpxdata:distance>
     <gpxdata:speed>6.964</gpxdata:speed>
    </extensions>
   </trkpt>
   <trkpt lat="51.0628824" lon="13.7782030">
    <ele>108</ele>
    <time>2026-08-04T19:29:39Z</time>
    <extensions>
     <gpxdata:hr>137</gpxdata:hr>
     <gpxdata:distance>23347.00</gpxdata:distance>
     <gpxdata:speed>7.033</gpxdata:speed>
    </extensions>
   </trkpt>
   <trkpt lat="51.0628729" lon="13.7780994">
    <ele>108</ele>
    <time>2026-08-04T19:29:40Z</time>
    <extensions>
     <gpxdata:hr>136</gpxdata:hr>
     <gpxdata:distance>23354.50</gpxdata:distance>
     <gpxdata:speed>7.158</gpxdata:speed>
    </extensions>
   </trkpt>
   <trkpt lat="51.0628659" lon="13.7779938">
    <ele>108</ele>
    <time>2026-08-04T19:29:41Z</time>
    <extensions>
     <gpxdata:hr>134</gpxdata:hr>
     <gpxdata:distance>23362.00</gpxdata:distance>
     <gpxdata:speed>7.303</gpxdata:speed>
    </extensions>
   </trkpt>
   <trkpt lat="51.0628610" lon="13.7778870">
    <ele>108</ele>
    <time>2026-08-04T19:29:42Z</time>
    <extensions>
     <gpxdata:hr>133</gpxdata:hr>
     <gpxdata:distance>23369.50</gpxdata:distance>
     <gpxdata:speed>7.381</gpxdata:speed>
    </extensions>
   </trkpt>
   <trkpt lat="51.0628567" lon="13.7777801">
    <ele>108</ele>
    <time>2026-08-04T19:29:43Z</time>
    <extensions>
     <gpxdata:hr>132</gpxdata:hr>
     <gpxdata:distance>23377.00</gpxdata:distance>
     <gpxdata:speed>7.431</gpxdata:speed>
    </extensions>
   </trkpt>
   <trkpt lat="51.0628513" lon="13.7776736">
    <ele>108</ele>
    <time>2026-08-04T19:29:44Z</time>
    <extensions>
     <gpxdata:hr>132</gpxdata:hr>
     <gpxdata:distance>23384.50</gpxdata:distance>
     <gpxdata:speed>7.450</gpxdata:speed>
    </extensions>
   </trkpt>
   <trkpt lat="51.0628451" lon="13.7775674">
    <ele>108</ele>
    <time>2026-08-04T19:29:45Z</time>
    <extensions>
     <gpxdata:hr>132</gpxdata:hr>
     <gpxdata:distance>23392.00</gpxdata:distance>
     <gpxdata:speed>7.461</gpxdata:speed>
    </extensions>
   </trkpt>
   <trkpt lat="51.0628391" lon="13.7774610">
    <ele>108</ele>
    <time>2026-08-04T19:29:46Z</time>
    <extensions>
     <gpxdata:hr>132</gpxdata:hr>
     <gpxdata:distance>23399.50</gpxdata:distance>
     <gpxdata:speed>7.469</gpxdata:speed>
    </extensions>
   </trkpt>
   <trkpt lat="51.0628335" lon="13.7773548">
    <ele>108</ele>
    <time>2026-08-04T19:29:47Z</time>
    <extensions>
     <gpxdata:hr>132</gpxdata:hr>
     <gpxdata:distance>23407.00</gpxdata:distance>
     <gpxdata:speed>7.478</gpxdata:speed>
    </extensions>
   </trkpt>
   <trkpt lat="51.0628274" lon="13.7772488">
    <ele>108</ele>
    <time>2026-08-04T19:29:48Z</time>
    <extensions>
     <gpxdata:hr>132</gpxdata:hr>
     <gpxdata:distance>23414.50</gpxdata:distance>
     <gpxdata:speed>7.478</gpxdata:speed>
    </extensions>
   </trkpt>
   <trkpt lat="51.0628207" lon="13.7771431">
    <ele>108</ele>
    <time>2026-08-04T19:29:49Z</time>
    <extensions>
     <gpxdata:hr>132</gpxdata:hr>
     <gpxdata:distance>23422.00</gpxdata:distance>
     <gpxdata:speed>7.472</gpxdata:speed>
    </extensions>
   </trkpt>
   <trkpt lat="51.0628138" lon="13.7770370">
    <ele>108</ele>
    <time>2026-08-04T19:29:50Z</time>
    <extensions>
     <gpxdata:hr>131</gpxdata:hr>
     <gpxdata:distance>23429.50</gpxdata:distance>
     <gpxdata:speed>7.464</gpxdata:speed>
    </extensions>
   </trkpt>
   <trkpt lat="51.0628071" lon="13.7769307">
    <ele>108</ele>
    <time>2026-08-04T19:29:51Z</time>
    <extensions>
     <gpxdata:hr>131</gpxdata:hr>
     <gpxdata:distance>23437.00</gpxdata:distance>
     <gpxdata:speed>7.467</gpxdata:speed>
    </extensions>
   </trkpt>
   <trkpt lat="51.0627995" lon="13.7768237">
    <ele>108</ele>
    <time>2026-08-04T19:29:52Z</time>
    <extensions>
     <gpxdata:hr>131</gpxdata:hr>
     <gpxdata:distance>23444.50</gpxdata:distance>
     <gpxdata:speed>7.472</gpxdata:speed>
    </extensions>
   </trkpt>
   <trkpt lat="51.0627912" lon="13.7767145">
    <ele>108</ele>
    <time>2026-08-04T19:29:53Z</time>
    <extensions>
     <gpxdata:hr>131</gpxdata:hr>
     <gpxdata:distance>23452.00</gpxdata:distance>
     <gpxdata:speed>7.497</gpxdata:speed>
    </extensions>
   </trkpt>
   <trkpt lat="51.0627819" lon="13.7766047">
    <ele>108</ele>
    <time>2026-08-04T19:29:54Z</time>
    <extensions>
     <gpxdata:hr>131</gpxdata:hr>
     <gpxdata:distance>23459.50</gpxdata:distance>
     <gpxdata:speed>7.575</gpxdata:speed>
    </extensions>
   </trkpt>
   <trkpt lat="51.0627729" lon="13.7764948">
    <ele>108</ele>
    <time>2026-08-04T19:29:55Z</time>
    <extensions>
     <gpxdata:hr>131</gpxdata:hr>
     <gpxdata:distance>23467.00</gpxdata:distance>
     <gpxdata:speed>7.639</gpxdata:speed>
    </extensions>
   </trkpt>
   <trkpt lat="51.0627649" lon="13.7763854">
    <ele>108</ele>
    <time>2026-08-04T19:29:56Z</time>
    <extensions>
     <gpxdata:hr>131</gpxdata:hr>
     <gpxdata:distance>23475.00</gpxdata:distance>
     <gpxdata:speed>7.669</gpxdata:speed>
    </extensions>
   </trkpt>
   <trkpt lat="51.0627578" lon="13.7762767">
    <ele>108</ele>
    <time>2026-08-04T19:29:57Z</time>
    <extensions>
     <gpxdata:hr>130</gpxdata:hr>
     <gpxdata:distance>23483.00</gpxdata:distance>
     <gpxdata:speed>7.681</gpxdata:speed>
    </extensions>
   </trkpt>
   <trkpt lat="51.0627514" lon="13.7761685">
    <ele>108</ele>
    <time>2026-08-04T19:29:58Z</time>
    <extensions>
     <gpxdata:hr>130</gpxdata:hr>
     <gpxdata:distance>23490.50</gpxdata:distance>
     <gpxdata:speed>7.661</gpxdata:speed>
    </extensions>
   </trkpt>
   <trkpt lat="51.0627456" lon="13.7760606">
    <ele>108</ele>
    <time>2026-08-04T19:29:59Z</time>
    <extensions>
     <gpxdata:hr>130</gpxdata:hr>
     <gpxdata:distance>23498.00</gpxdata:distance>
     <gpxdata:speed>7.647</gpxdata:speed>
    </extensions>
   </trkpt>
   <trkpt lat="51.0627397" lon="13.7759528">
    <ele>108</ele>
    <time>2026-08-04T19:30:00Z</time>
    <extensions>
     <gpxdata:hr>129</gpxdata:hr>
     <gpxdata:distance>23505.50</gpxdata:distance>
     <gpxdata:speed>7.622</gpxdata:speed>
    </extensions>
   </trkpt>
   <trkpt lat="51.0627331" lon="13.7758453">
    <ele>108</ele>
    <time>2026-08-04T19:30:01Z</time>
    <extensions>
     <gpxdata:hr>129</gpxdata:hr>
     <gpxdata:distance>23513.00</gpxdata:distance>
     <gpxdata:speed>7.608</gpxdata:speed>
    </extensions>
   </trkpt>
   <trkpt lat="51.0627252" lon="13.7757382">
    <ele>108</ele>
    <time>2026-08-04T19:30:02Z</time>
    <extensions>
     <gpxdata:hr>128</gpxdata:hr>
     <gpxdata:distance>23520.50</gpxdata:distance>
     <gpxdata:speed>7.592</gpxdata:speed>
    </extensions>
   </trkpt>
   <trkpt lat="51.0627154" lon="13.7756307">
    <ele>108</ele>
    <time>2026-08-04T19:30:03Z</time>
    <extensions>
     <gpxdata:hr>128</gpxdata:hr>
     <gpxdata:distance>23528.00</gpxdata:distance>
     <gpxdata:speed>7.575</gpxdata:speed>
    </extensions>
   </trkpt>
   <trkpt lat="51.0627056" lon="13.7755221">
    <ele>108</ele>
    <time>2026-08-04T19:30:04Z</time>
    <extensions>
     <gpxdata:hr>129</gpxdata:hr>
     <gpxdata:distance>23536.00</gpxdata:distance>
     <gpxdata:speed>7.589</gpxdata:speed>
    </extensions>
   </trkpt>
   <trkpt lat="51.0626977" lon="13.7754117">
    <ele>108</ele>
    <time>2026-08-04T19:30:05Z</time>
    <extensions>
     <gpxdata:hr>129</gpxdata:hr>
     <gpxdata:distance>23544.00</gpxdata:distance>
     <gpxdata:speed>7.622</gpxdata:speed>
    </extensions>
   </trkpt>
   <trkpt lat="51.0626922" lon="13.7752997">
    <ele>108</ele>
    <time>2026-08-04T19:30:06Z</time>
    <extensions>
     <gpxdata:hr>129</gpxdata:hr>
     <gpxdata:distance>23551.50</gpxdata:distance>
     <gpxdata:speed>7.678</gpxdata:speed>
    </extensions>
   </trkpt>
   <trkpt lat="51.0626885" lon="13.7751862">
    <ele>108</ele>
    <time>2026-08-04T19:30:07Z</time>
    <extensions>
     <gpxdata:hr>129</gpxdata:hr>
     <gpxdata:distance>23559.00</gpxdata:distance>
     <gpxdata:speed>7.747</gpxdata:speed>
    </extensions>
   </trkpt>
   <trkpt lat="51.0626845" lon="13.7750718">
    <ele>108</ele>
    <time>2026-08-04T19:30:08Z</time>
    <extensions>
     <gpxdata:hr>128</gpxdata:hr>
     <gpxdata:distance>23567.00</gpxdata:distance>
     <gpxdata:speed>7.817</gpxdata:speed>
    </extensions>
   </trkpt>
   <trkpt lat="51.0626801" lon="13.7749568">
    <ele>108</ele>
    <time>2026-08-04T19:30:09Z</time>
    <extensions>
     <gpxdata:hr>128</gpxdata:hr>
     <gpxdata:distance>23575.00</gpxdata:distance>
     <gpxdata:speed>7.889</gpxdata:speed>
    </extensions>
   </trkpt>
   <trkpt lat="51.0626756" lon="13.7748419">
    <ele>108</ele>
    <time>2026-08-04T19:30:10Z</time>
    <extensions>
     <gpxdata:hr>128</gpxdata:hr>
     <gpxdata:distance>23583.50</gpxdata:distance>
     <gpxdata:speed>7.950</gpxdata:speed>
    </extensions>
   </trkpt>
   <trkpt lat="51.0626710" lon="13.7747271">
    <ele>108</ele>
    <time>2026-08-04T19:30:11Z</time>
    <extensions>
     <gpxdata:hr>128</gpxdata:hr>
     <gpxdata:distance>23592.00</gpxdata:distance>
     <gpxdata:speed>7.986</gpxdata:speed>
    </extensions>
   </trkpt>
   <trkpt lat="51.0626658" lon="13.7746131">
    <ele>108</ele>
    <time>2026-08-04T19:30:12Z</time>
    <extensions>
     <gpxdata:hr>128</gpxdata:hr>
     <gpxdata:distance>23599.50</gpxdata:distance>
     <gpxdata:speed>8.006</gpxdata:speed>
    </extensions>
   </trkpt>
   <trkpt lat="51.0626597" lon="13.7744996">
    <ele>108</ele>
    <time>2026-08-04T19:30:13Z</time>
    <extensions>
     <gpxdata:hr>128</gpxdata:hr>
     <gpxdata:distance>23607.00</gpxdata:distance>
     <gpxdata:speed>8.003</gpxdata:speed>
    </extensions>
   </trkpt>
   <trkpt lat="51.0626533" lon="13.7743868">
    <ele>108</ele>
    <time>2026-08-04T19:30:14Z</time>
    <extensions>
     <gpxdata:hr>128</gpxdata:hr>
     <gpxdata:distance>23615.00</gpxdata:distance>
     <gpxdata:speed>7.997</gpxdata:speed>
    </extensions>
   </trkpt>
   <trkpt lat="51.0626478" lon="13.7742739">
    <ele>108</ele>
    <time>2026-08-04T19:30:15Z</time>
    <extensions>
     <gpxdata:hr>128</gpxdata:hr>
     <gpxdata:distance>23623.00</gpxdata:distance>
     <gpxdata:speed>7.972</gpxdata:speed>
    </extensions>
   </trkpt>
   <trkpt lat="51.0626433" lon="13.7741612">
    <ele>108</ele>
    <time>2026-08-04T19:30:16Z</time>
    <extensions>
     <gpxdata:hr>128</gpxdata:hr>
     <gpxdata:distance>23631.00</gpxdata:distance>
     <gpxdata:speed>7.958</gpxdata:speed>
    </extensions>
   </trkpt>
   <trkpt lat="51.0626395" lon="13.7740487">
    <ele>108</ele>
    <time>2026-08-04T19:30:17Z</time>
    <extensions>
     <gpxdata:hr>128</gpxdata:hr>
     <gpxdata:distance>23639.00</gpxdata:distance>
     <gpxdata:speed>7.939</gpxdata:speed>
    </extensions>
   </trkpt>
   <trkpt lat="51.0626360" lon="13.7739370">
    <ele>108</ele>
    <time>2026-08-04T19:30:18Z</time>
    <extensions>
     <gpxdata:hr>128</gpxdata:hr>
     <gpxdata:distance>23647.00</gpxdata:distance>
     <gpxdata:speed>7.919</gpxdata:speed>
    </extensions>
   </trkpt>
   <trkpt lat="51.0626323" lon="13.7738260">
    <ele>108</ele>
    <time>2026-08-04T19:30:19Z</time>
    <extensions>
     <gpxdata:hr>128</gpxdata:hr>
     <gpxdata:distance>23655.00</gpxdata:distance>
     <gpxdata:speed>7.881</gpxdata:speed>
    </extensions>
   </trkpt>
   <trkpt lat="51.0626284" lon="13.7737151">
    <ele>108</ele>
    <time>2026-08-04T19:30:20Z</time>
    <extensions>
     <gpxdata:hr>128</gpxdata:hr>
     <gpxdata:distance>23662.50</gpxdata:distance>
     <gpxdata:speed>7.844</gpxdata:speed>
    </extensions>
   </trkpt>
   <trkpt lat="51.0626243" lon="13.7736042">
    <ele>108</ele>
    <time>2026-08-04T19:30:21Z</time>
    <extensions>
     <gpxdata:hr>128</gpxdata:hr>
     <gpxdata:distance>23670.00</gpxdata:distance>
     <gpxdata:speed>7.819</gpxdata:speed>
    </extensions>
   </trkpt>
   <trkpt lat="51.0626202" lon="13.7734935">
    <ele>108</ele>
    <time>2026-08-04T19:30:22Z</time>
    <extensions>
     <gpxdata:hr>128</gpxdata:hr>
     <gpxdata:distance>23678.00</gpxdata:distance>
     <gpxdata:speed>7.800</gpxdata:speed>
    </extensions>
   </trkpt>
   <trkpt lat="51.0626158" lon="13.7733826">
    <ele>108</ele>
    <time>2026-08-04T19:30:23Z</time>
    <extensions>
     <gpxdata:hr>127</gpxdata:hr>
     <gpxdata:distance>23686.00</gpxdata:distance>
     <gpxdata:speed>7.786</gpxdata:speed>
    </extensions>
   </trkpt>
   <trkpt lat="51.0626108" lon="13.7732718">
    <ele>108</ele>
    <time>2026-08-04T19:30:24Z</time>
    <extensions>
     <gpxdata:hr>126</gpxdata:hr>
     <gpxdata:distance>23693.50</gpxdata:distance>
     <gpxdata:speed>7.783</gpxdata:speed>
    </extensions>
   </trkpt>
   <trkpt lat="51.0626052" lon="13.7731611">
    <ele>108</ele>
    <time>2026-08-04T19:30:25Z</time>
    <extensions>
     <gpxdata:hr>126</gpxdata:hr>
     <gpxdata:distance>23701.00</gpxdata:distance>
     <gpxdata:speed>7.778</gpxdata:speed>
    </extensions>
   </trkpt>
   <trkpt lat="51.0625979" lon="13.7730510">
    <ele>108</ele>
    <time>2026-08-04T19:30:26Z</time>
    <extensions>
     <gpxdata:hr>125</gpxdata:hr>
     <gpxdata:distance>23709.00</gpxdata:distance>
     <gpxdata:speed>7.772</gpxdata:speed>
    </extensions>
   </trkpt>
   <trkpt lat="51.0625875" lon="13.7729414">
    <ele>108</ele>
    <time>2026-08-04T19:30:27Z</time>
    <extensions>
     <gpxdata:hr>125</gpxdata:hr>
     <gpxdata:distance>23717.00</gpxdata:distance>
     <gpxdata:speed>7.761</gpxdata:speed>
    </extensions>
   </trkpt>
   <trkpt lat="51.0625740" lon="13.7728325">
    <ele>108</ele>
    <time>2026-08-04T19:30:28Z</time>
    <extensions>
     <gpxdata:hr>124</gpxdata:hr>
     <gpxdata:distance>23724.50</gpxdata:distance>
     <gpxdata:speed>7.761</gpxdata:speed>
    </extensions>
   </trkpt>
   <trkpt lat="51.0625579" lon="13.7727243">
    <ele>108</ele>
    <time>2026-08-04T19:30:29Z</time>
    <extensions>
     <gpxdata:hr>125</gpxdata:hr>
     <gpxdata:distance>23732.00</gpxdata:distance>
     <gpxdata:speed>7.767</gpxdata:speed>
    </extensions>
   </trkpt>
   <trkpt lat="51.0625405" lon="13.7726165">
    <ele>108</ele>
    <time>2026-08-04T19:30:30Z</time>
    <extensions>
     <gpxdata:hr>125</gpxdata:hr>
     <gpxdata:distance>23740.00</gpxdata:distance>
     <gpxdata:speed>7.772</gpxdata:speed>
    </extensions>
   </trkpt>
   <trkpt lat="51.0625228" lon="13.7725088">
    <ele>108</ele>
    <time>2026-08-04T19:30:31Z</time>
    <extensions>
     <gpxdata:hr>125</gpxdata:hr>
     <gpxdata:distance>23748.00</gpxdata:distance>
     <gpxdata:speed>7.772</gpxdata:speed>
    </extensions>
   </trkpt>
   <trkpt lat="51.0625057" lon="13.7724017">
    <ele>108</ele>
    <time>2026-08-04T19:30:32Z</time>
    <extensions>
     <gpxdata:hr>125</gpxdata:hr>
     <gpxdata:distance>23755.50</gpxdata:distance>
     <gpxdata:speed>7.778</gpxdata:speed>
    </extensions>
   </trkpt>
   <trkpt lat="51.0624894" lon="13.7722952">
    <ele>108</ele>
    <time>2026-08-04T19:30:33Z</time>
    <extensions>
     <gpxdata:hr>125</gpxdata:hr>
     <gpxdata:distance>23763.00</gpxdata:distance>
     <gpxdata:speed>7.756</gpxdata:speed>
    </extensions>
   </trkpt>
   <trkpt lat="51.0624741" lon="13.7721891">
    <ele>108</ele>
    <time>2026-08-04T19:30:34Z</time>
    <extensions>
     <gpxdata:hr>125</gpxdata:hr>
     <gpxdata:distance>23771.00</gpxdata:distance>
     <gpxdata:speed>7.722</gpxdata:speed>
    </extensions>
   </trkpt>
   <trkpt lat="51.0624592" lon="13.7720836">
    <ele>108</ele>
    <time>2026-08-04T19:30:35Z</time>
    <extensions>
     <gpxdata:hr>125</gpxdata:hr>
     <gpxdata:distance>23779.00</gpxdata:distance>
     <gpxdata:speed>7.686</gpxdata:speed>
    </extensions>
   </trkpt>
   <trkpt lat="51.0624434" lon="13.7719796">
    <ele>108</ele>
    <time>2026-08-04T19:30:36Z</time>
    <extensions>
     <gpxdata:hr>125</gpxdata:hr>
     <gpxdata:distance>23786.50</gpxdata:distance>
     <gpxdata:speed>7.644</gpxdata:speed>
    </extensions>
   </trkpt>
   <trkpt lat="51.0624271" lon="13.7718765">
    <ele>108</ele>
    <time>2026-08-04T19:30:37Z</time>
    <extensions>
     <gpxdata:hr>124</gpxdata:hr>
     <gpxdata:distance>23794.00</gpxdata:distance>
     <gpxdata:speed>7.586</gpxdata:speed>
    </extensions>
   </trkpt>
   <trkpt lat="51.0624106" lon="13.7717736">
    <ele>107</ele>
    <time>2026-08-04T19:30:38Z</time>
    <extensions>
     <gpxdata:hr>123</gpxdata:hr>
     <gpxdata:distance>23801.50</gpxdata:distance>
     <gpxdata:speed>7.533</gpxdata:speed>
    </extensions>
   </trkpt>
   <trkpt lat="51.0623943" lon="13.7716711">
    <ele>107</ele>
    <time>2026-08-04T19:30:39Z</time>
    <extensions>
     <gpxdata:hr>123</gpxdata:hr>
     <gpxdata:distance>23809.00</gpxdata:distance>
     <gpxdata:speed>7.500</gpxdata:speed>
    </extensions>
   </trkpt>
   <trkpt lat="51.0623784" lon="13.7715694">
    <ele>107</ele>
    <time>2026-08-04T19:30:40Z</time>
    <extensions>
     <gpxdata:hr>122</gpxdata:hr>
     <gpxdata:distance>23816.00</gpxdata:distance>
     <gpxdata:speed>7.464</gpxdata:speed>
    </extensions>
   </trkpt>
   <trkpt lat="51.0623636" lon="13.7714686">
    <ele>107</ele>
    <time>2026-08-04T19:30:41Z</time>
    <extensions>
     <gpxdata:hr>122</gpxdata:hr>
     <gpxdata:distance>23823.00</gpxdata:distance>
     <gpxdata:speed>7.411</gpxdata:speed>
    </extensions>
   </trkpt>
   <trkpt lat="51.0623499" lon="13.7713695">
    <ele>107</ele>
    <time>2026-08-04T19:30:42Z</time>
    <extensions>
     <gpxdata:hr>122</gpxdata:hr>
     <gpxdata:distance>23830.00</gpxdata:distance>
     <gpxdata:speed>7.347</gpxdata:speed>
    </extensions>
   </trkpt>
   <trkpt lat="51.0623365" lon="13.7712729">
    <ele>107</ele>
    <time>2026-08-04T19:30:43Z</time>
    <extensions>
     <gpxdata:hr>122</gpxdata:hr>
     <gpxdata:distance>23837.00</gpxdata:distance>
     <gpxdata:speed>7.250</gpxdata:speed>
    </extensions>
   </trkpt>
   <trkpt lat="51.0623237" lon="13.7711787">
    <ele>107</ele>
    <time>2026-08-04T19:30:44Z</time>
    <extensions>
     <gpxdata:hr>122</gpxdata:hr>
     <gpxdata:distance>23844.00</gpxdata:distance>
     <gpxdata:speed>7.125</gpxdata:speed>
    </extensions>
   </trkpt>
   <trkpt lat="51.0623098" lon="13.7710871">
    <ele>108</ele>
    <time>2026-08-04T19:30:45Z</time>
    <extensions>
     <gpxdata:hr>121</gpxdata:hr>
     <gpxdata:distance>23851.00</gpxdata:distance>
     <gpxdata:speed>6.900</gpxdata:speed>
    </extensions>
   </trkpt>
   <trkpt lat="51.0622947" lon="13.7709974">
    <ele>107</ele>
    <time>2026-08-04T19:30:46Z</time>
    <extensions>
     <gpxdata:hr>121</gpxdata:hr>
     <gpxdata:distance>23857.50</gpxdata:distance>
     <gpxdata:speed>6.711</gpxdata:speed>
    </extensions>
   </trkpt>
   <trkpt lat="51.0622780" lon="13.7709089">
    <ele>107</ele>
    <time>2026-08-04T19:30:47Z</time>
    <extensions>
     <gpxdata:hr>120</gpxdata:hr>
     <gpxdata:distance>23864.00</gpxdata:distance>
     <gpxdata:speed>6.589</gpxdata:speed>
    </extensions>
   </trkpt>
   <trkpt lat="51.0622595" lon="13.7708211">
    <ele>107</ele>
    <time>2026-08-04T19:30:48Z</time>
    <extensions>
     <gpxdata:hr>119</gpxdata:hr>
     <gpxdata:distance>23870.50</gpxdata:distance>
     <gpxdata:speed>6.525</gpxdata:speed>
    </extensions>
   </trkpt>
   <trkpt lat="51.0622404" lon="13.7707322">
    <ele>107</ele>
    <time>2026-08-04T19:30:49Z</time>
    <extensions>
     <gpxdata:hr>119</gpxdata:hr>
     <gpxdata:distance>23877.00</gpxdata:distance>
     <gpxdata:speed>6.519</gpxdata:speed>
    </extensions>
   </trkpt>
   <trkpt lat="51.0622208" lon="13.7706403">
    <ele>107</ele>
    <time>2026-08-04T19:30:50Z</time>
    <extensions>
     <gpxdata:hr>117</gpxdata:hr>
     <gpxdata:distance>23883.50</gpxdata:distance>
     <gpxdata:speed>6.578</gpxdata:speed>
    </extensions>
   </trkpt>
   <trkpt lat="51.0622002" lon="13.7705451">
    <ele>107</ele>
    <time>2026-08-04T19:30:51Z</time>
    <extensions>
     <gpxdata:hr>117</gpxdata:hr>
     <gpxdata:distance>23890.00</gpxdata:distance>
     <gpxdata:speed>6.728</gpxdata:speed>
    </extensions>
   </trkpt>
   <trkpt lat="51.0621777" lon="13.7704479">
    <ele>107</ele>
    <time>2026-08-04T19:30:52Z</time>
    <extensions>
     <gpxdata:hr>117</gpxdata:hr>
     <gpxdata:distance>23897.50</gpxdata:distance>
     <gpxdata:speed>6.867</gpxdata:speed>
    </extensions>
   </trkpt>
   <trkpt lat="51.0621545" lon="13.7703511">
    <ele>107</ele>
    <time>2026-08-04T19:30:53Z</time>
    <extensions>
     <gpxdata:hr>117</gpxdata:hr>
     <gpxdata:distance>23905.00</gpxdata:distance>
     <gpxdata:speed>7.003</gpxdata:speed>
    </extensions>
   </trkpt>
   <trkpt lat="51.0621315" lon="13.7702561">
    <ele>107</ele>
    <time>2026-08-04T19:30:54Z</time>
    <extensions>
     <gpxdata:hr>118</gpxdata:hr>
     <gpxdata:distance>23912.00</gpxdata:distance>
     <gpxdata:speed>7.067</gpxdata:speed>
    </extensions>
   </trkpt>
   <trkpt lat="51.0621094" lon="13.7701620">
    <ele>107</ele>
    <time>2026-08-04T19:30:55Z</time>
    <extensions>
     <gpxdata:hr>119</gpxdata:hr>
     <gpxdata:distance>23919.00</gpxdata:distance>
     <gpxdata:speed>7.072</gpxdata:speed>
    </extensions>
   </trkpt>
   <trkpt lat="51.0620883" lon="13.7700674">
    <ele>107</ele>
    <time>2026-08-04T19:30:56Z</time>
    <extensions>
     <gpxdata:hr>119</gpxdata:hr>
     <gpxdata:distance>23926.00</gpxdata:distance>
     <gpxdata:speed>7.050</gpxdata:speed>
    </extensions>
   </trkpt>
   <trkpt lat="51.0620669" lon="13.7699721">
    <ele>107</ele>
    <time>2026-08-04T19:30:57Z</time>
    <extensions>
     <gpxdata:hr>120</gpxdata:hr>
     <gpxdata:distance>23933.00</gpxdata:distance>
     <gpxdata:speed>7.047</gpxdata:speed>
    </extensions>
   </trkpt>
   <trkpt lat="51.0620448" lon="13.7698775">
    <ele>108</ele>
    <time>2026-08-04T19:30:58Z</time>
    <extensions>
     <gpxdata:hr>121</gpxdata:hr>
     <gpxdata:distance>23940.00</gpxdata:distance>
     <gpxdata:speed>7.069</gpxdata:speed>
    </extensions>
   </trkpt>
   <trkpt lat="51.0620207" lon="13.7697836">
    <ele>108</ele>
    <time>2026-08-04T19:30:59Z</time>
    <extensions>
     <gpxdata:hr>121</gpxdata:hr>
     <gpxdata:distance>23947.00</gpxdata:distance>
     <gpxdata:speed>7.067</gpxdata:speed>
    </extensions>
   </trkpt>
   <trkpt lat="51.0619956" lon="13.7696893">
    <ele>108</ele>
    <time>2026-08-04T19:31:00Z</time>
    <extensions>
     <gpxdata:hr>121</gpxdata:hr>
     <gpxdata:distance>23954.50</gpxdata:distance>
     <gpxdata:speed>7.081</gpxdata:speed>
    </extensions>
   </trkpt>
   <trkpt lat="51.0619711" lon="13.7695927">
    <ele>108</ele>
    <time>2026-08-04T19:31:01Z</time>
    <extensions>
     <gpxdata:hr>120</gpxdata:hr>
     <gpxdata:distance>23962.00</gpxdata:distance>
     <gpxdata:speed>7.119</gpxdata:speed>
    </extensions>
   </trkpt>
   <trkpt lat="51.0619482" lon="13.7694939">
    <ele>108</ele>
    <time>2026-08-04T19:31:02Z</time>
    <extensions>
     <gpxdata:hr>119</gpxdata:hr>
     <gpxdata:distance>23969.00</gpxdata:distance>
     <gpxdata:speed>7.183</gpxdata:speed>
    </extensions>
   </trkpt>
   <trkpt lat="51.0619266" lon="13.7693933">
    <ele>108</ele>
    <time>2026-08-04T19:31:03Z</time>
    <extensions>
     <gpxdata:hr>119</gpxdata:hr>
     <gpxdata:distance>23976.00</gpxdata:distance>
     <gpxdata:speed>7.247</gpxdata:speed>
    </extensions>
   </trkpt>
   <trkpt lat="51.0619062" lon="13.7692913">
    <ele>108</ele>
    <time>2026-08-04T19:31:04Z</time>
    <extensions>
     <gpxdata:hr>119</gpxdata:hr>
     <gpxdata:distance>23983.50</gpxdata:distance>
     <gpxdata:speed>7.314</gpxdata:speed>
    </extensions>
   </trkpt>
   <trkpt lat="51.0618864" lon="13.7691874">
    <ele>108</ele>
    <time>2026-08-04T19:31:05Z</time>
    <extensions>
     <gpxdata:hr>119</gpxdata:hr>
     <gpxdata:distance>23991.00</gpxdata:distance>
     <gpxdata:speed>7.375</gpxdata:speed>
    </extensions>
   </trkpt>
   <trkpt lat="51.0618669" lon="13.7690825">
    <ele>108</ele>
    <time>2026-08-04T19:31:06Z</time>
    <extensions>
     <gpxdata:hr>119</gpxdata:hr>
     <gpxdata:distance>23999.00</gpxdata:distance>
     <gpxdata:speed>7.458</gpxdata:speed>
    </extensions>
   </trkpt>
   <trkpt lat="51.0618475" lon="13.7689765">
    <ele>108</ele>
    <time>2026-08-04T19:31:07Z</time>
    <extensions>
     <gpxdata:hr>120</gpxdata:hr>
     <gpxdata:distance>24007.00</gpxdata:distance>
     <gpxdata:speed>7.536</gpxdata:speed>
    </extensions>
   </trkpt>
   <trkpt lat="51.0618280" lon="13.7688705">
    <ele>108</ele>
    <time>2026-08-04T19:31:08Z</time>
    <extensions>
     <gpxdata:hr>121</gpxdata:hr>
     <gpxdata:distance>24014.50</gpxdata:distance>
     <gpxdata:speed>7.625</gpxdata:speed>
    </extensions>
   </trkpt>
   <trkpt lat="51.0618078" lon="13.7687650">
    <ele>108</ele>
    <time>2026-08-04T19:31:09Z</time>
    <extensions>
     <gpxdata:hr>122</gpxdata:hr>
     <gpxdata:distance>24022.00</gpxdata:distance>
     <gpxdata:speed>7.681</gpxdata:speed>
    </extensions>
   </trkpt>
   <trkpt lat="51.0617871" lon="13.7686600">
    <ele>108</ele>
    <time>2026-08-04T19:31:10Z</time>
    <extensions>
     <gpxdata:hr>122</gpxdata:hr>
     <gpxdata:distance>24030.00</gpxdata:distance>
     <gpxdata:speed>7.694</gpxdata:speed>
    </extensions>
   </trkpt>
   <trkpt lat="51.0617660" lon="13.7685555">
    <ele>108</ele>
    <time>2026-08-04T19:31:11Z</time>
    <extensions>
     <gpxdata:hr>121</gpxdata:hr>
     <gpxdata:distance>24038.00</gpxdata:distance>
     <gpxdata:speed>7.697</gpxdata:speed>
    </extensions>
   </trkpt>
   <trkpt lat="51.0617439" lon="13.7684529">
    <ele>108</ele>
    <time>2026-08-04T19:31:12Z</time>
    <extensions>
     <gpxdata:hr>122</gpxdata:hr>
     <gpxdata:distance>24045.50</gpxdata:distance>
     <gpxdata:speed>7.692</gpxdata:speed>
    </extensions>
   </trkpt>
   <trkpt lat="51.0617207" lon="13.7683527">
    <ele>108</ele>
    <time>2026-08-04T19:31:13Z</time>
    <extensions>
     <gpxdata:hr>121</gpxdata:hr>
     <gpxdata:distance>24053.00</gpxdata:distance>
     <gpxdata:speed>7.650</gpxdata:speed>
    </extensions>
   </trkpt>
   <trkpt lat="51.0616969" lon="13.7682559">
    <ele>108</ele>
    <time>2026-08-04T19:31:14Z</time>
    <extensions>
     <gpxdata:hr>121</gpxdata:hr>
     <gpxdata:distance>24060.00</gpxdata:distance>
     <gpxdata:speed>7.583</gpxdata:speed>
    </extensions>
   </trkpt>
   <trkpt lat="51.0616727" lon="13.7681626">
    <ele>108</ele>
    <time>2026-08-04T19:31:15Z</time>
    <extensions>
     <gpxdata:hr>121</gpxdata:hr>
     <gpxdata:distance>24067.00</gpxdata:distance>
     <gpxdata:speed>7.464</gpxdata:speed>
    </extensions>
   </trkpt>
   <trkpt lat="51.0616477" lon="13.7680726">
    <ele>108</ele>
    <time>2026-08-04T19:31:16Z</time>
    <extensions>
     <gpxdata:hr>121</gpxdata:hr>
     <gpxdata:distance>24074.00</gpxdata:distance>
     <gpxdata:speed>7.319</gpxdata:speed>
    </extensions>
   </trkpt>
   <trkpt lat="51.0616216" lon="13.7679858">
    <ele>108</ele>
    <time>2026-08-04T19:31:17Z</time>
    <extensions>
     <gpxdata:hr>120</gpxdata:hr>
     <gpxdata:distance>24081.00</gpxdata:distance>
     <gpxdata:speed>7.164</gpxdata:speed>
    </extensions>
   </trkpt>
   <trkpt lat="51.0615968" lon="13.7679002">
    <ele>108</ele>
    <time>2026-08-04T19:31:18Z</time>
    <extensions>
     <gpxdata:hr>120</gpxdata:hr>
     <gpxdata:distance>24087.50</gpxdata:distance>
     <gpxdata:speed>7.008</gpxdata:speed>
    </extensions>
   </trkpt>
   <trkpt lat="51.0615745" lon="13.7678141">
    <ele>108</ele>
    <time>2026-08-04T19:31:19Z</time>
    <extensions>
     <gpxdata:hr>118</gpxdata:hr>
     <gpxdata:distance>24094.00</gpxdata:distance>
     <gpxdata:speed>6.689</gpxdata:speed>
    </extensions>
   </trkpt>
   <trkpt lat="51.0615529" lon="13.7677282">
    <ele>108</ele>
    <time>2026-08-04T19:31:20Z</time>
    <extensions>
     <gpxdata:hr>118</gpxdata:hr>
     <gpxdata:distance>24100.50</gpxdata:distance>
     <gpxdata:speed>6.586</gpxdata:speed>
    </extensions>
   </trkpt>
   <trkpt lat="51.0615308" lon="13.7676423">
    <ele>108</ele>
    <time>2026-08-04T19:31:21Z</time>
    <extensions>
     <gpxdata:hr>117</gpxdata:hr>
     <gpxdata:distance>24107.00</gpxdata:distance>
     <gpxdata:speed>6.533</gpxdata:speed>
    </extensions>
   </trkpt>
   <trkpt lat="51.0615087" lon="13.7675554">
    <ele>108</ele>
    <time>2026-08-04T19:31:22Z</time>
    <extensions>
     <gpxdata:hr>116</gpxdata:hr>
     <gpxdata:distance>24113.50</gpxdata:distance>
     <gpxdata:speed>6.525</gpxdata:speed>
    </extensions>
   </trkpt>
   <trkpt lat="51.0614871" lon="13.7674656">
    <ele>108</ele>
    <time>2026-08-04T19:31:23Z</time>
    <extensions>
     <gpxdata:hr>116</gpxdata:hr>
     <gpxdata:distance>24120.00</gpxdata:distance>
     <gpxdata:speed>6.569</gpxdata:speed>
    </extensions>
   </trkpt>
   <trkpt lat="51.0614662" lon="13.7673713">
    <ele>108</ele>
    <time>2026-08-04T19:31:24Z</time>
    <extensions>
     <gpxdata:hr>116</gpxdata:hr>
     <gpxdata:distance>24127.00</gpxdata:distance>
     <gpxdata:speed>6.708</gpxdata:speed>
    </extensions>
   </trkpt>
   <trkpt lat="51.0614451" lon="13.7672732">
    <ele>108</ele>
    <time>2026-08-04T19:31:25Z</time>
    <extensions>
     <gpxdata:hr>117</gpxdata:hr>
     <gpxdata:distance>24134.00</gpxdata:distance>
     <gpxdata:speed>6.864</gpxdata:speed>
    </extensions>
   </trkpt>
   <trkpt lat="51.0614226" lon="13.7671727">
    <ele>108</ele>
    <time>2026-08-04T19:31:26Z</time>
    <extensions>
     <gpxdata:hr>118</gpxdata:hr>
     <gpxdata:distance>24141.50</gpxdata:distance>
     <gpxdata:speed>7.022</gpxdata:speed>
    </extensions>
   </trkpt>
   <trkpt lat="51.0613976" lon="13.7670712">
    <ele>108</ele>
    <time>2026-08-04T19:31:27Z</time>
    <extensions>
     <gpxdata:hr>118</gpxdata:hr>
     <gpxdata:distance>24149.00</gpxdata:distance>
     <gpxdata:speed>7.181</gpxdata:speed>
    </extensions>
   </trkpt>
   <trkpt lat="51.0613703" lon="13.7669698">
    <ele>107</ele>
    <time>2026-08-04T19:31:28Z</time>
    <extensions>
     <gpxdata:hr>118</gpxdata:hr>
     <gpxdata:distance>24157.00</gpxdata:distance>
     <gpxdata:speed>7.511</gpxdata:speed>
    </extensions>
   </trkpt>
   <trkpt lat="51.0613413" lon="13.7668687">
    <ele>107</ele>
    <time>2026-08-04T19:31:29Z</time>
    <extensions>
     <gpxdata:hr>119</gpxdata:hr>
     <gpxdata:distance>24165.00</gpxdata:distance>
     <gpxdata:speed>7.631</gpxdata:speed>
    </extensions>
   </trkpt>
   <trkpt lat="51.0613106" lon="13.7667696">
    <ele>107</ele>
    <time>2026-08-04T19:31:30Z</time>
    <extensions>
     <gpxdata:hr>118</gpxdata:hr>
     <gpxdata:distance>24172.50</gpxdata:distance>
     <gpxdata:speed>7.708</gpxdata:speed>
    </extensions>
   </trkpt>
   <trkpt lat="51.0612809" lon="13.7666705">
    <ele>107</ele>
    <time>2026-08-04T19:31:31Z</time>
    <extensions>
     <gpxdata:hr>118</gpxdata:hr>
     <gpxdata:distance>24180.00</gpxdata:distance>
     <gpxdata:speed>7.689</gpxdata:speed>
    </extensions>
   </trkpt>
   <trkpt lat="51.0612539" lon="13.7665705">
    <ele>107</ele>
    <time>2026-08-04T19:31:32Z</time>
    <extensions>
     <gpxdata:hr>117</gpxdata:hr>
     <gpxdata:distance>24187.50</gpxdata:distance>
     <gpxdata:speed>7.664</gpxdata:speed>
    </extensions>
   </trkpt>
   <trkpt lat="51.0612280" lon="13.7664710">
    <ele>107</ele>
    <time>2026-08-04T19:31:33Z</time>
    <extensions>
     <gpxdata:hr>117</gpxdata:hr>
     <gpxdata:distance>24195.00</gpxdata:distance>
     <gpxdata:speed>7.622</gpxdata:speed>
    </extensions>
   </trkpt>
   <trkpt lat="51.0612004" lon="13.7663735">
    <ele>107</ele>
    <time>2026-08-04T19:31:34Z</time>
    <extensions>
     <gpxdata:hr>117</gpxdata:hr>
     <gpxdata:distance>24202.50</gpxdata:distance>
     <gpxdata:speed>7.561</gpxdata:speed>
    </extensions>
   </trkpt>
   <trkpt lat="51.0611712" lon="13.7662783">
    <ele>107</ele>
    <time>2026-08-04T19:31:35Z</time>
    <extensions>
     <gpxdata:hr>116</gpxdata:hr>
     <gpxdata:distance>24210.00</gpxdata:distance>
     <gpxdata:speed>7.522</gpxdata:speed>
    </extensions>
   </trkpt>
   <trkpt lat="51.0611416" lon="13.7661850">
    <ele>107</ele>
    <time>2026-08-04T19:31:36Z</time>
    <extensions>
     <gpxdata:hr>117</gpxdata:hr>
     <gpxdata:distance>24217.50</gpxdata:distance>
     <gpxdata:speed>7.481</gpxdata:speed>
    </extensions>
   </trkpt>
   <trkpt lat="51.0611123" lon="13.7660942">
    <ele>107</ele>
    <time>2026-08-04T19:31:37Z</time>
    <extensions>
     <gpxdata:hr>117</gpxdata:hr>
     <gpxdata:distance>24225.00</gpxdata:distance>
     <gpxdata:speed>7.411</gpxdata:speed>
    </extensions>
   </trkpt>
   <trkpt lat="51.0610834" lon="13.7660063">
    <ele>107</ele>
    <time>2026-08-04T19:31:38Z</time>
    <extensions>
     <gpxdata:hr>117</gpxdata:hr>
     <gpxdata:distance>24232.00</gpxdata:distance>
     <gpxdata:speed>7.303</gpxdata:speed>
    </extensions>
   </trkpt>
   <trkpt lat="51.0610549" lon="13.7659205">
    <ele>107</ele>
    <time>2026-08-04T19:31:39Z</time>
    <extensions>
     <gpxdata:hr>116</gpxdata:hr>
     <gpxdata:distance>24239.00</gpxdata:distance>
     <gpxdata:speed>7.167</gpxdata:speed>
    </extensions>
   </trkpt>
   <trkpt lat="51.0610268" lon="13.7658363">
    <ele>107</ele>
    <time>2026-08-04T19:31:40Z</time>
    <extensions>
     <gpxdata:hr>115</gpxdata:hr>
     <gpxdata:distance>24245.50</gpxdata:distance>
     <gpxdata:speed>6.875</gpxdata:speed>
    </extensions>
   </trkpt>
   <trkpt lat="51.0609992" lon="13.7657530">
    <ele>107</ele>
    <time>2026-08-04T19:31:41Z</time>
    <extensions>
     <gpxdata:hr>113</gpxdata:hr>
     <gpxdata:distance>24252.00</gpxdata:distance>
     <gpxdata:speed>6.739</gpxdata:speed>
    </extensions>
   </trkpt>
   <trkpt lat="51.0609725" lon="13.7656712">
    <ele>107</ele>
    <time>2026-08-04T19:31:42Z</time>
    <extensions>
     <gpxdata:hr>112</gpxdata:hr>
     <gpxdata:distance>24258.50</gpxdata:distance>
     <gpxdata:speed>6.656</gpxdata:speed>
    </extensions>
   </trkpt>
   <trkpt lat="51.0609448" lon="13.7655929">
    <ele>107</ele>
    <time>2026-08-04T19:31:43Z</time>
    <extensions>
     <gpxdata:hr>111</gpxdata:hr>
     <gpxdata:distance>24265.00</gpxdata:distance>
     <gpxdata:speed>6.492</gpxdata:speed>
    </extensions>
   </trkpt>
   <trkpt lat="51.0609156" lon="13.7655173">
    <ele>107</ele>
    <time>2026-08-04T19:31:44Z</time>
    <extensions>
     <gpxdata:hr>110</gpxdata:hr>
     <gpxdata:distance>24271.00</gpxdata:distance>
     <gpxdata:speed>6.344</gpxdata:speed>
    </extensions>
   </trkpt>
   <trkpt lat="51.0608877" lon="13.7654402">
    <ele>107</ele>
    <time>2026-08-04T19:31:45Z</time>
    <extensions>
     <gpxdata:hr>109</gpxdata:hr>
     <gpxdata:distance>24277.00</gpxdata:distance>
     <gpxdata:speed>6.272</gpxdata:speed>
    </extensions>
   </trkpt>
   <trkpt lat="51.0608626" lon="13.7653593">
    <ele>107</ele>
    <time>2026-08-04T19:31:46Z</time>
    <extensions>
     <gpxdata:hr>110</gpxdata:hr>
     <gpxdata:distance>24283.50</gpxdata:distance>
     <gpxdata:speed>6.278</gpxdata:speed>
    </extensions>
   </trkpt>
   <trkpt lat="51.0608379" lon="13.7652750">
    <ele>107</ele>
    <time>2026-08-04T19:31:47Z</time>
    <extensions>
     <gpxdata:hr>111</gpxdata:hr>
     <gpxdata:distance>24290.00</gpxdata:distance>
     <gpxdata:speed>6.347</gpxdata:speed>
    </extensions>
   </trkpt>
   <trkpt lat="51.0608107" lon="13.7651895">
    <ele>107</ele>
    <time>2026-08-04T19:31:48Z</time>
    <extensions>
     <gpxdata:hr>111</gpxdata:hr>
     <gpxdata:distance>24297.00</gpxdata:distance>
     <gpxdata:speed>6.492</gpxdata:speed>
    </extensions>
   </trkpt>
   <trkpt lat="51.0607803" lon="13.7651033">
    <ele>107</ele>
    <time>2026-08-04T19:31:49Z</time>
    <extensions>
     <gpxdata:hr>112</gpxdata:hr>
     <gpxdata:distance>24304.00</gpxdata:distance>
     <gpxdata:speed>6.592</gpxdata:speed>
    </extensions>
   </trkpt>
   <trkpt lat="51.0607476" lon="13.7650157">
    <ele>107</ele>
    <time>2026-08-04T19:31:50Z</time>
    <extensions>
     <gpxdata:hr>114</gpxdata:hr>
     <gpxdata:distance>24311.00</gpxdata:distance>
     <gpxdata:speed>6.722</gpxdata:speed>
    </extensions>
   </trkpt>
   <trkpt lat="51.0607125" lon="13.7649253">
    <ele>107</ele>
    <time>2026-08-04T19:31:51Z</time>
    <extensions>
     <gpxdata:hr>115</gpxdata:hr>
     <gpxdata:distance>24318.00</gpxdata:distance>
     <gpxdata:speed>6.869</gpxdata:speed>
    </extensions>
   </trkpt>
   <trkpt lat="51.0606762" lon="13.7648331">
    <ele>107</ele>
    <time>2026-08-04T19:31:52Z</time>
    <extensions>
     <gpxdata:hr>115</gpxdata:hr>
     <gpxdata:distance>24325.50</gpxdata:distance>
     <gpxdata:speed>7.319</gpxdata:speed>
    </extensions>
   </trkpt>
   <trkpt lat="51.0606399" lon="13.7647398">
    <ele>107</ele>
    <time>2026-08-04T19:31:53Z</time>
    <extensions>
     <gpxdata:hr>116</gpxdata:hr>
     <gpxdata:distance>24333.00</gpxdata:distance>
     <gpxdata:speed>7.503</gpxdata:speed>
    </extensions>
   </trkpt>
   <trkpt lat="51.0606038" lon="13.7646458">
    <ele>107</ele>
    <time>2026-08-04T19:31:54Z</time>
    <extensions>
     <gpxdata:hr>118</gpxdata:hr>
     <gpxdata:distance>24341.00</gpxdata:distance>
     <gpxdata:speed>7.581</gpxdata:speed>
    </extensions>
   </trkpt>
   <trkpt lat="51.0605679" lon="13.7645518">
    <ele>107</ele>
    <time>2026-08-04T19:31:55Z</time>
    <extensions>
     <gpxdata:hr>118</gpxdata:hr>
     <gpxdata:distance>24349.00</gpxdata:distance>
     <gpxdata:speed>7.633</gpxdata:speed>
    </extensions>
   </trkpt>
   <trkpt lat="51.0605317" lon="13.7644585">
    <ele>108</ele>
    <time>2026-08-04T19:31:56Z</time>
    <extensions>
     <gpxdata:hr>119</gpxdata:hr>
     <gpxdata:distance>24356.50</gpxdata:distance>
     <gpxdata:speed>7.656</gpxdata:speed>
    </extensions>
   </trkpt>
   <trkpt lat="51.0604944" lon="13.7643656">
    <ele>108</ele>
    <time>2026-08-04T19:31:57Z</time>
    <extensions>
     <gpxdata:hr>120</gpxdata:hr>
     <gpxdata:distance>24364.00</gpxdata:distance>
     <gpxdata:speed>7.653</gpxdata:speed>
    </extensions>
   </trkpt>
   <trkpt lat="51.0604562" lon="13.7642738">
    <ele>108</ele>
    <time>2026-08-04T19:31:58Z</time>
    <extensions>
     <gpxdata:hr>121</gpxdata:hr>
     <gpxdata:distance>24371.50</gpxdata:distance>
     <gpxdata:speed>7.703</gpxdata:speed>
    </extensions>
   </trkpt>
   <trkpt lat="51.0604173" lon="13.7641822">
    <ele>108</ele>
    <time>2026-08-04T19:31:59Z</time>
    <extensions>
     <gpxdata:hr>121</gpxdata:hr>
     <gpxdata:distance>24379.00</gpxdata:distance>
     <gpxdata:speed>7.697</gpxdata:speed>
    </extensions>
   </trkpt>
   <trkpt lat="51.0603783" lon="13.7640902">
    <ele>108</ele>
    <time>2026-08-04T19:32:00Z</time>
    <extensions>
     <gpxdata:hr>121</gpxdata:hr>
     <gpxdata:distance>24387.00</gpxdata:distance>
     <gpxdata:speed>7.736</gpxdata:speed>
    </extensions>
   </trkpt>
   <trkpt lat="51.0603385" lon="13.7639972">
    <ele>108</ele>
    <time>2026-08-04T19:32:01Z</time>
    <extensions>
     <gpxdata:hr>120</gpxdata:hr>
     <gpxdata:distance>24395.00</gpxdata:distance>
     <gpxdata:speed>7.758</gpxdata:speed>
    </extensions>
   </trkpt>
   <trkpt lat="51.0602984" lon="13.7639052">
    <ele>108</ele>
    <time>2026-08-04T19:32:02Z</time>
    <extensions>
     <gpxdata:hr>121</gpxdata:hr>
     <gpxdata:distance>24403.00</gpxdata:distance>
     <gpxdata:speed>7.825</gpxdata:speed>
    </extensions>
   </trkpt>
   <trkpt lat="51.0602584" lon="13.7638147">
    <ele>108</ele>
    <time>2026-08-04T19:32:03Z</time>
    <extensions>
     <gpxdata:hr>121</gpxdata:hr>
     <gpxdata:distance>24411.00</gpxdata:distance>
     <gpxdata:speed>7.819</gpxdata:speed>
    </extensions>
   </trkpt>
   <trkpt lat="51.0602190" lon="13.7637258">
    <ele>108</ele>
    <time>2026-08-04T19:32:04Z</time>
    <extensions>
     <gpxdata:hr>121</gpxdata:hr>
     <gpxdata:distance>24418.50</gpxdata:distance>
     <gpxdata:speed>7.783</gpxdata:speed>
    </extensions>
   </trkpt>
   <trkpt lat="51.0601808" lon="13.7636369">
    <ele>108</ele>
    <time>2026-08-04T19:32:05Z</time>
    <extensions>
     <gpxdata:hr>121</gpxdata:hr>
     <gpxdata:distance>24426.00</gpxdata:distance>
     <gpxdata:speed>7.714</gpxdata:speed>
    </extensions>
   </trkpt>
   <trkpt lat="51.0601431" lon="13.7635481">
    <ele>108</ele>
    <time>2026-08-04T19:32:06Z</time>
    <extensions>
     <gpxdata:hr>122</gpxdata:hr>
     <gpxdata:distance>24433.50</gpxdata:distance>
     <gpxdata:speed>7.656</gpxdata:speed>
    </extensions>
   </trkpt>
   <trkpt lat="51.0601050" lon="13.7634594">
    <ele>108</ele>
    <time>2026-08-04T19:32:07Z</time>
    <extensions>
     <gpxdata:hr>122</gpxdata:hr>
     <gpxdata:distance>24441.00</gpxdata:distance>
     <gpxdata:speed>7.606</gpxdata:speed>
    </extensions>
   </trkpt>
   <trkpt lat="51.0600659" lon="13.7633706">
    <ele>108</ele>
    <time>2026-08-04T19:32:08Z</time>
    <extensions>
     <gpxdata:hr>122</gpxdata:hr>
     <gpxdata:distance>24448.50</gpxdata:distance>
     <gpxdata:speed>7.581</gpxdata:speed>
    </extensions>
   </trkpt>
   <trkpt lat="51.0600269" lon="13.7632814">
    <ele>108</ele>
    <time>2026-08-04T19:32:09Z</time>
    <extensions>
     <gpxdata:hr>121</gpxdata:hr>
     <gpxdata:distance>24456.00</gpxdata:distance>
     <gpxdata:speed>7.589</gpxdata:speed>
    </extensions>
   </trkpt>
   <trkpt lat="51.0599888" lon="13.7631920">
    <ele>108</ele>
    <time>2026-08-04T19:32:10Z</time>
    <extensions>
     <gpxdata:hr>121</gpxdata:hr>
     <gpxdata:distance>24463.50</gpxdata:distance>
     <gpxdata:speed>7.594</gpxdata:speed>
    </extensions>
   </trkpt>
   <trkpt lat="51.0599530" lon="13.7631066">
    <ele>107</ele>
    <time>2026-08-04T19:32:11Z</time>
    <extensions>
     <gpxdata:hr>120</gpxdata:hr>
     <gpxdata:distance>24471.00</gpxdata:distance>
     <gpxdata:speed>7.569</gpxdata:speed>
    </extensions>
   </trkpt>
   <trkpt lat="51.0599218" lon="13.7630320">
    <ele>107</ele>
    <time>2026-08-04T19:32:12Z</time>
    <extensions>
     <gpxdata:hr>120</gpxdata:hr>
     <gpxdata:distance>24477.00</gpxdata:distance>
     <gpxdata:speed>7.203</gpxdata:speed>
    </extensions>
   </trkpt>
   <trkpt lat="51.0598953" lon="13.7629701">
    <ele>107</ele>
    <time>2026-08-04T19:32:13Z</time>
    <extensions>
     <gpxdata:hr>118</gpxdata:hr>
     <gpxdata:distance>24483.00</gpxdata:distance>
     <gpxdata:speed>6.342</gpxdata:speed>
    </extensions>
   </trkpt>
   <trkpt lat="51.0598773" lon="13.7629294">
    <ele>107</ele>
    <time>2026-08-04T19:32:14Z</time>
    <extensions>
     <gpxdata:hr>118</gpxdata:hr>
     <gpxdata:distance>24488.00</gpxdata:distance>
     <gpxdata:speed>5.417</gpxdata:speed>
    </extensions>
   </trkpt>
   <trkpt lat="51.0598530" lon="13.7628758">
    <ele>107</ele>
    <time>2026-08-04T19:32:15Z</time>
    <extensions>
     <gpxdata:hr>117</gpxdata:hr>
     <gpxdata:distance>24493.00</gpxdata:distance>
     <gpxdata:speed>5.103</gpxdata:speed>
    </extensions>
   </trkpt>
   <trkpt lat="51.0598238" lon="13.7628147">
    <ele>107</ele>
    <time>2026-08-04T19:32:16Z</time>
    <extensions>
     <gpxdata:hr>116</gpxdata:hr>
     <gpxdata:distance>24498.50</gpxdata:distance>
     <gpxdata:speed>5.342</gpxdata:speed>
    </extensions>
   </trkpt>
   <trkpt lat="51.0597908" lon="13.7627481">
    <ele>107</ele>
    <time>2026-08-04T19:32:17Z</time>
    <extensions>
     <gpxdata:hr>116</gpxdata:hr>
     <gpxdata:distance>24504.00</gpxdata:distance>
     <gpxdata:speed>5.689</gpxdata:speed>
    </extensions>
   </trkpt>
   <trkpt lat="51.0597546" lon="13.7626759">
    <ele>107</ele>
    <time>2026-08-04T19:32:18Z</time>
    <extensions>
     <gpxdata:hr>117</gpxdata:hr>
     <gpxdata:distance>24511.00</gpxdata:distance>
     <gpxdata:speed>5.897</gpxdata:speed>
    </extensions>
   </trkpt>
   <trkpt lat="51.0597029" lon="13.7625728">
    <ele>107</ele>
    <time>2026-08-04T19:32:19Z</time>
    <extensions>
     <gpxdata:hr>117</gpxdata:hr>
     <gpxdata:distance>24518.00</gpxdata:distance>
     <gpxdata:speed>6.172</gpxdata:speed>
    </extensions>
   </trkpt>
   <trkpt lat="51.0596613" lon="13.7624890">
    <ele>107</ele>
    <time>2026-08-04T19:32:20Z</time>
    <extensions>
     <gpxdata:hr>118</gpxdata:hr>
     <gpxdata:distance>24525.00</gpxdata:distance>
     <gpxdata:speed>6.481</gpxdata:speed>
    </extensions>
   </trkpt>
   <trkpt lat="51.0596230" lon="13.7624115">
    <ele>107</ele>
    <time>2026-08-04T19:32:21Z</time>
    <extensions>
     <gpxdata:hr>119</gpxdata:hr>
     <gpxdata:distance>24532.00</gpxdata:distance>
     <gpxdata:speed>6.714</gpxdata:speed>
    </extensions>
   </trkpt>
   <trkpt lat="51.0595881" lon="13.7623405">
    <ele>107</ele>
    <time>2026-08-04T19:32:22Z</time>
    <extensions>
     <gpxdata:hr>121</gpxdata:hr>
     <gpxdata:distance>24538.50</gpxdata:distance>
     <gpxdata:speed>6.700</gpxdata:speed>
    </extensions>
   </trkpt>
   <trkpt lat="51.0595564" lon="13.7622742">
    <ele>107</ele>
    <time>2026-08-04T19:32:23Z</time>
    <extensions>
     <gpxdata:hr>123</gpxdata:hr>
     <gpxdata:distance>24545.00</gpxdata:distance>
     <gpxdata:speed>6.525</gpxdata:speed>
    </extensions>
   </trkpt>
   <trkpt lat="51.0595344" lon="13.7622289">
    <ele>107</ele>
    <time>2026-08-04T19:32:24Z</time>
    <extensions>
     <gpxdata:hr>123</gpxdata:hr>
     <gpxdata:distance>24550.00</gpxdata:distance>
     <gpxdata:speed>5.964</gpxdata:speed>
    </extensions>
   </trkpt>
   <trkpt lat="51.0595072" lon="13.7621734">
    <ele>107</ele>
    <time>2026-08-04T19:32:25Z</time>
    <extensions>
     <gpxdata:hr>122</gpxdata:hr>
     <gpxdata:distance>24555.00</gpxdata:distance>
     <gpxdata:speed>5.819</gpxdata:speed>
    </extensions>
   </trkpt>
   <trkpt lat="51.0594785" lon="13.7621156">
    <ele>107</ele>
    <time>2026-08-04T19:32:26Z</time>
    <extensions>
     <gpxdata:hr>121</gpxdata:hr>
     <gpxdata:distance>24560.50</gpxdata:distance>
     <gpxdata:speed>5.656</gpxdata:speed>
    </extensions>
   </trkpt>
   <trkpt lat="51.0594488" lon="13.7620595">
    <ele>107</ele>
    <time>2026-08-04T19:32:27Z</time>
    <extensions>
     <gpxdata:hr>119</gpxdata:hr>
     <gpxdata:distance>24566.00</gpxdata:distance>
     <gpxdata:speed>5.522</gpxdata:speed>
    </extensions>
   </trkpt>
   <trkpt lat="51.0594184" lon="13.7620062">
    <ele>107</ele>
    <time>2026-08-04T19:32:28Z</time>
    <extensions>
     <gpxdata:hr>118</gpxdata:hr>
     <gpxdata:distance>24571.00</gpxdata:distance>
     <gpxdata:speed>5.239</gpxdata:speed>
    </extensions>
   </trkpt>
   <trkpt lat="51.0593870" lon="13.7619522">
    <ele>107</ele>
    <time>2026-08-04T19:32:29Z</time>
    <extensions>
     <gpxdata:hr>118</gpxdata:hr>
     <gpxdata:distance>24576.00</gpxdata:distance>
     <gpxdata:speed>5.075</gpxdata:speed>
    </extensions>
   </trkpt>
   <trkpt lat="51.0593549" lon="13.7618928">
    <ele>108</ele>
    <time>2026-08-04T19:32:30Z</time>
    <extensions>
     <gpxdata:hr>117</gpxdata:hr>
     <gpxdata:distance>24581.50</gpxdata:distance>
     <gpxdata:speed>5.228</gpxdata:speed>
    </extensions>
   </trkpt>
   <trkpt lat="51.0593220" lon="13.7618261">
    <ele>108</ele>
    <time>2026-08-04T19:32:31Z</time>
    <extensions>
     <gpxdata:hr>117</gpxdata:hr>
     <gpxdata:distance>24587.00</gpxdata:distance>
     <gpxdata:speed>5.564</gpxdata:speed>
    </extensions>
   </trkpt>
   <trkpt lat="51.0592878" lon="13.7617528">
    <ele>108</ele>
    <time>2026-08-04T19:32:32Z</time>
    <extensions>
     <gpxdata:hr>117</gpxdata:hr>
     <gpxdata:distance>24594.00</gpxdata:distance>
     <gpxdata:speed>5.981</gpxdata:speed>
    </extensions>
   </trkpt>
   <trkpt lat="51.0592396" lon="13.7616484">
    <ele>108</ele>
    <time>2026-08-04T19:32:33Z</time>
    <extensions>
     <gpxdata:hr>118</gpxdata:hr>
     <gpxdata:distance>24601.00</gpxdata:distance>
     <gpxdata:speed>6.406</gpxdata:speed>
    </extensions>
   </trkpt>
   <trkpt lat="51.0591989" lon="13.7615629">
    <ele>108</ele>
    <time>2026-08-04T19:32:34Z</time>
    <extensions>
     <gpxdata:hr>119</gpxdata:hr>
     <gpxdata:distance>24608.00</gpxdata:distance>
     <gpxdata:speed>6.769</gpxdata:speed>
    </extensions>
   </trkpt>
   <trkpt lat="51.0591578" lon="13.7614788">
    <ele>108</ele>
    <time>2026-08-04T19:32:35Z</time>
    <extensions>
     <gpxdata:hr>121</gpxdata:hr>
     <gpxdata:distance>24615.00</gpxdata:distance>
     <gpxdata:speed>7.097</gpxdata:speed>
    </extensions>
   </trkpt>
   <trkpt lat="51.0591159" lon="13.7613951">
    <ele>108</ele>
    <time>2026-08-04T19:32:36Z</time>
    <extensions>
     <gpxdata:hr>123</gpxdata:hr>
     <gpxdata:distance>24622.50</gpxdata:distance>
     <gpxdata:speed>7.275</gpxdata:speed>
    </extensions>
   </trkpt>
   <trkpt lat="51.0590740" lon="13.7613118">
    <ele>108</ele>
    <time>2026-08-04T19:32:37Z</time>
    <extensions>
     <gpxdata:hr>124</gpxdata:hr>
     <gpxdata:distance>24630.00</gpxdata:distance>
     <gpxdata:speed>7.358</gpxdata:speed>
    </extensions>
   </trkpt>
   <trkpt lat="51.0590327" lon="13.7612284">
    <ele>108</ele>
    <time>2026-08-04T19:32:38Z</time>
    <extensions>
     <gpxdata:hr>125</gpxdata:hr>
     <gpxdata:distance>24637.50</gpxdata:distance>
     <gpxdata:speed>7.394</gpxdata:speed>
    </extensions>
   </trkpt>
   <trkpt lat="51.0589916" lon="13.7611444">
    <ele>108</ele>
    <time>2026-08-04T19:32:39Z</time>
    <extensions>
     <gpxdata:hr>126</gpxdata:hr>
     <gpxdata:distance>24645.00</gpxdata:distance>
     <gpxdata:speed>7.394</gpxdata:speed>
    </extensions>
   </trkpt>
   <trkpt lat="51.0589498" lon="13.7610606">
    <ele>108</ele>
    <time>2026-08-04T19:32:40Z</time>
    <extensions>
     <gpxdata:hr>125</gpxdata:hr>
     <gpxdata:distance>24652.50</gpxdata:distance>
     <gpxdata:speed>7.433</gpxdata:speed>
    </extensions>
   </trkpt>
   <trkpt lat="51.0589067" lon="13.7609776">
    <ele>108</ele>
    <time>2026-08-04T19:32:41Z</time>
    <extensions>
     <gpxdata:hr>126</gpxdata:hr>
     <gpxdata:distance>24660.00</gpxdata:distance>
     <gpxdata:speed>7.478</gpxdata:speed>
    </extensions>
   </trkpt>
   <trkpt lat="51.0588628" lon="13.7608956">
    <ele>108</ele>
    <time>2026-08-04T19:32:42Z</time>
    <extensions>
     <gpxdata:hr>126</gpxdata:hr>
     <gpxdata:distance>24667.50</gpxdata:distance>
     <gpxdata:speed>7.528</gpxdata:speed>
    </extensions>
   </trkpt>
   <trkpt lat="51.0588194" lon="13.7608126">
    <ele>108</ele>
    <time>2026-08-04T19:32:43Z</time>
    <extensions>
     <gpxdata:hr>126</gpxdata:hr>
     <gpxdata:distance>24675.00</gpxdata:distance>
     <gpxdata:speed>7.528</gpxdata:speed>
    </extensions>
   </trkpt>
   <trkpt lat="51.0587765" lon="13.7607277">
    <ele>108</ele>
    <time>2026-08-04T19:32:44Z</time>
    <extensions>
     <gpxdata:hr>125</gpxdata:hr>
     <gpxdata:distance>24682.50</gpxdata:distance>
     <gpxdata:speed>7.553</gpxdata:speed>
    </extensions>
   </trkpt>
   <trkpt lat="51.0587334" lon="13.7606423">
    <ele>108</ele>
    <time>2026-08-04T19:32:45Z</time>
    <extensions>
     <gpxdata:hr>125</gpxdata:hr>
     <gpxdata:distance>24690.00</gpxdata:distance>
     <gpxdata:speed>7.586</gpxdata:speed>
    </extensions>
   </trkpt>
   <trkpt lat="51.0586899" lon="13.7605568">
    <ele>108</ele>
    <time>2026-08-04T19:32:46Z</time>
    <extensions>
     <gpxdata:hr>124</gpxdata:hr>
     <gpxdata:distance>24698.00</gpxdata:distance>
     <gpxdata:speed>7.617</gpxdata:speed>
    </extensions>
   </trkpt>
   <trkpt lat="51.0586470" lon="13.7604712">
    <ele>108</ele>
    <time>2026-08-04T19:32:47Z</time>
    <extensions>
     <gpxdata:hr>125</gpxdata:hr>
     <gpxdata:distance>24706.00</gpxdata:distance>
     <gpxdata:speed>7.644</gpxdata:speed>
    </extensions>
   </trkpt>
   <trkpt lat="51.0586046" lon="13.7603852">
    <ele>108</ele>
    <time>2026-08-04T19:32:48Z</time>
    <extensions>
     <gpxdata:hr>125</gpxdata:hr>
     <gpxdata:distance>24713.50</gpxdata:distance>
     <gpxdata:speed>7.647</gpxdata:speed>
    </extensions>
   </trkpt>
   <trkpt lat="51.0585630" lon="13.7602988">
    <ele>108</ele>
    <time>2026-08-04T19:32:49Z</time>
    <extensions>
     <gpxdata:hr>125</gpxdata:hr>
     <gpxdata:distance>24721.00</gpxdata:distance>
     <gpxdata:speed>7.647</gpxdata:speed>
    </extensions>
   </trkpt>
   <trkpt lat="51.0585217" lon="13.7602121">
    <ele>108</ele>
    <time>2026-08-04T19:32:50Z</time>
    <extensions>
     <gpxdata:hr>125</gpxdata:hr>
     <gpxdata:distance>24728.50</gpxdata:distance>
     <gpxdata:speed>7.636</gpxdata:speed>
    </extensions>
   </trkpt>
   <trkpt lat="51.0584803" lon="13.7601254">
    <ele>108</ele>
    <time>2026-08-04T19:32:51Z</time>
    <extensions>
     <gpxdata:hr>125</gpxdata:hr>
     <gpxdata:distance>24736.00</gpxdata:distance>
     <gpxdata:speed>7.631</gpxdata:speed>
    </extensions>
   </trkpt>
   <trkpt lat="51.0584383" lon="13.7600401">
    <ele>108</ele>
    <time>2026-08-04T19:32:52Z</time>
    <extensions>
     <gpxdata:hr>126</gpxdata:hr>
     <gpxdata:distance>24743.50</gpxdata:distance>
     <gpxdata:speed>7.628</gpxdata:speed>
    </extensions>
   </trkpt>
   <trkpt lat="51.0583959" lon="13.7599558">
    <ele>108</ele>
    <time>2026-08-04T19:32:53Z</time>
    <extensions>
     <gpxdata:hr>126</gpxdata:hr>
     <gpxdata:distance>24751.00</gpxdata:distance>
     <gpxdata:speed>7.611</gpxdata:speed>
    </extensions>
   </trkpt>
   <trkpt lat="51.0583535" lon="13.7598719">
    <ele>108</ele>
    <time>2026-08-04T19:32:54Z</time>
    <extensions>
     <gpxdata:hr>127</gpxdata:hr>
     <gpxdata:distance>24758.50</gpxdata:distance>
     <gpxdata:speed>7.592</gpxdata:speed>
    </extensions>
   </trkpt>
   <trkpt lat="51.0583105" lon="13.7597885">
    <ele>108</ele>
    <time>2026-08-04T19:32:55Z</time>
    <extensions>
     <gpxdata:hr>127</gpxdata:hr>
     <gpxdata:distance>24766.00</gpxdata:distance>
     <gpxdata:speed>7.569</gpxdata:speed>
    </extensions>
   </trkpt>
   <trkpt lat="51.0582667" lon="13.7597070">
    <ele>108</ele>
    <time>2026-08-04T19:32:56Z</time>
    <extensions>
     <gpxdata:hr>127</gpxdata:hr>
     <gpxdata:distance>24773.50</gpxdata:distance>
     <gpxdata:speed>7.564</gpxdata:speed>
    </extensions>
   </trkpt>
   <trkpt lat="51.0582224" lon="13.7596284">
    <ele>108</ele>
    <time>2026-08-04T19:32:57Z</time>
    <extensions>
     <gpxdata:hr>127</gpxdata:hr>
     <gpxdata:distance>24781.00</gpxdata:distance>
     <gpxdata:speed>7.542</gpxdata:speed>
    </extensions>
   </trkpt>
   <trkpt lat="51.0581795" lon="13.7595523">
    <ele>108</ele>
    <time>2026-08-04T19:32:58Z</time>
    <extensions>
     <gpxdata:hr>127</gpxdata:hr>
     <gpxdata:distance>24788.50</gpxdata:distance>
     <gpxdata:speed>7.478</gpxdata:speed>
    </extensions>
   </trkpt>
   <trkpt lat="51.0581385" lon="13.7594774">
    <ele>108</ele>
    <time>2026-08-04T19:32:59Z</time>
    <extensions>
     <gpxdata:hr>126</gpxdata:hr>
     <gpxdata:distance>24796.00</gpxdata:distance>
     <gpxdata:speed>7.356</gpxdata:speed>
    </extensions>
   </trkpt>
   <trkpt lat="51.0580989" lon="13.7594015">
    <ele>108</ele>
    <time>2026-08-04T19:33:00Z</time>
    <extensions>
     <gpxdata:hr>125</gpxdata:hr>
     <gpxdata:distance>24802.50</gpxdata:distance>
     <gpxdata:speed>7.206</gpxdata:speed>
    </extensions>
   </trkpt>
   <trkpt lat="51.0580589" lon="13.7593237">
    <ele>108</ele>
    <time>2026-08-04T19:33:01Z</time>
    <extensions>
     <gpxdata:hr>124</gpxdata:hr>
     <gpxdata:distance>24809.00</gpxdata:distance>
     <gpxdata:speed>7.106</gpxdata:speed>
    </extensions>
   </trkpt>
   <trkpt lat="51.0580173" lon="13.7592446">
    <ele>108</ele>
    <time>2026-08-04T19:33:02Z</time>
    <extensions>
     <gpxdata:hr>122</gpxdata:hr>
     <gpxdata:distance>24816.50</gpxdata:distance>
     <gpxdata:speed>7.089</gpxdata:speed>
    </extensions>
   </trkpt>
   <trkpt lat="51.0579749" lon="13.7591638">
    <ele>108</ele>
    <time>2026-08-04T19:33:03Z</time>
    <extensions>
     <gpxdata:hr>122</gpxdata:hr>
     <gpxdata:distance>24824.00</gpxdata:distance>
     <gpxdata:speed>7.144</gpxdata:speed>
    </extensions>
   </trkpt>
   <trkpt lat="51.0579330" lon="13.7590804">
    <ele>108</ele>
    <time>2026-08-04T19:33:04Z</time>
    <extensions>
     <gpxdata:hr>121</gpxdata:hr>
     <gpxdata:distance>24831.50</gpxdata:distance>
     <gpxdata:speed>7.222</gpxdata:speed>
    </extensions>
   </trkpt>
   <trkpt lat="51.0578921" lon="13.7589943">
    <ele>109</ele>
    <time>2026-08-04T19:33:05Z</time>
    <extensions>
     <gpxdata:hr>121</gpxdata:hr>
     <gpxdata:distance>24839.00</gpxdata:distance>
     <gpxdata:speed>7.303</gpxdata:speed>
    </extensions>
   </trkpt>
   <trkpt lat="51.0578513" lon="13.7589069">
    <ele>109</ele>
    <time>2026-08-04T19:33:06Z</time>
    <extensions>
     <gpxdata:hr>121</gpxdata:hr>
     <gpxdata:distance>24846.50</gpxdata:distance>
     <gpxdata:speed>7.386</gpxdata:speed>
    </extensions>
   </trkpt>
   <trkpt lat="51.0578100" lon="13.7588193">
    <ele>109</ele>
    <time>2026-08-04T19:33:07Z</time>
    <extensions>
     <gpxdata:hr>122</gpxdata:hr>
     <gpxdata:distance>24854.00</gpxdata:distance>
     <gpxdata:speed>7.461</gpxdata:speed>
    </extensions>
   </trkpt>
   <trkpt lat="51.0577681" lon="13.7587317">
    <ele>109</ele>
    <time>2026-08-04T19:33:08Z</time>
    <extensions>
     <gpxdata:hr>123</gpxdata:hr>
     <gpxdata:distance>24862.00</gpxdata:distance>
     <gpxdata:speed>7.528</gpxdata:speed>
    </extensions>
   </trkpt>
   <trkpt lat="51.0577260" lon="13.7586436">
    <ele>109</ele>
    <time>2026-08-04T19:33:09Z</time>
    <extensions>
     <gpxdata:hr>123</gpxdata:hr>
     <gpxdata:distance>24870.00</gpxdata:distance>
     <gpxdata:speed>7.589</gpxdata:speed>
    </extensions>
   </trkpt>
   <trkpt lat="51.0576841" lon="13.7585551">
    <ele>109</ele>
    <time>2026-08-04T19:33:10Z</time>
    <extensions>
     <gpxdata:hr>123</gpxdata:hr>
     <gpxdata:distance>24877.50</gpxdata:distance>
     <gpxdata:speed>7.653</gpxdata:speed>
    </extensions>
   </trkpt>
   <trkpt lat="51.0576421" lon="13.7584666">
    <ele>109</ele>
    <time>2026-08-04T19:33:11Z</time>
    <extensions>
     <gpxdata:hr>123</gpxdata:hr>
     <gpxdata:distance>24885.00</gpxdata:distance>
     <gpxdata:speed>7.700</gpxdata:speed>
    </extensions>
   </trkpt>
   <trkpt lat="51.0575996" lon="13.7583778">
    <ele>109</ele>
    <time>2026-08-04T19:33:12Z</time>
    <extensions>
     <gpxdata:hr>123</gpxdata:hr>
     <gpxdata:distance>24893.00</gpxdata:distance>
     <gpxdata:speed>7.739</gpxdata:speed>
    </extensions>
   </trkpt>
   <trkpt lat="51.0575571" lon="13.7582883">
    <ele>109</ele>
    <time>2026-08-04T19:33:13Z</time>
    <extensions>
     <gpxdata:hr>123</gpxdata:hr>
     <gpxdata:distance>24901.00</gpxdata:distance>
     <gpxdata:speed>7.786</gpxdata:speed>
    </extensions>
   </trkpt>
   <trkpt lat="51.0575144" lon="13.7581980">
    <ele>109</ele>
    <time>2026-08-04T19:33:14Z</time>
    <extensions>
     <gpxdata:hr>124</gpxdata:hr>
     <gpxdata:distance>24909.00</gpxdata:distance>
     <gpxdata:speed>7.831</gpxdata:speed>
    </extensions>
   </trkpt>
   <trkpt lat="51.0574715" lon="13.7581073">
    <ele>109</ele>
    <time>2026-08-04T19:33:15Z</time>
    <extensions>
     <gpxdata:hr>124</gpxdata:hr>
     <gpxdata:distance>24917.00</gpxdata:distance>
     <gpxdata:speed>7.867</gpxdata:speed>
    </extensions>
   </trkpt>
   <trkpt lat="51.0574287" lon="13.7580166">
    <ele>109</ele>
    <time>2026-08-04T19:33:16Z</time>
    <extensions>
     <gpxdata:hr>124</gpxdata:hr>
     <gpxdata:distance>24924.50</gpxdata:distance>
     <gpxdata:speed>7.894</gpxdata:speed>
    </extensions>
   </trkpt>
   <trkpt lat="51.0573862" lon="13.7579264">
    <ele>109</ele>
    <time>2026-08-04T19:33:17Z</time>
    <extensions>
     <gpxdata:hr>124</gpxdata:hr>
     <gpxdata:distance>24932.00</gpxdata:distance>
     <gpxdata:speed>7.908</gpxdata:speed>
    </extensions>
   </trkpt>
   <trkpt lat="51.0573441" lon="13.7578370">
    <ele>109</ele>
    <time>2026-08-04T19:33:18Z</time>
    <extensions>
     <gpxdata:hr>124</gpxdata:hr>
     <gpxdata:distance>24940.00</gpxdata:distance>
     <gpxdata:speed>7.897</gpxdata:speed>
    </extensions>
   </trkpt>
   <trkpt lat="51.0573021" lon="13.7577487">
    <ele>109</ele>
    <time>2026-08-04T19:33:19Z</time>
    <extensions>
     <gpxdata:hr>124</gpxdata:hr>
     <gpxdata:distance>24948.00</gpxdata:distance>
     <gpxdata:speed>7.867</gpxdata:speed>
    </extensions>
   </trkpt>
   <trkpt lat="51.0572598" lon="13.7576609">
    <ele>109</ele>
    <time>2026-08-04T19:33:20Z</time>
    <extensions>
     <gpxdata:hr>124</gpxdata:hr>
     <gpxdata:distance>24955.50</gpxdata:distance>
     <gpxdata:speed>7.825</gpxdata:speed>
    </extensions>
   </trkpt>
   <trkpt lat="51.0572174" lon="13.7575735">
    <ele>109</ele>
    <time>2026-08-04T19:33:21Z</time>
    <extensions>
     <gpxdata:hr>124</gpxdata:hr>
     <gpxdata:distance>24963.00</gpxdata:distance>
     <gpxdata:speed>7.797</gpxdata:speed>
    </extensions>
   </trkpt>
   <trkpt lat="51.0571750" lon="13.7574864">
    <ele>109</ele>
    <time>2026-08-04T19:33:22Z</time>
    <extensions>
     <gpxdata:hr>123</gpxdata:hr>
     <gpxdata:distance>24971.00</gpxdata:distance>
     <gpxdata:speed>7.772</gpxdata:speed>
    </extensions>
   </trkpt>
   <trkpt lat="51.0571334" lon="13.7573990">
    <ele>109</ele>
    <time>2026-08-04T19:33:23Z</time>
    <extensions>
     <gpxdata:hr>123</gpxdata:hr>
     <gpxdata:distance>24979.00</gpxdata:distance>
     <gpxdata:speed>7.753</gpxdata:speed>
    </extensions>
   </trkpt>
   <trkpt lat="51.0570929" lon="13.7573104">
    <ele>109</ele>
    <time>2026-08-04T19:33:24Z</time>
    <extensions>
     <gpxdata:hr>122</gpxdata:hr>
     <gpxdata:distance>24986.50</gpxdata:distance>
     <gpxdata:speed>7.725</gpxdata:speed>
    </extensions>
   </trkpt>
   <trkpt lat="51.0570533" lon="13.7572210">
    <ele>109</ele>
    <time>2026-08-04T19:33:25Z</time>
    <extensions>
     <gpxdata:hr>122</gpxdata:hr>
     <gpxdata:distance>24994.00</gpxdata:distance>
     <gpxdata:speed>7.706</gpxdata:speed>
    </extensions>
   </trkpt>
   <trkpt lat="51.0570142" lon="13.7571316">
    <ele>109</ele>
    <time>2026-08-04T19:33:26Z</time>
    <extensions>
     <gpxdata:hr>121</gpxdata:hr>
     <gpxdata:distance>25001.50</gpxdata:distance>
     <gpxdata:speed>7.683</gpxdata:speed>
    </extensions>
   </trkpt>
   <trkpt lat="51.0569750" lon="13.7570425">
    <ele>109</ele>
    <time>2026-08-04T19:33:27Z</time>
    <extensions>
     <gpxdata:hr>121</gpxdata:hr>
     <gpxdata:distance>25009.00</gpxdata:distance>
     <gpxdata:speed>7.658</gpxdata:speed>
    </extensions>
   </trkpt>
   <trkpt lat="51.0569359" lon="13.7569536">
    <ele>109</ele>
    <time>2026-08-04T19:33:28Z</time>
    <extensions>
     <gpxdata:hr>121</gpxdata:hr>
     <gpxdata:distance>25017.00</gpxdata:distance>
     <gpxdata:speed>7.639</gpxdata:speed>
    </extensions>
   </trkpt>
   <trkpt lat="51.0568964" lon="13.7568656">
    <ele>109</ele>
    <time>2026-08-04T19:33:29Z</time>
    <extensions>
     <gpxdata:hr>122</gpxdata:hr>
     <gpxdata:distance>25025.00</gpxdata:distance>
     <gpxdata:speed>7.619</gpxdata:speed>
    </extensions>
   </trkpt>
   <trkpt lat="51.0568564" lon="13.7567778">
    <ele>109</ele>
    <time>2026-08-04T19:33:30Z</time>
    <extensions>
     <gpxdata:hr>122</gpxdata:hr>
     <gpxdata:distance>25032.50</gpxdata:distance>
     <gpxdata:speed>7.600</gpxdata:speed>
    </extensions>
   </trkpt>
   <trkpt lat="51.0568163" lon="13.7566903">
    <ele>109</ele>
    <time>2026-08-04T19:33:31Z</time>
    <extensions>
     <gpxdata:hr>121</gpxdata:hr>
     <gpxdata:distance>25040.00</gpxdata:distance>
     <gpxdata:speed>7.597</gpxdata:speed>
    </extensions>
   </trkpt>
   <trkpt lat="51.0567754" lon="13.7566025">
    <ele>109</ele>
    <time>2026-08-04T19:33:32Z</time>
    <extensions>
     <gpxdata:hr>121</gpxdata:hr>
     <gpxdata:distance>25047.50</gpxdata:distance>
     <gpxdata:speed>7.592</gpxdata:speed>
    </extensions>
   </trkpt>
   <trkpt lat="51.0567348" lon="13.7565146">
    <ele>109</ele>
    <time>2026-08-04T19:33:33Z</time>
    <extensions>
     <gpxdata:hr>121</gpxdata:hr>
     <gpxdata:distance>25055.00</gpxdata:distance>
     <gpxdata:speed>7.611</gpxdata:speed>
    </extensions>
   </trkpt>
   <trkpt lat="51.0566942" lon="13.7564266">
    <ele>109</ele>
    <time>2026-08-04T19:33:34Z</time>
    <extensions>
     <gpxdata:hr>121</gpxdata:hr>
     <gpxdata:distance>25062.50</gpxdata:distance>
     <gpxdata:speed>7.617</gpxdata:speed>
    </extensions>
   </trkpt>
   <trkpt lat="51.0566537" lon="13.7563384">
    <ele>109</ele>
    <time>2026-08-04T19:33:35Z</time>
    <extensions>
     <gpxdata:hr>121</gpxdata:hr>
     <gpxdata:distance>25070.00</gpxdata:distance>
     <gpxdata:speed>7.622</gpxdata:speed>
    </extensions>
   </trkpt>
   <trkpt lat="51.0566135" lon="13.7562502">
    <ele>109</ele>
    <time>2026-08-04T19:33:36Z</time>
    <extensions>
     <gpxdata:hr>121</gpxdata:hr>
     <gpxdata:distance>25078.00</gpxdata:distance>
     <gpxdata:speed>7.631</gpxdata:speed>
    </extensions>
   </trkpt>
   <trkpt lat="51.0565737" lon="13.7561622">
    <ele>109</ele>
    <time>2026-08-04T19:33:37Z</time>
    <extensions>
     <gpxdata:hr>121</gpxdata:hr>
     <gpxdata:distance>25086.00</gpxdata:distance>
     <gpxdata:speed>7.625</gpxdata:speed>
    </extensions>
   </trkpt>
   <trkpt lat="51.0565343" lon="13.7560750">
    <ele>109</ele>
    <time>2026-08-04T19:33:38Z</time>
    <extensions>
     <gpxdata:hr>122</gpxdata:hr>
     <gpxdata:distance>25093.50</gpxdata:distance>
     <gpxdata:speed>7.611</gpxdata:speed>
    </extensions>
   </trkpt>
   <trkpt lat="51.0564956" lon="13.7559886">
    <ele>109</ele>
    <time>2026-08-04T19:33:39Z</time>
    <extensions>
     <gpxdata:hr>122</gpxdata:hr>
     <gpxdata:distance>25101.00</gpxdata:distance>
     <gpxdata:speed>7.569</gpxdata:speed>
    </extensions>
   </trkpt>
   <trkpt lat="51.0564574" lon="13.7559024">
    <ele>109</ele>
    <time>2026-08-04T19:33:40Z</time>
    <extensions>
     <gpxdata:hr>122</gpxdata:hr>
     <gpxdata:distance>25108.00</gpxdata:distance>
     <gpxdata:speed>7.519</gpxdata:speed>
    </extensions>
   </trkpt>
   <trkpt lat="51.0564195" lon="13.7558168">
    <ele>109</ele>
    <time>2026-08-04T19:33:41Z</time>
    <extensions>
     <gpxdata:hr>121</gpxdata:hr>
     <gpxdata:distance>25115.00</gpxdata:distance>
     <gpxdata:speed>7.472</gpxdata:speed>
    </extensions>
   </trkpt>
   <trkpt lat="51.0563812" lon="13.7557322">
    <ele>109</ele>
    <time>2026-08-04T19:33:42Z</time>
    <extensions>
     <gpxdata:hr>120</gpxdata:hr>
     <gpxdata:distance>25122.50</gpxdata:distance>
     <gpxdata:speed>7.422</gpxdata:speed>
    </extensions>
   </trkpt>
   <trkpt lat="51.0563431" lon="13.7556484">
    <ele>109</ele>
    <time>2026-08-04T19:33:43Z</time>
    <extensions>
     <gpxdata:hr>120</gpxdata:hr>
     <gpxdata:distance>25130.00</gpxdata:distance>
     <gpxdata:speed>7.378</gpxdata:speed>
    </extensions>
   </trkpt>
   <trkpt lat="51.0563049" lon="13.7555657">
    <ele>109</ele>
    <time>2026-08-04T19:33:44Z</time>
    <extensions>
     <gpxdata:hr>120</gpxdata:hr>
     <gpxdata:distance>25137.00</gpxdata:distance>
     <gpxdata:speed>7.328</gpxdata:speed>
    </extensions>
   </trkpt>
   <trkpt lat="51.0562674" lon="13.7554826">
    <ele>109</ele>
    <time>2026-08-04T19:33:45Z</time>
    <extensions>
     <gpxdata:hr>119</gpxdata:hr>
     <gpxdata:distance>25144.00</gpxdata:distance>
     <gpxdata:speed>7.275</gpxdata:speed>
    </extensions>
   </trkpt>
   <trkpt lat="51.0562299" lon="13.7553993">
    <ele>109</ele>
    <time>2026-08-04T19:33:46Z</time>
    <extensions>
     <gpxdata:hr>119</gpxdata:hr>
     <gpxdata:distance>25151.50</gpxdata:distance>
     <gpxdata:speed>7.233</gpxdata:speed>
    </extensions>
   </trkpt>
   <trkpt lat="51.0561936" lon="13.7553182">
    <ele>109</ele>
    <time>2026-08-04T19:33:47Z</time>
    <extensions>
     <gpxdata:hr>119</gpxdata:hr>
     <gpxdata:distance>25159.00</gpxdata:distance>
     <gpxdata:speed>7.214</gpxdata:speed>
    </extensions>
   </trkpt>
   <trkpt lat="51.0561609" lon="13.7552446">
    <ele>109</ele>
    <time>2026-08-04T19:33:48Z</time>
    <extensions>
     <gpxdata:hr>119</gpxdata:hr>
     <gpxdata:distance>25165.00</gpxdata:distance>
     <gpxdata:speed>6.986</gpxdata:speed>
    </extensions>
   </trkpt>
   <trkpt lat="51.0561337" lon="13.7551822">
    <ele>109</ele>
    <time>2026-08-04T19:33:49Z</time>
    <extensions>
     <gpxdata:hr>118</gpxdata:hr>
     <gpxdata:distance>25171.00</gpxdata:distance>
     <gpxdata:speed>6.339</gpxdata:speed>
    </extensions>
   </trkpt>
   <trkpt lat="51.0561177" lon="13.7551448">
    <ele>108</ele>
    <time>2026-08-04T19:33:50Z</time>
    <extensions>
     <gpxdata:hr>118</gpxdata:hr>
     <gpxdata:distance>25175.00</gpxdata:distance>
     <gpxdata:speed>5.417</gpxdata:speed>
    </extensions>
   </trkpt>
   <trkpt lat="51.0561002" lon="13.7551039">
    <ele>108</ele>
    <time>2026-08-04T19:33:51Z</time>
    <extensions>
     <gpxdata:hr>117</gpxdata:hr>
     <gpxdata:distance>25179.00</gpxdata:distance>
     <gpxdata:speed>4.597</gpxdata:speed>
    </extensions>
   </trkpt>
   <trkpt lat="51.0560844" lon="13.7550671">
    <ele>108</ele>
    <time>2026-08-04T19:33:52Z</time>
    <extensions>
     <gpxdata:hr>117</gpxdata:hr>
     <gpxdata:distance>25182.00</gpxdata:distance>
     <gpxdata:speed>3.950</gpxdata:speed>
    </extensions>
   </trkpt>
   <trkpt lat="51.0560701" lon="13.7550356">
    <ele>108</ele>
    <time>2026-08-04T19:33:53Z</time>
    <extensions>
     <gpxdata:hr>116</gpxdata:hr>
     <gpxdata:distance>25185.00</gpxdata:distance>
     <gpxdata:speed>3.936</gpxdata:speed>
    </extensions>
   </trkpt>
   <trkpt lat="51.0560565" lon="13.7550096">
    <ele>108</ele>
    <time>2026-08-04T19:33:54Z</time>
    <extensions>
     <gpxdata:hr>116</gpxdata:hr>
     <gpxdata:distance>25187.50</gpxdata:distance>
     <gpxdata:speed>3.508</gpxdata:speed>
    </extensions>
   </trkpt>
   <trkpt lat="51.0560488" lon="13.7549968">
    <ele>108</ele>
    <time>2026-08-04T19:33:55Z</time>
    <extensions>
     <gpxdata:hr>115</gpxdata:hr>
     <gpxdata:distance>25190.00</gpxdata:distance>
     <gpxdata:speed>2.514</gpxdata:speed>
    </extensions>
   </trkpt>
   <trkpt lat="51.0560374" lon="13.7549767">
    <ele>108</ele>
    <time>2026-08-04T19:33:56Z</time>
    <extensions>
     <gpxdata:hr>115</gpxdata:hr>
     <gpxdata:distance>25192.50</gpxdata:distance>
     <gpxdata:speed>2.278</gpxdata:speed>
    </extensions>
   </trkpt>
   <trkpt lat="51.0560232" lon="13.7549455">
    <ele>108</ele>
    <time>2026-08-04T19:33:57Z</time>
    <extensions>
     <gpxdata:hr>114</gpxdata:hr>
     <gpxdata:distance>25195.00</gpxdata:distance>
     <gpxdata:speed>2.586</gpxdata:speed>
    </extensions>
   </trkpt>
   <trkpt lat="51.0559963" lon="13.7548737">
    <ele>108</ele>
    <time>2026-08-04T19:33:58Z</time>
    <extensions>
     <gpxdata:hr>114</gpxdata:hr>
     <gpxdata:distance>25199.50</gpxdata:distance>
     <gpxdata:speed>3.361</gpxdata:speed>
    </extensions>
   </trkpt>
   <trkpt lat="51.0559725" lon="13.7548077">
    <ele>108</ele>
    <time>2026-08-04T19:33:59Z</time>
    <extensions>
     <gpxdata:hr>115</gpxdata:hr>
     <gpxdata:distance>25204.00</gpxdata:distance>
     <gpxdata:speed>3.883</gpxdata:speed>
    </extensions>
   </trkpt>
   <trkpt lat="51.0559450" lon="13.7547349">
    <ele>108</ele>
    <time>2026-08-04T19:34:00Z</time>
    <extensions>
     <gpxdata:hr>115</gpxdata:hr>
     <gpxdata:distance>25210.50</gpxdata:distance>
     <gpxdata:speed>5.022</gpxdata:speed>
    </extensions>
   </trkpt>
   <trkpt lat="51.0559135" lon="13.7546544">
    <ele>108</ele>
    <time>2026-08-04T19:34:01Z</time>
    <extensions>
     <gpxdata:hr>115</gpxdata:hr>
     <gpxdata:distance>25217.00</gpxdata:distance>
     <gpxdata:speed>5.897</gpxdata:speed>
    </extensions>
   </trkpt>
   <trkpt lat="51.0558794" lon="13.7545685">
    <ele>108</ele>
    <time>2026-08-04T19:34:02Z</time>
    <extensions>
     <gpxdata:hr>116</gpxdata:hr>
     <gpxdata:distance>25224.50</gpxdata:distance>
     <gpxdata:speed>5.158</gpxdata:speed>
    </extensions>
   </trkpt>
   <trkpt lat="51.0558437" lon="13.7544797">
    <ele>108</ele>
    <time>2026-08-04T19:34:03Z</time>
    <extensions>
     <gpxdata:hr>116</gpxdata:hr>
     <gpxdata:distance>25232.00</gpxdata:distance>
     <gpxdata:speed>5.508</gpxdata:speed>
    </extensions>
   </trkpt>
   <trkpt lat="51.0557954" lon="13.7543602">
    <ele>108</ele>
    <time>2026-08-04T19:34:04Z</time>
    <extensions>
     <gpxdata:hr>118</gpxdata:hr>
     <gpxdata:distance>25239.50</gpxdata:distance>
     <gpxdata:speed>7.219</gpxdata:speed>
    </extensions>
   </trkpt>
   <trkpt lat="51.0557574" lon="13.7542669">
    <ele>108</ele>
    <time>2026-08-04T19:34:05Z</time>
    <extensions>
     <gpxdata:hr>120</gpxdata:hr>
     <gpxdata:distance>25247.00</gpxdata:distance>
     <gpxdata:speed>7.347</gpxdata:speed>
    </extensions>
   </trkpt>
   <trkpt lat="51.0557213" lon="13.7541775">
    <ele>108</ele>
    <time>2026-08-04T19:34:06Z</time>
    <extensions>
     <gpxdata:hr>123</gpxdata:hr>
     <gpxdata:distance>25254.00</gpxdata:distance>
     <gpxdata:speed>7.378</gpxdata:speed>
    </extensions>
   </trkpt>
   <trkpt lat="51.0556851" lon="13.7540893">
    <ele>109</ele>
    <time>2026-08-04T19:34:07Z</time>
    <extensions>
     <gpxdata:hr>125</gpxdata:hr>
     <gpxdata:distance>25261.00</gpxdata:distance>
     <gpxdata:speed>7.386</gpxdata:speed>
    </extensions>
   </trkpt>
   <trkpt lat="51.0556492" lon="13.7540014">
    <ele>109</ele>
    <time>2026-08-04T19:34:08Z</time>
    <extensions>
     <gpxdata:hr>126</gpxdata:hr>
     <gpxdata:distance>25268.50</gpxdata:distance>
     <gpxdata:speed>7.372</gpxdata:speed>
    </extensions>
   </trkpt>
   <trkpt lat="51.0556136" lon="13.7539133">
    <ele>109</ele>
    <time>2026-08-04T19:34:09Z</time>
    <extensions>
     <gpxdata:hr>126</gpxdata:hr>
     <gpxdata:distance>25276.00</gpxdata:distance>
     <gpxdata:speed>7.347</gpxdata:speed>
    </extensions>
   </trkpt>
   <trkpt lat="51.0555781" lon="13.7538249">
    <ele>109</ele>
    <time>2026-08-04T19:34:10Z</time>
    <extensions>
     <gpxdata:hr>126</gpxdata:hr>
     <gpxdata:distance>25283.50</gpxdata:distance>
     <gpxdata:speed>7.347</gpxdata:speed>
    </extensions>
   </trkpt>
   <trkpt lat="51.0555426" lon="13.7537367">
    <ele>109</ele>
    <time>2026-08-04T19:34:11Z</time>
    <extensions>
     <gpxdata:hr>125</gpxdata:hr>
     <gpxdata:distance>25291.00</gpxdata:distance>
     <gpxdata:speed>7.364</gpxdata:speed>
    </extensions>
   </trkpt>
   <trkpt lat="51.0555069" lon="13.7536491">
    <ele>109</ele>
    <time>2026-08-04T19:34:12Z</time>
    <extensions>
     <gpxdata:hr>124</gpxdata:hr>
     <gpxdata:distance>25298.00</gpxdata:distance>
     <gpxdata:speed>7.356</gpxdata:speed>
    </extensions>
   </trkpt>
   <trkpt lat="51.0554715" lon="13.7535624">
    <ele>109</ele>
    <time>2026-08-04T19:34:13Z</time>
    <extensions>
     <gpxdata:hr>122</gpxdata:hr>
     <gpxdata:distance>25305.00</gpxdata:distance>
     <gpxdata:speed>7.336</gpxdata:speed>
    </extensions>
   </trkpt>
   <trkpt lat="51.0554365" lon="13.7534757">
    <ele>109</ele>
    <time>2026-08-04T19:34:14Z</time>
    <extensions>
     <gpxdata:hr>121</gpxdata:hr>
     <gpxdata:distance>25312.50</gpxdata:distance>
     <gpxdata:speed>7.297</gpxdata:speed>
    </extensions>
   </trkpt>
   <trkpt lat="51.0554020" lon="13.7533891">
    <ele>109</ele>
    <time>2026-08-04T19:34:15Z</time>
    <extensions>
     <gpxdata:hr>121</gpxdata:hr>
     <gpxdata:distance>25320.00</gpxdata:distance>
     <gpxdata:speed>7.267</gpxdata:speed>
    </extensions>
   </trkpt>
   <trkpt lat="51.0553677" lon="13.7533026">
    <ele>109</ele>
    <time>2026-08-04T19:34:16Z</time>
    <extensions>
     <gpxdata:hr>120</gpxdata:hr>
     <gpxdata:distance>25327.00</gpxdata:distance>
     <gpxdata:speed>7.233</gpxdata:speed>
    </extensions>
   </trkpt>
   <trkpt lat="51.0553334" lon="13.7532158">
    <ele>109</ele>
    <time>2026-08-04T19:34:17Z</time>
    <extensions>
     <gpxdata:hr>121</gpxdata:hr>
     <gpxdata:distance>25334.00</gpxdata:distance>
     <gpxdata:speed>7.208</gpxdata:speed>
    </extensions>
   </trkpt>
   <trkpt lat="51.0552990" lon="13.7531280">
    <ele>109</ele>
    <time>2026-08-04T19:34:18Z</time>
    <extensions>
     <gpxdata:hr>121</gpxdata:hr>
     <gpxdata:distance>25341.00</gpxdata:distance>
     <gpxdata:speed>7.200</gpxdata:speed>
    </extensions>
   </trkpt>
   <trkpt lat="51.0552653" lon="13.7530390">
    <ele>109</ele>
    <time>2026-08-04T19:34:19Z</time>
    <extensions>
     <gpxdata:hr>121</gpxdata:hr>
     <gpxdata:distance>25348.00</gpxdata:distance>
     <gpxdata:speed>7.217</gpxdata:speed>
    </extensions>
   </trkpt>
   <trkpt lat="51.0552327" lon="13.7529494">
    <ele>109</ele>
    <time>2026-08-04T19:34:20Z</time>
    <extensions>
     <gpxdata:hr>122</gpxdata:hr>
     <gpxdata:distance>25355.50</gpxdata:distance>
     <gpxdata:speed>7.236</gpxdata:speed>
    </extensions>
   </trkpt>
   <trkpt lat="51.0552007" lon="13.7528588">
    <ele>109</ele>
    <time>2026-08-04T19:34:21Z</time>
    <extensions>
     <gpxdata:hr>122</gpxdata:hr>
     <gpxdata:distance>25363.00</gpxdata:distance>
     <gpxdata:speed>7.236</gpxdata:speed>
    </extensions>
   </trkpt>
   <trkpt lat="51.0551684" lon="13.7527674">
    <ele>109</ele>
    <time>2026-08-04T19:34:22Z</time>
    <extensions>
     <gpxdata:hr>123</gpxdata:hr>
     <gpxdata:distance>25370.50</gpxdata:distance>
     <gpxdata:speed>7.250</gpxdata:speed>
    </extensions>
   </trkpt>
   <trkpt lat="51.0551357" lon="13.7526756">
    <ele>109</ele>
    <time>2026-08-04T19:34:23Z</time>
    <extensions>
     <gpxdata:hr>123</gpxdata:hr>
     <gpxdata:distance>25378.00</gpxdata:distance>
     <gpxdata:speed>7.283</gpxdata:speed>
    </extensions>
   </trkpt>
   <trkpt lat="51.0551030" lon="13.7525838">
    <ele>109</ele>
    <time>2026-08-04T19:34:24Z</time>
    <extensions>
     <gpxdata:hr>123</gpxdata:hr>
     <gpxdata:distance>25385.00</gpxdata:distance>
     <gpxdata:speed>7.319</gpxdata:speed>
    </extensions>
   </trkpt>
   <trkpt lat="51.0550706" lon="13.7524920">
    <ele>109</ele>
    <time>2026-08-04T19:34:25Z</time>
    <extensions>
     <gpxdata:hr>123</gpxdata:hr>
     <gpxdata:distance>25392.00</gpxdata:distance>
     <gpxdata:speed>7.336</gpxdata:speed>
    </extensions>
   </trkpt>
   <trkpt lat="51.0550382" lon="13.7524004">
    <ele>109</ele>
    <time>2026-08-04T19:34:26Z</time>
    <extensions>
     <gpxdata:hr>122</gpxdata:hr>
     <gpxdata:distance>25399.50</gpxdata:distance>
     <gpxdata:speed>7.344</gpxdata:speed>
    </extensions>
   </trkpt>
   <trkpt lat="51.0550062" lon="13.7523088">
    <ele>109</ele>
    <time>2026-08-04T19:34:27Z</time>
    <extensions>
     <gpxdata:hr>123</gpxdata:hr>
     <gpxdata:distance>25407.00</gpxdata:distance>
     <gpxdata:speed>7.350</gpxdata:speed>
    </extensions>
   </trkpt>
   <trkpt lat="51.0549744" lon="13.7522171">
    <ele>109</ele>
    <time>2026-08-04T19:34:28Z</time>
    <extensions>
     <gpxdata:hr>123</gpxdata:hr>
     <gpxdata:distance>25414.50</gpxdata:distance>
     <gpxdata:speed>7.342</gpxdata:speed>
    </extensions>
   </trkpt>
   <trkpt lat="51.0549422" lon="13.7521254">
    <ele>109</ele>
    <time>2026-08-04T19:34:29Z</time>
    <extensions>
     <gpxdata:hr>124</gpxdata:hr>
     <gpxdata:distance>25422.00</gpxdata:distance>
     <gpxdata:speed>7.342</gpxdata:speed>
    </extensions>
   </trkpt>
   <trkpt lat="51.0549101" lon="13.7520338">
    <ele>109</ele>
    <time>2026-08-04T19:34:30Z</time>
    <extensions>
     <gpxdata:hr>124</gpxdata:hr>
     <gpxdata:distance>25429.00</gpxdata:distance>
     <gpxdata:speed>7.344</gpxdata:speed>
    </extensions>
   </trkpt>
   <trkpt lat="51.0548783" lon="13.7519424">
    <ele>109</ele>
    <time>2026-08-04T19:34:31Z</time>
    <extensions>
     <gpxdata:hr>124</gpxdata:hr>
     <gpxdata:distance>25436.00</gpxdata:distance>
     <gpxdata:speed>7.342</gpxdata:speed>
    </extensions>
   </trkpt>
   <trkpt lat="51.0548464" lon="13.7518509">
    <ele>109</ele>
    <time>2026-08-04T19:34:32Z</time>
    <extensions>
     <gpxdata:hr>124</gpxdata:hr>
     <gpxdata:distance>25443.50</gpxdata:distance>
     <gpxdata:speed>7.331</gpxdata:speed>
    </extensions>
   </trkpt>
   <trkpt lat="51.0548146" lon="13.7517594">
    <ele>109</ele>
    <time>2026-08-04T19:34:33Z</time>
    <extensions>
     <gpxdata:hr>124</gpxdata:hr>
     <gpxdata:distance>25451.00</gpxdata:distance>
     <gpxdata:speed>7.328</gpxdata:speed>
    </extensions>
   </trkpt>
   <trkpt lat="51.0547828" lon="13.7516683">
    <ele>109</ele>
    <time>2026-08-04T19:34:34Z</time>
    <extensions>
     <gpxdata:hr>124</gpxdata:hr>
     <gpxdata:distance>25458.50</gpxdata:distance>
     <gpxdata:speed>7.322</gpxdata:speed>
    </extensions>
   </trkpt>
   <trkpt lat="51.0547517" lon="13.7515783">
    <ele>109</ele>
    <time>2026-08-04T19:34:35Z</time>
    <extensions>
     <gpxdata:hr>124</gpxdata:hr>
     <gpxdata:distance>25466.00</gpxdata:distance>
     <gpxdata:speed>7.308</gpxdata:speed>
    </extensions>
   </trkpt>
   <trkpt lat="51.0547208" lon="13.7514892">
    <ele>109</ele>
    <time>2026-08-04T19:34:36Z</time>
    <extensions>
     <gpxdata:hr>124</gpxdata:hr>
     <gpxdata:distance>25473.00</gpxdata:distance>
     <gpxdata:speed>7.258</gpxdata:speed>
    </extensions>
   </trkpt>
   <trkpt lat="51.0546899" lon="13.7514013">
    <ele>109</ele>
    <time>2026-08-04T19:34:37Z</time>
    <extensions>
     <gpxdata:hr>124</gpxdata:hr>
     <gpxdata:distance>25480.00</gpxdata:distance>
     <gpxdata:speed>7.208</gpxdata:speed>
    </extensions>
   </trkpt>
   <trkpt lat="51.0546585" lon="13.7513143">
    <ele>109</ele>
    <time>2026-08-04T19:34:38Z</time>
    <extensions>
     <gpxdata:hr>124</gpxdata:hr>
     <gpxdata:distance>25487.00</gpxdata:distance>
     <gpxdata:speed>7.153</gpxdata:speed>
    </extensions>
   </trkpt>
   <trkpt lat="51.0546264" lon="13.7512286">
    <ele>109</ele>
    <time>2026-08-04T19:34:39Z</time>
    <extensions>
     <gpxdata:hr>125</gpxdata:hr>
     <gpxdata:distance>25494.00</gpxdata:distance>
     <gpxdata:speed>7.106</gpxdata:speed>
    </extensions>
   </trkpt>
   <trkpt lat="51.0545945" lon="13.7511432">
    <ele>109</ele>
    <time>2026-08-04T19:34:40Z</time>
    <extensions>
     <gpxdata:hr>125</gpxdata:hr>
     <gpxdata:distance>25501.00</gpxdata:distance>
     <gpxdata:speed>7.064</gpxdata:speed>
    </extensions>
   </trkpt>
   <trkpt lat="51.0545633" lon="13.7510578">
    <ele>109</ele>
    <time>2026-08-04T19:34:41Z</time>
    <extensions>
     <gpxdata:hr>125</gpxdata:hr>
     <gpxdata:distance>25508.00</gpxdata:distance>
     <gpxdata:speed>7.019</gpxdata:speed>
    </extensions>
   </trkpt>
   <trkpt lat="51.0545326" lon="13.7509729">
    <ele>110</ele>
    <time>2026-08-04T19:34:42Z</time>
    <extensions>
     <gpxdata:hr>125</gpxdata:hr>
     <gpxdata:distance>25514.50</gpxdata:distance>
     <gpxdata:speed>6.981</gpxdata:speed>
    </extensions>
   </trkpt>
   <trkpt lat="51.0545022" lon="13.7508883">
    <ele>110</ele>
    <time>2026-08-04T19:34:43Z</time>
    <extensions>
     <gpxdata:hr>125</gpxdata:hr>
     <gpxdata:distance>25521.00</gpxdata:distance>
     <gpxdata:speed>6.931</gpxdata:speed>
    </extensions>
   </trkpt>
   <trkpt lat="51.0544723" lon="13.7508036">
    <ele>110</ele>
    <time>2026-08-04T19:34:44Z</time>
    <extensions>
     <gpxdata:hr>125</gpxdata:hr>
     <gpxdata:distance>25528.00</gpxdata:distance>
     <gpxdata:speed>6.886</gpxdata:speed>
    </extensions>
   </trkpt>
   <trkpt lat="51.0544430" lon="13.7507181">
    <ele>110</ele>
    <time>2026-08-04T19:34:45Z</time>
    <extensions>
     <gpxdata:hr>125</gpxdata:hr>
     <gpxdata:distance>25535.00</gpxdata:distance>
     <gpxdata:speed>6.853</gpxdata:speed>
    </extensions>
   </trkpt>
   <trkpt lat="51.0544152" lon="13.7506312">
    <ele>110</ele>
    <time>2026-08-04T19:34:46Z</time>
    <extensions>
     <gpxdata:hr>125</gpxdata:hr>
     <gpxdata:distance>25542.00</gpxdata:distance>
     <gpxdata:speed>6.842</gpxdata:speed>
    </extensions>
   </trkpt>
   <trkpt lat="51.0543887" lon="13.7505424">
    <ele>110</ele>
    <time>2026-08-04T19:34:47Z</time>
    <extensions>
     <gpxdata:hr>125</gpxdata:hr>
     <gpxdata:distance>25549.00</gpxdata:distance>
     <gpxdata:speed>6.836</gpxdata:speed>
    </extensions>
   </trkpt>
   <trkpt lat="51.0543633" lon="13.7504523">
    <ele>110</ele>
    <time>2026-08-04T19:34:48Z</time>
    <extensions>
     <gpxdata:hr>125</gpxdata:hr>
     <gpxdata:distance>25556.00</gpxdata:distance>
     <gpxdata:speed>6.853</gpxdata:speed>
    </extensions>
   </trkpt>
   <trkpt lat="51.0543385" lon="13.7503619">
    <ele>110</ele>
    <time>2026-08-04T19:34:49Z</time>
    <extensions>
     <gpxdata:hr>125</gpxdata:hr>
     <gpxdata:distance>25563.00</gpxdata:distance>
     <gpxdata:speed>6.872</gpxdata:speed>
    </extensions>
   </trkpt>
   <trkpt lat="51.0543142" lon="13.7502723">
    <ele>110</ele>
    <time>2026-08-04T19:34:50Z</time>
    <extensions>
     <gpxdata:hr>123</gpxdata:hr>
     <gpxdata:distance>25569.50</gpxdata:distance>
     <gpxdata:speed>6.875</gpxdata:speed>
    </extensions>
   </trkpt>
   <trkpt lat="51.0542906" lon="13.7501842">
    <ele>110</ele>
    <time>2026-08-04T19:34:51Z</time>
    <extensions>
     <gpxdata:hr>122</gpxdata:hr>
     <gpxdata:distance>25576.00</gpxdata:distance>
     <gpxdata:speed>6.853</gpxdata:speed>
    </extensions>
   </trkpt>
   <trkpt lat="51.0542677" lon="13.7500973">
    <ele>110</ele>
    <time>2026-08-04T19:34:52Z</time>
    <extensions>
     <gpxdata:hr>121</gpxdata:hr>
     <gpxdata:distance>25582.50</gpxdata:distance>
     <gpxdata:speed>6.792</gpxdata:speed>
    </extensions>
   </trkpt>
   <trkpt lat="51.0542452" lon="13.7500120">
    <ele>110</ele>
    <time>2026-08-04T19:34:53Z</time>
    <extensions>
     <gpxdata:hr>121</gpxdata:hr>
     <gpxdata:distance>25589.00</gpxdata:distance>
     <gpxdata:speed>6.722</gpxdata:speed>
    </extensions>
   </trkpt>
   <trkpt lat="51.0542229" lon="13.7499289">
    <ele>110</ele>
    <time>2026-08-04T19:34:54Z</time>
    <extensions>
     <gpxdata:hr>119</gpxdata:hr>
     <gpxdata:distance>25595.50</gpxdata:distance>
     <gpxdata:speed>6.633</gpxdata:speed>
    </extensions>
   </trkpt>
   <trkpt lat="51.0542004" lon="13.7498477">
    <ele>110</ele>
    <time>2026-08-04T19:34:55Z</time>
    <extensions>
     <gpxdata:hr>118</gpxdata:hr>
     <gpxdata:distance>25602.00</gpxdata:distance>
     <gpxdata:speed>6.522</gpxdata:speed>
    </extensions>
   </trkpt>
   <trkpt lat="51.0541777" lon="13.7497673">
    <ele>110</ele>
    <time>2026-08-04T19:34:56Z</time>
    <extensions>
     <gpxdata:hr>118</gpxdata:hr>
     <gpxdata:distance>25608.00</gpxdata:distance>
     <gpxdata:speed>6.411</gpxdata:speed>
    </extensions>
   </trkpt>
   <trkpt lat="51.0541544" lon="13.7496873">
    <ele>110</ele>
    <time>2026-08-04T19:34:57Z</time>
    <extensions>
     <gpxdata:hr>117</gpxdata:hr>
     <gpxdata:distance>25614.00</gpxdata:distance>
     <gpxdata:speed>6.328</gpxdata:speed>
    </extensions>
   </trkpt>
   <trkpt lat="51.0541304" lon="13.7496072">
    <ele>110</ele>
    <time>2026-08-04T19:34:58Z</time>
    <extensions>
     <gpxdata:hr>116</gpxdata:hr>
     <gpxdata:distance>25620.50</gpxdata:distance>
     <gpxdata:speed>6.272</gpxdata:speed>
    </extensions>
   </trkpt>
   <trkpt lat="51.0541068" lon="13.7495260">
    <ele>110</ele>
    <time>2026-08-04T19:34:59Z</time>
    <extensions>
     <gpxdata:hr>115</gpxdata:hr>
     <gpxdata:distance>25627.00</gpxdata:distance>
     <gpxdata:speed>6.247</gpxdata:speed>
    </extensions>
   </trkpt>
   <trkpt lat="51.0540835" lon="13.7494432">
    <ele>110</ele>
    <time>2026-08-04T19:35:00Z</time>
    <extensions>
     <gpxdata:hr>115</gpxdata:hr>
     <gpxdata:distance>25633.00</gpxdata:distance>
     <gpxdata:speed>6.250</gpxdata:speed>
    </extensions>
   </trkpt>
   <trkpt lat="51.0540599" lon="13.7493598">
    <ele>110</ele>
    <time>2026-08-04T19:35:01Z</time>
    <extensions>
     <gpxdata:hr>115</gpxdata:hr>
     <gpxdata:distance>25639.00</gpxdata:distance>
     <gpxdata:speed>6.281</gpxdata:speed>
    </extensions>
   </trkpt>
   <trkpt lat="51.0540358" lon="13.7492762">
    <ele>110</ele>
    <time>2026-08-04T19:35:02Z</time>
    <extensions>
     <gpxdata:hr>115</gpxdata:hr>
     <gpxdata:distance>25645.50</gpxdata:distance>
     <gpxdata:speed>6.317</gpxdata:speed>
    </extensions>
   </trkpt>
   <trkpt lat="51.0540115" lon="13.7491928">
    <ele>110</ele>
    <time>2026-08-04T19:35:03Z</time>
    <extensions>
     <gpxdata:hr>115</gpxdata:hr>
     <gpxdata:distance>25652.00</gpxdata:distance>
     <gpxdata:speed>6.353</gpxdata:speed>
    </extensions>
   </trkpt>
   <trkpt lat="51.0539875" lon="13.7491094">
    <ele>110</ele>
    <time>2026-08-04T19:35:04Z</time>
    <extensions>
     <gpxdata:hr>115</gpxdata:hr>
     <gpxdata:distance>25658.50</gpxdata:distance>
     <gpxdata:speed>6.378</gpxdata:speed>
    </extensions>
   </trkpt>
   <trkpt lat="51.0539644" lon="13.7490261">
    <ele>110</ele>
    <time>2026-08-04T19:35:05Z</time>
    <extensions>
     <gpxdata:hr>115</gpxdata:hr>
     <gpxdata:distance>25665.00</gpxdata:distance>
     <gpxdata:speed>6.389</gpxdata:speed>
    </extensions>
   </trkpt>
   <trkpt lat="51.0539427" lon="13.7489439">
    <ele>110</ele>
    <time>2026-08-04T19:35:06Z</time>
    <extensions>
     <gpxdata:hr>115</gpxdata:hr>
     <gpxdata:distance>25671.00</gpxdata:distance>
     <gpxdata:speed>6.381</gpxdata:speed>
    </extensions>
   </trkpt>
   <trkpt lat="51.0539198" lon="13.7488653">
    <ele>110</ele>
    <time>2026-08-04T19:35:07Z</time>
    <extensions>
     <gpxdata:hr>115</gpxdata:hr>
     <gpxdata:distance>25677.00</gpxdata:distance>
     <gpxdata:speed>6.322</gpxdata:speed>
    </extensions>
   </trkpt>
   <trkpt lat="51.0538932" lon="13.7487940">
    <ele>110</ele>
    <time>2026-08-04T19:35:08Z</time>
    <extensions>
     <gpxdata:hr>114</gpxdata:hr>
     <gpxdata:distance>25683.00</gpxdata:distance>
     <gpxdata:speed>6.228</gpxdata:speed>
    </extensions>
   </trkpt>
   <trkpt lat="51.0538614" lon="13.7487356">
    <ele>110</ele>
    <time>2026-08-04T19:35:09Z</time>
    <extensions>
     <gpxdata:hr>112</gpxdata:hr>
     <gpxdata:distance>25689.00</gpxdata:distance>
     <gpxdata:speed>6.083</gpxdata:speed>
    </extensions>
   </trkpt>
   <trkpt lat="51.0538352" lon="13.7487050">
    <ele>110</ele>
    <time>2026-08-04T19:35:10Z</time>
    <extensions>
     <gpxdata:hr>111</gpxdata:hr>
     <gpxdata:distance>25694.00</gpxdata:distance>
     <gpxdata:speed>5.597</gpxdata:speed>
    </extensions>
   </trkpt>
   <trkpt lat="51.0538016" lon="13.7486738">
    <ele>110</ele>
    <time>2026-08-04T19:35:11Z</time>
    <extensions>
     <gpxdata:hr>111</gpxdata:hr>
     <gpxdata:distance>25699.00</gpxdata:distance>
     <gpxdata:speed>5.186</gpxdata:speed>
    </extensions>
   </trkpt>
   <trkpt lat="51.0537685" lon="13.7486430">
    <ele>110</ele>
    <time>2026-08-04T19:35:12Z</time>
    <extensions>
     <gpxdata:hr>110</gpxdata:hr>
     <gpxdata:distance>25703.00</gpxdata:distance>
     <gpxdata:speed>4.778</gpxdata:speed>
    </extensions>
   </trkpt>
   <trkpt lat="51.0537378" lon="13.7486116">
    <ele>110</ele>
    <time>2026-08-04T19:35:13Z</time>
    <extensions>
     <gpxdata:hr>109</gpxdata:hr>
     <gpxdata:distance>25707.00</gpxdata:distance>
     <gpxdata:speed>4.389</gpxdata:speed>
    </extensions>
   </trkpt>
   <trkpt lat="51.0537102" lon="13.7485761">
    <ele>110</ele>
    <time>2026-08-04T19:35:14Z</time>
    <extensions>
     <gpxdata:hr>109</gpxdata:hr>
     <gpxdata:distance>25711.00</gpxdata:distance>
     <gpxdata:speed>4.128</gpxdata:speed>
    </extensions>
   </trkpt>
   <trkpt lat="51.0536879" lon="13.7485325">
    <ele>110</ele>
    <time>2026-08-04T19:35:15Z</time>
    <extensions>
     <gpxdata:hr>108</gpxdata:hr>
     <gpxdata:distance>25715.00</gpxdata:distance>
     <gpxdata:speed>4.061</gpxdata:speed>
    </extensions>
   </trkpt>
   <trkpt lat="51.0536719" lon="13.7484799">
    <ele>110</ele>
    <time>2026-08-04T19:35:16Z</time>
    <extensions>
     <gpxdata:hr>108</gpxdata:hr>
     <gpxdata:distance>25719.50</gpxdata:distance>
     <gpxdata:speed>4.103</gpxdata:speed>
    </extensions>
   </trkpt>
   <trkpt lat="51.0536598" lon="13.7484186">
    <ele>110</ele>
    <time>2026-08-04T19:35:17Z</time>
    <extensions>
     <gpxdata:hr>107</gpxdata:hr>
     <gpxdata:distance>25724.00</gpxdata:distance>
     <gpxdata:speed>4.275</gpxdata:speed>
    </extensions>
   </trkpt>
   <trkpt lat="51.0536490" lon="13.7483496">
    <ele>110</ele>
    <time>2026-08-04T19:35:18Z</time>
    <extensions>
     <gpxdata:hr>107</gpxdata:hr>
     <gpxdata:distance>25729.00</gpxdata:distance>
     <gpxdata:speed>4.450</gpxdata:speed>
    </extensions>
   </trkpt>
   <trkpt lat="51.0536381" lon="13.7482747">
    <ele>110</ele>
    <time>2026-08-04T19:35:19Z</time>
    <extensions>
     <gpxdata:hr>109</gpxdata:hr>
     <gpxdata:distance>25734.00</gpxdata:distance>
     <gpxdata:speed>4.722</gpxdata:speed>
    </extensions>
   </trkpt>
   <trkpt lat="51.0536266" lon="13.7481950">
    <ele>110</ele>
    <time>2026-08-04T19:35:20Z</time>
    <extensions>
     <gpxdata:hr>110</gpxdata:hr>
     <gpxdata:distance>25740.00</gpxdata:distance>
     <gpxdata:speed>4.997</gpxdata:speed>
    </extensions>
   </trkpt>
   <trkpt lat="51.0536138" lon="13.7481126">
    <ele>110</ele>
    <time>2026-08-04T19:35:21Z</time>
    <extensions>
     <gpxdata:hr>110</gpxdata:hr>
     <gpxdata:distance>25746.00</gpxdata:distance>
     <gpxdata:speed>5.636</gpxdata:speed>
    </extensions>
   </trkpt>
   <trkpt lat="51.0535997" lon="13.7480287">
    <ele>110</ele>
    <time>2026-08-04T19:35:22Z</time>
    <extensions>
     <gpxdata:hr>111</gpxdata:hr>
     <gpxdata:distance>25752.00</gpxdata:distance>
     <gpxdata:speed>5.869</gpxdata:speed>
    </extensions>
   </trkpt>
   <trkpt lat="51.0535794" lon="13.7479146">
    <ele>110</ele>
    <time>2026-08-04T19:35:23Z</time>
    <extensions>
     <gpxdata:hr>112</gpxdata:hr>
     <gpxdata:distance>25758.00</gpxdata:distance>
     <gpxdata:speed>6.022</gpxdata:speed>
    </extensions>
   </trkpt>
   <trkpt lat="51.0535638" lon="13.7478228">
    <ele>110</ele>
    <time>2026-08-04T19:35:24Z</time>
    <extensions>
     <gpxdata:hr>113</gpxdata:hr>
     <gpxdata:distance>25764.50</gpxdata:distance>
     <gpxdata:speed>6.189</gpxdata:speed>
    </extensions>
   </trkpt>
   <trkpt lat="51.0535502" lon="13.7477317">
    <ele>110</ele>
    <time>2026-08-04T19:35:25Z</time>
    <extensions>
     <gpxdata:hr>113</gpxdata:hr>
     <gpxdata:distance>25771.00</gpxdata:distance>
     <gpxdata:speed>6.344</gpxdata:speed>
    </extensions>
   </trkpt>
   <trkpt lat="51.0535394" lon="13.7476400">
    <ele>110</ele>
    <time>2026-08-04T19:35:26Z</time>
    <extensions>
     <gpxdata:hr>113</gpxdata:hr>
     <gpxdata:distance>25777.50</gpxdata:distance>
     <gpxdata:speed>6.458</gpxdata:speed>
    </extensions>
   </trkpt>
   <trkpt lat="51.0535303" lon="13.7475480">
    <ele>110</ele>
    <time>2026-08-04T19:35:27Z</time>
    <extensions>
     <gpxdata:hr>116</gpxdata:hr>
     <gpxdata:distance>25784.00</gpxdata:distance>
     <gpxdata:speed>6.483</gpxdata:speed>
    </extensions>
   </trkpt>
   <trkpt lat="51.0535220" lon="13.7474561">
    <ele>110</ele>
    <time>2026-08-04T19:35:28Z</time>
    <extensions>
     <gpxdata:hr>117</gpxdata:hr>
     <gpxdata:distance>25790.50</gpxdata:distance>
     <gpxdata:speed>6.486</gpxdata:speed>
    </extensions>
   </trkpt>
   <trkpt lat="51.0535139" lon="13.7473644">
    <ele>110</ele>
    <time>2026-08-04T19:35:29Z</time>
    <extensions>
     <gpxdata:hr>119</gpxdata:hr>
     <gpxdata:distance>25797.00</gpxdata:distance>
     <gpxdata:speed>6.508</gpxdata:speed>
    </extensions>
   </trkpt>
   <trkpt lat="51.0535055" lon="13.7472730">
    <ele>110</ele>
    <time>2026-08-04T19:35:30Z</time>
    <extensions>
     <gpxdata:hr>118</gpxdata:hr>
     <gpxdata:distance>25803.50</gpxdata:distance>
     <gpxdata:speed>6.508</gpxdata:speed>
    </extensions>
   </trkpt>
   <trkpt lat="51.0534966" lon="13.7471820">
    <ele>110</ele>
    <time>2026-08-04T19:35:31Z</time>
    <extensions>
     <gpxdata:hr>117</gpxdata:hr>
     <gpxdata:distance>25810.00</gpxdata:distance>
     <gpxdata:speed>6.506</gpxdata:speed>
    </extensions>
   </trkpt>
   <trkpt lat="51.0534882" lon="13.7470915">
    <ele>110</ele>
    <time>2026-08-04T19:35:32Z</time>
    <extensions>
     <gpxdata:hr>116</gpxdata:hr>
     <gpxdata:distance>25816.50</gpxdata:distance>
     <gpxdata:speed>6.489</gpxdata:speed>
    </extensions>
   </trkpt>
   <trkpt lat="51.0534815" lon="13.7470008">
    <ele>109</ele>
    <time>2026-08-04T19:35:33Z</time>
    <extensions>
     <gpxdata:hr>115</gpxdata:hr>
     <gpxdata:distance>25823.00</gpxdata:distance>
     <gpxdata:speed>6.461</gpxdata:speed>
    </extensions>
   </trkpt>
   <trkpt lat="51.0534772" lon="13.7469094">
    <ele>109</ele>
    <time>2026-08-04T19:35:34Z</time>
    <extensions>
     <gpxdata:hr>113</gpxdata:hr>
     <gpxdata:distance>25829.00</gpxdata:distance>
     <gpxdata:speed>6.439</gpxdata:speed>
    </extensions>
   </trkpt>
   <trkpt lat="51.0534745" lon="13.7468181">
    <ele>109</ele>
    <time>2026-08-04T19:35:35Z</time>
    <extensions>
     <gpxdata:hr>111</gpxdata:hr>
     <gpxdata:distance>25835.00</gpxdata:distance>
     <gpxdata:speed>6.436</gpxdata:speed>
    </extensions>
   </trkpt>
   <trkpt lat="51.0534727" lon="13.7467273">
    <ele>109</ele>
    <time>2026-08-04T19:35:36Z</time>
    <extensions>
     <gpxdata:hr>111</gpxdata:hr>
     <gpxdata:distance>25841.50</gpxdata:distance>
     <gpxdata:speed>6.417</gpxdata:speed>
    </extensions>
   </trkpt>
   <trkpt lat="51.0534716" lon="13.7466372">
    <ele>109</ele>
    <time>2026-08-04T19:35:37Z</time>
    <extensions>
     <gpxdata:hr>111</gpxdata:hr>
     <gpxdata:distance>25848.00</gpxdata:distance>
     <gpxdata:speed>6.392</gpxdata:speed>
    </extensions>
   </trkpt>
   <trkpt lat="51.0534714" lon="13.7465484">
    <ele>109</ele>
    <time>2026-08-04T19:35:38Z</time>
    <extensions>
     <gpxdata:hr>110</gpxdata:hr>
     <gpxdata:distance>25854.50</gpxdata:distance>
     <gpxdata:speed>6.361</gpxdata:speed>
    </extensions>
   </trkpt>
   <trkpt lat="51.0534709" lon="13.7464614">
    <ele>109</ele>
    <time>2026-08-04T19:35:39Z</time>
    <extensions>
     <gpxdata:hr>109</gpxdata:hr>
     <gpxdata:distance>25861.00</gpxdata:distance>
     <gpxdata:speed>6.303</gpxdata:speed>
    </extensions>
   </trkpt>
   <trkpt lat="51.0534682" lon="13.7463755">
    <ele>109</ele>
    <time>2026-08-04T19:35:40Z</time>
    <extensions>
     <gpxdata:hr>108</gpxdata:hr>
     <gpxdata:distance>25867.00</gpxdata:distance>
     <gpxdata:speed>6.222</gpxdata:speed>
    </extensions>
   </trkpt>
   <trkpt lat="51.0534634" lon="13.7462897">
    <ele>109</ele>
    <time>2026-08-04T19:35:41Z</time>
    <extensions>
     <gpxdata:hr>107</gpxdata:hr>
     <gpxdata:distance>25873.00</gpxdata:distance>
     <gpxdata:speed>6.153</gpxdata:speed>
    </extensions>
   </trkpt>
   <trkpt lat="51.0534585" lon="13.7462034">
    <ele>109</ele>
    <time>2026-08-04T19:35:42Z</time>
    <extensions>
     <gpxdata:hr>107</gpxdata:hr>
     <gpxdata:distance>25879.00</gpxdata:distance>
     <gpxdata:speed>6.114</gpxdata:speed>
    </extensions>
   </trkpt>
   <trkpt lat="51.0534554" lon="13.7461168">
    <ele>108</ele>
    <time>2026-08-04T19:35:43Z</time>
    <extensions>
     <gpxdata:hr>106</gpxdata:hr>
     <gpxdata:distance>25885.00</gpxdata:distance>
     <gpxdata:speed>6.100</gpxdata:speed>
    </extensions>
   </trkpt>
   <trkpt lat="51.0534542" lon="13.7460307">
    <ele>108</ele>
    <time>2026-08-04T19:35:44Z</time>
    <extensions>
     <gpxdata:hr>107</gpxdata:hr>
     <gpxdata:distance>25891.00</gpxdata:distance>
     <gpxdata:speed>6.089</gpxdata:speed>
    </extensions>
   </trkpt>
   <trkpt lat="51.0534545" lon="13.7459447">
    <ele>108</ele>
    <time>2026-08-04T19:35:45Z</time>
    <extensions>
     <gpxdata:hr>107</gpxdata:hr>
     <gpxdata:distance>25897.00</gpxdata:distance>
     <gpxdata:speed>6.061</gpxdata:speed>
    </extensions>
   </trkpt>
   <trkpt lat="51.0534553" lon="13.7458584">
    <ele>108</ele>
    <time>2026-08-04T19:35:46Z</time>
    <extensions>
     <gpxdata:hr>107</gpxdata:hr>
     <gpxdata:distance>25903.00</gpxdata:distance>
     <gpxdata:speed>6.039</gpxdata:speed>
    </extensions>
   </trkpt>
   <trkpt lat="51.0534561" lon="13.7457707">
    <ele>108</ele>
    <time>2026-08-04T19:35:47Z</time>
    <extensions>
     <gpxdata:hr>107</gpxdata:hr>
     <gpxdata:distance>25909.00</gpxdata:distance>
     <gpxdata:speed>6.039</gpxdata:speed>
    </extensions>
   </trkpt>
   <trkpt lat="51.0534571" lon="13.7456821">
    <ele>108</ele>
    <time>2026-08-04T19:35:48Z</time>
    <extensions>
     <gpxdata:hr>107</gpxdata:hr>
     <gpxdata:distance>25915.00</gpxdata:distance>
     <gpxdata:speed>6.078</gpxdata:speed>
    </extensions>
   </trkpt>
   <trkpt lat="51.0534577" lon="13.7455940">
    <ele>108</ele>
    <time>2026-08-04T19:35:49Z</time>
    <extensions>
     <gpxdata:hr>108</gpxdata:hr>
     <gpxdata:distance>25921.00</gpxdata:distance>
     <gpxdata:speed>6.122</gpxdata:speed>
    </extensions>
   </trkpt>
   <trkpt lat="51.0534572" lon="13.7455070">
    <ele>108</ele>
    <time>2026-08-04T19:35:50Z</time>
    <extensions>
     <gpxdata:hr>109</gpxdata:hr>
     <gpxdata:distance>25927.00</gpxdata:distance>
     <gpxdata:speed>6.131</gpxdata:speed>
    </extensions>
   </trkpt>
   <trkpt lat="51.0534566" lon="13.7454210">
    <ele>109</ele>
    <time>2026-08-04T19:35:51Z</time>
    <extensions>
     <gpxdata:hr>110</gpxdata:hr>
     <gpxdata:distance>25933.00</gpxdata:distance>
     <gpxdata:speed>6.108</gpxdata:speed>
    </extensions>
   </trkpt>
   <trkpt lat="51.0534563" lon="13.7453363">
    <ele>109</ele>
    <time>2026-08-04T19:35:52Z</time>
    <extensions>
     <gpxdata:hr>111</gpxdata:hr>
     <gpxdata:distance>25939.00</gpxdata:distance>
     <gpxdata:speed>6.075</gpxdata:speed>
    </extensions>
   </trkpt>
   <trkpt lat="51.0534568" lon="13.7452529">
    <ele>109</ele>
    <time>2026-08-04T19:35:53Z</time>
    <extensions>
     <gpxdata:hr>111</gpxdata:hr>
     <gpxdata:distance>25945.00</gpxdata:distance>
     <gpxdata:speed>6.022</gpxdata:speed>
    </extensions>
   </trkpt>
   <trkpt lat="51.0534569" lon="13.7451934">
    <ele>109</ele>
    <time>2026-08-04T19:35:54Z</time>
    <extensions>
     <gpxdata:hr>112</gpxdata:hr>
     <gpxdata:distance>25951.00</gpxdata:distance>
     <gpxdata:speed>5.958</gpxdata:speed>
    </extensions>
   </trkpt>
   <trkpt lat="51.0534569" lon="13.7451191">
    <ele>109</ele>
    <time>2026-08-04T19:35:55Z</time>
    <extensions>
     <gpxdata:hr>110</gpxdata:hr>
     <gpxdata:distance>25957.00</gpxdata:distance>
     <gpxdata:speed>5.886</gpxdata:speed>
    </extensions>
   </trkpt>
   <trkpt lat="51.0534571" lon="13.7450412">
    <ele>109</ele>
    <time>2026-08-04T19:35:56Z</time>
    <extensions>
     <gpxdata:hr>110</gpxdata:hr>
     <gpxdata:distance>25962.50</gpxdata:distance>
     <gpxdata:speed>5.792</gpxdata:speed>
    </extensions>
   </trkpt>
   <trkpt lat="51.0534573" lon="13.7449638">
    <ele>109</ele>
    <time>2026-08-04T19:35:57Z</time>
    <extensions>
     <gpxdata:hr>109</gpxdata:hr>
     <gpxdata:distance>25968.00</gpxdata:distance>
     <gpxdata:speed>5.700</gpxdata:speed>
    </extensions>
   </trkpt>
   <trkpt lat="51.0534566" lon="13.7448881">
    <ele>109</ele>
    <time>2026-08-04T19:35:58Z</time>
    <extensions>
     <gpxdata:hr>110</gpxdata:hr>
     <gpxdata:distance>25973.00</gpxdata:distance>
     <gpxdata:speed>5.472</gpxdata:speed>
    </extensions>
   </trkpt>
   <trkpt lat="51.0534554" lon="13.7448140">
    <ele>109</ele>
    <time>2026-08-04T19:35:59Z</time>
    <extensions>
     <gpxdata:hr>110</gpxdata:hr>
     <gpxdata:distance>25978.00</gpxdata:distance>
     <gpxdata:speed>5.311</gpxdata:speed>
    </extensions>
   </trkpt>
   <trkpt lat="51.0534547" lon="13.7447407">
    <ele>109</ele>
    <time>2026-08-04T19:36:00Z</time>
    <extensions>
     <gpxdata:hr>111</gpxdata:hr>
     <gpxdata:distance>25983.00</gpxdata:distance>
     <gpxdata:speed>5.203</gpxdata:speed>
    </extensions>
   </trkpt>
   <trkpt lat="51.0534549" lon="13.7446665">
    <ele>109</ele>
    <time>2026-08-04T19:36:01Z</time>
    <extensions>
     <gpxdata:hr>112</gpxdata:hr>
     <gpxdata:distance>25988.00</gpxdata:distance>
     <gpxdata:speed>5.147</gpxdata:speed>
    </extensions>
   </trkpt>
   <trkpt lat="51.0534561" lon="13.7445906">
    <ele>109</ele>
    <time>2026-08-04T19:36:02Z</time>
    <extensions>
     <gpxdata:hr>113</gpxdata:hr>
     <gpxdata:distance>25993.50</gpxdata:distance>
     <gpxdata:speed>5.231</gpxdata:speed>
    </extensions>
   </trkpt>
   <trkpt lat="51.0534581" lon="13.7445122">
    <ele>109</ele>
    <time>2026-08-04T19:36:03Z</time>
    <extensions>
     <gpxdata:hr>114</gpxdata:hr>
     <gpxdata:distance>25999.00</gpxdata:distance>
     <gpxdata:speed>5.336</gpxdata:speed>
    </extensions>
   </trkpt>
   <trkpt lat="51.0534604" lon="13.7444310">
    <ele>109</ele>
    <time>2026-08-04T19:36:04Z</time>
    <extensions>
     <gpxdata:hr>114</gpxdata:hr>
     <gpxdata:distance>26005.00</gpxdata:distance>
     <gpxdata:speed>5.456</gpxdata:speed>
    </extensions>
   </trkpt>
   <trkpt lat="51.0534641" lon="13.7443465">
    <ele>109</ele>
    <time>2026-08-04T19:36:05Z</time>
    <extensions>
     <gpxdata:hr>112</gpxdata:hr>
     <gpxdata:distance>26011.00</gpxdata:distance>
     <gpxdata:speed>5.581</gpxdata:speed>
    </extensions>
   </trkpt>
   <trkpt lat="51.0534686" lon="13.7442595">
    <ele>109</ele>
    <time>2026-08-04T19:36:06Z</time>
    <extensions>
     <gpxdata:hr>112</gpxdata:hr>
     <gpxdata:distance>26017.00</gpxdata:distance>
     <gpxdata:speed>5.744</gpxdata:speed>
    </extensions>
   </trkpt>
   <trkpt lat="51.0534727" lon="13.7441707">
    <ele>109</ele>
    <time>2026-08-04T19:36:07Z</time>
    <extensions>
     <gpxdata:hr>113</gpxdata:hr>
     <gpxdata:distance>26023.00</gpxdata:distance>
     <gpxdata:speed>5.897</gpxdata:speed>
    </extensions>
   </trkpt>
   <trkpt lat="51.0534773" lon="13.7440502">
    <ele>109</ele>
    <time>2026-08-04T19:36:08Z</time>
    <extensions>
     <gpxdata:hr>114</gpxdata:hr>
     <gpxdata:distance>26029.50</gpxdata:distance>
     <gpxdata:speed>6.036</gpxdata:speed>
    </extensions>
   </trkpt>
   <trkpt lat="51.0534799" lon="13.7439545">
    <ele>109</ele>
    <time>2026-08-04T19:36:09Z</time>
    <extensions>
     <gpxdata:hr>113</gpxdata:hr>
     <gpxdata:distance>26036.00</gpxdata:distance>
     <gpxdata:speed>6.289</gpxdata:speed>
    </extensions>
   </trkpt>
   <trkpt lat="51.0534827" lon="13.7438608">
    <ele>109</ele>
    <time>2026-08-04T19:36:10Z</time>
    <extensions>
     <gpxdata:hr>114</gpxdata:hr>
     <gpxdata:distance>26042.50</gpxdata:distance>
     <gpxdata:speed>6.394</gpxdata:speed>
    </extensions>
   </trkpt>
   <trkpt lat="51.0534851" lon="13.7437664">
    <ele>109</ele>
    <time>2026-08-04T19:36:11Z</time>
    <extensions>
     <gpxdata:hr>114</gpxdata:hr>
     <gpxdata:distance>26049.00</gpxdata:distance>
     <gpxdata:speed>6.492</gpxdata:speed>
    </extensions>
   </trkpt>
   <trkpt lat="51.0534878" lon="13.7436715">
    <ele>109</ele>
    <time>2026-08-04T19:36:12Z</time>
    <extensions>
     <gpxdata:hr>114</gpxdata:hr>
     <gpxdata:distance>26055.50</gpxdata:distance>
     <gpxdata:speed>6.569</gpxdata:speed>
    </extensions>
   </trkpt>
   <trkpt lat="51.0534905" lon="13.7435759">
    <ele>109</ele>
    <time>2026-08-04T19:36:13Z</time>
    <extensions>
     <gpxdata:hr>114</gpxdata:hr>
     <gpxdata:distance>26062.00</gpxdata:distance>
     <gpxdata:speed>6.614</gpxdata:speed>
    </extensions>
   </trkpt>
   <trkpt lat="51.0534930" lon="13.7434797">
    <ele>109</ele>
    <time>2026-08-04T19:36:14Z</time>
    <extensions>
     <gpxdata:hr>114</gpxdata:hr>
     <gpxdata:distance>26069.00</gpxdata:distance>
     <gpxdata:speed>6.669</gpxdata:speed>
    </extensions>
   </trkpt>
   <trkpt lat="51.0534960" lon="13.7433832">
    <ele>109</ele>
    <time>2026-08-04T19:36:15Z</time>
    <extensions>
     <gpxdata:hr>114</gpxdata:hr>
     <gpxdata:distance>26076.00</gpxdata:distance>
     <gpxdata:speed>6.717</gpxdata:speed>
    </extensions>
   </trkpt>
   <trkpt lat="51.0534989" lon="13.7432870">
    <ele>109</ele>
    <time>2026-08-04T19:36:16Z</time>
    <extensions>
     <gpxdata:hr>113</gpxdata:hr>
     <gpxdata:distance>26082.50</gpxdata:distance>
     <gpxdata:speed>6.744</gpxdata:speed>
    </extensions>
   </trkpt>
   <trkpt lat="51.0535017" lon="13.7431910">
    <ele>109</ele>
    <time>2026-08-04T19:36:17Z</time>
    <extensions>
     <gpxdata:hr>113</gpxdata:hr>
     <gpxdata:distance>26089.00</gpxdata:distance>
     <gpxdata:speed>6.744</gpxdata:speed>
    </extensions>
   </trkpt>
   <trkpt lat="51.0535040" lon="13.7430956">
    <ele>109</ele>
    <time>2026-08-04T19:36:18Z</time>
    <extensions>
     <gpxdata:hr>113</gpxdata:hr>
     <gpxdata:distance>26096.00</gpxdata:distance>
     <gpxdata:speed>6.744</gpxdata:speed>
    </extensions>
   </trkpt>
   <trkpt lat="51.0535063" lon="13.7430004">
    <ele>109</ele>
    <time>2026-08-04T19:36:19Z</time>
    <extensions>
     <gpxdata:hr>113</gpxdata:hr>
     <gpxdata:distance>26103.00</gpxdata:distance>
     <gpxdata:speed>6.725</gpxdata:speed>
    </extensions>
   </trkpt>
   <trkpt lat="51.0535088" lon="13.7429049">
    <ele>109</ele>
    <time>2026-08-04T19:36:20Z</time>
    <extensions>
     <gpxdata:hr>113</gpxdata:hr>
     <gpxdata:distance>26109.50</gpxdata:distance>
     <gpxdata:speed>6.708</gpxdata:speed>
    </extensions>
   </trkpt>
   <trkpt lat="51.0535112" lon="13.7428095">
    <ele>109</ele>
    <time>2026-08-04T19:36:21Z</time>
    <extensions>
     <gpxdata:hr>113</gpxdata:hr>
     <gpxdata:distance>26116.00</gpxdata:distance>
     <gpxdata:speed>6.711</gpxdata:speed>
    </extensions>
   </trkpt>
   <trkpt lat="51.0535135" lon="13.7427141">
    <ele>109</ele>
    <time>2026-08-04T19:36:22Z</time>
    <extensions>
     <gpxdata:hr>113</gpxdata:hr>
     <gpxdata:distance>26122.50</gpxdata:distance>
     <gpxdata:speed>6.700</gpxdata:speed>
    </extensions>
   </trkpt>
   <trkpt lat="51.0535164" lon="13.7426183">
    <ele>109</ele>
    <time>2026-08-04T19:36:23Z</time>
    <extensions>
     <gpxdata:hr>113</gpxdata:hr>
     <gpxdata:distance>26129.00</gpxdata:distance>
     <gpxdata:speed>6.697</gpxdata:speed>
    </extensions>
   </trkpt>
   <trkpt lat="51.0535209" lon="13.7425227">
    <ele>109</ele>
    <time>2026-08-04T19:36:24Z</time>
    <extensions>
     <gpxdata:hr>113</gpxdata:hr>
     <gpxdata:distance>26136.00</gpxdata:distance>
     <gpxdata:speed>6.703</gpxdata:speed>
    </extensions>
   </trkpt>
   <trkpt lat="51.0535264" lon="13.7424270">
    <ele>109</ele>
    <time>2026-08-04T19:36:25Z</time>
    <extensions>
     <gpxdata:hr>113</gpxdata:hr>
     <gpxdata:distance>26143.00</gpxdata:distance>
     <gpxdata:speed>6.703</gpxdata:speed>
    </extensions>
   </trkpt>
   <trkpt lat="51.0535323" lon="13.7423316">
    <ele>109</ele>
    <time>2026-08-04T19:36:26Z</time>
    <extensions>
     <gpxdata:hr>113</gpxdata:hr>
     <gpxdata:distance>26149.50</gpxdata:distance>
     <gpxdata:speed>6.711</gpxdata:speed>
    </extensions>
   </trkpt>
   <trkpt lat="51.0535380" lon="13.7422369">
    <ele>109</ele>
    <time>2026-08-04T19:36:27Z</time>
    <extensions>
     <gpxdata:hr>113</gpxdata:hr>
     <gpxdata:distance>26156.00</gpxdata:distance>
     <gpxdata:speed>6.708</gpxdata:speed>
    </extensions>
   </trkpt>
   <trkpt lat="51.0535430" lon="13.7421430">
    <ele>109</ele>
    <time>2026-08-04T19:36:28Z</time>
    <extensions>
     <gpxdata:hr>113</gpxdata:hr>
     <gpxdata:distance>26162.50</gpxdata:distance>
     <gpxdata:speed>6.686</gpxdata:speed>
    </extensions>
   </trkpt>
   <trkpt lat="51.0535479" lon="13.7420508">
    <ele>109</ele>
    <time>2026-08-04T19:36:29Z</time>
    <extensions>
     <gpxdata:hr>113</gpxdata:hr>
     <gpxdata:distance>26169.00</gpxdata:distance>
     <gpxdata:speed>6.650</gpxdata:speed>
    </extensions>
   </trkpt>
   <trkpt lat="51.0535531" lon="13.7419606">
    <ele>109</ele>
    <time>2026-08-04T19:36:30Z</time>
    <extensions>
     <gpxdata:hr>112</gpxdata:hr>
     <gpxdata:distance>26175.50</gpxdata:distance>
     <gpxdata:speed>6.586</gpxdata:speed>
    </extensions>
   </trkpt>
   <trkpt lat="51.0535593" lon="13.7418731">
    <ele>109</ele>
    <time>2026-08-04T19:36:31Z</time>
    <extensions>
     <gpxdata:hr>112</gpxdata:hr>
     <gpxdata:distance>26182.00</gpxdata:distance>
     <gpxdata:speed>6.492</gpxdata:speed>
    </extensions>
   </trkpt>
   <trkpt lat="51.0535663" lon="13.7417897">
    <ele>109</ele>
    <time>2026-08-04T19:36:32Z</time>
    <extensions>
     <gpxdata:hr>113</gpxdata:hr>
     <gpxdata:distance>26188.00</gpxdata:distance>
     <gpxdata:speed>6.369</gpxdata:speed>
    </extensions>
   </trkpt>
   <trkpt lat="51.0535712" lon="13.7417320">
    <ele>109</ele>
    <time>2026-08-04T19:36:33Z</time>
    <extensions>
     <gpxdata:hr>112</gpxdata:hr>
     <gpxdata:distance>26194.00</gpxdata:distance>
     <gpxdata:speed>5.972</gpxdata:speed>
    </extensions>
   </trkpt>
   <trkpt lat="51.0535757" lon="13.7416610">
    <ele>109</ele>
    <time>2026-08-04T19:36:34Z</time>
    <extensions>
     <gpxdata:hr>112</gpxdata:hr>
     <gpxdata:distance>26199.00</gpxdata:distance>
     <gpxdata:speed>5.714</gpxdata:speed>
    </extensions>
   </trkpt>
   <trkpt lat="51.0535771" lon="13.7415877">
    <ele>109</ele>
    <time>2026-08-04T19:36:35Z</time>
    <extensions>
     <gpxdata:hr>112</gpxdata:hr>
     <gpxdata:distance>26204.00</gpxdata:distance>
     <gpxdata:speed>5.483</gpxdata:speed>
    </extensions>
   </trkpt>
   <trkpt lat="51.0535764" lon="13.7415137">
    <ele>109</ele>
    <time>2026-08-04T19:36:36Z</time>
    <extensions>
     <gpxdata:hr>111</gpxdata:hr>
     <gpxdata:distance>26209.50</gpxdata:distance>
     <gpxdata:speed>5.306</gpxdata:speed>
    </extensions>
   </trkpt>
   <trkpt lat="51.0535771" lon="13.7414370">
    <ele>109</ele>
    <time>2026-08-04T19:36:37Z</time>
    <extensions>
     <gpxdata:hr>110</gpxdata:hr>
     <gpxdata:distance>26215.00</gpxdata:distance>
     <gpxdata:speed>5.281</gpxdata:speed>
    </extensions>
   </trkpt>
   <trkpt lat="51.0535813" lon="13.7413541">
    <ele>109</ele>
    <time>2026-08-04T19:36:38Z</time>
    <extensions>
     <gpxdata:hr>110</gpxdata:hr>
     <gpxdata:distance>26221.00</gpxdata:distance>
     <gpxdata:speed>5.472</gpxdata:speed>
    </extensions>
   </trkpt>
   <trkpt lat="51.0535894" lon="13.7412654">
    <ele>109</ele>
    <time>2026-08-04T19:36:39Z</time>
    <extensions>
     <gpxdata:hr>110</gpxdata:hr>
     <gpxdata:distance>26227.00</gpxdata:distance>
     <gpxdata:speed>5.750</gpxdata:speed>
    </extensions>
   </trkpt>
   <trkpt lat="51.0536050" lon="13.7411398">
    <ele>109</ele>
    <time>2026-08-04T19:36:40Z</time>
    <extensions>
     <gpxdata:hr>110</gpxdata:hr>
     <gpxdata:distance>26234.00</gpxdata:distance>
     <gpxdata:speed>6.025</gpxdata:speed>
    </extensions>
   </trkpt>
   <trkpt lat="51.0536206" lon="13.7410358">
    <ele>109</ele>
    <time>2026-08-04T19:36:41Z</time>
    <extensions>
     <gpxdata:hr>111</gpxdata:hr>
     <gpxdata:distance>26241.00</gpxdata:distance>
     <gpxdata:speed>6.689</gpxdata:speed>
    </extensions>
   </trkpt>
   <trkpt lat="51.0536371" lon="13.7409334">
    <ele>109</ele>
    <time>2026-08-04T19:36:42Z</time>
    <extensions>
     <gpxdata:hr>113</gpxdata:hr>
     <gpxdata:distance>26248.50</gpxdata:distance>
     <gpxdata:speed>7.069</gpxdata:speed>
    </extensions>
   </trkpt>
   <trkpt lat="51.0536541" lon="13.7408336">
    <ele>109</ele>
    <time>2026-08-04T19:36:43Z</time>
    <extensions>
     <gpxdata:hr>115</gpxdata:hr>
     <gpxdata:distance>26256.00</gpxdata:distance>
     <gpxdata:speed>7.206</gpxdata:speed>
    </extensions>
   </trkpt>
   <trkpt lat="51.0536709" lon="13.7407387">
    <ele>109</ele>
    <time>2026-08-04T19:36:44Z</time>
    <extensions>
     <gpxdata:hr>117</gpxdata:hr>
     <gpxdata:distance>26262.50</gpxdata:distance>
     <gpxdata:speed>7.117</gpxdata:speed>
    </extensions>
   </trkpt>
   <trkpt lat="51.0536865" lon="13.7406508">
    <ele>110</ele>
    <time>2026-08-04T19:36:45Z</time>
    <extensions>
     <gpxdata:hr>118</gpxdata:hr>
     <gpxdata:distance>26269.00</gpxdata:distance>
     <gpxdata:speed>6.867</gpxdata:speed>
    </extensions>
   </trkpt>
   <trkpt lat="51.0537006" lon="13.7405720">
    <ele>110</ele>
    <time>2026-08-04T19:36:46Z</time>
    <extensions>
     <gpxdata:hr>120</gpxdata:hr>
     <gpxdata:distance>26274.50</gpxdata:distance>
     <gpxdata:speed>6.631</gpxdata:speed>
    </extensions>
   </trkpt>
   <trkpt lat="51.0537128" lon="13.7405023">
    <ele>109</ele>
    <time>2026-08-04T19:36:47Z</time>
    <extensions>
     <gpxdata:hr>119</gpxdata:hr>
     <gpxdata:distance>26280.00</gpxdata:distance>
     <gpxdata:speed>6.275</gpxdata:speed>
    </extensions>
   </trkpt>
   <trkpt lat="51.0537209" lon="13.7404552">
    <ele>109</ele>
    <time>2026-08-04T19:36:48Z</time>
    <extensions>
     <gpxdata:hr>119</gpxdata:hr>
     <gpxdata:distance>26285.00</gpxdata:distance>
     <gpxdata:speed>5.336</gpxdata:speed>
    </extensions>
   </trkpt>
   <trkpt lat="51.0537318" lon="13.7403960">
    <ele>109</ele>
    <time>2026-08-04T19:36:49Z</time>
    <extensions>
     <gpxdata:hr>117</gpxdata:hr>
     <gpxdata:distance>26290.00</gpxdata:distance>
     <gpxdata:speed>4.981</gpxdata:speed>
    </extensions>
   </trkpt>
   <trkpt lat="51.0537437" lon="13.7403344">
    <ele>109</ele>
    <time>2026-08-04T19:36:50Z</time>
    <extensions>
     <gpxdata:hr>114</gpxdata:hr>
     <gpxdata:distance>26294.50</gpxdata:distance>
     <gpxdata:speed>4.883</gpxdata:speed>
    </extensions>
   </trkpt>
   <trkpt lat="51.0537543" lon="13.7402758">
    <ele>109</ele>
    <time>2026-08-04T19:36:51Z</time>
    <extensions>
     <gpxdata:hr>112</gpxdata:hr>
     <gpxdata:distance>26299.00</gpxdata:distance>
     <gpxdata:speed>4.719</gpxdata:speed>
    </extensions>
   </trkpt>
   <trkpt lat="51.0537624" lon="13.7402229">
    <ele>109</ele>
    <time>2026-08-04T19:36:52Z</time>
    <extensions>
     <gpxdata:hr>110</gpxdata:hr>
     <gpxdata:distance>26302.50</gpxdata:distance>
     <gpxdata:speed>4.311</gpxdata:speed>
    </extensions>
   </trkpt>
   <trkpt lat="51.0537675" lon="13.7401757">
    <ele>109</ele>
    <time>2026-08-04T19:36:53Z</time>
    <extensions>
     <gpxdata:hr>109</gpxdata:hr>
     <gpxdata:distance>26306.00</gpxdata:distance>
     <gpxdata:speed>3.803</gpxdata:speed>
    </extensions>
   </trkpt>
   <trkpt lat="51.0537664" lon="13.7401323">
    <ele>109</ele>
    <time>2026-08-04T19:36:54Z</time>
    <extensions>
     <gpxdata:hr>109</gpxdata:hr>
     <gpxdata:distance>26309.00</gpxdata:distance>
     <gpxdata:speed>3.386</gpxdata:speed>
    </extensions>
   </trkpt>
   <trkpt lat="51.0537560" lon="13.7400917">
    <ele>109</ele>
    <time>2026-08-04T19:36:55Z</time>
    <extensions>
     <gpxdata:hr>110</gpxdata:hr>
     <gpxdata:distance>26312.00</gpxdata:distance>
     <gpxdata:speed>3.200</gpxdata:speed>
    </extensions>
   </trkpt>
   <trkpt lat="51.0537413" lon="13.7400523">
    <ele>109</ele>
    <time>2026-08-04T19:36:56Z</time>
    <extensions>
     <gpxdata:hr>111</gpxdata:hr>
     <gpxdata:distance>26315.50</gpxdata:distance>
     <gpxdata:speed>3.378</gpxdata:speed>
    </extensions>
   </trkpt>
   <trkpt lat="51.0537306" lon="13.7400120">
    <ele>108</ele>
    <time>2026-08-04T19:36:57Z</time>
    <extensions>
     <gpxdata:hr>112</gpxdata:hr>
     <gpxdata:distance>26319.00</gpxdata:distance>
     <gpxdata:speed>3.344</gpxdata:speed>
    </extensions>
   </trkpt>
   <trkpt lat="51.0537273" lon="13.7399722">
    <ele>108</ele>
    <time>2026-08-04T19:36:58Z</time>
    <extensions>
     <gpxdata:hr>112</gpxdata:hr>
     <gpxdata:distance>26321.50</gpxdata:distance>
     <gpxdata:speed>3.164</gpxdata:speed>
    </extensions>
   </trkpt>
   <trkpt lat="51.0537283" lon="13.7399500">
    <ele>109</ele>
    <time>2026-08-04T19:36:59Z</time>
    <extensions>
     <gpxdata:hr>112</gpxdata:hr>
     <gpxdata:distance>26324.00</gpxdata:distance>
     <gpxdata:speed>2.978</gpxdata:speed>
    </extensions>
   </trkpt>
   <trkpt lat="51.0537311" lon="13.7399190">
    <ele>109</ele>
    <time>2026-08-04T19:37:00Z</time>
    <extensions>
     <gpxdata:hr>113</gpxdata:hr>
     <gpxdata:distance>26326.50</gpxdata:distance>
     <gpxdata:speed>2.858</gpxdata:speed>
    </extensions>
   </trkpt>
   <trkpt lat="51.0537347" lon="13.7398839">
    <ele>109</ele>
    <time>2026-08-04T19:37:01Z</time>
    <extensions>
     <gpxdata:hr>114</gpxdata:hr>
     <gpxdata:distance>26329.00</gpxdata:distance>
     <gpxdata:speed>2.825</gpxdata:speed>
    </extensions>
   </trkpt>
   <trkpt lat="51.0537373" lon="13.7398473">
    <ele>109</ele>
    <time>2026-08-04T19:37:02Z</time>
    <extensions>
     <gpxdata:hr>114</gpxdata:hr>
     <gpxdata:distance>26332.00</gpxdata:distance>
     <gpxdata:speed>2.747</gpxdata:speed>
    </extensions>
   </trkpt>
   <trkpt lat="51.0537384" lon="13.7398110">
    <ele>109</ele>
    <time>2026-08-04T19:37:03Z</time>
    <extensions>
     <gpxdata:hr>114</gpxdata:hr>
     <gpxdata:distance>26335.00</gpxdata:distance>
     <gpxdata:speed>2.678</gpxdata:speed>
    </extensions>
   </trkpt>
   <trkpt lat="51.0537393" lon="13.7397754">
    <ele>109</ele>
    <time>2026-08-04T19:37:04Z</time>
    <extensions>
     <gpxdata:hr>114</gpxdata:hr>
     <gpxdata:distance>26337.00</gpxdata:distance>
     <gpxdata:speed>2.608</gpxdata:speed>
    </extensions>
   </trkpt>
   <trkpt lat="51.0537406" lon="13.7397387">
    <ele>109</ele>
    <time>2026-08-04T19:37:05Z</time>
    <extensions>
     <gpxdata:hr>115</gpxdata:hr>
     <gpxdata:distance>26339.00</gpxdata:distance>
     <gpxdata:speed>2.533</gpxdata:speed>
    </extensions>
   </trkpt>
   <trkpt lat="51.0537430" lon="13.7397002">
    <ele>109</ele>
    <time>2026-08-04T19:37:06Z</time>
    <extensions>
     <gpxdata:hr>115</gpxdata:hr>
     <gpxdata:distance>26342.00</gpxdata:distance>
     <gpxdata:speed>2.569</gpxdata:speed>
    </extensions>
   </trkpt>
   <trkpt lat="51.0537466" lon="13.7396598">
    <ele>109</ele>
    <time>2026-08-04T19:37:07Z</time>
    <extensions>
     <gpxdata:hr>115</gpxdata:hr>
     <gpxdata:distance>26345.00</gpxdata:distance>
     <gpxdata:speed>2.656</gpxdata:speed>
    </extensions>
   </trkpt>
   <trkpt lat="51.0537502" lon="13.7396164">
    <ele>109</ele>
    <time>2026-08-04T19:37:08Z</time>
    <extensions>
     <gpxdata:hr>116</gpxdata:hr>
     <gpxdata:distance>26348.50</gpxdata:distance>
     <gpxdata:speed>2.783</gpxdata:speed>
    </extensions>
   </trkpt>
   <trkpt lat="51.0537543" lon="13.7395706">
    <ele>110</ele>
    <time>2026-08-04T19:37:09Z</time>
    <extensions>
     <gpxdata:hr>117</gpxdata:hr>
     <gpxdata:distance>26352.00</gpxdata:distance>
     <gpxdata:speed>2.964</gpxdata:speed>
    </extensions>
   </trkpt>
   <trkpt lat="51.0537611" lon="13.7394940">
    <ele>110</ele>
    <time>2026-08-04T19:37:10Z</time>
    <extensions>
     <gpxdata:hr>117</gpxdata:hr>
     <gpxdata:distance>26355.50</gpxdata:distance>
     <gpxdata:speed>3.133</gpxdata:speed>
    </extensions>
   </trkpt>
   <trkpt lat="51.0537658" lon="13.7394390">
    <ele>110</ele>
    <time>2026-08-04T19:37:11Z</time>
    <extensions>
     <gpxdata:hr>118</gpxdata:hr>
     <gpxdata:distance>26359.00</gpxdata:distance>
     <gpxdata:speed>3.242</gpxdata:speed>
    </extensions>
   </trkpt>
   <trkpt lat="51.0537708" lon="13.7393868">
    <ele>110</ele>
    <time>2026-08-04T19:37:12Z</time>
    <extensions>
     <gpxdata:hr>119</gpxdata:hr>
     <gpxdata:distance>26362.50</gpxdata:distance>
     <gpxdata:speed>3.475</gpxdata:speed>
    </extensions>
   </trkpt>
   <trkpt lat="51.0537772" lon="13.7393349">
    <ele>111</ele>
    <time>2026-08-04T19:37:13Z</time>
    <extensions>
     <gpxdata:hr>120</gpxdata:hr>
     <gpxdata:distance>26366.00</gpxdata:distance>
     <gpxdata:speed>3.608</gpxdata:speed>
    </extensions>
   </trkpt>
   <trkpt lat="51.0537849" lon="13.7392833">
    <ele>111</ele>
    <time>2026-08-04T19:37:14Z</time>
    <extensions>
     <gpxdata:hr>121</gpxdata:hr>
     <gpxdata:distance>26370.00</gpxdata:distance>
     <gpxdata:speed>3.683</gpxdata:speed>
    </extensions>
   </trkpt>
   <trkpt lat="51.0537918" lon="13.7392313">
    <ele>111</ele>
    <time>2026-08-04T19:37:15Z</time>
    <extensions>
     <gpxdata:hr>122</gpxdata:hr>
     <gpxdata:distance>26374.00</gpxdata:distance>
     <gpxdata:speed>3.719</gpxdata:speed>
    </extensions>
   </trkpt>
   <trkpt lat="51.0537979" lon="13.7391790">
    <ele>111</ele>
    <time>2026-08-04T19:37:16Z</time>
    <extensions>
     <gpxdata:hr>124</gpxdata:hr>
     <gpxdata:distance>26377.50</gpxdata:distance>
     <gpxdata:speed>3.731</gpxdata:speed>
    </extensions>
   </trkpt>
   <trkpt lat="51.0538045" lon="13.7391264">
    <ele>111</ele>
    <time>2026-08-04T19:37:17Z</time>
    <extensions>
     <gpxdata:hr>124</gpxdata:hr>
     <gpxdata:distance>26381.00</gpxdata:distance>
     <gpxdata:speed>3.742</gpxdata:speed>
    </extensions>
   </trkpt>
   <trkpt lat="51.0538119" lon="13.7390744">
    <ele>112</ele>
    <time>2026-08-04T19:37:18Z</time>
    <extensions>
     <gpxdata:hr>125</gpxdata:hr>
     <gpxdata:distance>26384.50</gpxdata:distance>
     <gpxdata:speed>3.756</gpxdata:speed>
    </extensions>
   </trkpt>
   <trkpt lat="51.0538190" lon="13.7390235">
    <ele>112</ele>
    <time>2026-08-04T19:37:19Z</time>
    <extensions>
     <gpxdata:hr>124</gpxdata:hr>
     <gpxdata:distance>26388.00</gpxdata:distance>
     <gpxdata:speed>3.739</gpxdata:speed>
    </extensions>
   </trkpt>
   <trkpt lat="51.0538246" lon="13.7389729">
    <ele>112</ele>
    <time>2026-08-04T19:37:20Z</time>
    <extensions>
     <gpxdata:hr>124</gpxdata:hr>
     <gpxdata:distance>26392.00</gpxdata:distance>
     <gpxdata:speed>3.683</gpxdata:speed>
    </extensions>
   </trkpt>
   <trkpt lat="51.0538301" lon="13.7389225">
    <ele>112</ele>
    <time>2026-08-04T19:37:21Z</time>
    <extensions>
     <gpxdata:hr>124</gpxdata:hr>
     <gpxdata:distance>26396.00</gpxdata:distance>
     <gpxdata:speed>3.647</gpxdata:speed>
    </extensions>
   </trkpt>
   <trkpt lat="51.0538379" lon="13.7388737">
    <ele>112</ele>
    <time>2026-08-04T19:37:22Z</time>
    <extensions>
     <gpxdata:hr>125</gpxdata:hr>
     <gpxdata:distance>26399.50</gpxdata:distance>
     <gpxdata:speed>3.625</gpxdata:speed>
    </extensions>
   </trkpt>
   <trkpt lat="51.0538502" lon="13.7388283">
    <ele>112</ele>
    <time>2026-08-04T19:37:23Z</time>
    <extensions>
     <gpxdata:hr>125</gpxdata:hr>
     <gpxdata:distance>26403.00</gpxdata:distance>
     <gpxdata:speed>3.592</gpxdata:speed>
    </extensions>
   </trkpt>
   <trkpt lat="51.0538656" lon="13.7387863">
    <ele>112</ele>
    <time>2026-08-04T19:37:24Z</time>
    <extensions>
     <gpxdata:hr>125</gpxdata:hr>
     <gpxdata:distance>26406.00</gpxdata:distance>
     <gpxdata:speed>3.561</gpxdata:speed>
    </extensions>
   </trkpt>
   <trkpt lat="51.0538812" lon="13.7387460">
    <ele>113</ele>
    <time>2026-08-04T19:37:25Z</time>
    <extensions>
     <gpxdata:hr>125</gpxdata:hr>
     <gpxdata:distance>26409.00</gpxdata:distance>
     <gpxdata:speed>3.508</gpxdata:speed>
    </extensions>
   </trkpt>
   <trkpt lat="51.0538948" lon="13.7387048">
    <ele>113</ele>
    <time>2026-08-04T19:37:26Z</time>
    <extensions>
     <gpxdata:hr>125</gpxdata:hr>
     <gpxdata:distance>26412.50</gpxdata:distance>
     <gpxdata:speed>3.428</gpxdata:speed>
    </extensions>
   </trkpt>
   <trkpt lat="51.0539060" lon="13.7386616">
    <ele>113</ele>
    <time>2026-08-04T19:37:27Z</time>
    <extensions>
     <gpxdata:hr>125</gpxdata:hr>
     <gpxdata:distance>26416.00</gpxdata:distance>
     <gpxdata:speed>3.367</gpxdata:speed>
    </extensions>
   </trkpt>
   <trkpt lat="51.0539150" lon="13.7386139">
    <ele>113</ele>
    <time>2026-08-04T19:37:28Z</time>
    <extensions>
     <gpxdata:hr>127</gpxdata:hr>
     <gpxdata:distance>26419.50</gpxdata:distance>
     <gpxdata:speed>3.342</gpxdata:speed>
    </extensions>
   </trkpt>
   <trkpt lat="51.0539205" lon="13.7385601">
    <ele>113</ele>
    <time>2026-08-04T19:37:29Z</time>
    <extensions>
     <gpxdata:hr>127</gpxdata:hr>
     <gpxdata:distance>26423.00</gpxdata:distance>
     <gpxdata:speed>3.436</gpxdata:speed>
    </extensions>
   </trkpt>
   <trkpt lat="51.0539225" lon="13.7384971">
    <ele>113</ele>
    <time>2026-08-04T19:37:30Z</time>
    <extensions>
     <gpxdata:hr>127</gpxdata:hr>
     <gpxdata:distance>26427.50</gpxdata:distance>
     <gpxdata:speed>3.883</gpxdata:speed>
    </extensions>
   </trkpt>
   <trkpt lat="51.0539220" lon="13.7384238">
    <ele>114</ele>
    <time>2026-08-04T19:37:31Z</time>
    <extensions>
     <gpxdata:hr>127</gpxdata:hr>
     <gpxdata:distance>26432.00</gpxdata:distance>
     <gpxdata:speed>4.503</gpxdata:speed>
    </extensions>
   </trkpt>
   <trkpt lat="51.0539201" lon="13.7383435">
    <ele>114</ele>
    <time>2026-08-04T19:37:32Z</time>
    <extensions>
     <gpxdata:hr>128</gpxdata:hr>
     <gpxdata:distance>26438.00</gpxdata:distance>
     <gpxdata:speed>5.194</gpxdata:speed>
    </extensions>
   </trkpt>
   <trkpt lat="51.0539191" lon="13.7382595">
    <ele>114</ele>
    <time>2026-08-04T19:37:33Z</time>
    <extensions>
     <gpxdata:hr>127</gpxdata:hr>
     <gpxdata:distance>26444.00</gpxdata:distance>
     <gpxdata:speed>5.594</gpxdata:speed>
    </extensions>
   </trkpt>
   <trkpt lat="51.0539220" lon="13.7381726">
    <ele>114</ele>
    <time>2026-08-04T19:37:34Z</time>
    <extensions>
     <gpxdata:hr>127</gpxdata:hr>
     <gpxdata:distance>26450.00</gpxdata:distance>
     <gpxdata:speed>5.794</gpxdata:speed>
    </extensions>
   </trkpt>
   <trkpt lat="51.0539336" lon="13.7380543">
    <ele>114</ele>
    <time>2026-08-04T19:37:35Z</time>
    <extensions>
     <gpxdata:hr>126</gpxdata:hr>
     <gpxdata:distance>26456.00</gpxdata:distance>
     <gpxdata:speed>6.047</gpxdata:speed>
    </extensions>
   </trkpt>
   <trkpt lat="51.0539494" lon="13.7379608">
    <ele>113</ele>
    <time>2026-08-04T19:37:36Z</time>
    <extensions>
     <gpxdata:hr>126</gpxdata:hr>
     <gpxdata:distance>26463.00</gpxdata:distance>
     <gpxdata:speed>6.294</gpxdata:speed>
    </extensions>
   </trkpt>
   <trkpt lat="51.0539687" lon="13.7378719">
    <ele>113</ele>
    <time>2026-08-04T19:37:37Z</time>
    <extensions>
     <gpxdata:hr>127</gpxdata:hr>
     <gpxdata:distance>26470.00</gpxdata:distance>
     <gpxdata:speed>6.467</gpxdata:speed>
    </extensions>
   </trkpt>
   <trkpt lat="51.0539873" lon="13.7377822">
    <ele>112</ele>
    <time>2026-08-04T19:37:38Z</time>
    <extensions>
     <gpxdata:hr>128</gpxdata:hr>
     <gpxdata:distance>26476.50</gpxdata:distance>
     <gpxdata:speed>6.478</gpxdata:speed>
    </extensions>
   </trkpt>
   <trkpt lat="51.0540013" lon="13.7376915">
    <ele>112</ele>
    <time>2026-08-04T19:37:39Z</time>
    <extensions>
     <gpxdata:hr>127</gpxdata:hr>
     <gpxdata:distance>26483.00</gpxdata:distance>
     <gpxdata:speed>6.556</gpxdata:speed>
    </extensions>
   </trkpt>
   <trkpt lat="51.0540065" lon="13.7375996">
    <ele>112</ele>
    <time>2026-08-04T19:37:40Z</time>
    <extensions>
     <gpxdata:hr>127</gpxdata:hr>
     <gpxdata:distance>26489.50</gpxdata:distance>
     <gpxdata:speed>6.533</gpxdata:speed>
    </extensions>
   </trkpt>
   <trkpt lat="51.0540003" lon="13.7375083">
    <ele>112</ele>
    <time>2026-08-04T19:37:41Z</time>
    <extensions>
     <gpxdata:hr>126</gpxdata:hr>
     <gpxdata:distance>26496.00</gpxdata:distance>
     <gpxdata:speed>6.517</gpxdata:speed>
    </extensions>
   </trkpt>
   <trkpt lat="51.0539838" lon="13.7374206">
    <ele>112</ele>
    <time>2026-08-04T19:37:42Z</time>
    <extensions>
     <gpxdata:hr>125</gpxdata:hr>
     <gpxdata:distance>26502.00</gpxdata:distance>
     <gpxdata:speed>6.536</gpxdata:speed>
    </extensions>
   </trkpt>
   <trkpt lat="51.0539611" lon="13.7373385">
    <ele>112</ele>
    <time>2026-08-04T19:37:43Z</time>
    <extensions>
     <gpxdata:hr>125</gpxdata:hr>
     <gpxdata:distance>26508.00</gpxdata:distance>
     <gpxdata:speed>6.506</gpxdata:speed>
    </extensions>
   </trkpt>
   <trkpt lat="51.0539353" lon="13.7372599">
    <ele>112</ele>
    <time>2026-08-04T19:37:44Z</time>
    <extensions>
     <gpxdata:hr>125</gpxdata:hr>
     <gpxdata:distance>26514.50</gpxdata:distance>
     <gpxdata:speed>6.408</gpxdata:speed>
    </extensions>
   </trkpt>
   <trkpt lat="51.0539084" lon="13.7371836">
    <ele>112</ele>
    <time>2026-08-04T19:37:45Z</time>
    <extensions>
     <gpxdata:hr>123</gpxdata:hr>
     <gpxdata:distance>26521.00</gpxdata:distance>
     <gpxdata:speed>6.322</gpxdata:speed>
    </extensions>
   </trkpt>
   <trkpt lat="51.0538809" lon="13.7371097">
    <ele>112</ele>
    <time>2026-08-04T19:37:46Z</time>
    <extensions>
     <gpxdata:hr>123</gpxdata:hr>
     <gpxdata:distance>26527.00</gpxdata:distance>
     <gpxdata:speed>6.233</gpxdata:speed>
    </extensions>
   </trkpt>
   <trkpt lat="51.0538553" lon="13.7370400">
    <ele>112</ele>
    <time>2026-08-04T19:37:47Z</time>
    <extensions>
     <gpxdata:hr>122</gpxdata:hr>
     <gpxdata:distance>26533.00</gpxdata:distance>
     <gpxdata:speed>6.139</gpxdata:speed>
    </extensions>
   </trkpt>
   <trkpt lat="51.0538389" lon="13.7369963">
    <ele>112</ele>
    <time>2026-08-04T19:37:48Z</time>
    <extensions>
     <gpxdata:hr>122</gpxdata:hr>
     <gpxdata:distance>26537.50</gpxdata:distance>
     <gpxdata:speed>5.694</gpxdata:speed>
    </extensions>
   </trkpt>
   <trkpt lat="51.0538189" lon="13.7369517">
    <ele>112</ele>
    <time>2026-08-04T19:37:49Z</time>
    <extensions>
     <gpxdata:hr>121</gpxdata:hr>
     <gpxdata:distance>26542.00</gpxdata:distance>
     <gpxdata:speed>5.031</gpxdata:speed>
    </extensions>
   </trkpt>
   <trkpt lat="51.0537992" lon="13.7369131">
    <ele>112</ele>
    <time>2026-08-04T19:37:50Z</time>
    <extensions>
     <gpxdata:hr>121</gpxdata:hr>
     <gpxdata:distance>26545.50</gpxdata:distance>
     <gpxdata:speed>4.253</gpxdata:speed>
    </extensions>
   </trkpt>
   <trkpt lat="51.0537795" lon="13.7368765">
    <ele>112</ele>
    <time>2026-08-04T19:37:51Z</time>
    <extensions>
     <gpxdata:hr>121</gpxdata:hr>
     <gpxdata:distance>26549.00</gpxdata:distance>
     <gpxdata:speed>3.667</gpxdata:speed>
    </extensions>
   </trkpt>
   <trkpt lat="51.0537566" lon="13.7368361">
    <ele>112</ele>
    <time>2026-08-04T19:37:52Z</time>
    <extensions>
     <gpxdata:hr>120</gpxdata:hr>
     <gpxdata:distance>26553.00</gpxdata:distance>
     <gpxdata:speed>3.558</gpxdata:speed>
    </extensions>
   </trkpt>
   <trkpt lat="51.0537285" lon="13.7367891">
    <ele>112</ele>
    <time>2026-08-04T19:37:53Z</time>
    <extensions>
     <gpxdata:hr>120</gpxdata:hr>
     <gpxdata:distance>26557.00</gpxdata:distance>
     <gpxdata:speed>4.031</gpxdata:speed>
    </extensions>
   </trkpt>
   <trkpt lat="51.0536931" lon="13.7367359">
    <ele>112</ele>
    <time>2026-08-04T19:37:54Z</time>
    <extensions>
     <gpxdata:hr>119</gpxdata:hr>
     <gpxdata:distance>26563.00</gpxdata:distance>
     <gpxdata:speed>4.419</gpxdata:speed>
    </extensions>
   </trkpt>
   <trkpt lat="51.0536502" lon="13.7366777">
    <ele>112</ele>
    <time>2026-08-04T19:37:55Z</time>
    <extensions>
     <gpxdata:hr>119</gpxdata:hr>
     <gpxdata:distance>26569.00</gpxdata:distance>
     <gpxdata:speed>5.547</gpxdata:speed>
    </extensions>
   </trkpt>
   <trkpt lat="51.0535862" lon="13.7365954">
    <ele>112</ele>
    <time>2026-08-04T19:37:56Z</time>
    <extensions>
     <gpxdata:hr>118</gpxdata:hr>
     <gpxdata:distance>26576.00</gpxdata:distance>
     <gpxdata:speed>6.006</gpxdata:speed>
    </extensions>
   </trkpt>
   <trkpt lat="51.0535325" lon="13.7365299">
    <ele>112</ele>
    <time>2026-08-04T19:37:57Z</time>
    <extensions>
     <gpxdata:hr>119</gpxdata:hr>
     <gpxdata:distance>26583.00</gpxdata:distance>
     <gpxdata:speed>6.750</gpxdata:speed>
    </extensions>
   </trkpt>
   <trkpt lat="51.0534802" lon="13.7364673">
    <ele>112</ele>
    <time>2026-08-04T19:37:58Z</time>
    <extensions>
     <gpxdata:hr>120</gpxdata:hr>
     <gpxdata:distance>26590.00</gpxdata:distance>
     <gpxdata:speed>7.025</gpxdata:speed>
    </extensions>
   </trkpt>
   <trkpt lat="51.0534284" lon="13.7364059">
    <ele>112</ele>
    <time>2026-08-04T19:37:59Z</time>
    <extensions>
     <gpxdata:hr>121</gpxdata:hr>
     <gpxdata:distance>26597.00</gpxdata:distance>
     <gpxdata:speed>7.072</gpxdata:speed>
    </extensions>
   </trkpt>
   <trkpt lat="51.0533779" lon="13.7363439">
    <ele>112</ele>
    <time>2026-08-04T19:38:00Z</time>
    <extensions>
     <gpxdata:hr>123</gpxdata:hr>
     <gpxdata:distance>26604.50</gpxdata:distance>
     <gpxdata:speed>7.089</gpxdata:speed>
    </extensions>
   </trkpt>
   <trkpt lat="51.0533286" lon="13.7362800">
    <ele>112</ele>
    <time>2026-08-04T19:38:01Z</time>
    <extensions>
     <gpxdata:hr>123</gpxdata:hr>
     <gpxdata:distance>26612.00</gpxdata:distance>
     <gpxdata:speed>7.075</gpxdata:speed>
    </extensions>
   </trkpt>
   <trkpt lat="51.0532799" lon="13.7362158">
    <ele>112</ele>
    <time>2026-08-04T19:38:02Z</time>
    <extensions>
     <gpxdata:hr>125</gpxdata:hr>
     <gpxdata:distance>26619.00</gpxdata:distance>
     <gpxdata:speed>7.089</gpxdata:speed>
    </extensions>
   </trkpt>
   <trkpt lat="51.0532315" lon="13.7361519">
    <ele>113</ele>
    <time>2026-08-04T19:38:03Z</time>
    <extensions>
     <gpxdata:hr>127</gpxdata:hr>
     <gpxdata:distance>26626.00</gpxdata:distance>
     <gpxdata:speed>7.061</gpxdata:speed>
    </extensions>
   </trkpt>
   <trkpt lat="51.0531832" lon="13.7360893">
    <ele>113</ele>
    <time>2026-08-04T19:38:04Z</time>
    <extensions>
     <gpxdata:hr>127</gpxdata:hr>
     <gpxdata:distance>26632.50</gpxdata:distance>
     <gpxdata:speed>7.014</gpxdata:speed>
    </extensions>
   </trkpt>
   <trkpt lat="51.0531354" lon="13.7360273">
    <ele>113</ele>
    <time>2026-08-04T19:38:05Z</time>
    <extensions>
     <gpxdata:hr>126</gpxdata:hr>
     <gpxdata:distance>26639.00</gpxdata:distance>
     <gpxdata:speed>6.958</gpxdata:speed>
    </extensions>
   </trkpt>
   <trkpt lat="51.0530876" lon="13.7359661">
    <ele>113</ele>
    <time>2026-08-04T19:38:06Z</time>
    <extensions>
     <gpxdata:hr>125</gpxdata:hr>
     <gpxdata:distance>26646.00</gpxdata:distance>
     <gpxdata:speed>6.914</gpxdata:speed>
    </extensions>
   </trkpt>
   <trkpt lat="51.0530403" lon="13.7359054">
    <ele>113</ele>
    <time>2026-08-04T19:38:07Z</time>
    <extensions>
     <gpxdata:hr>124</gpxdata:hr>
     <gpxdata:distance>26653.00</gpxdata:distance>
     <gpxdata:speed>6.881</gpxdata:speed>
    </extensions>
   </trkpt>
   <trkpt lat="51.0529952" lon="13.7358440">
    <ele>113</ele>
    <time>2026-08-04T19:38:08Z</time>
    <extensions>
     <gpxdata:hr>123</gpxdata:hr>
     <gpxdata:distance>26659.50</gpxdata:distance>
     <gpxdata:speed>6.836</gpxdata:speed>
    </extensions>
   </trkpt>
   <trkpt lat="51.0529505" lon="13.7357822">
    <ele>113</ele>
    <time>2026-08-04T19:38:09Z</time>
    <extensions>
     <gpxdata:hr>122</gpxdata:hr>
     <gpxdata:distance>26666.00</gpxdata:distance>
     <gpxdata:speed>6.747</gpxdata:speed>
    </extensions>
   </trkpt>
   <trkpt lat="51.0529046" lon="13.7357209">
    <ele>113</ele>
    <time>2026-08-04T19:38:10Z</time>
    <extensions>
     <gpxdata:hr>121</gpxdata:hr>
     <gpxdata:distance>26673.00</gpxdata:distance>
     <gpxdata:speed>6.694</gpxdata:speed>
    </extensions>
   </trkpt>
   <trkpt lat="51.0528573" lon="13.7356605">
    <ele>113</ele>
    <time>2026-08-04T19:38:11Z</time>
    <extensions>
     <gpxdata:hr>120</gpxdata:hr>
     <gpxdata:distance>26680.00</gpxdata:distance>
     <gpxdata:speed>6.694</gpxdata:speed>
    </extensions>
   </trkpt>
   <trkpt lat="51.0528109" lon="13.7355998">
    <ele>113</ele>
    <time>2026-08-04T19:38:12Z</time>
    <extensions>
     <gpxdata:hr>120</gpxdata:hr>
     <gpxdata:distance>26686.50</gpxdata:distance>
     <gpxdata:speed>6.717</gpxdata:speed>
    </extensions>
   </trkpt>
   <trkpt lat="51.0527649" lon="13.7355384">
    <ele>113</ele>
    <time>2026-08-04T19:38:13Z</time>
    <extensions>
     <gpxdata:hr>120</gpxdata:hr>
     <gpxdata:distance>26693.00</gpxdata:distance>
     <gpxdata:speed>6.694</gpxdata:speed>
    </extensions>
   </trkpt>
   <trkpt lat="51.0527189" lon="13.7354771">
    <ele>113</ele>
    <time>2026-08-04T19:38:14Z</time>
    <extensions>
     <gpxdata:hr>120</gpxdata:hr>
     <gpxdata:distance>26699.50</gpxdata:distance>
     <gpxdata:speed>6.689</gpxdata:speed>
    </extensions>
   </trkpt>
   <trkpt lat="51.0526726" lon="13.7354157">
    <ele>113</ele>
    <time>2026-08-04T19:38:15Z</time>
    <extensions>
     <gpxdata:hr>120</gpxdata:hr>
     <gpxdata:distance>26706.00</gpxdata:distance>
     <gpxdata:speed>6.683</gpxdata:speed>
    </extensions>
   </trkpt>
   <trkpt lat="51.0526257" lon="13.7353536">
    <ele>113</ele>
    <time>2026-08-04T19:38:16Z</time>
    <extensions>
     <gpxdata:hr>120</gpxdata:hr>
     <gpxdata:distance>26713.00</gpxdata:distance>
     <gpxdata:speed>6.694</gpxdata:speed>
    </extensions>
   </trkpt>
   <trkpt lat="51.0525779" lon="13.7352916">
    <ele>113</ele>
    <time>2026-08-04T19:38:17Z</time>
    <extensions>
     <gpxdata:hr>119</gpxdata:hr>
     <gpxdata:distance>26720.00</gpxdata:distance>
     <gpxdata:speed>6.731</gpxdata:speed>
    </extensions>
   </trkpt>
   <trkpt lat="51.0525296" lon="13.7352297">
    <ele>113</ele>
    <time>2026-08-04T19:38:18Z</time>
    <extensions>
     <gpxdata:hr>118</gpxdata:hr>
     <gpxdata:distance>26727.00</gpxdata:distance>
     <gpxdata:speed>6.781</gpxdata:speed>
    </extensions>
   </trkpt>
   <trkpt lat="51.0524810" lon="13.7351674">
    <ele>113</ele>
    <time>2026-08-04T19:38:19Z</time>
    <extensions>
     <gpxdata:hr>117</gpxdata:hr>
     <gpxdata:distance>26734.00</gpxdata:distance>
     <gpxdata:speed>6.822</gpxdata:speed>
    </extensions>
   </trkpt>
   <trkpt lat="51.0524321" lon="13.7351051">
    <ele>112</ele>
    <time>2026-08-04T19:38:20Z</time>
    <extensions>
     <gpxdata:hr>117</gpxdata:hr>
     <gpxdata:distance>26741.00</gpxdata:distance>
     <gpxdata:speed>6.867</gpxdata:speed>
    </extensions>
   </trkpt>
   <trkpt lat="51.0523831" lon="13.7350427">
    <ele>112</ele>
    <time>2026-08-04T19:38:21Z</time>
    <extensions>
     <gpxdata:hr>117</gpxdata:hr>
     <gpxdata:distance>26748.00</gpxdata:distance>
     <gpxdata:speed>6.900</gpxdata:speed>
    </extensions>
   </trkpt>
   <trkpt lat="51.0523343" lon="13.7349806">
    <ele>112</ele>
    <time>2026-08-04T19:38:22Z</time>
    <extensions>
     <gpxdata:hr>118</gpxdata:hr>
     <gpxdata:distance>26755.00</gpxdata:distance>
     <gpxdata:speed>6.931</gpxdata:speed>
    </extensions>
   </trkpt>
   <trkpt lat="51.0522857" lon="13.7349194">
    <ele>112</ele>
    <time>2026-08-04T19:38:23Z</time>
    <extensions>
     <gpxdata:hr>117</gpxdata:hr>
     <gpxdata:distance>26762.00</gpxdata:distance>
     <gpxdata:speed>6.939</gpxdata:speed>
    </extensions>
   </trkpt>
   <trkpt lat="51.0522370" lon="13.7348623">
    <ele>112</ele>
    <time>2026-08-04T19:38:24Z</time>
    <extensions>
     <gpxdata:hr>117</gpxdata:hr>
     <gpxdata:distance>26768.50</gpxdata:distance>
     <gpxdata:speed>6.922</gpxdata:speed>
    </extensions>
   </trkpt>
   <trkpt lat="51.0521890" lon="13.7348068">
    <ele>112</ele>
    <time>2026-08-04T19:38:25Z</time>
    <extensions>
     <gpxdata:hr>117</gpxdata:hr>
     <gpxdata:distance>26775.00</gpxdata:distance>
     <gpxdata:speed>6.853</gpxdata:speed>
    </extensions>
   </trkpt>
   <trkpt lat="51.0521421" lon="13.7347515">
    <ele>112</ele>
    <time>2026-08-04T19:38:26Z</time>
    <extensions>
     <gpxdata:hr>117</gpxdata:hr>
     <gpxdata:distance>26781.50</gpxdata:distance>
     <gpxdata:speed>6.769</gpxdata:speed>
    </extensions>
   </trkpt>
   <trkpt lat="51.0520956" lon="13.7346968">
    <ele>112</ele>
    <time>2026-08-04T19:38:27Z</time>
    <extensions>
     <gpxdata:hr>116</gpxdata:hr>
     <gpxdata:distance>26788.00</gpxdata:distance>
     <gpxdata:speed>6.678</gpxdata:speed>
    </extensions>
   </trkpt>
   <trkpt lat="51.0520495" lon="13.7346413">
    <ele>112</ele>
    <time>2026-08-04T19:38:28Z</time>
    <extensions>
     <gpxdata:hr>116</gpxdata:hr>
     <gpxdata:distance>26794.50</gpxdata:distance>
     <gpxdata:speed>6.597</gpxdata:speed>
    </extensions>
   </trkpt>
   <trkpt lat="51.0520046" lon="13.7345839">
    <ele>112</ele>
    <time>2026-08-04T19:38:29Z</time>
    <extensions>
     <gpxdata:hr>116</gpxdata:hr>
     <gpxdata:distance>26801.00</gpxdata:distance>
     <gpxdata:speed>6.544</gpxdata:speed>
    </extensions>
   </trkpt>
   <trkpt lat="51.0519623" lon="13.7345227">
    <ele>112</ele>
    <time>2026-08-04T19:38:30Z</time>
    <extensions>
     <gpxdata:hr>115</gpxdata:hr>
     <gpxdata:distance>26807.50</gpxdata:distance>
     <gpxdata:speed>6.500</gpxdata:speed>
    </extensions>
   </trkpt>
   <trkpt lat="51.0519235" lon="13.7344573">
    <ele>112</ele>
    <time>2026-08-04T19:38:31Z</time>
    <extensions>
     <gpxdata:hr>115</gpxdata:hr>
     <gpxdata:distance>26814.00</gpxdata:distance>
     <gpxdata:speed>6.442</gpxdata:speed>
    </extensions>
   </trkpt>
   <trkpt lat="51.0518887" lon="13.7343878">
    <ele>112</ele>
    <time>2026-08-04T19:38:32Z</time>
    <extensions>
     <gpxdata:hr>114</gpxdata:hr>
     <gpxdata:distance>26820.00</gpxdata:distance>
     <gpxdata:speed>6.372</gpxdata:speed>
    </extensions>
   </trkpt>
   <trkpt lat="51.0518576" lon="13.7343148">
    <ele>112</ele>
    <time>2026-08-04T19:38:33Z</time>
    <extensions>
     <gpxdata:hr>114</gpxdata:hr>
     <gpxdata:distance>26826.00</gpxdata:distance>
     <gpxdata:speed>6.275</gpxdata:speed>
    </extensions>
   </trkpt>
   <trkpt lat="51.0518298" lon="13.7342384">
    <ele>112</ele>
    <time>2026-08-04T19:38:34Z</time>
    <extensions>
     <gpxdata:hr>114</gpxdata:hr>
     <gpxdata:distance>26832.50</gpxdata:distance>
     <gpxdata:speed>6.206</gpxdata:speed>
    </extensions>
   </trkpt>
   <trkpt lat="51.0518050" lon="13.7341602">
    <ele>112</ele>
    <time>2026-08-04T19:38:35Z</time>
    <extensions>
     <gpxdata:hr>115</gpxdata:hr>
     <gpxdata:distance>26839.00</gpxdata:distance>
     <gpxdata:speed>6.194</gpxdata:speed>
    </extensions>
   </trkpt>
   <trkpt lat="51.0517836" lon="13.7340811">
    <ele>112</ele>
    <time>2026-08-04T19:38:36Z</time>
    <extensions>
     <gpxdata:hr>115</gpxdata:hr>
     <gpxdata:distance>26845.00</gpxdata:distance>
     <gpxdata:speed>6.147</gpxdata:speed>
    </extensions>
   </trkpt>
   <trkpt lat="51.0517651" lon="13.7340029">
    <ele>112</ele>
    <time>2026-08-04T19:38:37Z</time>
    <extensions>
     <gpxdata:hr>115</gpxdata:hr>
     <gpxdata:distance>26851.00</gpxdata:distance>
     <gpxdata:speed>6.044</gpxdata:speed>
    </extensions>
   </trkpt>
   <trkpt lat="51.0517538" lon="13.7339474">
    <ele>112</ele>
    <time>2026-08-04T19:38:38Z</time>
    <extensions>
     <gpxdata:hr>115</gpxdata:hr>
     <gpxdata:distance>26856.50</gpxdata:distance>
     <gpxdata:speed>5.886</gpxdata:speed>
    </extensions>
   </trkpt>
   <trkpt lat="51.0517433" lon="13.7338786">
    <ele>112</ele>
    <time>2026-08-04T19:38:39Z</time>
    <extensions>
     <gpxdata:hr>115</gpxdata:hr>
     <gpxdata:distance>26862.00</gpxdata:distance>
     <gpxdata:speed>5.678</gpxdata:speed>
    </extensions>
   </trkpt>
   <trkpt lat="51.0517336" lon="13.7338084">
    <ele>112</ele>
    <time>2026-08-04T19:38:40Z</time>
    <extensions>
     <gpxdata:hr>114</gpxdata:hr>
     <gpxdata:distance>26867.00</gpxdata:distance>
     <gpxdata:speed>5.414</gpxdata:speed>
    </extensions>
   </trkpt>
   <trkpt lat="51.0517239" lon="13.7337389">
    <ele>112</ele>
    <time>2026-08-04T19:38:41Z</time>
    <extensions>
     <gpxdata:hr>112</gpxdata:hr>
     <gpxdata:distance>26872.00</gpxdata:distance>
     <gpxdata:speed>5.150</gpxdata:speed>
    </extensions>
   </trkpt>
   <trkpt lat="51.0517139" lon="13.7336713">
    <ele>112</ele>
    <time>2026-08-04T19:38:42Z</time>
    <extensions>
     <gpxdata:hr>111</gpxdata:hr>
     <gpxdata:distance>26876.50</gpxdata:distance>
     <gpxdata:speed>5.050</gpxdata:speed>
    </extensions>
   </trkpt>
   <trkpt lat="51.0517016" lon="13.7336064">
    <ele>112</ele>
    <time>2026-08-04T19:38:43Z</time>
    <extensions>
     <gpxdata:hr>110</gpxdata:hr>
     <gpxdata:distance>26881.00</gpxdata:distance>
     <gpxdata:speed>4.889</gpxdata:speed>
    </extensions>
   </trkpt>
   <trkpt lat="51.0516854" lon="13.7335427">
    <ele>112</ele>
    <time>2026-08-04T19:38:44Z</time>
    <extensions>
     <gpxdata:hr>109</gpxdata:hr>
     <gpxdata:distance>26886.00</gpxdata:distance>
     <gpxdata:speed>4.783</gpxdata:speed>
    </extensions>
   </trkpt>
   <trkpt lat="51.0516654" lon="13.7334797">
    <ele>112</ele>
    <time>2026-08-04T19:38:45Z</time>
    <extensions>
     <gpxdata:hr>108</gpxdata:hr>
     <gpxdata:distance>26891.00</gpxdata:distance>
     <gpxdata:speed>4.897</gpxdata:speed>
    </extensions>
   </trkpt>
   <trkpt lat="51.0516426" lon="13.7334197">
    <ele>112</ele>
    <time>2026-08-04T19:38:46Z</time>
    <extensions>
     <gpxdata:hr>109</gpxdata:hr>
     <gpxdata:distance>26896.00</gpxdata:distance>
     <gpxdata:speed>5.003</gpxdata:speed>
    </extensions>
   </trkpt>
   <trkpt lat="51.0516173" lon="13.7333641">
    <ele>112</ele>
    <time>2026-08-04T19:38:47Z</time>
    <extensions>
     <gpxdata:hr>109</gpxdata:hr>
     <gpxdata:distance>26901.00</gpxdata:distance>
     <gpxdata:speed>4.903</gpxdata:speed>
    </extensions>
   </trkpt>
   <trkpt lat="51.0515917" lon="13.7333107">
    <ele>112</ele>
    <time>2026-08-04T19:38:48Z</time>
    <extensions>
     <gpxdata:hr>110</gpxdata:hr>
     <gpxdata:distance>26905.50</gpxdata:distance>
     <gpxdata:speed>4.792</gpxdata:speed>
    </extensions>
   </trkpt>
   <trkpt lat="51.0515685" lon="13.7332573">
    <ele>112</ele>
    <time>2026-08-04T19:38:49Z</time>
    <extensions>
     <gpxdata:hr>111</gpxdata:hr>
     <gpxdata:distance>26910.00</gpxdata:distance>
     <gpxdata:speed>4.694</gpxdata:speed>
    </extensions>
   </trkpt>
   <trkpt lat="51.0515479" lon="13.7332046">
    <ele>112</ele>
    <time>2026-08-04T19:38:50Z</time>
    <extensions>
     <gpxdata:hr>111</gpxdata:hr>
     <gpxdata:distance>26914.50</gpxdata:distance>
     <gpxdata:speed>4.544</gpxdata:speed>
    </extensions>
   </trkpt>
   <trkpt lat="51.0515304" lon="13.7331522">
    <ele>112</ele>
    <time>2026-08-04T19:38:51Z</time>
    <extensions>
     <gpxdata:hr>112</gpxdata:hr>
     <gpxdata:distance>26919.00</gpxdata:distance>
     <gpxdata:speed>4.364</gpxdata:speed>
    </extensions>
   </trkpt>
   <trkpt lat="51.0515164" lon="13.7330995">
    <ele>112</ele>
    <time>2026-08-04T19:38:52Z</time>
    <extensions>
     <gpxdata:hr>111</gpxdata:hr>
     <gpxdata:distance>26923.00</gpxdata:distance>
     <gpxdata:speed>4.178</gpxdata:speed>
    </extensions>
   </trkpt>
   <trkpt lat="51.0515043" lon="13.7330473">
    <ele>112</ele>
    <time>2026-08-04T19:38:53Z</time>
    <extensions>
     <gpxdata:hr>109</gpxdata:hr>
     <gpxdata:distance>26927.00</gpxdata:distance>
     <gpxdata:speed>4.050</gpxdata:speed>
    </extensions>
   </trkpt>
   <trkpt lat="51.0514932" lon="13.7329970">
    <ele>112</ele>
    <time>2026-08-04T19:38:54Z</time>
    <extensions>
     <gpxdata:hr>108</gpxdata:hr>
     <gpxdata:distance>26930.50</gpxdata:distance>
     <gpxdata:speed>3.919</gpxdata:speed>
    </extensions>
   </trkpt>
   <trkpt lat="51.0514821" lon="13.7329477">
    <ele>112</ele>
    <time>2026-08-04T19:38:55Z</time>
    <extensions>
     <gpxdata:hr>106</gpxdata:hr>
     <gpxdata:distance>26934.00</gpxdata:distance>
     <gpxdata:speed>3.739</gpxdata:speed>
    </extensions>
   </trkpt>
   <trkpt lat="51.0514702" lon="13.7328964">
    <ele>112</ele>
    <time>2026-08-04T19:38:56Z</time>
    <extensions>
     <gpxdata:hr>106</gpxdata:hr>
     <gpxdata:distance>26938.00</gpxdata:distance>
     <gpxdata:speed>3.678</gpxdata:speed>
    </extensions>
   </trkpt>
   <trkpt lat="51.0514551" lon="13.7328429">
    <ele>112</ele>
    <time>2026-08-04T19:38:57Z</time>
    <extensions>
     <gpxdata:hr>105</gpxdata:hr>
     <gpxdata:distance>26942.00</gpxdata:distance>
     <gpxdata:speed>3.886</gpxdata:speed>
    </extensions>
   </trkpt>
   <trkpt lat="51.0514351" lon="13.7327884">
    <ele>112</ele>
    <time>2026-08-04T19:38:58Z</time>
    <extensions>
     <gpxdata:hr>105</gpxdata:hr>
     <gpxdata:distance>26946.50</gpxdata:distance>
     <gpxdata:speed>4.158</gpxdata:speed>
    </extensions>
   </trkpt>
   <trkpt lat="51.0514106" lon="13.7327345">
    <ele>112</ele>
    <time>2026-08-04T19:38:59Z</time>
    <extensions>
     <gpxdata:hr>106</gpxdata:hr>
     <gpxdata:distance>26951.00</gpxdata:distance>
     <gpxdata:speed>4.383</gpxdata:speed>
    </extensions>
   </trkpt>
   <trkpt lat="51.0513821" lon="13.7326832">
    <ele>112</ele>
    <time>2026-08-04T19:39:00Z</time>
    <extensions>
     <gpxdata:hr>106</gpxdata:hr>
     <gpxdata:distance>26956.00</gpxdata:distance>
     <gpxdata:speed>4.536</gpxdata:speed>
    </extensions>
   </trkpt>
   <trkpt lat="51.0513500" lon="13.7326364">
    <ele>112</ele>
    <time>2026-08-04T19:39:01Z</time>
    <extensions>
     <gpxdata:hr>107</gpxdata:hr>
     <gpxdata:distance>26961.00</gpxdata:distance>
     <gpxdata:speed>4.650</gpxdata:speed>
    </extensions>
   </trkpt>
   <trkpt lat="51.0513151" lon="13.7325936">
    <ele>112</ele>
    <time>2026-08-04T19:39:02Z</time>
    <extensions>
     <gpxdata:hr>109</gpxdata:hr>
     <gpxdata:distance>26965.50</gpxdata:distance>
     <gpxdata:speed>4.739</gpxdata:speed>
    </extensions>
   </trkpt>
   <trkpt lat="51.0512789" lon="13.7325535">
    <ele>112</ele>
    <time>2026-08-04T19:39:03Z</time>
    <extensions>
     <gpxdata:hr>112</gpxdata:hr>
     <gpxdata:distance>26970.00</gpxdata:distance>
     <gpxdata:speed>4.814</gpxdata:speed>
    </extensions>
   </trkpt>
   <trkpt lat="51.0512428" lon="13.7325131">
    <ele>112</ele>
    <time>2026-08-04T19:39:04Z</time>
    <extensions>
     <gpxdata:hr>113</gpxdata:hr>
     <gpxdata:distance>26975.00</gpxdata:distance>
     <gpxdata:speed>4.872</gpxdata:speed>
    </extensions>
   </trkpt>
   <trkpt lat="51.0512078" lon="13.7324699">
    <ele>112</ele>
    <time>2026-08-04T19:39:05Z</time>
    <extensions>
     <gpxdata:hr>113</gpxdata:hr>
     <gpxdata:distance>26980.00</gpxdata:distance>
     <gpxdata:speed>4.906</gpxdata:speed>
    </extensions>
   </trkpt>
   <trkpt lat="51.0511752" lon="13.7324221">
    <ele>112</ele>
    <time>2026-08-04T19:39:06Z</time>
    <extensions>
     <gpxdata:hr>112</gpxdata:hr>
     <gpxdata:distance>26985.00</gpxdata:distance>
     <gpxdata:speed>4.942</gpxdata:speed>
    </extensions>
   </trkpt>
   <trkpt lat="51.0511457" lon="13.7323697">
    <ele>113</ele>
    <time>2026-08-04T19:39:07Z</time>
    <extensions>
     <gpxdata:hr>111</gpxdata:hr>
     <gpxdata:distance>26990.00</gpxdata:distance>
     <gpxdata:speed>4.964</gpxdata:speed>
    </extensions>
   </trkpt>
   <trkpt lat="51.0511211" lon="13.7323122">
    <ele>113</ele>
    <time>2026-08-04T19:39:08Z</time>
    <extensions>
     <gpxdata:hr>111</gpxdata:hr>
     <gpxdata:distance>26995.00</gpxdata:distance>
     <gpxdata:speed>4.958</gpxdata:speed>
    </extensions>
   </trkpt>
   <trkpt lat="51.0511022" lon="13.7322507">
    <ele>113</ele>
    <time>2026-08-04T19:39:09Z</time>
    <extensions>
     <gpxdata:hr>111</gpxdata:hr>
     <gpxdata:distance>27000.00</gpxdata:distance>
     <gpxdata:speed>4.933</gpxdata:speed>
    </extensions>
   </trkpt>
   <trkpt lat="51.0510875" lon="13.7321863">
    <ele>113</ele>
    <time>2026-08-04T19:39:10Z</time>
    <extensions>
     <gpxdata:hr>111</gpxdata:hr>
     <gpxdata:distance>27004.50</gpxdata:distance>
     <gpxdata:speed>4.892</gpxdata:speed>
    </extensions>
   </trkpt>
   <trkpt lat="51.0510769" lon="13.7321185">
    <ele>113</ele>
    <time>2026-08-04T19:39:11Z</time>
    <extensions>
     <gpxdata:hr>111</gpxdata:hr>
     <gpxdata:distance>27009.00</gpxdata:distance>
     <gpxdata:speed>4.864</gpxdata:speed>
    </extensions>
   </trkpt>
   <trkpt lat="51.0510689" lon="13.7320490">
    <ele>113</ele>
    <time>2026-08-04T19:39:12Z</time>
    <extensions>
     <gpxdata:hr>111</gpxdata:hr>
     <gpxdata:distance>27014.00</gpxdata:distance>
     <gpxdata:speed>4.894</gpxdata:speed>
    </extensions>
   </trkpt>
   <trkpt lat="51.0510615" lon="13.7319783">
    <ele>113</ele>
    <time>2026-08-04T19:39:13Z</time>
    <extensions>
     <gpxdata:hr>111</gpxdata:hr>
     <gpxdata:distance>27019.00</gpxdata:distance>
     <gpxdata:speed>4.917</gpxdata:speed>
    </extensions>
   </trkpt>
   <trkpt lat="51.0510551" lon="13.7319061">
    <ele>113</ele>
    <time>2026-08-04T19:39:14Z</time>
    <extensions>
     <gpxdata:hr>112</gpxdata:hr>
     <gpxdata:distance>27024.50</gpxdata:distance>
     <gpxdata:speed>4.956</gpxdata:speed>
    </extensions>
   </trkpt>
   <trkpt lat="51.0510491" lon="13.7318332">
    <ele>112</ele>
    <time>2026-08-04T19:39:15Z</time>
    <extensions>
     <gpxdata:hr>113</gpxdata:hr>
     <gpxdata:distance>27030.00</gpxdata:distance>
     <gpxdata:speed>5.019</gpxdata:speed>
    </extensions>
   </trkpt>
   <trkpt lat="51.0510427" lon="13.7317595">
    <ele>113</ele>
    <time>2026-08-04T19:39:16Z</time>
    <extensions>
     <gpxdata:hr>113</gpxdata:hr>
     <gpxdata:distance>27035.00</gpxdata:distance>
     <gpxdata:speed>5.067</gpxdata:speed>
    </extensions>
   </trkpt>
   <trkpt lat="51.0510352" lon="13.7316844">
    <ele>113</ele>
    <time>2026-08-04T19:39:17Z</time>
    <extensions>
     <gpxdata:hr>113</gpxdata:hr>
     <gpxdata:distance>27040.00</gpxdata:distance>
     <gpxdata:speed>5.122</gpxdata:speed>
    </extensions>
   </trkpt>
   <trkpt lat="51.0510270" lon="13.7316072">
    <ele>113</ele>
    <time>2026-08-04T19:39:18Z</time>
    <extensions>
     <gpxdata:hr>113</gpxdata:hr>
     <gpxdata:distance>27045.50</gpxdata:distance>
     <gpxdata:speed>5.214</gpxdata:speed>
    </extensions>
   </trkpt>
   <trkpt lat="51.0510190" lon="13.7315278">
    <ele>113</ele>
    <time>2026-08-04T19:39:19Z</time>
    <extensions>
     <gpxdata:hr>115</gpxdata:hr>
     <gpxdata:distance>27051.00</gpxdata:distance>
     <gpxdata:speed>5.328</gpxdata:speed>
    </extensions>
   </trkpt>
   <trkpt lat="51.0510119" lon="13.7314463">
    <ele>113</ele>
    <time>2026-08-04T19:39:20Z</time>
    <extensions>
     <gpxdata:hr>115</gpxdata:hr>
     <gpxdata:distance>27057.00</gpxdata:distance>
     <gpxdata:speed>5.456</gpxdata:speed>
    </extensions>
   </trkpt>
   <trkpt lat="51.0510049" lon="13.7313629">
    <ele>113</ele>
    <time>2026-08-04T19:39:21Z</time>
    <extensions>
     <gpxdata:hr>116</gpxdata:hr>
     <gpxdata:distance>27063.00</gpxdata:distance>
     <gpxdata:speed>5.578</gpxdata:speed>
    </extensions>
   </trkpt>
   <trkpt lat="51.0509985" lon="13.7312779">
    <ele>113</ele>
    <time>2026-08-04T19:39:22Z</time>
    <extensions>
     <gpxdata:hr>118</gpxdata:hr>
     <gpxdata:distance>27069.00</gpxdata:distance>
     <gpxdata:speed>5.703</gpxdata:speed>
    </extensions>
   </trkpt>
   <trkpt lat="51.0509928" lon="13.7311916">
    <ele>113</ele>
    <time>2026-08-04T19:39:23Z</time>
    <extensions>
     <gpxdata:hr>118</gpxdata:hr>
     <gpxdata:distance>27075.00</gpxdata:distance>
     <gpxdata:speed>5.817</gpxdata:speed>
    </extensions>
   </trkpt>
   <trkpt lat="51.0509876" lon="13.7311041">
    <ele>113</ele>
    <time>2026-08-04T19:39:24Z</time>
    <extensions>
     <gpxdata:hr>118</gpxdata:hr>
     <gpxdata:distance>27081.00</gpxdata:distance>
     <gpxdata:speed>5.919</gpxdata:speed>
    </extensions>
   </trkpt>
   <trkpt lat="51.0509810" lon="13.7309861">
    <ele>113</ele>
    <time>2026-08-04T19:39:25Z</time>
    <extensions>
     <gpxdata:hr>117</gpxdata:hr>
     <gpxdata:distance>27087.00</gpxdata:distance>
     <gpxdata:speed>6.011</gpxdata:speed>
    </extensions>
   </trkpt>
   <trkpt lat="51.0509752" lon="13.7308935">
    <ele>113</ele>
    <time>2026-08-04T19:39:26Z</time>
    <extensions>
     <gpxdata:hr>117</gpxdata:hr>
     <gpxdata:distance>27093.50</gpxdata:distance>
     <gpxdata:speed>6.092</gpxdata:speed>
    </extensions>
   </trkpt>
   <trkpt lat="51.0509692" lon="13.7308044">
    <ele>113</ele>
    <time>2026-08-04T19:39:27Z</time>
    <extensions>
     <gpxdata:hr>117</gpxdata:hr>
     <gpxdata:distance>27100.00</gpxdata:distance>
     <gpxdata:speed>6.147</gpxdata:speed>
    </extensions>
   </trkpt>
   <trkpt lat="51.0509629" lon="13.7307163">
    <ele>113</ele>
    <time>2026-08-04T19:39:28Z</time>
    <extensions>
     <gpxdata:hr>116</gpxdata:hr>
     <gpxdata:distance>27106.00</gpxdata:distance>
     <gpxdata:speed>6.175</gpxdata:speed>
    </extensions>
   </trkpt>
   <trkpt lat="51.0509562" lon="13.7306290">
    <ele>113</ele>
    <time>2026-08-04T19:39:29Z</time>
    <extensions>
     <gpxdata:hr>116</gpxdata:hr>
     <gpxdata:distance>27112.00</gpxdata:distance>
     <gpxdata:speed>6.183</gpxdata:speed>
    </extensions>
   </trkpt>
   <trkpt lat="51.0509498" lon="13.7305424">
    <ele>113</ele>
    <time>2026-08-04T19:39:30Z</time>
    <extensions>
     <gpxdata:hr>115</gpxdata:hr>
     <gpxdata:distance>27118.00</gpxdata:distance>
     <gpxdata:speed>6.172</gpxdata:speed>
    </extensions>
   </trkpt>
   <trkpt lat="51.0509444" lon="13.7304565">
    <ele>113</ele>
    <time>2026-08-04T19:39:31Z</time>
    <extensions>
     <gpxdata:hr>115</gpxdata:hr>
     <gpxdata:distance>27124.00</gpxdata:distance>
     <gpxdata:speed>6.150</gpxdata:speed>
    </extensions>
   </trkpt>
   <trkpt lat="51.0509397" lon="13.7303716">
    <ele>113</ele>
    <time>2026-08-04T19:39:32Z</time>
    <extensions>
     <gpxdata:hr>114</gpxdata:hr>
     <gpxdata:distance>27130.00</gpxdata:distance>
     <gpxdata:speed>6.111</gpxdata:speed>
    </extensions>
   </trkpt>
   <trkpt lat="51.0509350" lon="13.7302874">
    <ele>113</ele>
    <time>2026-08-04T19:39:33Z</time>
    <extensions>
     <gpxdata:hr>113</gpxdata:hr>
     <gpxdata:distance>27136.00</gpxdata:distance>
     <gpxdata:speed>6.061</gpxdata:speed>
    </extensions>
   </trkpt>
   <trkpt lat="51.0509306" lon="13.7302043">
    <ele>113</ele>
    <time>2026-08-04T19:39:34Z</time>
    <extensions>
     <gpxdata:hr>113</gpxdata:hr>
     <gpxdata:distance>27142.00</gpxdata:distance>
     <gpxdata:speed>6.014</gpxdata:speed>
    </extensions>
   </trkpt>
   <trkpt lat="51.0509260" lon="13.7301439">
    <ele>113</ele>
    <time>2026-08-04T19:39:35Z</time>
    <extensions>
     <gpxdata:hr>112</gpxdata:hr>
     <gpxdata:distance>27148.00</gpxdata:distance>
     <gpxdata:speed>5.947</gpxdata:speed>
    </extensions>
   </trkpt>
   <trkpt lat="51.0509200" lon="13.7300682">
    <ele>113</ele>
    <time>2026-08-04T19:39:36Z</time>
    <extensions>
     <gpxdata:hr>112</gpxdata:hr>
     <gpxdata:distance>27154.00</gpxdata:distance>
     <gpxdata:speed>5.936</gpxdata:speed>
    </extensions>
   </trkpt>
   <trkpt lat="51.0509136" lon="13.7299891">
    <ele>113</ele>
    <time>2026-08-04T19:39:37Z</time>
    <extensions>
     <gpxdata:hr>111</gpxdata:hr>
     <gpxdata:distance>27160.00</gpxdata:distance>
     <gpxdata:speed>5.875</gpxdata:speed>
    </extensions>
   </trkpt>
   <trkpt lat="51.0509056" lon="13.7299089">
    <ele>113</ele>
    <time>2026-08-04T19:39:38Z</time>
    <extensions>
     <gpxdata:hr>110</gpxdata:hr>
     <gpxdata:distance>27165.50</gpxdata:distance>
     <gpxdata:speed>5.800</gpxdata:speed>
    </extensions>
   </trkpt>
   <trkpt lat="51.0508963" lon="13.7298288">
    <ele>113</ele>
    <time>2026-08-04T19:39:39Z</time>
    <extensions>
     <gpxdata:hr>110</gpxdata:hr>
     <gpxdata:distance>27171.00</gpxdata:distance>
     <gpxdata:speed>5.778</gpxdata:speed>
    </extensions>
   </trkpt>
   <trkpt lat="51.0508869" lon="13.7297500">
    <ele>113</ele>
    <time>2026-08-04T19:39:40Z</time>
    <extensions>
     <gpxdata:hr>109</gpxdata:hr>
     <gpxdata:distance>27176.50</gpxdata:distance>
     <gpxdata:speed>5.756</gpxdata:speed>
    </extensions>
   </trkpt>
   <trkpt lat="51.0508766" lon="13.7296749">
    <ele>113</ele>
    <time>2026-08-04T19:39:41Z</time>
    <extensions>
     <gpxdata:hr>108</gpxdata:hr>
     <gpxdata:distance>27182.00</gpxdata:distance>
     <gpxdata:speed>5.686</gpxdata:speed>
    </extensions>
   </trkpt>
   <trkpt lat="51.0508707" lon="13.7296071">
    <ele>112</ele>
    <time>2026-08-04T19:39:42Z</time>
    <extensions>
     <gpxdata:hr>106</gpxdata:hr>
     <gpxdata:distance>27186.50</gpxdata:distance>
     <gpxdata:speed>5.547</gpxdata:speed>
    </extensions>
   </trkpt>
   <trkpt lat="51.0508705" lon="13.7295521">
    <ele>112</ele>
    <time>2026-08-04T19:39:43Z</time>
    <extensions>
     <gpxdata:hr>105</gpxdata:hr>
     <gpxdata:distance>27191.00</gpxdata:distance>
     <gpxdata:speed>5.206</gpxdata:speed>
    </extensions>
   </trkpt>
   <trkpt lat="51.0508777" lon="13.7294892">
    <ele>112</ele>
    <time>2026-08-04T19:39:44Z</time>
    <extensions>
     <gpxdata:hr>104</gpxdata:hr>
     <gpxdata:distance>27193.00</gpxdata:distance>
     <gpxdata:speed>4.622</gpxdata:speed>
    </extensions>
   </trkpt>
  </trkseg>
 </trk>
</gpx>
