<?xml version="1.0" encoding="UTF-8"?>
<gpx xmlns="http://www.topografix.com/GPX/1/1" xmlns:gpxdata="http://www.cluetrust.com/XML/GPXDATA/1/0" xmlns:xsi="http://www.w3.org/2001/XMLSchema-instance" xsi:schemaLocation="http://www.topografix.com/GPX/1/1 https://www.topografix.com/GPX/1/1/gpx.xsd http://www.cluetrust.com/XML/GPXDATA/1/0 https://www.cluetrust.com/Schemas/gpxdata10.xsd" creator="COROS Wearables" version="1.1">
 <metadata>
  <link href="https://www.coros.com">
   <text>COROS</text>
  </link>
  <time>2026-08-11T17:38:56Z</time>
 </metadata>
 <trk>
  <name>Rad</name>
  <type>cycling</type>
  <trkseg>
   <trkpt lat="51.0539980" lon="13.7491219">
    <ele>111</ele>
    <time>2026-08-11T17:38:56Z</time>
    <extensions>
     <gpxdata:hr>100</gpxdata:hr>
     <gpxdata:distance>0.00</gpxdata:distance>
    </extensions>
   </trkpt>
   <trkpt lat="51.0540133" lon="13.7491780">
    <ele>111</ele>
    <time>2026-08-11T17:38:57Z</time>
    <extensions>
     <gpxdata:hr>100</gpxdata:hr>
     <gpxdata:distance>0.00</gpxdata:distance>
    </extensions>
   </trkpt>
   <trkpt lat="51.0540314" lon="13.7492464">
    <ele>111</ele>
    <time>2026-08-11T17:38:58Z</time>
    <extensions>
     <gpxdata:hr>101</gpxdata:hr>
     <gpxdata:distance>0.00</gpxdata:distance>
    </extensions>
   </trkpt>
   <trkpt lat="51.0540516" lon="13.7493228">
    <ele>110</ele>
    <time>2026-08-11T17:38:59Z</time>
    <extensions>
     <gpxdata:hr>101</gpxdata:hr>
     <gpxdata:distance>11.50</gpxdata:distance>
    </extensions>
   </trkpt>
   <trkpt lat="51.0540725" lon="13.7494037">
    <ele>111</ele>
    <time>2026-08-11T17:39:00Z</time>
    <extensions>
     <gpxdata:hr>100</gpxdata:hr>
     <gpxdata:distance>23.00</gpxdata:distance>
     <gpxdata:speed>6.256</gpxdata:speed>
    </extensions>
   </trkpt>
   <trkpt lat="51.0540942" lon="13.7494876">
    <ele>111</ele>
    <time>2026-08-11T17:39:01Z</time>
    <extensions>
     <gpxdata:hr>101</gpxdata:hr>
     <gpxdata:distance>29.50</gpxdata:distance>
     <gpxdata:speed>6.275</gpxdata:speed>
    </extensions>
   </trkpt>
   <trkpt lat="51.0541166" lon="13.7495733">
    <ele>112</ele>
    <time>2026-08-11T17:39:02Z</time>
    <extensions>
     <gpxdata:hr>101</gpxdata:hr>
     <gpxdata:distance>36.00</gpxdata:distance>
     <gpxdata:speed>6.319</gpxdata:speed>
    </extensions>
   </trkpt>
   <trkpt lat="51.0541398" lon="13.7496604">
    <ele>111</ele>
    <time>2026-08-11T17:39:03Z</time>
    <extensions>
     <gpxdata:hr>102</gpxdata:hr>
     <gpxdata:distance>43.00</gpxdata:distance>
     <gpxdata:speed>6.406</gpxdata:speed>
    </extensions>
   </trkpt>
   <trkpt lat="51.0541636" lon="13.7497481">
    <ele>112</ele>
    <time>2026-08-11T17:39:04Z</time>
    <extensions>
     <gpxdata:hr>104</gpxdata:hr>
     <gpxdata:distance>50.00</gpxdata:distance>
     <gpxdata:speed>6.508</gpxdata:speed>
    </extensions>
   </trkpt>
   <trkpt lat="51.0541891" lon="13.7498356">
    <ele>112</ele>
    <time>2026-08-11T17:39:05Z</time>
    <extensions>
     <gpxdata:hr>106</gpxdata:hr>
     <gpxdata:distance>56.50</gpxdata:distance>
     <gpxdata:speed>6.597</gpxdata:speed>
    </extensions>
   </trkpt>
   <trkpt lat="51.0542167" lon="13.7499238">
    <ele>112</ele>
    <time>2026-08-11T17:39:06Z</time>
    <extensions>
     <gpxdata:hr>106</gpxdata:hr>
     <gpxdata:distance>63.00</gpxdata:distance>
     <gpxdata:speed>6.681</gpxdata:speed>
    </extensions>
   </trkpt>
   <trkpt lat="51.0542440" lon="13.7500158">
    <ele>112</ele>
    <time>2026-08-11T17:39:07Z</time>
    <extensions>
     <gpxdata:hr>107</gpxdata:hr>
     <gpxdata:distance>70.00</gpxdata:distance>
     <gpxdata:speed>6.817</gpxdata:speed>
    </extensions>
   </trkpt>
   <trkpt lat="51.0542692" lon="13.7501116">
    <ele>112</ele>
    <time>2026-08-11T17:39:08Z</time>
    <extensions>
     <gpxdata:hr>108</gpxdata:hr>
     <gpxdata:distance>77.00</gpxdata:distance>
     <gpxdata:speed>6.981</gpxdata:speed>
    </extensions>
   </trkpt>
   <trkpt lat="51.0542934" lon="13.7502092">
    <ele>112</ele>
    <time>2026-08-11T17:39:09Z</time>
    <extensions>
     <gpxdata:hr>108</gpxdata:hr>
     <gpxdata:distance>84.50</gpxdata:distance>
     <gpxdata:speed>7.117</gpxdata:speed>
    </extensions>
   </trkpt>
   <trkpt lat="51.0543185" lon="13.7503068">
    <ele>112</ele>
    <time>2026-08-11T17:39:10Z</time>
    <extensions>
     <gpxdata:hr>109</gpxdata:hr>
     <gpxdata:distance>92.00</gpxdata:distance>
     <gpxdata:speed>7.214</gpxdata:speed>
    </extensions>
   </trkpt>
   <trkpt lat="51.0543443" lon="13.7504034">
    <ele>112</ele>
    <time>2026-08-11T17:39:11Z</time>
    <extensions>
     <gpxdata:hr>109</gpxdata:hr>
     <gpxdata:distance>99.50</gpxdata:distance>
     <gpxdata:speed>7.278</gpxdata:speed>
    </extensions>
   </trkpt>
   <trkpt lat="51.0543708" lon="13.7505002">
    <ele>112</ele>
    <time>2026-08-11T17:39:12Z</time>
    <extensions>
     <gpxdata:hr>110</gpxdata:hr>
     <gpxdata:distance>107.00</gpxdata:distance>
     <gpxdata:speed>7.308</gpxdata:speed>
    </extensions>
   </trkpt>
   <trkpt lat="51.0543982" lon="13.7505973">
    <ele>112</ele>
    <time>2026-08-11T17:39:13Z</time>
    <extensions>
     <gpxdata:hr>110</gpxdata:hr>
     <gpxdata:distance>114.50</gpxdata:distance>
     <gpxdata:speed>7.333</gpxdata:speed>
    </extensions>
   </trkpt>
   <trkpt lat="51.0544259" lon="13.7506940">
    <ele>112</ele>
    <time>2026-08-11T17:39:14Z</time>
    <extensions>
     <gpxdata:hr>112</gpxdata:hr>
     <gpxdata:distance>122.00</gpxdata:distance>
     <gpxdata:speed>7.369</gpxdata:speed>
    </extensions>
   </trkpt>
   <trkpt lat="51.0544549" lon="13.7507897">
    <ele>112</ele>
    <time>2026-08-11T17:39:15Z</time>
    <extensions>
     <gpxdata:hr>114</gpxdata:hr>
     <gpxdata:distance>129.00</gpxdata:distance>
     <gpxdata:speed>7.394</gpxdata:speed>
    </extensions>
   </trkpt>
   <trkpt lat="51.0544852" lon="13.7508839">
    <ele>112</ele>
    <time>2026-08-11T17:39:16Z</time>
    <extensions>
     <gpxdata:hr>116</gpxdata:hr>
     <gpxdata:distance>136.00</gpxdata:distance>
     <gpxdata:speed>7.411</gpxdata:speed>
    </extensions>
   </trkpt>
   <trkpt lat="51.0545161" lon="13.7509762">
    <ele>112</ele>
    <time>2026-08-11T17:39:17Z</time>
    <extensions>
     <gpxdata:hr>118</gpxdata:hr>
     <gpxdata:distance>143.50</gpxdata:distance>
     <gpxdata:speed>7.419</gpxdata:speed>
    </extensions>
   </trkpt>
   <trkpt lat="51.0545475" lon="13.7510675">
    <ele>112</ele>
    <time>2026-08-11T17:39:18Z</time>
    <extensions>
     <gpxdata:hr>119</gpxdata:hr>
     <gpxdata:distance>151.00</gpxdata:distance>
     <gpxdata:speed>7.358</gpxdata:speed>
    </extensions>
   </trkpt>
   <trkpt lat="51.0545793" lon="13.7511577">
    <ele>112</ele>
    <time>2026-08-11T17:39:19Z</time>
    <extensions>
     <gpxdata:hr>120</gpxdata:hr>
     <gpxdata:distance>158.50</gpxdata:distance>
     <gpxdata:speed>7.331</gpxdata:speed>
    </extensions>
   </trkpt>
   <trkpt lat="51.0546112" lon="13.7512475">
    <ele>112</ele>
    <time>2026-08-11T17:39:20Z</time>
    <extensions>
     <gpxdata:hr>120</gpxdata:hr>
     <gpxdata:distance>166.00</gpxdata:distance>
     <gpxdata:speed>7.303</gpxdata:speed>
    </extensions>
   </trkpt>
   <trkpt lat="51.0546437" lon="13.7513372">
    <ele>112</ele>
    <time>2026-08-11T17:39:21Z</time>
    <extensions>
     <gpxdata:hr>121</gpxdata:hr>
     <gpxdata:distance>173.00</gpxdata:distance>
     <gpxdata:speed>7.283</gpxdata:speed>
    </extensions>
   </trkpt>
   <trkpt lat="51.0546763" lon="13.7514273">
    <ele>113</ele>
    <time>2026-08-11T17:39:22Z</time>
    <extensions>
     <gpxdata:hr>120</gpxdata:hr>
     <gpxdata:distance>180.00</gpxdata:distance>
     <gpxdata:speed>7.278</gpxdata:speed>
    </extensions>
   </trkpt>
   <trkpt lat="51.0547087" lon="13.7515186">
    <ele>113</ele>
    <time>2026-08-11T17:39:23Z</time>
    <extensions>
     <gpxdata:hr>121</gpxdata:hr>
     <gpxdata:distance>187.50</gpxdata:distance>
     <gpxdata:speed>7.278</gpxdata:speed>
    </extensions>
   </trkpt>
   <trkpt lat="51.0547412" lon="13.7516114">
    <ele>113</ele>
    <time>2026-08-11T17:39:24Z</time>
    <extensions>
     <gpxdata:hr>121</gpxdata:hr>
     <gpxdata:distance>195.00</gpxdata:distance>
     <gpxdata:speed>7.294</gpxdata:speed>
    </extensions>
   </trkpt>
   <trkpt lat="51.0547736" lon="13.7517062">
    <ele>113</ele>
    <time>2026-08-11T17:39:25Z</time>
    <extensions>
     <gpxdata:hr>121</gpxdata:hr>
     <gpxdata:distance>202.50</gpxdata:distance>
     <gpxdata:speed>7.331</gpxdata:speed>
    </extensions>
   </trkpt>
   <trkpt lat="51.0548066" lon="13.7518026">
    <ele>113</ele>
    <time>2026-08-11T17:39:26Z</time>
    <extensions>
     <gpxdata:hr>121</gpxdata:hr>
     <gpxdata:distance>210.00</gpxdata:distance>
     <gpxdata:speed>7.386</gpxdata:speed>
    </extensions>
   </trkpt>
   <trkpt lat="51.0548403" lon="13.7519004">
    <ele>112</ele>
    <time>2026-08-11T17:39:27Z</time>
    <extensions>
     <gpxdata:hr>121</gpxdata:hr>
     <gpxdata:distance>218.00</gpxdata:distance>
     <gpxdata:speed>7.464</gpxdata:speed>
    </extensions>
   </trkpt>
   <trkpt lat="51.0548747" lon="13.7519998">
    <ele>112</ele>
    <time>2026-08-11T17:39:28Z</time>
    <extensions>
     <gpxdata:hr>122</gpxdata:hr>
     <gpxdata:distance>226.00</gpxdata:distance>
     <gpxdata:speed>7.553</gpxdata:speed>
    </extensions>
   </trkpt>
   <trkpt lat="51.0549083" lon="13.7521000">
    <ele>112</ele>
    <time>2026-08-11T17:39:29Z</time>
    <extensions>
     <gpxdata:hr>122</gpxdata:hr>
     <gpxdata:distance>233.50</gpxdata:distance>
     <gpxdata:speed>7.653</gpxdata:speed>
    </extensions>
   </trkpt>
   <trkpt lat="51.0549422" lon="13.7521995">
    <ele>112</ele>
    <time>2026-08-11T17:39:30Z</time>
    <extensions>
     <gpxdata:hr>123</gpxdata:hr>
     <gpxdata:distance>241.00</gpxdata:distance>
     <gpxdata:speed>7.733</gpxdata:speed>
    </extensions>
   </trkpt>
   <trkpt lat="51.0549776" lon="13.7522984">
    <ele>112</ele>
    <time>2026-08-11T17:39:31Z</time>
    <extensions>
     <gpxdata:hr>123</gpxdata:hr>
     <gpxdata:distance>249.00</gpxdata:distance>
     <gpxdata:speed>7.797</gpxdata:speed>
    </extensions>
   </trkpt>
   <trkpt lat="51.0550141" lon="13.7523976">
    <ele>112</ele>
    <time>2026-08-11T17:39:32Z</time>
    <extensions>
     <gpxdata:hr>124</gpxdata:hr>
     <gpxdata:distance>257.00</gpxdata:distance>
     <gpxdata:speed>7.883</gpxdata:speed>
    </extensions>
   </trkpt>
   <trkpt lat="51.0550518" lon="13.7524967">
    <ele>112</ele>
    <time>2026-08-11T17:39:33Z</time>
    <extensions>
     <gpxdata:hr>124</gpxdata:hr>
     <gpxdata:distance>265.50</gpxdata:distance>
     <gpxdata:speed>7.983</gpxdata:speed>
    </extensions>
   </trkpt>
   <trkpt lat="51.0550900" lon="13.7525959">
    <ele>112</ele>
    <time>2026-08-11T17:39:34Z</time>
    <extensions>
     <gpxdata:hr>123</gpxdata:hr>
     <gpxdata:distance>274.00</gpxdata:distance>
     <gpxdata:speed>8.053</gpxdata:speed>
    </extensions>
   </trkpt>
   <trkpt lat="51.0551281" lon="13.7526948">
    <ele>112</ele>
    <time>2026-08-11T17:39:35Z</time>
    <extensions>
     <gpxdata:hr>125</gpxdata:hr>
     <gpxdata:distance>282.00</gpxdata:distance>
     <gpxdata:speed>8.097</gpxdata:speed>
    </extensions>
   </trkpt>
   <trkpt lat="51.0551650" lon="13.7527941">
    <ele>112</ele>
    <time>2026-08-11T17:39:36Z</time>
    <extensions>
     <gpxdata:hr>125</gpxdata:hr>
     <gpxdata:distance>290.00</gpxdata:distance>
     <gpxdata:speed>8.103</gpxdata:speed>
    </extensions>
   </trkpt>
   <trkpt lat="51.0552013" lon="13.7528939">
    <ele>112</ele>
    <time>2026-08-11T17:39:37Z</time>
    <extensions>
     <gpxdata:hr>126</gpxdata:hr>
     <gpxdata:distance>298.00</gpxdata:distance>
     <gpxdata:speed>8.094</gpxdata:speed>
    </extensions>
   </trkpt>
   <trkpt lat="51.0552370" lon="13.7529936">
    <ele>112</ele>
    <time>2026-08-11T17:39:38Z</time>
    <extensions>
     <gpxdata:hr>127</gpxdata:hr>
     <gpxdata:distance>306.00</gpxdata:distance>
     <gpxdata:speed>8.086</gpxdata:speed>
    </extensions>
   </trkpt>
   <trkpt lat="51.0552729" lon="13.7530930">
    <ele>112</ele>
    <time>2026-08-11T17:39:39Z</time>
    <extensions>
     <gpxdata:hr>127</gpxdata:hr>
     <gpxdata:distance>314.00</gpxdata:distance>
     <gpxdata:speed>8.072</gpxdata:speed>
    </extensions>
   </trkpt>
   <trkpt lat="51.0553088" lon="13.7531924">
    <ele>112</ele>
    <time>2026-08-11T17:39:40Z</time>
    <extensions>
     <gpxdata:hr>127</gpxdata:hr>
     <gpxdata:distance>322.00</gpxdata:distance>
     <gpxdata:speed>8.061</gpxdata:speed>
    </extensions>
   </trkpt>
   <trkpt lat="51.0553445" lon="13.7532911">
    <ele>112</ele>
    <time>2026-08-11T17:39:41Z</time>
    <extensions>
     <gpxdata:hr>126</gpxdata:hr>
     <gpxdata:distance>330.00</gpxdata:distance>
     <gpxdata:speed>8.050</gpxdata:speed>
    </extensions>
   </trkpt>
   <trkpt lat="51.0553813" lon="13.7533882">
    <ele>112</ele>
    <time>2026-08-11T17:39:42Z</time>
    <extensions>
     <gpxdata:hr>126</gpxdata:hr>
     <gpxdata:distance>338.00</gpxdata:distance>
     <gpxdata:speed>8.022</gpxdata:speed>
    </extensions>
   </trkpt>
   <trkpt lat="51.0554179" lon="13.7534832">
    <ele>112</ele>
    <time>2026-08-11T17:39:43Z</time>
    <extensions>
     <gpxdata:hr>126</gpxdata:hr>
     <gpxdata:distance>345.50</gpxdata:distance>
     <gpxdata:speed>8.000</gpxdata:speed>
    </extensions>
   </trkpt>
   <trkpt lat="51.0554541" lon="13.7535758">
    <ele>111</ele>
    <time>2026-08-11T17:39:44Z</time>
    <extensions>
     <gpxdata:hr>126</gpxdata:hr>
     <gpxdata:distance>353.00</gpxdata:distance>
     <gpxdata:speed>7.931</gpxdata:speed>
    </extensions>
   </trkpt>
   <trkpt lat="51.0554895" lon="13.7536670">
    <ele>110</ele>
    <time>2026-08-11T17:39:45Z</time>
    <extensions>
     <gpxdata:hr>126</gpxdata:hr>
     <gpxdata:distance>360.50</gpxdata:distance>
     <gpxdata:speed>7.836</gpxdata:speed>
    </extensions>
   </trkpt>
   <trkpt lat="51.0555249" lon="13.7537572">
    <ele>110</ele>
    <time>2026-08-11T17:39:46Z</time>
    <extensions>
     <gpxdata:hr>126</gpxdata:hr>
     <gpxdata:distance>368.00</gpxdata:distance>
     <gpxdata:speed>7.733</gpxdata:speed>
    </extensions>
   </trkpt>
   <trkpt lat="51.0555624" lon="13.7538476">
    <ele>110</ele>
    <time>2026-08-11T17:39:47Z</time>
    <extensions>
     <gpxdata:hr>126</gpxdata:hr>
     <gpxdata:distance>376.00</gpxdata:distance>
     <gpxdata:speed>7.647</gpxdata:speed>
    </extensions>
   </trkpt>
   <trkpt lat="51.0556007" lon="13.7539396">
    <ele>110</ele>
    <time>2026-08-11T17:39:48Z</time>
    <extensions>
     <gpxdata:hr>125</gpxdata:hr>
     <gpxdata:distance>384.00</gpxdata:distance>
     <gpxdata:speed>7.636</gpxdata:speed>
    </extensions>
   </trkpt>
   <trkpt lat="51.0556380" lon="13.7540350">
    <ele>109</ele>
    <time>2026-08-11T17:39:49Z</time>
    <extensions>
     <gpxdata:hr>124</gpxdata:hr>
     <gpxdata:distance>391.50</gpxdata:distance>
     <gpxdata:speed>7.667</gpxdata:speed>
    </extensions>
   </trkpt>
   <trkpt lat="51.0556744" lon="13.7541329">
    <ele>109</ele>
    <time>2026-08-11T17:39:50Z</time>
    <extensions>
     <gpxdata:hr>123</gpxdata:hr>
     <gpxdata:distance>399.00</gpxdata:distance>
     <gpxdata:speed>7.725</gpxdata:speed>
    </extensions>
   </trkpt>
   <trkpt lat="51.0557117" lon="13.7542308">
    <ele>109</ele>
    <time>2026-08-11T17:39:51Z</time>
    <extensions>
     <gpxdata:hr>122</gpxdata:hr>
     <gpxdata:distance>407.00</gpxdata:distance>
     <gpxdata:speed>7.794</gpxdata:speed>
    </extensions>
   </trkpt>
   <trkpt lat="51.0557500" lon="13.7543274">
    <ele>109</ele>
    <time>2026-08-11T17:39:52Z</time>
    <extensions>
     <gpxdata:hr>122</gpxdata:hr>
     <gpxdata:distance>415.00</gpxdata:distance>
     <gpxdata:speed>7.850</gpxdata:speed>
    </extensions>
   </trkpt>
   <trkpt lat="51.0557891" lon="13.7544226">
    <ele>109</ele>
    <time>2026-08-11T17:39:53Z</time>
    <extensions>
     <gpxdata:hr>122</gpxdata:hr>
     <gpxdata:distance>423.00</gpxdata:distance>
     <gpxdata:speed>7.889</gpxdata:speed>
    </extensions>
   </trkpt>
   <trkpt lat="51.0558282" lon="13.7545164">
    <ele>109</ele>
    <time>2026-08-11T17:39:54Z</time>
    <extensions>
     <gpxdata:hr>122</gpxdata:hr>
     <gpxdata:distance>431.00</gpxdata:distance>
     <gpxdata:speed>7.903</gpxdata:speed>
    </extensions>
   </trkpt>
   <trkpt lat="51.0558668" lon="13.7546103">
    <ele>109</ele>
    <time>2026-08-11T17:39:55Z</time>
    <extensions>
     <gpxdata:hr>122</gpxdata:hr>
     <gpxdata:distance>439.00</gpxdata:distance>
     <gpxdata:speed>7.894</gpxdata:speed>
    </extensions>
   </trkpt>
   <trkpt lat="51.0559044" lon="13.7547054">
    <ele>109</ele>
    <time>2026-08-11T17:39:56Z</time>
    <extensions>
     <gpxdata:hr>123</gpxdata:hr>
     <gpxdata:distance>447.00</gpxdata:distance>
     <gpxdata:speed>7.886</gpxdata:speed>
    </extensions>
   </trkpt>
   <trkpt lat="51.0559429" lon="13.7548014">
    <ele>109</ele>
    <time>2026-08-11T17:39:57Z</time>
    <extensions>
     <gpxdata:hr>123</gpxdata:hr>
     <gpxdata:distance>455.00</gpxdata:distance>
     <gpxdata:speed>7.886</gpxdata:speed>
    </extensions>
   </trkpt>
   <trkpt lat="51.0559822" lon="13.7548978">
    <ele>108</ele>
    <time>2026-08-11T17:39:58Z</time>
    <extensions>
     <gpxdata:hr>123</gpxdata:hr>
     <gpxdata:distance>463.00</gpxdata:distance>
     <gpxdata:speed>7.931</gpxdata:speed>
    </extensions>
   </trkpt>
   <trkpt lat="51.0560231" lon="13.7549941">
    <ele>108</ele>
    <time>2026-08-11T17:39:59Z</time>
    <extensions>
     <gpxdata:hr>124</gpxdata:hr>
     <gpxdata:distance>471.00</gpxdata:distance>
     <gpxdata:speed>7.964</gpxdata:speed>
    </extensions>
   </trkpt>
   <trkpt lat="51.0560659" lon="13.7550896">
    <ele>109</ele>
    <time>2026-08-11T17:40:00Z</time>
    <extensions>
     <gpxdata:hr>124</gpxdata:hr>
     <gpxdata:distance>479.00</gpxdata:distance>
     <gpxdata:speed>8.022</gpxdata:speed>
    </extensions>
   </trkpt>
   <trkpt lat="51.0561093" lon="13.7551856">
    <ele>109</ele>
    <time>2026-08-11T17:40:01Z</time>
    <extensions>
     <gpxdata:hr>123</gpxdata:hr>
     <gpxdata:distance>487.50</gpxdata:distance>
     <gpxdata:speed>8.078</gpxdata:speed>
    </extensions>
   </trkpt>
   <trkpt lat="51.0561513" lon="13.7552848">
    <ele>109</ele>
    <time>2026-08-11T17:40:02Z</time>
    <extensions>
     <gpxdata:hr>123</gpxdata:hr>
     <gpxdata:distance>496.00</gpxdata:distance>
     <gpxdata:speed>8.139</gpxdata:speed>
    </extensions>
   </trkpt>
   <trkpt lat="51.0561924" lon="13.7553867">
    <ele>109</ele>
    <time>2026-08-11T17:40:03Z</time>
    <extensions>
     <gpxdata:hr>123</gpxdata:hr>
     <gpxdata:distance>504.50</gpxdata:distance>
     <gpxdata:speed>8.217</gpxdata:speed>
    </extensions>
   </trkpt>
   <trkpt lat="51.0562338" lon="13.7554890">
    <ele>109</ele>
    <time>2026-08-11T17:40:04Z</time>
    <extensions>
     <gpxdata:hr>123</gpxdata:hr>
     <gpxdata:distance>513.00</gpxdata:distance>
     <gpxdata:speed>8.306</gpxdata:speed>
    </extensions>
   </trkpt>
   <trkpt lat="51.0562756" lon="13.7555902">
    <ele>109</ele>
    <time>2026-08-11T17:40:05Z</time>
    <extensions>
     <gpxdata:hr>123</gpxdata:hr>
     <gpxdata:distance>521.50</gpxdata:distance>
     <gpxdata:speed>8.367</gpxdata:speed>
    </extensions>
   </trkpt>
   <trkpt lat="51.0563187" lon="13.7556894">
    <ele>109</ele>
    <time>2026-08-11T17:40:06Z</time>
    <extensions>
     <gpxdata:hr>124</gpxdata:hr>
     <gpxdata:distance>530.00</gpxdata:distance>
     <gpxdata:speed>8.397</gpxdata:speed>
    </extensions>
   </trkpt>
   <trkpt lat="51.0563619" lon="13.7557866">
    <ele>109</ele>
    <time>2026-08-11T17:40:07Z</time>
    <extensions>
     <gpxdata:hr>125</gpxdata:hr>
     <gpxdata:distance>538.00</gpxdata:distance>
     <gpxdata:speed>8.417</gpxdata:speed>
    </extensions>
   </trkpt>
   <trkpt lat="51.0564045" lon="13.7558832">
    <ele>109</ele>
    <time>2026-08-11T17:40:08Z</time>
    <extensions>
     <gpxdata:hr>126</gpxdata:hr>
     <gpxdata:distance>546.00</gpxdata:distance>
     <gpxdata:speed>8.392</gpxdata:speed>
    </extensions>
   </trkpt>
   <trkpt lat="51.0564470" lon="13.7559800">
    <ele>109</ele>
    <time>2026-08-11T17:40:09Z</time>
    <extensions>
     <gpxdata:hr>127</gpxdata:hr>
     <gpxdata:distance>554.50</gpxdata:distance>
     <gpxdata:speed>8.364</gpxdata:speed>
    </extensions>
   </trkpt>
   <trkpt lat="51.0564899" lon="13.7560768">
    <ele>109</ele>
    <time>2026-08-11T17:40:10Z</time>
    <extensions>
     <gpxdata:hr>129</gpxdata:hr>
     <gpxdata:distance>563.00</gpxdata:distance>
     <gpxdata:speed>8.342</gpxdata:speed>
    </extensions>
   </trkpt>
   <trkpt lat="51.0565332" lon="13.7561729">
    <ele>109</ele>
    <time>2026-08-11T17:40:11Z</time>
    <extensions>
     <gpxdata:hr>130</gpxdata:hr>
     <gpxdata:distance>571.00</gpxdata:distance>
     <gpxdata:speed>8.328</gpxdata:speed>
    </extensions>
   </trkpt>
   <trkpt lat="51.0565766" lon="13.7562695">
    <ele>109</ele>
    <time>2026-08-11T17:40:12Z</time>
    <extensions>
     <gpxdata:hr>131</gpxdata:hr>
     <gpxdata:distance>579.00</gpxdata:distance>
     <gpxdata:speed>8.311</gpxdata:speed>
    </extensions>
   </trkpt>
   <trkpt lat="51.0566209" lon="13.7563671">
    <ele>109</ele>
    <time>2026-08-11T17:40:13Z</time>
    <extensions>
     <gpxdata:hr>131</gpxdata:hr>
     <gpxdata:distance>587.50</gpxdata:distance>
     <gpxdata:speed>8.308</gpxdata:speed>
    </extensions>
   </trkpt>
   <trkpt lat="51.0566663" lon="13.7564650">
    <ele>109</ele>
    <time>2026-08-11T17:40:14Z</time>
    <extensions>
     <gpxdata:hr>131</gpxdata:hr>
     <gpxdata:distance>596.00</gpxdata:distance>
     <gpxdata:speed>8.353</gpxdata:speed>
    </extensions>
   </trkpt>
   <trkpt lat="51.0567119" lon="13.7565628">
    <ele>109</ele>
    <time>2026-08-11T17:40:15Z</time>
    <extensions>
     <gpxdata:hr>131</gpxdata:hr>
     <gpxdata:distance>604.50</gpxdata:distance>
     <gpxdata:speed>8.400</gpxdata:speed>
    </extensions>
   </trkpt>
   <trkpt lat="51.0567577" lon="13.7566612">
    <ele>109</ele>
    <time>2026-08-11T17:40:16Z</time>
    <extensions>
     <gpxdata:hr>131</gpxdata:hr>
     <gpxdata:distance>613.00</gpxdata:distance>
     <gpxdata:speed>8.433</gpxdata:speed>
    </extensions>
   </trkpt>
   <trkpt lat="51.0568035" lon="13.7567597">
    <ele>109</ele>
    <time>2026-08-11T17:40:17Z</time>
    <extensions>
     <gpxdata:hr>130</gpxdata:hr>
     <gpxdata:distance>621.50</gpxdata:distance>
     <gpxdata:speed>8.475</gpxdata:speed>
    </extensions>
   </trkpt>
   <trkpt lat="51.0568501" lon="13.7568573">
    <ele>109</ele>
    <time>2026-08-11T17:40:18Z</time>
    <extensions>
     <gpxdata:hr>131</gpxdata:hr>
     <gpxdata:distance>630.00</gpxdata:distance>
     <gpxdata:speed>8.506</gpxdata:speed>
    </extensions>
   </trkpt>
   <trkpt lat="51.0568973" lon="13.7569540">
    <ele>109</ele>
    <time>2026-08-11T17:40:19Z</time>
    <extensions>
     <gpxdata:hr>131</gpxdata:hr>
     <gpxdata:distance>639.00</gpxdata:distance>
     <gpxdata:speed>8.525</gpxdata:speed>
    </extensions>
   </trkpt>
   <trkpt lat="51.0569443" lon="13.7570498">
    <ele>109</ele>
    <time>2026-08-11T17:40:20Z</time>
    <extensions>
     <gpxdata:hr>131</gpxdata:hr>
     <gpxdata:distance>648.00</gpxdata:distance>
     <gpxdata:speed>8.542</gpxdata:speed>
    </extensions>
   </trkpt>
   <trkpt lat="51.0569906" lon="13.7571450">
    <ele>109</ele>
    <time>2026-08-11T17:40:21Z</time>
    <extensions>
     <gpxdata:hr>131</gpxdata:hr>
     <gpxdata:distance>656.00</gpxdata:distance>
     <gpxdata:speed>8.522</gpxdata:speed>
    </extensions>
   </trkpt>
   <trkpt lat="51.0570363" lon="13.7572397">
    <ele>109</ele>
    <time>2026-08-11T17:40:22Z</time>
    <extensions>
     <gpxdata:hr>131</gpxdata:hr>
     <gpxdata:distance>664.00</gpxdata:distance>
     <gpxdata:speed>8.486</gpxdata:speed>
    </extensions>
   </trkpt>
   <trkpt lat="51.0570816" lon="13.7573343">
    <ele>109</ele>
    <time>2026-08-11T17:40:23Z</time>
    <extensions>
     <gpxdata:hr>132</gpxdata:hr>
     <gpxdata:distance>672.50</gpxdata:distance>
     <gpxdata:speed>8.439</gpxdata:speed>
    </extensions>
   </trkpt>
   <trkpt lat="51.0571264" lon="13.7574287">
    <ele>109</ele>
    <time>2026-08-11T17:40:24Z</time>
    <extensions>
     <gpxdata:hr>131</gpxdata:hr>
     <gpxdata:distance>681.00</gpxdata:distance>
     <gpxdata:speed>8.400</gpxdata:speed>
    </extensions>
   </trkpt>
   <trkpt lat="51.0571711" lon="13.7575221">
    <ele>109</ele>
    <time>2026-08-11T17:40:25Z</time>
    <extensions>
     <gpxdata:hr>131</gpxdata:hr>
     <gpxdata:distance>689.00</gpxdata:distance>
     <gpxdata:speed>8.358</gpxdata:speed>
    </extensions>
   </trkpt>
   <trkpt lat="51.0572157" lon="13.7576155">
    <ele>109</ele>
    <time>2026-08-11T17:40:26Z</time>
    <extensions>
     <gpxdata:hr>131</gpxdata:hr>
     <gpxdata:distance>697.00</gpxdata:distance>
     <gpxdata:speed>8.306</gpxdata:speed>
    </extensions>
   </trkpt>
   <trkpt lat="51.0572603" lon="13.7577092">
    <ele>109</ele>
    <time>2026-08-11T17:40:27Z</time>
    <extensions>
     <gpxdata:hr>130</gpxdata:hr>
     <gpxdata:distance>705.50</gpxdata:distance>
     <gpxdata:speed>8.275</gpxdata:speed>
    </extensions>
   </trkpt>
   <trkpt lat="51.0573046" lon="13.7578029">
    <ele>109</ele>
    <time>2026-08-11T17:40:28Z</time>
    <extensions>
     <gpxdata:hr>129</gpxdata:hr>
     <gpxdata:distance>714.00</gpxdata:distance>
     <gpxdata:speed>8.261</gpxdata:speed>
    </extensions>
   </trkpt>
   <trkpt lat="51.0573492" lon="13.7578961">
    <ele>109</ele>
    <time>2026-08-11T17:40:29Z</time>
    <extensions>
     <gpxdata:hr>128</gpxdata:hr>
     <gpxdata:distance>722.00</gpxdata:distance>
     <gpxdata:speed>8.239</gpxdata:speed>
    </extensions>
   </trkpt>
   <trkpt lat="51.0573944" lon="13.7579890">
    <ele>109</ele>
    <time>2026-08-11T17:40:30Z</time>
    <extensions>
     <gpxdata:hr>128</gpxdata:hr>
     <gpxdata:distance>730.00</gpxdata:distance>
     <gpxdata:speed>8.225</gpxdata:speed>
    </extensions>
   </trkpt>
   <trkpt lat="51.0574396" lon="13.7580818">
    <ele>109</ele>
    <time>2026-08-11T17:40:31Z</time>
    <extensions>
     <gpxdata:hr>128</gpxdata:hr>
     <gpxdata:distance>738.50</gpxdata:distance>
     <gpxdata:speed>8.222</gpxdata:speed>
    </extensions>
   </trkpt>
   <trkpt lat="51.0574845" lon="13.7581745">
    <ele>109</ele>
    <time>2026-08-11T17:40:32Z</time>
    <extensions>
     <gpxdata:hr>128</gpxdata:hr>
     <gpxdata:distance>747.00</gpxdata:distance>
     <gpxdata:speed>8.219</gpxdata:speed>
    </extensions>
   </trkpt>
   <trkpt lat="51.0575290" lon="13.7582662">
    <ele>109</ele>
    <time>2026-08-11T17:40:33Z</time>
    <extensions>
     <gpxdata:hr>129</gpxdata:hr>
     <gpxdata:distance>755.00</gpxdata:distance>
     <gpxdata:speed>8.206</gpxdata:speed>
    </extensions>
   </trkpt>
   <trkpt lat="51.0575736" lon="13.7583569">
    <ele>109</ele>
    <time>2026-08-11T17:40:34Z</time>
    <extensions>
     <gpxdata:hr>129</gpxdata:hr>
     <gpxdata:distance>763.00</gpxdata:distance>
     <gpxdata:speed>8.167</gpxdata:speed>
    </extensions>
   </trkpt>
   <trkpt lat="51.0576184" lon="13.7584475">
    <ele>109</ele>
    <time>2026-08-11T17:40:35Z</time>
    <extensions>
     <gpxdata:hr>129</gpxdata:hr>
     <gpxdata:distance>771.00</gpxdata:distance>
     <gpxdata:speed>8.128</gpxdata:speed>
    </extensions>
   </trkpt>
   <trkpt lat="51.0576629" lon="13.7585389">
    <ele>109</ele>
    <time>2026-08-11T17:40:36Z</time>
    <extensions>
     <gpxdata:hr>129</gpxdata:hr>
     <gpxdata:distance>779.00</gpxdata:distance>
     <gpxdata:speed>8.111</gpxdata:speed>
    </extensions>
   </trkpt>
   <trkpt lat="51.0577070" lon="13.7586308">
    <ele>109</ele>
    <time>2026-08-11T17:40:37Z</time>
    <extensions>
     <gpxdata:hr>128</gpxdata:hr>
     <gpxdata:distance>787.00</gpxdata:distance>
     <gpxdata:speed>8.106</gpxdata:speed>
    </extensions>
   </trkpt>
   <trkpt lat="51.0577509" lon="13.7587230">
    <ele>109</ele>
    <time>2026-08-11T17:40:38Z</time>
    <extensions>
     <gpxdata:hr>128</gpxdata:hr>
     <gpxdata:distance>795.00</gpxdata:distance>
     <gpxdata:speed>8.100</gpxdata:speed>
    </extensions>
   </trkpt>
   <trkpt lat="51.0577950" lon="13.7588148">
    <ele>109</ele>
    <time>2026-08-11T17:40:39Z</time>
    <extensions>
     <gpxdata:hr>128</gpxdata:hr>
     <gpxdata:distance>803.00</gpxdata:distance>
     <gpxdata:speed>8.100</gpxdata:speed>
    </extensions>
   </trkpt>
   <trkpt lat="51.0578385" lon="13.7589061">
    <ele>109</ele>
    <time>2026-08-11T17:40:40Z</time>
    <extensions>
     <gpxdata:hr>127</gpxdata:hr>
     <gpxdata:distance>811.00</gpxdata:distance>
     <gpxdata:speed>8.089</gpxdata:speed>
    </extensions>
   </trkpt>
   <trkpt lat="51.0578816" lon="13.7589971">
    <ele>109</ele>
    <time>2026-08-11T17:40:41Z</time>
    <extensions>
     <gpxdata:hr>128</gpxdata:hr>
     <gpxdata:distance>819.00</gpxdata:distance>
     <gpxdata:speed>8.061</gpxdata:speed>
    </extensions>
   </trkpt>
   <trkpt lat="51.0579247" lon="13.7590876">
    <ele>109</ele>
    <time>2026-08-11T17:40:42Z</time>
    <extensions>
     <gpxdata:hr>127</gpxdata:hr>
     <gpxdata:distance>827.00</gpxdata:distance>
     <gpxdata:speed>8.031</gpxdata:speed>
    </extensions>
   </trkpt>
   <trkpt lat="51.0579686" lon="13.7591767">
    <ele>109</ele>
    <time>2026-08-11T17:40:43Z</time>
    <extensions>
     <gpxdata:hr>126</gpxdata:hr>
     <gpxdata:distance>835.00</gpxdata:distance>
     <gpxdata:speed>7.997</gpxdata:speed>
    </extensions>
   </trkpt>
   <trkpt lat="51.0580151" lon="13.7592625">
    <ele>109</ele>
    <time>2026-08-11T17:40:44Z</time>
    <extensions>
     <gpxdata:hr>126</gpxdata:hr>
     <gpxdata:distance>843.00</gpxdata:distance>
     <gpxdata:speed>7.975</gpxdata:speed>
    </extensions>
   </trkpt>
   <trkpt lat="51.0580645" lon="13.7593452">
    <ele>109</ele>
    <time>2026-08-11T17:40:45Z</time>
    <extensions>
     <gpxdata:hr>126</gpxdata:hr>
     <gpxdata:distance>851.00</gpxdata:distance>
     <gpxdata:speed>7.961</gpxdata:speed>
    </extensions>
   </trkpt>
   <trkpt lat="51.0581145" lon="13.7594281">
    <ele>109</ele>
    <time>2026-08-11T17:40:46Z</time>
    <extensions>
     <gpxdata:hr>125</gpxdata:hr>
     <gpxdata:distance>859.00</gpxdata:distance>
     <gpxdata:speed>7.975</gpxdata:speed>
    </extensions>
   </trkpt>
   <trkpt lat="51.0581636" lon="13.7595135">
    <ele>109</ele>
    <time>2026-08-11T17:40:47Z</time>
    <extensions>
     <gpxdata:hr>125</gpxdata:hr>
     <gpxdata:distance>867.00</gpxdata:distance>
     <gpxdata:speed>8.000</gpxdata:speed>
    </extensions>
   </trkpt>
   <trkpt lat="51.0582112" lon="13.7596026">
    <ele>109</ele>
    <time>2026-08-11T17:40:48Z</time>
    <extensions>
     <gpxdata:hr>125</gpxdata:hr>
     <gpxdata:distance>875.00</gpxdata:distance>
     <gpxdata:speed>8.036</gpxdata:speed>
    </extensions>
   </trkpt>
   <trkpt lat="51.0582585" lon="13.7596955">
    <ele>109</ele>
    <time>2026-08-11T17:40:49Z</time>
    <extensions>
     <gpxdata:hr>124</gpxdata:hr>
     <gpxdata:distance>883.50</gpxdata:distance>
     <gpxdata:speed>8.089</gpxdata:speed>
    </extensions>
   </trkpt>
   <trkpt lat="51.0583064" lon="13.7597916">
    <ele>109</ele>
    <time>2026-08-11T17:40:50Z</time>
    <extensions>
     <gpxdata:hr>125</gpxdata:hr>
     <gpxdata:distance>892.00</gpxdata:distance>
     <gpxdata:speed>8.192</gpxdata:speed>
    </extensions>
   </trkpt>
   <trkpt lat="51.0583554" lon="13.7598903">
    <ele>109</ele>
    <time>2026-08-11T17:40:51Z</time>
    <extensions>
     <gpxdata:hr>125</gpxdata:hr>
     <gpxdata:distance>901.00</gpxdata:distance>
     <gpxdata:speed>8.339</gpxdata:speed>
    </extensions>
   </trkpt>
   <trkpt lat="51.0584055" lon="13.7599910">
    <ele>110</ele>
    <time>2026-08-11T17:40:52Z</time>
    <extensions>
     <gpxdata:hr>125</gpxdata:hr>
     <gpxdata:distance>910.00</gpxdata:distance>
     <gpxdata:speed>8.508</gpxdata:speed>
    </extensions>
   </trkpt>
   <trkpt lat="51.0584566" lon="13.7600940">
    <ele>110</ele>
    <time>2026-08-11T17:40:53Z</time>
    <extensions>
     <gpxdata:hr>126</gpxdata:hr>
     <gpxdata:distance>919.00</gpxdata:distance>
     <gpxdata:speed>8.881</gpxdata:speed>
    </extensions>
   </trkpt>
   <trkpt lat="51.0585083" lon="13.7601992">
    <ele>110</ele>
    <time>2026-08-11T17:40:54Z</time>
    <extensions>
     <gpxdata:hr>127</gpxdata:hr>
     <gpxdata:distance>928.00</gpxdata:distance>
     <gpxdata:speed>9.094</gpxdata:speed>
    </extensions>
   </trkpt>
   <trkpt lat="51.0585606" lon="13.7603060">
    <ele>110</ele>
    <time>2026-08-11T17:40:55Z</time>
    <extensions>
     <gpxdata:hr>128</gpxdata:hr>
     <gpxdata:distance>937.50</gpxdata:distance>
     <gpxdata:speed>9.264</gpxdata:speed>
    </extensions>
   </trkpt>
   <trkpt lat="51.0586138" lon="13.7604140">
    <ele>110</ele>
    <time>2026-08-11T17:40:56Z</time>
    <extensions>
     <gpxdata:hr>128</gpxdata:hr>
     <gpxdata:distance>947.00</gpxdata:distance>
     <gpxdata:speed>9.406</gpxdata:speed>
    </extensions>
   </trkpt>
   <trkpt lat="51.0586680" lon="13.7605235">
    <ele>109</ele>
    <time>2026-08-11T17:40:57Z</time>
    <extensions>
     <gpxdata:hr>130</gpxdata:hr>
     <gpxdata:distance>957.00</gpxdata:distance>
     <gpxdata:speed>9.533</gpxdata:speed>
    </extensions>
   </trkpt>
   <trkpt lat="51.0587233" lon="13.7606347">
    <ele>109</ele>
    <time>2026-08-11T17:40:58Z</time>
    <extensions>
     <gpxdata:hr>131</gpxdata:hr>
     <gpxdata:distance>967.00</gpxdata:distance>
     <gpxdata:speed>9.692</gpxdata:speed>
    </extensions>
   </trkpt>
   <trkpt lat="51.0587798" lon="13.7607476">
    <ele>109</ele>
    <time>2026-08-11T17:40:59Z</time>
    <extensions>
     <gpxdata:hr>133</gpxdata:hr>
     <gpxdata:distance>977.00</gpxdata:distance>
     <gpxdata:speed>9.864</gpxdata:speed>
    </extensions>
   </trkpt>
   <trkpt lat="51.0588373" lon="13.7608617">
    <ele>109</ele>
    <time>2026-08-11T17:41:00Z</time>
    <extensions>
     <gpxdata:hr>135</gpxdata:hr>
     <gpxdata:distance>987.00</gpxdata:distance>
     <gpxdata:speed>10.025</gpxdata:speed>
    </extensions>
   </trkpt>
   <trkpt lat="51.0588956" lon="13.7609764">
    <ele>109</ele>
    <time>2026-08-11T17:41:01Z</time>
    <extensions>
     <gpxdata:hr>136</gpxdata:hr>
     <gpxdata:distance>997.50</gpxdata:distance>
     <gpxdata:speed>10.158</gpxdata:speed>
    </extensions>
   </trkpt>
   <trkpt lat="51.0589541" lon="13.7610915">
    <ele>109</ele>
    <time>2026-08-11T17:41:02Z</time>
    <extensions>
     <gpxdata:hr>137</gpxdata:hr>
     <gpxdata:distance>1008.00</gpxdata:distance>
     <gpxdata:speed>10.256</gpxdata:speed>
    </extensions>
   </trkpt>
   <trkpt lat="51.0590125" lon="13.7612070">
    <ele>109</ele>
    <time>2026-08-11T17:41:03Z</time>
    <extensions>
     <gpxdata:hr>138</gpxdata:hr>
     <gpxdata:distance>1018.00</gpxdata:distance>
     <gpxdata:speed>10.300</gpxdata:speed>
    </extensions>
   </trkpt>
   <trkpt lat="51.0590702" lon="13.7613224">
    <ele>109</ele>
    <time>2026-08-11T17:41:04Z</time>
    <extensions>
     <gpxdata:hr>139</gpxdata:hr>
     <gpxdata:distance>1028.00</gpxdata:distance>
     <gpxdata:speed>10.342</gpxdata:speed>
    </extensions>
   </trkpt>
   <trkpt lat="51.0591266" lon="13.7614362">
    <ele>109</ele>
    <time>2026-08-11T17:41:05Z</time>
    <extensions>
     <gpxdata:hr>139</gpxdata:hr>
     <gpxdata:distance>1038.50</gpxdata:distance>
     <gpxdata:speed>10.336</gpxdata:speed>
    </extensions>
   </trkpt>
   <trkpt lat="51.0591819" lon="13.7615467">
    <ele>109</ele>
    <time>2026-08-11T17:41:06Z</time>
    <extensions>
     <gpxdata:hr>140</gpxdata:hr>
     <gpxdata:distance>1049.00</gpxdata:distance>
     <gpxdata:speed>10.261</gpxdata:speed>
    </extensions>
   </trkpt>
   <trkpt lat="51.0592355" lon="13.7616539">
    <ele>109</ele>
    <time>2026-08-11T17:41:07Z</time>
    <extensions>
     <gpxdata:hr>141</gpxdata:hr>
     <gpxdata:distance>1058.50</gpxdata:distance>
     <gpxdata:speed>10.114</gpxdata:speed>
    </extensions>
   </trkpt>
   <trkpt lat="51.0592878" lon="13.7617585">
    <ele>109</ele>
    <time>2026-08-11T17:41:08Z</time>
    <extensions>
     <gpxdata:hr>142</gpxdata:hr>
     <gpxdata:distance>1068.00</gpxdata:distance>
     <gpxdata:speed>9.925</gpxdata:speed>
    </extensions>
   </trkpt>
   <trkpt lat="51.0593396" lon="13.7618596">
    <ele>109</ele>
    <time>2026-08-11T17:41:09Z</time>
    <extensions>
     <gpxdata:hr>142</gpxdata:hr>
     <gpxdata:distance>1077.00</gpxdata:distance>
     <gpxdata:speed>9.722</gpxdata:speed>
    </extensions>
   </trkpt>
   <trkpt lat="51.0593905" lon="13.7619581">
    <ele>109</ele>
    <time>2026-08-11T17:41:10Z</time>
    <extensions>
     <gpxdata:hr>142</gpxdata:hr>
     <gpxdata:distance>1086.00</gpxdata:distance>
     <gpxdata:speed>9.269</gpxdata:speed>
    </extensions>
   </trkpt>
   <trkpt lat="51.0594404" lon="13.7620544">
    <ele>109</ele>
    <time>2026-08-11T17:41:11Z</time>
    <extensions>
     <gpxdata:hr>140</gpxdata:hr>
     <gpxdata:distance>1094.50</gpxdata:distance>
     <gpxdata:speed>9.028</gpxdata:speed>
    </extensions>
   </trkpt>
   <trkpt lat="51.0594895" lon="13.7621487">
    <ele>109</ele>
    <time>2026-08-11T17:41:12Z</time>
    <extensions>
     <gpxdata:hr>138</gpxdata:hr>
     <gpxdata:distance>1103.00</gpxdata:distance>
     <gpxdata:speed>8.833</gpxdata:speed>
    </extensions>
   </trkpt>
   <trkpt lat="51.0595375" lon="13.7622422">
    <ele>110</ele>
    <time>2026-08-11T17:41:13Z</time>
    <extensions>
     <gpxdata:hr>137</gpxdata:hr>
     <gpxdata:distance>1111.50</gpxdata:distance>
     <gpxdata:speed>8.664</gpxdata:speed>
    </extensions>
   </trkpt>
   <trkpt lat="51.0595847" lon="13.7623357">
    <ele>110</ele>
    <time>2026-08-11T17:41:14Z</time>
    <extensions>
     <gpxdata:hr>136</gpxdata:hr>
     <gpxdata:distance>1120.00</gpxdata:distance>
     <gpxdata:speed>8.533</gpxdata:speed>
    </extensions>
   </trkpt>
   <trkpt lat="51.0596312" lon="13.7624294">
    <ele>110</ele>
    <time>2026-08-11T17:41:15Z</time>
    <extensions>
     <gpxdata:hr>134</gpxdata:hr>
     <gpxdata:distance>1128.50</gpxdata:distance>
     <gpxdata:speed>8.456</gpxdata:speed>
    </extensions>
   </trkpt>
   <trkpt lat="51.0596777" lon="13.7625230">
    <ele>110</ele>
    <time>2026-08-11T17:41:16Z</time>
    <extensions>
     <gpxdata:hr>132</gpxdata:hr>
     <gpxdata:distance>1137.00</gpxdata:distance>
     <gpxdata:speed>8.403</gpxdata:speed>
    </extensions>
   </trkpt>
   <trkpt lat="51.0597242" lon="13.7626161">
    <ele>110</ele>
    <time>2026-08-11T17:41:17Z</time>
    <extensions>
     <gpxdata:hr>132</gpxdata:hr>
     <gpxdata:distance>1145.00</gpxdata:distance>
     <gpxdata:speed>8.381</gpxdata:speed>
    </extensions>
   </trkpt>
   <trkpt lat="51.0597700" lon="13.7627090">
    <ele>110</ele>
    <time>2026-08-11T17:41:18Z</time>
    <extensions>
     <gpxdata:hr>131</gpxdata:hr>
     <gpxdata:distance>1153.00</gpxdata:distance>
     <gpxdata:speed>8.339</gpxdata:speed>
    </extensions>
   </trkpt>
   <trkpt lat="51.0598151" lon="13.7628020">
    <ele>110</ele>
    <time>2026-08-11T17:41:19Z</time>
    <extensions>
     <gpxdata:hr>131</gpxdata:hr>
     <gpxdata:distance>1161.50</gpxdata:distance>
     <gpxdata:speed>8.283</gpxdata:speed>
    </extensions>
   </trkpt>
   <trkpt lat="51.0598591" lon="13.7628953">
    <ele>110</ele>
    <time>2026-08-11T17:41:20Z</time>
    <extensions>
     <gpxdata:hr>132</gpxdata:hr>
     <gpxdata:distance>1170.00</gpxdata:distance>
     <gpxdata:speed>8.247</gpxdata:speed>
    </extensions>
   </trkpt>
   <trkpt lat="51.0599023" lon="13.7629890">
    <ele>110</ele>
    <time>2026-08-11T17:41:21Z</time>
    <extensions>
     <gpxdata:hr>131</gpxdata:hr>
     <gpxdata:distance>1178.00</gpxdata:distance>
     <gpxdata:speed>8.206</gpxdata:speed>
    </extensions>
   </trkpt>
   <trkpt lat="51.0599448" lon="13.7630829">
    <ele>110</ele>
    <time>2026-08-11T17:41:22Z</time>
    <extensions>
     <gpxdata:hr>130</gpxdata:hr>
     <gpxdata:distance>1186.00</gpxdata:distance>
     <gpxdata:speed>8.172</gpxdata:speed>
    </extensions>
   </trkpt>
   <trkpt lat="51.0599860" lon="13.7631780">
    <ele>110</ele>
    <time>2026-08-11T17:41:23Z</time>
    <extensions>
     <gpxdata:hr>129</gpxdata:hr>
     <gpxdata:distance>1194.00</gpxdata:distance>
     <gpxdata:speed>8.144</gpxdata:speed>
    </extensions>
   </trkpt>
   <trkpt lat="51.0600258" lon="13.7632743">
    <ele>110</ele>
    <time>2026-08-11T17:41:24Z</time>
    <extensions>
     <gpxdata:hr>127</gpxdata:hr>
     <gpxdata:distance>1202.00</gpxdata:distance>
     <gpxdata:speed>8.117</gpxdata:speed>
    </extensions>
   </trkpt>
   <trkpt lat="51.0600652" lon="13.7633705">
    <ele>110</ele>
    <time>2026-08-11T17:41:25Z</time>
    <extensions>
     <gpxdata:hr>126</gpxdata:hr>
     <gpxdata:distance>1210.00</gpxdata:distance>
     <gpxdata:speed>8.097</gpxdata:speed>
    </extensions>
   </trkpt>
   <trkpt lat="51.0601046" lon="13.7634653">
    <ele>110</ele>
    <time>2026-08-11T17:41:26Z</time>
    <extensions>
     <gpxdata:hr>125</gpxdata:hr>
     <gpxdata:distance>1218.00</gpxdata:distance>
     <gpxdata:speed>8.069</gpxdata:speed>
    </extensions>
   </trkpt>
   <trkpt lat="51.0601440" lon="13.7635594">
    <ele>110</ele>
    <time>2026-08-11T17:41:27Z</time>
    <extensions>
     <gpxdata:hr>124</gpxdata:hr>
     <gpxdata:distance>1226.00</gpxdata:distance>
     <gpxdata:speed>8.017</gpxdata:speed>
    </extensions>
   </trkpt>
   <trkpt lat="51.0601836" lon="13.7636527">
    <ele>109</ele>
    <time>2026-08-11T17:41:28Z</time>
    <extensions>
     <gpxdata:hr>123</gpxdata:hr>
     <gpxdata:distance>1234.00</gpxdata:distance>
     <gpxdata:speed>7.975</gpxdata:speed>
    </extensions>
   </trkpt>
   <trkpt lat="51.0602231" lon="13.7637459">
    <ele>110</ele>
    <time>2026-08-11T17:41:29Z</time>
    <extensions>
     <gpxdata:hr>123</gpxdata:hr>
     <gpxdata:distance>1242.00</gpxdata:distance>
     <gpxdata:speed>7.939</gpxdata:speed>
    </extensions>
   </trkpt>
   <trkpt lat="51.0602623" lon="13.7638395">
    <ele>110</ele>
    <time>2026-08-11T17:41:30Z</time>
    <extensions>
     <gpxdata:hr>124</gpxdata:hr>
     <gpxdata:distance>1250.00</gpxdata:distance>
     <gpxdata:speed>7.914</gpxdata:speed>
    </extensions>
   </trkpt>
   <trkpt lat="51.0603000" lon="13.7639328">
    <ele>110</ele>
    <time>2026-08-11T17:41:31Z</time>
    <extensions>
     <gpxdata:hr>125</gpxdata:hr>
     <gpxdata:distance>1257.50</gpxdata:distance>
     <gpxdata:speed>7.897</gpxdata:speed>
    </extensions>
   </trkpt>
   <trkpt lat="51.0603378" lon="13.7640247">
    <ele>110</ele>
    <time>2026-08-11T17:41:32Z</time>
    <extensions>
     <gpxdata:hr>125</gpxdata:hr>
     <gpxdata:distance>1265.00</gpxdata:distance>
     <gpxdata:speed>7.842</gpxdata:speed>
    </extensions>
   </trkpt>
   <trkpt lat="51.0603758" lon="13.7641163">
    <ele>110</ele>
    <time>2026-08-11T17:41:33Z</time>
    <extensions>
     <gpxdata:hr>125</gpxdata:hr>
     <gpxdata:distance>1273.00</gpxdata:distance>
     <gpxdata:speed>7.781</gpxdata:speed>
    </extensions>
   </trkpt>
   <trkpt lat="51.0604146" lon="13.7642088">
    <ele>110</ele>
    <time>2026-08-11T17:41:34Z</time>
    <extensions>
     <gpxdata:hr>125</gpxdata:hr>
     <gpxdata:distance>1281.00</gpxdata:distance>
     <gpxdata:speed>7.750</gpxdata:speed>
    </extensions>
   </trkpt>
   <trkpt lat="51.0604540" lon="13.7643025">
    <ele>110</ele>
    <time>2026-08-11T17:41:35Z</time>
    <extensions>
     <gpxdata:hr>125</gpxdata:hr>
     <gpxdata:distance>1289.00</gpxdata:distance>
     <gpxdata:speed>7.767</gpxdata:speed>
    </extensions>
   </trkpt>
   <trkpt lat="51.0604935" lon="13.7643976">
    <ele>110</ele>
    <time>2026-08-11T17:41:36Z</time>
    <extensions>
     <gpxdata:hr>125</gpxdata:hr>
     <gpxdata:distance>1297.00</gpxdata:distance>
     <gpxdata:speed>7.817</gpxdata:speed>
    </extensions>
   </trkpt>
   <trkpt lat="51.0605328" lon="13.7644944">
    <ele>110</ele>
    <time>2026-08-11T17:41:37Z</time>
    <extensions>
     <gpxdata:hr>124</gpxdata:hr>
     <gpxdata:distance>1305.00</gpxdata:distance>
     <gpxdata:speed>7.869</gpxdata:speed>
    </extensions>
   </trkpt>
   <trkpt lat="51.0605716" lon="13.7645919">
    <ele>110</ele>
    <time>2026-08-11T17:41:38Z</time>
    <extensions>
     <gpxdata:hr>124</gpxdata:hr>
     <gpxdata:distance>1313.00</gpxdata:distance>
     <gpxdata:speed>7.933</gpxdata:speed>
    </extensions>
   </trkpt>
   <trkpt lat="51.0606101" lon="13.7646896">
    <ele>110</ele>
    <time>2026-08-11T17:41:39Z</time>
    <extensions>
     <gpxdata:hr>123</gpxdata:hr>
     <gpxdata:distance>1321.00</gpxdata:distance>
     <gpxdata:speed>7.978</gpxdata:speed>
    </extensions>
   </trkpt>
   <trkpt lat="51.0606481" lon="13.7647877">
    <ele>110</ele>
    <time>2026-08-11T17:41:40Z</time>
    <extensions>
     <gpxdata:hr>124</gpxdata:hr>
     <gpxdata:distance>1329.00</gpxdata:distance>
     <gpxdata:speed>8.006</gpxdata:speed>
    </extensions>
   </trkpt>
   <trkpt lat="51.0606855" lon="13.7648855">
    <ele>110</ele>
    <time>2026-08-11T17:41:41Z</time>
    <extensions>
     <gpxdata:hr>124</gpxdata:hr>
     <gpxdata:distance>1337.00</gpxdata:distance>
     <gpxdata:speed>8.022</gpxdata:speed>
    </extensions>
   </trkpt>
   <trkpt lat="51.0607228" lon="13.7649821">
    <ele>110</ele>
    <time>2026-08-11T17:41:42Z</time>
    <extensions>
     <gpxdata:hr>125</gpxdata:hr>
     <gpxdata:distance>1345.00</gpxdata:distance>
     <gpxdata:speed>8.014</gpxdata:speed>
    </extensions>
   </trkpt>
   <trkpt lat="51.0607611" lon="13.7650766">
    <ele>110</ele>
    <time>2026-08-11T17:41:43Z</time>
    <extensions>
     <gpxdata:hr>125</gpxdata:hr>
     <gpxdata:distance>1353.00</gpxdata:distance>
     <gpxdata:speed>7.986</gpxdata:speed>
    </extensions>
   </trkpt>
   <trkpt lat="51.0608006" lon="13.7651684">
    <ele>110</ele>
    <time>2026-08-11T17:41:44Z</time>
    <extensions>
     <gpxdata:hr>125</gpxdata:hr>
     <gpxdata:distance>1361.00</gpxdata:distance>
     <gpxdata:speed>7.944</gpxdata:speed>
    </extensions>
   </trkpt>
   <trkpt lat="51.0608402" lon="13.7652599">
    <ele>110</ele>
    <time>2026-08-11T17:41:45Z</time>
    <extensions>
     <gpxdata:hr>124</gpxdata:hr>
     <gpxdata:distance>1368.50</gpxdata:distance>
     <gpxdata:speed>7.892</gpxdata:speed>
    </extensions>
   </trkpt>
   <trkpt lat="51.0608762" lon="13.7653552">
    <ele>111</ele>
    <time>2026-08-11T17:41:46Z</time>
    <extensions>
     <gpxdata:hr>124</gpxdata:hr>
     <gpxdata:distance>1376.00</gpxdata:distance>
     <gpxdata:speed>7.853</gpxdata:speed>
    </extensions>
   </trkpt>
   <trkpt lat="51.0609075" lon="13.7654544">
    <ele>111</ele>
    <time>2026-08-11T17:41:47Z</time>
    <extensions>
     <gpxdata:hr>123</gpxdata:hr>
     <gpxdata:distance>1384.00</gpxdata:distance>
     <gpxdata:speed>7.842</gpxdata:speed>
    </extensions>
   </trkpt>
   <trkpt lat="51.0609383" lon="13.7655550">
    <ele>111</ele>
    <time>2026-08-11T17:41:48Z</time>
    <extensions>
     <gpxdata:hr>123</gpxdata:hr>
     <gpxdata:distance>1392.00</gpxdata:distance>
     <gpxdata:speed>7.819</gpxdata:speed>
    </extensions>
   </trkpt>
   <trkpt lat="51.0609712" lon="13.7656561">
    <ele>111</ele>
    <time>2026-08-11T17:41:49Z</time>
    <extensions>
     <gpxdata:hr>123</gpxdata:hr>
     <gpxdata:distance>1400.00</gpxdata:distance>
     <gpxdata:speed>7.831</gpxdata:speed>
    </extensions>
   </trkpt>
   <trkpt lat="51.0610053" lon="13.7657576">
    <ele>111</ele>
    <time>2026-08-11T17:41:50Z</time>
    <extensions>
     <gpxdata:hr>124</gpxdata:hr>
     <gpxdata:distance>1408.00</gpxdata:distance>
     <gpxdata:speed>7.886</gpxdata:speed>
    </extensions>
   </trkpt>
   <trkpt lat="51.0610402" lon="13.7658594">
    <ele>112</ele>
    <time>2026-08-11T17:41:51Z</time>
    <extensions>
     <gpxdata:hr>124</gpxdata:hr>
     <gpxdata:distance>1416.00</gpxdata:distance>
     <gpxdata:speed>7.944</gpxdata:speed>
    </extensions>
   </trkpt>
   <trkpt lat="51.0610749" lon="13.7659612">
    <ele>112</ele>
    <time>2026-08-11T17:41:52Z</time>
    <extensions>
     <gpxdata:hr>124</gpxdata:hr>
     <gpxdata:distance>1424.00</gpxdata:distance>
     <gpxdata:speed>8.000</gpxdata:speed>
    </extensions>
   </trkpt>
   <trkpt lat="51.0611077" lon="13.7660632">
    <ele>111</ele>
    <time>2026-08-11T17:41:53Z</time>
    <extensions>
     <gpxdata:hr>124</gpxdata:hr>
     <gpxdata:distance>1432.00</gpxdata:distance>
     <gpxdata:speed>8.028</gpxdata:speed>
    </extensions>
   </trkpt>
   <trkpt lat="51.0611394" lon="13.7661649">
    <ele>112</ele>
    <time>2026-08-11T17:41:54Z</time>
    <extensions>
     <gpxdata:hr>124</gpxdata:hr>
     <gpxdata:distance>1440.00</gpxdata:distance>
     <gpxdata:speed>8.014</gpxdata:speed>
    </extensions>
   </trkpt>
   <trkpt lat="51.0611703" lon="13.7662661">
    <ele>112</ele>
    <time>2026-08-11T17:41:55Z</time>
    <extensions>
     <gpxdata:hr>124</gpxdata:hr>
     <gpxdata:distance>1448.00</gpxdata:distance>
     <gpxdata:speed>7.989</gpxdata:speed>
    </extensions>
   </trkpt>
   <trkpt lat="51.0612001" lon="13.7663670">
    <ele>112</ele>
    <time>2026-08-11T17:41:56Z</time>
    <extensions>
     <gpxdata:hr>125</gpxdata:hr>
     <gpxdata:distance>1456.00</gpxdata:distance>
     <gpxdata:speed>7.947</gpxdata:speed>
    </extensions>
   </trkpt>
   <trkpt lat="51.0612293" lon="13.7664674">
    <ele>112</ele>
    <time>2026-08-11T17:41:57Z</time>
    <extensions>
     <gpxdata:hr>125</gpxdata:hr>
     <gpxdata:distance>1463.50</gpxdata:distance>
     <gpxdata:speed>7.900</gpxdata:speed>
    </extensions>
   </trkpt>
   <trkpt lat="51.0612581" lon="13.7665678">
    <ele>112</ele>
    <time>2026-08-11T17:41:58Z</time>
    <extensions>
     <gpxdata:hr>126</gpxdata:hr>
     <gpxdata:distance>1471.00</gpxdata:distance>
     <gpxdata:speed>7.847</gpxdata:speed>
    </extensions>
   </trkpt>
   <trkpt lat="51.0612873" lon="13.7666687">
    <ele>112</ele>
    <time>2026-08-11T17:41:59Z</time>
    <extensions>
     <gpxdata:hr>126</gpxdata:hr>
     <gpxdata:distance>1479.00</gpxdata:distance>
     <gpxdata:speed>7.808</gpxdata:speed>
    </extensions>
   </trkpt>
   <trkpt lat="51.0613161" lon="13.7667698">
    <ele>112</ele>
    <time>2026-08-11T17:42:00Z</time>
    <extensions>
     <gpxdata:hr>126</gpxdata:hr>
     <gpxdata:distance>1487.00</gpxdata:distance>
     <gpxdata:speed>7.800</gpxdata:speed>
    </extensions>
   </trkpt>
   <trkpt lat="51.0613440" lon="13.7668706">
    <ele>112</ele>
    <time>2026-08-11T17:42:01Z</time>
    <extensions>
     <gpxdata:hr>125</gpxdata:hr>
     <gpxdata:distance>1494.50</gpxdata:distance>
     <gpxdata:speed>7.786</gpxdata:speed>
    </extensions>
   </trkpt>
   <trkpt lat="51.0613713" lon="13.7669712">
    <ele>112</ele>
    <time>2026-08-11T17:42:02Z</time>
    <extensions>
     <gpxdata:hr>125</gpxdata:hr>
     <gpxdata:distance>1502.00</gpxdata:distance>
     <gpxdata:speed>7.750</gpxdata:speed>
    </extensions>
   </trkpt>
   <trkpt lat="51.0613979" lon="13.7670724">
    <ele>112</ele>
    <time>2026-08-11T17:42:03Z</time>
    <extensions>
     <gpxdata:hr>124</gpxdata:hr>
     <gpxdata:distance>1509.50</gpxdata:distance>
     <gpxdata:speed>7.714</gpxdata:speed>
    </extensions>
   </trkpt>
   <trkpt lat="51.0614243" lon="13.7671731">
    <ele>112</ele>
    <time>2026-08-11T17:42:04Z</time>
    <extensions>
     <gpxdata:hr>123</gpxdata:hr>
     <gpxdata:distance>1517.00</gpxdata:distance>
     <gpxdata:speed>7.703</gpxdata:speed>
    </extensions>
   </trkpt>
   <trkpt lat="51.0614498" lon="13.7672730">
    <ele>112</ele>
    <time>2026-08-11T17:42:05Z</time>
    <extensions>
     <gpxdata:hr>122</gpxdata:hr>
     <gpxdata:distance>1524.50</gpxdata:distance>
     <gpxdata:speed>7.672</gpxdata:speed>
    </extensions>
   </trkpt>
   <trkpt lat="51.0614744" lon="13.7673718">
    <ele>112</ele>
    <time>2026-08-11T17:42:06Z</time>
    <extensions>
     <gpxdata:hr>121</gpxdata:hr>
     <gpxdata:distance>1532.00</gpxdata:distance>
     <gpxdata:speed>7.622</gpxdata:speed>
    </extensions>
   </trkpt>
   <trkpt lat="51.0614978" lon="13.7674696">
    <ele>112</ele>
    <time>2026-08-11T17:42:07Z</time>
    <extensions>
     <gpxdata:hr>121</gpxdata:hr>
     <gpxdata:distance>1539.50</gpxdata:distance>
     <gpxdata:speed>7.553</gpxdata:speed>
    </extensions>
   </trkpt>
   <trkpt lat="51.0615210" lon="13.7675668">
    <ele>112</ele>
    <time>2026-08-11T17:42:08Z</time>
    <extensions>
     <gpxdata:hr>121</gpxdata:hr>
     <gpxdata:distance>1547.00</gpxdata:distance>
     <gpxdata:speed>7.464</gpxdata:speed>
    </extensions>
   </trkpt>
   <trkpt lat="51.0615439" lon="13.7676622">
    <ele>112</ele>
    <time>2026-08-11T17:42:09Z</time>
    <extensions>
     <gpxdata:hr>121</gpxdata:hr>
     <gpxdata:distance>1554.00</gpxdata:distance>
     <gpxdata:speed>7.400</gpxdata:speed>
    </extensions>
   </trkpt>
   <trkpt lat="51.0615672" lon="13.7677583">
    <ele>112</ele>
    <time>2026-08-11T17:42:10Z</time>
    <extensions>
     <gpxdata:hr>121</gpxdata:hr>
     <gpxdata:distance>1561.00</gpxdata:distance>
     <gpxdata:speed>7.300</gpxdata:speed>
    </extensions>
   </trkpt>
   <trkpt lat="51.0615932" lon="13.7678607">
    <ele>112</ele>
    <time>2026-08-11T17:42:11Z</time>
    <extensions>
     <gpxdata:hr>122</gpxdata:hr>
     <gpxdata:distance>1569.00</gpxdata:distance>
     <gpxdata:speed>7.283</gpxdata:speed>
    </extensions>
   </trkpt>
   <trkpt lat="51.0616228" lon="13.7679720">
    <ele>112</ele>
    <time>2026-08-11T17:42:12Z</time>
    <extensions>
     <gpxdata:hr>123</gpxdata:hr>
     <gpxdata:distance>1577.00</gpxdata:distance>
     <gpxdata:speed>7.481</gpxdata:speed>
    </extensions>
   </trkpt>
   <trkpt lat="51.0616569" lon="13.7680927">
    <ele>112</ele>
    <time>2026-08-11T17:42:13Z</time>
    <extensions>
     <gpxdata:hr>124</gpxdata:hr>
     <gpxdata:distance>1586.50</gpxdata:distance>
     <gpxdata:speed>8.317</gpxdata:speed>
    </extensions>
   </trkpt>
   <trkpt lat="51.0616934" lon="13.7682229">
    <ele>112</ele>
    <time>2026-08-11T17:42:14Z</time>
    <extensions>
     <gpxdata:hr>125</gpxdata:hr>
     <gpxdata:distance>1596.00</gpxdata:distance>
     <gpxdata:speed>9.061</gpxdata:speed>
    </extensions>
   </trkpt>
   <trkpt lat="51.0617279" lon="13.7683618">
    <ele>112</ele>
    <time>2026-08-11T17:42:15Z</time>
    <extensions>
     <gpxdata:hr>127</gpxdata:hr>
     <gpxdata:distance>1606.50</gpxdata:distance>
     <gpxdata:speed>9.731</gpxdata:speed>
    </extensions>
   </trkpt>
   <trkpt lat="51.0617598" lon="13.7685057">
    <ele>112</ele>
    <time>2026-08-11T17:42:16Z</time>
    <extensions>
     <gpxdata:hr>128</gpxdata:hr>
     <gpxdata:distance>1617.00</gpxdata:distance>
     <gpxdata:speed>10.192</gpxdata:speed>
    </extensions>
   </trkpt>
   <trkpt lat="51.0617905" lon="13.7686525">
    <ele>112</ele>
    <time>2026-08-11T17:42:17Z</time>
    <extensions>
     <gpxdata:hr>129</gpxdata:hr>
     <gpxdata:distance>1627.50</gpxdata:distance>
     <gpxdata:speed>10.433</gpxdata:speed>
    </extensions>
   </trkpt>
   <trkpt lat="51.0618206" lon="13.7688018">
    <ele>112</ele>
    <time>2026-08-11T17:42:18Z</time>
    <extensions>
     <gpxdata:hr>132</gpxdata:hr>
     <gpxdata:distance>1638.00</gpxdata:distance>
     <gpxdata:speed>10.639</gpxdata:speed>
    </extensions>
   </trkpt>
   <trkpt lat="51.0618500" lon="13.7689526">
    <ele>112</ele>
    <time>2026-08-11T17:42:19Z</time>
    <extensions>
     <gpxdata:hr>134</gpxdata:hr>
     <gpxdata:distance>1649.00</gpxdata:distance>
     <gpxdata:speed>10.842</gpxdata:speed>
    </extensions>
   </trkpt>
   <trkpt lat="51.0618795" lon="13.7691035">
    <ele>112</ele>
    <time>2026-08-11T17:42:20Z</time>
    <extensions>
     <gpxdata:hr>135</gpxdata:hr>
     <gpxdata:distance>1660.00</gpxdata:distance>
     <gpxdata:speed>10.947</gpxdata:speed>
    </extensions>
   </trkpt>
   <trkpt lat="51.0619095" lon="13.7692545">
    <ele>112</ele>
    <time>2026-08-11T17:42:21Z</time>
    <extensions>
     <gpxdata:hr>138</gpxdata:hr>
     <gpxdata:distance>1671.50</gpxdata:distance>
     <gpxdata:speed>10.992</gpxdata:speed>
    </extensions>
   </trkpt>
   <trkpt lat="51.0619410" lon="13.7694052">
    <ele>111</ele>
    <time>2026-08-11T17:42:22Z</time>
    <extensions>
     <gpxdata:hr>142</gpxdata:hr>
     <gpxdata:distance>1683.00</gpxdata:distance>
     <gpxdata:speed>11.044</gpxdata:speed>
    </extensions>
   </trkpt>
   <trkpt lat="51.0619745" lon="13.7695551">
    <ele>111</ele>
    <time>2026-08-11T17:42:23Z</time>
    <extensions>
     <gpxdata:hr>144</gpxdata:hr>
     <gpxdata:distance>1694.00</gpxdata:distance>
     <gpxdata:speed>11.086</gpxdata:speed>
    </extensions>
   </trkpt>
   <trkpt lat="51.0620105" lon="13.7697038">
    <ele>111</ele>
    <time>2026-08-11T17:42:24Z</time>
    <extensions>
     <gpxdata:hr>145</gpxdata:hr>
     <gpxdata:distance>1705.00</gpxdata:distance>
     <gpxdata:speed>11.119</gpxdata:speed>
    </extensions>
   </trkpt>
   <trkpt lat="51.0620482" lon="13.7698520">
    <ele>111</ele>
    <time>2026-08-11T17:42:25Z</time>
    <extensions>
     <gpxdata:hr>148</gpxdata:hr>
     <gpxdata:distance>1716.00</gpxdata:distance>
     <gpxdata:speed>11.153</gpxdata:speed>
    </extensions>
   </trkpt>
   <trkpt lat="51.0620862" lon="13.7700011">
    <ele>111</ele>
    <time>2026-08-11T17:42:26Z</time>
    <extensions>
     <gpxdata:hr>149</gpxdata:hr>
     <gpxdata:distance>1727.00</gpxdata:distance>
     <gpxdata:speed>11.181</gpxdata:speed>
    </extensions>
   </trkpt>
   <trkpt lat="51.0621235" lon="13.7701515">
    <ele>110</ele>
    <time>2026-08-11T17:42:27Z</time>
    <extensions>
     <gpxdata:hr>150</gpxdata:hr>
     <gpxdata:distance>1738.50</gpxdata:distance>
     <gpxdata:speed>11.225</gpxdata:speed>
    </extensions>
   </trkpt>
   <trkpt lat="51.0621586" lon="13.7703039">
    <ele>111</ele>
    <time>2026-08-11T17:42:28Z</time>
    <extensions>
     <gpxdata:hr>151</gpxdata:hr>
     <gpxdata:distance>1750.00</gpxdata:distance>
     <gpxdata:speed>11.286</gpxdata:speed>
    </extensions>
   </trkpt>
   <trkpt lat="51.0621916" lon="13.7704569">
    <ele>111</ele>
    <time>2026-08-11T17:42:29Z</time>
    <extensions>
     <gpxdata:hr>151</gpxdata:hr>
     <gpxdata:distance>1761.00</gpxdata:distance>
     <gpxdata:speed>11.325</gpxdata:speed>
    </extensions>
   </trkpt>
   <trkpt lat="51.0622223" lon="13.7706107">
    <ele>111</ele>
    <time>2026-08-11T17:42:30Z</time>
    <extensions>
     <gpxdata:hr>152</gpxdata:hr>
     <gpxdata:distance>1772.00</gpxdata:distance>
     <gpxdata:speed>11.325</gpxdata:speed>
    </extensions>
   </trkpt>
   <trkpt lat="51.0622496" lon="13.7707649">
    <ele>111</ele>
    <time>2026-08-11T17:42:31Z</time>
    <extensions>
     <gpxdata:hr>151</gpxdata:hr>
     <gpxdata:distance>1783.50</gpxdata:distance>
     <gpxdata:speed>11.311</gpxdata:speed>
    </extensions>
   </trkpt>
   <trkpt lat="51.0622737" lon="13.7709167">
    <ele>111</ele>
    <time>2026-08-11T17:42:32Z</time>
    <extensions>
     <gpxdata:hr>151</gpxdata:hr>
     <gpxdata:distance>1795.00</gpxdata:distance>
     <gpxdata:speed>11.272</gpxdata:speed>
    </extensions>
   </trkpt>
   <trkpt lat="51.0622959" lon="13.7710641">
    <ele>111</ele>
    <time>2026-08-11T17:42:33Z</time>
    <extensions>
     <gpxdata:hr>152</gpxdata:hr>
     <gpxdata:distance>1805.50</gpxdata:distance>
     <gpxdata:speed>11.142</gpxdata:speed>
    </extensions>
   </trkpt>
   <trkpt lat="51.0623168" lon="13.7712067">
    <ele>111</ele>
    <time>2026-08-11T17:42:34Z</time>
    <extensions>
     <gpxdata:hr>152</gpxdata:hr>
     <gpxdata:distance>1816.00</gpxdata:distance>
     <gpxdata:speed>10.694</gpxdata:speed>
    </extensions>
   </trkpt>
   <trkpt lat="51.0623366" lon="13.7713444">
    <ele>112</ele>
    <time>2026-08-11T17:42:35Z</time>
    <extensions>
     <gpxdata:hr>153</gpxdata:hr>
     <gpxdata:distance>1825.50</gpxdata:distance>
     <gpxdata:speed>10.353</gpxdata:speed>
    </extensions>
   </trkpt>
   <trkpt lat="51.0623555" lon="13.7714773">
    <ele>112</ele>
    <time>2026-08-11T17:42:36Z</time>
    <extensions>
     <gpxdata:hr>153</gpxdata:hr>
     <gpxdata:distance>1835.00</gpxdata:distance>
     <gpxdata:speed>10.028</gpxdata:speed>
    </extensions>
   </trkpt>
   <trkpt lat="51.0623743" lon="13.7716070">
    <ele>113</ele>
    <time>2026-08-11T17:42:37Z</time>
    <extensions>
     <gpxdata:hr>153</gpxdata:hr>
     <gpxdata:distance>1844.50</gpxdata:distance>
     <gpxdata:speed>9.706</gpxdata:speed>
    </extensions>
   </trkpt>
   <trkpt lat="51.0623929" lon="13.7717336">
    <ele>113</ele>
    <time>2026-08-11T17:42:38Z</time>
    <extensions>
     <gpxdata:hr>151</gpxdata:hr>
     <gpxdata:distance>1854.00</gpxdata:distance>
     <gpxdata:speed>9.461</gpxdata:speed>
    </extensions>
   </trkpt>
   <trkpt lat="51.0624114" lon="13.7718590">
    <ele>113</ele>
    <time>2026-08-11T17:42:39Z</time>
    <extensions>
     <gpxdata:hr>150</gpxdata:hr>
     <gpxdata:distance>1863.00</gpxdata:distance>
     <gpxdata:speed>9.219</gpxdata:speed>
    </extensions>
   </trkpt>
   <trkpt lat="51.0624296" lon="13.7719826">
    <ele>113</ele>
    <time>2026-08-11T17:42:40Z</time>
    <extensions>
     <gpxdata:hr>149</gpxdata:hr>
     <gpxdata:distance>1872.00</gpxdata:distance>
     <gpxdata:speed>9.119</gpxdata:speed>
    </extensions>
   </trkpt>
   <trkpt lat="51.0624471" lon="13.7721049">
    <ele>113</ele>
    <time>2026-08-11T17:42:41Z</time>
    <extensions>
     <gpxdata:hr>148</gpxdata:hr>
     <gpxdata:distance>1881.00</gpxdata:distance>
     <gpxdata:speed>8.967</gpxdata:speed>
    </extensions>
   </trkpt>
   <trkpt lat="51.0624651" lon="13.7722269">
    <ele>113</ele>
    <time>2026-08-11T17:42:42Z</time>
    <extensions>
     <gpxdata:hr>148</gpxdata:hr>
     <gpxdata:distance>1890.00</gpxdata:distance>
     <gpxdata:speed>8.839</gpxdata:speed>
    </extensions>
   </trkpt>
   <trkpt lat="51.0624835" lon="13.7723489">
    <ele>113</ele>
    <time>2026-08-11T17:42:43Z</time>
    <extensions>
     <gpxdata:hr>148</gpxdata:hr>
     <gpxdata:distance>1898.50</gpxdata:distance>
     <gpxdata:speed>8.822</gpxdata:speed>
    </extensions>
   </trkpt>
   <trkpt lat="51.0625023" lon="13.7724698">
    <ele>113</ele>
    <time>2026-08-11T17:42:44Z</time>
    <extensions>
     <gpxdata:hr>147</gpxdata:hr>
     <gpxdata:distance>1907.00</gpxdata:distance>
     <gpxdata:speed>8.806</gpxdata:speed>
    </extensions>
   </trkpt>
   <trkpt lat="51.0625216" lon="13.7725897">
    <ele>112</ele>
    <time>2026-08-11T17:42:45Z</time>
    <extensions>
     <gpxdata:hr>145</gpxdata:hr>
     <gpxdata:distance>1915.50</gpxdata:distance>
     <gpxdata:speed>8.731</gpxdata:speed>
    </extensions>
   </trkpt>
   <trkpt lat="51.0625406" lon="13.7727088">
    <ele>112</ele>
    <time>2026-08-11T17:42:46Z</time>
    <extensions>
     <gpxdata:hr>143</gpxdata:hr>
     <gpxdata:distance>1924.00</gpxdata:distance>
     <gpxdata:speed>8.681</gpxdata:speed>
    </extensions>
   </trkpt>
   <trkpt lat="51.0625591" lon="13.7728271">
    <ele>112</ele>
    <time>2026-08-11T17:42:47Z</time>
    <extensions>
     <gpxdata:hr>141</gpxdata:hr>
     <gpxdata:distance>1933.00</gpxdata:distance>
     <gpxdata:speed>8.625</gpxdata:speed>
    </extensions>
   </trkpt>
   <trkpt lat="51.0625774" lon="13.7729449">
    <ele>112</ele>
    <time>2026-08-11T17:42:48Z</time>
    <extensions>
     <gpxdata:hr>140</gpxdata:hr>
     <gpxdata:distance>1942.00</gpxdata:distance>
     <gpxdata:speed>8.581</gpxdata:speed>
    </extensions>
   </trkpt>
   <trkpt lat="51.0625939" lon="13.7730635">
    <ele>112</ele>
    <time>2026-08-11T17:42:49Z</time>
    <extensions>
     <gpxdata:hr>139</gpxdata:hr>
     <gpxdata:distance>1950.50</gpxdata:distance>
     <gpxdata:speed>8.542</gpxdata:speed>
    </extensions>
   </trkpt>
   <trkpt lat="51.0626063" lon="13.7731835">
    <ele>112</ele>
    <time>2026-08-11T17:42:50Z</time>
    <extensions>
     <gpxdata:hr>138</gpxdata:hr>
     <gpxdata:distance>1959.00</gpxdata:distance>
     <gpxdata:speed>8.522</gpxdata:speed>
    </extensions>
   </trkpt>
   <trkpt lat="51.0626154" lon="13.7733049">
    <ele>112</ele>
    <time>2026-08-11T17:42:51Z</time>
    <extensions>
     <gpxdata:hr>137</gpxdata:hr>
     <gpxdata:distance>1967.50</gpxdata:distance>
     <gpxdata:speed>8.519</gpxdata:speed>
    </extensions>
   </trkpt>
   <trkpt lat="51.0626220" lon="13.7734275">
    <ele>112</ele>
    <time>2026-08-11T17:42:52Z</time>
    <extensions>
     <gpxdata:hr>136</gpxdata:hr>
     <gpxdata:distance>1976.00</gpxdata:distance>
     <gpxdata:speed>8.533</gpxdata:speed>
    </extensions>
   </trkpt>
   <trkpt lat="51.0626269" lon="13.7735504">
    <ele>113</ele>
    <time>2026-08-11T17:42:53Z</time>
    <extensions>
     <gpxdata:hr>135</gpxdata:hr>
     <gpxdata:distance>1984.50</gpxdata:distance>
     <gpxdata:speed>8.556</gpxdata:speed>
    </extensions>
   </trkpt>
   <trkpt lat="51.0626312" lon="13.7736733">
    <ele>113</ele>
    <time>2026-08-11T17:42:54Z</time>
    <extensions>
     <gpxdata:hr>133</gpxdata:hr>
     <gpxdata:distance>1993.00</gpxdata:distance>
     <gpxdata:speed>8.569</gpxdata:speed>
    </extensions>
   </trkpt>
   <trkpt lat="51.0626362" lon="13.7737954">
    <ele>113</ele>
    <time>2026-08-11T17:42:55Z</time>
    <extensions>
     <gpxdata:hr>133</gpxdata:hr>
     <gpxdata:distance>2001.50</gpxdata:distance>
     <gpxdata:speed>8.578</gpxdata:speed>
    </extensions>
   </trkpt>
   <trkpt lat="51.0626419" lon="13.7739161">
    <ele>113</ele>
    <time>2026-08-11T17:42:56Z</time>
    <extensions>
     <gpxdata:hr>133</gpxdata:hr>
     <gpxdata:distance>2010.00</gpxdata:distance>
     <gpxdata:speed>8.567</gpxdata:speed>
    </extensions>
   </trkpt>
   <trkpt lat="51.0626479" lon="13.7740353">
    <ele>113</ele>
    <time>2026-08-11T17:42:57Z</time>
    <extensions>
     <gpxdata:hr>133</gpxdata:hr>
     <gpxdata:distance>2018.50</gpxdata:distance>
     <gpxdata:speed>8.525</gpxdata:speed>
    </extensions>
   </trkpt>
   <trkpt lat="51.0626544" lon="13.7741524">
    <ele>113</ele>
    <time>2026-08-11T17:42:58Z</time>
    <extensions>
     <gpxdata:hr>132</gpxdata:hr>
     <gpxdata:distance>2027.00</gpxdata:distance>
     <gpxdata:speed>8.464</gpxdata:speed>
    </extensions>
   </trkpt>
   <trkpt lat="51.0626605" lon="13.7742689">
    <ele>113</ele>
    <time>2026-08-11T17:42:59Z</time>
    <extensions>
     <gpxdata:hr>133</gpxdata:hr>
     <gpxdata:distance>2035.00</gpxdata:distance>
     <gpxdata:speed>8.378</gpxdata:speed>
    </extensions>
   </trkpt>
   <trkpt lat="51.0626659" lon="13.7743845">
    <ele>113</ele>
    <time>2026-08-11T17:43:00Z</time>
    <extensions>
     <gpxdata:hr>132</gpxdata:hr>
     <gpxdata:distance>2043.00</gpxdata:distance>
     <gpxdata:speed>8.311</gpxdata:speed>
    </extensions>
   </trkpt>
   <trkpt lat="51.0626707" lon="13.7744991">
    <ele>113</ele>
    <time>2026-08-11T17:43:01Z</time>
    <extensions>
     <gpxdata:hr>131</gpxdata:hr>
     <gpxdata:distance>2051.00</gpxdata:distance>
     <gpxdata:speed>8.247</gpxdata:speed>
    </extensions>
   </trkpt>
   <trkpt lat="51.0626752" lon="13.7746128">
    <ele>113</ele>
    <time>2026-08-11T17:43:02Z</time>
    <extensions>
     <gpxdata:hr>131</gpxdata:hr>
     <gpxdata:distance>2059.00</gpxdata:distance>
     <gpxdata:speed>8.169</gpxdata:speed>
    </extensions>
   </trkpt>
   <trkpt lat="51.0626799" lon="13.7747261">
    <ele>113</ele>
    <time>2026-08-11T17:43:03Z</time>
    <extensions>
     <gpxdata:hr>131</gpxdata:hr>
     <gpxdata:distance>2067.00</gpxdata:distance>
     <gpxdata:speed>8.097</gpxdata:speed>
    </extensions>
   </trkpt>
   <trkpt lat="51.0626852" lon="13.7748394">
    <ele>113</ele>
    <time>2026-08-11T17:43:04Z</time>
    <extensions>
     <gpxdata:hr>131</gpxdata:hr>
     <gpxdata:distance>2075.00</gpxdata:distance>
     <gpxdata:speed>8.033</gpxdata:speed>
    </extensions>
   </trkpt>
   <trkpt lat="51.0626908" lon="13.7749535">
    <ele>113</ele>
    <time>2026-08-11T17:43:05Z</time>
    <extensions>
     <gpxdata:hr>130</gpxdata:hr>
     <gpxdata:distance>2083.00</gpxdata:distance>
     <gpxdata:speed>7.994</gpxdata:speed>
    </extensions>
   </trkpt>
   <trkpt lat="51.0626972" lon="13.7750677">
    <ele>113</ele>
    <time>2026-08-11T17:43:06Z</time>
    <extensions>
     <gpxdata:hr>129</gpxdata:hr>
     <gpxdata:distance>2091.00</gpxdata:distance>
     <gpxdata:speed>8.003</gpxdata:speed>
    </extensions>
   </trkpt>
   <trkpt lat="51.0627044" lon="13.7751823">
    <ele>113</ele>
    <time>2026-08-11T17:43:07Z</time>
    <extensions>
     <gpxdata:hr>128</gpxdata:hr>
     <gpxdata:distance>2099.00</gpxdata:distance>
     <gpxdata:speed>8.006</gpxdata:speed>
    </extensions>
   </trkpt>
   <trkpt lat="51.0627114" lon="13.7752969">
    <ele>113</ele>
    <time>2026-08-11T17:43:08Z</time>
    <extensions>
     <gpxdata:hr>128</gpxdata:hr>
     <gpxdata:distance>2107.00</gpxdata:distance>
     <gpxdata:speed>8.019</gpxdata:speed>
    </extensions>
   </trkpt>
   <trkpt lat="51.0627180" lon="13.7754110">
    <ele>113</ele>
    <time>2026-08-11T17:43:09Z</time>
    <extensions>
     <gpxdata:hr>127</gpxdata:hr>
     <gpxdata:distance>2115.00</gpxdata:distance>
     <gpxdata:speed>8.028</gpxdata:speed>
    </extensions>
   </trkpt>
   <trkpt lat="51.0627243" lon="13.7755247">
    <ele>113</ele>
    <time>2026-08-11T17:43:10Z</time>
    <extensions>
     <gpxdata:hr>127</gpxdata:hr>
     <gpxdata:distance>2123.00</gpxdata:distance>
     <gpxdata:speed>8.019</gpxdata:speed>
    </extensions>
   </trkpt>
   <trkpt lat="51.0627310" lon="13.7756378">
    <ele>113</ele>
    <time>2026-08-11T17:43:11Z</time>
    <extensions>
     <gpxdata:hr>127</gpxdata:hr>
     <gpxdata:distance>2131.00</gpxdata:distance>
     <gpxdata:speed>8.006</gpxdata:speed>
    </extensions>
   </trkpt>
   <trkpt lat="51.0627383" lon="13.7757511">
    <ele>113</ele>
    <time>2026-08-11T17:43:12Z</time>
    <extensions>
     <gpxdata:hr>128</gpxdata:hr>
     <gpxdata:distance>2139.00</gpxdata:distance>
     <gpxdata:speed>7.986</gpxdata:speed>
    </extensions>
   </trkpt>
   <trkpt lat="51.0627437" lon="13.7758641">
    <ele>113</ele>
    <time>2026-08-11T17:43:13Z</time>
    <extensions>
     <gpxdata:hr>127</gpxdata:hr>
     <gpxdata:distance>2147.00</gpxdata:distance>
     <gpxdata:speed>7.986</gpxdata:speed>
    </extensions>
   </trkpt>
   <trkpt lat="51.0627476" lon="13.7759763">
    <ele>113</ele>
    <time>2026-08-11T17:43:14Z</time>
    <extensions>
     <gpxdata:hr>128</gpxdata:hr>
     <gpxdata:distance>2155.00</gpxdata:distance>
     <gpxdata:speed>7.964</gpxdata:speed>
    </extensions>
   </trkpt>
   <trkpt lat="51.0627521" lon="13.7760883">
    <ele>113</ele>
    <time>2026-08-11T17:43:15Z</time>
    <extensions>
     <gpxdata:hr>127</gpxdata:hr>
     <gpxdata:distance>2163.00</gpxdata:distance>
     <gpxdata:speed>7.925</gpxdata:speed>
    </extensions>
   </trkpt>
   <trkpt lat="51.0627580" lon="13.7762006">
    <ele>112</ele>
    <time>2026-08-11T17:43:16Z</time>
    <extensions>
     <gpxdata:hr>127</gpxdata:hr>
     <gpxdata:distance>2171.00</gpxdata:distance>
     <gpxdata:speed>7.903</gpxdata:speed>
    </extensions>
   </trkpt>
   <trkpt lat="51.0627647" lon="13.7763133">
    <ele>112</ele>
    <time>2026-08-11T17:43:17Z</time>
    <extensions>
     <gpxdata:hr>128</gpxdata:hr>
     <gpxdata:distance>2178.50</gpxdata:distance>
     <gpxdata:speed>7.903</gpxdata:speed>
    </extensions>
   </trkpt>
   <trkpt lat="51.0627713" lon="13.7764264">
    <ele>112</ele>
    <time>2026-08-11T17:43:18Z</time>
    <extensions>
     <gpxdata:hr>127</gpxdata:hr>
     <gpxdata:distance>2186.00</gpxdata:distance>
     <gpxdata:speed>7.911</gpxdata:speed>
    </extensions>
   </trkpt>
   <trkpt lat="51.0627780" lon="13.7765397">
    <ele>112</ele>
    <time>2026-08-11T17:43:19Z</time>
    <extensions>
     <gpxdata:hr>127</gpxdata:hr>
     <gpxdata:distance>2194.00</gpxdata:distance>
     <gpxdata:speed>7.922</gpxdata:speed>
    </extensions>
   </trkpt>
   <trkpt lat="51.0627852" lon="13.7766526">
    <ele>112</ele>
    <time>2026-08-11T17:43:20Z</time>
    <extensions>
     <gpxdata:hr>127</gpxdata:hr>
     <gpxdata:distance>2202.00</gpxdata:distance>
     <gpxdata:speed>7.933</gpxdata:speed>
    </extensions>
   </trkpt>
   <trkpt lat="51.0627929" lon="13.7767646">
    <ele>112</ele>
    <time>2026-08-11T17:43:21Z</time>
    <extensions>
     <gpxdata:hr>127</gpxdata:hr>
     <gpxdata:distance>2210.00</gpxdata:distance>
     <gpxdata:speed>7.933</gpxdata:speed>
    </extensions>
   </trkpt>
   <trkpt lat="51.0628010" lon="13.7768757">
    <ele>112</ele>
    <time>2026-08-11T17:43:22Z</time>
    <extensions>
     <gpxdata:hr>127</gpxdata:hr>
     <gpxdata:distance>2218.00</gpxdata:distance>
     <gpxdata:speed>7.911</gpxdata:speed>
    </extensions>
   </trkpt>
   <trkpt lat="51.0628089" lon="13.7769865">
    <ele>112</ele>
    <time>2026-08-11T17:43:23Z</time>
    <extensions>
     <gpxdata:hr>126</gpxdata:hr>
     <gpxdata:distance>2226.00</gpxdata:distance>
     <gpxdata:speed>7.878</gpxdata:speed>
    </extensions>
   </trkpt>
   <trkpt lat="51.0628152" lon="13.7770978">
    <ele>112</ele>
    <time>2026-08-11T17:43:24Z</time>
    <extensions>
     <gpxdata:hr>126</gpxdata:hr>
     <gpxdata:distance>2234.00</gpxdata:distance>
     <gpxdata:speed>7.856</gpxdata:speed>
    </extensions>
   </trkpt>
   <trkpt lat="51.0628215" lon="13.7772111">
    <ele>112</ele>
    <time>2026-08-11T17:43:25Z</time>
    <extensions>
     <gpxdata:hr>126</gpxdata:hr>
     <gpxdata:distance>2242.00</gpxdata:distance>
     <gpxdata:speed>7.850</gpxdata:speed>
    </extensions>
   </trkpt>
   <trkpt lat="51.0628285" lon="13.7773256">
    <ele>112</ele>
    <time>2026-08-11T17:43:26Z</time>
    <extensions>
     <gpxdata:hr>126</gpxdata:hr>
     <gpxdata:distance>2250.00</gpxdata:distance>
     <gpxdata:speed>7.897</gpxdata:speed>
    </extensions>
   </trkpt>
   <trkpt lat="51.0628362" lon="13.7774403">
    <ele>112</ele>
    <time>2026-08-11T17:43:27Z</time>
    <extensions>
     <gpxdata:hr>125</gpxdata:hr>
     <gpxdata:distance>2258.00</gpxdata:distance>
     <gpxdata:speed>7.953</gpxdata:speed>
    </extensions>
   </trkpt>
   <trkpt lat="51.0628444" lon="13.7775553">
    <ele>112</ele>
    <time>2026-08-11T17:43:28Z</time>
    <extensions>
     <gpxdata:hr>125</gpxdata:hr>
     <gpxdata:distance>2266.00</gpxdata:distance>
     <gpxdata:speed>7.986</gpxdata:speed>
    </extensions>
   </trkpt>
   <trkpt lat="51.0628528" lon="13.7776705">
    <ele>112</ele>
    <time>2026-08-11T17:43:29Z</time>
    <extensions>
     <gpxdata:hr>125</gpxdata:hr>
     <gpxdata:distance>2274.00</gpxdata:distance>
     <gpxdata:speed>8.025</gpxdata:speed>
    </extensions>
   </trkpt>
   <trkpt lat="51.0628613" lon="13.7777855">
    <ele>112</ele>
    <time>2026-08-11T17:43:30Z</time>
    <extensions>
     <gpxdata:hr>124</gpxdata:hr>
     <gpxdata:distance>2282.00</gpxdata:distance>
     <gpxdata:speed>8.053</gpxdata:speed>
    </extensions>
   </trkpt>
   <trkpt lat="51.0628692" lon="13.7779001">
    <ele>112</ele>
    <time>2026-08-11T17:43:31Z</time>
    <extensions>
     <gpxdata:hr>124</gpxdata:hr>
     <gpxdata:distance>2290.00</gpxdata:distance>
     <gpxdata:speed>8.067</gpxdata:speed>
    </extensions>
   </trkpt>
   <trkpt lat="51.0628761" lon="13.7780151">
    <ele>112</ele>
    <time>2026-08-11T17:43:32Z</time>
    <extensions>
     <gpxdata:hr>124</gpxdata:hr>
     <gpxdata:distance>2298.00</gpxdata:distance>
     <gpxdata:speed>8.064</gpxdata:speed>
    </extensions>
   </trkpt>
   <trkpt lat="51.0628825" lon="13.7781311">
    <ele>112</ele>
    <time>2026-08-11T17:43:33Z</time>
    <extensions>
     <gpxdata:hr>124</gpxdata:hr>
     <gpxdata:distance>2306.00</gpxdata:distance>
     <gpxdata:speed>8.075</gpxdata:speed>
    </extensions>
   </trkpt>
   <trkpt lat="51.0628894" lon="13.7782484">
    <ele>112</ele>
    <time>2026-08-11T17:43:34Z</time>
    <extensions>
     <gpxdata:hr>124</gpxdata:hr>
     <gpxdata:distance>2314.00</gpxdata:distance>
     <gpxdata:speed>8.106</gpxdata:speed>
    </extensions>
   </trkpt>
   <trkpt lat="51.0628971" lon="13.7783659">
    <ele>112</ele>
    <time>2026-08-11T17:43:35Z</time>
    <extensions>
     <gpxdata:hr>123</gpxdata:hr>
     <gpxdata:distance>2322.50</gpxdata:distance>
     <gpxdata:speed>8.161</gpxdata:speed>
    </extensions>
   </trkpt>
   <trkpt lat="51.0629052" lon="13.7784817">
    <ele>112</ele>
    <time>2026-08-11T17:43:36Z</time>
    <extensions>
     <gpxdata:hr>123</gpxdata:hr>
     <gpxdata:distance>2331.00</gpxdata:distance>
     <gpxdata:speed>8.197</gpxdata:speed>
    </extensions>
   </trkpt>
   <trkpt lat="51.0629132" lon="13.7785951">
    <ele>112</ele>
    <time>2026-08-11T17:43:37Z</time>
    <extensions>
     <gpxdata:hr>123</gpxdata:hr>
     <gpxdata:distance>2339.00</gpxdata:distance>
     <gpxdata:speed>8.169</gpxdata:speed>
    </extensions>
   </trkpt>
   <trkpt lat="51.0629210" lon="13.7787068">
    <ele>112</ele>
    <time>2026-08-11T17:43:38Z</time>
    <extensions>
     <gpxdata:hr>123</gpxdata:hr>
     <gpxdata:distance>2347.00</gpxdata:distance>
     <gpxdata:speed>8.092</gpxdata:speed>
    </extensions>
   </trkpt>
   <trkpt lat="51.0629290" lon="13.7788182">
    <ele>112</ele>
    <time>2026-08-11T17:43:39Z</time>
    <extensions>
     <gpxdata:hr>123</gpxdata:hr>
     <gpxdata:distance>2355.00</gpxdata:distance>
     <gpxdata:speed>8.011</gpxdata:speed>
    </extensions>
   </trkpt>
   <trkpt lat="51.0629370" lon="13.7789303">
    <ele>112</ele>
    <time>2026-08-11T17:43:40Z</time>
    <extensions>
     <gpxdata:hr>124</gpxdata:hr>
     <gpxdata:distance>2363.00</gpxdata:distance>
     <gpxdata:speed>7.961</gpxdata:speed>
    </extensions>
   </trkpt>
   <trkpt lat="51.0629448" lon="13.7790441">
    <ele>112</ele>
    <time>2026-08-11T17:43:41Z</time>
    <extensions>
     <gpxdata:hr>125</gpxdata:hr>
     <gpxdata:distance>2371.00</gpxdata:distance>
     <gpxdata:speed>7.944</gpxdata:speed>
    </extensions>
   </trkpt>
   <trkpt lat="51.0629520" lon="13.7791595">
    <ele>112</ele>
    <time>2026-08-11T17:43:42Z</time>
    <extensions>
     <gpxdata:hr>126</gpxdata:hr>
     <gpxdata:distance>2379.00</gpxdata:distance>
     <gpxdata:speed>7.978</gpxdata:speed>
    </extensions>
   </trkpt>
   <trkpt lat="51.0629593" lon="13.7792774">
    <ele>112</ele>
    <time>2026-08-11T17:43:43Z</time>
    <extensions>
     <gpxdata:hr>126</gpxdata:hr>
     <gpxdata:distance>2387.00</gpxdata:distance>
     <gpxdata:speed>8.028</gpxdata:speed>
    </extensions>
   </trkpt>
   <trkpt lat="51.0629667" lon="13.7793986">
    <ele>112</ele>
    <time>2026-08-11T17:43:44Z</time>
    <extensions>
     <gpxdata:hr>126</gpxdata:hr>
     <gpxdata:distance>2395.00</gpxdata:distance>
     <gpxdata:speed>8.122</gpxdata:speed>
    </extensions>
   </trkpt>
   <trkpt lat="51.0629742" lon="13.7795236">
    <ele>112</ele>
    <time>2026-08-11T17:43:45Z</time>
    <extensions>
     <gpxdata:hr>127</gpxdata:hr>
     <gpxdata:distance>2404.00</gpxdata:distance>
     <gpxdata:speed>8.267</gpxdata:speed>
    </extensions>
   </trkpt>
   <trkpt lat="51.0629826" lon="13.7796506">
    <ele>112</ele>
    <time>2026-08-11T17:43:46Z</time>
    <extensions>
     <gpxdata:hr>126</gpxdata:hr>
     <gpxdata:distance>2413.00</gpxdata:distance>
     <gpxdata:speed>8.450</gpxdata:speed>
    </extensions>
   </trkpt>
   <trkpt lat="51.0629919" lon="13.7797793">
    <ele>112</ele>
    <time>2026-08-11T17:43:47Z</time>
    <extensions>
     <gpxdata:hr>126</gpxdata:hr>
     <gpxdata:distance>2422.00</gpxdata:distance>
     <gpxdata:speed>8.811</gpxdata:speed>
    </extensions>
   </trkpt>
   <trkpt lat="51.0630017" lon="13.7799098">
    <ele>113</ele>
    <time>2026-08-11T17:43:48Z</time>
    <extensions>
     <gpxdata:hr>127</gpxdata:hr>
     <gpxdata:distance>2431.00</gpxdata:distance>
     <gpxdata:speed>8.978</gpxdata:speed>
    </extensions>
   </trkpt>
   <trkpt lat="51.0630116" lon="13.7800423">
    <ele>113</ele>
    <time>2026-08-11T17:43:49Z</time>
    <extensions>
     <gpxdata:hr>129</gpxdata:hr>
     <gpxdata:distance>2440.50</gpxdata:distance>
     <gpxdata:speed>9.119</gpxdata:speed>
    </extensions>
   </trkpt>
   <trkpt lat="51.0630220" lon="13.7801772">
    <ele>113</ele>
    <time>2026-08-11T17:43:50Z</time>
    <extensions>
     <gpxdata:hr>131</gpxdata:hr>
     <gpxdata:distance>2450.00</gpxdata:distance>
     <gpxdata:speed>9.278</gpxdata:speed>
    </extensions>
   </trkpt>
   <trkpt lat="51.0630321" lon="13.7803141">
    <ele>113</ele>
    <time>2026-08-11T17:43:51Z</time>
    <extensions>
     <gpxdata:hr>132</gpxdata:hr>
     <gpxdata:distance>2459.50</gpxdata:distance>
     <gpxdata:speed>9.450</gpxdata:speed>
    </extensions>
   </trkpt>
   <trkpt lat="51.0630394" lon="13.7804529">
    <ele>112</ele>
    <time>2026-08-11T17:43:52Z</time>
    <extensions>
     <gpxdata:hr>134</gpxdata:hr>
     <gpxdata:distance>2469.00</gpxdata:distance>
     <gpxdata:speed>9.581</gpxdata:speed>
    </extensions>
   </trkpt>
   <trkpt lat="51.0630445" lon="13.7805924">
    <ele>112</ele>
    <time>2026-08-11T17:43:53Z</time>
    <extensions>
     <gpxdata:hr>136</gpxdata:hr>
     <gpxdata:distance>2479.00</gpxdata:distance>
     <gpxdata:speed>9.686</gpxdata:speed>
    </extensions>
   </trkpt>
   <trkpt lat="51.0630500" lon="13.7807313">
    <ele>112</ele>
    <time>2026-08-11T17:43:54Z</time>
    <extensions>
     <gpxdata:hr>137</gpxdata:hr>
     <gpxdata:distance>2489.00</gpxdata:distance>
     <gpxdata:speed>9.725</gpxdata:speed>
    </extensions>
   </trkpt>
   <trkpt lat="51.0630574" lon="13.7808696">
    <ele>112</ele>
    <time>2026-08-11T17:43:55Z</time>
    <extensions>
     <gpxdata:hr>138</gpxdata:hr>
     <gpxdata:distance>2498.50</gpxdata:distance>
     <gpxdata:speed>9.739</gpxdata:speed>
    </extensions>
   </trkpt>
   <trkpt lat="51.0630656" lon="13.7810079">
    <ele>112</ele>
    <time>2026-08-11T17:43:56Z</time>
    <extensions>
     <gpxdata:hr>139</gpxdata:hr>
     <gpxdata:distance>2508.00</gpxdata:distance>
     <gpxdata:speed>9.733</gpxdata:speed>
    </extensions>
   </trkpt>
   <trkpt lat="51.0630711" lon="13.7811490">
    <ele>112</ele>
    <time>2026-08-11T17:43:57Z</time>
    <extensions>
     <gpxdata:hr>139</gpxdata:hr>
     <gpxdata:distance>2518.00</gpxdata:distance>
     <gpxdata:speed>9.742</gpxdata:speed>
    </extensions>
   </trkpt>
   <trkpt lat="51.0630726" lon="13.7812960">
    <ele>112</ele>
    <time>2026-08-11T17:43:58Z</time>
    <extensions>
     <gpxdata:hr>140</gpxdata:hr>
     <gpxdata:distance>2528.00</gpxdata:distance>
     <gpxdata:speed>9.889</gpxdata:speed>
    </extensions>
   </trkpt>
   <trkpt lat="51.0630706" lon="13.7814499">
    <ele>112</ele>
    <time>2026-08-11T17:43:59Z</time>
    <extensions>
     <gpxdata:hr>141</gpxdata:hr>
     <gpxdata:distance>2539.00</gpxdata:distance>
     <gpxdata:speed>10.256</gpxdata:speed>
    </extensions>
   </trkpt>
   <trkpt lat="51.0630672" lon="13.7816100">
    <ele>112</ele>
    <time>2026-08-11T17:44:00Z</time>
    <extensions>
     <gpxdata:hr>141</gpxdata:hr>
     <gpxdata:distance>2550.00</gpxdata:distance>
     <gpxdata:speed>10.669</gpxdata:speed>
    </extensions>
   </trkpt>
   <trkpt lat="51.0630634" lon="13.7817761">
    <ele>113</ele>
    <time>2026-08-11T17:44:01Z</time>
    <extensions>
     <gpxdata:hr>141</gpxdata:hr>
     <gpxdata:distance>2561.50</gpxdata:distance>
     <gpxdata:speed>11.050</gpxdata:speed>
    </extensions>
   </trkpt>
   <trkpt lat="51.0630590" lon="13.7819476">
    <ele>113</ele>
    <time>2026-08-11T17:44:02Z</time>
    <extensions>
     <gpxdata:hr>141</gpxdata:hr>
     <gpxdata:distance>2573.00</gpxdata:distance>
     <gpxdata:speed>11.453</gpxdata:speed>
    </extensions>
   </trkpt>
   <trkpt lat="51.0630539" lon="13.7821231">
    <ele>113</ele>
    <time>2026-08-11T17:44:03Z</time>
    <extensions>
     <gpxdata:hr>142</gpxdata:hr>
     <gpxdata:distance>2585.50</gpxdata:distance>
     <gpxdata:speed>11.844</gpxdata:speed>
    </extensions>
   </trkpt>
   <trkpt lat="51.0630473" lon="13.7823002">
    <ele>113</ele>
    <time>2026-08-11T17:44:04Z</time>
    <extensions>
     <gpxdata:hr>143</gpxdata:hr>
     <gpxdata:distance>2598.00</gpxdata:distance>
     <gpxdata:speed>12.119</gpxdata:speed>
    </extensions>
   </trkpt>
   <trkpt lat="51.0630390" lon="13.7824775">
    <ele>113</ele>
    <time>2026-08-11T17:44:05Z</time>
    <extensions>
     <gpxdata:hr>144</gpxdata:hr>
     <gpxdata:distance>2610.00</gpxdata:distance>
     <gpxdata:speed>12.258</gpxdata:speed>
    </extensions>
   </trkpt>
   <trkpt lat="51.0630283" lon="13.7826544">
    <ele>113</ele>
    <time>2026-08-11T17:44:06Z</time>
    <extensions>
     <gpxdata:hr>146</gpxdata:hr>
     <gpxdata:distance>2622.00</gpxdata:distance>
     <gpxdata:speed>12.333</gpxdata:speed>
    </extensions>
   </trkpt>
   <trkpt lat="51.0630157" lon="13.7828301">
    <ele>113</ele>
    <time>2026-08-11T17:44:07Z</time>
    <extensions>
     <gpxdata:hr>148</gpxdata:hr>
     <gpxdata:distance>2634.50</gpxdata:distance>
     <gpxdata:speed>12.367</gpxdata:speed>
    </extensions>
   </trkpt>
   <trkpt lat="51.0630025" lon="13.7830053">
    <ele>113</ele>
    <time>2026-08-11T17:44:08Z</time>
    <extensions>
     <gpxdata:hr>149</gpxdata:hr>
     <gpxdata:distance>2647.00</gpxdata:distance>
     <gpxdata:speed>12.347</gpxdata:speed>
    </extensions>
   </trkpt>
   <trkpt lat="51.0629895" lon="13.7831810">
    <ele>113</ele>
    <time>2026-08-11T17:44:09Z</time>
    <extensions>
     <gpxdata:hr>151</gpxdata:hr>
     <gpxdata:distance>2659.50</gpxdata:distance>
     <gpxdata:speed>12.339</gpxdata:speed>
    </extensions>
   </trkpt>
   <trkpt lat="51.0629755" lon="13.7833574">
    <ele>112</ele>
    <time>2026-08-11T17:44:10Z</time>
    <extensions>
     <gpxdata:hr>154</gpxdata:hr>
     <gpxdata:distance>2672.00</gpxdata:distance>
     <gpxdata:speed>12.378</gpxdata:speed>
    </extensions>
   </trkpt>
   <trkpt lat="51.0629567" lon="13.7835337">
    <ele>112</ele>
    <time>2026-08-11T17:44:11Z</time>
    <extensions>
     <gpxdata:hr>156</gpxdata:hr>
     <gpxdata:distance>2684.50</gpxdata:distance>
     <gpxdata:speed>12.433</gpxdata:speed>
    </extensions>
   </trkpt>
   <trkpt lat="51.0629329" lon="13.7837108">
    <ele>112</ele>
    <time>2026-08-11T17:44:12Z</time>
    <extensions>
     <gpxdata:hr>157</gpxdata:hr>
     <gpxdata:distance>2697.00</gpxdata:distance>
     <gpxdata:speed>12.489</gpxdata:speed>
    </extensions>
   </trkpt>
   <trkpt lat="51.0629070" lon="13.7838897">
    <ele>112</ele>
    <time>2026-08-11T17:44:13Z</time>
    <extensions>
     <gpxdata:hr>158</gpxdata:hr>
     <gpxdata:distance>2710.00</gpxdata:distance>
     <gpxdata:speed>12.647</gpxdata:speed>
    </extensions>
   </trkpt>
   <trkpt lat="51.0628810" lon="13.7840704">
    <ele>112</ele>
    <time>2026-08-11T17:44:14Z</time>
    <extensions>
     <gpxdata:hr>159</gpxdata:hr>
     <gpxdata:distance>2723.00</gpxdata:distance>
     <gpxdata:speed>12.744</gpxdata:speed>
    </extensions>
   </trkpt>
   <trkpt lat="51.0628559" lon="13.7842517">
    <ele>112</ele>
    <time>2026-08-11T17:44:15Z</time>
    <extensions>
     <gpxdata:hr>159</gpxdata:hr>
     <gpxdata:distance>2736.00</gpxdata:distance>
     <gpxdata:speed>12.836</gpxdata:speed>
    </extensions>
   </trkpt>
   <trkpt lat="51.0628330" lon="13.7844325">
    <ele>112</ele>
    <time>2026-08-11T17:44:16Z</time>
    <extensions>
     <gpxdata:hr>160</gpxdata:hr>
     <gpxdata:distance>2749.00</gpxdata:distance>
     <gpxdata:speed>12.883</gpxdata:speed>
    </extensions>
   </trkpt>
   <trkpt lat="51.0628130" lon="13.7846127">
    <ele>112</ele>
    <time>2026-08-11T17:44:17Z</time>
    <extensions>
     <gpxdata:hr>161</gpxdata:hr>
     <gpxdata:distance>2761.50</gpxdata:distance>
     <gpxdata:speed>12.886</gpxdata:speed>
    </extensions>
   </trkpt>
   <trkpt lat="51.0627955" lon="13.7847925">
    <ele>112</ele>
    <time>2026-08-11T17:44:18Z</time>
    <extensions>
     <gpxdata:hr>161</gpxdata:hr>
     <gpxdata:distance>2774.00</gpxdata:distance>
     <gpxdata:speed>12.853</gpxdata:speed>
    </extensions>
   </trkpt>
   <trkpt lat="51.0627792" lon="13.7849713">
    <ele>112</ele>
    <time>2026-08-11T17:44:19Z</time>
    <extensions>
     <gpxdata:hr>161</gpxdata:hr>
     <gpxdata:distance>2786.50</gpxdata:distance>
     <gpxdata:speed>12.822</gpxdata:speed>
    </extensions>
   </trkpt>
   <trkpt lat="51.0627623" lon="13.7851484">
    <ele>112</ele>
    <time>2026-08-11T17:44:20Z</time>
    <extensions>
     <gpxdata:hr>161</gpxdata:hr>
     <gpxdata:distance>2799.00</gpxdata:distance>
     <gpxdata:speed>12.761</gpxdata:speed>
    </extensions>
   </trkpt>
   <trkpt lat="51.0627433" lon="13.7853252">
    <ele>112</ele>
    <time>2026-08-11T17:44:21Z</time>
    <extensions>
     <gpxdata:hr>161</gpxdata:hr>
     <gpxdata:distance>2811.50</gpxdata:distance>
     <gpxdata:speed>12.683</gpxdata:speed>
    </extensions>
   </trkpt>
   <trkpt lat="51.0627225" lon="13.7855016">
    <ele>112</ele>
    <time>2026-08-11T17:44:22Z</time>
    <extensions>
     <gpxdata:hr>161</gpxdata:hr>
     <gpxdata:distance>2824.00</gpxdata:distance>
     <gpxdata:speed>12.650</gpxdata:speed>
    </extensions>
   </trkpt>
   <trkpt lat="51.0627013" lon="13.7856774">
    <ele>112</ele>
    <time>2026-08-11T17:44:23Z</time>
    <extensions>
     <gpxdata:hr>162</gpxdata:hr>
     <gpxdata:distance>2836.50</gpxdata:distance>
     <gpxdata:speed>12.619</gpxdata:speed>
    </extensions>
   </trkpt>
   <trkpt lat="51.0626806" lon="13.7858526">
    <ele>112</ele>
    <time>2026-08-11T17:44:24Z</time>
    <extensions>
     <gpxdata:hr>162</gpxdata:hr>
     <gpxdata:distance>2849.00</gpxdata:distance>
     <gpxdata:speed>12.581</gpxdata:speed>
    </extensions>
   </trkpt>
   <trkpt lat="51.0626603" lon="13.7860277">
    <ele>112</ele>
    <time>2026-08-11T17:44:25Z</time>
    <extensions>
     <gpxdata:hr>162</gpxdata:hr>
     <gpxdata:distance>2861.50</gpxdata:distance>
     <gpxdata:speed>12.536</gpxdata:speed>
    </extensions>
   </trkpt>
   <trkpt lat="51.0626391" lon="13.7862018">
    <ele>112</ele>
    <time>2026-08-11T17:44:26Z</time>
    <extensions>
     <gpxdata:hr>162</gpxdata:hr>
     <gpxdata:distance>2874.00</gpxdata:distance>
     <gpxdata:speed>12.503</gpxdata:speed>
    </extensions>
   </trkpt>
   <trkpt lat="51.0626158" lon="13.7863742">
    <ele>112</ele>
    <time>2026-08-11T17:44:27Z</time>
    <extensions>
     <gpxdata:hr>162</gpxdata:hr>
     <gpxdata:distance>2886.50</gpxdata:distance>
     <gpxdata:speed>12.464</gpxdata:speed>
    </extensions>
   </trkpt>
   <trkpt lat="51.0625881" lon="13.7865451">
    <ele>112</ele>
    <time>2026-08-11T17:44:28Z</time>
    <extensions>
     <gpxdata:hr>162</gpxdata:hr>
     <gpxdata:distance>2899.00</gpxdata:distance>
     <gpxdata:speed>12.414</gpxdata:speed>
    </extensions>
   </trkpt>
   <trkpt lat="51.0625553" lon="13.7867139">
    <ele>112</ele>
    <time>2026-08-11T17:44:29Z</time>
    <extensions>
     <gpxdata:hr>161</gpxdata:hr>
     <gpxdata:distance>2911.50</gpxdata:distance>
     <gpxdata:speed>12.392</gpxdata:speed>
    </extensions>
   </trkpt>
   <trkpt lat="51.0625197" lon="13.7868810">
    <ele>112</ele>
    <time>2026-08-11T17:44:30Z</time>
    <extensions>
     <gpxdata:hr>159</gpxdata:hr>
     <gpxdata:distance>2924.00</gpxdata:distance>
     <gpxdata:speed>12.378</gpxdata:speed>
    </extensions>
   </trkpt>
   <trkpt lat="51.0624840" lon="13.7870469">
    <ele>112</ele>
    <time>2026-08-11T17:44:31Z</time>
    <extensions>
     <gpxdata:hr>158</gpxdata:hr>
     <gpxdata:distance>2936.00</gpxdata:distance>
     <gpxdata:speed>12.361</gpxdata:speed>
    </extensions>
   </trkpt>
   <trkpt lat="51.0624507" lon="13.7872129">
    <ele>112</ele>
    <time>2026-08-11T17:44:32Z</time>
    <extensions>
     <gpxdata:hr>160</gpxdata:hr>
     <gpxdata:distance>2948.00</gpxdata:distance>
     <gpxdata:speed>12.314</gpxdata:speed>
    </extensions>
   </trkpt>
   <trkpt lat="51.0624236" lon="13.7873815">
    <ele>111</ele>
    <time>2026-08-11T17:44:33Z</time>
    <extensions>
     <gpxdata:hr>160</gpxdata:hr>
     <gpxdata:distance>2960.50</gpxdata:distance>
     <gpxdata:speed>12.267</gpxdata:speed>
    </extensions>
   </trkpt>
   <trkpt lat="51.0624039" lon="13.7875542">
    <ele>111</ele>
    <time>2026-08-11T17:44:34Z</time>
    <extensions>
     <gpxdata:hr>160</gpxdata:hr>
     <gpxdata:distance>2973.00</gpxdata:distance>
     <gpxdata:speed>12.244</gpxdata:speed>
    </extensions>
   </trkpt>
   <trkpt lat="51.0623896" lon="13.7877290">
    <ele>111</ele>
    <time>2026-08-11T17:44:35Z</time>
    <extensions>
     <gpxdata:hr>161</gpxdata:hr>
     <gpxdata:distance>2985.00</gpxdata:distance>
     <gpxdata:speed>12.272</gpxdata:speed>
    </extensions>
   </trkpt>
   <trkpt lat="51.0623769" lon="13.7879034">
    <ele>111</ele>
    <time>2026-08-11T17:44:36Z</time>
    <extensions>
     <gpxdata:hr>160</gpxdata:hr>
     <gpxdata:distance>2997.00</gpxdata:distance>
     <gpxdata:speed>12.294</gpxdata:speed>
    </extensions>
   </trkpt>
   <trkpt lat="51.0623646" lon="13.7880775">
    <ele>111</ele>
    <time>2026-08-11T17:44:37Z</time>
    <extensions>
     <gpxdata:hr>160</gpxdata:hr>
     <gpxdata:distance>3009.50</gpxdata:distance>
     <gpxdata:speed>12.278</gpxdata:speed>
    </extensions>
   </trkpt>
   <trkpt lat="51.0623520" lon="13.7882518">
    <ele>110</ele>
    <time>2026-08-11T17:44:38Z</time>
    <extensions>
     <gpxdata:hr>160</gpxdata:hr>
     <gpxdata:distance>3022.00</gpxdata:distance>
     <gpxdata:speed>12.269</gpxdata:speed>
    </extensions>
   </trkpt>
   <trkpt lat="51.0623401" lon="13.7884274">
    <ele>110</ele>
    <time>2026-08-11T17:44:39Z</time>
    <extensions>
     <gpxdata:hr>160</gpxdata:hr>
     <gpxdata:distance>3034.50</gpxdata:distance>
     <gpxdata:speed>12.272</gpxdata:speed>
    </extensions>
   </trkpt>
   <trkpt lat="51.0623289" lon="13.7886035">
    <ele>110</ele>
    <time>2026-08-11T17:44:40Z</time>
    <extensions>
     <gpxdata:hr>160</gpxdata:hr>
     <gpxdata:distance>3047.00</gpxdata:distance>
     <gpxdata:speed>12.308</gpxdata:speed>
    </extensions>
   </trkpt>
   <trkpt lat="51.0623175" lon="13.7887790">
    <ele>110</ele>
    <time>2026-08-11T17:44:41Z</time>
    <extensions>
     <gpxdata:hr>160</gpxdata:hr>
     <gpxdata:distance>3059.00</gpxdata:distance>
     <gpxdata:speed>12.331</gpxdata:speed>
    </extensions>
   </trkpt>
   <trkpt lat="51.0623055" lon="13.7889534">
    <ele>110</ele>
    <time>2026-08-11T17:44:42Z</time>
    <extensions>
     <gpxdata:hr>160</gpxdata:hr>
     <gpxdata:distance>3071.00</gpxdata:distance>
     <gpxdata:speed>12.328</gpxdata:speed>
    </extensions>
   </trkpt>
   <trkpt lat="51.0622931" lon="13.7891263">
    <ele>110</ele>
    <time>2026-08-11T17:44:43Z</time>
    <extensions>
     <gpxdata:hr>160</gpxdata:hr>
     <gpxdata:distance>3083.50</gpxdata:distance>
     <gpxdata:speed>12.308</gpxdata:speed>
    </extensions>
   </trkpt>
   <trkpt lat="51.0622797" lon="13.7892971">
    <ele>110</ele>
    <time>2026-08-11T17:44:44Z</time>
    <extensions>
     <gpxdata:hr>160</gpxdata:hr>
     <gpxdata:distance>3096.00</gpxdata:distance>
     <gpxdata:speed>12.256</gpxdata:speed>
    </extensions>
   </trkpt>
   <trkpt lat="51.0622659" lon="13.7894663">
    <ele>110</ele>
    <time>2026-08-11T17:44:45Z</time>
    <extensions>
     <gpxdata:hr>161</gpxdata:hr>
     <gpxdata:distance>3107.50</gpxdata:distance>
     <gpxdata:speed>12.181</gpxdata:speed>
    </extensions>
   </trkpt>
   <trkpt lat="51.0622536" lon="13.7896345">
    <ele>110</ele>
    <time>2026-08-11T17:44:46Z</time>
    <extensions>
     <gpxdata:hr>161</gpxdata:hr>
     <gpxdata:distance>3119.00</gpxdata:distance>
     <gpxdata:speed>12.089</gpxdata:speed>
    </extensions>
   </trkpt>
   <trkpt lat="51.0622434" lon="13.7898024">
    <ele>110</ele>
    <time>2026-08-11T17:44:47Z</time>
    <extensions>
     <gpxdata:hr>161</gpxdata:hr>
     <gpxdata:distance>3131.00</gpxdata:distance>
     <gpxdata:speed>12.006</gpxdata:speed>
    </extensions>
   </trkpt>
   <trkpt lat="51.0622307" lon="13.7899695">
    <ele>110</ele>
    <time>2026-08-11T17:44:48Z</time>
    <extensions>
     <gpxdata:hr>162</gpxdata:hr>
     <gpxdata:distance>3143.00</gpxdata:distance>
     <gpxdata:speed>11.936</gpxdata:speed>
    </extensions>
   </trkpt>
   <trkpt lat="51.0622109" lon="13.7901347">
    <ele>110</ele>
    <time>2026-08-11T17:44:49Z</time>
    <extensions>
     <gpxdata:hr>162</gpxdata:hr>
     <gpxdata:distance>3155.00</gpxdata:distance>
     <gpxdata:speed>11.883</gpxdata:speed>
    </extensions>
   </trkpt>
   <trkpt lat="51.0621852" lon="13.7902988">
    <ele>110</ele>
    <time>2026-08-11T17:44:50Z</time>
    <extensions>
     <gpxdata:hr>162</gpxdata:hr>
     <gpxdata:distance>3167.00</gpxdata:distance>
     <gpxdata:speed>11.856</gpxdata:speed>
    </extensions>
   </trkpt>
   <trkpt lat="51.0621576" lon="13.7904624">
    <ele>110</ele>
    <time>2026-08-11T17:44:51Z</time>
    <extensions>
     <gpxdata:hr>162</gpxdata:hr>
     <gpxdata:distance>3178.50</gpxdata:distance>
     <gpxdata:speed>11.850</gpxdata:speed>
    </extensions>
   </trkpt>
   <trkpt lat="51.0621304" lon="13.7906262">
    <ele>110</ele>
    <time>2026-08-11T17:44:52Z</time>
    <extensions>
     <gpxdata:hr>162</gpxdata:hr>
     <gpxdata:distance>3190.00</gpxdata:distance>
     <gpxdata:speed>11.847</gpxdata:speed>
    </extensions>
   </trkpt>
   <trkpt lat="51.0621037" lon="13.7907893">
    <ele>110</ele>
    <time>2026-08-11T17:44:53Z</time>
    <extensions>
     <gpxdata:hr>162</gpxdata:hr>
     <gpxdata:distance>3202.00</gpxdata:distance>
     <gpxdata:speed>11.839</gpxdata:speed>
    </extensions>
   </trkpt>
   <trkpt lat="51.0620774" lon="13.7909518">
    <ele>110</ele>
    <time>2026-08-11T17:44:54Z</time>
    <extensions>
     <gpxdata:hr>162</gpxdata:hr>
     <gpxdata:distance>3214.00</gpxdata:distance>
     <gpxdata:speed>11.814</gpxdata:speed>
    </extensions>
   </trkpt>
   <trkpt lat="51.0620514" lon="13.7911137">
    <ele>110</ele>
    <time>2026-08-11T17:44:55Z</time>
    <extensions>
     <gpxdata:hr>162</gpxdata:hr>
     <gpxdata:distance>3225.50</gpxdata:distance>
     <gpxdata:speed>11.781</gpxdata:speed>
    </extensions>
   </trkpt>
   <trkpt lat="51.0620251" lon="13.7912748">
    <ele>110</ele>
    <time>2026-08-11T17:44:56Z</time>
    <extensions>
     <gpxdata:hr>162</gpxdata:hr>
     <gpxdata:distance>3237.00</gpxdata:distance>
     <gpxdata:speed>11.747</gpxdata:speed>
    </extensions>
   </trkpt>
   <trkpt lat="51.0619979" lon="13.7914352">
    <ele>110</ele>
    <time>2026-08-11T17:44:57Z</time>
    <extensions>
     <gpxdata:hr>163</gpxdata:hr>
     <gpxdata:distance>3248.50</gpxdata:distance>
     <gpxdata:speed>11.711</gpxdata:speed>
    </extensions>
   </trkpt>
   <trkpt lat="51.0619702" lon="13.7915963">
    <ele>110</ele>
    <time>2026-08-11T17:44:58Z</time>
    <extensions>
     <gpxdata:hr>163</gpxdata:hr>
     <gpxdata:distance>3260.00</gpxdata:distance>
     <gpxdata:speed>11.681</gpxdata:speed>
    </extensions>
   </trkpt>
   <trkpt lat="51.0619427" lon="13.7917585">
    <ele>110</ele>
    <time>2026-08-11T17:44:59Z</time>
    <extensions>
     <gpxdata:hr>163</gpxdata:hr>
     <gpxdata:distance>3272.00</gpxdata:distance>
     <gpxdata:speed>11.692</gpxdata:speed>
    </extensions>
   </trkpt>
   <trkpt lat="51.0619155" lon="13.7919205">
    <ele>111</ele>
    <time>2026-08-11T17:45:00Z</time>
    <extensions>
     <gpxdata:hr>163</gpxdata:hr>
     <gpxdata:distance>3284.00</gpxdata:distance>
     <gpxdata:speed>11.714</gpxdata:speed>
    </extensions>
   </trkpt>
   <trkpt lat="51.0618886" lon="13.7920821">
    <ele>111</ele>
    <time>2026-08-11T17:45:01Z</time>
    <extensions>
     <gpxdata:hr>163</gpxdata:hr>
     <gpxdata:distance>3295.50</gpxdata:distance>
     <gpxdata:speed>11.717</gpxdata:speed>
    </extensions>
   </trkpt>
   <trkpt lat="51.0618624" lon="13.7922426">
    <ele>111</ele>
    <time>2026-08-11T17:45:02Z</time>
    <extensions>
     <gpxdata:hr>163</gpxdata:hr>
     <gpxdata:distance>3307.00</gpxdata:distance>
     <gpxdata:speed>11.703</gpxdata:speed>
    </extensions>
   </trkpt>
   <trkpt lat="51.0618369" lon="13.7924019">
    <ele>111</ele>
    <time>2026-08-11T17:45:03Z</time>
    <extensions>
     <gpxdata:hr>162</gpxdata:hr>
     <gpxdata:distance>3318.50</gpxdata:distance>
     <gpxdata:speed>11.658</gpxdata:speed>
    </extensions>
   </trkpt>
   <trkpt lat="51.0618114" lon="13.7925603">
    <ele>111</ele>
    <time>2026-08-11T17:45:04Z</time>
    <extensions>
     <gpxdata:hr>162</gpxdata:hr>
     <gpxdata:distance>3330.00</gpxdata:distance>
     <gpxdata:speed>11.603</gpxdata:speed>
    </extensions>
   </trkpt>
   <trkpt lat="51.0617850" lon="13.7927185">
    <ele>111</ele>
    <time>2026-08-11T17:45:05Z</time>
    <extensions>
     <gpxdata:hr>163</gpxdata:hr>
     <gpxdata:distance>3341.50</gpxdata:distance>
     <gpxdata:speed>11.547</gpxdata:speed>
    </extensions>
   </trkpt>
   <trkpt lat="51.0617577" lon="13.7928764">
    <ele>111</ele>
    <time>2026-08-11T17:45:06Z</time>
    <extensions>
     <gpxdata:hr>163</gpxdata:hr>
     <gpxdata:distance>3353.00</gpxdata:distance>
     <gpxdata:speed>11.519</gpxdata:speed>
    </extensions>
   </trkpt>
   <trkpt lat="51.0617293" lon="13.7930340">
    <ele>111</ele>
    <time>2026-08-11T17:45:07Z</time>
    <extensions>
     <gpxdata:hr>164</gpxdata:hr>
     <gpxdata:distance>3364.50</gpxdata:distance>
     <gpxdata:speed>11.503</gpxdata:speed>
    </extensions>
   </trkpt>
   <trkpt lat="51.0617004" lon="13.7931915">
    <ele>111</ele>
    <time>2026-08-11T17:45:08Z</time>
    <extensions>
     <gpxdata:hr>165</gpxdata:hr>
     <gpxdata:distance>3376.00</gpxdata:distance>
     <gpxdata:speed>11.492</gpxdata:speed>
    </extensions>
   </trkpt>
   <trkpt lat="51.0616716" lon="13.7933492">
    <ele>111</ele>
    <time>2026-08-11T17:45:09Z</time>
    <extensions>
     <gpxdata:hr>165</gpxdata:hr>
     <gpxdata:distance>3387.50</gpxdata:distance>
     <gpxdata:speed>11.486</gpxdata:speed>
    </extensions>
   </trkpt>
   <trkpt lat="51.0616427" lon="13.7935072">
    <ele>111</ele>
    <time>2026-08-11T17:45:10Z</time>
    <extensions>
     <gpxdata:hr>165</gpxdata:hr>
     <gpxdata:distance>3399.00</gpxdata:distance>
     <gpxdata:speed>11.486</gpxdata:speed>
    </extensions>
   </trkpt>
   <trkpt lat="51.0616135" lon="13.7936655">
    <ele>111</ele>
    <time>2026-08-11T17:45:11Z</time>
    <extensions>
     <gpxdata:hr>164</gpxdata:hr>
     <gpxdata:distance>3410.50</gpxdata:distance>
     <gpxdata:speed>11.494</gpxdata:speed>
    </extensions>
   </trkpt>
   <trkpt lat="51.0615846" lon="13.7938238">
    <ele>111</ele>
    <time>2026-08-11T17:45:12Z</time>
    <extensions>
     <gpxdata:hr>164</gpxdata:hr>
     <gpxdata:distance>3422.00</gpxdata:distance>
     <gpxdata:speed>11.511</gpxdata:speed>
    </extensions>
   </trkpt>
   <trkpt lat="51.0615560" lon="13.7939822">
    <ele>111</ele>
    <time>2026-08-11T17:45:13Z</time>
    <extensions>
     <gpxdata:hr>164</gpxdata:hr>
     <gpxdata:distance>3433.50</gpxdata:distance>
     <gpxdata:speed>11.517</gpxdata:speed>
    </extensions>
   </trkpt>
   <trkpt lat="51.0615271" lon="13.7941407">
    <ele>111</ele>
    <time>2026-08-11T17:45:14Z</time>
    <extensions>
     <gpxdata:hr>164</gpxdata:hr>
     <gpxdata:distance>3445.00</gpxdata:distance>
     <gpxdata:speed>11.522</gpxdata:speed>
    </extensions>
   </trkpt>
   <trkpt lat="51.0614980" lon="13.7942997">
    <ele>111</ele>
    <time>2026-08-11T17:45:15Z</time>
    <extensions>
     <gpxdata:hr>163</gpxdata:hr>
     <gpxdata:distance>3456.50</gpxdata:distance>
     <gpxdata:speed>11.531</gpxdata:speed>
    </extensions>
   </trkpt>
   <trkpt lat="51.0614696" lon="13.7944588">
    <ele>111</ele>
    <time>2026-08-11T17:45:16Z</time>
    <extensions>
     <gpxdata:hr>163</gpxdata:hr>
     <gpxdata:distance>3468.00</gpxdata:distance>
     <gpxdata:speed>11.553</gpxdata:speed>
    </extensions>
   </trkpt>
   <trkpt lat="51.0614420" lon="13.7946174">
    <ele>111</ele>
    <time>2026-08-11T17:45:17Z</time>
    <extensions>
     <gpxdata:hr>163</gpxdata:hr>
     <gpxdata:distance>3479.50</gpxdata:distance>
     <gpxdata:speed>11.556</gpxdata:speed>
    </extensions>
   </trkpt>
   <trkpt lat="51.0614143" lon="13.7947746">
    <ele>111</ele>
    <time>2026-08-11T17:45:18Z</time>
    <extensions>
     <gpxdata:hr>163</gpxdata:hr>
     <gpxdata:distance>3491.00</gpxdata:distance>
     <gpxdata:speed>11.536</gpxdata:speed>
    </extensions>
   </trkpt>
   <trkpt lat="51.0613895" lon="13.7949310">
    <ele>111</ele>
    <time>2026-08-11T17:45:19Z</time>
    <extensions>
     <gpxdata:hr>163</gpxdata:hr>
     <gpxdata:distance>3502.50</gpxdata:distance>
     <gpxdata:speed>11.492</gpxdata:speed>
    </extensions>
   </trkpt>
   <trkpt lat="51.0613742" lon="13.7950873">
    <ele>111</ele>
    <time>2026-08-11T17:45:20Z</time>
    <extensions>
     <gpxdata:hr>164</gpxdata:hr>
     <gpxdata:distance>3514.00</gpxdata:distance>
     <gpxdata:speed>11.417</gpxdata:speed>
    </extensions>
   </trkpt>
   <trkpt lat="51.0613749" lon="13.7952431">
    <ele>111</ele>
    <time>2026-08-11T17:45:21Z</time>
    <extensions>
     <gpxdata:hr>164</gpxdata:hr>
     <gpxdata:distance>3525.00</gpxdata:distance>
     <gpxdata:speed>11.306</gpxdata:speed>
    </extensions>
   </trkpt>
   <trkpt lat="51.0613956" lon="13.7953955">
    <ele>111</ele>
    <time>2026-08-11T17:45:22Z</time>
    <extensions>
     <gpxdata:hr>163</gpxdata:hr>
     <gpxdata:distance>3536.00</gpxdata:distance>
     <gpxdata:speed>11.200</gpxdata:speed>
    </extensions>
   </trkpt>
   <trkpt lat="51.0614296" lon="13.7955467">
    <ele>111</ele>
    <time>2026-08-11T17:45:23Z</time>
    <extensions>
     <gpxdata:hr>162</gpxdata:hr>
     <gpxdata:distance>3547.50</gpxdata:distance>
     <gpxdata:speed>11.156</gpxdata:speed>
    </extensions>
   </trkpt>
   <trkpt lat="51.0614627" lon="13.7957016">
    <ele>111</ele>
    <time>2026-08-11T17:45:24Z</time>
    <extensions>
     <gpxdata:hr>162</gpxdata:hr>
     <gpxdata:distance>3559.00</gpxdata:distance>
     <gpxdata:speed>11.206</gpxdata:speed>
    </extensions>
   </trkpt>
   <trkpt lat="51.0614823" lon="13.7958629">
    <ele>111</ele>
    <time>2026-08-11T17:45:25Z</time>
    <extensions>
     <gpxdata:hr>162</gpxdata:hr>
     <gpxdata:distance>3570.00</gpxdata:distance>
     <gpxdata:speed>11.283</gpxdata:speed>
    </extensions>
   </trkpt>
   <trkpt lat="51.0614843" lon="13.7960287">
    <ele>111</ele>
    <time>2026-08-11T17:45:26Z</time>
    <extensions>
     <gpxdata:hr>162</gpxdata:hr>
     <gpxdata:distance>3581.00</gpxdata:distance>
     <gpxdata:speed>11.389</gpxdata:speed>
    </extensions>
   </trkpt>
   <trkpt lat="51.0614714" lon="13.7961957">
    <ele>110</ele>
    <time>2026-08-11T17:45:27Z</time>
    <extensions>
     <gpxdata:hr>162</gpxdata:hr>
     <gpxdata:distance>3593.00</gpxdata:distance>
     <gpxdata:speed>11.511</gpxdata:speed>
    </extensions>
   </trkpt>
   <trkpt lat="51.0614480" lon="13.7963621">
    <ele>110</ele>
    <time>2026-08-11T17:45:28Z</time>
    <extensions>
     <gpxdata:hr>162</gpxdata:hr>
     <gpxdata:distance>3605.00</gpxdata:distance>
     <gpxdata:speed>11.617</gpxdata:speed>
    </extensions>
   </trkpt>
   <trkpt lat="51.0614175" lon="13.7965277">
    <ele>110</ele>
    <time>2026-08-11T17:45:29Z</time>
    <extensions>
     <gpxdata:hr>162</gpxdata:hr>
     <gpxdata:distance>3617.00</gpxdata:distance>
     <gpxdata:speed>11.717</gpxdata:speed>
    </extensions>
   </trkpt>
   <trkpt lat="51.0613813" lon="13.7966920">
    <ele>110</ele>
    <time>2026-08-11T17:45:30Z</time>
    <extensions>
     <gpxdata:hr>162</gpxdata:hr>
     <gpxdata:distance>3629.00</gpxdata:distance>
     <gpxdata:speed>11.828</gpxdata:speed>
    </extensions>
   </trkpt>
   <trkpt lat="51.0613406" lon="13.7968542">
    <ele>110</ele>
    <time>2026-08-11T17:45:31Z</time>
    <extensions>
     <gpxdata:hr>161</gpxdata:hr>
     <gpxdata:distance>3641.50</gpxdata:distance>
     <gpxdata:speed>12.064</gpxdata:speed>
    </extensions>
   </trkpt>
   <trkpt lat="51.0612972" lon="13.7970136">
    <ele>110</ele>
    <time>2026-08-11T17:45:32Z</time>
    <extensions>
     <gpxdata:hr>162</gpxdata:hr>
     <gpxdata:distance>3654.00</gpxdata:distance>
     <gpxdata:speed>12.128</gpxdata:speed>
    </extensions>
   </trkpt>
   <trkpt lat="51.0612520" lon="13.7971695">
    <ele>110</ele>
    <time>2026-08-11T17:45:33Z</time>
    <extensions>
     <gpxdata:hr>162</gpxdata:hr>
     <gpxdata:distance>3665.50</gpxdata:distance>
     <gpxdata:speed>12.092</gpxdata:speed>
    </extensions>
   </trkpt>
   <trkpt lat="51.0612073" lon="13.7973233">
    <ele>110</ele>
    <time>2026-08-11T17:45:34Z</time>
    <extensions>
     <gpxdata:hr>162</gpxdata:hr>
     <gpxdata:distance>3677.00</gpxdata:distance>
     <gpxdata:speed>12.003</gpxdata:speed>
    </extensions>
   </trkpt>
   <trkpt lat="51.0611641" lon="13.7974767">
    <ele>110</ele>
    <time>2026-08-11T17:45:35Z</time>
    <extensions>
     <gpxdata:hr>163</gpxdata:hr>
     <gpxdata:distance>3689.00</gpxdata:distance>
     <gpxdata:speed>11.897</gpxdata:speed>
    </extensions>
   </trkpt>
   <trkpt lat="51.0611221" lon="13.7976301">
    <ele>110</ele>
    <time>2026-08-11T17:45:36Z</time>
    <extensions>
     <gpxdata:hr>163</gpxdata:hr>
     <gpxdata:distance>3701.00</gpxdata:distance>
     <gpxdata:speed>11.842</gpxdata:speed>
    </extensions>
   </trkpt>
   <trkpt lat="51.0610810" lon="13.7977840">
    <ele>110</ele>
    <time>2026-08-11T17:45:37Z</time>
    <extensions>
     <gpxdata:hr>163</gpxdata:hr>
     <gpxdata:distance>3712.50</gpxdata:distance>
     <gpxdata:speed>11.800</gpxdata:speed>
    </extensions>
   </trkpt>
   <trkpt lat="51.0610400" lon="13.7979378">
    <ele>110</ele>
    <time>2026-08-11T17:45:38Z</time>
    <extensions>
     <gpxdata:hr>164</gpxdata:hr>
     <gpxdata:distance>3724.00</gpxdata:distance>
     <gpxdata:speed>11.769</gpxdata:speed>
    </extensions>
   </trkpt>
   <trkpt lat="51.0609987" lon="13.7980919">
    <ele>110</ele>
    <time>2026-08-11T17:45:39Z</time>
    <extensions>
     <gpxdata:hr>164</gpxdata:hr>
     <gpxdata:distance>3736.00</gpxdata:distance>
     <gpxdata:speed>11.747</gpxdata:speed>
    </extensions>
   </trkpt>
   <trkpt lat="51.0609566" lon="13.7982460">
    <ele>110</ele>
    <time>2026-08-11T17:45:40Z</time>
    <extensions>
     <gpxdata:hr>163</gpxdata:hr>
     <gpxdata:distance>3748.00</gpxdata:distance>
     <gpxdata:speed>11.742</gpxdata:speed>
    </extensions>
   </trkpt>
   <trkpt lat="51.0609140" lon="13.7983996">
    <ele>110</ele>
    <time>2026-08-11T17:45:41Z</time>
    <extensions>
     <gpxdata:hr>163</gpxdata:hr>
     <gpxdata:distance>3759.50</gpxdata:distance>
     <gpxdata:speed>11.744</gpxdata:speed>
    </extensions>
   </trkpt>
   <trkpt lat="51.0608701" lon="13.7985523">
    <ele>110</ele>
    <time>2026-08-11T17:45:42Z</time>
    <extensions>
     <gpxdata:hr>163</gpxdata:hr>
     <gpxdata:distance>3771.00</gpxdata:distance>
     <gpxdata:speed>11.739</gpxdata:speed>
    </extensions>
   </trkpt>
   <trkpt lat="51.0608240" lon="13.7987033">
    <ele>110</ele>
    <time>2026-08-11T17:45:43Z</time>
    <extensions>
     <gpxdata:hr>163</gpxdata:hr>
     <gpxdata:distance>3783.00</gpxdata:distance>
     <gpxdata:speed>11.739</gpxdata:speed>
    </extensions>
   </trkpt>
   <trkpt lat="51.0607754" lon="13.7988520">
    <ele>110</ele>
    <time>2026-08-11T17:45:44Z</time>
    <extensions>
     <gpxdata:hr>163</gpxdata:hr>
     <gpxdata:distance>3795.00</gpxdata:distance>
     <gpxdata:speed>11.742</gpxdata:speed>
    </extensions>
   </trkpt>
   <trkpt lat="51.0607257" lon="13.7989986">
    <ele>110</ele>
    <time>2026-08-11T17:45:45Z</time>
    <extensions>
     <gpxdata:hr>163</gpxdata:hr>
     <gpxdata:distance>3806.50</gpxdata:distance>
     <gpxdata:speed>11.733</gpxdata:speed>
    </extensions>
   </trkpt>
   <trkpt lat="51.0606763" lon="13.7991446">
    <ele>110</ele>
    <time>2026-08-11T17:45:46Z</time>
    <extensions>
     <gpxdata:hr>162</gpxdata:hr>
     <gpxdata:distance>3818.00</gpxdata:distance>
     <gpxdata:speed>11.703</gpxdata:speed>
    </extensions>
   </trkpt>
   <trkpt lat="51.0606273" lon="13.7992905">
    <ele>110</ele>
    <time>2026-08-11T17:45:47Z</time>
    <extensions>
     <gpxdata:hr>162</gpxdata:hr>
     <gpxdata:distance>3829.50</gpxdata:distance>
     <gpxdata:speed>11.664</gpxdata:speed>
    </extensions>
   </trkpt>
   <trkpt lat="51.0605786" lon="13.7994366">
    <ele>110</ele>
    <time>2026-08-11T17:45:48Z</time>
    <extensions>
     <gpxdata:hr>162</gpxdata:hr>
     <gpxdata:distance>3841.00</gpxdata:distance>
     <gpxdata:speed>11.633</gpxdata:speed>
    </extensions>
   </trkpt>
   <trkpt lat="51.0605301" lon="13.7995828">
    <ele>110</ele>
    <time>2026-08-11T17:45:49Z</time>
    <extensions>
     <gpxdata:hr>162</gpxdata:hr>
     <gpxdata:distance>3852.50</gpxdata:distance>
     <gpxdata:speed>11.617</gpxdata:speed>
    </extensions>
   </trkpt>
   <trkpt lat="51.0604821" lon="13.7997290">
    <ele>110</ele>
    <time>2026-08-11T17:45:50Z</time>
    <extensions>
     <gpxdata:hr>161</gpxdata:hr>
     <gpxdata:distance>3864.00</gpxdata:distance>
     <gpxdata:speed>11.600</gpxdata:speed>
    </extensions>
   </trkpt>
   <trkpt lat="51.0604345" lon="13.7998755">
    <ele>110</ele>
    <time>2026-08-11T17:45:51Z</time>
    <extensions>
     <gpxdata:hr>160</gpxdata:hr>
     <gpxdata:distance>3875.50</gpxdata:distance>
     <gpxdata:speed>11.578</gpxdata:speed>
    </extensions>
   </trkpt>
   <trkpt lat="51.0603872" lon="13.8000228">
    <ele>110</ele>
    <time>2026-08-11T17:45:52Z</time>
    <extensions>
     <gpxdata:hr>159</gpxdata:hr>
     <gpxdata:distance>3887.00</gpxdata:distance>
     <gpxdata:speed>11.567</gpxdata:speed>
    </extensions>
   </trkpt>
   <trkpt lat="51.0603402" lon="13.8001706">
    <ele>110</ele>
    <time>2026-08-11T17:45:53Z</time>
    <extensions>
     <gpxdata:hr>159</gpxdata:hr>
     <gpxdata:distance>3899.00</gpxdata:distance>
     <gpxdata:speed>11.569</gpxdata:speed>
    </extensions>
   </trkpt>
   <trkpt lat="51.0602927" lon="13.8003186">
    <ele>110</ele>
    <time>2026-08-11T17:45:54Z</time>
    <extensions>
     <gpxdata:hr>159</gpxdata:hr>
     <gpxdata:distance>3911.00</gpxdata:distance>
     <gpxdata:speed>11.575</gpxdata:speed>
    </extensions>
   </trkpt>
   <trkpt lat="51.0602444" lon="13.8004665">
    <ele>110</ele>
    <time>2026-08-11T17:45:55Z</time>
    <extensions>
     <gpxdata:hr>158</gpxdata:hr>
     <gpxdata:distance>3922.50</gpxdata:distance>
     <gpxdata:speed>11.592</gpxdata:speed>
    </extensions>
   </trkpt>
   <trkpt lat="51.0601943" lon="13.8006141">
    <ele>110</ele>
    <time>2026-08-11T17:45:56Z</time>
    <extensions>
     <gpxdata:hr>159</gpxdata:hr>
     <gpxdata:distance>3934.00</gpxdata:distance>
     <gpxdata:speed>11.619</gpxdata:speed>
    </extensions>
   </trkpt>
   <trkpt lat="51.0601411" lon="13.8007600">
    <ele>110</ele>
    <time>2026-08-11T17:45:57Z</time>
    <extensions>
     <gpxdata:hr>159</gpxdata:hr>
     <gpxdata:distance>3946.00</gpxdata:distance>
     <gpxdata:speed>11.664</gpxdata:speed>
    </extensions>
   </trkpt>
   <trkpt lat="51.0600859" lon="13.8009047">
    <ele>110</ele>
    <time>2026-08-11T17:45:58Z</time>
    <extensions>
     <gpxdata:hr>159</gpxdata:hr>
     <gpxdata:distance>3958.00</gpxdata:distance>
     <gpxdata:speed>11.711</gpxdata:speed>
    </extensions>
   </trkpt>
   <trkpt lat="51.0600306" lon="13.8010496">
    <ele>110</ele>
    <time>2026-08-11T17:45:59Z</time>
    <extensions>
     <gpxdata:hr>159</gpxdata:hr>
     <gpxdata:distance>3969.50</gpxdata:distance>
     <gpxdata:speed>11.758</gpxdata:speed>
    </extensions>
   </trkpt>
   <trkpt lat="51.0599769" lon="13.8011948">
    <ele>110</ele>
    <time>2026-08-11T17:46:00Z</time>
    <extensions>
     <gpxdata:hr>160</gpxdata:hr>
     <gpxdata:distance>3981.00</gpxdata:distance>
     <gpxdata:speed>11.786</gpxdata:speed>
    </extensions>
   </trkpt>
   <trkpt lat="51.0599242" lon="13.8013404">
    <ele>110</ele>
    <time>2026-08-11T17:46:01Z</time>
    <extensions>
     <gpxdata:hr>160</gpxdata:hr>
     <gpxdata:distance>3993.00</gpxdata:distance>
     <gpxdata:speed>11.786</gpxdata:speed>
    </extensions>
   </trkpt>
   <trkpt lat="51.0598717" lon="13.8014850">
    <ele>110</ele>
    <time>2026-08-11T17:46:02Z</time>
    <extensions>
     <gpxdata:hr>160</gpxdata:hr>
     <gpxdata:distance>4005.00</gpxdata:distance>
     <gpxdata:speed>11.772</gpxdata:speed>
    </extensions>
   </trkpt>
   <trkpt lat="51.0598188" lon="13.8016278">
    <ele>110</ele>
    <time>2026-08-11T17:46:03Z</time>
    <extensions>
     <gpxdata:hr>160</gpxdata:hr>
     <gpxdata:distance>4016.50</gpxdata:distance>
     <gpxdata:speed>11.739</gpxdata:speed>
    </extensions>
   </trkpt>
   <trkpt lat="51.0597648" lon="13.8017687">
    <ele>110</ele>
    <time>2026-08-11T17:46:04Z</time>
    <extensions>
     <gpxdata:hr>160</gpxdata:hr>
     <gpxdata:distance>4028.00</gpxdata:distance>
     <gpxdata:speed>11.689</gpxdata:speed>
    </extensions>
   </trkpt>
   <trkpt lat="51.0597106" lon="13.8019084">
    <ele>110</ele>
    <time>2026-08-11T17:46:05Z</time>
    <extensions>
     <gpxdata:hr>160</gpxdata:hr>
     <gpxdata:distance>4039.50</gpxdata:distance>
     <gpxdata:speed>11.642</gpxdata:speed>
    </extensions>
   </trkpt>
   <trkpt lat="51.0596556" lon="13.8020467">
    <ele>110</ele>
    <time>2026-08-11T17:46:06Z</time>
    <extensions>
     <gpxdata:hr>161</gpxdata:hr>
     <gpxdata:distance>4051.00</gpxdata:distance>
     <gpxdata:speed>11.589</gpxdata:speed>
    </extensions>
   </trkpt>
   <trkpt lat="51.0595988" lon="13.8021825">
    <ele>110</ele>
    <time>2026-08-11T17:46:07Z</time>
    <extensions>
     <gpxdata:hr>161</gpxdata:hr>
     <gpxdata:distance>4062.50</gpxdata:distance>
     <gpxdata:speed>11.544</gpxdata:speed>
    </extensions>
   </trkpt>
   <trkpt lat="51.0595397" lon="13.8023148">
    <ele>110</ele>
    <time>2026-08-11T17:46:08Z</time>
    <extensions>
     <gpxdata:hr>160</gpxdata:hr>
     <gpxdata:distance>4074.00</gpxdata:distance>
     <gpxdata:speed>11.497</gpxdata:speed>
    </extensions>
   </trkpt>
   <trkpt lat="51.0594785" lon="13.8024441">
    <ele>110</ele>
    <time>2026-08-11T17:46:09Z</time>
    <extensions>
     <gpxdata:hr>160</gpxdata:hr>
     <gpxdata:distance>4085.00</gpxdata:distance>
     <gpxdata:speed>11.447</gpxdata:speed>
    </extensions>
   </trkpt>
   <trkpt lat="51.0594159" lon="13.8025711">
    <ele>110</ele>
    <time>2026-08-11T17:46:10Z</time>
    <extensions>
     <gpxdata:hr>160</gpxdata:hr>
     <gpxdata:distance>4096.00</gpxdata:distance>
     <gpxdata:speed>11.403</gpxdata:speed>
    </extensions>
   </trkpt>
   <trkpt lat="51.0593520" lon="13.8026961">
    <ele>110</ele>
    <time>2026-08-11T17:46:11Z</time>
    <extensions>
     <gpxdata:hr>160</gpxdata:hr>
     <gpxdata:distance>4107.50</gpxdata:distance>
     <gpxdata:speed>11.361</gpxdata:speed>
    </extensions>
   </trkpt>
   <trkpt lat="51.0592872" lon="13.8028196">
    <ele>110</ele>
    <time>2026-08-11T17:46:12Z</time>
    <extensions>
     <gpxdata:hr>161</gpxdata:hr>
     <gpxdata:distance>4119.00</gpxdata:distance>
     <gpxdata:speed>11.328</gpxdata:speed>
    </extensions>
   </trkpt>
   <trkpt lat="51.0592206" lon="13.8029409">
    <ele>110</ele>
    <time>2026-08-11T17:46:13Z</time>
    <extensions>
     <gpxdata:hr>161</gpxdata:hr>
     <gpxdata:distance>4130.00</gpxdata:distance>
     <gpxdata:speed>11.300</gpxdata:speed>
    </extensions>
   </trkpt>
   <trkpt lat="51.0591510" lon="13.8030585">
    <ele>110</ele>
    <time>2026-08-11T17:46:14Z</time>
    <extensions>
     <gpxdata:hr>160</gpxdata:hr>
     <gpxdata:distance>4141.00</gpxdata:distance>
     <gpxdata:speed>11.289</gpxdata:speed>
    </extensions>
   </trkpt>
   <trkpt lat="51.0590777" lon="13.8031705">
    <ele>110</ele>
    <time>2026-08-11T17:46:15Z</time>
    <extensions>
     <gpxdata:hr>159</gpxdata:hr>
     <gpxdata:distance>4152.50</gpxdata:distance>
     <gpxdata:speed>11.297</gpxdata:speed>
    </extensions>
   </trkpt>
   <trkpt lat="51.0590010" lon="13.8032761">
    <ele>110</ele>
    <time>2026-08-11T17:46:16Z</time>
    <extensions>
     <gpxdata:hr>159</gpxdata:hr>
     <gpxdata:distance>4164.00</gpxdata:distance>
     <gpxdata:speed>11.300</gpxdata:speed>
    </extensions>
   </trkpt>
   <trkpt lat="51.0589216" lon="13.8033764">
    <ele>110</ele>
    <time>2026-08-11T17:46:17Z</time>
    <extensions>
     <gpxdata:hr>159</gpxdata:hr>
     <gpxdata:distance>4175.50</gpxdata:distance>
     <gpxdata:speed>11.294</gpxdata:speed>
    </extensions>
   </trkpt>
   <trkpt lat="51.0588406" lon="13.8034736">
    <ele>110</ele>
    <time>2026-08-11T17:46:18Z</time>
    <extensions>
     <gpxdata:hr>159</gpxdata:hr>
     <gpxdata:distance>4187.00</gpxdata:distance>
     <gpxdata:speed>11.289</gpxdata:speed>
    </extensions>
   </trkpt>
   <trkpt lat="51.0587589" lon="13.8035689">
    <ele>110</ele>
    <time>2026-08-11T17:46:19Z</time>
    <extensions>
     <gpxdata:hr>160</gpxdata:hr>
     <gpxdata:distance>4198.00</gpxdata:distance>
     <gpxdata:speed>11.286</gpxdata:speed>
    </extensions>
   </trkpt>
   <trkpt lat="51.0586771" lon="13.8036636">
    <ele>110</ele>
    <time>2026-08-11T17:46:20Z</time>
    <extensions>
     <gpxdata:hr>159</gpxdata:hr>
     <gpxdata:distance>4209.00</gpxdata:distance>
     <gpxdata:speed>11.281</gpxdata:speed>
    </extensions>
   </trkpt>
   <trkpt lat="51.0585964" lon="13.8037603">
    <ele>110</ele>
    <time>2026-08-11T17:46:21Z</time>
    <extensions>
     <gpxdata:hr>159</gpxdata:hr>
     <gpxdata:distance>4220.50</gpxdata:distance>
     <gpxdata:speed>11.272</gpxdata:speed>
    </extensions>
   </trkpt>
   <trkpt lat="51.0585172" lon="13.8038591">
    <ele>110</ele>
    <time>2026-08-11T17:46:22Z</time>
    <extensions>
     <gpxdata:hr>159</gpxdata:hr>
     <gpxdata:distance>4232.00</gpxdata:distance>
     <gpxdata:speed>11.261</gpxdata:speed>
    </extensions>
   </trkpt>
   <trkpt lat="51.0584374" lon="13.8039568">
    <ele>110</ele>
    <time>2026-08-11T17:46:23Z</time>
    <extensions>
     <gpxdata:hr>160</gpxdata:hr>
     <gpxdata:distance>4243.00</gpxdata:distance>
     <gpxdata:speed>11.242</gpxdata:speed>
    </extensions>
   </trkpt>
   <trkpt lat="51.0583564" lon="13.8040521">
    <ele>110</ele>
    <time>2026-08-11T17:46:24Z</time>
    <extensions>
     <gpxdata:hr>160</gpxdata:hr>
     <gpxdata:distance>4254.00</gpxdata:distance>
     <gpxdata:speed>11.231</gpxdata:speed>
    </extensions>
   </trkpt>
   <trkpt lat="51.0582744" lon="13.8041459">
    <ele>110</ele>
    <time>2026-08-11T17:46:25Z</time>
    <extensions>
     <gpxdata:hr>161</gpxdata:hr>
     <gpxdata:distance>4265.50</gpxdata:distance>
     <gpxdata:speed>11.231</gpxdata:speed>
    </extensions>
   </trkpt>
   <trkpt lat="51.0581910" lon="13.8042371">
    <ele>110</ele>
    <time>2026-08-11T17:46:26Z</time>
    <extensions>
     <gpxdata:hr>161</gpxdata:hr>
     <gpxdata:distance>4277.00</gpxdata:distance>
     <gpxdata:speed>11.236</gpxdata:speed>
    </extensions>
   </trkpt>
   <trkpt lat="51.0581061" lon="13.8043245">
    <ele>110</ele>
    <time>2026-08-11T17:46:27Z</time>
    <extensions>
     <gpxdata:hr>161</gpxdata:hr>
     <gpxdata:distance>4288.00</gpxdata:distance>
     <gpxdata:speed>11.244</gpxdata:speed>
    </extensions>
   </trkpt>
   <trkpt lat="51.0580204" lon="13.8044093">
    <ele>110</ele>
    <time>2026-08-11T17:46:28Z</time>
    <extensions>
     <gpxdata:hr>162</gpxdata:hr>
     <gpxdata:distance>4299.00</gpxdata:distance>
     <gpxdata:speed>11.250</gpxdata:speed>
    </extensions>
   </trkpt>
   <trkpt lat="51.0579350" lon="13.8044931">
    <ele>110</ele>
    <time>2026-08-11T17:46:29Z</time>
    <extensions>
     <gpxdata:hr>161</gpxdata:hr>
     <gpxdata:distance>4310.00</gpxdata:distance>
     <gpxdata:speed>11.242</gpxdata:speed>
    </extensions>
   </trkpt>
   <trkpt lat="51.0578505" lon="13.8045777">
    <ele>110</ele>
    <time>2026-08-11T17:46:30Z</time>
    <extensions>
     <gpxdata:hr>161</gpxdata:hr>
     <gpxdata:distance>4321.00</gpxdata:distance>
     <gpxdata:speed>11.211</gpxdata:speed>
    </extensions>
   </trkpt>
   <trkpt lat="51.0577680" lon="13.8046652">
    <ele>110</ele>
    <time>2026-08-11T17:46:31Z</time>
    <extensions>
     <gpxdata:hr>160</gpxdata:hr>
     <gpxdata:distance>4332.00</gpxdata:distance>
     <gpxdata:speed>11.175</gpxdata:speed>
    </extensions>
   </trkpt>
   <trkpt lat="51.0576895" lon="13.8047538">
    <ele>110</ele>
    <time>2026-08-11T17:46:32Z</time>
    <extensions>
     <gpxdata:hr>159</gpxdata:hr>
     <gpxdata:distance>4343.00</gpxdata:distance>
     <gpxdata:speed>11.125</gpxdata:speed>
    </extensions>
   </trkpt>
   <trkpt lat="51.0576188" lon="13.8048368">
    <ele>111</ele>
    <time>2026-08-11T17:46:33Z</time>
    <extensions>
     <gpxdata:hr>158</gpxdata:hr>
     <gpxdata:distance>4353.00</gpxdata:distance>
     <gpxdata:speed>10.764</gpxdata:speed>
    </extensions>
   </trkpt>
   <trkpt lat="51.0575577" lon="13.8049111">
    <ele>111</ele>
    <time>2026-08-11T17:46:34Z</time>
    <extensions>
     <gpxdata:hr>156</gpxdata:hr>
     <gpxdata:distance>4363.00</gpxdata:distance>
     <gpxdata:speed>9.842</gpxdata:speed>
    </extensions>
   </trkpt>
   <trkpt lat="51.0575036" lon="13.8049832">
    <ele>111</ele>
    <time>2026-08-11T17:46:35Z</time>
    <extensions>
     <gpxdata:hr>155</gpxdata:hr>
     <gpxdata:distance>4370.50</gpxdata:distance>
     <gpxdata:speed>8.731</gpxdata:speed>
    </extensions>
   </trkpt>
   <trkpt lat="51.0574503" lon="13.8050605">
    <ele>111</ele>
    <time>2026-08-11T17:46:36Z</time>
    <extensions>
     <gpxdata:hr>156</gpxdata:hr>
     <gpxdata:distance>4378.00</gpxdata:distance>
     <gpxdata:speed>8.172</gpxdata:speed>
    </extensions>
   </trkpt>
   <trkpt lat="51.0573905" lon="13.8051420">
    <ele>112</ele>
    <time>2026-08-11T17:46:37Z</time>
    <extensions>
     <gpxdata:hr>156</gpxdata:hr>
     <gpxdata:distance>4387.00</gpxdata:distance>
     <gpxdata:speed>8.378</gpxdata:speed>
    </extensions>
   </trkpt>
   <trkpt lat="51.0573210" lon="13.8052237">
    <ele>112</ele>
    <time>2026-08-11T17:46:38Z</time>
    <extensions>
     <gpxdata:hr>156</gpxdata:hr>
     <gpxdata:distance>4396.00</gpxdata:distance>
     <gpxdata:speed>8.925</gpxdata:speed>
    </extensions>
   </trkpt>
   <trkpt lat="51.0572443" lon="13.8053085">
    <ele>112</ele>
    <time>2026-08-11T17:46:39Z</time>
    <extensions>
     <gpxdata:hr>156</gpxdata:hr>
     <gpxdata:distance>4406.50</gpxdata:distance>
     <gpxdata:speed>9.289</gpxdata:speed>
    </extensions>
   </trkpt>
   <trkpt lat="51.0571646" lon="13.8053979">
    <ele>112</ele>
    <time>2026-08-11T17:46:40Z</time>
    <extensions>
     <gpxdata:hr>155</gpxdata:hr>
     <gpxdata:distance>4417.00</gpxdata:distance>
     <gpxdata:speed>9.711</gpxdata:speed>
    </extensions>
   </trkpt>
   <trkpt lat="51.0570839" lon="13.8054893">
    <ele>112</ele>
    <time>2026-08-11T17:46:41Z</time>
    <extensions>
     <gpxdata:hr>155</gpxdata:hr>
     <gpxdata:distance>4428.00</gpxdata:distance>
     <gpxdata:speed>10.083</gpxdata:speed>
    </extensions>
   </trkpt>
   <trkpt lat="51.0570028" lon="13.8055788">
    <ele>112</ele>
    <time>2026-08-11T17:46:42Z</time>
    <extensions>
     <gpxdata:hr>156</gpxdata:hr>
     <gpxdata:distance>4439.00</gpxdata:distance>
     <gpxdata:speed>10.364</gpxdata:speed>
    </extensions>
   </trkpt>
   <trkpt lat="51.0569210" lon="13.8056660">
    <ele>112</ele>
    <time>2026-08-11T17:46:43Z</time>
    <extensions>
     <gpxdata:hr>158</gpxdata:hr>
     <gpxdata:distance>4450.00</gpxdata:distance>
     <gpxdata:speed>10.542</gpxdata:speed>
    </extensions>
   </trkpt>
   <trkpt lat="51.0568377" lon="13.8057489">
    <ele>112</ele>
    <time>2026-08-11T17:46:44Z</time>
    <extensions>
     <gpxdata:hr>159</gpxdata:hr>
     <gpxdata:distance>4461.00</gpxdata:distance>
     <gpxdata:speed>10.831</gpxdata:speed>
    </extensions>
   </trkpt>
   <trkpt lat="51.0567518" lon="13.8058256">
    <ele>112</ele>
    <time>2026-08-11T17:46:45Z</time>
    <extensions>
     <gpxdata:hr>160</gpxdata:hr>
     <gpxdata:distance>4472.00</gpxdata:distance>
     <gpxdata:speed>10.897</gpxdata:speed>
    </extensions>
   </trkpt>
   <trkpt lat="51.0566627" lon="13.8058950">
    <ele>112</ele>
    <time>2026-08-11T17:46:46Z</time>
    <extensions>
     <gpxdata:hr>160</gpxdata:hr>
     <gpxdata:distance>4483.00</gpxdata:distance>
     <gpxdata:speed>10.964</gpxdata:speed>
    </extensions>
   </trkpt>
   <trkpt lat="51.0565711" lon="13.8059565">
    <ele>112</ele>
    <time>2026-08-11T17:46:47Z</time>
    <extensions>
     <gpxdata:hr>161</gpxdata:hr>
     <gpxdata:distance>4494.00</gpxdata:distance>
     <gpxdata:speed>11.033</gpxdata:speed>
    </extensions>
   </trkpt>
   <trkpt lat="51.0564776" lon="13.8060117">
    <ele>112</ele>
    <time>2026-08-11T17:46:48Z</time>
    <extensions>
     <gpxdata:hr>162</gpxdata:hr>
     <gpxdata:distance>4505.00</gpxdata:distance>
     <gpxdata:speed>11.056</gpxdata:speed>
    </extensions>
   </trkpt>
   <trkpt lat="51.0563832" lon="13.8060638">
    <ele>112</ele>
    <time>2026-08-11T17:46:49Z</time>
    <extensions>
     <gpxdata:hr>162</gpxdata:hr>
     <gpxdata:distance>4516.00</gpxdata:distance>
     <gpxdata:speed>11.086</gpxdata:speed>
    </extensions>
   </trkpt>
   <trkpt lat="51.0562886" lon="13.8061164">
    <ele>112</ele>
    <time>2026-08-11T17:46:50Z</time>
    <extensions>
     <gpxdata:hr>163</gpxdata:hr>
     <gpxdata:distance>4527.00</gpxdata:distance>
     <gpxdata:speed>11.108</gpxdata:speed>
    </extensions>
   </trkpt>
   <trkpt lat="51.0561939" lon="13.8061702">
    <ele>112</ele>
    <time>2026-08-11T17:46:51Z</time>
    <extensions>
     <gpxdata:hr>163</gpxdata:hr>
     <gpxdata:distance>4538.50</gpxdata:distance>
     <gpxdata:speed>11.125</gpxdata:speed>
    </extensions>
   </trkpt>
   <trkpt lat="51.0560984" lon="13.8062252">
    <ele>111</ele>
    <time>2026-08-11T17:46:52Z</time>
    <extensions>
     <gpxdata:hr>164</gpxdata:hr>
     <gpxdata:distance>4550.00</gpxdata:distance>
     <gpxdata:speed>11.150</gpxdata:speed>
    </extensions>
   </trkpt>
   <trkpt lat="51.0560022" lon="13.8062813">
    <ele>111</ele>
    <time>2026-08-11T17:46:53Z</time>
    <extensions>
     <gpxdata:hr>164</gpxdata:hr>
     <gpxdata:distance>4561.50</gpxdata:distance>
     <gpxdata:speed>11.217</gpxdata:speed>
    </extensions>
   </trkpt>
   <trkpt lat="51.0559061" lon="13.8063389">
    <ele>111</ele>
    <time>2026-08-11T17:46:54Z</time>
    <extensions>
     <gpxdata:hr>165</gpxdata:hr>
     <gpxdata:distance>4573.00</gpxdata:distance>
     <gpxdata:speed>11.292</gpxdata:speed>
    </extensions>
   </trkpt>
   <trkpt lat="51.0558112" lon="13.8063974">
    <ele>111</ele>
    <time>2026-08-11T17:46:55Z</time>
    <extensions>
     <gpxdata:hr>165</gpxdata:hr>
     <gpxdata:distance>4584.00</gpxdata:distance>
     <gpxdata:speed>11.339</gpxdata:speed>
    </extensions>
   </trkpt>
   <trkpt lat="51.0557183" lon="13.8064554">
    <ele>111</ele>
    <time>2026-08-11T17:46:56Z</time>
    <extensions>
     <gpxdata:hr>164</gpxdata:hr>
     <gpxdata:distance>4595.00</gpxdata:distance>
     <gpxdata:speed>11.331</gpxdata:speed>
    </extensions>
   </trkpt>
   <trkpt lat="51.0556279" lon="13.8065118">
    <ele>111</ele>
    <time>2026-08-11T17:46:57Z</time>
    <extensions>
     <gpxdata:hr>164</gpxdata:hr>
     <gpxdata:distance>4606.00</gpxdata:distance>
     <gpxdata:speed>11.239</gpxdata:speed>
    </extensions>
   </trkpt>
   <trkpt lat="51.0555396" lon="13.8065664">
    <ele>111</ele>
    <time>2026-08-11T17:46:58Z</time>
    <extensions>
     <gpxdata:hr>163</gpxdata:hr>
     <gpxdata:distance>4617.00</gpxdata:distance>
     <gpxdata:speed>11.072</gpxdata:speed>
    </extensions>
   </trkpt>
   <trkpt lat="51.0554530" lon="13.8066191">
    <ele>111</ele>
    <time>2026-08-11T17:46:59Z</time>
    <extensions>
     <gpxdata:hr>164</gpxdata:hr>
     <gpxdata:distance>4627.00</gpxdata:distance>
     <gpxdata:speed>10.892</gpxdata:speed>
    </extensions>
   </trkpt>
   <trkpt lat="51.0553685" lon="13.8066705">
    <ele>111</ele>
    <time>2026-08-11T17:47:00Z</time>
    <extensions>
     <gpxdata:hr>163</gpxdata:hr>
     <gpxdata:distance>4637.00</gpxdata:distance>
     <gpxdata:speed>10.450</gpxdata:speed>
    </extensions>
   </trkpt>
   <trkpt lat="51.0552861" lon="13.8067227">
    <ele>111</ele>
    <time>2026-08-11T17:47:01Z</time>
    <extensions>
     <gpxdata:hr>163</gpxdata:hr>
     <gpxdata:distance>4647.00</gpxdata:distance>
     <gpxdata:speed>10.183</gpxdata:speed>
    </extensions>
   </trkpt>
   <trkpt lat="51.0552066" lon="13.8067765">
    <ele>111</ele>
    <time>2026-08-11T17:47:02Z</time>
    <extensions>
     <gpxdata:hr>162</gpxdata:hr>
     <gpxdata:distance>4657.00</gpxdata:distance>
     <gpxdata:speed>9.978</gpxdata:speed>
    </extensions>
   </trkpt>
   <trkpt lat="51.0551293" lon="13.8068283">
    <ele>110</ele>
    <time>2026-08-11T17:47:03Z</time>
    <extensions>
     <gpxdata:hr>160</gpxdata:hr>
     <gpxdata:distance>4666.50</gpxdata:distance>
     <gpxdata:speed>9.719</gpxdata:speed>
    </extensions>
   </trkpt>
   <trkpt lat="51.0550538" lon="13.8068753">
    <ele>110</ele>
    <time>2026-08-11T17:47:04Z</time>
    <extensions>
     <gpxdata:hr>160</gpxdata:hr>
     <gpxdata:distance>4676.00</gpxdata:distance>
     <gpxdata:speed>9.419</gpxdata:speed>
    </extensions>
   </trkpt>
   <trkpt lat="51.0549796" lon="13.8069189">
    <ele>110</ele>
    <time>2026-08-11T17:47:05Z</time>
    <extensions>
     <gpxdata:hr>158</gpxdata:hr>
     <gpxdata:distance>4684.50</gpxdata:distance>
     <gpxdata:speed>9.131</gpxdata:speed>
    </extensions>
   </trkpt>
   <trkpt lat="51.0549065" lon="13.8069617">
    <ele>110</ele>
    <time>2026-08-11T17:47:06Z</time>
    <extensions>
     <gpxdata:hr>156</gpxdata:hr>
     <gpxdata:distance>4693.00</gpxdata:distance>
     <gpxdata:speed>8.919</gpxdata:speed>
    </extensions>
   </trkpt>
   <trkpt lat="51.0548342" lon="13.8070048">
    <ele>110</ele>
    <time>2026-08-11T17:47:07Z</time>
    <extensions>
     <gpxdata:hr>155</gpxdata:hr>
     <gpxdata:distance>4701.50</gpxdata:distance>
     <gpxdata:speed>8.781</gpxdata:speed>
    </extensions>
   </trkpt>
   <trkpt lat="51.0547627" lon="13.8070485">
    <ele>110</ele>
    <time>2026-08-11T17:47:08Z</time>
    <extensions>
     <gpxdata:hr>155</gpxdata:hr>
     <gpxdata:distance>4710.00</gpxdata:distance>
     <gpxdata:speed>8.681</gpxdata:speed>
    </extensions>
   </trkpt>
   <trkpt lat="51.0546924" lon="13.8070925">
    <ele>110</ele>
    <time>2026-08-11T17:47:09Z</time>
    <extensions>
     <gpxdata:hr>153</gpxdata:hr>
     <gpxdata:distance>4718.50</gpxdata:distance>
     <gpxdata:speed>8.589</gpxdata:speed>
    </extensions>
   </trkpt>
   <trkpt lat="51.0546229" lon="13.8071361">
    <ele>110</ele>
    <time>2026-08-11T17:47:10Z</time>
    <extensions>
     <gpxdata:hr>152</gpxdata:hr>
     <gpxdata:distance>4727.00</gpxdata:distance>
     <gpxdata:speed>8.469</gpxdata:speed>
    </extensions>
   </trkpt>
   <trkpt lat="51.0545542" lon="13.8071798">
    <ele>110</ele>
    <time>2026-08-11T17:47:11Z</time>
    <extensions>
     <gpxdata:hr>151</gpxdata:hr>
     <gpxdata:distance>4735.50</gpxdata:distance>
     <gpxdata:speed>8.372</gpxdata:speed>
    </extensions>
   </trkpt>
   <trkpt lat="51.0544865" lon="13.8072238">
    <ele>110</ele>
    <time>2026-08-11T17:47:12Z</time>
    <extensions>
     <gpxdata:hr>149</gpxdata:hr>
     <gpxdata:distance>4744.00</gpxdata:distance>
     <gpxdata:speed>8.283</gpxdata:speed>
    </extensions>
   </trkpt>
   <trkpt lat="51.0544200" lon="13.8072697">
    <ele>110</ele>
    <time>2026-08-11T17:47:13Z</time>
    <extensions>
     <gpxdata:hr>148</gpxdata:hr>
     <gpxdata:distance>4752.00</gpxdata:distance>
     <gpxdata:speed>8.178</gpxdata:speed>
    </extensions>
   </trkpt>
   <trkpt lat="51.0543546" lon="13.8073161">
    <ele>110</ele>
    <time>2026-08-11T17:47:14Z</time>
    <extensions>
     <gpxdata:hr>147</gpxdata:hr>
     <gpxdata:distance>4760.00</gpxdata:distance>
     <gpxdata:speed>8.111</gpxdata:speed>
    </extensions>
   </trkpt>
   <trkpt lat="51.0542905" lon="13.8073641">
    <ele>110</ele>
    <time>2026-08-11T17:47:15Z</time>
    <extensions>
     <gpxdata:hr>146</gpxdata:hr>
     <gpxdata:distance>4767.50</gpxdata:distance>
     <gpxdata:speed>8.039</gpxdata:speed>
    </extensions>
   </trkpt>
   <trkpt lat="51.0542277" lon="13.8074114">
    <ele>110</ele>
    <time>2026-08-11T17:47:16Z</time>
    <extensions>
     <gpxdata:hr>145</gpxdata:hr>
     <gpxdata:distance>4775.00</gpxdata:distance>
     <gpxdata:speed>7.928</gpxdata:speed>
    </extensions>
   </trkpt>
   <trkpt lat="51.0541650" lon="13.8074582">
    <ele>110</ele>
    <time>2026-08-11T17:47:17Z</time>
    <extensions>
     <gpxdata:hr>145</gpxdata:hr>
     <gpxdata:distance>4783.00</gpxdata:distance>
     <gpxdata:speed>7.819</gpxdata:speed>
    </extensions>
   </trkpt>
   <trkpt lat="51.0541028" lon="13.8075071">
    <ele>110</ele>
    <time>2026-08-11T17:47:18Z</time>
    <extensions>
     <gpxdata:hr>144</gpxdata:hr>
     <gpxdata:distance>4791.00</gpxdata:distance>
     <gpxdata:speed>7.778</gpxdata:speed>
    </extensions>
   </trkpt>
   <trkpt lat="51.0540403" lon="13.8075582">
    <ele>110</ele>
    <time>2026-08-11T17:47:19Z</time>
    <extensions>
     <gpxdata:hr>144</gpxdata:hr>
     <gpxdata:distance>4799.00</gpxdata:distance>
     <gpxdata:speed>7.761</gpxdata:speed>
    </extensions>
   </trkpt>
   <trkpt lat="51.0539773" lon="13.8076117">
    <ele>111</ele>
    <time>2026-08-11T17:47:20Z</time>
    <extensions>
     <gpxdata:hr>143</gpxdata:hr>
     <gpxdata:distance>4807.00</gpxdata:distance>
     <gpxdata:speed>7.789</gpxdata:speed>
    </extensions>
   </trkpt>
   <trkpt lat="51.0539142" lon="13.8076689">
    <ele>111</ele>
    <time>2026-08-11T17:47:21Z</time>
    <extensions>
     <gpxdata:hr>142</gpxdata:hr>
     <gpxdata:distance>4815.00</gpxdata:distance>
     <gpxdata:speed>7.847</gpxdata:speed>
    </extensions>
   </trkpt>
   <trkpt lat="51.0538514" lon="13.8077304">
    <ele>111</ele>
    <time>2026-08-11T17:47:22Z</time>
    <extensions>
     <gpxdata:hr>141</gpxdata:hr>
     <gpxdata:distance>4823.00</gpxdata:distance>
     <gpxdata:speed>7.933</gpxdata:speed>
    </extensions>
   </trkpt>
   <trkpt lat="51.0537885" lon="13.8077953">
    <ele>111</ele>
    <time>2026-08-11T17:47:23Z</time>
    <extensions>
     <gpxdata:hr>142</gpxdata:hr>
     <gpxdata:distance>4831.00</gpxdata:distance>
     <gpxdata:speed>8.031</gpxdata:speed>
    </extensions>
   </trkpt>
   <trkpt lat="51.0537261" lon="13.8078634">
    <ele>111</ele>
    <time>2026-08-11T17:47:24Z</time>
    <extensions>
     <gpxdata:hr>142</gpxdata:hr>
     <gpxdata:distance>4839.00</gpxdata:distance>
     <gpxdata:speed>8.136</gpxdata:speed>
    </extensions>
   </trkpt>
   <trkpt lat="51.0536642" lon="13.8079350">
    <ele>111</ele>
    <time>2026-08-11T17:47:25Z</time>
    <extensions>
     <gpxdata:hr>140</gpxdata:hr>
     <gpxdata:distance>4847.50</gpxdata:distance>
     <gpxdata:speed>8.236</gpxdata:speed>
    </extensions>
   </trkpt>
   <trkpt lat="51.0536032" lon="13.8080095">
    <ele>111</ele>
    <time>2026-08-11T17:47:26Z</time>
    <extensions>
     <gpxdata:hr>138</gpxdata:hr>
     <gpxdata:distance>4856.00</gpxdata:distance>
     <gpxdata:speed>8.339</gpxdata:speed>
    </extensions>
   </trkpt>
   <trkpt lat="51.0535437" lon="13.8080880">
    <ele>111</ele>
    <time>2026-08-11T17:47:27Z</time>
    <extensions>
     <gpxdata:hr>137</gpxdata:hr>
     <gpxdata:distance>4865.00</gpxdata:distance>
     <gpxdata:speed>8.417</gpxdata:speed>
    </extensions>
   </trkpt>
   <trkpt lat="51.0534822" lon="13.8081667">
    <ele>111</ele>
    <time>2026-08-11T17:47:28Z</time>
    <extensions>
     <gpxdata:hr>137</gpxdata:hr>
     <gpxdata:distance>4874.00</gpxdata:distance>
     <gpxdata:speed>8.492</gpxdata:speed>
    </extensions>
   </trkpt>
   <trkpt lat="51.0534163" lon="13.8082386">
    <ele>111</ele>
    <time>2026-08-11T17:47:29Z</time>
    <extensions>
     <gpxdata:hr>137</gpxdata:hr>
     <gpxdata:distance>4883.00</gpxdata:distance>
     <gpxdata:speed>8.694</gpxdata:speed>
    </extensions>
   </trkpt>
   <trkpt lat="51.0533471" lon="13.8083047">
    <ele>111</ele>
    <time>2026-08-11T17:47:30Z</time>
    <extensions>
     <gpxdata:hr>136</gpxdata:hr>
     <gpxdata:distance>4892.00</gpxdata:distance>
     <gpxdata:speed>8.844</gpxdata:speed>
    </extensions>
   </trkpt>
   <trkpt lat="51.0532765" lon="13.8083704">
    <ele>111</ele>
    <time>2026-08-11T17:47:31Z</time>
    <extensions>
     <gpxdata:hr>136</gpxdata:hr>
     <gpxdata:distance>4901.00</gpxdata:distance>
     <gpxdata:speed>8.942</gpxdata:speed>
    </extensions>
   </trkpt>
   <trkpt lat="51.0532056" lon="13.8084365">
    <ele>111</ele>
    <time>2026-08-11T17:47:32Z</time>
    <extensions>
     <gpxdata:hr>135</gpxdata:hr>
     <gpxdata:distance>4910.00</gpxdata:distance>
     <gpxdata:speed>9.044</gpxdata:speed>
    </extensions>
   </trkpt>
   <trkpt lat="51.0531340" lon="13.8085030">
    <ele>110</ele>
    <time>2026-08-11T17:47:33Z</time>
    <extensions>
     <gpxdata:hr>134</gpxdata:hr>
     <gpxdata:distance>4919.00</gpxdata:distance>
     <gpxdata:speed>9.094</gpxdata:speed>
    </extensions>
   </trkpt>
   <trkpt lat="51.0530612" lon="13.8085695">
    <ele>110</ele>
    <time>2026-08-11T17:47:34Z</time>
    <extensions>
     <gpxdata:hr>133</gpxdata:hr>
     <gpxdata:distance>4928.00</gpxdata:distance>
     <gpxdata:speed>9.189</gpxdata:speed>
    </extensions>
   </trkpt>
   <trkpt lat="51.0529884" lon="13.8086363">
    <ele>110</ele>
    <time>2026-08-11T17:47:35Z</time>
    <extensions>
     <gpxdata:hr>133</gpxdata:hr>
     <gpxdata:distance>4937.50</gpxdata:distance>
     <gpxdata:speed>9.289</gpxdata:speed>
    </extensions>
   </trkpt>
   <trkpt lat="51.0529167" lon="13.8087068">
    <ele>110</ele>
    <time>2026-08-11T17:47:36Z</time>
    <extensions>
     <gpxdata:hr>133</gpxdata:hr>
     <gpxdata:distance>4947.00</gpxdata:distance>
     <gpxdata:speed>9.314</gpxdata:speed>
    </extensions>
   </trkpt>
   <trkpt lat="51.0528477" lon="13.8087815">
    <ele>110</ele>
    <time>2026-08-11T17:47:37Z</time>
    <extensions>
     <gpxdata:hr>133</gpxdata:hr>
     <gpxdata:distance>4956.50</gpxdata:distance>
     <gpxdata:speed>9.356</gpxdata:speed>
    </extensions>
   </trkpt>
   <trkpt lat="51.0527801" lon="13.8088566">
    <ele>110</ele>
    <time>2026-08-11T17:47:38Z</time>
    <extensions>
     <gpxdata:hr>132</gpxdata:hr>
     <gpxdata:distance>4966.00</gpxdata:distance>
     <gpxdata:speed>9.300</gpxdata:speed>
    </extensions>
   </trkpt>
   <trkpt lat="51.0527143" lon="13.8089342">
    <ele>110</ele>
    <time>2026-08-11T17:47:39Z</time>
    <extensions>
     <gpxdata:hr>130</gpxdata:hr>
     <gpxdata:distance>4975.00</gpxdata:distance>
     <gpxdata:speed>9.225</gpxdata:speed>
    </extensions>
   </trkpt>
   <trkpt lat="51.0526492" lon="13.8090121">
    <ele>110</ele>
    <time>2026-08-11T17:47:40Z</time>
    <extensions>
     <gpxdata:hr>130</gpxdata:hr>
     <gpxdata:distance>4984.00</gpxdata:distance>
     <gpxdata:speed>9.192</gpxdata:speed>
    </extensions>
   </trkpt>
   <trkpt lat="51.0525848" lon="13.8090887">
    <ele>110</ele>
    <time>2026-08-11T17:47:41Z</time>
    <extensions>
     <gpxdata:hr>129</gpxdata:hr>
     <gpxdata:distance>4993.00</gpxdata:distance>
     <gpxdata:speed>9.147</gpxdata:speed>
    </extensions>
   </trkpt>
   <trkpt lat="51.0525216" lon="13.8091630">
    <ele>110</ele>
    <time>2026-08-11T17:47:42Z</time>
    <extensions>
     <gpxdata:hr>128</gpxdata:hr>
     <gpxdata:distance>5002.00</gpxdata:distance>
     <gpxdata:speed>9.075</gpxdata:speed>
    </extensions>
   </trkpt>
   <trkpt lat="51.0524598" lon="13.8092354">
    <ele>110</ele>
    <time>2026-08-11T17:47:43Z</time>
    <extensions>
     <gpxdata:hr>128</gpxdata:hr>
     <gpxdata:distance>5010.50</gpxdata:distance>
     <gpxdata:speed>8.953</gpxdata:speed>
    </extensions>
   </trkpt>
   <trkpt lat="51.0523981" lon="13.8093061">
    <ele>110</ele>
    <time>2026-08-11T17:47:44Z</time>
    <extensions>
     <gpxdata:hr>128</gpxdata:hr>
     <gpxdata:distance>5019.00</gpxdata:distance>
     <gpxdata:speed>8.800</gpxdata:speed>
    </extensions>
   </trkpt>
   <trkpt lat="51.0523368" lon="13.8093752">
    <ele>109</ele>
    <time>2026-08-11T17:47:45Z</time>
    <extensions>
     <gpxdata:hr>128</gpxdata:hr>
     <gpxdata:distance>5027.00</gpxdata:distance>
     <gpxdata:speed>8.686</gpxdata:speed>
    </extensions>
   </trkpt>
   <trkpt lat="51.0522765" lon="13.8094420">
    <ele>109</ele>
    <time>2026-08-11T17:47:46Z</time>
    <extensions>
     <gpxdata:hr>129</gpxdata:hr>
     <gpxdata:distance>5035.00</gpxdata:distance>
     <gpxdata:speed>8.442</gpxdata:speed>
    </extensions>
   </trkpt>
   <trkpt lat="51.0522165" lon="13.8095079">
    <ele>109</ele>
    <time>2026-08-11T17:47:47Z</time>
    <extensions>
     <gpxdata:hr>128</gpxdata:hr>
     <gpxdata:distance>5043.50</gpxdata:distance>
     <gpxdata:speed>8.236</gpxdata:speed>
    </extensions>
   </trkpt>
   <trkpt lat="51.0521576" lon="13.8095744">
    <ele>109</ele>
    <time>2026-08-11T17:47:48Z</time>
    <extensions>
     <gpxdata:hr>128</gpxdata:hr>
     <gpxdata:distance>5052.00</gpxdata:distance>
     <gpxdata:speed>8.172</gpxdata:speed>
    </extensions>
   </trkpt>
   <trkpt lat="51.0520995" lon="13.8096415">
    <ele>109</ele>
    <time>2026-08-11T17:47:49Z</time>
    <extensions>
     <gpxdata:hr>128</gpxdata:hr>
     <gpxdata:distance>5059.50</gpxdata:distance>
     <gpxdata:speed>8.094</gpxdata:speed>
    </extensions>
   </trkpt>
   <trkpt lat="51.0520420" lon="13.8097008">
    <ele>109</ele>
    <time>2026-08-11T17:47:50Z</time>
    <extensions>
     <gpxdata:hr>127</gpxdata:hr>
     <gpxdata:distance>5067.00</gpxdata:distance>
     <gpxdata:speed>8.028</gpxdata:speed>
    </extensions>
   </trkpt>
   <trkpt lat="51.0519843" lon="13.8097423">
    <ele>109</ele>
    <time>2026-08-11T17:47:51Z</time>
    <extensions>
     <gpxdata:hr>127</gpxdata:hr>
     <gpxdata:distance>5074.00</gpxdata:distance>
     <gpxdata:speed>7.672</gpxdata:speed>
    </extensions>
   </trkpt>
   <trkpt lat="51.0519237" lon="13.8097657">
    <ele>109</ele>
    <time>2026-08-11T17:47:52Z</time>
    <extensions>
     <gpxdata:hr>126</gpxdata:hr>
     <gpxdata:distance>5081.00</gpxdata:distance>
     <gpxdata:speed>7.192</gpxdata:speed>
    </extensions>
   </trkpt>
   <trkpt lat="51.0518614" lon="13.8097833">
    <ele>109</ele>
    <time>2026-08-11T17:47:53Z</time>
    <extensions>
     <gpxdata:hr>126</gpxdata:hr>
     <gpxdata:distance>5088.50</gpxdata:distance>
     <gpxdata:speed>7.156</gpxdata:speed>
    </extensions>
   </trkpt>
   <trkpt lat="51.0517973" lon="13.8098061">
    <ele>109</ele>
    <time>2026-08-11T17:47:54Z</time>
    <extensions>
     <gpxdata:hr>126</gpxdata:hr>
     <gpxdata:distance>5096.00</gpxdata:distance>
     <gpxdata:speed>7.153</gpxdata:speed>
    </extensions>
   </trkpt>
   <trkpt lat="51.0517311" lon="13.8098393">
    <ele>109</ele>
    <time>2026-08-11T17:47:55Z</time>
    <extensions>
     <gpxdata:hr>126</gpxdata:hr>
     <gpxdata:distance>5103.50</gpxdata:distance>
     <gpxdata:speed>7.250</gpxdata:speed>
    </extensions>
   </trkpt>
   <trkpt lat="51.0516627" lon="13.8098874">
    <ele>109</ele>
    <time>2026-08-11T17:47:56Z</time>
    <extensions>
     <gpxdata:hr>126</gpxdata:hr>
     <gpxdata:distance>5111.00</gpxdata:distance>
     <gpxdata:speed>7.472</gpxdata:speed>
    </extensions>
   </trkpt>
   <trkpt lat="51.0515939" lon="13.8099497">
    <ele>109</ele>
    <time>2026-08-11T17:47:57Z</time>
    <extensions>
     <gpxdata:hr>126</gpxdata:hr>
     <gpxdata:distance>5120.00</gpxdata:distance>
     <gpxdata:speed>7.817</gpxdata:speed>
    </extensions>
   </trkpt>
   <trkpt lat="51.0515253" lon="13.8100236">
    <ele>109</ele>
    <time>2026-08-11T17:47:58Z</time>
    <extensions>
     <gpxdata:hr>127</gpxdata:hr>
     <gpxdata:distance>5129.00</gpxdata:distance>
     <gpxdata:speed>8.183</gpxdata:speed>
    </extensions>
   </trkpt>
   <trkpt lat="51.0514567" lon="13.8101029">
    <ele>110</ele>
    <time>2026-08-11T17:47:59Z</time>
    <extensions>
     <gpxdata:hr>127</gpxdata:hr>
     <gpxdata:distance>5138.50</gpxdata:distance>
     <gpxdata:speed>8.961</gpxdata:speed>
    </extensions>
   </trkpt>
   <trkpt lat="51.0513879" lon="13.8101797">
    <ele>110</ele>
    <time>2026-08-11T17:48:00Z</time>
    <extensions>
     <gpxdata:hr>128</gpxdata:hr>
     <gpxdata:distance>5148.00</gpxdata:distance>
     <gpxdata:speed>9.228</gpxdata:speed>
    </extensions>
   </trkpt>
   <trkpt lat="51.0513187" lon="13.8102515">
    <ele>110</ele>
    <time>2026-08-11T17:48:01Z</time>
    <extensions>
     <gpxdata:hr>132</gpxdata:hr>
     <gpxdata:distance>5157.00</gpxdata:distance>
     <gpxdata:speed>9.200</gpxdata:speed>
    </extensions>
   </trkpt>
   <trkpt lat="51.0512497" lon="13.8103202">
    <ele>110</ele>
    <time>2026-08-11T17:48:02Z</time>
    <extensions>
     <gpxdata:hr>135</gpxdata:hr>
     <gpxdata:distance>5166.00</gpxdata:distance>
     <gpxdata:speed>9.117</gpxdata:speed>
    </extensions>
   </trkpt>
   <trkpt lat="51.0511816" lon="13.8103878">
    <ele>110</ele>
    <time>2026-08-11T17:48:03Z</time>
    <extensions>
     <gpxdata:hr>137</gpxdata:hr>
     <gpxdata:distance>5175.00</gpxdata:distance>
     <gpxdata:speed>9.044</gpxdata:speed>
    </extensions>
   </trkpt>
   <trkpt lat="51.0511142" lon="13.8104548">
    <ele>110</ele>
    <time>2026-08-11T17:48:04Z</time>
    <extensions>
     <gpxdata:hr>137</gpxdata:hr>
     <gpxdata:distance>5184.00</gpxdata:distance>
     <gpxdata:speed>8.953</gpxdata:speed>
    </extensions>
   </trkpt>
   <trkpt lat="51.0510471" lon="13.8105221">
    <ele>110</ele>
    <time>2026-08-11T17:48:05Z</time>
    <extensions>
     <gpxdata:hr>137</gpxdata:hr>
     <gpxdata:distance>5193.00</gpxdata:distance>
     <gpxdata:speed>8.953</gpxdata:speed>
    </extensions>
   </trkpt>
   <trkpt lat="51.0509782" lon="13.8105928">
    <ele>110</ele>
    <time>2026-08-11T17:48:06Z</time>
    <extensions>
     <gpxdata:hr>137</gpxdata:hr>
     <gpxdata:distance>5202.00</gpxdata:distance>
     <gpxdata:speed>8.939</gpxdata:speed>
    </extensions>
   </trkpt>
   <trkpt lat="51.0509059" lon="13.8106706">
    <ele>110</ele>
    <time>2026-08-11T17:48:07Z</time>
    <extensions>
     <gpxdata:hr>136</gpxdata:hr>
     <gpxdata:distance>5212.00</gpxdata:distance>
     <gpxdata:speed>9.044</gpxdata:speed>
    </extensions>
   </trkpt>
   <trkpt lat="51.0508302" lon="13.8107545">
    <ele>110</ele>
    <time>2026-08-11T17:48:08Z</time>
    <extensions>
     <gpxdata:hr>137</gpxdata:hr>
     <gpxdata:distance>5222.00</gpxdata:distance>
     <gpxdata:speed>9.650</gpxdata:speed>
    </extensions>
   </trkpt>
   <trkpt lat="51.0507496" lon="13.8108396">
    <ele>111</ele>
    <time>2026-08-11T17:48:09Z</time>
    <extensions>
     <gpxdata:hr>137</gpxdata:hr>
     <gpxdata:distance>5232.50</gpxdata:distance>
     <gpxdata:speed>10.128</gpxdata:speed>
    </extensions>
   </trkpt>
   <trkpt lat="51.0506649" lon="13.8109237">
    <ele>111</ele>
    <time>2026-08-11T17:48:10Z</time>
    <extensions>
     <gpxdata:hr>137</gpxdata:hr>
     <gpxdata:distance>5243.00</gpxdata:distance>
     <gpxdata:speed>10.572</gpxdata:speed>
    </extensions>
   </trkpt>
   <trkpt lat="51.0505779" lon="13.8110061">
    <ele>111</ele>
    <time>2026-08-11T17:48:11Z</time>
    <extensions>
     <gpxdata:hr>137</gpxdata:hr>
     <gpxdata:distance>5254.50</gpxdata:distance>
     <gpxdata:speed>10.911</gpxdata:speed>
    </extensions>
   </trkpt>
   <trkpt lat="51.0504903" lon="13.8110855">
    <ele>111</ele>
    <time>2026-08-11T17:48:12Z</time>
    <extensions>
     <gpxdata:hr>139</gpxdata:hr>
     <gpxdata:distance>5266.00</gpxdata:distance>
     <gpxdata:speed>11.089</gpxdata:speed>
    </extensions>
   </trkpt>
   <trkpt lat="51.0504025" lon="13.8111619">
    <ele>111</ele>
    <time>2026-08-11T17:48:13Z</time>
    <extensions>
     <gpxdata:hr>142</gpxdata:hr>
     <gpxdata:distance>5277.00</gpxdata:distance>
     <gpxdata:speed>11.092</gpxdata:speed>
    </extensions>
   </trkpt>
   <trkpt lat="51.0503156" lon="13.8112374">
    <ele>111</ele>
    <time>2026-08-11T17:48:14Z</time>
    <extensions>
     <gpxdata:hr>144</gpxdata:hr>
     <gpxdata:distance>5288.00</gpxdata:distance>
     <gpxdata:speed>11.064</gpxdata:speed>
    </extensions>
   </trkpt>
   <trkpt lat="51.0502300" lon="13.8113146">
    <ele>112</ele>
    <time>2026-08-11T17:48:15Z</time>
    <extensions>
     <gpxdata:hr>147</gpxdata:hr>
     <gpxdata:distance>5299.00</gpxdata:distance>
     <gpxdata:speed>11.008</gpxdata:speed>
    </extensions>
   </trkpt>
   <trkpt lat="51.0501447" lon="13.8113931">
    <ele>112</ele>
    <time>2026-08-11T17:48:16Z</time>
    <extensions>
     <gpxdata:hr>148</gpxdata:hr>
     <gpxdata:distance>5310.00</gpxdata:distance>
     <gpxdata:speed>10.978</gpxdata:speed>
    </extensions>
   </trkpt>
   <trkpt lat="51.0500599" lon="13.8114712">
    <ele>111</ele>
    <time>2026-08-11T17:48:17Z</time>
    <extensions>
     <gpxdata:hr>148</gpxdata:hr>
     <gpxdata:distance>5321.00</gpxdata:distance>
     <gpxdata:speed>10.992</gpxdata:speed>
    </extensions>
   </trkpt>
   <trkpt lat="51.0499755" lon="13.8115493">
    <ele>111</ele>
    <time>2026-08-11T17:48:18Z</time>
    <extensions>
     <gpxdata:hr>148</gpxdata:hr>
     <gpxdata:distance>5332.00</gpxdata:distance>
     <gpxdata:speed>10.975</gpxdata:speed>
    </extensions>
   </trkpt>
   <trkpt lat="51.0498918" lon="13.8116275">
    <ele>110</ele>
    <time>2026-08-11T17:48:19Z</time>
    <extensions>
     <gpxdata:hr>147</gpxdata:hr>
     <gpxdata:distance>5342.50</gpxdata:distance>
     <gpxdata:speed>10.942</gpxdata:speed>
    </extensions>
   </trkpt>
   <trkpt lat="51.0498090" lon="13.8117061">
    <ele>110</ele>
    <time>2026-08-11T17:48:20Z</time>
    <extensions>
     <gpxdata:hr>147</gpxdata:hr>
     <gpxdata:distance>5353.00</gpxdata:distance>
     <gpxdata:speed>10.892</gpxdata:speed>
    </extensions>
   </trkpt>
   <trkpt lat="51.0497269" lon="13.8117857">
    <ele>110</ele>
    <time>2026-08-11T17:48:21Z</time>
    <extensions>
     <gpxdata:hr>147</gpxdata:hr>
     <gpxdata:distance>5364.00</gpxdata:distance>
     <gpxdata:speed>10.833</gpxdata:speed>
    </extensions>
   </trkpt>
   <trkpt lat="51.0496446" lon="13.8118638">
    <ele>110</ele>
    <time>2026-08-11T17:48:22Z</time>
    <extensions>
     <gpxdata:hr>147</gpxdata:hr>
     <gpxdata:distance>5375.00</gpxdata:distance>
     <gpxdata:speed>10.781</gpxdata:speed>
    </extensions>
   </trkpt>
   <trkpt lat="51.0495609" lon="13.8119362">
    <ele>110</ele>
    <time>2026-08-11T17:48:23Z</time>
    <extensions>
     <gpxdata:hr>147</gpxdata:hr>
     <gpxdata:distance>5385.50</gpxdata:distance>
     <gpxdata:speed>10.739</gpxdata:speed>
    </extensions>
   </trkpt>
   <trkpt lat="51.0494762" lon="13.8120025">
    <ele>110</ele>
    <time>2026-08-11T17:48:24Z</time>
    <extensions>
     <gpxdata:hr>147</gpxdata:hr>
     <gpxdata:distance>5396.00</gpxdata:distance>
     <gpxdata:speed>10.692</gpxdata:speed>
    </extensions>
   </trkpt>
   <trkpt lat="51.0493913" lon="13.8120696">
    <ele>110</ele>
    <time>2026-08-11T17:48:25Z</time>
    <extensions>
     <gpxdata:hr>147</gpxdata:hr>
     <gpxdata:distance>5406.50</gpxdata:distance>
     <gpxdata:speed>10.625</gpxdata:speed>
    </extensions>
   </trkpt>
   <trkpt lat="51.0493064" lon="13.8121404">
    <ele>110</ele>
    <time>2026-08-11T17:48:26Z</time>
    <extensions>
     <gpxdata:hr>147</gpxdata:hr>
     <gpxdata:distance>5417.00</gpxdata:distance>
     <gpxdata:speed>10.606</gpxdata:speed>
    </extensions>
   </trkpt>
   <trkpt lat="51.0492206" lon="13.8122148">
    <ele>110</ele>
    <time>2026-08-11T17:48:27Z</time>
    <extensions>
     <gpxdata:hr>147</gpxdata:hr>
     <gpxdata:distance>5428.00</gpxdata:distance>
     <gpxdata:speed>10.644</gpxdata:speed>
    </extensions>
   </trkpt>
   <trkpt lat="51.0491337" lon="13.8122901">
    <ele>110</ele>
    <time>2026-08-11T17:48:28Z</time>
    <extensions>
     <gpxdata:hr>147</gpxdata:hr>
     <gpxdata:distance>5439.00</gpxdata:distance>
     <gpxdata:speed>10.731</gpxdata:speed>
    </extensions>
   </trkpt>
   <trkpt lat="51.0490463" lon="13.8123650">
    <ele>110</ele>
    <time>2026-08-11T17:48:29Z</time>
    <extensions>
     <gpxdata:hr>147</gpxdata:hr>
     <gpxdata:distance>5450.00</gpxdata:distance>
     <gpxdata:speed>10.831</gpxdata:speed>
    </extensions>
   </trkpt>
   <trkpt lat="51.0489584" lon="13.8124390">
    <ele>110</ele>
    <time>2026-08-11T17:48:30Z</time>
    <extensions>
     <gpxdata:hr>147</gpxdata:hr>
     <gpxdata:distance>5461.00</gpxdata:distance>
     <gpxdata:speed>10.897</gpxdata:speed>
    </extensions>
   </trkpt>
   <trkpt lat="51.0488702" lon="13.8125124">
    <ele>110</ele>
    <time>2026-08-11T17:48:31Z</time>
    <extensions>
     <gpxdata:hr>147</gpxdata:hr>
     <gpxdata:distance>5472.00</gpxdata:distance>
     <gpxdata:speed>10.950</gpxdata:speed>
    </extensions>
   </trkpt>
   <trkpt lat="51.0487816" lon="13.8125859">
    <ele>110</ele>
    <time>2026-08-11T17:48:32Z</time>
    <extensions>
     <gpxdata:hr>147</gpxdata:hr>
     <gpxdata:distance>5483.00</gpxdata:distance>
     <gpxdata:speed>10.997</gpxdata:speed>
    </extensions>
   </trkpt>
   <trkpt lat="51.0486923" lon="13.8126589">
    <ele>111</ele>
    <time>2026-08-11T17:48:33Z</time>
    <extensions>
     <gpxdata:hr>147</gpxdata:hr>
     <gpxdata:distance>5494.00</gpxdata:distance>
     <gpxdata:speed>11.039</gpxdata:speed>
    </extensions>
   </trkpt>
   <trkpt lat="51.0486023" lon="13.8127292">
    <ele>110</ele>
    <time>2026-08-11T17:48:34Z</time>
    <extensions>
     <gpxdata:hr>148</gpxdata:hr>
     <gpxdata:distance>5505.00</gpxdata:distance>
     <gpxdata:speed>11.100</gpxdata:speed>
    </extensions>
   </trkpt>
   <trkpt lat="51.0485121" lon="13.8127979">
    <ele>110</ele>
    <time>2026-08-11T17:48:35Z</time>
    <extensions>
     <gpxdata:hr>149</gpxdata:hr>
     <gpxdata:distance>5516.00</gpxdata:distance>
     <gpxdata:speed>11.122</gpxdata:speed>
    </extensions>
   </trkpt>
   <trkpt lat="51.0484222" lon="13.8128675">
    <ele>110</ele>
    <time>2026-08-11T17:48:36Z</time>
    <extensions>
     <gpxdata:hr>149</gpxdata:hr>
     <gpxdata:distance>5527.00</gpxdata:distance>
     <gpxdata:speed>11.128</gpxdata:speed>
    </extensions>
   </trkpt>
   <trkpt lat="51.0483333" lon="13.8129377">
    <ele>110</ele>
    <time>2026-08-11T17:48:37Z</time>
    <extensions>
     <gpxdata:hr>150</gpxdata:hr>
     <gpxdata:distance>5538.50</gpxdata:distance>
     <gpxdata:speed>11.131</gpxdata:speed>
    </extensions>
   </trkpt>
   <trkpt lat="51.0482458" lon="13.8130076">
    <ele>110</ele>
    <time>2026-08-11T17:48:38Z</time>
    <extensions>
     <gpxdata:hr>150</gpxdata:hr>
     <gpxdata:distance>5550.00</gpxdata:distance>
     <gpxdata:speed>11.097</gpxdata:speed>
    </extensions>
   </trkpt>
   <trkpt lat="51.0481595" lon="13.8130776">
    <ele>110</ele>
    <time>2026-08-11T17:48:39Z</time>
    <extensions>
     <gpxdata:hr>150</gpxdata:hr>
     <gpxdata:distance>5560.50</gpxdata:distance>
     <gpxdata:speed>11.019</gpxdata:speed>
    </extensions>
   </trkpt>
   <trkpt lat="51.0480737" lon="13.8131473">
    <ele>110</ele>
    <time>2026-08-11T17:48:40Z</time>
    <extensions>
     <gpxdata:hr>150</gpxdata:hr>
     <gpxdata:distance>5571.00</gpxdata:distance>
     <gpxdata:speed>10.939</gpxdata:speed>
    </extensions>
   </trkpt>
   <trkpt lat="51.0479880" lon="13.8132166">
    <ele>110</ele>
    <time>2026-08-11T17:48:41Z</time>
    <extensions>
     <gpxdata:hr>149</gpxdata:hr>
     <gpxdata:distance>5581.50</gpxdata:distance>
     <gpxdata:speed>10.867</gpxdata:speed>
    </extensions>
   </trkpt>
   <trkpt lat="51.0479027" lon="13.8132843">
    <ele>110</ele>
    <time>2026-08-11T17:48:42Z</time>
    <extensions>
     <gpxdata:hr>149</gpxdata:hr>
     <gpxdata:distance>5592.00</gpxdata:distance>
     <gpxdata:speed>10.811</gpxdata:speed>
    </extensions>
   </trkpt>
   <trkpt lat="51.0478183" lon="13.8133523">
    <ele>110</ele>
    <time>2026-08-11T17:48:43Z</time>
    <extensions>
     <gpxdata:hr>149</gpxdata:hr>
     <gpxdata:distance>5603.00</gpxdata:distance>
     <gpxdata:speed>10.739</gpxdata:speed>
    </extensions>
   </trkpt>
   <trkpt lat="51.0477350" lon="13.8134212">
    <ele>110</ele>
    <time>2026-08-11T17:48:44Z</time>
    <extensions>
     <gpxdata:hr>148</gpxdata:hr>
     <gpxdata:distance>5614.00</gpxdata:distance>
     <gpxdata:speed>10.658</gpxdata:speed>
    </extensions>
   </trkpt>
   <trkpt lat="51.0476518" lon="13.8134913">
    <ele>110</ele>
    <time>2026-08-11T17:48:45Z</time>
    <extensions>
     <gpxdata:hr>148</gpxdata:hr>
     <gpxdata:distance>5624.00</gpxdata:distance>
     <gpxdata:speed>10.583</gpxdata:speed>
    </extensions>
   </trkpt>
   <trkpt lat="51.0475682" lon="13.8135614">
    <ele>110</ele>
    <time>2026-08-11T17:48:46Z</time>
    <extensions>
     <gpxdata:hr>148</gpxdata:hr>
     <gpxdata:distance>5634.00</gpxdata:distance>
     <gpxdata:speed>10.550</gpxdata:speed>
    </extensions>
   </trkpt>
   <trkpt lat="51.0474841" lon="13.8136327">
    <ele>110</ele>
    <time>2026-08-11T17:48:47Z</time>
    <extensions>
     <gpxdata:hr>147</gpxdata:hr>
     <gpxdata:distance>5645.00</gpxdata:distance>
     <gpxdata:speed>10.536</gpxdata:speed>
    </extensions>
   </trkpt>
   <trkpt lat="51.0473999" lon="13.8137073">
    <ele>110</ele>
    <time>2026-08-11T17:48:48Z</time>
    <extensions>
     <gpxdata:hr>147</gpxdata:hr>
     <gpxdata:distance>5656.00</gpxdata:distance>
     <gpxdata:speed>10.567</gpxdata:speed>
    </extensions>
   </trkpt>
   <trkpt lat="51.0473155" lon="13.8137858">
    <ele>110</ele>
    <time>2026-08-11T17:48:49Z</time>
    <extensions>
     <gpxdata:hr>147</gpxdata:hr>
     <gpxdata:distance>5667.00</gpxdata:distance>
     <gpxdata:speed>10.628</gpxdata:speed>
    </extensions>
   </trkpt>
   <trkpt lat="51.0472303" lon="13.8138653">
    <ele>110</ele>
    <time>2026-08-11T17:48:50Z</time>
    <extensions>
     <gpxdata:hr>147</gpxdata:hr>
     <gpxdata:distance>5678.00</gpxdata:distance>
     <gpxdata:speed>10.719</gpxdata:speed>
    </extensions>
   </trkpt>
   <trkpt lat="51.0471444" lon="13.8139434">
    <ele>110</ele>
    <time>2026-08-11T17:48:51Z</time>
    <extensions>
     <gpxdata:hr>146</gpxdata:hr>
     <gpxdata:distance>5689.00</gpxdata:distance>
     <gpxdata:speed>10.814</gpxdata:speed>
    </extensions>
   </trkpt>
   <trkpt lat="51.0470578" lon="13.8140203">
    <ele>110</ele>
    <time>2026-08-11T17:48:52Z</time>
    <extensions>
     <gpxdata:hr>145</gpxdata:hr>
     <gpxdata:distance>5700.00</gpxdata:distance>
     <gpxdata:speed>10.878</gpxdata:speed>
    </extensions>
   </trkpt>
   <trkpt lat="51.0469708" lon="13.8140972">
    <ele>110</ele>
    <time>2026-08-11T17:48:53Z</time>
    <extensions>
     <gpxdata:hr>145</gpxdata:hr>
     <gpxdata:distance>5711.00</gpxdata:distance>
     <gpxdata:speed>10.933</gpxdata:speed>
    </extensions>
   </trkpt>
   <trkpt lat="51.0468836" lon="13.8141742">
    <ele>110</ele>
    <time>2026-08-11T17:48:54Z</time>
    <extensions>
     <gpxdata:hr>146</gpxdata:hr>
     <gpxdata:distance>5722.00</gpxdata:distance>
     <gpxdata:speed>10.986</gpxdata:speed>
    </extensions>
   </trkpt>
   <trkpt lat="51.0467959" lon="13.8142495">
    <ele>110</ele>
    <time>2026-08-11T17:48:55Z</time>
    <extensions>
     <gpxdata:hr>145</gpxdata:hr>
     <gpxdata:distance>5733.00</gpxdata:distance>
     <gpxdata:speed>11.031</gpxdata:speed>
    </extensions>
   </trkpt>
   <trkpt lat="51.0467091" lon="13.8143230">
    <ele>110</ele>
    <time>2026-08-11T17:48:56Z</time>
    <extensions>
     <gpxdata:hr>145</gpxdata:hr>
     <gpxdata:distance>5744.00</gpxdata:distance>
     <gpxdata:speed>11.061</gpxdata:speed>
    </extensions>
   </trkpt>
   <trkpt lat="51.0466234" lon="13.8143958">
    <ele>110</ele>
    <time>2026-08-11T17:48:57Z</time>
    <extensions>
     <gpxdata:hr>145</gpxdata:hr>
     <gpxdata:distance>5754.50</gpxdata:distance>
     <gpxdata:speed>11.017</gpxdata:speed>
    </extensions>
   </trkpt>
   <trkpt lat="51.0465399" lon="13.8144657">
    <ele>110</ele>
    <time>2026-08-11T17:48:58Z</time>
    <extensions>
     <gpxdata:hr>144</gpxdata:hr>
     <gpxdata:distance>5765.00</gpxdata:distance>
     <gpxdata:speed>10.942</gpxdata:speed>
    </extensions>
   </trkpt>
   <trkpt lat="51.0464623" lon="13.8145278">
    <ele>110</ele>
    <time>2026-08-11T17:48:59Z</time>
    <extensions>
     <gpxdata:hr>144</gpxdata:hr>
     <gpxdata:distance>5774.50</gpxdata:distance>
     <gpxdata:speed>10.778</gpxdata:speed>
    </extensions>
   </trkpt>
   <trkpt lat="51.0463947" lon="13.8145805">
    <ele>110</ele>
    <time>2026-08-11T17:49:00Z</time>
    <extensions>
     <gpxdata:hr>144</gpxdata:hr>
     <gpxdata:distance>5784.00</gpxdata:distance>
     <gpxdata:speed>9.811</gpxdata:speed>
    </extensions>
   </trkpt>
   <trkpt lat="51.0463339" lon="13.8146247">
    <ele>110</ele>
    <time>2026-08-11T17:49:01Z</time>
    <extensions>
     <gpxdata:hr>144</gpxdata:hr>
     <gpxdata:distance>5791.50</gpxdata:distance>
     <gpxdata:speed>8.553</gpxdata:speed>
    </extensions>
   </trkpt>
   <trkpt lat="51.0462748" lon="13.8146639">
    <ele>110</ele>
    <time>2026-08-11T17:49:02Z</time>
    <extensions>
     <gpxdata:hr>144</gpxdata:hr>
     <gpxdata:distance>5799.00</gpxdata:distance>
     <gpxdata:speed>8.347</gpxdata:speed>
    </extensions>
   </trkpt>
   <trkpt lat="51.0462142" lon="13.8147033">
    <ele>110</ele>
    <time>2026-08-11T17:49:03Z</time>
    <extensions>
     <gpxdata:hr>143</gpxdata:hr>
     <gpxdata:distance>5806.50</gpxdata:distance>
     <gpxdata:speed>7.525</gpxdata:speed>
    </extensions>
   </trkpt>
   <trkpt lat="51.0461506" lon="13.8147463">
    <ele>110</ele>
    <time>2026-08-11T17:49:04Z</time>
    <extensions>
     <gpxdata:hr>142</gpxdata:hr>
     <gpxdata:distance>5814.00</gpxdata:distance>
     <gpxdata:speed>7.583</gpxdata:speed>
    </extensions>
   </trkpt>
   <trkpt lat="51.0460841" lon="13.8147916">
    <ele>110</ele>
    <time>2026-08-11T17:49:05Z</time>
    <extensions>
     <gpxdata:hr>141</gpxdata:hr>
     <gpxdata:distance>5822.00</gpxdata:distance>
     <gpxdata:speed>7.853</gpxdata:speed>
    </extensions>
   </trkpt>
   <trkpt lat="51.0460148" lon="13.8148406">
    <ele>110</ele>
    <time>2026-08-11T17:49:06Z</time>
    <extensions>
     <gpxdata:hr>141</gpxdata:hr>
     <gpxdata:distance>5830.00</gpxdata:distance>
     <gpxdata:speed>8.042</gpxdata:speed>
    </extensions>
   </trkpt>
   <trkpt lat="51.0459428" lon="13.8148923">
    <ele>110</ele>
    <time>2026-08-11T17:49:07Z</time>
    <extensions>
     <gpxdata:hr>141</gpxdata:hr>
     <gpxdata:distance>5839.00</gpxdata:distance>
     <gpxdata:speed>8.347</gpxdata:speed>
    </extensions>
   </trkpt>
   <trkpt lat="51.0458685" lon="13.8149456">
    <ele>110</ele>
    <time>2026-08-11T17:49:08Z</time>
    <extensions>
     <gpxdata:hr>140</gpxdata:hr>
     <gpxdata:distance>5848.00</gpxdata:distance>
     <gpxdata:speed>8.661</gpxdata:speed>
    </extensions>
   </trkpt>
   <trkpt lat="51.0457918" lon="13.8149983">
    <ele>110</ele>
    <time>2026-08-11T17:49:09Z</time>
    <extensions>
     <gpxdata:hr>140</gpxdata:hr>
     <gpxdata:distance>5857.50</gpxdata:distance>
     <gpxdata:speed>8.800</gpxdata:speed>
    </extensions>
   </trkpt>
   <trkpt lat="51.0457125" lon="13.8150496">
    <ele>110</ele>
    <time>2026-08-11T17:49:10Z</time>
    <extensions>
     <gpxdata:hr>140</gpxdata:hr>
     <gpxdata:distance>5867.00</gpxdata:distance>
     <gpxdata:speed>9.144</gpxdata:speed>
    </extensions>
   </trkpt>
   <trkpt lat="51.0456306" lon="13.8151004">
    <ele>110</ele>
    <time>2026-08-11T17:49:11Z</time>
    <extensions>
     <gpxdata:hr>140</gpxdata:hr>
     <gpxdata:distance>5876.50</gpxdata:distance>
     <gpxdata:speed>9.406</gpxdata:speed>
    </extensions>
   </trkpt>
   <trkpt lat="51.0455459" lon="13.8151511">
    <ele>110</ele>
    <time>2026-08-11T17:49:12Z</time>
    <extensions>
     <gpxdata:hr>141</gpxdata:hr>
     <gpxdata:distance>5886.00</gpxdata:distance>
     <gpxdata:speed>9.672</gpxdata:speed>
    </extensions>
   </trkpt>
   <trkpt lat="51.0454591" lon="13.8152024">
    <ele>110</ele>
    <time>2026-08-11T17:49:13Z</time>
    <extensions>
     <gpxdata:hr>141</gpxdata:hr>
     <gpxdata:distance>5896.50</gpxdata:distance>
     <gpxdata:speed>9.956</gpxdata:speed>
    </extensions>
   </trkpt>
   <trkpt lat="51.0453712" lon="13.8152538">
    <ele>110</ele>
    <time>2026-08-11T17:49:14Z</time>
    <extensions>
     <gpxdata:hr>142</gpxdata:hr>
     <gpxdata:distance>5907.00</gpxdata:distance>
     <gpxdata:speed>10.200</gpxdata:speed>
    </extensions>
   </trkpt>
   <trkpt lat="51.0452829" lon="13.8153067">
    <ele>110</ele>
    <time>2026-08-11T17:49:15Z</time>
    <extensions>
     <gpxdata:hr>143</gpxdata:hr>
     <gpxdata:distance>5917.50</gpxdata:distance>
     <gpxdata:speed>10.308</gpxdata:speed>
    </extensions>
   </trkpt>
   <trkpt lat="51.0451932" lon="13.8153593">
    <ele>110</ele>
    <time>2026-08-11T17:49:16Z</time>
    <extensions>
     <gpxdata:hr>143</gpxdata:hr>
     <gpxdata:distance>5928.00</gpxdata:distance>
     <gpxdata:speed>10.428</gpxdata:speed>
    </extensions>
   </trkpt>
   <trkpt lat="51.0451013" lon="13.8154079">
    <ele>110</ele>
    <time>2026-08-11T17:49:17Z</time>
    <extensions>
     <gpxdata:hr>143</gpxdata:hr>
     <gpxdata:distance>5938.50</gpxdata:distance>
     <gpxdata:speed>10.575</gpxdata:speed>
    </extensions>
   </trkpt>
   <trkpt lat="51.0450073" lon="13.8154544">
    <ele>110</ele>
    <time>2026-08-11T17:49:18Z</time>
    <extensions>
     <gpxdata:hr>144</gpxdata:hr>
     <gpxdata:distance>5949.00</gpxdata:distance>
     <gpxdata:speed>10.722</gpxdata:speed>
    </extensions>
   </trkpt>
   <trkpt lat="51.0449118" lon="13.8155009">
    <ele>110</ele>
    <time>2026-08-11T17:49:19Z</time>
    <extensions>
     <gpxdata:hr>145</gpxdata:hr>
     <gpxdata:distance>5960.50</gpxdata:distance>
     <gpxdata:speed>10.906</gpxdata:speed>
    </extensions>
   </trkpt>
   <trkpt lat="51.0448148" lon="13.8155489">
    <ele>110</ele>
    <time>2026-08-11T17:49:20Z</time>
    <extensions>
     <gpxdata:hr>146</gpxdata:hr>
     <gpxdata:distance>5972.00</gpxdata:distance>
     <gpxdata:speed>11.047</gpxdata:speed>
    </extensions>
   </trkpt>
   <trkpt lat="51.0447169" lon="13.8155972">
    <ele>110</ele>
    <time>2026-08-11T17:49:21Z</time>
    <extensions>
     <gpxdata:hr>147</gpxdata:hr>
     <gpxdata:distance>5983.50</gpxdata:distance>
     <gpxdata:speed>11.236</gpxdata:speed>
    </extensions>
   </trkpt>
   <trkpt lat="51.0446180" lon="13.8156456">
    <ele>110</ele>
    <time>2026-08-11T17:49:22Z</time>
    <extensions>
     <gpxdata:hr>147</gpxdata:hr>
     <gpxdata:distance>5995.00</gpxdata:distance>
     <gpxdata:speed>11.344</gpxdata:speed>
    </extensions>
   </trkpt>
   <trkpt lat="51.0445189" lon="13.8156960">
    <ele>110</ele>
    <time>2026-08-11T17:49:23Z</time>
    <extensions>
     <gpxdata:hr>147</gpxdata:hr>
     <gpxdata:distance>6006.50</gpxdata:distance>
     <gpxdata:speed>11.450</gpxdata:speed>
    </extensions>
   </trkpt>
   <trkpt lat="51.0444210" lon="13.8157521">
    <ele>110</ele>
    <time>2026-08-11T17:49:24Z</time>
    <extensions>
     <gpxdata:hr>148</gpxdata:hr>
     <gpxdata:distance>6018.00</gpxdata:distance>
     <gpxdata:speed>11.531</gpxdata:speed>
    </extensions>
   </trkpt>
   <trkpt lat="51.0443244" lon="13.8158145">
    <ele>110</ele>
    <time>2026-08-11T17:49:25Z</time>
    <extensions>
     <gpxdata:hr>149</gpxdata:hr>
     <gpxdata:distance>6029.50</gpxdata:distance>
     <gpxdata:speed>11.547</gpxdata:speed>
    </extensions>
   </trkpt>
   <trkpt lat="51.0442283" lon="13.8158803">
    <ele>110</ele>
    <time>2026-08-11T17:49:26Z</time>
    <extensions>
     <gpxdata:hr>149</gpxdata:hr>
     <gpxdata:distance>6041.00</gpxdata:distance>
     <gpxdata:speed>11.583</gpxdata:speed>
    </extensions>
   </trkpt>
   <trkpt lat="51.0441321" lon="13.8159494">
    <ele>110</ele>
    <time>2026-08-11T17:49:27Z</time>
    <extensions>
     <gpxdata:hr>150</gpxdata:hr>
     <gpxdata:distance>6052.50</gpxdata:distance>
     <gpxdata:speed>11.631</gpxdata:speed>
    </extensions>
   </trkpt>
   <trkpt lat="51.0440361" lon="13.8160204">
    <ele>110</ele>
    <time>2026-08-11T17:49:28Z</time>
    <extensions>
     <gpxdata:hr>150</gpxdata:hr>
     <gpxdata:distance>6064.00</gpxdata:distance>
     <gpxdata:speed>11.692</gpxdata:speed>
    </extensions>
   </trkpt>
   <trkpt lat="51.0439399" lon="13.8160895">
    <ele>110</ele>
    <time>2026-08-11T17:49:29Z</time>
    <extensions>
     <gpxdata:hr>150</gpxdata:hr>
     <gpxdata:distance>6076.00</gpxdata:distance>
     <gpxdata:speed>11.728</gpxdata:speed>
    </extensions>
   </trkpt>
   <trkpt lat="51.0438432" lon="13.8161554">
    <ele>110</ele>
    <time>2026-08-11T17:49:30Z</time>
    <extensions>
     <gpxdata:hr>150</gpxdata:hr>
     <gpxdata:distance>6088.00</gpxdata:distance>
     <gpxdata:speed>11.736</gpxdata:speed>
    </extensions>
   </trkpt>
   <trkpt lat="51.0437465" lon="13.8162207">
    <ele>110</ele>
    <time>2026-08-11T17:49:31Z</time>
    <extensions>
     <gpxdata:hr>150</gpxdata:hr>
     <gpxdata:distance>6099.50</gpxdata:distance>
     <gpxdata:speed>11.728</gpxdata:speed>
    </extensions>
   </trkpt>
   <trkpt lat="51.0436506" lon="13.8162886">
    <ele>110</ele>
    <time>2026-08-11T17:49:32Z</time>
    <extensions>
     <gpxdata:hr>150</gpxdata:hr>
     <gpxdata:distance>6111.00</gpxdata:distance>
     <gpxdata:speed>11.714</gpxdata:speed>
    </extensions>
   </trkpt>
   <trkpt lat="51.0435562" lon="13.8163599">
    <ele>110</ele>
    <time>2026-08-11T17:49:33Z</time>
    <extensions>
     <gpxdata:hr>150</gpxdata:hr>
     <gpxdata:distance>6123.00</gpxdata:distance>
     <gpxdata:speed>11.708</gpxdata:speed>
    </extensions>
   </trkpt>
   <trkpt lat="51.0434625" lon="13.8164331">
    <ele>110</ele>
    <time>2026-08-11T17:49:34Z</time>
    <extensions>
     <gpxdata:hr>151</gpxdata:hr>
     <gpxdata:distance>6135.00</gpxdata:distance>
     <gpxdata:speed>11.681</gpxdata:speed>
    </extensions>
   </trkpt>
   <trkpt lat="51.0433682" lon="13.8165043">
    <ele>110</ele>
    <time>2026-08-11T17:49:35Z</time>
    <extensions>
     <gpxdata:hr>151</gpxdata:hr>
     <gpxdata:distance>6146.50</gpxdata:distance>
     <gpxdata:speed>11.661</gpxdata:speed>
    </extensions>
   </trkpt>
   <trkpt lat="51.0432725" lon="13.8165707">
    <ele>110</ele>
    <time>2026-08-11T17:49:36Z</time>
    <extensions>
     <gpxdata:hr>151</gpxdata:hr>
     <gpxdata:distance>6158.00</gpxdata:distance>
     <gpxdata:speed>11.653</gpxdata:speed>
    </extensions>
   </trkpt>
   <trkpt lat="51.0431758" lon="13.8166320">
    <ele>110</ele>
    <time>2026-08-11T17:49:37Z</time>
    <extensions>
     <gpxdata:hr>151</gpxdata:hr>
     <gpxdata:distance>6169.50</gpxdata:distance>
     <gpxdata:speed>11.644</gpxdata:speed>
    </extensions>
   </trkpt>
   <trkpt lat="51.0430796" lon="13.8166916">
    <ele>110</ele>
    <time>2026-08-11T17:49:38Z</time>
    <extensions>
     <gpxdata:hr>151</gpxdata:hr>
     <gpxdata:distance>6181.00</gpxdata:distance>
     <gpxdata:speed>11.628</gpxdata:speed>
    </extensions>
   </trkpt>
   <trkpt lat="51.0429847" lon="13.8167526">
    <ele>110</ele>
    <time>2026-08-11T17:49:39Z</time>
    <extensions>
     <gpxdata:hr>152</gpxdata:hr>
     <gpxdata:distance>6192.50</gpxdata:distance>
     <gpxdata:speed>11.575</gpxdata:speed>
    </extensions>
   </trkpt>
   <trkpt lat="51.0428905" lon="13.8168171">
    <ele>110</ele>
    <time>2026-08-11T17:49:40Z</time>
    <extensions>
     <gpxdata:hr>152</gpxdata:hr>
     <gpxdata:distance>6204.00</gpxdata:distance>
     <gpxdata:speed>11.508</gpxdata:speed>
    </extensions>
   </trkpt>
   <trkpt lat="51.0427965" lon="13.8168827">
    <ele>110</ele>
    <time>2026-08-11T17:49:41Z</time>
    <extensions>
     <gpxdata:hr>152</gpxdata:hr>
     <gpxdata:distance>6215.50</gpxdata:distance>
     <gpxdata:speed>11.483</gpxdata:speed>
    </extensions>
   </trkpt>
   <trkpt lat="51.0427026" lon="13.8169500">
    <ele>110</ele>
    <time>2026-08-11T17:49:42Z</time>
    <extensions>
     <gpxdata:hr>153</gpxdata:hr>
     <gpxdata:distance>6227.00</gpxdata:distance>
     <gpxdata:speed>11.464</gpxdata:speed>
    </extensions>
   </trkpt>
   <trkpt lat="51.0426087" lon="13.8170181">
    <ele>110</ele>
    <time>2026-08-11T17:49:43Z</time>
    <extensions>
     <gpxdata:hr>153</gpxdata:hr>
     <gpxdata:distance>6238.50</gpxdata:distance>
     <gpxdata:speed>11.467</gpxdata:speed>
    </extensions>
   </trkpt>
   <trkpt lat="51.0425145" lon="13.8170844">
    <ele>110</ele>
    <time>2026-08-11T17:49:44Z</time>
    <extensions>
     <gpxdata:hr>153</gpxdata:hr>
     <gpxdata:distance>6250.00</gpxdata:distance>
     <gpxdata:speed>11.469</gpxdata:speed>
    </extensions>
   </trkpt>
   <trkpt lat="51.0424200" lon="13.8171481">
    <ele>110</ele>
    <time>2026-08-11T17:49:45Z</time>
    <extensions>
     <gpxdata:hr>154</gpxdata:hr>
     <gpxdata:distance>6261.00</gpxdata:distance>
     <gpxdata:speed>11.464</gpxdata:speed>
    </extensions>
   </trkpt>
   <trkpt lat="51.0423259" lon="13.8172126">
    <ele>110</ele>
    <time>2026-08-11T17:49:46Z</time>
    <extensions>
     <gpxdata:hr>154</gpxdata:hr>
     <gpxdata:distance>6272.00</gpxdata:distance>
     <gpxdata:speed>11.447</gpxdata:speed>
    </extensions>
   </trkpt>
   <trkpt lat="51.0422323" lon="13.8172795">
    <ele>110</ele>
    <time>2026-08-11T17:49:47Z</time>
    <extensions>
     <gpxdata:hr>154</gpxdata:hr>
     <gpxdata:distance>6283.50</gpxdata:distance>
     <gpxdata:speed>11.431</gpxdata:speed>
    </extensions>
   </trkpt>
   <trkpt lat="51.0421387" lon="13.8173497">
    <ele>110</ele>
    <time>2026-08-11T17:49:48Z</time>
    <extensions>
     <gpxdata:hr>154</gpxdata:hr>
     <gpxdata:distance>6295.00</gpxdata:distance>
     <gpxdata:speed>11.431</gpxdata:speed>
    </extensions>
   </trkpt>
   <trkpt lat="51.0420442" lon="13.8174212">
    <ele>110</ele>
    <time>2026-08-11T17:49:49Z</time>
    <extensions>
     <gpxdata:hr>154</gpxdata:hr>
     <gpxdata:distance>6307.00</gpxdata:distance>
     <gpxdata:speed>11.467</gpxdata:speed>
    </extensions>
   </trkpt>
   <trkpt lat="51.0419490" lon="13.8174936">
    <ele>110</ele>
    <time>2026-08-11T17:49:50Z</time>
    <extensions>
     <gpxdata:hr>155</gpxdata:hr>
     <gpxdata:distance>6319.00</gpxdata:distance>
     <gpxdata:speed>11.539</gpxdata:speed>
    </extensions>
   </trkpt>
   <trkpt lat="51.0418539" lon="13.8175690">
    <ele>110</ele>
    <time>2026-08-11T17:49:51Z</time>
    <extensions>
     <gpxdata:hr>155</gpxdata:hr>
     <gpxdata:distance>6330.50</gpxdata:distance>
     <gpxdata:speed>11.611</gpxdata:speed>
    </extensions>
   </trkpt>
   <trkpt lat="51.0417592" lon="13.8176470">
    <ele>110</ele>
    <time>2026-08-11T17:49:52Z</time>
    <extensions>
     <gpxdata:hr>155</gpxdata:hr>
     <gpxdata:distance>6342.00</gpxdata:distance>
     <gpxdata:speed>11.692</gpxdata:speed>
    </extensions>
   </trkpt>
   <trkpt lat="51.0416656" lon="13.8177279">
    <ele>110</ele>
    <time>2026-08-11T17:49:53Z</time>
    <extensions>
     <gpxdata:hr>155</gpxdata:hr>
     <gpxdata:distance>6354.00</gpxdata:distance>
     <gpxdata:speed>11.753</gpxdata:speed>
    </extensions>
   </trkpt>
   <trkpt lat="51.0415735" lon="13.8178115">
    <ele>110</ele>
    <time>2026-08-11T17:49:54Z</time>
    <extensions>
     <gpxdata:hr>155</gpxdata:hr>
     <gpxdata:distance>6366.00</gpxdata:distance>
     <gpxdata:speed>11.783</gpxdata:speed>
    </extensions>
   </trkpt>
   <trkpt lat="51.0414828" lon="13.8178983">
    <ele>110</ele>
    <time>2026-08-11T17:49:55Z</time>
    <extensions>
     <gpxdata:hr>156</gpxdata:hr>
     <gpxdata:distance>6378.00</gpxdata:distance>
     <gpxdata:speed>11.794</gpxdata:speed>
    </extensions>
   </trkpt>
   <trkpt lat="51.0413931" lon="13.8179886">
    <ele>110</ele>
    <time>2026-08-11T17:49:56Z</time>
    <extensions>
     <gpxdata:hr>156</gpxdata:hr>
     <gpxdata:distance>6390.00</gpxdata:distance>
     <gpxdata:speed>11.792</gpxdata:speed>
    </extensions>
   </trkpt>
   <trkpt lat="51.0413029" lon="13.8180782">
    <ele>110</ele>
    <time>2026-08-11T17:49:57Z</time>
    <extensions>
     <gpxdata:hr>156</gpxdata:hr>
     <gpxdata:distance>6401.50</gpxdata:distance>
     <gpxdata:speed>11.808</gpxdata:speed>
    </extensions>
   </trkpt>
   <trkpt lat="51.0412125" lon="13.8181664">
    <ele>110</ele>
    <time>2026-08-11T17:49:58Z</time>
    <extensions>
     <gpxdata:hr>157</gpxdata:hr>
     <gpxdata:distance>6413.00</gpxdata:distance>
     <gpxdata:speed>11.819</gpxdata:speed>
    </extensions>
   </trkpt>
   <trkpt lat="51.0411223" lon="13.8182535">
    <ele>110</ele>
    <time>2026-08-11T17:49:59Z</time>
    <extensions>
     <gpxdata:hr>157</gpxdata:hr>
     <gpxdata:distance>6425.00</gpxdata:distance>
     <gpxdata:speed>11.817</gpxdata:speed>
    </extensions>
   </trkpt>
   <trkpt lat="51.0410329" lon="13.8183401">
    <ele>110</ele>
    <time>2026-08-11T17:50:00Z</time>
    <extensions>
     <gpxdata:hr>157</gpxdata:hr>
     <gpxdata:distance>6437.00</gpxdata:distance>
     <gpxdata:speed>11.792</gpxdata:speed>
    </extensions>
   </trkpt>
   <trkpt lat="51.0409444" lon="13.8184260">
    <ele>110</ele>
    <time>2026-08-11T17:50:01Z</time>
    <extensions>
     <gpxdata:hr>157</gpxdata:hr>
     <gpxdata:distance>6448.50</gpxdata:distance>
     <gpxdata:speed>11.736</gpxdata:speed>
    </extensions>
   </trkpt>
   <trkpt lat="51.0408559" lon="13.8185111">
    <ele>110</ele>
    <time>2026-08-11T17:50:02Z</time>
    <extensions>
     <gpxdata:hr>157</gpxdata:hr>
     <gpxdata:distance>6460.00</gpxdata:distance>
     <gpxdata:speed>11.667</gpxdata:speed>
    </extensions>
   </trkpt>
   <trkpt lat="51.0407669" lon="13.8185946">
    <ele>110</ele>
    <time>2026-08-11T17:50:03Z</time>
    <extensions>
     <gpxdata:hr>157</gpxdata:hr>
     <gpxdata:distance>6471.50</gpxdata:distance>
     <gpxdata:speed>11.619</gpxdata:speed>
    </extensions>
   </trkpt>
   <trkpt lat="51.0406774" lon="13.8186761">
    <ele>110</ele>
    <time>2026-08-11T17:50:04Z</time>
    <extensions>
     <gpxdata:hr>158</gpxdata:hr>
     <gpxdata:distance>6483.00</gpxdata:distance>
     <gpxdata:speed>11.578</gpxdata:speed>
    </extensions>
   </trkpt>
   <trkpt lat="51.0405882" lon="13.8187578">
    <ele>110</ele>
    <time>2026-08-11T17:50:05Z</time>
    <extensions>
     <gpxdata:hr>158</gpxdata:hr>
     <gpxdata:distance>6494.50</gpxdata:distance>
     <gpxdata:speed>11.547</gpxdata:speed>
    </extensions>
   </trkpt>
   <trkpt lat="51.0405018" lon="13.8188464">
    <ele>110</ele>
    <time>2026-08-11T17:50:06Z</time>
    <extensions>
     <gpxdata:hr>158</gpxdata:hr>
     <gpxdata:distance>6506.00</gpxdata:distance>
     <gpxdata:speed>11.517</gpxdata:speed>
    </extensions>
   </trkpt>
   <trkpt lat="51.0404187" lon="13.8189441">
    <ele>110</ele>
    <time>2026-08-11T17:50:07Z</time>
    <extensions>
     <gpxdata:hr>158</gpxdata:hr>
     <gpxdata:distance>6517.50</gpxdata:distance>
     <gpxdata:speed>11.500</gpxdata:speed>
    </extensions>
   </trkpt>
   <trkpt lat="51.0403378" lon="13.8190465">
    <ele>110</ele>
    <time>2026-08-11T17:50:08Z</time>
    <extensions>
     <gpxdata:hr>158</gpxdata:hr>
     <gpxdata:distance>6529.00</gpxdata:distance>
     <gpxdata:speed>11.506</gpxdata:speed>
    </extensions>
   </trkpt>
   <trkpt lat="51.0402578" lon="13.8191492">
    <ele>110</ele>
    <time>2026-08-11T17:50:09Z</time>
    <extensions>
     <gpxdata:hr>158</gpxdata:hr>
     <gpxdata:distance>6540.50</gpxdata:distance>
     <gpxdata:speed>11.506</gpxdata:speed>
    </extensions>
   </trkpt>
   <trkpt lat="51.0401784" lon="13.8192521">
    <ele>110</ele>
    <time>2026-08-11T17:50:10Z</time>
    <extensions>
     <gpxdata:hr>157</gpxdata:hr>
     <gpxdata:distance>6552.00</gpxdata:distance>
     <gpxdata:speed>11.475</gpxdata:speed>
    </extensions>
   </trkpt>
   <trkpt lat="51.0401007" lon="13.8193558">
    <ele>110</ele>
    <time>2026-08-11T17:50:11Z</time>
    <extensions>
     <gpxdata:hr>157</gpxdata:hr>
     <gpxdata:distance>6563.00</gpxdata:distance>
     <gpxdata:speed>11.444</gpxdata:speed>
    </extensions>
   </trkpt>
   <trkpt lat="51.0400238" lon="13.8194595">
    <ele>110</ele>
    <time>2026-08-11T17:50:12Z</time>
    <extensions>
     <gpxdata:hr>156</gpxdata:hr>
     <gpxdata:distance>6574.00</gpxdata:distance>
     <gpxdata:speed>11.386</gpxdata:speed>
    </extensions>
   </trkpt>
   <trkpt lat="51.0399449" lon="13.8195578">
    <ele>110</ele>
    <time>2026-08-11T17:50:13Z</time>
    <extensions>
     <gpxdata:hr>155</gpxdata:hr>
     <gpxdata:distance>6585.50</gpxdata:distance>
     <gpxdata:speed>11.325</gpxdata:speed>
    </extensions>
   </trkpt>
   <trkpt lat="51.0398628" lon="13.8196489">
    <ele>111</ele>
    <time>2026-08-11T17:50:14Z</time>
    <extensions>
     <gpxdata:hr>155</gpxdata:hr>
     <gpxdata:distance>6597.00</gpxdata:distance>
     <gpxdata:speed>11.269</gpxdata:speed>
    </extensions>
   </trkpt>
   <trkpt lat="51.0397807" lon="13.8197398">
    <ele>111</ele>
    <time>2026-08-11T17:50:15Z</time>
    <extensions>
     <gpxdata:hr>155</gpxdata:hr>
     <gpxdata:distance>6608.00</gpxdata:distance>
     <gpxdata:speed>11.233</gpxdata:speed>
    </extensions>
   </trkpt>
   <trkpt lat="51.0397016" lon="13.8198362">
    <ele>111</ele>
    <time>2026-08-11T17:50:16Z</time>
    <extensions>
     <gpxdata:hr>155</gpxdata:hr>
     <gpxdata:distance>6619.00</gpxdata:distance>
     <gpxdata:speed>11.200</gpxdata:speed>
    </extensions>
   </trkpt>
   <trkpt lat="51.0396250" lon="13.8199374">
    <ele>111</ele>
    <time>2026-08-11T17:50:17Z</time>
    <extensions>
     <gpxdata:hr>155</gpxdata:hr>
     <gpxdata:distance>6630.00</gpxdata:distance>
     <gpxdata:speed>11.164</gpxdata:speed>
    </extensions>
   </trkpt>
   <trkpt lat="51.0395506" lon="13.8200427">
    <ele>111</ele>
    <time>2026-08-11T17:50:18Z</time>
    <extensions>
     <gpxdata:hr>156</gpxdata:hr>
     <gpxdata:distance>6641.00</gpxdata:distance>
     <gpxdata:speed>11.139</gpxdata:speed>
    </extensions>
   </trkpt>
   <trkpt lat="51.0394788" lon="13.8201524">
    <ele>111</ele>
    <time>2026-08-11T17:50:19Z</time>
    <extensions>
     <gpxdata:hr>156</gpxdata:hr>
     <gpxdata:distance>6652.00</gpxdata:distance>
     <gpxdata:speed>11.122</gpxdata:speed>
    </extensions>
   </trkpt>
   <trkpt lat="51.0394097" lon="13.8202668">
    <ele>111</ele>
    <time>2026-08-11T17:50:20Z</time>
    <extensions>
     <gpxdata:hr>156</gpxdata:hr>
     <gpxdata:distance>6663.00</gpxdata:distance>
     <gpxdata:speed>11.103</gpxdata:speed>
    </extensions>
   </trkpt>
   <trkpt lat="51.0393433" lon="13.8203864">
    <ele>111</ele>
    <time>2026-08-11T17:50:21Z</time>
    <extensions>
     <gpxdata:hr>157</gpxdata:hr>
     <gpxdata:distance>6674.00</gpxdata:distance>
     <gpxdata:speed>11.103</gpxdata:speed>
    </extensions>
   </trkpt>
   <trkpt lat="51.0392808" lon="13.8205109">
    <ele>111</ele>
    <time>2026-08-11T17:50:22Z</time>
    <extensions>
     <gpxdata:hr>157</gpxdata:hr>
     <gpxdata:distance>6685.00</gpxdata:distance>
     <gpxdata:speed>11.128</gpxdata:speed>
    </extensions>
   </trkpt>
   <trkpt lat="51.0392209" lon="13.8206387">
    <ele>111</ele>
    <time>2026-08-11T17:50:23Z</time>
    <extensions>
     <gpxdata:hr>158</gpxdata:hr>
     <gpxdata:distance>6696.50</gpxdata:distance>
     <gpxdata:speed>11.133</gpxdata:speed>
    </extensions>
   </trkpt>
   <trkpt lat="51.0391607" lon="13.8207658">
    <ele>111</ele>
    <time>2026-08-11T17:50:24Z</time>
    <extensions>
     <gpxdata:hr>159</gpxdata:hr>
     <gpxdata:distance>6708.00</gpxdata:distance>
     <gpxdata:speed>11.136</gpxdata:speed>
    </extensions>
   </trkpt>
   <trkpt lat="51.0390992" lon="13.8208915">
    <ele>111</ele>
    <time>2026-08-11T17:50:25Z</time>
    <extensions>
     <gpxdata:hr>159</gpxdata:hr>
     <gpxdata:distance>6719.00</gpxdata:distance>
     <gpxdata:speed>11.136</gpxdata:speed>
    </extensions>
   </trkpt>
   <trkpt lat="51.0390367" lon="13.8210178">
    <ele>111</ele>
    <time>2026-08-11T17:50:26Z</time>
    <extensions>
     <gpxdata:hr>159</gpxdata:hr>
     <gpxdata:distance>6730.00</gpxdata:distance>
     <gpxdata:speed>11.139</gpxdata:speed>
    </extensions>
   </trkpt>
   <trkpt lat="51.0389736" lon="13.8211469">
    <ele>111</ele>
    <time>2026-08-11T17:50:27Z</time>
    <extensions>
     <gpxdata:hr>160</gpxdata:hr>
     <gpxdata:distance>6741.50</gpxdata:distance>
     <gpxdata:speed>11.183</gpxdata:speed>
    </extensions>
   </trkpt>
   <trkpt lat="51.0389089" lon="13.8212782">
    <ele>111</ele>
    <time>2026-08-11T17:50:28Z</time>
    <extensions>
     <gpxdata:hr>161</gpxdata:hr>
     <gpxdata:distance>6753.00</gpxdata:distance>
     <gpxdata:speed>11.283</gpxdata:speed>
    </extensions>
   </trkpt>
   <trkpt lat="51.0388434" lon="13.8214117">
    <ele>112</ele>
    <time>2026-08-11T17:50:29Z</time>
    <extensions>
     <gpxdata:hr>162</gpxdata:hr>
     <gpxdata:distance>6765.00</gpxdata:distance>
     <gpxdata:speed>11.431</gpxdata:speed>
    </extensions>
   </trkpt>
   <trkpt lat="51.0387776" lon="13.8215469">
    <ele>112</ele>
    <time>2026-08-11T17:50:30Z</time>
    <extensions>
     <gpxdata:hr>162</gpxdata:hr>
     <gpxdata:distance>6777.00</gpxdata:distance>
     <gpxdata:speed>11.586</gpxdata:speed>
    </extensions>
   </trkpt>
   <trkpt lat="51.0387119" lon="13.8216829">
    <ele>112</ele>
    <time>2026-08-11T17:50:31Z</time>
    <extensions>
     <gpxdata:hr>163</gpxdata:hr>
     <gpxdata:distance>6789.00</gpxdata:distance>
     <gpxdata:speed>11.719</gpxdata:speed>
    </extensions>
   </trkpt>
   <trkpt lat="51.0386475" lon="13.8218191">
    <ele>112</ele>
    <time>2026-08-11T17:50:32Z</time>
    <extensions>
     <gpxdata:hr>163</gpxdata:hr>
     <gpxdata:distance>6801.00</gpxdata:distance>
     <gpxdata:speed>11.875</gpxdata:speed>
    </extensions>
   </trkpt>
   <trkpt lat="51.0385845" lon="13.8219553">
    <ele>111</ele>
    <time>2026-08-11T17:50:33Z</time>
    <extensions>
     <gpxdata:hr>164</gpxdata:hr>
     <gpxdata:distance>6812.50</gpxdata:distance>
     <gpxdata:speed>11.881</gpxdata:speed>
    </extensions>
   </trkpt>
   <trkpt lat="51.0385231" lon="13.8220929">
    <ele>111</ele>
    <time>2026-08-11T17:50:34Z</time>
    <extensions>
     <gpxdata:hr>165</gpxdata:hr>
     <gpxdata:distance>6824.00</gpxdata:distance>
     <gpxdata:speed>11.836</gpxdata:speed>
    </extensions>
   </trkpt>
   <trkpt lat="51.0384623" lon="13.8222310">
    <ele>111</ele>
    <time>2026-08-11T17:50:35Z</time>
    <extensions>
     <gpxdata:hr>166</gpxdata:hr>
     <gpxdata:distance>6836.00</gpxdata:distance>
     <gpxdata:speed>11.833</gpxdata:speed>
    </extensions>
   </trkpt>
   <trkpt lat="51.0384020" lon="13.8223677">
    <ele>110</ele>
    <time>2026-08-11T17:50:36Z</time>
    <extensions>
     <gpxdata:hr>167</gpxdata:hr>
     <gpxdata:distance>6848.00</gpxdata:distance>
     <gpxdata:speed>11.822</gpxdata:speed>
    </extensions>
   </trkpt>
   <trkpt lat="51.0383428" lon="13.8225039">
    <ele>110</ele>
    <time>2026-08-11T17:50:37Z</time>
    <extensions>
     <gpxdata:hr>168</gpxdata:hr>
     <gpxdata:distance>6859.50</gpxdata:distance>
     <gpxdata:speed>11.764</gpxdata:speed>
    </extensions>
   </trkpt>
   <trkpt lat="51.0382863" lon="13.8226408">
    <ele>110</ele>
    <time>2026-08-11T17:50:38Z</time>
    <extensions>
     <gpxdata:hr>169</gpxdata:hr>
     <gpxdata:distance>6871.00</gpxdata:distance>
     <gpxdata:speed>11.697</gpxdata:speed>
    </extensions>
   </trkpt>
   <trkpt lat="51.0382328" lon="13.8227788">
    <ele>110</ele>
    <time>2026-08-11T17:50:39Z</time>
    <extensions>
     <gpxdata:hr>169</gpxdata:hr>
     <gpxdata:distance>6882.50</gpxdata:distance>
     <gpxdata:speed>11.614</gpxdata:speed>
    </extensions>
   </trkpt>
   <trkpt lat="51.0381810" lon="13.8229164">
    <ele>110</ele>
    <time>2026-08-11T17:50:40Z</time>
    <extensions>
     <gpxdata:hr>169</gpxdata:hr>
     <gpxdata:distance>6894.00</gpxdata:distance>
     <gpxdata:speed>11.519</gpxdata:speed>
    </extensions>
   </trkpt>
   <trkpt lat="51.0381288" lon="13.8230520">
    <ele>110</ele>
    <time>2026-08-11T17:50:41Z</time>
    <extensions>
     <gpxdata:hr>169</gpxdata:hr>
     <gpxdata:distance>6905.00</gpxdata:distance>
     <gpxdata:speed>11.408</gpxdata:speed>
    </extensions>
   </trkpt>
   <trkpt lat="51.0380731" lon="13.8231830">
    <ele>110</ele>
    <time>2026-08-11T17:50:42Z</time>
    <extensions>
     <gpxdata:hr>169</gpxdata:hr>
     <gpxdata:distance>6916.00</gpxdata:distance>
     <gpxdata:speed>11.303</gpxdata:speed>
    </extensions>
   </trkpt>
   <trkpt lat="51.0380141" lon="13.8233109">
    <ele>110</ele>
    <time>2026-08-11T17:50:43Z</time>
    <extensions>
     <gpxdata:hr>168</gpxdata:hr>
     <gpxdata:distance>6927.00</gpxdata:distance>
     <gpxdata:speed>11.225</gpxdata:speed>
    </extensions>
   </trkpt>
   <trkpt lat="51.0379568" lon="13.8234409">
    <ele>110</ele>
    <time>2026-08-11T17:50:44Z</time>
    <extensions>
     <gpxdata:hr>167</gpxdata:hr>
     <gpxdata:distance>6938.00</gpxdata:distance>
     <gpxdata:speed>11.189</gpxdata:speed>
    </extensions>
   </trkpt>
   <trkpt lat="51.0379026" lon="13.8235735">
    <ele>110</ele>
    <time>2026-08-11T17:50:45Z</time>
    <extensions>
     <gpxdata:hr>167</gpxdata:hr>
     <gpxdata:distance>6949.00</gpxdata:distance>
     <gpxdata:speed>11.161</gpxdata:speed>
    </extensions>
   </trkpt>
   <trkpt lat="51.0378505" lon="13.8237069">
    <ele>110</ele>
    <time>2026-08-11T17:50:46Z</time>
    <extensions>
     <gpxdata:hr>167</gpxdata:hr>
     <gpxdata:distance>6960.00</gpxdata:distance>
     <gpxdata:speed>11.103</gpxdata:speed>
    </extensions>
   </trkpt>
   <trkpt lat="51.0377989" lon="13.8238400">
    <ele>111</ele>
    <time>2026-08-11T17:50:47Z</time>
    <extensions>
     <gpxdata:hr>167</gpxdata:hr>
     <gpxdata:distance>6971.00</gpxdata:distance>
     <gpxdata:speed>11.039</gpxdata:speed>
    </extensions>
   </trkpt>
   <trkpt lat="51.0377470" lon="13.8239701">
    <ele>111</ele>
    <time>2026-08-11T17:50:48Z</time>
    <extensions>
     <gpxdata:hr>168</gpxdata:hr>
     <gpxdata:distance>6982.00</gpxdata:distance>
     <gpxdata:speed>10.994</gpxdata:speed>
    </extensions>
   </trkpt>
   <trkpt lat="51.0376917" lon="13.8240953">
    <ele>111</ele>
    <time>2026-08-11T17:50:49Z</time>
    <extensions>
     <gpxdata:hr>168</gpxdata:hr>
     <gpxdata:distance>6993.00</gpxdata:distance>
     <gpxdata:speed>10.858</gpxdata:speed>
    </extensions>
   </trkpt>
   <trkpt lat="51.0376324" lon="13.8242194">
    <ele>110</ele>
    <time>2026-08-11T17:50:50Z</time>
    <extensions>
     <gpxdata:hr>168</gpxdata:hr>
     <gpxdata:distance>7004.00</gpxdata:distance>
     <gpxdata:speed>10.800</gpxdata:speed>
    </extensions>
   </trkpt>
   <trkpt lat="51.0375727" lon="13.8243465">
    <ele>110</ele>
    <time>2026-08-11T17:50:51Z</time>
    <extensions>
     <gpxdata:hr>168</gpxdata:hr>
     <gpxdata:distance>7015.00</gpxdata:distance>
     <gpxdata:speed>10.869</gpxdata:speed>
    </extensions>
   </trkpt>
   <trkpt lat="51.0375146" lon="13.8244760">
    <ele>110</ele>
    <time>2026-08-11T17:50:52Z</time>
    <extensions>
     <gpxdata:hr>168</gpxdata:hr>
     <gpxdata:distance>7026.00</gpxdata:distance>
     <gpxdata:speed>10.964</gpxdata:speed>
    </extensions>
   </trkpt>
   <trkpt lat="51.0374569" lon="13.8246051">
    <ele>110</ele>
    <time>2026-08-11T17:50:53Z</time>
    <extensions>
     <gpxdata:hr>167</gpxdata:hr>
     <gpxdata:distance>7037.00</gpxdata:distance>
     <gpxdata:speed>11.017</gpxdata:speed>
    </extensions>
   </trkpt>
   <trkpt lat="51.0373995" lon="13.8247336">
    <ele>110</ele>
    <time>2026-08-11T17:50:54Z</time>
    <extensions>
     <gpxdata:hr>167</gpxdata:hr>
     <gpxdata:distance>7048.00</gpxdata:distance>
     <gpxdata:speed>11.031</gpxdata:speed>
    </extensions>
   </trkpt>
   <trkpt lat="51.0373429" lon="13.8248609">
    <ele>110</ele>
    <time>2026-08-11T17:50:55Z</time>
    <extensions>
     <gpxdata:hr>166</gpxdata:hr>
     <gpxdata:distance>7059.00</gpxdata:distance>
     <gpxdata:speed>11.022</gpxdata:speed>
    </extensions>
   </trkpt>
   <trkpt lat="51.0372876" lon="13.8249859">
    <ele>111</ele>
    <time>2026-08-11T17:50:56Z</time>
    <extensions>
     <gpxdata:hr>166</gpxdata:hr>
     <gpxdata:distance>7070.00</gpxdata:distance>
     <gpxdata:speed>10.978</gpxdata:speed>
    </extensions>
   </trkpt>
   <trkpt lat="51.0372343" lon="13.8251075">
    <ele>111</ele>
    <time>2026-08-11T17:50:57Z</time>
    <extensions>
     <gpxdata:hr>166</gpxdata:hr>
     <gpxdata:distance>7080.00</gpxdata:distance>
     <gpxdata:speed>10.867</gpxdata:speed>
    </extensions>
   </trkpt>
   <trkpt lat="51.0371830" lon="13.8252258">
    <ele>111</ele>
    <time>2026-08-11T17:50:58Z</time>
    <extensions>
     <gpxdata:hr>167</gpxdata:hr>
     <gpxdata:distance>7090.00</gpxdata:distance>
     <gpxdata:speed>10.681</gpxdata:speed>
    </extensions>
   </trkpt>
   <trkpt lat="51.0371338" lon="13.8253413">
    <ele>111</ele>
    <time>2026-08-11T17:50:59Z</time>
    <extensions>
     <gpxdata:hr>167</gpxdata:hr>
     <gpxdata:distance>7100.00</gpxdata:distance>
     <gpxdata:speed>10.386</gpxdata:speed>
    </extensions>
   </trkpt>
   <trkpt lat="51.0370861" lon="13.8254538">
    <ele>111</ele>
    <time>2026-08-11T17:51:00Z</time>
    <extensions>
     <gpxdata:hr>166</gpxdata:hr>
     <gpxdata:distance>7110.00</gpxdata:distance>
     <gpxdata:speed>9.900</gpxdata:speed>
    </extensions>
   </trkpt>
   <trkpt lat="51.0370394" lon="13.8255627">
    <ele>111</ele>
    <time>2026-08-11T17:51:01Z</time>
    <extensions>
     <gpxdata:hr>165</gpxdata:hr>
     <gpxdata:distance>7119.00</gpxdata:distance>
     <gpxdata:speed>9.611</gpxdata:speed>
    </extensions>
   </trkpt>
   <trkpt lat="51.0369934" lon="13.8256678">
    <ele>111</ele>
    <time>2026-08-11T17:51:02Z</time>
    <extensions>
     <gpxdata:hr>164</gpxdata:hr>
     <gpxdata:distance>7128.00</gpxdata:distance>
     <gpxdata:speed>9.344</gpxdata:speed>
    </extensions>
   </trkpt>
   <trkpt lat="51.0369482" lon="13.8257692">
    <ele>111</ele>
    <time>2026-08-11T17:51:03Z</time>
    <extensions>
     <gpxdata:hr>163</gpxdata:hr>
     <gpxdata:distance>7137.00</gpxdata:distance>
     <gpxdata:speed>9.064</gpxdata:speed>
    </extensions>
   </trkpt>
   <trkpt lat="51.0369053" lon="13.8258678">
    <ele>111</ele>
    <time>2026-08-11T17:51:04Z</time>
    <extensions>
     <gpxdata:hr>162</gpxdata:hr>
     <gpxdata:distance>7146.00</gpxdata:distance>
     <gpxdata:speed>8.817</gpxdata:speed>
    </extensions>
   </trkpt>
   <trkpt lat="51.0368648" lon="13.8259636">
    <ele>111</ele>
    <time>2026-08-11T17:51:05Z</time>
    <extensions>
     <gpxdata:hr>160</gpxdata:hr>
     <gpxdata:distance>7154.00</gpxdata:distance>
     <gpxdata:speed>8.508</gpxdata:speed>
    </extensions>
   </trkpt>
   <trkpt lat="51.0368254" lon="13.8260566">
    <ele>111</ele>
    <time>2026-08-11T17:51:06Z</time>
    <extensions>
     <gpxdata:hr>159</gpxdata:hr>
     <gpxdata:distance>7162.00</gpxdata:distance>
     <gpxdata:speed>8.206</gpxdata:speed>
    </extensions>
   </trkpt>
   <trkpt lat="51.0367867" lon="13.8261474">
    <ele>111</ele>
    <time>2026-08-11T17:51:07Z</time>
    <extensions>
     <gpxdata:hr>157</gpxdata:hr>
     <gpxdata:distance>7169.50</gpxdata:distance>
     <gpxdata:speed>7.978</gpxdata:speed>
    </extensions>
   </trkpt>
   <trkpt lat="51.0367479" lon="13.8262366">
    <ele>111</ele>
    <time>2026-08-11T17:51:08Z</time>
    <extensions>
     <gpxdata:hr>155</gpxdata:hr>
     <gpxdata:distance>7177.00</gpxdata:distance>
     <gpxdata:speed>7.806</gpxdata:speed>
    </extensions>
   </trkpt>
   <trkpt lat="51.0367094" lon="13.8263250">
    <ele>111</ele>
    <time>2026-08-11T17:51:09Z</time>
    <extensions>
     <gpxdata:hr>153</gpxdata:hr>
     <gpxdata:distance>7184.50</gpxdata:distance>
     <gpxdata:speed>7.683</gpxdata:speed>
    </extensions>
   </trkpt>
   <trkpt lat="51.0366711" lon="13.8264131">
    <ele>111</ele>
    <time>2026-08-11T17:51:10Z</time>
    <extensions>
     <gpxdata:hr>152</gpxdata:hr>
     <gpxdata:distance>7192.00</gpxdata:distance>
     <gpxdata:speed>7.606</gpxdata:speed>
    </extensions>
   </trkpt>
   <trkpt lat="51.0366326" lon="13.8265000">
    <ele>111</ele>
    <time>2026-08-11T17:51:11Z</time>
    <extensions>
     <gpxdata:hr>150</gpxdata:hr>
     <gpxdata:distance>7199.50</gpxdata:distance>
     <gpxdata:speed>7.547</gpxdata:speed>
    </extensions>
   </trkpt>
   <trkpt lat="51.0365937" lon="13.8265854">
    <ele>111</ele>
    <time>2026-08-11T17:51:12Z</time>
    <extensions>
     <gpxdata:hr>149</gpxdata:hr>
     <gpxdata:distance>7207.00</gpxdata:distance>
     <gpxdata:speed>7.475</gpxdata:speed>
    </extensions>
   </trkpt>
   <trkpt lat="51.0365553" lon="13.8266693">
    <ele>111</ele>
    <time>2026-08-11T17:51:13Z</time>
    <extensions>
     <gpxdata:hr>148</gpxdata:hr>
     <gpxdata:distance>7214.50</gpxdata:distance>
     <gpxdata:speed>7.411</gpxdata:speed>
    </extensions>
   </trkpt>
   <trkpt lat="51.0365176" lon="13.8267511">
    <ele>110</ele>
    <time>2026-08-11T17:51:14Z</time>
    <extensions>
     <gpxdata:hr>148</gpxdata:hr>
     <gpxdata:distance>7222.00</gpxdata:distance>
     <gpxdata:speed>7.294</gpxdata:speed>
    </extensions>
   </trkpt>
   <trkpt lat="51.0364808" lon="13.8268311">
    <ele>110</ele>
    <time>2026-08-11T17:51:15Z</time>
    <extensions>
     <gpxdata:hr>148</gpxdata:hr>
     <gpxdata:distance>7228.50</gpxdata:distance>
     <gpxdata:speed>7.133</gpxdata:speed>
    </extensions>
   </trkpt>
   <trkpt lat="51.0364446" lon="13.8269103">
    <ele>110</ele>
    <time>2026-08-11T17:51:16Z</time>
    <extensions>
     <gpxdata:hr>147</gpxdata:hr>
     <gpxdata:distance>7235.00</gpxdata:distance>
     <gpxdata:speed>6.992</gpxdata:speed>
    </extensions>
   </trkpt>
   <trkpt lat="51.0364082" lon="13.8269909">
    <ele>110</ele>
    <time>2026-08-11T17:51:17Z</time>
    <extensions>
     <gpxdata:hr>147</gpxdata:hr>
     <gpxdata:distance>7242.00</gpxdata:distance>
     <gpxdata:speed>6.928</gpxdata:speed>
    </extensions>
   </trkpt>
   <trkpt lat="51.0363712" lon="13.8270737">
    <ele>110</ele>
    <time>2026-08-11T17:51:18Z</time>
    <extensions>
     <gpxdata:hr>145</gpxdata:hr>
     <gpxdata:distance>7249.00</gpxdata:distance>
     <gpxdata:speed>6.947</gpxdata:speed>
    </extensions>
   </trkpt>
   <trkpt lat="51.0363337" lon="13.8271574">
    <ele>110</ele>
    <time>2026-08-11T17:51:19Z</time>
    <extensions>
     <gpxdata:hr>144</gpxdata:hr>
     <gpxdata:distance>7256.50</gpxdata:distance>
     <gpxdata:speed>7.019</gpxdata:speed>
    </extensions>
   </trkpt>
   <trkpt lat="51.0362950" lon="13.8272414">
    <ele>110</ele>
    <time>2026-08-11T17:51:20Z</time>
    <extensions>
     <gpxdata:hr>143</gpxdata:hr>
     <gpxdata:distance>7264.00</gpxdata:distance>
     <gpxdata:speed>7.075</gpxdata:speed>
    </extensions>
   </trkpt>
   <trkpt lat="51.0362557" lon="13.8273256">
    <ele>110</ele>
    <time>2026-08-11T17:51:21Z</time>
    <extensions>
     <gpxdata:hr>142</gpxdata:hr>
     <gpxdata:distance>7271.00</gpxdata:distance>
     <gpxdata:speed>7.144</gpxdata:speed>
    </extensions>
   </trkpt>
   <trkpt lat="51.0362167" lon="13.8274098">
    <ele>110</ele>
    <time>2026-08-11T17:51:22Z</time>
    <extensions>
     <gpxdata:hr>141</gpxdata:hr>
     <gpxdata:distance>7278.00</gpxdata:distance>
     <gpxdata:speed>7.208</gpxdata:speed>
    </extensions>
   </trkpt>
   <trkpt lat="51.0361781" lon="13.8274941">
    <ele>110</ele>
    <time>2026-08-11T17:51:23Z</time>
    <extensions>
     <gpxdata:hr>141</gpxdata:hr>
     <gpxdata:distance>7285.50</gpxdata:distance>
     <gpxdata:speed>7.239</gpxdata:speed>
    </extensions>
   </trkpt>
   <trkpt lat="51.0361405" lon="13.8275799">
    <ele>111</ele>
    <time>2026-08-11T17:51:24Z</time>
    <extensions>
     <gpxdata:hr>141</gpxdata:hr>
     <gpxdata:distance>7293.00</gpxdata:distance>
     <gpxdata:speed>7.256</gpxdata:speed>
    </extensions>
   </trkpt>
   <trkpt lat="51.0361043" lon="13.8276696">
    <ele>111</ele>
    <time>2026-08-11T17:51:25Z</time>
    <extensions>
     <gpxdata:hr>141</gpxdata:hr>
     <gpxdata:distance>7300.50</gpxdata:distance>
     <gpxdata:speed>7.286</gpxdata:speed>
    </extensions>
   </trkpt>
   <trkpt lat="51.0360715" lon="13.8277640">
    <ele>111</ele>
    <time>2026-08-11T17:51:26Z</time>
    <extensions>
     <gpxdata:hr>141</gpxdata:hr>
     <gpxdata:distance>7308.00</gpxdata:distance>
     <gpxdata:speed>7.361</gpxdata:speed>
    </extensions>
   </trkpt>
   <trkpt lat="51.0360421" lon="13.8278617">
    <ele>111</ele>
    <time>2026-08-11T17:51:27Z</time>
    <extensions>
     <gpxdata:hr>141</gpxdata:hr>
     <gpxdata:distance>7315.50</gpxdata:distance>
     <gpxdata:speed>7.442</gpxdata:speed>
    </extensions>
   </trkpt>
   <trkpt lat="51.0360145" lon="13.8279610">
    <ele>111</ele>
    <time>2026-08-11T17:51:28Z</time>
    <extensions>
     <gpxdata:hr>141</gpxdata:hr>
     <gpxdata:distance>7323.00</gpxdata:distance>
     <gpxdata:speed>7.492</gpxdata:speed>
    </extensions>
   </trkpt>
   <trkpt lat="51.0359876" lon="13.8280609">
    <ele>111</ele>
    <time>2026-08-11T17:51:29Z</time>
    <extensions>
     <gpxdata:hr>140</gpxdata:hr>
     <gpxdata:distance>7330.50</gpxdata:distance>
     <gpxdata:speed>7.531</gpxdata:speed>
    </extensions>
   </trkpt>
   <trkpt lat="51.0359613" lon="13.8281606">
    <ele>111</ele>
    <time>2026-08-11T17:51:30Z</time>
    <extensions>
     <gpxdata:hr>139</gpxdata:hr>
     <gpxdata:distance>7338.00</gpxdata:distance>
     <gpxdata:speed>7.558</gpxdata:speed>
    </extensions>
   </trkpt>
   <trkpt lat="51.0359350" lon="13.8282595">
    <ele>111</ele>
    <time>2026-08-11T17:51:31Z</time>
    <extensions>
     <gpxdata:hr>138</gpxdata:hr>
     <gpxdata:distance>7345.50</gpxdata:distance>
     <gpxdata:speed>7.556</gpxdata:speed>
    </extensions>
   </trkpt>
   <trkpt lat="51.0359090" lon="13.8283587">
    <ele>111</ele>
    <time>2026-08-11T17:51:32Z</time>
    <extensions>
     <gpxdata:hr>137</gpxdata:hr>
     <gpxdata:distance>7353.00</gpxdata:distance>
     <gpxdata:speed>7.544</gpxdata:speed>
    </extensions>
   </trkpt>
   <trkpt lat="51.0358828" lon="13.8284576">
    <ele>111</ele>
    <time>2026-08-11T17:51:33Z</time>
    <extensions>
     <gpxdata:hr>136</gpxdata:hr>
     <gpxdata:distance>7360.50</gpxdata:distance>
     <gpxdata:speed>7.542</gpxdata:speed>
    </extensions>
   </trkpt>
   <trkpt lat="51.0358561" lon="13.8285558">
    <ele>110</ele>
    <time>2026-08-11T17:51:34Z</time>
    <extensions>
     <gpxdata:hr>135</gpxdata:hr>
     <gpxdata:distance>7368.00</gpxdata:distance>
     <gpxdata:speed>7.531</gpxdata:speed>
    </extensions>
   </trkpt>
   <trkpt lat="51.0358293" lon="13.8286541">
    <ele>110</ele>
    <time>2026-08-11T17:51:35Z</time>
    <extensions>
     <gpxdata:hr>135</gpxdata:hr>
     <gpxdata:distance>7375.50</gpxdata:distance>
     <gpxdata:speed>7.519</gpxdata:speed>
    </extensions>
   </trkpt>
   <trkpt lat="51.0358022" lon="13.8287529">
    <ele>110</ele>
    <time>2026-08-11T17:51:36Z</time>
    <extensions>
     <gpxdata:hr>135</gpxdata:hr>
     <gpxdata:distance>7383.00</gpxdata:distance>
     <gpxdata:speed>7.514</gpxdata:speed>
    </extensions>
   </trkpt>
   <trkpt lat="51.0357748" lon="13.8288517">
    <ele>110</ele>
    <time>2026-08-11T17:51:37Z</time>
    <extensions>
     <gpxdata:hr>135</gpxdata:hr>
     <gpxdata:distance>7391.00</gpxdata:distance>
     <gpxdata:speed>7.531</gpxdata:speed>
    </extensions>
   </trkpt>
   <trkpt lat="51.0357476" lon="13.8289501">
    <ele>110</ele>
    <time>2026-08-11T17:51:38Z</time>
    <extensions>
     <gpxdata:hr>134</gpxdata:hr>
     <gpxdata:distance>7399.00</gpxdata:distance>
     <gpxdata:speed>7.536</gpxdata:speed>
    </extensions>
   </trkpt>
   <trkpt lat="51.0357203" lon="13.8290484">
    <ele>110</ele>
    <time>2026-08-11T17:51:39Z</time>
    <extensions>
     <gpxdata:hr>134</gpxdata:hr>
     <gpxdata:distance>7406.50</gpxdata:distance>
     <gpxdata:speed>7.531</gpxdata:speed>
    </extensions>
   </trkpt>
   <trkpt lat="51.0356926" lon="13.8291469">
    <ele>110</ele>
    <time>2026-08-11T17:51:40Z</time>
    <extensions>
     <gpxdata:hr>134</gpxdata:hr>
     <gpxdata:distance>7414.00</gpxdata:distance>
     <gpxdata:speed>7.525</gpxdata:speed>
    </extensions>
   </trkpt>
   <trkpt lat="51.0356646" lon="13.8292452">
    <ele>110</ele>
    <time>2026-08-11T17:51:41Z</time>
    <extensions>
     <gpxdata:hr>133</gpxdata:hr>
     <gpxdata:distance>7421.50</gpxdata:distance>
     <gpxdata:speed>7.539</gpxdata:speed>
    </extensions>
   </trkpt>
   <trkpt lat="51.0356374" lon="13.8293438">
    <ele>110</ele>
    <time>2026-08-11T17:51:42Z</time>
    <extensions>
     <gpxdata:hr>133</gpxdata:hr>
     <gpxdata:distance>7429.00</gpxdata:distance>
     <gpxdata:speed>7.544</gpxdata:speed>
    </extensions>
   </trkpt>
   <trkpt lat="51.0356106" lon="13.8294428">
    <ele>110</ele>
    <time>2026-08-11T17:51:43Z</time>
    <extensions>
     <gpxdata:hr>133</gpxdata:hr>
     <gpxdata:distance>7436.50</gpxdata:distance>
     <gpxdata:speed>7.542</gpxdata:speed>
    </extensions>
   </trkpt>
   <trkpt lat="51.0355840" lon="13.8295419">
    <ele>110</ele>
    <time>2026-08-11T17:51:44Z</time>
    <extensions>
     <gpxdata:hr>133</gpxdata:hr>
     <gpxdata:distance>7444.00</gpxdata:distance>
     <gpxdata:speed>7.542</gpxdata:speed>
    </extensions>
   </trkpt>
   <trkpt lat="51.0355578" lon="13.8296410">
    <ele>110</ele>
    <time>2026-08-11T17:51:45Z</time>
    <extensions>
     <gpxdata:hr>132</gpxdata:hr>
     <gpxdata:distance>7451.50</gpxdata:distance>
     <gpxdata:speed>7.542</gpxdata:speed>
    </extensions>
   </trkpt>
   <trkpt lat="51.0355314" lon="13.8297398">
    <ele>110</ele>
    <time>2026-08-11T17:51:46Z</time>
    <extensions>
     <gpxdata:hr>131</gpxdata:hr>
     <gpxdata:distance>7459.00</gpxdata:distance>
     <gpxdata:speed>7.536</gpxdata:speed>
    </extensions>
   </trkpt>
   <trkpt lat="51.0355050" lon="13.8298382">
    <ele>110</ele>
    <time>2026-08-11T17:51:47Z</time>
    <extensions>
     <gpxdata:hr>131</gpxdata:hr>
     <gpxdata:distance>7466.50</gpxdata:distance>
     <gpxdata:speed>7.531</gpxdata:speed>
    </extensions>
   </trkpt>
   <trkpt lat="51.0354788" lon="13.8299365">
    <ele>110</ele>
    <time>2026-08-11T17:51:48Z</time>
    <extensions>
     <gpxdata:hr>131</gpxdata:hr>
     <gpxdata:distance>7474.00</gpxdata:distance>
     <gpxdata:speed>7.514</gpxdata:speed>
    </extensions>
   </trkpt>
   <trkpt lat="51.0354528" lon="13.8300352">
    <ele>110</ele>
    <time>2026-08-11T17:51:49Z</time>
    <extensions>
     <gpxdata:hr>131</gpxdata:hr>
     <gpxdata:distance>7481.50</gpxdata:distance>
     <gpxdata:speed>7.500</gpxdata:speed>
    </extensions>
   </trkpt>
   <trkpt lat="51.0354272" lon="13.8301334">
    <ele>110</ele>
    <time>2026-08-11T17:51:50Z</time>
    <extensions>
     <gpxdata:hr>130</gpxdata:hr>
     <gpxdata:distance>7489.00</gpxdata:distance>
     <gpxdata:speed>7.497</gpxdata:speed>
    </extensions>
   </trkpt>
   <trkpt lat="51.0354023" lon="13.8302320">
    <ele>110</ele>
    <time>2026-08-11T17:51:51Z</time>
    <extensions>
     <gpxdata:hr>129</gpxdata:hr>
     <gpxdata:distance>7496.50</gpxdata:distance>
     <gpxdata:speed>7.472</gpxdata:speed>
    </extensions>
   </trkpt>
   <trkpt lat="51.0353779" lon="13.8303319">
    <ele>110</ele>
    <time>2026-08-11T17:51:52Z</time>
    <extensions>
     <gpxdata:hr>128</gpxdata:hr>
     <gpxdata:distance>7504.00</gpxdata:distance>
     <gpxdata:speed>7.464</gpxdata:speed>
    </extensions>
   </trkpt>
   <trkpt lat="51.0353523" lon="13.8304321">
    <ele>110</ele>
    <time>2026-08-11T17:51:53Z</time>
    <extensions>
     <gpxdata:hr>128</gpxdata:hr>
     <gpxdata:distance>7511.50</gpxdata:distance>
     <gpxdata:speed>7.483</gpxdata:speed>
    </extensions>
   </trkpt>
   <trkpt lat="51.0353241" lon="13.8305318">
    <ele>110</ele>
    <time>2026-08-11T17:51:54Z</time>
    <extensions>
     <gpxdata:hr>128</gpxdata:hr>
     <gpxdata:distance>7519.00</gpxdata:distance>
     <gpxdata:speed>7.517</gpxdata:speed>
    </extensions>
   </trkpt>
   <trkpt lat="51.0352938" lon="13.8306314">
    <ele>110</ele>
    <time>2026-08-11T17:51:55Z</time>
    <extensions>
     <gpxdata:hr>129</gpxdata:hr>
     <gpxdata:distance>7526.50</gpxdata:distance>
     <gpxdata:speed>7.569</gpxdata:speed>
    </extensions>
   </trkpt>
   <trkpt lat="51.0352629" lon="13.8307314">
    <ele>110</ele>
    <time>2026-08-11T17:51:56Z</time>
    <extensions>
     <gpxdata:hr>130</gpxdata:hr>
     <gpxdata:distance>7534.00</gpxdata:distance>
     <gpxdata:speed>7.631</gpxdata:speed>
    </extensions>
   </trkpt>
   <trkpt lat="51.0352323" lon="13.8308328">
    <ele>110</ele>
    <time>2026-08-11T17:51:57Z</time>
    <extensions>
     <gpxdata:hr>130</gpxdata:hr>
     <gpxdata:distance>7542.00</gpxdata:distance>
     <gpxdata:speed>7.689</gpxdata:speed>
    </extensions>
   </trkpt>
   <trkpt lat="51.0352019" lon="13.8309365">
    <ele>110</ele>
    <time>2026-08-11T17:51:58Z</time>
    <extensions>
     <gpxdata:hr>132</gpxdata:hr>
     <gpxdata:distance>7550.00</gpxdata:distance>
     <gpxdata:speed>7.756</gpxdata:speed>
    </extensions>
   </trkpt>
   <trkpt lat="51.0351713" lon="13.8310433">
    <ele>110</ele>
    <time>2026-08-11T17:51:59Z</time>
    <extensions>
     <gpxdata:hr>133</gpxdata:hr>
     <gpxdata:distance>7558.50</gpxdata:distance>
     <gpxdata:speed>7.850</gpxdata:speed>
    </extensions>
   </trkpt>
   <trkpt lat="51.0351397" lon="13.8311530">
    <ele>111</ele>
    <time>2026-08-11T17:52:00Z</time>
    <extensions>
     <gpxdata:hr>133</gpxdata:hr>
     <gpxdata:distance>7567.00</gpxdata:distance>
     <gpxdata:speed>7.994</gpxdata:speed>
    </extensions>
   </trkpt>
   <trkpt lat="51.0351073" lon="13.8312649">
    <ele>111</ele>
    <time>2026-08-11T17:52:01Z</time>
    <extensions>
     <gpxdata:hr>133</gpxdata:hr>
     <gpxdata:distance>7575.50</gpxdata:distance>
     <gpxdata:speed>8.361</gpxdata:speed>
    </extensions>
   </trkpt>
   <trkpt lat="51.0350733" lon="13.8313784">
    <ele>111</ele>
    <time>2026-08-11T17:52:02Z</time>
    <extensions>
     <gpxdata:hr>132</gpxdata:hr>
     <gpxdata:distance>7584.00</gpxdata:distance>
     <gpxdata:speed>8.547</gpxdata:speed>
    </extensions>
   </trkpt>
   <trkpt lat="51.0350375" lon="13.8314930">
    <ele>111</ele>
    <time>2026-08-11T17:52:03Z</time>
    <extensions>
     <gpxdata:hr>132</gpxdata:hr>
     <gpxdata:distance>7593.00</gpxdata:distance>
     <gpxdata:speed>8.722</gpxdata:speed>
    </extensions>
   </trkpt>
   <trkpt lat="51.0349994" lon="13.8316087">
    <ele>111</ele>
    <time>2026-08-11T17:52:04Z</time>
    <extensions>
     <gpxdata:hr>131</gpxdata:hr>
     <gpxdata:distance>7602.00</gpxdata:distance>
     <gpxdata:speed>8.886</gpxdata:speed>
    </extensions>
   </trkpt>
   <trkpt lat="51.0349587" lon="13.8317256">
    <ele>111</ele>
    <time>2026-08-11T17:52:05Z</time>
    <extensions>
     <gpxdata:hr>132</gpxdata:hr>
     <gpxdata:distance>7611.50</gpxdata:distance>
     <gpxdata:speed>9.069</gpxdata:speed>
    </extensions>
   </trkpt>
   <trkpt lat="51.0349149" lon="13.8318438">
    <ele>111</ele>
    <time>2026-08-11T17:52:06Z</time>
    <extensions>
     <gpxdata:hr>134</gpxdata:hr>
     <gpxdata:distance>7621.00</gpxdata:distance>
     <gpxdata:speed>9.289</gpxdata:speed>
    </extensions>
   </trkpt>
   <trkpt lat="51.0348688" lon="13.8319627">
    <ele>111</ele>
    <time>2026-08-11T17:52:07Z</time>
    <extensions>
     <gpxdata:hr>135</gpxdata:hr>
     <gpxdata:distance>7630.50</gpxdata:distance>
     <gpxdata:speed>9.522</gpxdata:speed>
    </extensions>
   </trkpt>
   <trkpt lat="51.0348225" lon="13.8320823">
    <ele>111</ele>
    <time>2026-08-11T17:52:08Z</time>
    <extensions>
     <gpxdata:hr>136</gpxdata:hr>
     <gpxdata:distance>7640.00</gpxdata:distance>
     <gpxdata:speed>9.681</gpxdata:speed>
    </extensions>
   </trkpt>
   <trkpt lat="51.0347772" lon="13.8322027">
    <ele>111</ele>
    <time>2026-08-11T17:52:09Z</time>
    <extensions>
     <gpxdata:hr>137</gpxdata:hr>
     <gpxdata:distance>7650.00</gpxdata:distance>
     <gpxdata:speed>9.750</gpxdata:speed>
    </extensions>
   </trkpt>
   <trkpt lat="51.0347344" lon="13.8323240">
    <ele>111</ele>
    <time>2026-08-11T17:52:10Z</time>
    <extensions>
     <gpxdata:hr>138</gpxdata:hr>
     <gpxdata:distance>7660.00</gpxdata:distance>
     <gpxdata:speed>9.764</gpxdata:speed>
    </extensions>
   </trkpt>
   <trkpt lat="51.0346936" lon="13.8324471">
    <ele>111</ele>
    <time>2026-08-11T17:52:11Z</time>
    <extensions>
     <gpxdata:hr>139</gpxdata:hr>
     <gpxdata:distance>7669.50</gpxdata:distance>
     <gpxdata:speed>9.717</gpxdata:speed>
    </extensions>
   </trkpt>
   <trkpt lat="51.0346547" lon="13.8325724">
    <ele>111</ele>
    <time>2026-08-11T17:52:12Z</time>
    <extensions>
     <gpxdata:hr>139</gpxdata:hr>
     <gpxdata:distance>7679.00</gpxdata:distance>
     <gpxdata:speed>9.736</gpxdata:speed>
    </extensions>
   </trkpt>
   <trkpt lat="51.0346160" lon="13.8326998">
    <ele>111</ele>
    <time>2026-08-11T17:52:13Z</time>
    <extensions>
     <gpxdata:hr>140</gpxdata:hr>
     <gpxdata:distance>7689.00</gpxdata:distance>
     <gpxdata:speed>9.783</gpxdata:speed>
    </extensions>
   </trkpt>
   <trkpt lat="51.0345747" lon="13.8328277">
    <ele>111</ele>
    <time>2026-08-11T17:52:14Z</time>
    <extensions>
     <gpxdata:hr>141</gpxdata:hr>
     <gpxdata:distance>7699.00</gpxdata:distance>
     <gpxdata:speed>9.872</gpxdata:speed>
    </extensions>
   </trkpt>
   <trkpt lat="51.0345297" lon="13.8329548">
    <ele>111</ele>
    <time>2026-08-11T17:52:15Z</time>
    <extensions>
     <gpxdata:hr>142</gpxdata:hr>
     <gpxdata:distance>7709.50</gpxdata:distance>
     <gpxdata:speed>9.967</gpxdata:speed>
    </extensions>
   </trkpt>
   <trkpt lat="51.0344799" lon="13.8330788">
    <ele>110</ele>
    <time>2026-08-11T17:52:16Z</time>
    <extensions>
     <gpxdata:hr>142</gpxdata:hr>
     <gpxdata:distance>7720.00</gpxdata:distance>
     <gpxdata:speed>10.156</gpxdata:speed>
    </extensions>
   </trkpt>
   <trkpt lat="51.0344246" lon="13.8331981">
    <ele>110</ele>
    <time>2026-08-11T17:52:17Z</time>
    <extensions>
     <gpxdata:hr>142</gpxdata:hr>
     <gpxdata:distance>7730.00</gpxdata:distance>
     <gpxdata:speed>10.222</gpxdata:speed>
    </extensions>
   </trkpt>
   <trkpt lat="51.0343651" lon="13.8333134">
    <ele>110</ele>
    <time>2026-08-11T17:52:18Z</time>
    <extensions>
     <gpxdata:hr>142</gpxdata:hr>
     <gpxdata:distance>7740.00</gpxdata:distance>
     <gpxdata:speed>10.289</gpxdata:speed>
    </extensions>
   </trkpt>
   <trkpt lat="51.0343028" lon="13.8334267">
    <ele>110</ele>
    <time>2026-08-11T17:52:19Z</time>
    <extensions>
     <gpxdata:hr>141</gpxdata:hr>
     <gpxdata:distance>7750.50</gpxdata:distance>
     <gpxdata:speed>10.347</gpxdata:speed>
    </extensions>
   </trkpt>
   <trkpt lat="51.0342384" lon="13.8335382">
    <ele>110</ele>
    <time>2026-08-11T17:52:20Z</time>
    <extensions>
     <gpxdata:hr>141</gpxdata:hr>
     <gpxdata:distance>7761.00</gpxdata:distance>
     <gpxdata:speed>10.417</gpxdata:speed>
    </extensions>
   </trkpt>
   <trkpt lat="51.0341716" lon="13.8336480">
    <ele>110</ele>
    <time>2026-08-11T17:52:21Z</time>
    <extensions>
     <gpxdata:hr>141</gpxdata:hr>
     <gpxdata:distance>7772.00</gpxdata:distance>
     <gpxdata:speed>10.483</gpxdata:speed>
    </extensions>
   </trkpt>
   <trkpt lat="51.0341028" lon="13.8337567">
    <ele>110</ele>
    <time>2026-08-11T17:52:22Z</time>
    <extensions>
     <gpxdata:hr>142</gpxdata:hr>
     <gpxdata:distance>7783.00</gpxdata:distance>
     <gpxdata:speed>10.567</gpxdata:speed>
    </extensions>
   </trkpt>
   <trkpt lat="51.0340330" lon="13.8338643">
    <ele>110</ele>
    <time>2026-08-11T17:52:23Z</time>
    <extensions>
     <gpxdata:hr>142</gpxdata:hr>
     <gpxdata:distance>7793.50</gpxdata:distance>
     <gpxdata:speed>10.658</gpxdata:speed>
    </extensions>
   </trkpt>
   <trkpt lat="51.0339639" lon="13.8339715">
    <ele>110</ele>
    <time>2026-08-11T17:52:24Z</time>
    <extensions>
     <gpxdata:hr>142</gpxdata:hr>
     <gpxdata:distance>7804.00</gpxdata:distance>
     <gpxdata:speed>10.717</gpxdata:speed>
    </extensions>
   </trkpt>
   <trkpt lat="51.0338961" lon="13.8340788">
    <ele>111</ele>
    <time>2026-08-11T17:52:25Z</time>
    <extensions>
     <gpxdata:hr>142</gpxdata:hr>
     <gpxdata:distance>7815.00</gpxdata:distance>
     <gpxdata:speed>10.722</gpxdata:speed>
    </extensions>
   </trkpt>
   <trkpt lat="51.0338289" lon="13.8341863">
    <ele>111</ele>
    <time>2026-08-11T17:52:26Z</time>
    <extensions>
     <gpxdata:hr>141</gpxdata:hr>
     <gpxdata:distance>7826.00</gpxdata:distance>
     <gpxdata:speed>10.672</gpxdata:speed>
    </extensions>
   </trkpt>
   <trkpt lat="51.0337618" lon="13.8342945">
    <ele>111</ele>
    <time>2026-08-11T17:52:27Z</time>
    <extensions>
     <gpxdata:hr>142</gpxdata:hr>
     <gpxdata:distance>7836.50</gpxdata:distance>
     <gpxdata:speed>10.656</gpxdata:speed>
    </extensions>
   </trkpt>
   <trkpt lat="51.0336946" lon="13.8344042">
    <ele>111</ele>
    <time>2026-08-11T17:52:28Z</time>
    <extensions>
     <gpxdata:hr>142</gpxdata:hr>
     <gpxdata:distance>7847.00</gpxdata:distance>
     <gpxdata:speed>10.661</gpxdata:speed>
    </extensions>
   </trkpt>
   <trkpt lat="51.0336273" lon="13.8345142">
    <ele>111</ele>
    <time>2026-08-11T17:52:29Z</time>
    <extensions>
     <gpxdata:hr>142</gpxdata:hr>
     <gpxdata:distance>7857.50</gpxdata:distance>
     <gpxdata:speed>10.694</gpxdata:speed>
    </extensions>
   </trkpt>
   <trkpt lat="51.0335593" lon="13.8346236">
    <ele>111</ele>
    <time>2026-08-11T17:52:30Z</time>
    <extensions>
     <gpxdata:hr>144</gpxdata:hr>
     <gpxdata:distance>7868.00</gpxdata:distance>
     <gpxdata:speed>10.711</gpxdata:speed>
    </extensions>
   </trkpt>
   <trkpt lat="51.0334908" lon="13.8347323">
    <ele>111</ele>
    <time>2026-08-11T17:52:31Z</time>
    <extensions>
     <gpxdata:hr>145</gpxdata:hr>
     <gpxdata:distance>7879.00</gpxdata:distance>
     <gpxdata:speed>10.733</gpxdata:speed>
    </extensions>
   </trkpt>
   <trkpt lat="51.0334224" lon="13.8348417">
    <ele>111</ele>
    <time>2026-08-11T17:52:32Z</time>
    <extensions>
     <gpxdata:hr>146</gpxdata:hr>
     <gpxdata:distance>7890.00</gpxdata:distance>
     <gpxdata:speed>10.744</gpxdata:speed>
    </extensions>
   </trkpt>
   <trkpt lat="51.0333537" lon="13.8349522">
    <ele>111</ele>
    <time>2026-08-11T17:52:33Z</time>
    <extensions>
     <gpxdata:hr>146</gpxdata:hr>
     <gpxdata:distance>7901.00</gpxdata:distance>
     <gpxdata:speed>10.764</gpxdata:speed>
    </extensions>
   </trkpt>
   <trkpt lat="51.0332843" lon="13.8350632">
    <ele>111</ele>
    <time>2026-08-11T17:52:34Z</time>
    <extensions>
     <gpxdata:hr>147</gpxdata:hr>
     <gpxdata:distance>7912.00</gpxdata:distance>
     <gpxdata:speed>10.811</gpxdata:speed>
    </extensions>
   </trkpt>
   <trkpt lat="51.0332144" lon="13.8351739">
    <ele>111</ele>
    <time>2026-08-11T17:52:35Z</time>
    <extensions>
     <gpxdata:hr>147</gpxdata:hr>
     <gpxdata:distance>7923.00</gpxdata:distance>
     <gpxdata:speed>10.864</gpxdata:speed>
    </extensions>
   </trkpt>
   <trkpt lat="51.0331445" lon="13.8352851">
    <ele>111</ele>
    <time>2026-08-11T17:52:36Z</time>
    <extensions>
     <gpxdata:hr>147</gpxdata:hr>
     <gpxdata:distance>7934.00</gpxdata:distance>
     <gpxdata:speed>10.903</gpxdata:speed>
    </extensions>
   </trkpt>
   <trkpt lat="51.0330746" lon="13.8353967">
    <ele>111</ele>
    <time>2026-08-11T17:52:37Z</time>
    <extensions>
     <gpxdata:hr>147</gpxdata:hr>
     <gpxdata:distance>7945.00</gpxdata:distance>
     <gpxdata:speed>10.942</gpxdata:speed>
    </extensions>
   </trkpt>
   <trkpt lat="51.0330033" lon="13.8355063">
    <ele>111</ele>
    <time>2026-08-11T17:52:38Z</time>
    <extensions>
     <gpxdata:hr>147</gpxdata:hr>
     <gpxdata:distance>7956.00</gpxdata:distance>
     <gpxdata:speed>10.972</gpxdata:speed>
    </extensions>
   </trkpt>
   <trkpt lat="51.0329299" lon="13.8356125">
    <ele>111</ele>
    <time>2026-08-11T17:52:39Z</time>
    <extensions>
     <gpxdata:hr>147</gpxdata:hr>
     <gpxdata:distance>7967.00</gpxdata:distance>
     <gpxdata:speed>11.000</gpxdata:speed>
    </extensions>
   </trkpt>
   <trkpt lat="51.0328548" lon="13.8357160">
    <ele>111</ele>
    <time>2026-08-11T17:52:40Z</time>
    <extensions>
     <gpxdata:hr>148</gpxdata:hr>
     <gpxdata:distance>7978.00</gpxdata:distance>
     <gpxdata:speed>11.019</gpxdata:speed>
    </extensions>
   </trkpt>
   <trkpt lat="51.0327786" lon="13.8358173">
    <ele>111</ele>
    <time>2026-08-11T17:52:41Z</time>
    <extensions>
     <gpxdata:hr>148</gpxdata:hr>
     <gpxdata:distance>7989.00</gpxdata:distance>
     <gpxdata:speed>11.039</gpxdata:speed>
    </extensions>
   </trkpt>
   <trkpt lat="51.0327015" lon="13.8359157">
    <ele>111</ele>
    <time>2026-08-11T17:52:42Z</time>
    <extensions>
     <gpxdata:hr>148</gpxdata:hr>
     <gpxdata:distance>8000.00</gpxdata:distance>
     <gpxdata:speed>11.042</gpxdata:speed>
    </extensions>
   </trkpt>
   <trkpt lat="51.0326236" lon="13.8360126">
    <ele>111</ele>
    <time>2026-08-11T17:52:43Z</time>
    <extensions>
     <gpxdata:hr>148</gpxdata:hr>
     <gpxdata:distance>8011.00</gpxdata:distance>
     <gpxdata:speed>11.031</gpxdata:speed>
    </extensions>
   </trkpt>
   <trkpt lat="51.0325447" lon="13.8361080">
    <ele>110</ele>
    <time>2026-08-11T17:52:44Z</time>
    <extensions>
     <gpxdata:hr>149</gpxdata:hr>
     <gpxdata:distance>8022.00</gpxdata:distance>
     <gpxdata:speed>11.022</gpxdata:speed>
    </extensions>
   </trkpt>
   <trkpt lat="51.0324636" lon="13.8361991">
    <ele>110</ele>
    <time>2026-08-11T17:52:45Z</time>
    <extensions>
     <gpxdata:hr>150</gpxdata:hr>
     <gpxdata:distance>8033.00</gpxdata:distance>
     <gpxdata:speed>11.031</gpxdata:speed>
    </extensions>
   </trkpt>
   <trkpt lat="51.0323797" lon="13.8362829">
    <ele>110</ele>
    <time>2026-08-11T17:52:46Z</time>
    <extensions>
     <gpxdata:hr>150</gpxdata:hr>
     <gpxdata:distance>8044.00</gpxdata:distance>
     <gpxdata:speed>11.039</gpxdata:speed>
    </extensions>
   </trkpt>
   <trkpt lat="51.0322938" lon="13.8363602">
    <ele>110</ele>
    <time>2026-08-11T17:52:47Z</time>
    <extensions>
     <gpxdata:hr>150</gpxdata:hr>
     <gpxdata:distance>8055.00</gpxdata:distance>
     <gpxdata:speed>11.039</gpxdata:speed>
    </extensions>
   </trkpt>
   <trkpt lat="51.0322073" lon="13.8364354">
    <ele>111</ele>
    <time>2026-08-11T17:52:48Z</time>
    <extensions>
     <gpxdata:hr>151</gpxdata:hr>
     <gpxdata:distance>8066.00</gpxdata:distance>
     <gpxdata:speed>11.017</gpxdata:speed>
    </extensions>
   </trkpt>
   <trkpt lat="51.0321212" lon="13.8365114">
    <ele>111</ele>
    <time>2026-08-11T17:52:49Z</time>
    <extensions>
     <gpxdata:hr>151</gpxdata:hr>
     <gpxdata:distance>8077.00</gpxdata:distance>
     <gpxdata:speed>11.000</gpxdata:speed>
    </extensions>
   </trkpt>
   <trkpt lat="51.0320360" lon="13.8365887">
    <ele>111</ele>
    <time>2026-08-11T17:52:50Z</time>
    <extensions>
     <gpxdata:hr>151</gpxdata:hr>
     <gpxdata:distance>8088.00</gpxdata:distance>
     <gpxdata:speed>10.986</gpxdata:speed>
    </extensions>
   </trkpt>
   <trkpt lat="51.0319516" lon="13.8366670">
    <ele>111</ele>
    <time>2026-08-11T17:52:51Z</time>
    <extensions>
     <gpxdata:hr>152</gpxdata:hr>
     <gpxdata:distance>8099.00</gpxdata:distance>
     <gpxdata:speed>10.964</gpxdata:speed>
    </extensions>
   </trkpt>
   <trkpt lat="51.0318680" lon="13.8367460">
    <ele>111</ele>
    <time>2026-08-11T17:52:52Z</time>
    <extensions>
     <gpxdata:hr>152</gpxdata:hr>
     <gpxdata:distance>8110.00</gpxdata:distance>
     <gpxdata:speed>10.931</gpxdata:speed>
    </extensions>
   </trkpt>
   <trkpt lat="51.0317850" lon="13.8368233">
    <ele>111</ele>
    <time>2026-08-11T17:52:53Z</time>
    <extensions>
     <gpxdata:hr>153</gpxdata:hr>
     <gpxdata:distance>8120.50</gpxdata:distance>
     <gpxdata:speed>10.889</gpxdata:speed>
    </extensions>
   </trkpt>
   <trkpt lat="51.0317022" lon="13.8368999">
    <ele>111</ele>
    <time>2026-08-11T17:52:54Z</time>
    <extensions>
     <gpxdata:hr>153</gpxdata:hr>
     <gpxdata:distance>8131.00</gpxdata:distance>
     <gpxdata:speed>10.825</gpxdata:speed>
    </extensions>
   </trkpt>
   <trkpt lat="51.0316194" lon="13.8369775">
    <ele>111</ele>
    <time>2026-08-11T17:52:55Z</time>
    <extensions>
     <gpxdata:hr>153</gpxdata:hr>
     <gpxdata:distance>8142.00</gpxdata:distance>
     <gpxdata:speed>10.769</gpxdata:speed>
    </extensions>
   </trkpt>
   <trkpt lat="51.0315369" lon="13.8370549">
    <ele>111</ele>
    <time>2026-08-11T17:52:56Z</time>
    <extensions>
     <gpxdata:hr>152</gpxdata:hr>
     <gpxdata:distance>8153.00</gpxdata:distance>
     <gpxdata:speed>10.750</gpxdata:speed>
    </extensions>
   </trkpt>
   <trkpt lat="51.0314534" lon="13.8371263">
    <ele>111</ele>
    <time>2026-08-11T17:52:57Z</time>
    <extensions>
     <gpxdata:hr>152</gpxdata:hr>
     <gpxdata:distance>8163.50</gpxdata:distance>
     <gpxdata:speed>10.717</gpxdata:speed>
    </extensions>
   </trkpt>
   <trkpt lat="51.0313669" lon="13.8371858">
    <ele>111</ele>
    <time>2026-08-11T17:52:58Z</time>
    <extensions>
     <gpxdata:hr>152</gpxdata:hr>
     <gpxdata:distance>8174.00</gpxdata:distance>
     <gpxdata:speed>10.656</gpxdata:speed>
    </extensions>
   </trkpt>
   <trkpt lat="51.0312770" lon="13.8372331">
    <ele>111</ele>
    <time>2026-08-11T17:52:59Z</time>
    <extensions>
     <gpxdata:hr>150</gpxdata:hr>
     <gpxdata:distance>8184.50</gpxdata:distance>
     <gpxdata:speed>10.608</gpxdata:speed>
    </extensions>
   </trkpt>
   <trkpt lat="51.0311848" lon="13.8372718">
    <ele>111</ele>
    <time>2026-08-11T17:53:00Z</time>
    <extensions>
     <gpxdata:hr>149</gpxdata:hr>
     <gpxdata:distance>8195.00</gpxdata:distance>
     <gpxdata:speed>10.603</gpxdata:speed>
    </extensions>
   </trkpt>
   <trkpt lat="51.0310918" lon="13.8373066">
    <ele>111</ele>
    <time>2026-08-11T17:53:01Z</time>
    <extensions>
     <gpxdata:hr>148</gpxdata:hr>
     <gpxdata:distance>8205.50</gpxdata:distance>
     <gpxdata:speed>10.606</gpxdata:speed>
    </extensions>
   </trkpt>
   <trkpt lat="51.0309986" lon="13.8373400">
    <ele>111</ele>
    <time>2026-08-11T17:53:02Z</time>
    <extensions>
     <gpxdata:hr>148</gpxdata:hr>
     <gpxdata:distance>8216.00</gpxdata:distance>
     <gpxdata:speed>10.608</gpxdata:speed>
    </extensions>
   </trkpt>
   <trkpt lat="51.0309054" lon="13.8373741">
    <ele>111</ele>
    <time>2026-08-11T17:53:03Z</time>
    <extensions>
     <gpxdata:hr>148</gpxdata:hr>
     <gpxdata:distance>8226.50</gpxdata:distance>
     <gpxdata:speed>10.611</gpxdata:speed>
    </extensions>
   </trkpt>
   <trkpt lat="51.0308128" lon="13.8374106">
    <ele>110</ele>
    <time>2026-08-11T17:53:04Z</time>
    <extensions>
     <gpxdata:hr>148</gpxdata:hr>
     <gpxdata:distance>8237.00</gpxdata:distance>
     <gpxdata:speed>10.617</gpxdata:speed>
    </extensions>
   </trkpt>
   <trkpt lat="51.0307206" lon="13.8374505">
    <ele>110</ele>
    <time>2026-08-11T17:53:05Z</time>
    <extensions>
     <gpxdata:hr>148</gpxdata:hr>
     <gpxdata:distance>8248.00</gpxdata:distance>
     <gpxdata:speed>10.617</gpxdata:speed>
    </extensions>
   </trkpt>
   <trkpt lat="51.0306283" lon="13.8374935">
    <ele>110</ele>
    <time>2026-08-11T17:53:06Z</time>
    <extensions>
     <gpxdata:hr>148</gpxdata:hr>
     <gpxdata:distance>8259.00</gpxdata:distance>
     <gpxdata:speed>10.625</gpxdata:speed>
    </extensions>
   </trkpt>
   <trkpt lat="51.0305362" lon="13.8375354">
    <ele>110</ele>
    <time>2026-08-11T17:53:07Z</time>
    <extensions>
     <gpxdata:hr>148</gpxdata:hr>
     <gpxdata:distance>8269.50</gpxdata:distance>
     <gpxdata:speed>10.656</gpxdata:speed>
    </extensions>
   </trkpt>
   <trkpt lat="51.0304445" lon="13.8375745">
    <ele>110</ele>
    <time>2026-08-11T17:53:08Z</time>
    <extensions>
     <gpxdata:hr>148</gpxdata:hr>
     <gpxdata:distance>8280.00</gpxdata:distance>
     <gpxdata:speed>10.658</gpxdata:speed>
    </extensions>
   </trkpt>
   <trkpt lat="51.0303533" lon="13.8376117">
    <ele>110</ele>
    <time>2026-08-11T17:53:09Z</time>
    <extensions>
     <gpxdata:hr>148</gpxdata:hr>
     <gpxdata:distance>8290.50</gpxdata:distance>
     <gpxdata:speed>10.617</gpxdata:speed>
    </extensions>
   </trkpt>
   <trkpt lat="51.0302626" lon="13.8376478">
    <ele>110</ele>
    <time>2026-08-11T17:53:10Z</time>
    <extensions>
     <gpxdata:hr>148</gpxdata:hr>
     <gpxdata:distance>8301.00</gpxdata:distance>
     <gpxdata:speed>10.569</gpxdata:speed>
    </extensions>
   </trkpt>
   <trkpt lat="51.0301723" lon="13.8376840">
    <ele>111</ele>
    <time>2026-08-11T17:53:11Z</time>
    <extensions>
     <gpxdata:hr>148</gpxdata:hr>
     <gpxdata:distance>8311.50</gpxdata:distance>
     <gpxdata:speed>10.517</gpxdata:speed>
    </extensions>
   </trkpt>
   <trkpt lat="51.0300822" lon="13.8377208">
    <ele>111</ele>
    <time>2026-08-11T17:53:12Z</time>
    <extensions>
     <gpxdata:hr>148</gpxdata:hr>
     <gpxdata:distance>8322.00</gpxdata:distance>
     <gpxdata:speed>10.467</gpxdata:speed>
    </extensions>
   </trkpt>
   <trkpt lat="51.0299927" lon="13.8377595">
    <ele>111</ele>
    <time>2026-08-11T17:53:13Z</time>
    <extensions>
     <gpxdata:hr>149</gpxdata:hr>
     <gpxdata:distance>8332.00</gpxdata:distance>
     <gpxdata:speed>10.428</gpxdata:speed>
    </extensions>
   </trkpt>
   <trkpt lat="51.0299036" lon="13.8377992">
    <ele>111</ele>
    <time>2026-08-11T17:53:14Z</time>
    <extensions>
     <gpxdata:hr>149</gpxdata:hr>
     <gpxdata:distance>8342.00</gpxdata:distance>
     <gpxdata:speed>10.394</gpxdata:speed>
    </extensions>
   </trkpt>
   <trkpt lat="51.0298143" lon="13.8378390">
    <ele>111</ele>
    <time>2026-08-11T17:53:15Z</time>
    <extensions>
     <gpxdata:hr>149</gpxdata:hr>
     <gpxdata:distance>8352.50</gpxdata:distance>
     <gpxdata:speed>10.361</gpxdata:speed>
    </extensions>
   </trkpt>
   <trkpt lat="51.0297244" lon="13.8378791">
    <ele>111</ele>
    <time>2026-08-11T17:53:16Z</time>
    <extensions>
     <gpxdata:hr>149</gpxdata:hr>
     <gpxdata:distance>8363.00</gpxdata:distance>
     <gpxdata:speed>10.350</gpxdata:speed>
    </extensions>
   </trkpt>
   <trkpt lat="51.0296337" lon="13.8379198">
    <ele>111</ele>
    <time>2026-08-11T17:53:17Z</time>
    <extensions>
     <gpxdata:hr>149</gpxdata:hr>
     <gpxdata:distance>8373.50</gpxdata:distance>
     <gpxdata:speed>10.364</gpxdata:speed>
    </extensions>
   </trkpt>
   <trkpt lat="51.0295423" lon="13.8379614">
    <ele>111</ele>
    <time>2026-08-11T17:53:18Z</time>
    <extensions>
     <gpxdata:hr>149</gpxdata:hr>
     <gpxdata:distance>8384.00</gpxdata:distance>
     <gpxdata:speed>10.411</gpxdata:speed>
    </extensions>
   </trkpt>
   <trkpt lat="51.0294504" lon="13.8380037">
    <ele>111</ele>
    <time>2026-08-11T17:53:19Z</time>
    <extensions>
     <gpxdata:hr>149</gpxdata:hr>
     <gpxdata:distance>8394.50</gpxdata:distance>
     <gpxdata:speed>10.472</gpxdata:speed>
    </extensions>
   </trkpt>
   <trkpt lat="51.0293581" lon="13.8380446">
    <ele>112</ele>
    <time>2026-08-11T17:53:20Z</time>
    <extensions>
     <gpxdata:hr>149</gpxdata:hr>
     <gpxdata:distance>8405.00</gpxdata:distance>
     <gpxdata:speed>10.531</gpxdata:speed>
    </extensions>
   </trkpt>
   <trkpt lat="51.0292652" lon="13.8380850">
    <ele>112</ele>
    <time>2026-08-11T17:53:21Z</time>
    <extensions>
     <gpxdata:hr>149</gpxdata:hr>
     <gpxdata:distance>8416.00</gpxdata:distance>
     <gpxdata:speed>10.575</gpxdata:speed>
    </extensions>
   </trkpt>
   <trkpt lat="51.0291722" lon="13.8381258">
    <ele>112</ele>
    <time>2026-08-11T17:53:22Z</time>
    <extensions>
     <gpxdata:hr>149</gpxdata:hr>
     <gpxdata:distance>8427.00</gpxdata:distance>
     <gpxdata:speed>10.628</gpxdata:speed>
    </extensions>
   </trkpt>
   <trkpt lat="51.0290785" lon="13.8381675">
    <ele>112</ele>
    <time>2026-08-11T17:53:23Z</time>
    <extensions>
     <gpxdata:hr>148</gpxdata:hr>
     <gpxdata:distance>8437.50</gpxdata:distance>
     <gpxdata:speed>10.672</gpxdata:speed>
    </extensions>
   </trkpt>
   <trkpt lat="51.0289845" lon="13.8382112">
    <ele>112</ele>
    <time>2026-08-11T17:53:24Z</time>
    <extensions>
     <gpxdata:hr>148</gpxdata:hr>
     <gpxdata:distance>8448.00</gpxdata:distance>
     <gpxdata:speed>10.733</gpxdata:speed>
    </extensions>
   </trkpt>
   <trkpt lat="51.0288914" lon="13.8382560">
    <ele>112</ele>
    <time>2026-08-11T17:53:25Z</time>
    <extensions>
     <gpxdata:hr>148</gpxdata:hr>
     <gpxdata:distance>8459.00</gpxdata:distance>
     <gpxdata:speed>10.797</gpxdata:speed>
    </extensions>
   </trkpt>
   <trkpt lat="51.0287989" lon="13.8382994">
    <ele>112</ele>
    <time>2026-08-11T17:53:26Z</time>
    <extensions>
     <gpxdata:hr>149</gpxdata:hr>
     <gpxdata:distance>8470.00</gpxdata:distance>
     <gpxdata:speed>10.806</gpxdata:speed>
    </extensions>
   </trkpt>
   <trkpt lat="51.0287075" lon="13.8383416">
    <ele>112</ele>
    <time>2026-08-11T17:53:27Z</time>
    <extensions>
     <gpxdata:hr>149</gpxdata:hr>
     <gpxdata:distance>8480.50</gpxdata:distance>
     <gpxdata:speed>10.781</gpxdata:speed>
    </extensions>
   </trkpt>
   <trkpt lat="51.0286178" lon="13.8383868">
    <ele>112</ele>
    <time>2026-08-11T17:53:28Z</time>
    <extensions>
     <gpxdata:hr>149</gpxdata:hr>
     <gpxdata:distance>8491.00</gpxdata:distance>
     <gpxdata:speed>10.706</gpxdata:speed>
    </extensions>
   </trkpt>
   <trkpt lat="51.0285296" lon="13.8384365">
    <ele>112</ele>
    <time>2026-08-11T17:53:29Z</time>
    <extensions>
     <gpxdata:hr>150</gpxdata:hr>
     <gpxdata:distance>8501.50</gpxdata:distance>
     <gpxdata:speed>10.631</gpxdata:speed>
    </extensions>
   </trkpt>
   <trkpt lat="51.0284421" lon="13.8384896">
    <ele>112</ele>
    <time>2026-08-11T17:53:30Z</time>
    <extensions>
     <gpxdata:hr>150</gpxdata:hr>
     <gpxdata:distance>8512.00</gpxdata:distance>
     <gpxdata:speed>10.561</gpxdata:speed>
    </extensions>
   </trkpt>
   <trkpt lat="51.0283549" lon="13.8385471">
    <ele>112</ele>
    <time>2026-08-11T17:53:31Z</time>
    <extensions>
     <gpxdata:hr>151</gpxdata:hr>
     <gpxdata:distance>8522.50</gpxdata:distance>
     <gpxdata:speed>10.525</gpxdata:speed>
    </extensions>
   </trkpt>
   <trkpt lat="51.0282695" lon="13.8386108">
    <ele>112</ele>
    <time>2026-08-11T17:53:32Z</time>
    <extensions>
     <gpxdata:hr>151</gpxdata:hr>
     <gpxdata:distance>8533.00</gpxdata:distance>
     <gpxdata:speed>10.528</gpxdata:speed>
    </extensions>
   </trkpt>
   <trkpt lat="51.0281844" lon="13.8386778">
    <ele>112</ele>
    <time>2026-08-11T17:53:33Z</time>
    <extensions>
     <gpxdata:hr>150</gpxdata:hr>
     <gpxdata:distance>8543.50</gpxdata:distance>
     <gpxdata:speed>10.517</gpxdata:speed>
    </extensions>
   </trkpt>
   <trkpt lat="51.0280974" lon="13.8387433">
    <ele>113</ele>
    <time>2026-08-11T17:53:34Z</time>
    <extensions>
     <gpxdata:hr>150</gpxdata:hr>
     <gpxdata:distance>8554.00</gpxdata:distance>
     <gpxdata:speed>10.536</gpxdata:speed>
    </extensions>
   </trkpt>
   <trkpt lat="51.0280068" lon="13.8388019">
    <ele>113</ele>
    <time>2026-08-11T17:53:35Z</time>
    <extensions>
     <gpxdata:hr>151</gpxdata:hr>
     <gpxdata:distance>8565.00</gpxdata:distance>
     <gpxdata:speed>10.606</gpxdata:speed>
    </extensions>
   </trkpt>
   <trkpt lat="51.0279130" lon="13.8388518">
    <ele>113</ele>
    <time>2026-08-11T17:53:36Z</time>
    <extensions>
     <gpxdata:hr>151</gpxdata:hr>
     <gpxdata:distance>8576.00</gpxdata:distance>
     <gpxdata:speed>10.717</gpxdata:speed>
    </extensions>
   </trkpt>
   <trkpt lat="51.0278180" lon="13.8388941">
    <ele>113</ele>
    <time>2026-08-11T17:53:37Z</time>
    <extensions>
     <gpxdata:hr>151</gpxdata:hr>
     <gpxdata:distance>8587.00</gpxdata:distance>
     <gpxdata:speed>10.822</gpxdata:speed>
    </extensions>
   </trkpt>
   <trkpt lat="51.0277236" lon="13.8389359">
    <ele>113</ele>
    <time>2026-08-11T17:53:38Z</time>
    <extensions>
     <gpxdata:hr>152</gpxdata:hr>
     <gpxdata:distance>8598.00</gpxdata:distance>
     <gpxdata:speed>10.864</gpxdata:speed>
    </extensions>
   </trkpt>
   <trkpt lat="51.0276303" lon="13.8389822">
    <ele>113</ele>
    <time>2026-08-11T17:53:39Z</time>
    <extensions>
     <gpxdata:hr>152</gpxdata:hr>
     <gpxdata:distance>8609.00</gpxdata:distance>
     <gpxdata:speed>10.872</gpxdata:speed>
    </extensions>
   </trkpt>
   <trkpt lat="51.0275369" lon="13.8390293">
    <ele>113</ele>
    <time>2026-08-11T17:53:40Z</time>
    <extensions>
     <gpxdata:hr>153</gpxdata:hr>
     <gpxdata:distance>8620.00</gpxdata:distance>
     <gpxdata:speed>10.881</gpxdata:speed>
    </extensions>
   </trkpt>
   <trkpt lat="51.0274430" lon="13.8390727">
    <ele>113</ele>
    <time>2026-08-11T17:53:41Z</time>
    <extensions>
     <gpxdata:hr>154</gpxdata:hr>
     <gpxdata:distance>8630.50</gpxdata:distance>
     <gpxdata:speed>10.894</gpxdata:speed>
    </extensions>
   </trkpt>
   <trkpt lat="51.0273490" lon="13.8391136">
    <ele>112</ele>
    <time>2026-08-11T17:53:42Z</time>
    <extensions>
     <gpxdata:hr>153</gpxdata:hr>
     <gpxdata:distance>8641.00</gpxdata:distance>
     <gpxdata:speed>10.897</gpxdata:speed>
    </extensions>
   </trkpt>
   <trkpt lat="51.0272558" lon="13.8391549">
    <ele>112</ele>
    <time>2026-08-11T17:53:43Z</time>
    <extensions>
     <gpxdata:hr>152</gpxdata:hr>
     <gpxdata:distance>8652.00</gpxdata:distance>
     <gpxdata:speed>10.881</gpxdata:speed>
    </extensions>
   </trkpt>
   <trkpt lat="51.0271639" lon="13.8391953">
    <ele>112</ele>
    <time>2026-08-11T17:53:44Z</time>
    <extensions>
     <gpxdata:hr>152</gpxdata:hr>
     <gpxdata:distance>8663.00</gpxdata:distance>
     <gpxdata:speed>10.842</gpxdata:speed>
    </extensions>
   </trkpt>
   <trkpt lat="51.0270731" lon="13.8392328">
    <ele>112</ele>
    <time>2026-08-11T17:53:45Z</time>
    <extensions>
     <gpxdata:hr>152</gpxdata:hr>
     <gpxdata:distance>8673.50</gpxdata:distance>
     <gpxdata:speed>10.750</gpxdata:speed>
    </extensions>
   </trkpt>
   <trkpt lat="51.0269833" lon="13.8392669">
    <ele>112</ele>
    <time>2026-08-11T17:53:46Z</time>
    <extensions>
     <gpxdata:hr>151</gpxdata:hr>
     <gpxdata:distance>8684.00</gpxdata:distance>
     <gpxdata:speed>10.639</gpxdata:speed>
    </extensions>
   </trkpt>
   <trkpt lat="51.0268942" lon="13.8393019">
    <ele>112</ele>
    <time>2026-08-11T17:53:47Z</time>
    <extensions>
     <gpxdata:hr>152</gpxdata:hr>
     <gpxdata:distance>8694.00</gpxdata:distance>
     <gpxdata:speed>10.508</gpxdata:speed>
    </extensions>
   </trkpt>
   <trkpt lat="51.0268059" lon="13.8393395">
    <ele>112</ele>
    <time>2026-08-11T17:53:48Z</time>
    <extensions>
     <gpxdata:hr>152</gpxdata:hr>
     <gpxdata:distance>8704.00</gpxdata:distance>
     <gpxdata:speed>10.411</gpxdata:speed>
    </extensions>
   </trkpt>
   <trkpt lat="51.0267171" lon="13.8393790">
    <ele>112</ele>
    <time>2026-08-11T17:53:49Z</time>
    <extensions>
     <gpxdata:hr>153</gpxdata:hr>
     <gpxdata:distance>8714.50</gpxdata:distance>
     <gpxdata:speed>10.333</gpxdata:speed>
    </extensions>
   </trkpt>
   <trkpt lat="51.0266277" lon="13.8394168">
    <ele>112</ele>
    <time>2026-08-11T17:53:50Z</time>
    <extensions>
     <gpxdata:hr>152</gpxdata:hr>
     <gpxdata:distance>8725.00</gpxdata:distance>
     <gpxdata:speed>10.317</gpxdata:speed>
    </extensions>
   </trkpt>
   <trkpt lat="51.0265378" lon="13.8394562">
    <ele>112</ele>
    <time>2026-08-11T17:53:51Z</time>
    <extensions>
     <gpxdata:hr>152</gpxdata:hr>
     <gpxdata:distance>8735.50</gpxdata:distance>
     <gpxdata:speed>10.306</gpxdata:speed>
    </extensions>
   </trkpt>
   <trkpt lat="51.0264481" lon="13.8394964">
    <ele>112</ele>
    <time>2026-08-11T17:53:52Z</time>
    <extensions>
     <gpxdata:hr>152</gpxdata:hr>
     <gpxdata:distance>8746.00</gpxdata:distance>
     <gpxdata:speed>10.333</gpxdata:speed>
    </extensions>
   </trkpt>
   <trkpt lat="51.0263586" lon="13.8395356">
    <ele>112</ele>
    <time>2026-08-11T17:53:53Z</time>
    <extensions>
     <gpxdata:hr>151</gpxdata:hr>
     <gpxdata:distance>8756.00</gpxdata:distance>
     <gpxdata:speed>10.333</gpxdata:speed>
    </extensions>
   </trkpt>
   <trkpt lat="51.0262695" lon="13.8395754">
    <ele>112</ele>
    <time>2026-08-11T17:53:54Z</time>
    <extensions>
     <gpxdata:hr>151</gpxdata:hr>
     <gpxdata:distance>8766.00</gpxdata:distance>
     <gpxdata:speed>10.325</gpxdata:speed>
    </extensions>
   </trkpt>
   <trkpt lat="51.0261803" lon="13.8396154">
    <ele>112</ele>
    <time>2026-08-11T17:53:55Z</time>
    <extensions>
     <gpxdata:hr>150</gpxdata:hr>
     <gpxdata:distance>8776.50</gpxdata:distance>
     <gpxdata:speed>10.311</gpxdata:speed>
    </extensions>
   </trkpt>
   <trkpt lat="51.0260911" lon="13.8396545">
    <ele>112</ele>
    <time>2026-08-11T17:53:56Z</time>
    <extensions>
     <gpxdata:hr>149</gpxdata:hr>
     <gpxdata:distance>8787.00</gpxdata:distance>
     <gpxdata:speed>10.314</gpxdata:speed>
    </extensions>
   </trkpt>
   <trkpt lat="51.0260019" lon="13.8396922">
    <ele>112</ele>
    <time>2026-08-11T17:53:57Z</time>
    <extensions>
     <gpxdata:hr>149</gpxdata:hr>
     <gpxdata:distance>8797.00</gpxdata:distance>
     <gpxdata:speed>10.308</gpxdata:speed>
    </extensions>
   </trkpt>
   <trkpt lat="51.0259135" lon="13.8397287">
    <ele>112</ele>
    <time>2026-08-11T17:53:58Z</time>
    <extensions>
     <gpxdata:hr>148</gpxdata:hr>
     <gpxdata:distance>8807.00</gpxdata:distance>
     <gpxdata:speed>10.300</gpxdata:speed>
    </extensions>
   </trkpt>
   <trkpt lat="51.0258264" lon="13.8397686">
    <ele>112</ele>
    <time>2026-08-11T17:53:59Z</time>
    <extensions>
     <gpxdata:hr>147</gpxdata:hr>
     <gpxdata:distance>8817.00</gpxdata:distance>
     <gpxdata:speed>10.247</gpxdata:speed>
    </extensions>
   </trkpt>
   <trkpt lat="51.0257405" lon="13.8398110">
    <ele>112</ele>
    <time>2026-08-11T17:54:00Z</time>
    <extensions>
     <gpxdata:hr>147</gpxdata:hr>
     <gpxdata:distance>8827.00</gpxdata:distance>
     <gpxdata:speed>10.192</gpxdata:speed>
    </extensions>
   </trkpt>
   <trkpt lat="51.0256558" lon="13.8398529">
    <ele>112</ele>
    <time>2026-08-11T17:54:01Z</time>
    <extensions>
     <gpxdata:hr>147</gpxdata:hr>
     <gpxdata:distance>8837.00</gpxdata:distance>
     <gpxdata:speed>10.125</gpxdata:speed>
    </extensions>
   </trkpt>
   <trkpt lat="51.0255716" lon="13.8398934">
    <ele>112</ele>
    <time>2026-08-11T17:54:02Z</time>
    <extensions>
     <gpxdata:hr>148</gpxdata:hr>
     <gpxdata:distance>8847.00</gpxdata:distance>
     <gpxdata:speed>10.033</gpxdata:speed>
    </extensions>
   </trkpt>
   <trkpt lat="51.0254879" lon="13.8399313">
    <ele>112</ele>
    <time>2026-08-11T17:54:03Z</time>
    <extensions>
     <gpxdata:hr>148</gpxdata:hr>
     <gpxdata:distance>8856.50</gpxdata:distance>
     <gpxdata:speed>9.950</gpxdata:speed>
    </extensions>
   </trkpt>
   <trkpt lat="51.0254050" lon="13.8399675">
    <ele>112</ele>
    <time>2026-08-11T17:54:04Z</time>
    <extensions>
     <gpxdata:hr>148</gpxdata:hr>
     <gpxdata:distance>8866.00</gpxdata:distance>
     <gpxdata:speed>9.850</gpxdata:speed>
    </extensions>
   </trkpt>
   <trkpt lat="51.0253223" lon="13.8400004">
    <ele>111</ele>
    <time>2026-08-11T17:54:05Z</time>
    <extensions>
     <gpxdata:hr>147</gpxdata:hr>
     <gpxdata:distance>8875.50</gpxdata:distance>
     <gpxdata:speed>9.750</gpxdata:speed>
    </extensions>
   </trkpt>
   <trkpt lat="51.0252392" lon="13.8400299">
    <ele>111</ele>
    <time>2026-08-11T17:54:06Z</time>
    <extensions>
     <gpxdata:hr>148</gpxdata:hr>
     <gpxdata:distance>8885.00</gpxdata:distance>
     <gpxdata:speed>9.628</gpxdata:speed>
    </extensions>
   </trkpt>
   <trkpt lat="51.0251547" lon="13.8400533">
    <ele>111</ele>
    <time>2026-08-11T17:54:07Z</time>
    <extensions>
     <gpxdata:hr>148</gpxdata:hr>
     <gpxdata:distance>8895.00</gpxdata:distance>
     <gpxdata:speed>9.544</gpxdata:speed>
    </extensions>
   </trkpt>
   <trkpt lat="51.0250674" lon="13.8400704">
    <ele>111</ele>
    <time>2026-08-11T17:54:08Z</time>
    <extensions>
     <gpxdata:hr>147</gpxdata:hr>
     <gpxdata:distance>8905.00</gpxdata:distance>
     <gpxdata:speed>9.564</gpxdata:speed>
    </extensions>
   </trkpt>
   <trkpt lat="51.0249784" lon="13.8400840">
    <ele>111</ele>
    <time>2026-08-11T17:54:09Z</time>
    <extensions>
     <gpxdata:hr>147</gpxdata:hr>
     <gpxdata:distance>8915.00</gpxdata:distance>
     <gpxdata:speed>9.703</gpxdata:speed>
    </extensions>
   </trkpt>
   <trkpt lat="51.0248891" lon="13.8401011">
    <ele>111</ele>
    <time>2026-08-11T17:54:10Z</time>
    <extensions>
     <gpxdata:hr>147</gpxdata:hr>
     <gpxdata:distance>8925.00</gpxdata:distance>
     <gpxdata:speed>9.797</gpxdata:speed>
    </extensions>
   </trkpt>
   <trkpt lat="51.0248006" lon="13.8401249">
    <ele>111</ele>
    <time>2026-08-11T17:54:11Z</time>
    <extensions>
     <gpxdata:hr>147</gpxdata:hr>
     <gpxdata:distance>8935.00</gpxdata:distance>
     <gpxdata:speed>9.872</gpxdata:speed>
    </extensions>
   </trkpt>
   <trkpt lat="51.0247138" lon="13.8401535">
    <ele>111</ele>
    <time>2026-08-11T17:54:12Z</time>
    <extensions>
     <gpxdata:hr>146</gpxdata:hr>
     <gpxdata:distance>8945.00</gpxdata:distance>
     <gpxdata:speed>9.900</gpxdata:speed>
    </extensions>
   </trkpt>
   <trkpt lat="51.0246283" lon="13.8401830">
    <ele>111</ele>
    <time>2026-08-11T17:54:13Z</time>
    <extensions>
     <gpxdata:hr>146</gpxdata:hr>
     <gpxdata:distance>8954.50</gpxdata:distance>
     <gpxdata:speed>9.878</gpxdata:speed>
    </extensions>
   </trkpt>
   <trkpt lat="51.0245434" lon="13.8402127">
    <ele>112</ele>
    <time>2026-08-11T17:54:14Z</time>
    <extensions>
     <gpxdata:hr>146</gpxdata:hr>
     <gpxdata:distance>8964.00</gpxdata:distance>
     <gpxdata:speed>9.825</gpxdata:speed>
    </extensions>
   </trkpt>
   <trkpt lat="51.0244597" lon="13.8402405">
    <ele>112</ele>
    <time>2026-08-11T17:54:15Z</time>
    <extensions>
     <gpxdata:hr>147</gpxdata:hr>
     <gpxdata:distance>8973.50</gpxdata:distance>
     <gpxdata:speed>9.775</gpxdata:speed>
    </extensions>
   </trkpt>
   <trkpt lat="51.0243793" lon="13.8402667">
    <ele>112</ele>
    <time>2026-08-11T17:54:16Z</time>
    <extensions>
     <gpxdata:hr>147</gpxdata:hr>
     <gpxdata:distance>8983.00</gpxdata:distance>
     <gpxdata:speed>9.686</gpxdata:speed>
    </extensions>
   </trkpt>
   <trkpt lat="51.0243058" lon="13.8402956">
    <ele>112</ele>
    <time>2026-08-11T17:54:17Z</time>
    <extensions>
     <gpxdata:hr>147</gpxdata:hr>
     <gpxdata:distance>8991.50</gpxdata:distance>
     <gpxdata:speed>9.475</gpxdata:speed>
    </extensions>
   </trkpt>
   <trkpt lat="51.0242446" lon="13.8403264">
    <ele>112</ele>
    <time>2026-08-11T17:54:18Z</time>
    <extensions>
     <gpxdata:hr>147</gpxdata:hr>
     <gpxdata:distance>9000.00</gpxdata:distance>
     <gpxdata:speed>8.553</gpxdata:speed>
    </extensions>
   </trkpt>
   <trkpt lat="51.0241958" lon="13.8403620">
    <ele>112</ele>
    <time>2026-08-11T17:54:19Z</time>
    <extensions>
     <gpxdata:hr>146</gpxdata:hr>
     <gpxdata:distance>9005.50</gpxdata:distance>
     <gpxdata:speed>8.458</gpxdata:speed>
    </extensions>
   </trkpt>
   <trkpt lat="51.0241545" lon="13.8403974">
    <ele>112</ele>
    <time>2026-08-11T17:54:20Z</time>
    <extensions>
     <gpxdata:hr>146</gpxdata:hr>
     <gpxdata:distance>9011.00</gpxdata:distance>
     <gpxdata:speed>6.253</gpxdata:speed>
    </extensions>
   </trkpt>
   <trkpt lat="51.0241116" lon="13.8404339">
    <ele>112</ele>
    <time>2026-08-11T17:54:21Z</time>
    <extensions>
     <gpxdata:hr>145</gpxdata:hr>
     <gpxdata:distance>9016.50</gpxdata:distance>
     <gpxdata:speed>6.253</gpxdata:speed>
    </extensions>
   </trkpt>
   <trkpt lat="51.0240605" lon="13.8404735">
    <ele>112</ele>
    <time>2026-08-11T17:54:22Z</time>
    <extensions>
     <gpxdata:hr>145</gpxdata:hr>
     <gpxdata:distance>9022.00</gpxdata:distance>
     <gpxdata:speed>6.550</gpxdata:speed>
    </extensions>
   </trkpt>
   <trkpt lat="51.0240001" lon="13.8405149">
    <ele>112</ele>
    <time>2026-08-11T17:54:23Z</time>
    <extensions>
     <gpxdata:hr>145</gpxdata:hr>
     <gpxdata:distance>9029.50</gpxdata:distance>
     <gpxdata:speed>6.592</gpxdata:speed>
    </extensions>
   </trkpt>
   <trkpt lat="51.0239324" lon="13.8405588">
    <ele>112</ele>
    <time>2026-08-11T17:54:24Z</time>
    <extensions>
     <gpxdata:hr>144</gpxdata:hr>
     <gpxdata:distance>9037.00</gpxdata:distance>
     <gpxdata:speed>7.336</gpxdata:speed>
    </extensions>
   </trkpt>
   <trkpt lat="51.0238614" lon="13.8406042">
    <ele>112</ele>
    <time>2026-08-11T17:54:25Z</time>
    <extensions>
     <gpxdata:hr>143</gpxdata:hr>
     <gpxdata:distance>9045.50</gpxdata:distance>
     <gpxdata:speed>7.933</gpxdata:speed>
    </extensions>
   </trkpt>
   <trkpt lat="51.0237906" lon="13.8406516">
    <ele>112</ele>
    <time>2026-08-11T17:54:26Z</time>
    <extensions>
     <gpxdata:hr>143</gpxdata:hr>
     <gpxdata:distance>9054.00</gpxdata:distance>
     <gpxdata:speed>8.217</gpxdata:speed>
    </extensions>
   </trkpt>
   <trkpt lat="51.0237217" lon="13.8406999">
    <ele>112</ele>
    <time>2026-08-11T17:54:27Z</time>
    <extensions>
     <gpxdata:hr>142</gpxdata:hr>
     <gpxdata:distance>9062.50</gpxdata:distance>
     <gpxdata:speed>8.294</gpxdata:speed>
    </extensions>
   </trkpt>
   <trkpt lat="51.0236512" lon="13.8407394">
    <ele>112</ele>
    <time>2026-08-11T17:54:28Z</time>
    <extensions>
     <gpxdata:hr>143</gpxdata:hr>
     <gpxdata:distance>9071.00</gpxdata:distance>
     <gpxdata:speed>8.253</gpxdata:speed>
    </extensions>
   </trkpt>
   <trkpt lat="51.0235783" lon="13.8407716">
    <ele>111</ele>
    <time>2026-08-11T17:54:29Z</time>
    <extensions>
     <gpxdata:hr>143</gpxdata:hr>
     <gpxdata:distance>9079.50</gpxdata:distance>
     <gpxdata:speed>8.289</gpxdata:speed>
    </extensions>
   </trkpt>
   <trkpt lat="51.0235046" lon="13.8408089">
    <ele>111</ele>
    <time>2026-08-11T17:54:30Z</time>
    <extensions>
     <gpxdata:hr>145</gpxdata:hr>
     <gpxdata:distance>9088.00</gpxdata:distance>
     <gpxdata:speed>8.414</gpxdata:speed>
    </extensions>
   </trkpt>
   <trkpt lat="51.0234321" lon="13.8408576">
    <ele>111</ele>
    <time>2026-08-11T17:54:31Z</time>
    <extensions>
     <gpxdata:hr>144</gpxdata:hr>
     <gpxdata:distance>9096.50</gpxdata:distance>
     <gpxdata:speed>8.614</gpxdata:speed>
    </extensions>
   </trkpt>
   <trkpt lat="51.0233598" lon="13.8409140">
    <ele>111</ele>
    <time>2026-08-11T17:54:32Z</time>
    <extensions>
     <gpxdata:hr>144</gpxdata:hr>
     <gpxdata:distance>9105.00</gpxdata:distance>
     <gpxdata:speed>8.761</gpxdata:speed>
    </extensions>
   </trkpt>
   <trkpt lat="51.0232867" lon="13.8409752">
    <ele>111</ele>
    <time>2026-08-11T17:54:33Z</time>
    <extensions>
     <gpxdata:hr>145</gpxdata:hr>
     <gpxdata:distance>9114.50</gpxdata:distance>
     <gpxdata:speed>8.928</gpxdata:speed>
    </extensions>
   </trkpt>
   <trkpt lat="51.0232125" lon="13.8410368">
    <ele>111</ele>
    <time>2026-08-11T17:54:34Z</time>
    <extensions>
     <gpxdata:hr>145</gpxdata:hr>
     <gpxdata:distance>9124.00</gpxdata:distance>
     <gpxdata:speed>9.092</gpxdata:speed>
    </extensions>
   </trkpt>
   <trkpt lat="51.0231368" lon="13.8410958">
    <ele>111</ele>
    <time>2026-08-11T17:54:35Z</time>
    <extensions>
     <gpxdata:hr>145</gpxdata:hr>
     <gpxdata:distance>9133.50</gpxdata:distance>
     <gpxdata:speed>9.211</gpxdata:speed>
    </extensions>
   </trkpt>
   <trkpt lat="51.0230588" lon="13.8411527">
    <ele>111</ele>
    <time>2026-08-11T17:54:36Z</time>
    <extensions>
     <gpxdata:hr>146</gpxdata:hr>
     <gpxdata:distance>9143.00</gpxdata:distance>
     <gpxdata:speed>9.319</gpxdata:speed>
    </extensions>
   </trkpt>
   <trkpt lat="51.0229768" lon="13.8412063">
    <ele>111</ele>
    <time>2026-08-11T17:54:37Z</time>
    <extensions>
     <gpxdata:hr>146</gpxdata:hr>
     <gpxdata:distance>9152.50</gpxdata:distance>
     <gpxdata:speed>9.503</gpxdata:speed>
    </extensions>
   </trkpt>
   <trkpt lat="51.0228898" lon="13.8412593">
    <ele>111</ele>
    <time>2026-08-11T17:54:38Z</time>
    <extensions>
     <gpxdata:hr>146</gpxdata:hr>
     <gpxdata:distance>9162.00</gpxdata:distance>
     <gpxdata:speed>9.817</gpxdata:speed>
    </extensions>
   </trkpt>
   <trkpt lat="51.0227976" lon="13.8413127">
    <ele>112</ele>
    <time>2026-08-11T17:54:39Z</time>
    <extensions>
     <gpxdata:hr>147</gpxdata:hr>
     <gpxdata:distance>9173.50</gpxdata:distance>
     <gpxdata:speed>10.300</gpxdata:speed>
    </extensions>
   </trkpt>
   <trkpt lat="51.0227024" lon="13.8413672">
    <ele>112</ele>
    <time>2026-08-11T17:54:40Z</time>
    <extensions>
     <gpxdata:hr>146</gpxdata:hr>
     <gpxdata:distance>9185.00</gpxdata:distance>
     <gpxdata:speed>10.800</gpxdata:speed>
    </extensions>
   </trkpt>
   <trkpt lat="51.0226063" lon="13.8414265">
    <ele>112</ele>
    <time>2026-08-11T17:54:41Z</time>
    <extensions>
     <gpxdata:hr>145</gpxdata:hr>
     <gpxdata:distance>9196.00</gpxdata:distance>
     <gpxdata:speed>11.089</gpxdata:speed>
    </extensions>
   </trkpt>
   <trkpt lat="51.0225109" lon="13.8414929">
    <ele>112</ele>
    <time>2026-08-11T17:54:42Z</time>
    <extensions>
     <gpxdata:hr>146</gpxdata:hr>
     <gpxdata:distance>9207.00</gpxdata:distance>
     <gpxdata:speed>11.317</gpxdata:speed>
    </extensions>
   </trkpt>
   <trkpt lat="51.0224161" lon="13.8415624">
    <ele>112</ele>
    <time>2026-08-11T17:54:43Z</time>
    <extensions>
     <gpxdata:hr>147</gpxdata:hr>
     <gpxdata:distance>9219.00</gpxdata:distance>
     <gpxdata:speed>11.472</gpxdata:speed>
    </extensions>
   </trkpt>
   <trkpt lat="51.0223222" lon="13.8416367">
    <ele>112</ele>
    <time>2026-08-11T17:54:44Z</time>
    <extensions>
     <gpxdata:hr>147</gpxdata:hr>
     <gpxdata:distance>9231.00</gpxdata:distance>
     <gpxdata:speed>11.511</gpxdata:speed>
    </extensions>
   </trkpt>
   <trkpt lat="51.0222295" lon="13.8417135">
    <ele>112</ele>
    <time>2026-08-11T17:54:45Z</time>
    <extensions>
     <gpxdata:hr>148</gpxdata:hr>
     <gpxdata:distance>9242.50</gpxdata:distance>
     <gpxdata:speed>11.622</gpxdata:speed>
    </extensions>
   </trkpt>
   <trkpt lat="51.0221385" lon="13.8417908">
    <ele>112</ele>
    <time>2026-08-11T17:54:46Z</time>
    <extensions>
     <gpxdata:hr>148</gpxdata:hr>
     <gpxdata:distance>9254.00</gpxdata:distance>
     <gpxdata:speed>11.586</gpxdata:speed>
    </extensions>
   </trkpt>
   <trkpt lat="51.0220491" lon="13.8418688">
    <ele>112</ele>
    <time>2026-08-11T17:54:47Z</time>
    <extensions>
     <gpxdata:hr>149</gpxdata:hr>
     <gpxdata:distance>9265.50</gpxdata:distance>
     <gpxdata:speed>11.458</gpxdata:speed>
    </extensions>
   </trkpt>
   <trkpt lat="51.0219610" lon="13.8419468">
    <ele>112</ele>
    <time>2026-08-11T17:54:48Z</time>
    <extensions>
     <gpxdata:hr>149</gpxdata:hr>
     <gpxdata:distance>9277.00</gpxdata:distance>
     <gpxdata:speed>11.375</gpxdata:speed>
    </extensions>
   </trkpt>
   <trkpt lat="51.0218734" lon="13.8420251">
    <ele>112</ele>
    <time>2026-08-11T17:54:49Z</time>
    <extensions>
     <gpxdata:hr>151</gpxdata:hr>
     <gpxdata:distance>9288.00</gpxdata:distance>
     <gpxdata:speed>11.261</gpxdata:speed>
    </extensions>
   </trkpt>
   <trkpt lat="51.0217856" lon="13.8421035">
    <ele>112</ele>
    <time>2026-08-11T17:54:50Z</time>
    <extensions>
     <gpxdata:hr>152</gpxdata:hr>
     <gpxdata:distance>9299.00</gpxdata:distance>
     <gpxdata:speed>11.233</gpxdata:speed>
    </extensions>
   </trkpt>
   <trkpt lat="51.0216974" lon="13.8421804">
    <ele>112</ele>
    <time>2026-08-11T17:54:51Z</time>
    <extensions>
     <gpxdata:hr>153</gpxdata:hr>
     <gpxdata:distance>9310.00</gpxdata:distance>
     <gpxdata:speed>11.242</gpxdata:speed>
    </extensions>
   </trkpt>
   <trkpt lat="51.0216092" lon="13.8422543">
    <ele>112</ele>
    <time>2026-08-11T17:54:52Z</time>
    <extensions>
     <gpxdata:hr>153</gpxdata:hr>
     <gpxdata:distance>9321.00</gpxdata:distance>
     <gpxdata:speed>11.228</gpxdata:speed>
    </extensions>
   </trkpt>
   <trkpt lat="51.0215217" lon="13.8423265">
    <ele>112</ele>
    <time>2026-08-11T17:54:53Z</time>
    <extensions>
     <gpxdata:hr>153</gpxdata:hr>
     <gpxdata:distance>9332.00</gpxdata:distance>
     <gpxdata:speed>11.172</gpxdata:speed>
    </extensions>
   </trkpt>
   <trkpt lat="51.0214357" lon="13.8423980">
    <ele>113</ele>
    <time>2026-08-11T17:54:54Z</time>
    <extensions>
     <gpxdata:hr>153</gpxdata:hr>
     <gpxdata:distance>9343.00</gpxdata:distance>
     <gpxdata:speed>11.094</gpxdata:speed>
    </extensions>
   </trkpt>
   <trkpt lat="51.0213511" lon="13.8424678">
    <ele>113</ele>
    <time>2026-08-11T17:54:55Z</time>
    <extensions>
     <gpxdata:hr>153</gpxdata:hr>
     <gpxdata:distance>9353.50</gpxdata:distance>
     <gpxdata:speed>10.978</gpxdata:speed>
    </extensions>
   </trkpt>
   <trkpt lat="51.0212683" lon="13.8425345">
    <ele>113</ele>
    <time>2026-08-11T17:54:56Z</time>
    <extensions>
     <gpxdata:hr>154</gpxdata:hr>
     <gpxdata:distance>9364.00</gpxdata:distance>
     <gpxdata:speed>10.839</gpxdata:speed>
    </extensions>
   </trkpt>
   <trkpt lat="51.0211877" lon="13.8426008">
    <ele>113</ele>
    <time>2026-08-11T17:54:57Z</time>
    <extensions>
     <gpxdata:hr>153</gpxdata:hr>
     <gpxdata:distance>9374.00</gpxdata:distance>
     <gpxdata:speed>10.436</gpxdata:speed>
    </extensions>
   </trkpt>
   <trkpt lat="51.0211091" lon="13.8426678">
    <ele>113</ele>
    <time>2026-08-11T17:54:58Z</time>
    <extensions>
     <gpxdata:hr>153</gpxdata:hr>
     <gpxdata:distance>9384.00</gpxdata:distance>
     <gpxdata:speed>10.208</gpxdata:speed>
    </extensions>
   </trkpt>
   <trkpt lat="51.0210310" lon="13.8427290">
    <ele>113</ele>
    <time>2026-08-11T17:54:59Z</time>
    <extensions>
     <gpxdata:hr>153</gpxdata:hr>
     <gpxdata:distance>9394.00</gpxdata:distance>
     <gpxdata:speed>10.011</gpxdata:speed>
    </extensions>
   </trkpt>
   <trkpt lat="51.0209531" lon="13.8427801">
    <ele>113</ele>
    <time>2026-08-11T17:55:00Z</time>
    <extensions>
     <gpxdata:hr>152</gpxdata:hr>
     <gpxdata:distance>9404.00</gpxdata:distance>
     <gpxdata:speed>9.789</gpxdata:speed>
    </extensions>
   </trkpt>
   <trkpt lat="51.0208766" lon="13.8428261">
    <ele>113</ele>
    <time>2026-08-11T17:55:01Z</time>
    <extensions>
     <gpxdata:hr>151</gpxdata:hr>
     <gpxdata:distance>9413.00</gpxdata:distance>
     <gpxdata:speed>9.489</gpxdata:speed>
    </extensions>
   </trkpt>
   <trkpt lat="51.0208032" lon="13.8428730">
    <ele>113</ele>
    <time>2026-08-11T17:55:02Z</time>
    <extensions>
     <gpxdata:hr>151</gpxdata:hr>
     <gpxdata:distance>9422.00</gpxdata:distance>
     <gpxdata:speed>9.208</gpxdata:speed>
    </extensions>
   </trkpt>
   <trkpt lat="51.0207333" lon="13.8429239">
    <ele>113</ele>
    <time>2026-08-11T17:55:03Z</time>
    <extensions>
     <gpxdata:hr>150</gpxdata:hr>
     <gpxdata:distance>9430.50</gpxdata:distance>
     <gpxdata:speed>8.908</gpxdata:speed>
    </extensions>
   </trkpt>
   <trkpt lat="51.0206671" lon="13.8429760">
    <ele>113</ele>
    <time>2026-08-11T17:55:04Z</time>
    <extensions>
     <gpxdata:hr>147</gpxdata:hr>
     <gpxdata:distance>9439.00</gpxdata:distance>
     <gpxdata:speed>8.686</gpxdata:speed>
    </extensions>
   </trkpt>
   <trkpt lat="51.0206038" lon="13.8430280">
    <ele>113</ele>
    <time>2026-08-11T17:55:05Z</time>
    <extensions>
     <gpxdata:hr>147</gpxdata:hr>
     <gpxdata:distance>9447.00</gpxdata:distance>
     <gpxdata:speed>8.347</gpxdata:speed>
    </extensions>
   </trkpt>
   <trkpt lat="51.0205434" lon="13.8430796">
    <ele>112</ele>
    <time>2026-08-11T17:55:06Z</time>
    <extensions>
     <gpxdata:hr>145</gpxdata:hr>
     <gpxdata:distance>9455.00</gpxdata:distance>
     <gpxdata:speed>8.064</gpxdata:speed>
    </extensions>
   </trkpt>
   <trkpt lat="51.0204874" lon="13.8431293">
    <ele>112</ele>
    <time>2026-08-11T17:55:07Z</time>
    <extensions>
     <gpxdata:hr>143</gpxdata:hr>
     <gpxdata:distance>9462.00</gpxdata:distance>
     <gpxdata:speed>7.772</gpxdata:speed>
    </extensions>
   </trkpt>
   <trkpt lat="51.0204371" lon="13.8431755">
    <ele>112</ele>
    <time>2026-08-11T17:55:08Z</time>
    <extensions>
     <gpxdata:hr>142</gpxdata:hr>
     <gpxdata:distance>9469.00</gpxdata:distance>
     <gpxdata:speed>7.278</gpxdata:speed>
    </extensions>
   </trkpt>
   <trkpt lat="51.0203939" lon="13.8432174">
    <ele>112</ele>
    <time>2026-08-11T17:55:09Z</time>
    <extensions>
     <gpxdata:hr>142</gpxdata:hr>
     <gpxdata:distance>9474.50</gpxdata:distance>
     <gpxdata:speed>6.650</gpxdata:speed>
    </extensions>
   </trkpt>
   <trkpt lat="51.0203685" lon="13.8432420">
    <ele>112</ele>
    <time>2026-08-11T17:55:10Z</time>
    <extensions>
     <gpxdata:hr>140</gpxdata:hr>
     <gpxdata:distance>9480.00</gpxdata:distance>
     <gpxdata:speed>5.875</gpxdata:speed>
    </extensions>
   </trkpt>
   <trkpt lat="51.0203422" lon="13.8432597">
    <ele>112</ele>
    <time>2026-08-11T17:55:11Z</time>
    <extensions>
     <gpxdata:hr>139</gpxdata:hr>
     <gpxdata:distance>9483.00</gpxdata:distance>
     <gpxdata:speed>5.672</gpxdata:speed>
    </extensions>
   </trkpt>
   <trkpt lat="51.0203193" lon="13.8432587">
    <ele>112</ele>
    <time>2026-08-11T17:55:12Z</time>
    <extensions>
     <gpxdata:hr>138</gpxdata:hr>
     <gpxdata:distance>9486.00</gpxdata:distance>
     <gpxdata:speed>3.642</gpxdata:speed>
    </extensions>
   </trkpt>
   <trkpt lat="51.0203005" lon="13.8432371">
    <ele>112</ele>
    <time>2026-08-11T17:55:13Z</time>
    <extensions>
     <gpxdata:hr>137</gpxdata:hr>
     <gpxdata:distance>9488.50</gpxdata:distance>
     <gpxdata:speed>3.217</gpxdata:speed>
    </extensions>
   </trkpt>
   <trkpt lat="51.0202844" lon="13.8431993">
    <ele>112</ele>
    <time>2026-08-11T17:55:14Z</time>
    <extensions>
     <gpxdata:hr>136</gpxdata:hr>
     <gpxdata:distance>9491.00</gpxdata:distance>
     <gpxdata:speed>3.358</gpxdata:speed>
    </extensions>
   </trkpt>
   <trkpt lat="51.0202682" lon="13.8431505">
    <ele>112</ele>
    <time>2026-08-11T17:55:15Z</time>
    <extensions>
     <gpxdata:hr>134</gpxdata:hr>
     <gpxdata:distance>9495.50</gpxdata:distance>
     <gpxdata:speed>3.625</gpxdata:speed>
    </extensions>
   </trkpt>
   <trkpt lat="51.0202510" lon="13.8430945">
    <ele>112</ele>
    <time>2026-08-11T17:55:16Z</time>
    <extensions>
     <gpxdata:hr>133</gpxdata:hr>
     <gpxdata:distance>9500.00</gpxdata:distance>
     <gpxdata:speed>4.008</gpxdata:speed>
    </extensions>
   </trkpt>
   <trkpt lat="51.0202323" lon="13.8430335">
    <ele>112</ele>
    <time>2026-08-11T17:55:17Z</time>
    <extensions>
     <gpxdata:hr>131</gpxdata:hr>
     <gpxdata:distance>9505.00</gpxdata:distance>
     <gpxdata:speed>4.350</gpxdata:speed>
    </extensions>
   </trkpt>
   <trkpt lat="51.0202132" lon="13.8429695">
    <ele>112</ele>
    <time>2026-08-11T17:55:18Z</time>
    <extensions>
     <gpxdata:hr>131</gpxdata:hr>
     <gpxdata:distance>9510.00</gpxdata:distance>
     <gpxdata:speed>4.700</gpxdata:speed>
    </extensions>
   </trkpt>
   <trkpt lat="51.0201923" lon="13.8429045">
    <ele>112</ele>
    <time>2026-08-11T17:55:19Z</time>
    <extensions>
     <gpxdata:hr>131</gpxdata:hr>
     <gpxdata:distance>9515.00</gpxdata:distance>
     <gpxdata:speed>4.836</gpxdata:speed>
    </extensions>
   </trkpt>
   <trkpt lat="51.0201693" lon="13.8428401">
    <ele>112</ele>
    <time>2026-08-11T17:55:20Z</time>
    <extensions>
     <gpxdata:hr>130</gpxdata:hr>
     <gpxdata:distance>9520.00</gpxdata:distance>
     <gpxdata:speed>5.025</gpxdata:speed>
    </extensions>
   </trkpt>
   <trkpt lat="51.0201457" lon="13.8427761">
    <ele>112</ele>
    <time>2026-08-11T17:55:21Z</time>
    <extensions>
     <gpxdata:hr>130</gpxdata:hr>
     <gpxdata:distance>9525.00</gpxdata:distance>
     <gpxdata:speed>5.144</gpxdata:speed>
    </extensions>
   </trkpt>
   <trkpt lat="51.0201222" lon="13.8427117">
    <ele>112</ele>
    <time>2026-08-11T17:55:22Z</time>
    <extensions>
     <gpxdata:hr>131</gpxdata:hr>
     <gpxdata:distance>9530.00</gpxdata:distance>
     <gpxdata:speed>5.139</gpxdata:speed>
    </extensions>
   </trkpt>
   <trkpt lat="51.0200984" lon="13.8426478">
    <ele>112</ele>
    <time>2026-08-11T17:55:23Z</time>
    <extensions>
     <gpxdata:hr>131</gpxdata:hr>
     <gpxdata:distance>9535.50</gpxdata:distance>
     <gpxdata:speed>5.189</gpxdata:speed>
    </extensions>
   </trkpt>
   <trkpt lat="51.0200734" lon="13.8425848">
    <ele>112</ele>
    <time>2026-08-11T17:55:24Z</time>
    <extensions>
     <gpxdata:hr>131</gpxdata:hr>
     <gpxdata:distance>9541.00</gpxdata:distance>
     <gpxdata:speed>5.200</gpxdata:speed>
    </extensions>
   </trkpt>
   <trkpt lat="51.0200477" lon="13.8425227">
    <ele>113</ele>
    <time>2026-08-11T17:55:25Z</time>
    <extensions>
     <gpxdata:hr>132</gpxdata:hr>
     <gpxdata:distance>9546.00</gpxdata:distance>
     <gpxdata:speed>5.214</gpxdata:speed>
    </extensions>
   </trkpt>
   <trkpt lat="51.0200211" lon="13.8424603">
    <ele>113</ele>
    <time>2026-08-11T17:55:26Z</time>
    <extensions>
     <gpxdata:hr>131</gpxdata:hr>
     <gpxdata:distance>9551.00</gpxdata:distance>
     <gpxdata:speed>5.211</gpxdata:speed>
    </extensions>
   </trkpt>
   <trkpt lat="51.0199939" lon="13.8423957">
    <ele>113</ele>
    <time>2026-08-11T17:55:27Z</time>
    <extensions>
     <gpxdata:hr>131</gpxdata:hr>
     <gpxdata:distance>9556.50</gpxdata:distance>
     <gpxdata:speed>5.278</gpxdata:speed>
    </extensions>
   </trkpt>
   <trkpt lat="51.0199672" lon="13.8423294">
    <ele>113</ele>
    <time>2026-08-11T17:55:28Z</time>
    <extensions>
     <gpxdata:hr>131</gpxdata:hr>
     <gpxdata:distance>9562.00</gpxdata:distance>
     <gpxdata:speed>5.419</gpxdata:speed>
    </extensions>
   </trkpt>
   <trkpt lat="51.0199401" lon="13.8422638">
    <ele>113</ele>
    <time>2026-08-11T17:55:29Z</time>
    <extensions>
     <gpxdata:hr>132</gpxdata:hr>
     <gpxdata:distance>9567.50</gpxdata:distance>
     <gpxdata:speed>5.489</gpxdata:speed>
    </extensions>
   </trkpt>
   <trkpt lat="51.0199135" lon="13.8421973">
    <ele>114</ele>
    <time>2026-08-11T17:55:30Z</time>
    <extensions>
     <gpxdata:hr>132</gpxdata:hr>
     <gpxdata:distance>9573.00</gpxdata:distance>
     <gpxdata:speed>5.483</gpxdata:speed>
    </extensions>
   </trkpt>
   <trkpt lat="51.0198875" lon="13.8421308">
    <ele>114</ele>
    <time>2026-08-11T17:55:31Z</time>
    <extensions>
     <gpxdata:hr>132</gpxdata:hr>
     <gpxdata:distance>9578.50</gpxdata:distance>
     <gpxdata:speed>5.511</gpxdata:speed>
    </extensions>
   </trkpt>
   <trkpt lat="51.0198622" lon="13.8420641">
    <ele>114</ele>
    <time>2026-08-11T17:55:32Z</time>
    <extensions>
     <gpxdata:hr>132</gpxdata:hr>
     <gpxdata:distance>9584.00</gpxdata:distance>
     <gpxdata:speed>5.494</gpxdata:speed>
    </extensions>
   </trkpt>
   <trkpt lat="51.0198370" lon="13.8419978">
    <ele>114</ele>
    <time>2026-08-11T17:55:33Z</time>
    <extensions>
     <gpxdata:hr>132</gpxdata:hr>
     <gpxdata:distance>9589.50</gpxdata:distance>
     <gpxdata:speed>5.478</gpxdata:speed>
    </extensions>
   </trkpt>
   <trkpt lat="51.0198112" lon="13.8419345">
    <ele>114</ele>
    <time>2026-08-11T17:55:34Z</time>
    <extensions>
     <gpxdata:hr>132</gpxdata:hr>
     <gpxdata:distance>9595.00</gpxdata:distance>
     <gpxdata:speed>5.458</gpxdata:speed>
    </extensions>
   </trkpt>
   <trkpt lat="51.0197826" lon="13.8418804">
    <ele>114</ele>
    <time>2026-08-11T17:55:35Z</time>
    <extensions>
     <gpxdata:hr>131</gpxdata:hr>
     <gpxdata:distance>9600.00</gpxdata:distance>
     <gpxdata:speed>5.372</gpxdata:speed>
    </extensions>
   </trkpt>
   <trkpt lat="51.0197502" lon="13.8418443">
    <ele>114</ele>
    <time>2026-08-11T17:55:36Z</time>
    <extensions>
     <gpxdata:hr>132</gpxdata:hr>
     <gpxdata:distance>9605.00</gpxdata:distance>
     <gpxdata:speed>5.203</gpxdata:speed>
    </extensions>
   </trkpt>
   <trkpt lat="51.0197134" lon="13.8418316">
    <ele>115</ele>
    <time>2026-08-11T17:55:37Z</time>
    <extensions>
     <gpxdata:hr>132</gpxdata:hr>
     <gpxdata:distance>9609.00</gpxdata:distance>
     <gpxdata:speed>4.944</gpxdata:speed>
    </extensions>
   </trkpt>
   <trkpt lat="51.0196725" lon="13.8418396">
    <ele>115</ele>
    <time>2026-08-11T17:55:38Z</time>
    <extensions>
     <gpxdata:hr>132</gpxdata:hr>
     <gpxdata:distance>9613.00</gpxdata:distance>
     <gpxdata:speed>4.822</gpxdata:speed>
    </extensions>
   </trkpt>
   <trkpt lat="51.0196283" lon="13.8418597">
    <ele>115</ele>
    <time>2026-08-11T17:55:39Z</time>
    <extensions>
     <gpxdata:hr>132</gpxdata:hr>
     <gpxdata:distance>9618.50</gpxdata:distance>
     <gpxdata:speed>4.886</gpxdata:speed>
    </extensions>
   </trkpt>
   <trkpt lat="51.0195805" lon="13.8418846">
    <ele>115</ele>
    <time>2026-08-11T17:55:40Z</time>
    <extensions>
     <gpxdata:hr>131</gpxdata:hr>
     <gpxdata:distance>9624.00</gpxdata:distance>
     <gpxdata:speed>5.042</gpxdata:speed>
    </extensions>
   </trkpt>
   <trkpt lat="51.0195299" lon="13.8419091">
    <ele>115</ele>
    <time>2026-08-11T17:55:41Z</time>
    <extensions>
     <gpxdata:hr>130</gpxdata:hr>
     <gpxdata:distance>9630.00</gpxdata:distance>
     <gpxdata:speed>5.275</gpxdata:speed>
    </extensions>
   </trkpt>
   <trkpt lat="51.0194771" lon="13.8419316">
    <ele>116</ele>
    <time>2026-08-11T17:55:42Z</time>
    <extensions>
     <gpxdata:hr>130</gpxdata:hr>
     <gpxdata:distance>9636.00</gpxdata:distance>
     <gpxdata:speed>5.503</gpxdata:speed>
    </extensions>
   </trkpt>
   <trkpt lat="51.0194228" lon="13.8419547">
    <ele>116</ele>
    <time>2026-08-11T17:55:43Z</time>
    <extensions>
     <gpxdata:hr>129</gpxdata:hr>
     <gpxdata:distance>9642.00</gpxdata:distance>
     <gpxdata:speed>5.717</gpxdata:speed>
    </extensions>
   </trkpt>
   <trkpt lat="51.0193492" lon="13.8419896">
    <ele>116</ele>
    <time>2026-08-11T17:55:44Z</time>
    <extensions>
     <gpxdata:hr>129</gpxdata:hr>
     <gpxdata:distance>9648.00</gpxdata:distance>
     <gpxdata:speed>6.172</gpxdata:speed>
    </extensions>
   </trkpt>
   <trkpt lat="51.0192920" lon="13.8420212">
    <ele>116</ele>
    <time>2026-08-11T17:55:45Z</time>
    <extensions>
     <gpxdata:hr>130</gpxdata:hr>
     <gpxdata:distance>9654.50</gpxdata:distance>
     <gpxdata:speed>6.383</gpxdata:speed>
    </extensions>
   </trkpt>
   <trkpt lat="51.0192370" lon="13.8420574">
    <ele>116</ele>
    <time>2026-08-11T17:55:46Z</time>
    <extensions>
     <gpxdata:hr>131</gpxdata:hr>
     <gpxdata:distance>9661.00</gpxdata:distance>
     <gpxdata:speed>6.425</gpxdata:speed>
    </extensions>
   </trkpt>
   <trkpt lat="51.0191827" lon="13.8420990">
    <ele>116</ele>
    <time>2026-08-11T17:55:47Z</time>
    <extensions>
     <gpxdata:hr>130</gpxdata:hr>
     <gpxdata:distance>9668.00</gpxdata:distance>
     <gpxdata:speed>6.553</gpxdata:speed>
    </extensions>
   </trkpt>
   <trkpt lat="51.0191290" lon="13.8421446">
    <ele>116</ele>
    <time>2026-08-11T17:55:48Z</time>
    <extensions>
     <gpxdata:hr>131</gpxdata:hr>
     <gpxdata:distance>9675.00</gpxdata:distance>
     <gpxdata:speed>6.675</gpxdata:speed>
    </extensions>
   </trkpt>
   <trkpt lat="51.0190758" lon="13.8421930">
    <ele>116</ele>
    <time>2026-08-11T17:55:49Z</time>
    <extensions>
     <gpxdata:hr>131</gpxdata:hr>
     <gpxdata:distance>9681.50</gpxdata:distance>
     <gpxdata:speed>6.728</gpxdata:speed>
    </extensions>
   </trkpt>
   <trkpt lat="51.0190237" lon="13.8422426">
    <ele>116</ele>
    <time>2026-08-11T17:55:50Z</time>
    <extensions>
     <gpxdata:hr>131</gpxdata:hr>
     <gpxdata:distance>9688.00</gpxdata:distance>
     <gpxdata:speed>6.789</gpxdata:speed>
    </extensions>
   </trkpt>
   <trkpt lat="51.0189720" lon="13.8422931">
    <ele>116</ele>
    <time>2026-08-11T17:55:51Z</time>
    <extensions>
     <gpxdata:hr>130</gpxdata:hr>
     <gpxdata:distance>9695.00</gpxdata:distance>
     <gpxdata:speed>6.778</gpxdata:speed>
    </extensions>
   </trkpt>
   <trkpt lat="51.0189197" lon="13.8423460">
    <ele>116</ele>
    <time>2026-08-11T17:55:52Z</time>
    <extensions>
     <gpxdata:hr>129</gpxdata:hr>
     <gpxdata:distance>9702.00</gpxdata:distance>
     <gpxdata:speed>6.756</gpxdata:speed>
    </extensions>
   </trkpt>
   <trkpt lat="51.0188666" lon="13.8424000">
    <ele>116</ele>
    <time>2026-08-11T17:55:53Z</time>
    <extensions>
     <gpxdata:hr>130</gpxdata:hr>
     <gpxdata:distance>9709.00</gpxdata:distance>
     <gpxdata:speed>6.850</gpxdata:speed>
    </extensions>
   </trkpt>
   <trkpt lat="51.0188129" lon="13.8424538">
    <ele>116</ele>
    <time>2026-08-11T17:55:54Z</time>
    <extensions>
     <gpxdata:hr>129</gpxdata:hr>
     <gpxdata:distance>9716.00</gpxdata:distance>
     <gpxdata:speed>6.933</gpxdata:speed>
    </extensions>
   </trkpt>
   <trkpt lat="51.0187581" lon="13.8425073">
    <ele>116</ele>
    <time>2026-08-11T17:55:55Z</time>
    <extensions>
     <gpxdata:hr>129</gpxdata:hr>
     <gpxdata:distance>9723.00</gpxdata:distance>
     <gpxdata:speed>6.986</gpxdata:speed>
    </extensions>
   </trkpt>
   <trkpt lat="51.0187009" lon="13.8425617">
    <ele>115</ele>
    <time>2026-08-11T17:55:56Z</time>
    <extensions>
     <gpxdata:hr>129</gpxdata:hr>
     <gpxdata:distance>9730.00</gpxdata:distance>
     <gpxdata:speed>7.056</gpxdata:speed>
    </extensions>
   </trkpt>
   <trkpt lat="51.0186396" lon="13.8426203">
    <ele>115</ele>
    <time>2026-08-11T17:55:57Z</time>
    <extensions>
     <gpxdata:hr>129</gpxdata:hr>
     <gpxdata:distance>9738.00</gpxdata:distance>
     <gpxdata:speed>7.375</gpxdata:speed>
    </extensions>
   </trkpt>
   <trkpt lat="51.0185752" lon="13.8426867">
    <ele>115</ele>
    <time>2026-08-11T17:55:58Z</time>
    <extensions>
     <gpxdata:hr>128</gpxdata:hr>
     <gpxdata:distance>9746.00</gpxdata:distance>
     <gpxdata:speed>7.883</gpxdata:speed>
    </extensions>
   </trkpt>
   <trkpt lat="51.0185076" lon="13.8427601">
    <ele>116</ele>
    <time>2026-08-11T17:55:59Z</time>
    <extensions>
     <gpxdata:hr>128</gpxdata:hr>
     <gpxdata:distance>9755.50</gpxdata:distance>
     <gpxdata:speed>8.428</gpxdata:speed>
    </extensions>
   </trkpt>
   <trkpt lat="51.0184366" lon="13.8428367">
    <ele>116</ele>
    <time>2026-08-11T17:56:00Z</time>
    <extensions>
     <gpxdata:hr>129</gpxdata:hr>
     <gpxdata:distance>9765.00</gpxdata:distance>
     <gpxdata:speed>8.944</gpxdata:speed>
    </extensions>
   </trkpt>
   <trkpt lat="51.0183636" lon="13.8429141">
    <ele>116</ele>
    <time>2026-08-11T17:56:01Z</time>
    <extensions>
     <gpxdata:hr>130</gpxdata:hr>
     <gpxdata:distance>9774.50</gpxdata:distance>
     <gpxdata:speed>9.344</gpxdata:speed>
    </extensions>
   </trkpt>
   <trkpt lat="51.0182906" lon="13.8429936">
    <ele>116</ele>
    <time>2026-08-11T17:56:02Z</time>
    <extensions>
     <gpxdata:hr>132</gpxdata:hr>
     <gpxdata:distance>9784.00</gpxdata:distance>
     <gpxdata:speed>9.564</gpxdata:speed>
    </extensions>
   </trkpt>
   <trkpt lat="51.0182183" lon="13.8430754">
    <ele>116</ele>
    <time>2026-08-11T17:56:03Z</time>
    <extensions>
     <gpxdata:hr>132</gpxdata:hr>
     <gpxdata:distance>9794.00</gpxdata:distance>
     <gpxdata:speed>9.681</gpxdata:speed>
    </extensions>
   </trkpt>
   <trkpt lat="51.0181476" lon="13.8431593">
    <ele>116</ele>
    <time>2026-08-11T17:56:04Z</time>
    <extensions>
     <gpxdata:hr>136</gpxdata:hr>
     <gpxdata:distance>9804.00</gpxdata:distance>
     <gpxdata:speed>9.778</gpxdata:speed>
    </extensions>
   </trkpt>
   <trkpt lat="51.0180780" lon="13.8432445">
    <ele>117</ele>
    <time>2026-08-11T17:56:05Z</time>
    <extensions>
     <gpxdata:hr>138</gpxdata:hr>
     <gpxdata:distance>9813.50</gpxdata:distance>
     <gpxdata:speed>9.761</gpxdata:speed>
    </extensions>
   </trkpt>
   <trkpt lat="51.0180094" lon="13.8433309">
    <ele>117</ele>
    <time>2026-08-11T17:56:06Z</time>
    <extensions>
     <gpxdata:hr>140</gpxdata:hr>
     <gpxdata:distance>9823.00</gpxdata:distance>
     <gpxdata:speed>9.756</gpxdata:speed>
    </extensions>
   </trkpt>
   <trkpt lat="51.0179414" lon="13.8434194">
    <ele>117</ele>
    <time>2026-08-11T17:56:07Z</time>
    <extensions>
     <gpxdata:hr>141</gpxdata:hr>
     <gpxdata:distance>9833.00</gpxdata:distance>
     <gpxdata:speed>9.744</gpxdata:speed>
    </extensions>
   </trkpt>
   <trkpt lat="51.0178745" lon="13.8435111">
    <ele>117</ele>
    <time>2026-08-11T17:56:08Z</time>
    <extensions>
     <gpxdata:hr>142</gpxdata:hr>
     <gpxdata:distance>9843.00</gpxdata:distance>
     <gpxdata:speed>9.794</gpxdata:speed>
    </extensions>
   </trkpt>
   <trkpt lat="51.0178117" lon="13.8436067">
    <ele>117</ele>
    <time>2026-08-11T17:56:09Z</time>
    <extensions>
     <gpxdata:hr>142</gpxdata:hr>
     <gpxdata:distance>9852.50</gpxdata:distance>
     <gpxdata:speed>9.833</gpxdata:speed>
    </extensions>
   </trkpt>
   <trkpt lat="51.0177550" lon="13.8437106">
    <ele>116</ele>
    <time>2026-08-11T17:56:10Z</time>
    <extensions>
     <gpxdata:hr>141</gpxdata:hr>
     <gpxdata:distance>9862.00</gpxdata:distance>
     <gpxdata:speed>9.675</gpxdata:speed>
    </extensions>
   </trkpt>
   <trkpt lat="51.0177045" lon="13.8438249">
    <ele>116</ele>
    <time>2026-08-11T17:56:11Z</time>
    <extensions>
     <gpxdata:hr>141</gpxdata:hr>
     <gpxdata:distance>9872.00</gpxdata:distance>
     <gpxdata:speed>9.678</gpxdata:speed>
    </extensions>
   </trkpt>
   <trkpt lat="51.0176607" lon="13.8439483">
    <ele>116</ele>
    <time>2026-08-11T17:56:12Z</time>
    <extensions>
     <gpxdata:hr>141</gpxdata:hr>
     <gpxdata:distance>9882.00</gpxdata:distance>
     <gpxdata:speed>9.753</gpxdata:speed>
    </extensions>
   </trkpt>
   <trkpt lat="51.0176250" lon="13.8440783">
    <ele>116</ele>
    <time>2026-08-11T17:56:13Z</time>
    <extensions>
     <gpxdata:hr>140</gpxdata:hr>
     <gpxdata:distance>9892.00</gpxdata:distance>
     <gpxdata:speed>9.825</gpxdata:speed>
    </extensions>
   </trkpt>
   <trkpt lat="51.0175969" lon="13.8442145">
    <ele>116</ele>
    <time>2026-08-11T17:56:14Z</time>
    <extensions>
     <gpxdata:hr>141</gpxdata:hr>
     <gpxdata:distance>9902.00</gpxdata:distance>
     <gpxdata:speed>9.861</gpxdata:speed>
    </extensions>
   </trkpt>
   <trkpt lat="51.0175749" lon="13.8443558">
    <ele>116</ele>
    <time>2026-08-11T17:56:15Z</time>
    <extensions>
     <gpxdata:hr>141</gpxdata:hr>
     <gpxdata:distance>9912.00</gpxdata:distance>
     <gpxdata:speed>9.925</gpxdata:speed>
    </extensions>
   </trkpt>
   <trkpt lat="51.0175572" lon="13.8445003">
    <ele>116</ele>
    <time>2026-08-11T17:56:16Z</time>
    <extensions>
     <gpxdata:hr>141</gpxdata:hr>
     <gpxdata:distance>9922.00</gpxdata:distance>
     <gpxdata:speed>10.019</gpxdata:speed>
    </extensions>
   </trkpt>
   <trkpt lat="51.0175434" lon="13.8446473">
    <ele>116</ele>
    <time>2026-08-11T17:56:17Z</time>
    <extensions>
     <gpxdata:hr>142</gpxdata:hr>
     <gpxdata:distance>9932.50</gpxdata:distance>
     <gpxdata:speed>10.114</gpxdata:speed>
    </extensions>
   </trkpt>
   <trkpt lat="51.0175333" lon="13.8447959">
    <ele>116</ele>
    <time>2026-08-11T17:56:18Z</time>
    <extensions>
     <gpxdata:hr>143</gpxdata:hr>
     <gpxdata:distance>9943.00</gpxdata:distance>
     <gpxdata:speed>10.211</gpxdata:speed>
    </extensions>
   </trkpt>
   <trkpt lat="51.0175269" lon="13.8449470">
    <ele>116</ele>
    <time>2026-08-11T17:56:19Z</time>
    <extensions>
     <gpxdata:hr>143</gpxdata:hr>
     <gpxdata:distance>9953.50</gpxdata:distance>
     <gpxdata:speed>10.294</gpxdata:speed>
    </extensions>
   </trkpt>
   <trkpt lat="51.0175245" lon="13.8450999">
    <ele>116</ele>
    <time>2026-08-11T17:56:20Z</time>
    <extensions>
     <gpxdata:hr>144</gpxdata:hr>
     <gpxdata:distance>9964.00</gpxdata:distance>
     <gpxdata:speed>10.539</gpxdata:speed>
    </extensions>
   </trkpt>
   <trkpt lat="51.0175247" lon="13.8452510">
    <ele>116</ele>
    <time>2026-08-11T17:56:21Z</time>
    <extensions>
     <gpxdata:hr>144</gpxdata:hr>
     <gpxdata:distance>9975.00</gpxdata:distance>
     <gpxdata:speed>10.633</gpxdata:speed>
    </extensions>
   </trkpt>
   <trkpt lat="51.0175265" lon="13.8454008">
    <ele>116</ele>
    <time>2026-08-11T17:56:22Z</time>
    <extensions>
     <gpxdata:hr>144</gpxdata:hr>
     <gpxdata:distance>9986.00</gpxdata:distance>
     <gpxdata:speed>10.575</gpxdata:speed>
    </extensions>
   </trkpt>
   <trkpt lat="51.0175291" lon="13.8455504">
    <ele>116</ele>
    <time>2026-08-11T17:56:23Z</time>
    <extensions>
     <gpxdata:hr>144</gpxdata:hr>
     <gpxdata:distance>9996.50</gpxdata:distance>
     <gpxdata:speed>10.531</gpxdata:speed>
    </extensions>
   </trkpt>
   <trkpt lat="51.0175329" lon="13.8457002">
    <ele>116</ele>
    <time>2026-08-11T17:56:24Z</time>
    <extensions>
     <gpxdata:hr>144</gpxdata:hr>
     <gpxdata:distance>10007.00</gpxdata:distance>
     <gpxdata:speed>10.519</gpxdata:speed>
    </extensions>
   </trkpt>
   <trkpt lat="51.0175378" lon="13.8458501">
    <ele>116</ele>
    <time>2026-08-11T17:56:25Z</time>
    <extensions>
     <gpxdata:hr>144</gpxdata:hr>
     <gpxdata:distance>10017.50</gpxdata:distance>
     <gpxdata:speed>10.519</gpxdata:speed>
    </extensions>
   </trkpt>
   <trkpt lat="51.0175393" lon="13.8459991">
    <ele>116</ele>
    <time>2026-08-11T17:56:26Z</time>
    <extensions>
     <gpxdata:hr>144</gpxdata:hr>
     <gpxdata:distance>10028.00</gpxdata:distance>
     <gpxdata:speed>10.522</gpxdata:speed>
    </extensions>
   </trkpt>
   <trkpt lat="51.0175328" lon="13.8461431">
    <ele>116</ele>
    <time>2026-08-11T17:56:27Z</time>
    <extensions>
     <gpxdata:hr>144</gpxdata:hr>
     <gpxdata:distance>10038.00</gpxdata:distance>
     <gpxdata:speed>10.492</gpxdata:speed>
    </extensions>
   </trkpt>
   <trkpt lat="51.0175064" lon="13.8462793">
    <ele>116</ele>
    <time>2026-08-11T17:56:28Z</time>
    <extensions>
     <gpxdata:hr>144</gpxdata:hr>
     <gpxdata:distance>10048.00</gpxdata:distance>
     <gpxdata:speed>10.347</gpxdata:speed>
    </extensions>
   </trkpt>
   <trkpt lat="51.0174615" lon="13.8464103">
    <ele>116</ele>
    <time>2026-08-11T17:56:29Z</time>
    <extensions>
     <gpxdata:hr>144</gpxdata:hr>
     <gpxdata:distance>10058.50</gpxdata:distance>
     <gpxdata:speed>10.311</gpxdata:speed>
    </extensions>
   </trkpt>
   <trkpt lat="51.0174024" lon="13.8465394">
    <ele>116</ele>
    <time>2026-08-11T17:56:30Z</time>
    <extensions>
     <gpxdata:hr>144</gpxdata:hr>
     <gpxdata:distance>10069.00</gpxdata:distance>
     <gpxdata:speed>10.442</gpxdata:speed>
    </extensions>
   </trkpt>
   <trkpt lat="51.0173346" lon="13.8466693">
    <ele>115</ele>
    <time>2026-08-11T17:56:31Z</time>
    <extensions>
     <gpxdata:hr>144</gpxdata:hr>
     <gpxdata:distance>10081.00</gpxdata:distance>
     <gpxdata:speed>11.083</gpxdata:speed>
    </extensions>
   </trkpt>
   <trkpt lat="51.0172627" lon="13.8468012">
    <ele>115</ele>
    <time>2026-08-11T17:56:32Z</time>
    <extensions>
     <gpxdata:hr>144</gpxdata:hr>
     <gpxdata:distance>10093.00</gpxdata:distance>
     <gpxdata:speed>11.581</gpxdata:speed>
    </extensions>
   </trkpt>
   <trkpt lat="51.0171873" lon="13.8469336">
    <ele>114</ele>
    <time>2026-08-11T17:56:33Z</time>
    <extensions>
     <gpxdata:hr>144</gpxdata:hr>
     <gpxdata:distance>10105.50</gpxdata:distance>
     <gpxdata:speed>11.964</gpxdata:speed>
    </extensions>
   </trkpt>
   <trkpt lat="51.0171082" lon="13.8470642">
    <ele>114</ele>
    <time>2026-08-11T17:56:34Z</time>
    <extensions>
     <gpxdata:hr>144</gpxdata:hr>
     <gpxdata:distance>10118.00</gpxdata:distance>
     <gpxdata:speed>12.258</gpxdata:speed>
    </extensions>
   </trkpt>
   <trkpt lat="51.0170252" lon="13.8471913">
    <ele>113</ele>
    <time>2026-08-11T17:56:35Z</time>
    <extensions>
     <gpxdata:hr>143</gpxdata:hr>
     <gpxdata:distance>10130.50</gpxdata:distance>
     <gpxdata:speed>12.503</gpxdata:speed>
    </extensions>
   </trkpt>
   <trkpt lat="51.0169385" lon="13.8473131">
    <ele>113</ele>
    <time>2026-08-11T17:56:36Z</time>
    <extensions>
     <gpxdata:hr>143</gpxdata:hr>
     <gpxdata:distance>10143.00</gpxdata:distance>
     <gpxdata:speed>12.678</gpxdata:speed>
    </extensions>
   </trkpt>
   <trkpt lat="51.0168507" lon="13.8474297">
    <ele>113</ele>
    <time>2026-08-11T17:56:37Z</time>
    <extensions>
     <gpxdata:hr>143</gpxdata:hr>
     <gpxdata:distance>10156.00</gpxdata:distance>
     <gpxdata:speed>12.772</gpxdata:speed>
    </extensions>
   </trkpt>
   <trkpt lat="51.0167639" lon="13.8475436">
    <ele>113</ele>
    <time>2026-08-11T17:56:38Z</time>
    <extensions>
     <gpxdata:hr>144</gpxdata:hr>
     <gpxdata:distance>10169.00</gpxdata:distance>
     <gpxdata:speed>12.669</gpxdata:speed>
    </extensions>
   </trkpt>
   <trkpt lat="51.0166784" lon="13.8476568">
    <ele>112</ele>
    <time>2026-08-11T17:56:39Z</time>
    <extensions>
     <gpxdata:hr>144</gpxdata:hr>
     <gpxdata:distance>10181.00</gpxdata:distance>
     <gpxdata:speed>12.522</gpxdata:speed>
    </extensions>
   </trkpt>
   <trkpt lat="51.0165954" lon="13.8477698">
    <ele>112</ele>
    <time>2026-08-11T17:56:40Z</time>
    <extensions>
     <gpxdata:hr>145</gpxdata:hr>
     <gpxdata:distance>10193.00</gpxdata:distance>
     <gpxdata:speed>12.419</gpxdata:speed>
    </extensions>
   </trkpt>
   <trkpt lat="51.0165149" lon="13.8478818">
    <ele>112</ele>
    <time>2026-08-11T17:56:41Z</time>
    <extensions>
     <gpxdata:hr>146</gpxdata:hr>
     <gpxdata:distance>10205.00</gpxdata:distance>
     <gpxdata:speed>12.306</gpxdata:speed>
    </extensions>
   </trkpt>
   <trkpt lat="51.0164371" lon="13.8479927">
    <ele>112</ele>
    <time>2026-08-11T17:56:42Z</time>
    <extensions>
     <gpxdata:hr>147</gpxdata:hr>
     <gpxdata:distance>10217.00</gpxdata:distance>
     <gpxdata:speed>12.147</gpxdata:speed>
    </extensions>
   </trkpt>
   <trkpt lat="51.0163615" lon="13.8481010">
    <ele>112</ele>
    <time>2026-08-11T17:56:43Z</time>
    <extensions>
     <gpxdata:hr>148</gpxdata:hr>
     <gpxdata:distance>10228.50</gpxdata:distance>
     <gpxdata:speed>11.961</gpxdata:speed>
    </extensions>
   </trkpt>
   <trkpt lat="51.0162874" lon="13.8482045">
    <ele>112</ele>
    <time>2026-08-11T17:56:44Z</time>
    <extensions>
     <gpxdata:hr>148</gpxdata:hr>
     <gpxdata:distance>10240.00</gpxdata:distance>
     <gpxdata:speed>11.469</gpxdata:speed>
    </extensions>
   </trkpt>
   <trkpt lat="51.0162125" lon="13.8482998">
    <ele>112</ele>
    <time>2026-08-11T17:56:45Z</time>
    <extensions>
     <gpxdata:hr>149</gpxdata:hr>
     <gpxdata:distance>10250.50</gpxdata:distance>
     <gpxdata:speed>11.111</gpxdata:speed>
    </extensions>
   </trkpt>
   <trkpt lat="51.0161343" lon="13.8483824">
    <ele>112</ele>
    <time>2026-08-11T17:56:46Z</time>
    <extensions>
     <gpxdata:hr>149</gpxdata:hr>
     <gpxdata:distance>10261.00</gpxdata:distance>
     <gpxdata:speed>10.817</gpxdata:speed>
    </extensions>
   </trkpt>
   <trkpt lat="51.0160548" lon="13.8484558">
    <ele>112</ele>
    <time>2026-08-11T17:56:47Z</time>
    <extensions>
     <gpxdata:hr>149</gpxdata:hr>
     <gpxdata:distance>10271.00</gpxdata:distance>
     <gpxdata:speed>10.614</gpxdata:speed>
    </extensions>
   </trkpt>
   <trkpt lat="51.0159764" lon="13.8485323">
    <ele>112</ele>
    <time>2026-08-11T17:56:48Z</time>
    <extensions>
     <gpxdata:hr>150</gpxdata:hr>
     <gpxdata:distance>10281.00</gpxdata:distance>
     <gpxdata:speed>10.356</gpxdata:speed>
    </extensions>
   </trkpt>
   <trkpt lat="51.0159027" lon="13.8486217">
    <ele>113</ele>
    <time>2026-08-11T17:56:49Z</time>
    <extensions>
     <gpxdata:hr>151</gpxdata:hr>
     <gpxdata:distance>10291.50</gpxdata:distance>
     <gpxdata:speed>10.364</gpxdata:speed>
    </extensions>
   </trkpt>
   <trkpt lat="51.0158350" lon="13.8487260">
    <ele>113</ele>
    <time>2026-08-11T17:56:50Z</time>
    <extensions>
     <gpxdata:hr>151</gpxdata:hr>
     <gpxdata:distance>10302.00</gpxdata:distance>
     <gpxdata:speed>10.425</gpxdata:speed>
    </extensions>
   </trkpt>
   <trkpt lat="51.0157701" lon="13.8488396">
    <ele>113</ele>
    <time>2026-08-11T17:56:51Z</time>
    <extensions>
     <gpxdata:hr>151</gpxdata:hr>
     <gpxdata:distance>10313.00</gpxdata:distance>
     <gpxdata:speed>10.483</gpxdata:speed>
    </extensions>
   </trkpt>
   <trkpt lat="51.0157053" lon="13.8489557">
    <ele>113</ele>
    <time>2026-08-11T17:56:52Z</time>
    <extensions>
     <gpxdata:hr>151</gpxdata:hr>
     <gpxdata:distance>10324.00</gpxdata:distance>
     <gpxdata:speed>10.578</gpxdata:speed>
    </extensions>
   </trkpt>
   <trkpt lat="51.0156394" lon="13.8490717">
    <ele>113</ele>
    <time>2026-08-11T17:56:53Z</time>
    <extensions>
     <gpxdata:hr>153</gpxdata:hr>
     <gpxdata:distance>10335.00</gpxdata:distance>
     <gpxdata:speed>10.667</gpxdata:speed>
    </extensions>
   </trkpt>
   <trkpt lat="51.0155719" lon="13.8491875">
    <ele>113</ele>
    <time>2026-08-11T17:56:54Z</time>
    <extensions>
     <gpxdata:hr>154</gpxdata:hr>
     <gpxdata:distance>10346.00</gpxdata:distance>
     <gpxdata:speed>10.750</gpxdata:speed>
    </extensions>
   </trkpt>
   <trkpt lat="51.0155034" lon="13.8493048">
    <ele>113</ele>
    <time>2026-08-11T17:56:55Z</time>
    <extensions>
     <gpxdata:hr>154</gpxdata:hr>
     <gpxdata:distance>10357.00</gpxdata:distance>
     <gpxdata:speed>10.856</gpxdata:speed>
    </extensions>
   </trkpt>
   <trkpt lat="51.0154345" lon="13.8494233">
    <ele>112</ele>
    <time>2026-08-11T17:56:56Z</time>
    <extensions>
     <gpxdata:hr>155</gpxdata:hr>
     <gpxdata:distance>10368.00</gpxdata:distance>
     <gpxdata:speed>10.989</gpxdata:speed>
    </extensions>
   </trkpt>
   <trkpt lat="51.0153653" lon="13.8495428">
    <ele>112</ele>
    <time>2026-08-11T17:56:57Z</time>
    <extensions>
     <gpxdata:hr>156</gpxdata:hr>
     <gpxdata:distance>10379.50</gpxdata:distance>
     <gpxdata:speed>11.219</gpxdata:speed>
    </extensions>
   </trkpt>
   <trkpt lat="51.0152963" lon="13.8496618">
    <ele>112</ele>
    <time>2026-08-11T17:56:58Z</time>
    <extensions>
     <gpxdata:hr>156</gpxdata:hr>
     <gpxdata:distance>10391.00</gpxdata:distance>
     <gpxdata:speed>11.294</gpxdata:speed>
    </extensions>
   </trkpt>
   <trkpt lat="51.0152278" lon="13.8497792">
    <ele>112</ele>
    <time>2026-08-11T17:56:59Z</time>
    <extensions>
     <gpxdata:hr>156</gpxdata:hr>
     <gpxdata:distance>10402.00</gpxdata:distance>
     <gpxdata:speed>11.306</gpxdata:speed>
    </extensions>
   </trkpt>
   <trkpt lat="51.0151598" lon="13.8498946">
    <ele>112</ele>
    <time>2026-08-11T17:57:00Z</time>
    <extensions>
     <gpxdata:hr>157</gpxdata:hr>
     <gpxdata:distance>10413.00</gpxdata:distance>
     <gpxdata:speed>11.242</gpxdata:speed>
    </extensions>
   </trkpt>
   <trkpt lat="51.0150916" lon="13.8500075">
    <ele>112</ele>
    <time>2026-08-11T17:57:01Z</time>
    <extensions>
     <gpxdata:hr>157</gpxdata:hr>
     <gpxdata:distance>10424.00</gpxdata:distance>
     <gpxdata:speed>11.139</gpxdata:speed>
    </extensions>
   </trkpt>
   <trkpt lat="51.0150232" lon="13.8501184">
    <ele>112</ele>
    <time>2026-08-11T17:57:02Z</time>
    <extensions>
     <gpxdata:hr>156</gpxdata:hr>
     <gpxdata:distance>10435.00</gpxdata:distance>
     <gpxdata:speed>11.067</gpxdata:speed>
    </extensions>
   </trkpt>
   <trkpt lat="51.0149544" lon="13.8502277">
    <ele>112</ele>
    <time>2026-08-11T17:57:03Z</time>
    <extensions>
     <gpxdata:hr>156</gpxdata:hr>
     <gpxdata:distance>10446.00</gpxdata:distance>
     <gpxdata:speed>11.003</gpxdata:speed>
    </extensions>
   </trkpt>
   <trkpt lat="51.0148854" lon="13.8503363">
    <ele>112</ele>
    <time>2026-08-11T17:57:04Z</time>
    <extensions>
     <gpxdata:hr>156</gpxdata:hr>
     <gpxdata:distance>10457.00</gpxdata:distance>
     <gpxdata:speed>10.944</gpxdata:speed>
    </extensions>
   </trkpt>
   <trkpt lat="51.0148160" lon="13.8504447">
    <ele>112</ele>
    <time>2026-08-11T17:57:05Z</time>
    <extensions>
     <gpxdata:hr>156</gpxdata:hr>
     <gpxdata:distance>10467.50</gpxdata:distance>
     <gpxdata:speed>10.900</gpxdata:speed>
    </extensions>
   </trkpt>
   <trkpt lat="51.0147468" lon="13.8505539">
    <ele>112</ele>
    <time>2026-08-11T17:57:06Z</time>
    <extensions>
     <gpxdata:hr>156</gpxdata:hr>
     <gpxdata:distance>10478.00</gpxdata:distance>
     <gpxdata:speed>10.881</gpxdata:speed>
    </extensions>
   </trkpt>
   <trkpt lat="51.0146775" lon="13.8506637">
    <ele>113</ele>
    <time>2026-08-11T17:57:07Z</time>
    <extensions>
     <gpxdata:hr>156</gpxdata:hr>
     <gpxdata:distance>10489.00</gpxdata:distance>
     <gpxdata:speed>10.872</gpxdata:speed>
    </extensions>
   </trkpt>
   <trkpt lat="51.0146074" lon="13.8507731">
    <ele>113</ele>
    <time>2026-08-11T17:57:08Z</time>
    <extensions>
     <gpxdata:hr>157</gpxdata:hr>
     <gpxdata:distance>10500.00</gpxdata:distance>
     <gpxdata:speed>10.875</gpxdata:speed>
    </extensions>
   </trkpt>
   <trkpt lat="51.0145369" lon="13.8508812">
    <ele>113</ele>
    <time>2026-08-11T17:57:09Z</time>
    <extensions>
     <gpxdata:hr>158</gpxdata:hr>
     <gpxdata:distance>10511.00</gpxdata:distance>
     <gpxdata:speed>10.897</gpxdata:speed>
    </extensions>
   </trkpt>
   <trkpt lat="51.0144659" lon="13.8509873">
    <ele>113</ele>
    <time>2026-08-11T17:57:10Z</time>
    <extensions>
     <gpxdata:hr>158</gpxdata:hr>
     <gpxdata:distance>10522.00</gpxdata:distance>
     <gpxdata:speed>10.889</gpxdata:speed>
    </extensions>
   </trkpt>
   <trkpt lat="51.0143941" lon="13.8510920">
    <ele>113</ele>
    <time>2026-08-11T17:57:11Z</time>
    <extensions>
     <gpxdata:hr>158</gpxdata:hr>
     <gpxdata:distance>10533.00</gpxdata:distance>
     <gpxdata:speed>10.872</gpxdata:speed>
    </extensions>
   </trkpt>
   <trkpt lat="51.0143218" lon="13.8511966">
    <ele>113</ele>
    <time>2026-08-11T17:57:12Z</time>
    <extensions>
     <gpxdata:hr>158</gpxdata:hr>
     <gpxdata:distance>10544.00</gpxdata:distance>
     <gpxdata:speed>10.867</gpxdata:speed>
    </extensions>
   </trkpt>
   <trkpt lat="51.0142498" lon="13.8513011">
    <ele>113</ele>
    <time>2026-08-11T17:57:13Z</time>
    <extensions>
     <gpxdata:hr>157</gpxdata:hr>
     <gpxdata:distance>10554.50</gpxdata:distance>
     <gpxdata:speed>10.878</gpxdata:speed>
    </extensions>
   </trkpt>
   <trkpt lat="51.0141773" lon="13.8514040">
    <ele>113</ele>
    <time>2026-08-11T17:57:14Z</time>
    <extensions>
     <gpxdata:hr>157</gpxdata:hr>
     <gpxdata:distance>10565.00</gpxdata:distance>
     <gpxdata:speed>10.869</gpxdata:speed>
    </extensions>
   </trkpt>
   <trkpt lat="51.0141037" lon="13.8515050">
    <ele>113</ele>
    <time>2026-08-11T17:57:15Z</time>
    <extensions>
     <gpxdata:hr>158</gpxdata:hr>
     <gpxdata:distance>10576.00</gpxdata:distance>
     <gpxdata:speed>10.850</gpxdata:speed>
    </extensions>
   </trkpt>
   <trkpt lat="51.0140290" lon="13.8516047">
    <ele>113</ele>
    <time>2026-08-11T17:57:16Z</time>
    <extensions>
     <gpxdata:hr>158</gpxdata:hr>
     <gpxdata:distance>10587.00</gpxdata:distance>
     <gpxdata:speed>10.844</gpxdata:speed>
    </extensions>
   </trkpt>
   <trkpt lat="51.0139531" lon="13.8517024">
    <ele>113</ele>
    <time>2026-08-11T17:57:17Z</time>
    <extensions>
     <gpxdata:hr>158</gpxdata:hr>
     <gpxdata:distance>10598.00</gpxdata:distance>
     <gpxdata:speed>10.850</gpxdata:speed>
    </extensions>
   </trkpt>
   <trkpt lat="51.0138771" lon="13.8517993">
    <ele>113</ele>
    <time>2026-08-11T17:57:18Z</time>
    <extensions>
     <gpxdata:hr>158</gpxdata:hr>
     <gpxdata:distance>10609.00</gpxdata:distance>
     <gpxdata:speed>10.858</gpxdata:speed>
    </extensions>
   </trkpt>
   <trkpt lat="51.0138015" lon="13.8518957">
    <ele>113</ele>
    <time>2026-08-11T17:57:19Z</time>
    <extensions>
     <gpxdata:hr>158</gpxdata:hr>
     <gpxdata:distance>10619.50</gpxdata:distance>
     <gpxdata:speed>10.847</gpxdata:speed>
    </extensions>
   </trkpt>
   <trkpt lat="51.0137271" lon="13.8519917">
    <ele>113</ele>
    <time>2026-08-11T17:57:20Z</time>
    <extensions>
     <gpxdata:hr>158</gpxdata:hr>
     <gpxdata:distance>10630.00</gpxdata:distance>
     <gpxdata:speed>10.825</gpxdata:speed>
    </extensions>
   </trkpt>
   <trkpt lat="51.0136545" lon="13.8520886">
    <ele>114</ele>
    <time>2026-08-11T17:57:21Z</time>
    <extensions>
     <gpxdata:hr>157</gpxdata:hr>
     <gpxdata:distance>10640.50</gpxdata:distance>
     <gpxdata:speed>10.761</gpxdata:speed>
    </extensions>
   </trkpt>
   <trkpt lat="51.0135846" lon="13.8521896">
    <ele>114</ele>
    <time>2026-08-11T17:57:22Z</time>
    <extensions>
     <gpxdata:hr>158</gpxdata:hr>
     <gpxdata:distance>10651.00</gpxdata:distance>
     <gpxdata:speed>10.683</gpxdata:speed>
    </extensions>
   </trkpt>
   <trkpt lat="51.0135158" lon="13.8522926">
    <ele>114</ele>
    <time>2026-08-11T17:57:23Z</time>
    <extensions>
     <gpxdata:hr>158</gpxdata:hr>
     <gpxdata:distance>10661.50</gpxdata:distance>
     <gpxdata:speed>10.631</gpxdata:speed>
    </extensions>
   </trkpt>
   <trkpt lat="51.0134461" lon="13.8523943">
    <ele>114</ele>
    <time>2026-08-11T17:57:24Z</time>
    <extensions>
     <gpxdata:hr>158</gpxdata:hr>
     <gpxdata:distance>10672.00</gpxdata:distance>
     <gpxdata:speed>10.597</gpxdata:speed>
    </extensions>
   </trkpt>
   <trkpt lat="51.0133758" lon="13.8524943">
    <ele>114</ele>
    <time>2026-08-11T17:57:25Z</time>
    <extensions>
     <gpxdata:hr>159</gpxdata:hr>
     <gpxdata:distance>10682.50</gpxdata:distance>
     <gpxdata:speed>10.578</gpxdata:speed>
    </extensions>
   </trkpt>
   <trkpt lat="51.0133051" lon="13.8525958">
    <ele>114</ele>
    <time>2026-08-11T17:57:26Z</time>
    <extensions>
     <gpxdata:hr>159</gpxdata:hr>
     <gpxdata:distance>10693.00</gpxdata:distance>
     <gpxdata:speed>10.547</gpxdata:speed>
    </extensions>
   </trkpt>
   <trkpt lat="51.0132336" lon="13.8527006">
    <ele>114</ele>
    <time>2026-08-11T17:57:27Z</time>
    <extensions>
     <gpxdata:hr>159</gpxdata:hr>
     <gpxdata:distance>10704.00</gpxdata:distance>
     <gpxdata:speed>10.572</gpxdata:speed>
    </extensions>
   </trkpt>
   <trkpt lat="51.0131602" lon="13.8528063">
    <ele>114</ele>
    <time>2026-08-11T17:57:28Z</time>
    <extensions>
     <gpxdata:hr>159</gpxdata:hr>
     <gpxdata:distance>10715.00</gpxdata:distance>
     <gpxdata:speed>10.678</gpxdata:speed>
    </extensions>
   </trkpt>
   <trkpt lat="51.0130854" lon="13.8529123">
    <ele>114</ele>
    <time>2026-08-11T17:57:29Z</time>
    <extensions>
     <gpxdata:hr>159</gpxdata:hr>
     <gpxdata:distance>10726.50</gpxdata:distance>
     <gpxdata:speed>10.797</gpxdata:speed>
    </extensions>
   </trkpt>
   <trkpt lat="51.0130104" lon="13.8530207">
    <ele>114</ele>
    <time>2026-08-11T17:57:30Z</time>
    <extensions>
     <gpxdata:hr>159</gpxdata:hr>
     <gpxdata:distance>10738.00</gpxdata:distance>
     <gpxdata:speed>10.919</gpxdata:speed>
    </extensions>
   </trkpt>
   <trkpt lat="51.0129369" lon="13.8531321">
    <ele>114</ele>
    <time>2026-08-11T17:57:31Z</time>
    <extensions>
     <gpxdata:hr>159</gpxdata:hr>
     <gpxdata:distance>10749.00</gpxdata:distance>
     <gpxdata:speed>11.044</gpxdata:speed>
    </extensions>
   </trkpt>
   <trkpt lat="51.0128650" lon="13.8532445">
    <ele>114</ele>
    <time>2026-08-11T17:57:32Z</time>
    <extensions>
     <gpxdata:hr>159</gpxdata:hr>
     <gpxdata:distance>10760.00</gpxdata:distance>
     <gpxdata:speed>11.131</gpxdata:speed>
    </extensions>
   </trkpt>
   <trkpt lat="51.0127935" lon="13.8533560">
    <ele>114</ele>
    <time>2026-08-11T17:57:33Z</time>
    <extensions>
     <gpxdata:hr>158</gpxdata:hr>
     <gpxdata:distance>10771.00</gpxdata:distance>
     <gpxdata:speed>11.164</gpxdata:speed>
    </extensions>
   </trkpt>
   <trkpt lat="51.0127221" lon="13.8534654">
    <ele>114</ele>
    <time>2026-08-11T17:57:34Z</time>
    <extensions>
     <gpxdata:hr>158</gpxdata:hr>
     <gpxdata:distance>10782.00</gpxdata:distance>
     <gpxdata:speed>11.158</gpxdata:speed>
    </extensions>
   </trkpt>
   <trkpt lat="51.0126503" lon="13.8535741">
    <ele>114</ele>
    <time>2026-08-11T17:57:35Z</time>
    <extensions>
     <gpxdata:hr>158</gpxdata:hr>
     <gpxdata:distance>10793.00</gpxdata:distance>
     <gpxdata:speed>11.119</gpxdata:speed>
    </extensions>
   </trkpt>
   <trkpt lat="51.0125776" lon="13.8536827">
    <ele>114</ele>
    <time>2026-08-11T17:57:36Z</time>
    <extensions>
     <gpxdata:hr>158</gpxdata:hr>
     <gpxdata:distance>10804.00</gpxdata:distance>
     <gpxdata:speed>11.108</gpxdata:speed>
    </extensions>
   </trkpt>
   <trkpt lat="51.0125047" lon="13.8537923">
    <ele>114</ele>
    <time>2026-08-11T17:57:37Z</time>
    <extensions>
     <gpxdata:hr>158</gpxdata:hr>
     <gpxdata:distance>10815.50</gpxdata:distance>
     <gpxdata:speed>11.125</gpxdata:speed>
    </extensions>
   </trkpt>
   <trkpt lat="51.0124328" lon="13.8539030">
    <ele>114</ele>
    <time>2026-08-11T17:57:38Z</time>
    <extensions>
     <gpxdata:hr>158</gpxdata:hr>
     <gpxdata:distance>10827.00</gpxdata:distance>
     <gpxdata:speed>11.147</gpxdata:speed>
    </extensions>
   </trkpt>
   <trkpt lat="51.0123628" lon="13.8540168">
    <ele>114</ele>
    <time>2026-08-11T17:57:39Z</time>
    <extensions>
     <gpxdata:hr>158</gpxdata:hr>
     <gpxdata:distance>10838.00</gpxdata:distance>
     <gpxdata:speed>11.144</gpxdata:speed>
    </extensions>
   </trkpt>
   <trkpt lat="51.0122947" lon="13.8541323">
    <ele>114</ele>
    <time>2026-08-11T17:57:40Z</time>
    <extensions>
     <gpxdata:hr>159</gpxdata:hr>
     <gpxdata:distance>10849.00</gpxdata:distance>
     <gpxdata:speed>11.142</gpxdata:speed>
    </extensions>
   </trkpt>
   <trkpt lat="51.0122287" lon="13.8542491">
    <ele>114</ele>
    <time>2026-08-11T17:57:41Z</time>
    <extensions>
     <gpxdata:hr>159</gpxdata:hr>
     <gpxdata:distance>10860.00</gpxdata:distance>
     <gpxdata:speed>11.122</gpxdata:speed>
    </extensions>
   </trkpt>
   <trkpt lat="51.0121646" lon="13.8543675">
    <ele>114</ele>
    <time>2026-08-11T17:57:42Z</time>
    <extensions>
     <gpxdata:hr>159</gpxdata:hr>
     <gpxdata:distance>10871.00</gpxdata:distance>
     <gpxdata:speed>11.072</gpxdata:speed>
    </extensions>
   </trkpt>
   <trkpt lat="51.0121015" lon="13.8544860">
    <ele>114</ele>
    <time>2026-08-11T17:57:43Z</time>
    <extensions>
     <gpxdata:hr>159</gpxdata:hr>
     <gpxdata:distance>10882.00</gpxdata:distance>
     <gpxdata:speed>11.022</gpxdata:speed>
    </extensions>
   </trkpt>
   <trkpt lat="51.0120387" lon="13.8546037">
    <ele>114</ele>
    <time>2026-08-11T17:57:44Z</time>
    <extensions>
     <gpxdata:hr>159</gpxdata:hr>
     <gpxdata:distance>10893.00</gpxdata:distance>
     <gpxdata:speed>10.972</gpxdata:speed>
    </extensions>
   </trkpt>
   <trkpt lat="51.0119759" lon="13.8547211">
    <ele>114</ele>
    <time>2026-08-11T17:57:45Z</time>
    <extensions>
     <gpxdata:hr>158</gpxdata:hr>
     <gpxdata:distance>10903.50</gpxdata:distance>
     <gpxdata:speed>10.911</gpxdata:speed>
    </extensions>
   </trkpt>
   <trkpt lat="51.0119125" lon="13.8548391">
    <ele>114</ele>
    <time>2026-08-11T17:57:46Z</time>
    <extensions>
     <gpxdata:hr>158</gpxdata:hr>
     <gpxdata:distance>10914.00</gpxdata:distance>
     <gpxdata:speed>10.875</gpxdata:speed>
    </extensions>
   </trkpt>
   <trkpt lat="51.0118488" lon="13.8549582">
    <ele>114</ele>
    <time>2026-08-11T17:57:47Z</time>
    <extensions>
     <gpxdata:hr>157</gpxdata:hr>
     <gpxdata:distance>10925.00</gpxdata:distance>
     <gpxdata:speed>10.881</gpxdata:speed>
    </extensions>
   </trkpt>
   <trkpt lat="51.0117848" lon="13.8550785">
    <ele>114</ele>
    <time>2026-08-11T17:57:48Z</time>
    <extensions>
     <gpxdata:hr>157</gpxdata:hr>
     <gpxdata:distance>10936.00</gpxdata:distance>
     <gpxdata:speed>10.908</gpxdata:speed>
    </extensions>
   </trkpt>
   <trkpt lat="51.0117204" lon="13.8551991">
    <ele>114</ele>
    <time>2026-08-11T17:57:49Z</time>
    <extensions>
     <gpxdata:hr>158</gpxdata:hr>
     <gpxdata:distance>10947.50</gpxdata:distance>
     <gpxdata:speed>10.950</gpxdata:speed>
    </extensions>
   </trkpt>
   <trkpt lat="51.0116555" lon="13.8553194">
    <ele>114</ele>
    <time>2026-08-11T17:57:50Z</time>
    <extensions>
     <gpxdata:hr>158</gpxdata:hr>
     <gpxdata:distance>10959.00</gpxdata:distance>
     <gpxdata:speed>10.992</gpxdata:speed>
    </extensions>
   </trkpt>
   <trkpt lat="51.0115902" lon="13.8554386">
    <ele>114</ele>
    <time>2026-08-11T17:57:51Z</time>
    <extensions>
     <gpxdata:hr>157</gpxdata:hr>
     <gpxdata:distance>10970.00</gpxdata:distance>
     <gpxdata:speed>11.025</gpxdata:speed>
    </extensions>
   </trkpt>
   <trkpt lat="51.0115251" lon="13.8555574">
    <ele>114</ele>
    <time>2026-08-11T17:57:52Z</time>
    <extensions>
     <gpxdata:hr>157</gpxdata:hr>
     <gpxdata:distance>10981.00</gpxdata:distance>
     <gpxdata:speed>11.033</gpxdata:speed>
    </extensions>
   </trkpt>
   <trkpt lat="51.0114597" lon="13.8556756">
    <ele>114</ele>
    <time>2026-08-11T17:57:53Z</time>
    <extensions>
     <gpxdata:hr>156</gpxdata:hr>
     <gpxdata:distance>10992.00</gpxdata:distance>
     <gpxdata:speed>11.033</gpxdata:speed>
    </extensions>
   </trkpt>
   <trkpt lat="51.0113927" lon="13.8557926">
    <ele>114</ele>
    <time>2026-08-11T17:57:54Z</time>
    <extensions>
     <gpxdata:hr>156</gpxdata:hr>
     <gpxdata:distance>11003.00</gpxdata:distance>
     <gpxdata:speed>11.031</gpxdata:speed>
    </extensions>
   </trkpt>
   <trkpt lat="51.0113237" lon="13.8559096">
    <ele>114</ele>
    <time>2026-08-11T17:57:55Z</time>
    <extensions>
     <gpxdata:hr>155</gpxdata:hr>
     <gpxdata:distance>11014.00</gpxdata:distance>
     <gpxdata:speed>11.058</gpxdata:speed>
    </extensions>
   </trkpt>
   <trkpt lat="51.0112530" lon="13.8560265">
    <ele>114</ele>
    <time>2026-08-11T17:57:56Z</time>
    <extensions>
     <gpxdata:hr>156</gpxdata:hr>
     <gpxdata:distance>11025.00</gpxdata:distance>
     <gpxdata:speed>11.131</gpxdata:speed>
    </extensions>
   </trkpt>
   <trkpt lat="51.0111818" lon="13.8561442">
    <ele>114</ele>
    <time>2026-08-11T17:57:57Z</time>
    <extensions>
     <gpxdata:hr>156</gpxdata:hr>
     <gpxdata:distance>11036.50</gpxdata:distance>
     <gpxdata:speed>11.214</gpxdata:speed>
    </extensions>
   </trkpt>
   <trkpt lat="51.0111103" lon="13.8562634">
    <ele>114</ele>
    <time>2026-08-11T17:57:58Z</time>
    <extensions>
     <gpxdata:hr>156</gpxdata:hr>
     <gpxdata:distance>11048.00</gpxdata:distance>
     <gpxdata:speed>11.289</gpxdata:speed>
    </extensions>
   </trkpt>
   <trkpt lat="51.0110391" lon="13.8563832">
    <ele>114</ele>
    <time>2026-08-11T17:57:59Z</time>
    <extensions>
     <gpxdata:hr>156</gpxdata:hr>
     <gpxdata:distance>11059.50</gpxdata:distance>
     <gpxdata:speed>11.375</gpxdata:speed>
    </extensions>
   </trkpt>
   <trkpt lat="51.0109684" lon="13.8565040">
    <ele>114</ele>
    <time>2026-08-11T17:58:00Z</time>
    <extensions>
     <gpxdata:hr>157</gpxdata:hr>
     <gpxdata:distance>11071.00</gpxdata:distance>
     <gpxdata:speed>11.433</gpxdata:speed>
    </extensions>
   </trkpt>
   <trkpt lat="51.0108985" lon="13.8566248">
    <ele>114</ele>
    <time>2026-08-11T17:58:01Z</time>
    <extensions>
     <gpxdata:hr>157</gpxdata:hr>
     <gpxdata:distance>11082.50</gpxdata:distance>
     <gpxdata:speed>11.472</gpxdata:speed>
    </extensions>
   </trkpt>
   <trkpt lat="51.0108295" lon="13.8567446">
    <ele>114</ele>
    <time>2026-08-11T17:58:02Z</time>
    <extensions>
     <gpxdata:hr>157</gpxdata:hr>
     <gpxdata:distance>11094.00</gpxdata:distance>
     <gpxdata:speed>11.478</gpxdata:speed>
    </extensions>
   </trkpt>
   <trkpt lat="51.0107613" lon="13.8568630">
    <ele>114</ele>
    <time>2026-08-11T17:58:03Z</time>
    <extensions>
     <gpxdata:hr>157</gpxdata:hr>
     <gpxdata:distance>11105.50</gpxdata:distance>
     <gpxdata:speed>11.439</gpxdata:speed>
    </extensions>
   </trkpt>
   <trkpt lat="51.0106941" lon="13.8569806">
    <ele>114</ele>
    <time>2026-08-11T17:58:04Z</time>
    <extensions>
     <gpxdata:hr>157</gpxdata:hr>
     <gpxdata:distance>11117.00</gpxdata:distance>
     <gpxdata:speed>11.369</gpxdata:speed>
    </extensions>
   </trkpt>
   <trkpt lat="51.0106286" lon="13.8570992">
    <ele>114</ele>
    <time>2026-08-11T17:58:05Z</time>
    <extensions>
     <gpxdata:hr>157</gpxdata:hr>
     <gpxdata:distance>11128.00</gpxdata:distance>
     <gpxdata:speed>11.289</gpxdata:speed>
    </extensions>
   </trkpt>
   <trkpt lat="51.0105651" lon="13.8572197">
    <ele>114</ele>
    <time>2026-08-11T17:58:06Z</time>
    <extensions>
     <gpxdata:hr>157</gpxdata:hr>
     <gpxdata:distance>11139.00</gpxdata:distance>
     <gpxdata:speed>11.206</gpxdata:speed>
    </extensions>
   </trkpt>
   <trkpt lat="51.0105021" lon="13.8573411">
    <ele>114</ele>
    <time>2026-08-11T17:58:07Z</time>
    <extensions>
     <gpxdata:hr>157</gpxdata:hr>
     <gpxdata:distance>11150.00</gpxdata:distance>
     <gpxdata:speed>11.147</gpxdata:speed>
    </extensions>
   </trkpt>
   <trkpt lat="51.0104391" lon="13.8574623">
    <ele>114</ele>
    <time>2026-08-11T17:58:08Z</time>
    <extensions>
     <gpxdata:hr>158</gpxdata:hr>
     <gpxdata:distance>11161.00</gpxdata:distance>
     <gpxdata:speed>11.106</gpxdata:speed>
    </extensions>
   </trkpt>
   <trkpt lat="51.0103761" lon="13.8575841">
    <ele>114</ele>
    <time>2026-08-11T17:58:09Z</time>
    <extensions>
     <gpxdata:hr>157</gpxdata:hr>
     <gpxdata:distance>11172.00</gpxdata:distance>
     <gpxdata:speed>11.072</gpxdata:speed>
    </extensions>
   </trkpt>
   <trkpt lat="51.0103128" lon="13.8577070">
    <ele>114</ele>
    <time>2026-08-11T17:58:10Z</time>
    <extensions>
     <gpxdata:hr>157</gpxdata:hr>
     <gpxdata:distance>11183.00</gpxdata:distance>
     <gpxdata:speed>11.064</gpxdata:speed>
    </extensions>
   </trkpt>
   <trkpt lat="51.0102497" lon="13.8578316">
    <ele>114</ele>
    <time>2026-08-11T17:58:11Z</time>
    <extensions>
     <gpxdata:hr>157</gpxdata:hr>
     <gpxdata:distance>11194.00</gpxdata:distance>
     <gpxdata:speed>11.086</gpxdata:speed>
    </extensions>
   </trkpt>
   <trkpt lat="51.0101886" lon="13.8579604">
    <ele>114</ele>
    <time>2026-08-11T17:58:12Z</time>
    <extensions>
     <gpxdata:hr>158</gpxdata:hr>
     <gpxdata:distance>11205.00</gpxdata:distance>
     <gpxdata:speed>11.128</gpxdata:speed>
    </extensions>
   </trkpt>
   <trkpt lat="51.0101307" lon="13.8580955">
    <ele>114</ele>
    <time>2026-08-11T17:58:13Z</time>
    <extensions>
     <gpxdata:hr>158</gpxdata:hr>
     <gpxdata:distance>11216.50</gpxdata:distance>
     <gpxdata:speed>11.186</gpxdata:speed>
    </extensions>
   </trkpt>
   <trkpt lat="51.0100750" lon="13.8582366">
    <ele>113</ele>
    <time>2026-08-11T17:58:14Z</time>
    <extensions>
     <gpxdata:hr>159</gpxdata:hr>
     <gpxdata:distance>11228.00</gpxdata:distance>
     <gpxdata:speed>11.289</gpxdata:speed>
    </extensions>
   </trkpt>
   <trkpt lat="51.0100210" lon="13.8583821">
    <ele>113</ele>
    <time>2026-08-11T17:58:15Z</time>
    <extensions>
     <gpxdata:hr>158</gpxdata:hr>
     <gpxdata:distance>11240.00</gpxdata:distance>
     <gpxdata:speed>11.436</gpxdata:speed>
    </extensions>
   </trkpt>
   <trkpt lat="51.0099671" lon="13.8585283">
    <ele>113</ele>
    <time>2026-08-11T17:58:16Z</time>
    <extensions>
     <gpxdata:hr>157</gpxdata:hr>
     <gpxdata:distance>11252.00</gpxdata:distance>
     <gpxdata:speed>11.583</gpxdata:speed>
    </extensions>
   </trkpt>
   <trkpt lat="51.0099114" lon="13.8586715">
    <ele>113</ele>
    <time>2026-08-11T17:58:17Z</time>
    <extensions>
     <gpxdata:hr>157</gpxdata:hr>
     <gpxdata:distance>11263.50</gpxdata:distance>
     <gpxdata:speed>11.678</gpxdata:speed>
    </extensions>
   </trkpt>
   <trkpt lat="51.0098519" lon="13.8588082">
    <ele>113</ele>
    <time>2026-08-11T17:58:18Z</time>
    <extensions>
     <gpxdata:hr>157</gpxdata:hr>
     <gpxdata:distance>11275.00</gpxdata:distance>
     <gpxdata:speed>11.717</gpxdata:speed>
    </extensions>
   </trkpt>
   <trkpt lat="51.0097883" lon="13.8589379">
    <ele>113</ele>
    <time>2026-08-11T17:58:19Z</time>
    <extensions>
     <gpxdata:hr>156</gpxdata:hr>
     <gpxdata:distance>11286.50</gpxdata:distance>
     <gpxdata:speed>11.669</gpxdata:speed>
    </extensions>
   </trkpt>
   <trkpt lat="51.0097214" lon="13.8590613">
    <ele>113</ele>
    <time>2026-08-11T17:58:20Z</time>
    <extensions>
     <gpxdata:hr>156</gpxdata:hr>
     <gpxdata:distance>11298.00</gpxdata:distance>
     <gpxdata:speed>11.611</gpxdata:speed>
    </extensions>
   </trkpt>
   <trkpt lat="51.0096528" lon="13.8591813">
    <ele>113</ele>
    <time>2026-08-11T17:58:21Z</time>
    <extensions>
     <gpxdata:hr>156</gpxdata:hr>
     <gpxdata:distance>11309.50</gpxdata:distance>
     <gpxdata:speed>11.542</gpxdata:speed>
    </extensions>
   </trkpt>
   <trkpt lat="51.0095853" lon="13.8593013">
    <ele>113</ele>
    <time>2026-08-11T17:58:22Z</time>
    <extensions>
     <gpxdata:hr>156</gpxdata:hr>
     <gpxdata:distance>11321.00</gpxdata:distance>
     <gpxdata:speed>11.481</gpxdata:speed>
    </extensions>
   </trkpt>
   <trkpt lat="51.0095192" lon="13.8594228">
    <ele>113</ele>
    <time>2026-08-11T17:58:23Z</time>
    <extensions>
     <gpxdata:hr>155</gpxdata:hr>
     <gpxdata:distance>11332.50</gpxdata:distance>
     <gpxdata:speed>11.411</gpxdata:speed>
    </extensions>
   </trkpt>
   <trkpt lat="51.0094547" lon="13.8595463">
    <ele>113</ele>
    <time>2026-08-11T17:58:24Z</time>
    <extensions>
     <gpxdata:hr>155</gpxdata:hr>
     <gpxdata:distance>11344.00</gpxdata:distance>
     <gpxdata:speed>11.356</gpxdata:speed>
    </extensions>
   </trkpt>
   <trkpt lat="51.0093957" lon="13.8596738">
    <ele>113</ele>
    <time>2026-08-11T17:58:25Z</time>
    <extensions>
     <gpxdata:hr>155</gpxdata:hr>
     <gpxdata:distance>11355.00</gpxdata:distance>
     <gpxdata:speed>11.317</gpxdata:speed>
    </extensions>
   </trkpt>
   <trkpt lat="51.0093445" lon="13.8598066">
    <ele>113</ele>
    <time>2026-08-11T17:58:26Z</time>
    <extensions>
     <gpxdata:hr>155</gpxdata:hr>
     <gpxdata:distance>11366.00</gpxdata:distance>
     <gpxdata:speed>11.225</gpxdata:speed>
    </extensions>
   </trkpt>
   <trkpt lat="51.0093001" lon="13.8599430">
    <ele>114</ele>
    <time>2026-08-11T17:58:27Z</time>
    <extensions>
     <gpxdata:hr>154</gpxdata:hr>
     <gpxdata:distance>11376.50</gpxdata:distance>
     <gpxdata:speed>11.108</gpxdata:speed>
    </extensions>
   </trkpt>
   <trkpt lat="51.0092603" lon="13.8600794">
    <ele>114</ele>
    <time>2026-08-11T17:58:28Z</time>
    <extensions>
     <gpxdata:hr>155</gpxdata:hr>
     <gpxdata:distance>11387.00</gpxdata:distance>
     <gpxdata:speed>10.836</gpxdata:speed>
    </extensions>
   </trkpt>
   <trkpt lat="51.0092255" lon="13.8602136">
    <ele>114</ele>
    <time>2026-08-11T17:58:29Z</time>
    <extensions>
     <gpxdata:hr>155</gpxdata:hr>
     <gpxdata:distance>11397.00</gpxdata:distance>
     <gpxdata:speed>10.578</gpxdata:speed>
    </extensions>
   </trkpt>
   <trkpt lat="51.0091958" lon="13.8603450">
    <ele>114</ele>
    <time>2026-08-11T17:58:30Z</time>
    <extensions>
     <gpxdata:hr>155</gpxdata:hr>
     <gpxdata:distance>11407.00</gpxdata:distance>
     <gpxdata:speed>10.231</gpxdata:speed>
    </extensions>
   </trkpt>
   <trkpt lat="51.0091685" lon="13.8604724">
    <ele>114</ele>
    <time>2026-08-11T17:58:31Z</time>
    <extensions>
     <gpxdata:hr>155</gpxdata:hr>
     <gpxdata:distance>11416.50</gpxdata:distance>
     <gpxdata:speed>9.872</gpxdata:speed>
    </extensions>
   </trkpt>
   <trkpt lat="51.0091423" lon="13.8605961">
    <ele>114</ele>
    <time>2026-08-11T17:58:32Z</time>
    <extensions>
     <gpxdata:hr>154</gpxdata:hr>
     <gpxdata:distance>11426.00</gpxdata:distance>
     <gpxdata:speed>9.544</gpxdata:speed>
    </extensions>
   </trkpt>
   <trkpt lat="51.0091181" lon="13.8607172">
    <ele>114</ele>
    <time>2026-08-11T17:58:33Z</time>
    <extensions>
     <gpxdata:hr>153</gpxdata:hr>
     <gpxdata:distance>11435.00</gpxdata:distance>
     <gpxdata:speed>9.264</gpxdata:speed>
    </extensions>
   </trkpt>
   <trkpt lat="51.0090945" lon="13.8608384">
    <ele>114</ele>
    <time>2026-08-11T17:58:34Z</time>
    <extensions>
     <gpxdata:hr>152</gpxdata:hr>
     <gpxdata:distance>11444.00</gpxdata:distance>
     <gpxdata:speed>9.042</gpxdata:speed>
    </extensions>
   </trkpt>
   <trkpt lat="51.0090684" lon="13.8609594">
    <ele>114</ele>
    <time>2026-08-11T17:58:35Z</time>
    <extensions>
     <gpxdata:hr>151</gpxdata:hr>
     <gpxdata:distance>11453.00</gpxdata:distance>
     <gpxdata:speed>9.000</gpxdata:speed>
    </extensions>
   </trkpt>
   <trkpt lat="51.0090411" lon="13.8610756">
    <ele>114</ele>
    <time>2026-08-11T17:58:36Z</time>
    <extensions>
     <gpxdata:hr>150</gpxdata:hr>
     <gpxdata:distance>11462.00</gpxdata:distance>
     <gpxdata:speed>9.033</gpxdata:speed>
    </extensions>
   </trkpt>
   <trkpt lat="51.0090153" lon="13.8611801">
    <ele>114</ele>
    <time>2026-08-11T17:58:37Z</time>
    <extensions>
     <gpxdata:hr>148</gpxdata:hr>
     <gpxdata:distance>11469.50</gpxdata:distance>
     <gpxdata:speed>8.722</gpxdata:speed>
    </extensions>
   </trkpt>
   <trkpt lat="51.0089921" lon="13.8612726">
    <ele>114</ele>
    <time>2026-08-11T17:58:38Z</time>
    <extensions>
     <gpxdata:hr>147</gpxdata:hr>
     <gpxdata:distance>11477.00</gpxdata:distance>
     <gpxdata:speed>7.944</gpxdata:speed>
    </extensions>
   </trkpt>
   <trkpt lat="51.0089701" lon="13.8613577">
    <ele>114</ele>
    <time>2026-08-11T17:58:39Z</time>
    <extensions>
     <gpxdata:hr>147</gpxdata:hr>
     <gpxdata:distance>11483.50</gpxdata:distance>
     <gpxdata:speed>7.178</gpxdata:speed>
    </extensions>
   </trkpt>
   <trkpt lat="51.0089483" lon="13.8614401">
    <ele>114</ele>
    <time>2026-08-11T17:58:40Z</time>
    <extensions>
     <gpxdata:hr>146</gpxdata:hr>
     <gpxdata:distance>11490.00</gpxdata:distance>
     <gpxdata:speed>6.725</gpxdata:speed>
    </extensions>
   </trkpt>
   <trkpt lat="51.0089248" lon="13.8615219">
    <ele>113</ele>
    <time>2026-08-11T17:58:41Z</time>
    <extensions>
     <gpxdata:hr>145</gpxdata:hr>
     <gpxdata:distance>11496.50</gpxdata:distance>
     <gpxdata:speed>6.522</gpxdata:speed>
    </extensions>
   </trkpt>
   <trkpt lat="51.0088993" lon="13.8616059">
    <ele>113</ele>
    <time>2026-08-11T17:58:42Z</time>
    <extensions>
     <gpxdata:hr>145</gpxdata:hr>
     <gpxdata:distance>11503.00</gpxdata:distance>
     <gpxdata:speed>6.486</gpxdata:speed>
    </extensions>
   </trkpt>
   <trkpt lat="51.0088715" lon="13.8616946">
    <ele>113</ele>
    <time>2026-08-11T17:58:43Z</time>
    <extensions>
     <gpxdata:hr>144</gpxdata:hr>
     <gpxdata:distance>11510.00</gpxdata:distance>
     <gpxdata:speed>6.647</gpxdata:speed>
    </extensions>
   </trkpt>
   <trkpt lat="51.0088439" lon="13.8617897">
    <ele>113</ele>
    <time>2026-08-11T17:58:44Z</time>
    <extensions>
     <gpxdata:hr>142</gpxdata:hr>
     <gpxdata:distance>11517.00</gpxdata:distance>
     <gpxdata:speed>6.922</gpxdata:speed>
    </extensions>
   </trkpt>
   <trkpt lat="51.0088188" lon="13.8618923">
    <ele>113</ele>
    <time>2026-08-11T17:58:45Z</time>
    <extensions>
     <gpxdata:hr>141</gpxdata:hr>
     <gpxdata:distance>11525.00</gpxdata:distance>
     <gpxdata:speed>7.247</gpxdata:speed>
    </extensions>
   </trkpt>
   <trkpt lat="51.0087941" lon="13.8620012">
    <ele>113</ele>
    <time>2026-08-11T17:58:46Z</time>
    <extensions>
     <gpxdata:hr>140</gpxdata:hr>
     <gpxdata:distance>11533.00</gpxdata:distance>
     <gpxdata:speed>7.578</gpxdata:speed>
    </extensions>
   </trkpt>
   <trkpt lat="51.0087650" lon="13.8621158">
    <ele>113</ele>
    <time>2026-08-11T17:58:47Z</time>
    <extensions>
     <gpxdata:hr>139</gpxdata:hr>
     <gpxdata:distance>11541.50</gpxdata:distance>
     <gpxdata:speed>7.811</gpxdata:speed>
    </extensions>
   </trkpt>
   <trkpt lat="51.0087304" lon="13.8622355">
    <ele>113</ele>
    <time>2026-08-11T17:58:48Z</time>
    <extensions>
     <gpxdata:hr>139</gpxdata:hr>
     <gpxdata:distance>11550.00</gpxdata:distance>
     <gpxdata:speed>8.472</gpxdata:speed>
    </extensions>
   </trkpt>
   <trkpt lat="51.0086904" lon="13.8623602">
    <ele>113</ele>
    <time>2026-08-11T17:58:49Z</time>
    <extensions>
     <gpxdata:hr>139</gpxdata:hr>
     <gpxdata:distance>11560.00</gpxdata:distance>
     <gpxdata:speed>9.036</gpxdata:speed>
    </extensions>
   </trkpt>
   <trkpt lat="51.0086437" lon="13.8624867">
    <ele>113</ele>
    <time>2026-08-11T17:58:50Z</time>
    <extensions>
     <gpxdata:hr>141</gpxdata:hr>
     <gpxdata:distance>11570.00</gpxdata:distance>
     <gpxdata:speed>9.572</gpxdata:speed>
    </extensions>
   </trkpt>
   <trkpt lat="51.0085918" lon="13.8626159">
    <ele>113</ele>
    <time>2026-08-11T17:58:51Z</time>
    <extensions>
     <gpxdata:hr>141</gpxdata:hr>
     <gpxdata:distance>11580.50</gpxdata:distance>
     <gpxdata:speed>10.044</gpxdata:speed>
    </extensions>
   </trkpt>
   <trkpt lat="51.0085370" lon="13.8627503">
    <ele>113</ele>
    <time>2026-08-11T17:58:52Z</time>
    <extensions>
     <gpxdata:hr>142</gpxdata:hr>
     <gpxdata:distance>11591.00</gpxdata:distance>
     <gpxdata:speed>10.506</gpxdata:speed>
    </extensions>
   </trkpt>
   <trkpt lat="51.0084809" lon="13.8628881">
    <ele>113</ele>
    <time>2026-08-11T17:58:53Z</time>
    <extensions>
     <gpxdata:hr>143</gpxdata:hr>
     <gpxdata:distance>11602.50</gpxdata:distance>
     <gpxdata:speed>11.019</gpxdata:speed>
    </extensions>
   </trkpt>
   <trkpt lat="51.0084212" lon="13.8630252">
    <ele>113</ele>
    <time>2026-08-11T17:58:54Z</time>
    <extensions>
     <gpxdata:hr>145</gpxdata:hr>
     <gpxdata:distance>11614.00</gpxdata:distance>
     <gpxdata:speed>11.297</gpxdata:speed>
    </extensions>
   </trkpt>
   <trkpt lat="51.0083569" lon="13.8631599">
    <ele>113</ele>
    <time>2026-08-11T17:58:55Z</time>
    <extensions>
     <gpxdata:hr>145</gpxdata:hr>
     <gpxdata:distance>11626.00</gpxdata:distance>
     <gpxdata:speed>11.517</gpxdata:speed>
    </extensions>
   </trkpt>
   <trkpt lat="51.0082882" lon="13.8632937">
    <ele>113</ele>
    <time>2026-08-11T17:58:56Z</time>
    <extensions>
     <gpxdata:hr>148</gpxdata:hr>
     <gpxdata:distance>11638.00</gpxdata:distance>
     <gpxdata:speed>11.719</gpxdata:speed>
    </extensions>
   </trkpt>
   <trkpt lat="51.0082180" lon="13.8634258">
    <ele>113</ele>
    <time>2026-08-11T17:58:57Z</time>
    <extensions>
     <gpxdata:hr>151</gpxdata:hr>
     <gpxdata:distance>11650.00</gpxdata:distance>
     <gpxdata:speed>11.992</gpxdata:speed>
    </extensions>
   </trkpt>
   <trkpt lat="51.0081470" lon="13.8635518">
    <ele>113</ele>
    <time>2026-08-11T17:58:58Z</time>
    <extensions>
     <gpxdata:hr>153</gpxdata:hr>
     <gpxdata:distance>11662.00</gpxdata:distance>
     <gpxdata:speed>12.008</gpxdata:speed>
    </extensions>
   </trkpt>
   <trkpt lat="51.0080777" lon="13.8636738">
    <ele>113</ele>
    <time>2026-08-11T17:58:59Z</time>
    <extensions>
     <gpxdata:hr>154</gpxdata:hr>
     <gpxdata:distance>11673.50</gpxdata:distance>
     <gpxdata:speed>11.797</gpxdata:speed>
    </extensions>
   </trkpt>
   <trkpt lat="51.0080115" lon="13.8637921">
    <ele>113</ele>
    <time>2026-08-11T17:59:00Z</time>
    <extensions>
     <gpxdata:hr>154</gpxdata:hr>
     <gpxdata:distance>11685.00</gpxdata:distance>
     <gpxdata:speed>11.658</gpxdata:speed>
    </extensions>
   </trkpt>
   <trkpt lat="51.0079496" lon="13.8639075">
    <ele>113</ele>
    <time>2026-08-11T17:59:01Z</time>
    <extensions>
     <gpxdata:hr>155</gpxdata:hr>
     <gpxdata:distance>11695.50</gpxdata:distance>
     <gpxdata:speed>11.428</gpxdata:speed>
    </extensions>
   </trkpt>
   <trkpt lat="51.0078901" lon="13.8640197">
    <ele>113</ele>
    <time>2026-08-11T17:59:02Z</time>
    <extensions>
     <gpxdata:hr>155</gpxdata:hr>
     <gpxdata:distance>11706.00</gpxdata:distance>
     <gpxdata:speed>10.794</gpxdata:speed>
    </extensions>
   </trkpt>
   <trkpt lat="51.0078327" lon="13.8641276">
    <ele>113</ele>
    <time>2026-08-11T17:59:03Z</time>
    <extensions>
     <gpxdata:hr>155</gpxdata:hr>
     <gpxdata:distance>11716.00</gpxdata:distance>
     <gpxdata:speed>10.444</gpxdata:speed>
    </extensions>
   </trkpt>
   <trkpt lat="51.0077776" lon="13.8642309">
    <ele>113</ele>
    <time>2026-08-11T17:59:04Z</time>
    <extensions>
     <gpxdata:hr>153</gpxdata:hr>
     <gpxdata:distance>11726.00</gpxdata:distance>
     <gpxdata:speed>10.067</gpxdata:speed>
    </extensions>
   </trkpt>
   <trkpt lat="51.0077250" lon="13.8643307">
    <ele>113</ele>
    <time>2026-08-11T17:59:05Z</time>
    <extensions>
     <gpxdata:hr>152</gpxdata:hr>
     <gpxdata:distance>11735.00</gpxdata:distance>
     <gpxdata:speed>9.647</gpxdata:speed>
    </extensions>
   </trkpt>
   <trkpt lat="51.0076738" lon="13.8644278">
    <ele>113</ele>
    <time>2026-08-11T17:59:06Z</time>
    <extensions>
     <gpxdata:hr>151</gpxdata:hr>
     <gpxdata:distance>11744.00</gpxdata:distance>
     <gpxdata:speed>9.272</gpxdata:speed>
    </extensions>
   </trkpt>
   <trkpt lat="51.0076219" lon="13.8645235">
    <ele>113</ele>
    <time>2026-08-11T17:59:07Z</time>
    <extensions>
     <gpxdata:hr>150</gpxdata:hr>
     <gpxdata:distance>11753.00</gpxdata:distance>
     <gpxdata:speed>9.036</gpxdata:speed>
    </extensions>
   </trkpt>
   <trkpt lat="51.0075701" lon="13.8646173">
    <ele>113</ele>
    <time>2026-08-11T17:59:08Z</time>
    <extensions>
     <gpxdata:hr>148</gpxdata:hr>
     <gpxdata:distance>11762.00</gpxdata:distance>
     <gpxdata:speed>8.992</gpxdata:speed>
    </extensions>
   </trkpt>
   <trkpt lat="51.0075215" lon="13.8647104">
    <ele>113</ele>
    <time>2026-08-11T17:59:09Z</time>
    <extensions>
     <gpxdata:hr>146</gpxdata:hr>
     <gpxdata:distance>11770.50</gpxdata:distance>
     <gpxdata:speed>8.822</gpxdata:speed>
    </extensions>
   </trkpt>
   <trkpt lat="51.0074764" lon="13.8648049">
    <ele>113</ele>
    <time>2026-08-11T17:59:10Z</time>
    <extensions>
     <gpxdata:hr>145</gpxdata:hr>
     <gpxdata:distance>11779.00</gpxdata:distance>
     <gpxdata:speed>8.536</gpxdata:speed>
    </extensions>
   </trkpt>
   <trkpt lat="51.0074355" lon="13.8649040">
    <ele>113</ele>
    <time>2026-08-11T17:59:11Z</time>
    <extensions>
     <gpxdata:hr>144</gpxdata:hr>
     <gpxdata:distance>11787.00</gpxdata:distance>
     <gpxdata:speed>8.389</gpxdata:speed>
    </extensions>
   </trkpt>
   <trkpt lat="51.0073982" lon="13.8650071">
    <ele>113</ele>
    <time>2026-08-11T17:59:12Z</time>
    <extensions>
     <gpxdata:hr>143</gpxdata:hr>
     <gpxdata:distance>11795.00</gpxdata:distance>
     <gpxdata:speed>8.394</gpxdata:speed>
    </extensions>
   </trkpt>
   <trkpt lat="51.0073602" lon="13.8651106">
    <ele>113</ele>
    <time>2026-08-11T17:59:13Z</time>
    <extensions>
     <gpxdata:hr>142</gpxdata:hr>
     <gpxdata:distance>11803.50</gpxdata:distance>
     <gpxdata:speed>8.375</gpxdata:speed>
    </extensions>
   </trkpt>
   <trkpt lat="51.0073175" lon="13.8652099">
    <ele>113</ele>
    <time>2026-08-11T17:59:14Z</time>
    <extensions>
     <gpxdata:hr>141</gpxdata:hr>
     <gpxdata:distance>11812.00</gpxdata:distance>
     <gpxdata:speed>8.378</gpxdata:speed>
    </extensions>
   </trkpt>
   <trkpt lat="51.0072702" lon="13.8653050">
    <ele>112</ele>
    <time>2026-08-11T17:59:15Z</time>
    <extensions>
     <gpxdata:hr>140</gpxdata:hr>
     <gpxdata:distance>11820.50</gpxdata:distance>
     <gpxdata:speed>8.394</gpxdata:speed>
    </extensions>
   </trkpt>
   <trkpt lat="51.0072207" lon="13.8653966">
    <ele>112</ele>
    <time>2026-08-11T17:59:16Z</time>
    <extensions>
     <gpxdata:hr>139</gpxdata:hr>
     <gpxdata:distance>11829.00</gpxdata:distance>
     <gpxdata:speed>8.431</gpxdata:speed>
    </extensions>
   </trkpt>
   <trkpt lat="51.0071698" lon="13.8654853">
    <ele>112</ele>
    <time>2026-08-11T17:59:17Z</time>
    <extensions>
     <gpxdata:hr>138</gpxdata:hr>
     <gpxdata:distance>11837.50</gpxdata:distance>
     <gpxdata:speed>8.422</gpxdata:speed>
    </extensions>
   </trkpt>
   <trkpt lat="51.0071184" lon="13.8655724">
    <ele>112</ele>
    <time>2026-08-11T17:59:18Z</time>
    <extensions>
     <gpxdata:hr>137</gpxdata:hr>
     <gpxdata:distance>11846.00</gpxdata:distance>
     <gpxdata:speed>8.408</gpxdata:speed>
    </extensions>
   </trkpt>
   <trkpt lat="51.0070674" lon="13.8656583">
    <ele>112</ele>
    <time>2026-08-11T17:59:19Z</time>
    <extensions>
     <gpxdata:hr>136</gpxdata:hr>
     <gpxdata:distance>11854.00</gpxdata:distance>
     <gpxdata:speed>8.381</gpxdata:speed>
    </extensions>
   </trkpt>
   <trkpt lat="51.0070163" lon="13.8657430">
    <ele>112</ele>
    <time>2026-08-11T17:59:20Z</time>
    <extensions>
     <gpxdata:hr>135</gpxdata:hr>
     <gpxdata:distance>11862.00</gpxdata:distance>
     <gpxdata:speed>8.333</gpxdata:speed>
    </extensions>
   </trkpt>
   <trkpt lat="51.0069631" lon="13.8658231">
    <ele>112</ele>
    <time>2026-08-11T17:59:21Z</time>
    <extensions>
     <gpxdata:hr>134</gpxdata:hr>
     <gpxdata:distance>11870.50</gpxdata:distance>
     <gpxdata:speed>8.292</gpxdata:speed>
    </extensions>
   </trkpt>
   <trkpt lat="51.0069056" lon="13.8658921">
    <ele>112</ele>
    <time>2026-08-11T17:59:22Z</time>
    <extensions>
     <gpxdata:hr>133</gpxdata:hr>
     <gpxdata:distance>11879.00</gpxdata:distance>
     <gpxdata:speed>8.244</gpxdata:speed>
    </extensions>
   </trkpt>
   <trkpt lat="51.0068446" lon="13.8659491">
    <ele>112</ele>
    <time>2026-08-11T17:59:23Z</time>
    <extensions>
     <gpxdata:hr>133</gpxdata:hr>
     <gpxdata:distance>11886.50</gpxdata:distance>
     <gpxdata:speed>8.183</gpxdata:speed>
    </extensions>
   </trkpt>
   <trkpt lat="51.0067826" lon="13.8659999">
    <ele>112</ele>
    <time>2026-08-11T17:59:24Z</time>
    <extensions>
     <gpxdata:hr>132</gpxdata:hr>
     <gpxdata:distance>11894.00</gpxdata:distance>
     <gpxdata:speed>8.081</gpxdata:speed>
    </extensions>
   </trkpt>
   <trkpt lat="51.0067212" lon="13.8660517">
    <ele>112</ele>
    <time>2026-08-11T17:59:25Z</time>
    <extensions>
     <gpxdata:hr>132</gpxdata:hr>
     <gpxdata:distance>11902.00</gpxdata:distance>
     <gpxdata:speed>7.956</gpxdata:speed>
    </extensions>
   </trkpt>
   <trkpt lat="51.0066617" lon="13.8661090">
    <ele>112</ele>
    <time>2026-08-11T17:59:26Z</time>
    <extensions>
     <gpxdata:hr>131</gpxdata:hr>
     <gpxdata:distance>11910.00</gpxdata:distance>
     <gpxdata:speed>7.875</gpxdata:speed>
    </extensions>
   </trkpt>
   <trkpt lat="51.0066048" lon="13.8661741">
    <ele>112</ele>
    <time>2026-08-11T17:59:27Z</time>
    <extensions>
     <gpxdata:hr>131</gpxdata:hr>
     <gpxdata:distance>11917.50</gpxdata:distance>
     <gpxdata:speed>7.831</gpxdata:speed>
    </extensions>
   </trkpt>
   <trkpt lat="51.0065503" lon="13.8662476">
    <ele>112</ele>
    <time>2026-08-11T17:59:28Z</time>
    <extensions>
     <gpxdata:hr>129</gpxdata:hr>
     <gpxdata:distance>11925.00</gpxdata:distance>
     <gpxdata:speed>7.831</gpxdata:speed>
    </extensions>
   </trkpt>
   <trkpt lat="51.0064999" lon="13.8663221">
    <ele>112</ele>
    <time>2026-08-11T17:59:29Z</time>
    <extensions>
     <gpxdata:hr>129</gpxdata:hr>
     <gpxdata:distance>11933.00</gpxdata:distance>
     <gpxdata:speed>7.892</gpxdata:speed>
    </extensions>
   </trkpt>
   <trkpt lat="51.0064541" lon="13.8663905">
    <ele>112</ele>
    <time>2026-08-11T17:59:30Z</time>
    <extensions>
     <gpxdata:hr>128</gpxdata:hr>
     <gpxdata:distance>11941.00</gpxdata:distance>
     <gpxdata:speed>7.636</gpxdata:speed>
    </extensions>
   </trkpt>
   <trkpt lat="51.0064114" lon="13.8664519">
    <ele>112</ele>
    <time>2026-08-11T17:59:31Z</time>
    <extensions>
     <gpxdata:hr>127</gpxdata:hr>
     <gpxdata:distance>11947.00</gpxdata:distance>
     <gpxdata:speed>7.022</gpxdata:speed>
    </extensions>
   </trkpt>
   <trkpt lat="51.0063702" lon="13.8665129">
    <ele>112</ele>
    <time>2026-08-11T17:59:32Z</time>
    <extensions>
     <gpxdata:hr>126</gpxdata:hr>
     <gpxdata:distance>11953.00</gpxdata:distance>
     <gpxdata:speed>6.539</gpxdata:speed>
    </extensions>
   </trkpt>
   <trkpt lat="51.0063292" lon="13.8665769">
    <ele>112</ele>
    <time>2026-08-11T17:59:33Z</time>
    <extensions>
     <gpxdata:hr>125</gpxdata:hr>
     <gpxdata:distance>11959.50</gpxdata:distance>
     <gpxdata:speed>6.456</gpxdata:speed>
    </extensions>
   </trkpt>
   <trkpt lat="51.0062852" lon="13.8666416">
    <ele>112</ele>
    <time>2026-08-11T17:59:34Z</time>
    <extensions>
     <gpxdata:hr>123</gpxdata:hr>
     <gpxdata:distance>11966.00</gpxdata:distance>
     <gpxdata:speed>6.544</gpxdata:speed>
    </extensions>
   </trkpt>
   <trkpt lat="51.0062360" lon="13.8667034">
    <ele>112</ele>
    <time>2026-08-11T17:59:35Z</time>
    <extensions>
     <gpxdata:hr>122</gpxdata:hr>
     <gpxdata:distance>11973.00</gpxdata:distance>
     <gpxdata:speed>6.739</gpxdata:speed>
    </extensions>
   </trkpt>
   <trkpt lat="51.0061809" lon="13.8667592">
    <ele>112</ele>
    <time>2026-08-11T17:59:36Z</time>
    <extensions>
     <gpxdata:hr>122</gpxdata:hr>
     <gpxdata:distance>11980.00</gpxdata:distance>
     <gpxdata:speed>6.869</gpxdata:speed>
    </extensions>
   </trkpt>
   <trkpt lat="51.0061213" lon="13.8668100">
    <ele>112</ele>
    <time>2026-08-11T17:59:37Z</time>
    <extensions>
     <gpxdata:hr>122</gpxdata:hr>
     <gpxdata:distance>11988.00</gpxdata:distance>
     <gpxdata:speed>7.031</gpxdata:speed>
    </extensions>
   </trkpt>
   <trkpt lat="51.0060605" lon="13.8668609">
    <ele>112</ele>
    <time>2026-08-11T17:59:38Z</time>
    <extensions>
     <gpxdata:hr>122</gpxdata:hr>
     <gpxdata:distance>11996.00</gpxdata:distance>
     <gpxdata:speed>7.203</gpxdata:speed>
    </extensions>
   </trkpt>
   <trkpt lat="51.0060002" lon="13.8669150">
    <ele>112</ele>
    <time>2026-08-11T17:59:39Z</time>
    <extensions>
     <gpxdata:hr>123</gpxdata:hr>
     <gpxdata:distance>12003.50</gpxdata:distance>
     <gpxdata:speed>7.336</gpxdata:speed>
    </extensions>
   </trkpt>
   <trkpt lat="51.0059407" lon="13.8669720">
    <ele>112</ele>
    <time>2026-08-11T17:59:40Z</time>
    <extensions>
     <gpxdata:hr>123</gpxdata:hr>
     <gpxdata:distance>12011.00</gpxdata:distance>
     <gpxdata:speed>7.594</gpxdata:speed>
    </extensions>
   </trkpt>
   <trkpt lat="51.0058818" lon="13.8670308">
    <ele>112</ele>
    <time>2026-08-11T17:59:41Z</time>
    <extensions>
     <gpxdata:hr>123</gpxdata:hr>
     <gpxdata:distance>12018.50</gpxdata:distance>
     <gpxdata:speed>7.667</gpxdata:speed>
    </extensions>
   </trkpt>
   <trkpt lat="51.0058235" lon="13.8670898">
    <ele>112</ele>
    <time>2026-08-11T17:59:42Z</time>
    <extensions>
     <gpxdata:hr>124</gpxdata:hr>
     <gpxdata:distance>12026.00</gpxdata:distance>
     <gpxdata:speed>7.706</gpxdata:speed>
    </extensions>
   </trkpt>
   <trkpt lat="51.0057650" lon="13.8671492">
    <ele>112</ele>
    <time>2026-08-11T17:59:43Z</time>
    <extensions>
     <gpxdata:hr>124</gpxdata:hr>
     <gpxdata:distance>12034.00</gpxdata:distance>
     <gpxdata:speed>7.678</gpxdata:speed>
    </extensions>
   </trkpt>
   <trkpt lat="51.0057062" lon="13.8672093">
    <ele>112</ele>
    <time>2026-08-11T17:59:44Z</time>
    <extensions>
     <gpxdata:hr>123</gpxdata:hr>
     <gpxdata:distance>12042.00</gpxdata:distance>
     <gpxdata:speed>7.722</gpxdata:speed>
    </extensions>
   </trkpt>
   <trkpt lat="51.0056473" lon="13.8672706">
    <ele>112</ele>
    <time>2026-08-11T17:59:45Z</time>
    <extensions>
     <gpxdata:hr>123</gpxdata:hr>
     <gpxdata:distance>12050.00</gpxdata:distance>
     <gpxdata:speed>7.775</gpxdata:speed>
    </extensions>
   </trkpt>
   <trkpt lat="51.0055885" lon="13.8673334">
    <ele>112</ele>
    <time>2026-08-11T17:59:46Z</time>
    <extensions>
     <gpxdata:hr>122</gpxdata:hr>
     <gpxdata:distance>12058.00</gpxdata:distance>
     <gpxdata:speed>7.822</gpxdata:speed>
    </extensions>
   </trkpt>
   <trkpt lat="51.0055292" lon="13.8673964">
    <ele>112</ele>
    <time>2026-08-11T17:59:47Z</time>
    <extensions>
     <gpxdata:hr>121</gpxdata:hr>
     <gpxdata:distance>12065.50</gpxdata:distance>
     <gpxdata:speed>7.864</gpxdata:speed>
    </extensions>
   </trkpt>
   <trkpt lat="51.0054680" lon="13.8674555">
    <ele>112</ele>
    <time>2026-08-11T17:59:48Z</time>
    <extensions>
     <gpxdata:hr>121</gpxdata:hr>
     <gpxdata:distance>12073.00</gpxdata:distance>
     <gpxdata:speed>7.900</gpxdata:speed>
    </extensions>
   </trkpt>
   <trkpt lat="51.0054036" lon="13.8675043">
    <ele>112</ele>
    <time>2026-08-11T17:59:49Z</time>
    <extensions>
     <gpxdata:hr>120</gpxdata:hr>
     <gpxdata:distance>12081.00</gpxdata:distance>
     <gpxdata:speed>7.936</gpxdata:speed>
    </extensions>
   </trkpt>
   <trkpt lat="51.0053377" lon="13.8675435">
    <ele>112</ele>
    <time>2026-08-11T17:59:50Z</time>
    <extensions>
     <gpxdata:hr>120</gpxdata:hr>
     <gpxdata:distance>12089.00</gpxdata:distance>
     <gpxdata:speed>7.950</gpxdata:speed>
    </extensions>
   </trkpt>
   <trkpt lat="51.0052722" lon="13.8675773">
    <ele>112</ele>
    <time>2026-08-11T17:59:51Z</time>
    <extensions>
     <gpxdata:hr>120</gpxdata:hr>
     <gpxdata:distance>12097.00</gpxdata:distance>
     <gpxdata:speed>7.906</gpxdata:speed>
    </extensions>
   </trkpt>
   <trkpt lat="51.0052077" lon="13.8676055">
    <ele>112</ele>
    <time>2026-08-11T17:59:52Z</time>
    <extensions>
     <gpxdata:hr>119</gpxdata:hr>
     <gpxdata:distance>12105.00</gpxdata:distance>
     <gpxdata:speed>7.806</gpxdata:speed>
    </extensions>
   </trkpt>
   <trkpt lat="51.0051431" lon="13.8676273">
    <ele>112</ele>
    <time>2026-08-11T17:59:53Z</time>
    <extensions>
     <gpxdata:hr>119</gpxdata:hr>
     <gpxdata:distance>12112.00</gpxdata:distance>
     <gpxdata:speed>7.672</gpxdata:speed>
    </extensions>
   </trkpt>
   <trkpt lat="51.0050784" lon="13.8676452">
    <ele>112</ele>
    <time>2026-08-11T17:59:54Z</time>
    <extensions>
     <gpxdata:hr>118</gpxdata:hr>
     <gpxdata:distance>12119.00</gpxdata:distance>
     <gpxdata:speed>7.564</gpxdata:speed>
    </extensions>
   </trkpt>
   <trkpt lat="51.0050142" lon="13.8676608">
    <ele>112</ele>
    <time>2026-08-11T17:59:55Z</time>
    <extensions>
     <gpxdata:hr>117</gpxdata:hr>
     <gpxdata:distance>12126.50</gpxdata:distance>
     <gpxdata:speed>7.478</gpxdata:speed>
    </extensions>
   </trkpt>
   <trkpt lat="51.0049498" lon="13.8676726">
    <ele>112</ele>
    <time>2026-08-11T17:59:56Z</time>
    <extensions>
     <gpxdata:hr>117</gpxdata:hr>
     <gpxdata:distance>12134.00</gpxdata:distance>
     <gpxdata:speed>7.383</gpxdata:speed>
    </extensions>
   </trkpt>
   <trkpt lat="51.0048836" lon="13.8676836">
    <ele>111</ele>
    <time>2026-08-11T17:59:57Z</time>
    <extensions>
     <gpxdata:hr>116</gpxdata:hr>
     <gpxdata:distance>12141.50</gpxdata:distance>
     <gpxdata:speed>7.322</gpxdata:speed>
    </extensions>
   </trkpt>
   <trkpt lat="51.0048153" lon="13.8676977">
    <ele>111</ele>
    <time>2026-08-11T17:59:58Z</time>
    <extensions>
     <gpxdata:hr>117</gpxdata:hr>
     <gpxdata:distance>12149.00</gpxdata:distance>
     <gpxdata:speed>7.358</gpxdata:speed>
    </extensions>
   </trkpt>
   <trkpt lat="51.0047462" lon="13.8677160">
    <ele>111</ele>
    <time>2026-08-11T17:59:59Z</time>
    <extensions>
     <gpxdata:hr>119</gpxdata:hr>
     <gpxdata:distance>12156.50</gpxdata:distance>
     <gpxdata:speed>7.478</gpxdata:speed>
    </extensions>
   </trkpt>
   <trkpt lat="51.0046771" lon="13.8677374">
    <ele>111</ele>
    <time>2026-08-11T18:00:00Z</time>
    <extensions>
     <gpxdata:hr>120</gpxdata:hr>
     <gpxdata:distance>12164.00</gpxdata:distance>
     <gpxdata:speed>7.581</gpxdata:speed>
    </extensions>
   </trkpt>
   <trkpt lat="51.0046088" lon="13.8677610">
    <ele>112</ele>
    <time>2026-08-11T18:00:01Z</time>
    <extensions>
     <gpxdata:hr>121</gpxdata:hr>
     <gpxdata:distance>12172.00</gpxdata:distance>
     <gpxdata:speed>7.658</gpxdata:speed>
    </extensions>
   </trkpt>
   <trkpt lat="51.0045421" lon="13.8677861">
    <ele>112</ele>
    <time>2026-08-11T18:00:02Z</time>
    <extensions>
     <gpxdata:hr>122</gpxdata:hr>
     <gpxdata:distance>12180.00</gpxdata:distance>
     <gpxdata:speed>7.683</gpxdata:speed>
    </extensions>
   </trkpt>
   <trkpt lat="51.0044770" lon="13.8678141">
    <ele>112</ele>
    <time>2026-08-11T18:00:03Z</time>
    <extensions>
     <gpxdata:hr>122</gpxdata:hr>
     <gpxdata:distance>12187.50</gpxdata:distance>
     <gpxdata:speed>7.653</gpxdata:speed>
    </extensions>
   </trkpt>
   <trkpt lat="51.0044144" lon="13.8678463">
    <ele>113</ele>
    <time>2026-08-11T18:00:04Z</time>
    <extensions>
     <gpxdata:hr>121</gpxdata:hr>
     <gpxdata:distance>12195.00</gpxdata:distance>
     <gpxdata:speed>7.600</gpxdata:speed>
    </extensions>
   </trkpt>
   <trkpt lat="51.0043552" lon="13.8678834">
    <ele>113</ele>
    <time>2026-08-11T18:00:05Z</time>
    <extensions>
     <gpxdata:hr>121</gpxdata:hr>
     <gpxdata:distance>12202.00</gpxdata:distance>
     <gpxdata:speed>7.503</gpxdata:speed>
    </extensions>
   </trkpt>
   <trkpt lat="51.0042996" lon="13.8679259">
    <ele>113</ele>
    <time>2026-08-11T18:00:06Z</time>
    <extensions>
     <gpxdata:hr>121</gpxdata:hr>
     <gpxdata:distance>12209.00</gpxdata:distance>
     <gpxdata:speed>7.353</gpxdata:speed>
    </extensions>
   </trkpt>
   <trkpt lat="51.0042466" lon="13.8679732">
    <ele>113</ele>
    <time>2026-08-11T18:00:07Z</time>
    <extensions>
     <gpxdata:hr>121</gpxdata:hr>
     <gpxdata:distance>12215.50</gpxdata:distance>
     <gpxdata:speed>7.183</gpxdata:speed>
    </extensions>
   </trkpt>
   <trkpt lat="51.0041941" lon="13.8680225">
    <ele>113</ele>
    <time>2026-08-11T18:00:08Z</time>
    <extensions>
     <gpxdata:hr>121</gpxdata:hr>
     <gpxdata:distance>12222.00</gpxdata:distance>
     <gpxdata:speed>7.039</gpxdata:speed>
    </extensions>
   </trkpt>
   <trkpt lat="51.0041411" lon="13.8680709">
    <ele>113</ele>
    <time>2026-08-11T18:00:09Z</time>
    <extensions>
     <gpxdata:hr>120</gpxdata:hr>
     <gpxdata:distance>12229.00</gpxdata:distance>
     <gpxdata:speed>6.908</gpxdata:speed>
    </extensions>
   </trkpt>
   <trkpt lat="51.0040865" lon="13.8681165">
    <ele>113</ele>
    <time>2026-08-11T18:00:10Z</time>
    <extensions>
     <gpxdata:hr>120</gpxdata:hr>
     <gpxdata:distance>12236.00</gpxdata:distance>
     <gpxdata:speed>6.856</gpxdata:speed>
    </extensions>
   </trkpt>
   <trkpt lat="51.0040313" lon="13.8681593">
    <ele>113</ele>
    <time>2026-08-11T18:00:11Z</time>
    <extensions>
     <gpxdata:hr>120</gpxdata:hr>
     <gpxdata:distance>12243.00</gpxdata:distance>
     <gpxdata:speed>6.872</gpxdata:speed>
    </extensions>
   </trkpt>
   <trkpt lat="51.0039760" lon="13.8681987">
    <ele>113</ele>
    <time>2026-08-11T18:00:12Z</time>
    <extensions>
     <gpxdata:hr>119</gpxdata:hr>
     <gpxdata:distance>12250.00</gpxdata:distance>
     <gpxdata:speed>6.839</gpxdata:speed>
    </extensions>
   </trkpt>
   <trkpt lat="51.0039211" lon="13.8682368">
    <ele>113</ele>
    <time>2026-08-11T18:00:13Z</time>
    <extensions>
     <gpxdata:hr>118</gpxdata:hr>
     <gpxdata:distance>12256.50</gpxdata:distance>
     <gpxdata:speed>6.758</gpxdata:speed>
    </extensions>
   </trkpt>
   <trkpt lat="51.0038675" lon="13.8682725">
    <ele>113</ele>
    <time>2026-08-11T18:00:14Z</time>
    <extensions>
     <gpxdata:hr>117</gpxdata:hr>
     <gpxdata:distance>12263.00</gpxdata:distance>
     <gpxdata:speed>6.706</gpxdata:speed>
    </extensions>
   </trkpt>
   <trkpt lat="51.0038150" lon="13.8683119">
    <ele>113</ele>
    <time>2026-08-11T18:00:15Z</time>
    <extensions>
     <gpxdata:hr>117</gpxdata:hr>
     <gpxdata:distance>12269.50</gpxdata:distance>
     <gpxdata:speed>6.558</gpxdata:speed>
    </extensions>
   </trkpt>
   <trkpt lat="51.0037630" lon="13.8683556">
    <ele>113</ele>
    <time>2026-08-11T18:00:16Z</time>
    <extensions>
     <gpxdata:hr>117</gpxdata:hr>
     <gpxdata:distance>12276.00</gpxdata:distance>
     <gpxdata:speed>6.533</gpxdata:speed>
    </extensions>
   </trkpt>
   <trkpt lat="51.0037101" lon="13.8684028">
    <ele>113</ele>
    <time>2026-08-11T18:00:17Z</time>
    <extensions>
     <gpxdata:hr>117</gpxdata:hr>
     <gpxdata:distance>12282.50</gpxdata:distance>
     <gpxdata:speed>6.558</gpxdata:speed>
    </extensions>
   </trkpt>
   <trkpt lat="51.0036561" lon="13.8684507">
    <ele>113</ele>
    <time>2026-08-11T18:00:18Z</time>
    <extensions>
     <gpxdata:hr>116</gpxdata:hr>
     <gpxdata:distance>12289.00</gpxdata:distance>
     <gpxdata:speed>6.650</gpxdata:speed>
    </extensions>
   </trkpt>
   <trkpt lat="51.0036010" lon="13.8684966">
    <ele>113</ele>
    <time>2026-08-11T18:00:19Z</time>
    <extensions>
     <gpxdata:hr>115</gpxdata:hr>
     <gpxdata:distance>12296.00</gpxdata:distance>
     <gpxdata:speed>6.733</gpxdata:speed>
    </extensions>
   </trkpt>
   <trkpt lat="51.0035452" lon="13.8685379">
    <ele>113</ele>
    <time>2026-08-11T18:00:20Z</time>
    <extensions>
     <gpxdata:hr>115</gpxdata:hr>
     <gpxdata:distance>12303.00</gpxdata:distance>
     <gpxdata:speed>6.797</gpxdata:speed>
    </extensions>
   </trkpt>
   <trkpt lat="51.0034911" lon="13.8685784">
    <ele>113</ele>
    <time>2026-08-11T18:00:21Z</time>
    <extensions>
     <gpxdata:hr>115</gpxdata:hr>
     <gpxdata:distance>12309.50</gpxdata:distance>
     <gpxdata:speed>6.800</gpxdata:speed>
    </extensions>
   </trkpt>
   <trkpt lat="51.0034391" lon="13.8686217">
    <ele>113</ele>
    <time>2026-08-11T18:00:22Z</time>
    <extensions>
     <gpxdata:hr>115</gpxdata:hr>
     <gpxdata:distance>12316.00</gpxdata:distance>
     <gpxdata:speed>6.739</gpxdata:speed>
    </extensions>
   </trkpt>
   <trkpt lat="51.0033877" lon="13.8686700">
    <ele>113</ele>
    <time>2026-08-11T18:00:23Z</time>
    <extensions>
     <gpxdata:hr>115</gpxdata:hr>
     <gpxdata:distance>12323.00</gpxdata:distance>
     <gpxdata:speed>6.669</gpxdata:speed>
    </extensions>
   </trkpt>
   <trkpt lat="51.0033351" lon="13.8687186">
    <ele>113</ele>
    <time>2026-08-11T18:00:24Z</time>
    <extensions>
     <gpxdata:hr>115</gpxdata:hr>
     <gpxdata:distance>12330.00</gpxdata:distance>
     <gpxdata:speed>6.683</gpxdata:speed>
    </extensions>
   </trkpt>
   <trkpt lat="51.0032812" lon="13.8687652">
    <ele>113</ele>
    <time>2026-08-11T18:00:25Z</time>
    <extensions>
     <gpxdata:hr>115</gpxdata:hr>
     <gpxdata:distance>12336.50</gpxdata:distance>
     <gpxdata:speed>6.728</gpxdata:speed>
    </extensions>
   </trkpt>
   <trkpt lat="51.0032263" lon="13.8688081">
    <ele>113</ele>
    <time>2026-08-11T18:00:26Z</time>
    <extensions>
     <gpxdata:hr>114</gpxdata:hr>
     <gpxdata:distance>12343.00</gpxdata:distance>
     <gpxdata:speed>6.764</gpxdata:speed>
    </extensions>
   </trkpt>
   <trkpt lat="51.0031713" lon="13.8688488">
    <ele>113</ele>
    <time>2026-08-11T18:00:27Z</time>
    <extensions>
     <gpxdata:hr>113</gpxdata:hr>
     <gpxdata:distance>12350.00</gpxdata:distance>
     <gpxdata:speed>6.775</gpxdata:speed>
    </extensions>
   </trkpt>
   <trkpt lat="51.0031165" lon="13.8688908">
    <ele>113</ele>
    <time>2026-08-11T18:00:28Z</time>
    <extensions>
     <gpxdata:hr>114</gpxdata:hr>
     <gpxdata:distance>12357.00</gpxdata:distance>
     <gpxdata:speed>6.758</gpxdata:speed>
    </extensions>
   </trkpt>
   <trkpt lat="51.0030618" lon="13.8689339">
    <ele>113</ele>
    <time>2026-08-11T18:00:29Z</time>
    <extensions>
     <gpxdata:hr>114</gpxdata:hr>
     <gpxdata:distance>12363.50</gpxdata:distance>
     <gpxdata:speed>6.769</gpxdata:speed>
    </extensions>
   </trkpt>
   <trkpt lat="51.0030077" lon="13.8689800">
    <ele>113</ele>
    <time>2026-08-11T18:00:30Z</time>
    <extensions>
     <gpxdata:hr>115</gpxdata:hr>
     <gpxdata:distance>12370.00</gpxdata:distance>
     <gpxdata:speed>6.775</gpxdata:speed>
    </extensions>
   </trkpt>
   <trkpt lat="51.0029541" lon="13.8690282">
    <ele>113</ele>
    <time>2026-08-11T18:00:31Z</time>
    <extensions>
     <gpxdata:hr>116</gpxdata:hr>
     <gpxdata:distance>12377.00</gpxdata:distance>
     <gpxdata:speed>6.800</gpxdata:speed>
    </extensions>
   </trkpt>
   <trkpt lat="51.0028999" lon="13.8690758">
    <ele>113</ele>
    <time>2026-08-11T18:00:32Z</time>
    <extensions>
     <gpxdata:hr>116</gpxdata:hr>
     <gpxdata:distance>12384.00</gpxdata:distance>
     <gpxdata:speed>6.822</gpxdata:speed>
    </extensions>
   </trkpt>
   <trkpt lat="51.0028451" lon="13.8691235">
    <ele>113</ele>
    <time>2026-08-11T18:00:33Z</time>
    <extensions>
     <gpxdata:hr>116</gpxdata:hr>
     <gpxdata:distance>12391.00</gpxdata:distance>
     <gpxdata:speed>6.844</gpxdata:speed>
    </extensions>
   </trkpt>
   <trkpt lat="51.0027894" lon="13.8691698">
    <ele>113</ele>
    <time>2026-08-11T18:00:34Z</time>
    <extensions>
     <gpxdata:hr>116</gpxdata:hr>
     <gpxdata:distance>12398.00</gpxdata:distance>
     <gpxdata:speed>6.883</gpxdata:speed>
    </extensions>
   </trkpt>
   <trkpt lat="51.0027341" lon="13.8692146">
    <ele>113</ele>
    <time>2026-08-11T18:00:35Z</time>
    <extensions>
     <gpxdata:hr>116</gpxdata:hr>
     <gpxdata:distance>12405.00</gpxdata:distance>
     <gpxdata:speed>6.925</gpxdata:speed>
    </extensions>
   </trkpt>
   <trkpt lat="51.0026804" lon="13.8692584">
    <ele>113</ele>
    <time>2026-08-11T18:00:36Z</time>
    <extensions>
     <gpxdata:hr>116</gpxdata:hr>
     <gpxdata:distance>12412.00</gpxdata:distance>
     <gpxdata:speed>6.908</gpxdata:speed>
    </extensions>
   </trkpt>
   <trkpt lat="51.0026283" lon="13.8693011">
    <ele>113</ele>
    <time>2026-08-11T18:00:37Z</time>
    <extensions>
     <gpxdata:hr>116</gpxdata:hr>
     <gpxdata:distance>12418.50</gpxdata:distance>
     <gpxdata:speed>6.831</gpxdata:speed>
    </extensions>
   </trkpt>
   <trkpt lat="51.0025779" lon="13.8693441">
    <ele>113</ele>
    <time>2026-08-11T18:00:38Z</time>
    <extensions>
     <gpxdata:hr>115</gpxdata:hr>
     <gpxdata:distance>12425.00</gpxdata:distance>
     <gpxdata:speed>6.719</gpxdata:speed>
    </extensions>
   </trkpt>
   <trkpt lat="51.0025281" lon="13.8693897">
    <ele>113</ele>
    <time>2026-08-11T18:00:39Z</time>
    <extensions>
     <gpxdata:hr>115</gpxdata:hr>
     <gpxdata:distance>12431.50</gpxdata:distance>
     <gpxdata:speed>6.600</gpxdata:speed>
    </extensions>
   </trkpt>
   <trkpt lat="51.0024772" lon="13.8694381">
    <ele>114</ele>
    <time>2026-08-11T18:00:40Z</time>
    <extensions>
     <gpxdata:hr>115</gpxdata:hr>
     <gpxdata:distance>12438.00</gpxdata:distance>
     <gpxdata:speed>6.542</gpxdata:speed>
    </extensions>
   </trkpt>
   <trkpt lat="51.0024249" lon="13.8694867">
    <ele>114</ele>
    <time>2026-08-11T18:00:41Z</time>
    <extensions>
     <gpxdata:hr>116</gpxdata:hr>
     <gpxdata:distance>12444.50</gpxdata:distance>
     <gpxdata:speed>6.586</gpxdata:speed>
    </extensions>
   </trkpt>
   <trkpt lat="51.0023733" lon="13.8695331">
    <ele>114</ele>
    <time>2026-08-11T18:00:42Z</time>
    <extensions>
     <gpxdata:hr>116</gpxdata:hr>
     <gpxdata:distance>12451.00</gpxdata:distance>
     <gpxdata:speed>6.647</gpxdata:speed>
    </extensions>
   </trkpt>
   <trkpt lat="51.0023237" lon="13.8695782">
    <ele>114</ele>
    <time>2026-08-11T18:00:43Z</time>
    <extensions>
     <gpxdata:hr>116</gpxdata:hr>
     <gpxdata:distance>12457.50</gpxdata:distance>
     <gpxdata:speed>6.608</gpxdata:speed>
    </extensions>
   </trkpt>
   <trkpt lat="51.0022752" lon="13.8696201">
    <ele>114</ele>
    <time>2026-08-11T18:00:44Z</time>
    <extensions>
     <gpxdata:hr>116</gpxdata:hr>
     <gpxdata:distance>12464.00</gpxdata:distance>
     <gpxdata:speed>6.506</gpxdata:speed>
    </extensions>
   </trkpt>
   <trkpt lat="51.0022254" lon="13.8696628">
    <ele>113</ele>
    <time>2026-08-11T18:00:45Z</time>
    <extensions>
     <gpxdata:hr>115</gpxdata:hr>
     <gpxdata:distance>12470.00</gpxdata:distance>
     <gpxdata:speed>6.372</gpxdata:speed>
    </extensions>
   </trkpt>
   <trkpt lat="51.0021745" lon="13.8697060">
    <ele>113</ele>
    <time>2026-08-11T18:00:46Z</time>
    <extensions>
     <gpxdata:hr>115</gpxdata:hr>
     <gpxdata:distance>12476.00</gpxdata:distance>
     <gpxdata:speed>6.369</gpxdata:speed>
    </extensions>
   </trkpt>
   <trkpt lat="51.0021226" lon="13.8697501">
    <ele>113</ele>
    <time>2026-08-11T18:00:47Z</time>
    <extensions>
     <gpxdata:hr>114</gpxdata:hr>
     <gpxdata:distance>12483.00</gpxdata:distance>
     <gpxdata:speed>6.406</gpxdata:speed>
    </extensions>
   </trkpt>
   <trkpt lat="51.0020697" lon="13.8697953">
    <ele>113</ele>
    <time>2026-08-11T18:00:48Z</time>
    <extensions>
     <gpxdata:hr>114</gpxdata:hr>
     <gpxdata:distance>12490.00</gpxdata:distance>
     <gpxdata:speed>6.456</gpxdata:speed>
    </extensions>
   </trkpt>
   <trkpt lat="51.0020157" lon="13.8698402">
    <ele>113</ele>
    <time>2026-08-11T18:00:49Z</time>
    <extensions>
     <gpxdata:hr>113</gpxdata:hr>
     <gpxdata:distance>12496.50</gpxdata:distance>
     <gpxdata:speed>6.539</gpxdata:speed>
    </extensions>
   </trkpt>
   <trkpt lat="51.0019613" lon="13.8698822">
    <ele>113</ele>
    <time>2026-08-11T18:00:50Z</time>
    <extensions>
     <gpxdata:hr>112</gpxdata:hr>
     <gpxdata:distance>12503.00</gpxdata:distance>
     <gpxdata:speed>6.622</gpxdata:speed>
    </extensions>
   </trkpt>
   <trkpt lat="51.0019072" lon="13.8699232">
    <ele>113</ele>
    <time>2026-08-11T18:00:51Z</time>
    <extensions>
     <gpxdata:hr>112</gpxdata:hr>
     <gpxdata:distance>12509.50</gpxdata:distance>
     <gpxdata:speed>6.647</gpxdata:speed>
    </extensions>
   </trkpt>
   <trkpt lat="51.0018531" lon="13.8699676">
    <ele>113</ele>
    <time>2026-08-11T18:00:52Z</time>
    <extensions>
     <gpxdata:hr>111</gpxdata:hr>
     <gpxdata:distance>12516.00</gpxdata:distance>
     <gpxdata:speed>6.650</gpxdata:speed>
    </extensions>
   </trkpt>
   <trkpt lat="51.0017998" lon="13.8700144">
    <ele>113</ele>
    <time>2026-08-11T18:00:53Z</time>
    <extensions>
     <gpxdata:hr>111</gpxdata:hr>
     <gpxdata:distance>12523.00</gpxdata:distance>
     <gpxdata:speed>6.706</gpxdata:speed>
    </extensions>
   </trkpt>
   <trkpt lat="51.0017466" lon="13.8700620">
    <ele>113</ele>
    <time>2026-08-11T18:00:54Z</time>
    <extensions>
     <gpxdata:hr>112</gpxdata:hr>
     <gpxdata:distance>12530.00</gpxdata:distance>
     <gpxdata:speed>6.731</gpxdata:speed>
    </extensions>
   </trkpt>
   <trkpt lat="51.0016928" lon="13.8701101">
    <ele>113</ele>
    <time>2026-08-11T18:00:55Z</time>
    <extensions>
     <gpxdata:hr>112</gpxdata:hr>
     <gpxdata:distance>12537.00</gpxdata:distance>
     <gpxdata:speed>6.756</gpxdata:speed>
    </extensions>
   </trkpt>
   <trkpt lat="51.0016396" lon="13.8701578">
    <ele>113</ele>
    <time>2026-08-11T18:00:56Z</time>
    <extensions>
     <gpxdata:hr>112</gpxdata:hr>
     <gpxdata:distance>12544.00</gpxdata:distance>
     <gpxdata:speed>6.800</gpxdata:speed>
    </extensions>
   </trkpt>
   <trkpt lat="51.0015878" lon="13.8702059">
    <ele>113</ele>
    <time>2026-08-11T18:00:57Z</time>
    <extensions>
     <gpxdata:hr>112</gpxdata:hr>
     <gpxdata:distance>12550.50</gpxdata:distance>
     <gpxdata:speed>6.792</gpxdata:speed>
    </extensions>
   </trkpt>
   <trkpt lat="51.0015373" lon="13.8702524">
    <ele>113</ele>
    <time>2026-08-11T18:00:58Z</time>
    <extensions>
     <gpxdata:hr>112</gpxdata:hr>
     <gpxdata:distance>12557.00</gpxdata:distance>
     <gpxdata:speed>6.742</gpxdata:speed>
    </extensions>
   </trkpt>
   <trkpt lat="51.0014870" lon="13.8702994">
    <ele>113</ele>
    <time>2026-08-11T18:00:59Z</time>
    <extensions>
     <gpxdata:hr>111</gpxdata:hr>
     <gpxdata:distance>12563.50</gpxdata:distance>
     <gpxdata:speed>6.653</gpxdata:speed>
    </extensions>
   </trkpt>
   <trkpt lat="51.0014369" lon="13.8703470">
    <ele>113</ele>
    <time>2026-08-11T18:01:00Z</time>
    <extensions>
     <gpxdata:hr>111</gpxdata:hr>
     <gpxdata:distance>12570.00</gpxdata:distance>
     <gpxdata:speed>6.608</gpxdata:speed>
    </extensions>
   </trkpt>
   <trkpt lat="51.0013865" lon="13.8703936">
    <ele>113</ele>
    <time>2026-08-11T18:01:01Z</time>
    <extensions>
     <gpxdata:hr>111</gpxdata:hr>
     <gpxdata:distance>12576.50</gpxdata:distance>
     <gpxdata:speed>6.581</gpxdata:speed>
    </extensions>
   </trkpt>
   <trkpt lat="51.0013363" lon="13.8704387">
    <ele>114</ele>
    <time>2026-08-11T18:01:02Z</time>
    <extensions>
     <gpxdata:hr>112</gpxdata:hr>
     <gpxdata:distance>12583.00</gpxdata:distance>
     <gpxdata:speed>6.547</gpxdata:speed>
    </extensions>
   </trkpt>
   <trkpt lat="51.0012866" lon="13.8704881">
    <ele>114</ele>
    <time>2026-08-11T18:01:03Z</time>
    <extensions>
     <gpxdata:hr>112</gpxdata:hr>
     <gpxdata:distance>12589.50</gpxdata:distance>
     <gpxdata:speed>6.497</gpxdata:speed>
    </extensions>
   </trkpt>
   <trkpt lat="51.0012377" lon="13.8705406">
    <ele>114</ele>
    <time>2026-08-11T18:01:04Z</time>
    <extensions>
     <gpxdata:hr>112</gpxdata:hr>
     <gpxdata:distance>12596.00</gpxdata:distance>
     <gpxdata:speed>6.522</gpxdata:speed>
    </extensions>
   </trkpt>
   <trkpt lat="51.0011897" lon="13.8705911">
    <ele>114</ele>
    <time>2026-08-11T18:01:05Z</time>
    <extensions>
     <gpxdata:hr>112</gpxdata:hr>
     <gpxdata:distance>12602.50</gpxdata:distance>
     <gpxdata:speed>6.536</gpxdata:speed>
    </extensions>
   </trkpt>
   <trkpt lat="51.0011420" lon="13.8706394">
    <ele>114</ele>
    <time>2026-08-11T18:01:06Z</time>
    <extensions>
     <gpxdata:hr>113</gpxdata:hr>
     <gpxdata:distance>12609.00</gpxdata:distance>
     <gpxdata:speed>6.469</gpxdata:speed>
    </extensions>
   </trkpt>
   <trkpt lat="51.0010933" lon="13.8706893">
    <ele>114</ele>
    <time>2026-08-11T18:01:07Z</time>
    <extensions>
     <gpxdata:hr>113</gpxdata:hr>
     <gpxdata:distance>12615.50</gpxdata:distance>
     <gpxdata:speed>6.408</gpxdata:speed>
    </extensions>
   </trkpt>
   <trkpt lat="51.0010440" lon="13.8707407">
    <ele>114</ele>
    <time>2026-08-11T18:01:08Z</time>
    <extensions>
     <gpxdata:hr>113</gpxdata:hr>
     <gpxdata:distance>12622.00</gpxdata:distance>
     <gpxdata:speed>6.439</gpxdata:speed>
    </extensions>
   </trkpt>
   <trkpt lat="51.0009943" lon="13.8707935">
    <ele>114</ele>
    <time>2026-08-11T18:01:09Z</time>
    <extensions>
     <gpxdata:hr>114</gpxdata:hr>
     <gpxdata:distance>12628.50</gpxdata:distance>
     <gpxdata:speed>6.489</gpxdata:speed>
    </extensions>
   </trkpt>
   <trkpt lat="51.0009447" lon="13.8708510">
    <ele>114</ele>
    <time>2026-08-11T18:01:10Z</time>
    <extensions>
     <gpxdata:hr>115</gpxdata:hr>
     <gpxdata:distance>12635.00</gpxdata:distance>
     <gpxdata:speed>6.547</gpxdata:speed>
    </extensions>
   </trkpt>
   <trkpt lat="51.0008980" lon="13.8709172">
    <ele>114</ele>
    <time>2026-08-11T18:01:11Z</time>
    <extensions>
     <gpxdata:hr>115</gpxdata:hr>
     <gpxdata:distance>12642.00</gpxdata:distance>
     <gpxdata:speed>6.656</gpxdata:speed>
    </extensions>
   </trkpt>
   <trkpt lat="51.0008542" lon="13.8709934">
    <ele>114</ele>
    <time>2026-08-11T18:01:12Z</time>
    <extensions>
     <gpxdata:hr>116</gpxdata:hr>
     <gpxdata:distance>12649.00</gpxdata:distance>
     <gpxdata:speed>6.772</gpxdata:speed>
    </extensions>
   </trkpt>
   <trkpt lat="51.0008118" lon="13.8710779">
    <ele>114</ele>
    <time>2026-08-11T18:01:13Z</time>
    <extensions>
     <gpxdata:hr>116</gpxdata:hr>
     <gpxdata:distance>12656.50</gpxdata:distance>
     <gpxdata:speed>6.947</gpxdata:speed>
    </extensions>
   </trkpt>
   <trkpt lat="51.0007685" lon="13.8711690">
    <ele>114</ele>
    <time>2026-08-11T18:01:14Z</time>
    <extensions>
     <gpxdata:hr>116</gpxdata:hr>
     <gpxdata:distance>12664.00</gpxdata:distance>
     <gpxdata:speed>7.172</gpxdata:speed>
    </extensions>
   </trkpt>
   <trkpt lat="51.0007236" lon="13.8712636">
    <ele>114</ele>
    <time>2026-08-11T18:01:15Z</time>
    <extensions>
     <gpxdata:hr>116</gpxdata:hr>
     <gpxdata:distance>12672.50</gpxdata:distance>
     <gpxdata:speed>7.469</gpxdata:speed>
    </extensions>
   </trkpt>
   <trkpt lat="51.0006775" lon="13.8713594">
    <ele>114</ele>
    <time>2026-08-11T18:01:16Z</time>
    <extensions>
     <gpxdata:hr>115</gpxdata:hr>
     <gpxdata:distance>12681.00</gpxdata:distance>
     <gpxdata:speed>7.750</gpxdata:speed>
    </extensions>
   </trkpt>
   <trkpt lat="51.0006304" lon="13.8714537">
    <ele>114</ele>
    <time>2026-08-11T18:01:17Z</time>
    <extensions>
     <gpxdata:hr>115</gpxdata:hr>
     <gpxdata:distance>12689.50</gpxdata:distance>
     <gpxdata:speed>7.981</gpxdata:speed>
    </extensions>
   </trkpt>
   <trkpt lat="51.0005820" lon="13.8715445">
    <ele>114</ele>
    <time>2026-08-11T18:01:18Z</time>
    <extensions>
     <gpxdata:hr>114</gpxdata:hr>
     <gpxdata:distance>12698.00</gpxdata:distance>
     <gpxdata:speed>8.303</gpxdata:speed>
    </extensions>
   </trkpt>
   <trkpt lat="51.0005325" lon="13.8716313">
    <ele>113</ele>
    <time>2026-08-11T18:01:19Z</time>
    <extensions>
     <gpxdata:hr>113</gpxdata:hr>
     <gpxdata:distance>12706.00</gpxdata:distance>
     <gpxdata:speed>8.281</gpxdata:speed>
    </extensions>
   </trkpt>
   <trkpt lat="51.0004813" lon="13.8717148">
    <ele>113</ele>
    <time>2026-08-11T18:01:20Z</time>
    <extensions>
     <gpxdata:hr>113</gpxdata:hr>
     <gpxdata:distance>12714.00</gpxdata:distance>
     <gpxdata:speed>8.208</gpxdata:speed>
    </extensions>
   </trkpt>
   <trkpt lat="51.0004290" lon="13.8717959">
    <ele>113</ele>
    <time>2026-08-11T18:01:21Z</time>
    <extensions>
     <gpxdata:hr>113</gpxdata:hr>
     <gpxdata:distance>12722.50</gpxdata:distance>
     <gpxdata:speed>8.183</gpxdata:speed>
    </extensions>
   </trkpt>
   <trkpt lat="51.0003766" lon="13.8718747">
    <ele>113</ele>
    <time>2026-08-11T18:01:22Z</time>
    <extensions>
     <gpxdata:hr>112</gpxdata:hr>
     <gpxdata:distance>12731.00</gpxdata:distance>
     <gpxdata:speed>8.189</gpxdata:speed>
    </extensions>
   </trkpt>
   <trkpt lat="51.0003249" lon="13.8719511">
    <ele>113</ele>
    <time>2026-08-11T18:01:23Z</time>
    <extensions>
     <gpxdata:hr>111</gpxdata:hr>
     <gpxdata:distance>12738.50</gpxdata:distance>
     <gpxdata:speed>8.136</gpxdata:speed>
    </extensions>
   </trkpt>
   <trkpt lat="51.0002731" lon="13.8720287">
    <ele>113</ele>
    <time>2026-08-11T18:01:24Z</time>
    <extensions>
     <gpxdata:hr>112</gpxdata:hr>
     <gpxdata:distance>12746.00</gpxdata:distance>
     <gpxdata:speed>8.036</gpxdata:speed>
    </extensions>
   </trkpt>
   <trkpt lat="51.0002231" lon="13.8721075">
    <ele>113</ele>
    <time>2026-08-11T18:01:25Z</time>
    <extensions>
     <gpxdata:hr>110</gpxdata:hr>
     <gpxdata:distance>12754.00</gpxdata:distance>
     <gpxdata:speed>8.011</gpxdata:speed>
    </extensions>
   </trkpt>
   <trkpt lat="51.0001768" lon="13.8721915">
    <ele>113</ele>
    <time>2026-08-11T18:01:26Z</time>
    <extensions>
     <gpxdata:hr>110</gpxdata:hr>
     <gpxdata:distance>12762.00</gpxdata:distance>
     <gpxdata:speed>7.947</gpxdata:speed>
    </extensions>
   </trkpt>
   <trkpt lat="51.0001336" lon="13.8722786">
    <ele>113</ele>
    <time>2026-08-11T18:01:27Z</time>
    <extensions>
     <gpxdata:hr>109</gpxdata:hr>
     <gpxdata:distance>12770.00</gpxdata:distance>
     <gpxdata:speed>7.917</gpxdata:speed>
    </extensions>
   </trkpt>
   <trkpt lat="51.0000907" lon="13.8723652">
    <ele>113</ele>
    <time>2026-08-11T18:01:28Z</time>
    <extensions>
     <gpxdata:hr>110</gpxdata:hr>
     <gpxdata:distance>12778.00</gpxdata:distance>
     <gpxdata:speed>7.861</gpxdata:speed>
    </extensions>
   </trkpt>
   <trkpt lat="51.0000466" lon="13.8724519">
    <ele>113</ele>
    <time>2026-08-11T18:01:29Z</time>
    <extensions>
     <gpxdata:hr>111</gpxdata:hr>
     <gpxdata:distance>12785.50</gpxdata:distance>
     <gpxdata:speed>7.808</gpxdata:speed>
    </extensions>
   </trkpt>
   <trkpt lat="51.0000004" lon="13.8725376">
    <ele>113</ele>
    <time>2026-08-11T18:01:30Z</time>
    <extensions>
     <gpxdata:hr>111</gpxdata:hr>
     <gpxdata:distance>12793.00</gpxdata:distance>
     <gpxdata:speed>7.814</gpxdata:speed>
    </extensions>
   </trkpt>
   <trkpt lat="50.9999502" lon="13.8726182">
    <ele>113</ele>
    <time>2026-08-11T18:01:31Z</time>
    <extensions>
     <gpxdata:hr>112</gpxdata:hr>
     <gpxdata:distance>12801.00</gpxdata:distance>
     <gpxdata:speed>7.853</gpxdata:speed>
    </extensions>
   </trkpt>
   <trkpt lat="50.9998936" lon="13.8726863">
    <ele>113</ele>
    <time>2026-08-11T18:01:32Z</time>
    <extensions>
     <gpxdata:hr>113</gpxdata:hr>
     <gpxdata:distance>12809.00</gpxdata:distance>
     <gpxdata:speed>7.886</gpxdata:speed>
    </extensions>
   </trkpt>
   <trkpt lat="50.9998314" lon="13.8727402">
    <ele>112</ele>
    <time>2026-08-11T18:01:33Z</time>
    <extensions>
     <gpxdata:hr>114</gpxdata:hr>
     <gpxdata:distance>12817.00</gpxdata:distance>
     <gpxdata:speed>7.911</gpxdata:speed>
    </extensions>
   </trkpt>
   <trkpt lat="50.9997666" lon="13.8727857">
    <ele>112</ele>
    <time>2026-08-11T18:01:34Z</time>
    <extensions>
     <gpxdata:hr>115</gpxdata:hr>
     <gpxdata:distance>12825.00</gpxdata:distance>
     <gpxdata:speed>7.919</gpxdata:speed>
    </extensions>
   </trkpt>
   <trkpt lat="50.9997023" lon="13.8728301">
    <ele>112</ele>
    <time>2026-08-11T18:01:35Z</time>
    <extensions>
     <gpxdata:hr>115</gpxdata:hr>
     <gpxdata:distance>12832.50</gpxdata:distance>
     <gpxdata:speed>7.903</gpxdata:speed>
    </extensions>
   </trkpt>
   <trkpt lat="50.9996402" lon="13.8728801">
    <ele>112</ele>
    <time>2026-08-11T18:01:36Z</time>
    <extensions>
     <gpxdata:hr>115</gpxdata:hr>
     <gpxdata:distance>12840.00</gpxdata:distance>
     <gpxdata:speed>7.853</gpxdata:speed>
    </extensions>
   </trkpt>
   <trkpt lat="50.9995804" lon="13.8729383">
    <ele>112</ele>
    <time>2026-08-11T18:01:37Z</time>
    <extensions>
     <gpxdata:hr>115</gpxdata:hr>
     <gpxdata:distance>12848.00</gpxdata:distance>
     <gpxdata:speed>7.819</gpxdata:speed>
    </extensions>
   </trkpt>
   <trkpt lat="50.9995224" lon="13.8730045">
    <ele>112</ele>
    <time>2026-08-11T18:01:38Z</time>
    <extensions>
     <gpxdata:hr>115</gpxdata:hr>
     <gpxdata:distance>12856.00</gpxdata:distance>
     <gpxdata:speed>7.831</gpxdata:speed>
    </extensions>
   </trkpt>
   <trkpt lat="50.9994649" lon="13.8730766">
    <ele>112</ele>
    <time>2026-08-11T18:01:39Z</time>
    <extensions>
     <gpxdata:hr>115</gpxdata:hr>
     <gpxdata:distance>12864.50</gpxdata:distance>
     <gpxdata:speed>7.883</gpxdata:speed>
    </extensions>
   </trkpt>
   <trkpt lat="50.9994070" lon="13.8731511">
    <ele>112</ele>
    <time>2026-08-11T18:01:40Z</time>
    <extensions>
     <gpxdata:hr>115</gpxdata:hr>
     <gpxdata:distance>12873.00</gpxdata:distance>
     <gpxdata:speed>7.989</gpxdata:speed>
    </extensions>
   </trkpt>
   <trkpt lat="50.9993486" lon="13.8732260">
    <ele>112</ele>
    <time>2026-08-11T18:01:41Z</time>
    <extensions>
     <gpxdata:hr>115</gpxdata:hr>
     <gpxdata:distance>12881.00</gpxdata:distance>
     <gpxdata:speed>8.089</gpxdata:speed>
    </extensions>
   </trkpt>
   <trkpt lat="50.9992882" lon="13.8732962">
    <ele>112</ele>
    <time>2026-08-11T18:01:42Z</time>
    <extensions>
     <gpxdata:hr>114</gpxdata:hr>
     <gpxdata:distance>12889.00</gpxdata:distance>
     <gpxdata:speed>8.175</gpxdata:speed>
    </extensions>
   </trkpt>
   <trkpt lat="50.9992248" lon="13.8733579">
    <ele>112</ele>
    <time>2026-08-11T18:01:43Z</time>
    <extensions>
     <gpxdata:hr>114</gpxdata:hr>
     <gpxdata:distance>12897.50</gpxdata:distance>
     <gpxdata:speed>8.222</gpxdata:speed>
    </extensions>
   </trkpt>
   <trkpt lat="50.9991590" lon="13.8734121">
    <ele>112</ele>
    <time>2026-08-11T18:01:44Z</time>
    <extensions>
     <gpxdata:hr>113</gpxdata:hr>
     <gpxdata:distance>12906.00</gpxdata:distance>
     <gpxdata:speed>8.247</gpxdata:speed>
    </extensions>
   </trkpt>
   <trkpt lat="50.9990923" lon="13.8734621">
    <ele>112</ele>
    <time>2026-08-11T18:01:45Z</time>
    <extensions>
     <gpxdata:hr>113</gpxdata:hr>
     <gpxdata:distance>12914.00</gpxdata:distance>
     <gpxdata:speed>8.253</gpxdata:speed>
    </extensions>
   </trkpt>
   <trkpt lat="50.9990251" lon="13.8735098">
    <ele>112</ele>
    <time>2026-08-11T18:01:46Z</time>
    <extensions>
     <gpxdata:hr>112</gpxdata:hr>
     <gpxdata:distance>12922.00</gpxdata:distance>
     <gpxdata:speed>8.242</gpxdata:speed>
    </extensions>
   </trkpt>
   <trkpt lat="50.9989577" lon="13.8735561">
    <ele>112</ele>
    <time>2026-08-11T18:01:47Z</time>
    <extensions>
     <gpxdata:hr>111</gpxdata:hr>
     <gpxdata:distance>12930.00</gpxdata:distance>
     <gpxdata:speed>8.231</gpxdata:speed>
    </extensions>
   </trkpt>
   <trkpt lat="50.9988900" lon="13.8736008">
    <ele>112</ele>
    <time>2026-08-11T18:01:48Z</time>
    <extensions>
     <gpxdata:hr>111</gpxdata:hr>
     <gpxdata:distance>12938.00</gpxdata:distance>
     <gpxdata:speed>8.217</gpxdata:speed>
    </extensions>
   </trkpt>
   <trkpt lat="50.9988225" lon="13.8736435">
    <ele>112</ele>
    <time>2026-08-11T18:01:49Z</time>
    <extensions>
     <gpxdata:hr>111</gpxdata:hr>
     <gpxdata:distance>12946.50</gpxdata:distance>
     <gpxdata:speed>8.194</gpxdata:speed>
    </extensions>
   </trkpt>
   <trkpt lat="50.9987549" lon="13.8736835">
    <ele>112</ele>
    <time>2026-08-11T18:01:50Z</time>
    <extensions>
     <gpxdata:hr>111</gpxdata:hr>
     <gpxdata:distance>12955.00</gpxdata:distance>
     <gpxdata:speed>8.153</gpxdata:speed>
    </extensions>
   </trkpt>
   <trkpt lat="50.9986871" lon="13.8737209">
    <ele>112</ele>
    <time>2026-08-11T18:01:51Z</time>
    <extensions>
     <gpxdata:hr>111</gpxdata:hr>
     <gpxdata:distance>12963.00</gpxdata:distance>
     <gpxdata:speed>8.108</gpxdata:speed>
    </extensions>
   </trkpt>
   <trkpt lat="50.9986194" lon="13.8737575">
    <ele>112</ele>
    <time>2026-08-11T18:01:52Z</time>
    <extensions>
     <gpxdata:hr>112</gpxdata:hr>
     <gpxdata:distance>12971.00</gpxdata:distance>
     <gpxdata:speed>8.061</gpxdata:speed>
    </extensions>
   </trkpt>
   <trkpt lat="50.9985528" lon="13.8737944">
    <ele>112</ele>
    <time>2026-08-11T18:01:53Z</time>
    <extensions>
     <gpxdata:hr>111</gpxdata:hr>
     <gpxdata:distance>12978.50</gpxdata:distance>
     <gpxdata:speed>8.025</gpxdata:speed>
    </extensions>
   </trkpt>
   <trkpt lat="50.9984884" lon="13.8738338">
    <ele>112</ele>
    <time>2026-08-11T18:01:54Z</time>
    <extensions>
     <gpxdata:hr>111</gpxdata:hr>
     <gpxdata:distance>12986.00</gpxdata:distance>
     <gpxdata:speed>7.953</gpxdata:speed>
    </extensions>
   </trkpt>
   <trkpt lat="50.9984260" lon="13.8738741">
    <ele>112</ele>
    <time>2026-08-11T18:01:55Z</time>
    <extensions>
     <gpxdata:hr>112</gpxdata:hr>
     <gpxdata:distance>12993.50</gpxdata:distance>
     <gpxdata:speed>7.850</gpxdata:speed>
    </extensions>
   </trkpt>
   <trkpt lat="50.9983652" lon="13.8739131">
    <ele>112</ele>
    <time>2026-08-11T18:01:56Z</time>
    <extensions>
     <gpxdata:hr>112</gpxdata:hr>
     <gpxdata:distance>13001.00</gpxdata:distance>
     <gpxdata:speed>7.717</gpxdata:speed>
    </extensions>
   </trkpt>
   <trkpt lat="50.9983064" lon="13.8739520">
    <ele>112</ele>
    <time>2026-08-11T18:01:57Z</time>
    <extensions>
     <gpxdata:hr>112</gpxdata:hr>
     <gpxdata:distance>13008.00</gpxdata:distance>
     <gpxdata:speed>7.458</gpxdata:speed>
    </extensions>
   </trkpt>
   <trkpt lat="50.9982495" lon="13.8739907">
    <ele>112</ele>
    <time>2026-08-11T18:01:58Z</time>
    <extensions>
     <gpxdata:hr>111</gpxdata:hr>
     <gpxdata:distance>13015.00</gpxdata:distance>
     <gpxdata:speed>7.178</gpxdata:speed>
    </extensions>
   </trkpt>
   <trkpt lat="50.9981945" lon="13.8740279">
    <ele>112</ele>
    <time>2026-08-11T18:01:59Z</time>
    <extensions>
     <gpxdata:hr>109</gpxdata:hr>
     <gpxdata:distance>13022.00</gpxdata:distance>
     <gpxdata:speed>6.964</gpxdata:speed>
    </extensions>
   </trkpt>
   <trkpt lat="50.9981408" lon="13.8740634">
    <ele>112</ele>
    <time>2026-08-11T18:02:00Z</time>
    <extensions>
     <gpxdata:hr>108</gpxdata:hr>
     <gpxdata:distance>13029.00</gpxdata:distance>
     <gpxdata:speed>6.747</gpxdata:speed>
    </extensions>
   </trkpt>
   <trkpt lat="50.9980874" lon="13.8740985">
    <ele>112</ele>
    <time>2026-08-11T18:02:01Z</time>
    <extensions>
     <gpxdata:hr>108</gpxdata:hr>
     <gpxdata:distance>13035.00</gpxdata:distance>
     <gpxdata:speed>6.558</gpxdata:speed>
    </extensions>
   </trkpt>
   <trkpt lat="50.9980338" lon="13.8741346">
    <ele>112</ele>
    <time>2026-08-11T18:02:02Z</time>
    <extensions>
     <gpxdata:hr>108</gpxdata:hr>
     <gpxdata:distance>13041.00</gpxdata:distance>
     <gpxdata:speed>6.522</gpxdata:speed>
    </extensions>
   </trkpt>
   <trkpt lat="50.9979795" lon="13.8741701">
    <ele>112</ele>
    <time>2026-08-11T18:02:03Z</time>
    <extensions>
     <gpxdata:hr>109</gpxdata:hr>
     <gpxdata:distance>13048.00</gpxdata:distance>
     <gpxdata:speed>6.536</gpxdata:speed>
    </extensions>
   </trkpt>
   <trkpt lat="50.9979236" lon="13.8742033">
    <ele>112</ele>
    <time>2026-08-11T18:02:04Z</time>
    <extensions>
     <gpxdata:hr>109</gpxdata:hr>
     <gpxdata:distance>13055.00</gpxdata:distance>
     <gpxdata:speed>6.531</gpxdata:speed>
    </extensions>
   </trkpt>
   <trkpt lat="50.9978656" lon="13.8742323">
    <ele>112</ele>
    <time>2026-08-11T18:02:05Z</time>
    <extensions>
     <gpxdata:hr>109</gpxdata:hr>
     <gpxdata:distance>13061.50</gpxdata:distance>
     <gpxdata:speed>6.567</gpxdata:speed>
    </extensions>
   </trkpt>
   <trkpt lat="50.9978064" lon="13.8742569">
    <ele>112</ele>
    <time>2026-08-11T18:02:06Z</time>
    <extensions>
     <gpxdata:hr>109</gpxdata:hr>
     <gpxdata:distance>13068.00</gpxdata:distance>
     <gpxdata:speed>6.636</gpxdata:speed>
    </extensions>
   </trkpt>
   <trkpt lat="50.9977464" lon="13.8742787">
    <ele>112</ele>
    <time>2026-08-11T18:02:07Z</time>
    <extensions>
     <gpxdata:hr>109</gpxdata:hr>
     <gpxdata:distance>13075.00</gpxdata:distance>
     <gpxdata:speed>6.686</gpxdata:speed>
    </extensions>
   </trkpt>
   <trkpt lat="50.9976861" lon="13.8742993">
    <ele>112</ele>
    <time>2026-08-11T18:02:08Z</time>
    <extensions>
     <gpxdata:hr>108</gpxdata:hr>
     <gpxdata:distance>13082.00</gpxdata:distance>
     <gpxdata:speed>6.742</gpxdata:speed>
    </extensions>
   </trkpt>
   <trkpt lat="50.9976256" lon="13.8743205">
    <ele>112</ele>
    <time>2026-08-11T18:02:09Z</time>
    <extensions>
     <gpxdata:hr>108</gpxdata:hr>
     <gpxdata:distance>13089.00</gpxdata:distance>
     <gpxdata:speed>6.778</gpxdata:speed>
    </extensions>
   </trkpt>
   <trkpt lat="50.9975651" lon="13.8743420">
    <ele>112</ele>
    <time>2026-08-11T18:02:10Z</time>
    <extensions>
     <gpxdata:hr>109</gpxdata:hr>
     <gpxdata:distance>13096.00</gpxdata:distance>
     <gpxdata:speed>6.819</gpxdata:speed>
    </extensions>
   </trkpt>
   <trkpt lat="50.9975045" lon="13.8743638">
    <ele>112</ele>
    <time>2026-08-11T18:02:11Z</time>
    <extensions>
     <gpxdata:hr>110</gpxdata:hr>
     <gpxdata:distance>13102.50</gpxdata:distance>
     <gpxdata:speed>6.847</gpxdata:speed>
    </extensions>
   </trkpt>
   <trkpt lat="50.9974432" lon="13.8743862">
    <ele>112</ele>
    <time>2026-08-11T18:02:12Z</time>
    <extensions>
     <gpxdata:hr>111</gpxdata:hr>
     <gpxdata:distance>13109.00</gpxdata:distance>
     <gpxdata:speed>6.875</gpxdata:speed>
    </extensions>
   </trkpt>
   <trkpt lat="50.9973812" lon="13.8744104">
    <ele>112</ele>
    <time>2026-08-11T18:02:13Z</time>
    <extensions>
     <gpxdata:hr>111</gpxdata:hr>
     <gpxdata:distance>13116.50</gpxdata:distance>
     <gpxdata:speed>6.931</gpxdata:speed>
    </extensions>
   </trkpt>
   <trkpt lat="50.9973187" lon="13.8744363">
    <ele>112</ele>
    <time>2026-08-11T18:02:14Z</time>
    <extensions>
     <gpxdata:hr>112</gpxdata:hr>
     <gpxdata:distance>13124.00</gpxdata:distance>
     <gpxdata:speed>7.000</gpxdata:speed>
    </extensions>
   </trkpt>
   <trkpt lat="50.9972561" lon="13.8744638">
    <ele>112</ele>
    <time>2026-08-11T18:02:15Z</time>
    <extensions>
     <gpxdata:hr>112</gpxdata:hr>
     <gpxdata:distance>13131.00</gpxdata:distance>
     <gpxdata:speed>7.069</gpxdata:speed>
    </extensions>
   </trkpt>
   <trkpt lat="50.9971937" lon="13.8744937">
    <ele>112</ele>
    <time>2026-08-11T18:02:16Z</time>
    <extensions>
     <gpxdata:hr>112</gpxdata:hr>
     <gpxdata:distance>13138.00</gpxdata:distance>
     <gpxdata:speed>7.125</gpxdata:speed>
    </extensions>
   </trkpt>
   <trkpt lat="50.9971317" lon="13.8745248">
    <ele>112</ele>
    <time>2026-08-11T18:02:17Z</time>
    <extensions>
     <gpxdata:hr>112</gpxdata:hr>
     <gpxdata:distance>13145.50</gpxdata:distance>
     <gpxdata:speed>7.167</gpxdata:speed>
    </extensions>
   </trkpt>
   <trkpt lat="50.9970698" lon="13.8745579">
    <ele>112</ele>
    <time>2026-08-11T18:02:18Z</time>
    <extensions>
     <gpxdata:hr>112</gpxdata:hr>
     <gpxdata:distance>13153.00</gpxdata:distance>
     <gpxdata:speed>7.194</gpxdata:speed>
    </extensions>
   </trkpt>
   <trkpt lat="50.9970079" lon="13.8745928">
    <ele>112</ele>
    <time>2026-08-11T18:02:19Z</time>
    <extensions>
     <gpxdata:hr>112</gpxdata:hr>
     <gpxdata:distance>13160.00</gpxdata:distance>
     <gpxdata:speed>7.225</gpxdata:speed>
    </extensions>
   </trkpt>
   <trkpt lat="50.9969456" lon="13.8746269">
    <ele>112</ele>
    <time>2026-08-11T18:02:20Z</time>
    <extensions>
     <gpxdata:hr>112</gpxdata:hr>
     <gpxdata:distance>13167.00</gpxdata:distance>
     <gpxdata:speed>7.258</gpxdata:speed>
    </extensions>
   </trkpt>
   <trkpt lat="50.9968832" lon="13.8746589">
    <ele>112</ele>
    <time>2026-08-11T18:02:21Z</time>
    <extensions>
     <gpxdata:hr>112</gpxdata:hr>
     <gpxdata:distance>13174.50</gpxdata:distance>
     <gpxdata:speed>7.292</gpxdata:speed>
    </extensions>
   </trkpt>
   <trkpt lat="50.9968203" lon="13.8746889">
    <ele>112</ele>
    <time>2026-08-11T18:02:22Z</time>
    <extensions>
     <gpxdata:hr>112</gpxdata:hr>
     <gpxdata:distance>13182.00</gpxdata:distance>
     <gpxdata:speed>7.294</gpxdata:speed>
    </extensions>
   </trkpt>
   <trkpt lat="50.9967568" lon="13.8747170">
    <ele>112</ele>
    <time>2026-08-11T18:02:23Z</time>
    <extensions>
     <gpxdata:hr>112</gpxdata:hr>
     <gpxdata:distance>13189.50</gpxdata:distance>
     <gpxdata:speed>7.303</gpxdata:speed>
    </extensions>
   </trkpt>
   <trkpt lat="50.9966930" lon="13.8747447">
    <ele>112</ele>
    <time>2026-08-11T18:02:24Z</time>
    <extensions>
     <gpxdata:hr>111</gpxdata:hr>
     <gpxdata:distance>13197.00</gpxdata:distance>
     <gpxdata:speed>7.319</gpxdata:speed>
    </extensions>
   </trkpt>
   <trkpt lat="50.9966285" lon="13.8747721">
    <ele>112</ele>
    <time>2026-08-11T18:02:25Z</time>
    <extensions>
     <gpxdata:hr>111</gpxdata:hr>
     <gpxdata:distance>13204.00</gpxdata:distance>
     <gpxdata:speed>7.339</gpxdata:speed>
    </extensions>
   </trkpt>
   <trkpt lat="50.9965634" lon="13.8747995">
    <ele>112</ele>
    <time>2026-08-11T18:02:26Z</time>
    <extensions>
     <gpxdata:hr>111</gpxdata:hr>
     <gpxdata:distance>13211.00</gpxdata:distance>
     <gpxdata:speed>7.375</gpxdata:speed>
    </extensions>
   </trkpt>
   <trkpt lat="50.9964981" lon="13.8748278">
    <ele>112</ele>
    <time>2026-08-11T18:02:27Z</time>
    <extensions>
     <gpxdata:hr>111</gpxdata:hr>
     <gpxdata:distance>13219.00</gpxdata:distance>
     <gpxdata:speed>7.419</gpxdata:speed>
    </extensions>
   </trkpt>
   <trkpt lat="50.9964334" lon="13.8748571">
    <ele>112</ele>
    <time>2026-08-11T18:02:28Z</time>
    <extensions>
     <gpxdata:hr>112</gpxdata:hr>
     <gpxdata:distance>13227.00</gpxdata:distance>
     <gpxdata:speed>7.461</gpxdata:speed>
    </extensions>
   </trkpt>
   <trkpt lat="50.9963687" lon="13.8748876">
    <ele>112</ele>
    <time>2026-08-11T18:02:29Z</time>
    <extensions>
     <gpxdata:hr>112</gpxdata:hr>
     <gpxdata:distance>13234.50</gpxdata:distance>
     <gpxdata:speed>7.464</gpxdata:speed>
    </extensions>
   </trkpt>
   <trkpt lat="50.9963046" lon="13.8749194">
    <ele>112</ele>
    <time>2026-08-11T18:02:30Z</time>
    <extensions>
     <gpxdata:hr>112</gpxdata:hr>
     <gpxdata:distance>13242.00</gpxdata:distance>
     <gpxdata:speed>7.483</gpxdata:speed>
    </extensions>
   </trkpt>
   <trkpt lat="50.9962409" lon="13.8749525">
    <ele>112</ele>
    <time>2026-08-11T18:02:31Z</time>
    <extensions>
     <gpxdata:hr>112</gpxdata:hr>
     <gpxdata:distance>13249.00</gpxdata:distance>
     <gpxdata:speed>7.481</gpxdata:speed>
    </extensions>
   </trkpt>
   <trkpt lat="50.9961773" lon="13.8749866">
    <ele>112</ele>
    <time>2026-08-11T18:02:32Z</time>
    <extensions>
     <gpxdata:hr>112</gpxdata:hr>
     <gpxdata:distance>13256.00</gpxdata:distance>
     <gpxdata:speed>7.475</gpxdata:speed>
    </extensions>
   </trkpt>
   <trkpt lat="50.9961135" lon="13.8750209">
    <ele>112</ele>
    <time>2026-08-11T18:02:33Z</time>
    <extensions>
     <gpxdata:hr>111</gpxdata:hr>
     <gpxdata:distance>13263.50</gpxdata:distance>
     <gpxdata:speed>7.478</gpxdata:speed>
    </extensions>
   </trkpt>
   <trkpt lat="50.9960497" lon="13.8750553">
    <ele>112</ele>
    <time>2026-08-11T18:02:34Z</time>
    <extensions>
     <gpxdata:hr>111</gpxdata:hr>
     <gpxdata:distance>13271.00</gpxdata:distance>
     <gpxdata:speed>7.486</gpxdata:speed>
    </extensions>
   </trkpt>
   <trkpt lat="50.9959863" lon="13.8750903">
    <ele>112</ele>
    <time>2026-08-11T18:02:35Z</time>
    <extensions>
     <gpxdata:hr>111</gpxdata:hr>
     <gpxdata:distance>13278.50</gpxdata:distance>
     <gpxdata:speed>7.492</gpxdata:speed>
    </extensions>
   </trkpt>
   <trkpt lat="50.9959237" lon="13.8751258">
    <ele>112</ele>
    <time>2026-08-11T18:02:36Z</time>
    <extensions>
     <gpxdata:hr>111</gpxdata:hr>
     <gpxdata:distance>13286.00</gpxdata:distance>
     <gpxdata:speed>7.483</gpxdata:speed>
    </extensions>
   </trkpt>
   <trkpt lat="50.9958617" lon="13.8751613">
    <ele>112</ele>
    <time>2026-08-11T18:02:37Z</time>
    <extensions>
     <gpxdata:hr>111</gpxdata:hr>
     <gpxdata:distance>13293.50</gpxdata:distance>
     <gpxdata:speed>7.447</gpxdata:speed>
    </extensions>
   </trkpt>
   <trkpt lat="50.9957997" lon="13.8751970">
    <ele>113</ele>
    <time>2026-08-11T18:02:38Z</time>
    <extensions>
     <gpxdata:hr>110</gpxdata:hr>
     <gpxdata:distance>13301.00</gpxdata:distance>
     <gpxdata:speed>7.408</gpxdata:speed>
    </extensions>
   </trkpt>
   <trkpt lat="50.9957374" lon="13.8752329">
    <ele>113</ele>
    <time>2026-08-11T18:02:39Z</time>
    <extensions>
     <gpxdata:hr>110</gpxdata:hr>
     <gpxdata:distance>13308.50</gpxdata:distance>
     <gpxdata:speed>7.389</gpxdata:speed>
    </extensions>
   </trkpt>
   <trkpt lat="50.9956752" lon="13.8752701">
    <ele>113</ele>
    <time>2026-08-11T18:02:40Z</time>
    <extensions>
     <gpxdata:hr>110</gpxdata:hr>
     <gpxdata:distance>13316.00</gpxdata:distance>
     <gpxdata:speed>7.392</gpxdata:speed>
    </extensions>
   </trkpt>
   <trkpt lat="50.9956131" lon="13.8753086">
    <ele>113</ele>
    <time>2026-08-11T18:02:41Z</time>
    <extensions>
     <gpxdata:hr>109</gpxdata:hr>
     <gpxdata:distance>13323.50</gpxdata:distance>
     <gpxdata:speed>7.394</gpxdata:speed>
    </extensions>
   </trkpt>
   <trkpt lat="50.9955515" lon="13.8753486">
    <ele>113</ele>
    <time>2026-08-11T18:02:42Z</time>
    <extensions>
     <gpxdata:hr>110</gpxdata:hr>
     <gpxdata:distance>13331.00</gpxdata:distance>
     <gpxdata:speed>7.403</gpxdata:speed>
    </extensions>
   </trkpt>
   <trkpt lat="50.9954896" lon="13.8753884">
    <ele>113</ele>
    <time>2026-08-11T18:02:43Z</time>
    <extensions>
     <gpxdata:hr>110</gpxdata:hr>
     <gpxdata:distance>13338.50</gpxdata:distance>
     <gpxdata:speed>7.400</gpxdata:speed>
    </extensions>
   </trkpt>
   <trkpt lat="50.9954267" lon="13.8754282">
    <ele>113</ele>
    <time>2026-08-11T18:02:44Z</time>
    <extensions>
     <gpxdata:hr>111</gpxdata:hr>
     <gpxdata:distance>13346.00</gpxdata:distance>
     <gpxdata:speed>7.414</gpxdata:speed>
    </extensions>
   </trkpt>
   <trkpt lat="50.9953633" lon="13.8754685">
    <ele>113</ele>
    <time>2026-08-11T18:02:45Z</time>
    <extensions>
     <gpxdata:hr>112</gpxdata:hr>
     <gpxdata:distance>13353.50</gpxdata:distance>
     <gpxdata:speed>7.464</gpxdata:speed>
    </extensions>
   </trkpt>
   <trkpt lat="50.9952999" lon="13.8755091">
    <ele>113</ele>
    <time>2026-08-11T18:02:46Z</time>
    <extensions>
     <gpxdata:hr>112</gpxdata:hr>
     <gpxdata:distance>13361.00</gpxdata:distance>
     <gpxdata:speed>7.511</gpxdata:speed>
    </extensions>
   </trkpt>
   <trkpt lat="50.9952362" lon="13.8755490">
    <ele>113</ele>
    <time>2026-08-11T18:02:47Z</time>
    <extensions>
     <gpxdata:hr>112</gpxdata:hr>
     <gpxdata:distance>13368.50</gpxdata:distance>
     <gpxdata:speed>7.539</gpxdata:speed>
    </extensions>
   </trkpt>
   <trkpt lat="50.9951723" lon="13.8755868">
    <ele>113</ele>
    <time>2026-08-11T18:02:48Z</time>
    <extensions>
     <gpxdata:hr>113</gpxdata:hr>
     <gpxdata:distance>13376.00</gpxdata:distance>
     <gpxdata:speed>7.569</gpxdata:speed>
    </extensions>
   </trkpt>
   <trkpt lat="50.9951088" lon="13.8756245">
    <ele>113</ele>
    <time>2026-08-11T18:02:49Z</time>
    <extensions>
     <gpxdata:hr>112</gpxdata:hr>
     <gpxdata:distance>13383.50</gpxdata:distance>
     <gpxdata:speed>7.572</gpxdata:speed>
    </extensions>
   </trkpt>
   <trkpt lat="50.9950458" lon="13.8756645">
    <ele>113</ele>
    <time>2026-08-11T18:02:50Z</time>
    <extensions>
     <gpxdata:hr>112</gpxdata:hr>
     <gpxdata:distance>13391.00</gpxdata:distance>
     <gpxdata:speed>7.561</gpxdata:speed>
    </extensions>
   </trkpt>
   <trkpt lat="50.9949832" lon="13.8757080">
    <ele>113</ele>
    <time>2026-08-11T18:02:51Z</time>
    <extensions>
     <gpxdata:hr>112</gpxdata:hr>
     <gpxdata:distance>13398.50</gpxdata:distance>
     <gpxdata:speed>7.561</gpxdata:speed>
    </extensions>
   </trkpt>
   <trkpt lat="50.9949211" lon="13.8757538">
    <ele>113</ele>
    <time>2026-08-11T18:02:52Z</time>
    <extensions>
     <gpxdata:hr>112</gpxdata:hr>
     <gpxdata:distance>13406.00</gpxdata:distance>
     <gpxdata:speed>7.589</gpxdata:speed>
    </extensions>
   </trkpt>
   <trkpt lat="50.9948595" lon="13.8758003">
    <ele>113</ele>
    <time>2026-08-11T18:02:53Z</time>
    <extensions>
     <gpxdata:hr>111</gpxdata:hr>
     <gpxdata:distance>13413.50</gpxdata:distance>
     <gpxdata:speed>7.600</gpxdata:speed>
    </extensions>
   </trkpt>
   <trkpt lat="50.9947984" lon="13.8758479">
    <ele>113</ele>
    <time>2026-08-11T18:02:54Z</time>
    <extensions>
     <gpxdata:hr>112</gpxdata:hr>
     <gpxdata:distance>13421.00</gpxdata:distance>
     <gpxdata:speed>7.592</gpxdata:speed>
    </extensions>
   </trkpt>
   <trkpt lat="50.9947377" lon="13.8758970">
    <ele>113</ele>
    <time>2026-08-11T18:02:55Z</time>
    <extensions>
     <gpxdata:hr>112</gpxdata:hr>
     <gpxdata:distance>13429.00</gpxdata:distance>
     <gpxdata:speed>7.586</gpxdata:speed>
    </extensions>
   </trkpt>
   <trkpt lat="50.9946774" lon="13.8759475">
    <ele>113</ele>
    <time>2026-08-11T18:02:56Z</time>
    <extensions>
     <gpxdata:hr>112</gpxdata:hr>
     <gpxdata:distance>13437.00</gpxdata:distance>
     <gpxdata:speed>7.583</gpxdata:speed>
    </extensions>
   </trkpt>
   <trkpt lat="50.9946173" lon="13.8759992">
    <ele>113</ele>
    <time>2026-08-11T18:02:57Z</time>
    <extensions>
     <gpxdata:hr>113</gpxdata:hr>
     <gpxdata:distance>13444.50</gpxdata:distance>
     <gpxdata:speed>7.586</gpxdata:speed>
    </extensions>
   </trkpt>
   <trkpt lat="50.9945573" lon="13.8760517">
    <ele>113</ele>
    <time>2026-08-11T18:02:58Z</time>
    <extensions>
     <gpxdata:hr>113</gpxdata:hr>
     <gpxdata:distance>13452.00</gpxdata:distance>
     <gpxdata:speed>7.597</gpxdata:speed>
    </extensions>
   </trkpt>
   <trkpt lat="50.9944973" lon="13.8761032">
    <ele>113</ele>
    <time>2026-08-11T18:02:59Z</time>
    <extensions>
     <gpxdata:hr>113</gpxdata:hr>
     <gpxdata:distance>13459.50</gpxdata:distance>
     <gpxdata:speed>7.603</gpxdata:speed>
    </extensions>
   </trkpt>
   <trkpt lat="50.9944369" lon="13.8761513">
    <ele>113</ele>
    <time>2026-08-11T18:03:00Z</time>
    <extensions>
     <gpxdata:hr>112</gpxdata:hr>
     <gpxdata:distance>13467.00</gpxdata:distance>
     <gpxdata:speed>7.597</gpxdata:speed>
    </extensions>
   </trkpt>
   <trkpt lat="50.9943756" lon="13.8761936">
    <ele>113</ele>
    <time>2026-08-11T18:03:01Z</time>
    <extensions>
     <gpxdata:hr>112</gpxdata:hr>
     <gpxdata:distance>13474.50</gpxdata:distance>
     <gpxdata:speed>7.569</gpxdata:speed>
    </extensions>
   </trkpt>
   <trkpt lat="50.9943135" lon="13.8762292">
    <ele>113</ele>
    <time>2026-08-11T18:03:02Z</time>
    <extensions>
     <gpxdata:hr>111</gpxdata:hr>
     <gpxdata:distance>13482.00</gpxdata:distance>
     <gpxdata:speed>7.522</gpxdata:speed>
    </extensions>
   </trkpt>
   <trkpt lat="50.9942503" lon="13.8762594">
    <ele>113</ele>
    <time>2026-08-11T18:03:03Z</time>
    <extensions>
     <gpxdata:hr>112</gpxdata:hr>
     <gpxdata:distance>13489.50</gpxdata:distance>
     <gpxdata:speed>7.467</gpxdata:speed>
    </extensions>
   </trkpt>
   <trkpt lat="50.9941862" lon="13.8762851">
    <ele>113</ele>
    <time>2026-08-11T18:03:04Z</time>
    <extensions>
     <gpxdata:hr>112</gpxdata:hr>
     <gpxdata:distance>13497.00</gpxdata:distance>
     <gpxdata:speed>7.425</gpxdata:speed>
    </extensions>
   </trkpt>
   <trkpt lat="50.9941213" lon="13.8763077">
    <ele>113</ele>
    <time>2026-08-11T18:03:05Z</time>
    <extensions>
     <gpxdata:hr>112</gpxdata:hr>
     <gpxdata:distance>13504.00</gpxdata:distance>
     <gpxdata:speed>7.411</gpxdata:speed>
    </extensions>
   </trkpt>
   <trkpt lat="50.9940564" lon="13.8763283">
    <ele>113</ele>
    <time>2026-08-11T18:03:06Z</time>
    <extensions>
     <gpxdata:hr>112</gpxdata:hr>
     <gpxdata:distance>13511.00</gpxdata:distance>
     <gpxdata:speed>7.406</gpxdata:speed>
    </extensions>
   </trkpt>
   <trkpt lat="50.9939914" lon="13.8763469">
    <ele>113</ele>
    <time>2026-08-11T18:03:07Z</time>
    <extensions>
     <gpxdata:hr>112</gpxdata:hr>
     <gpxdata:distance>13518.50</gpxdata:distance>
     <gpxdata:speed>7.386</gpxdata:speed>
    </extensions>
   </trkpt>
   <trkpt lat="50.9939256" lon="13.8763631">
    <ele>113</ele>
    <time>2026-08-11T18:03:08Z</time>
    <extensions>
     <gpxdata:hr>112</gpxdata:hr>
     <gpxdata:distance>13526.00</gpxdata:distance>
     <gpxdata:speed>7.372</gpxdata:speed>
    </extensions>
   </trkpt>
   <trkpt lat="50.9938587" lon="13.8763778">
    <ele>113</ele>
    <time>2026-08-11T18:03:09Z</time>
    <extensions>
     <gpxdata:hr>112</gpxdata:hr>
     <gpxdata:distance>13533.50</gpxdata:distance>
     <gpxdata:speed>7.389</gpxdata:speed>
    </extensions>
   </trkpt>
   <trkpt lat="50.9937911" lon="13.8763914">
    <ele>113</ele>
    <time>2026-08-11T18:03:10Z</time>
    <extensions>
     <gpxdata:hr>112</gpxdata:hr>
     <gpxdata:distance>13541.00</gpxdata:distance>
     <gpxdata:speed>7.439</gpxdata:speed>
    </extensions>
   </trkpt>
   <trkpt lat="50.9937233" lon="13.8764027">
    <ele>112</ele>
    <time>2026-08-11T18:03:11Z</time>
    <extensions>
     <gpxdata:hr>111</gpxdata:hr>
     <gpxdata:distance>13548.50</gpxdata:distance>
     <gpxdata:speed>7.489</gpxdata:speed>
    </extensions>
   </trkpt>
   <trkpt lat="50.9936558" lon="13.8764110">
    <ele>113</ele>
    <time>2026-08-11T18:03:12Z</time>
    <extensions>
     <gpxdata:hr>111</gpxdata:hr>
     <gpxdata:distance>13556.00</gpxdata:distance>
     <gpxdata:speed>7.517</gpxdata:speed>
    </extensions>
   </trkpt>
   <trkpt lat="50.9935886" lon="13.8764165">
    <ele>113</ele>
    <time>2026-08-11T18:03:13Z</time>
    <extensions>
     <gpxdata:hr>110</gpxdata:hr>
     <gpxdata:distance>13563.50</gpxdata:distance>
     <gpxdata:speed>7.517</gpxdata:speed>
    </extensions>
   </trkpt>
   <trkpt lat="50.9935221" lon="13.8764191">
    <ele>113</ele>
    <time>2026-08-11T18:03:14Z</time>
    <extensions>
     <gpxdata:hr>110</gpxdata:hr>
     <gpxdata:distance>13571.00</gpxdata:distance>
     <gpxdata:speed>7.506</gpxdata:speed>
    </extensions>
   </trkpt>
   <trkpt lat="50.9934563" lon="13.8764195">
    <ele>113</ele>
    <time>2026-08-11T18:03:15Z</time>
    <extensions>
     <gpxdata:hr>109</gpxdata:hr>
     <gpxdata:distance>13578.50</gpxdata:distance>
     <gpxdata:speed>7.469</gpxdata:speed>
    </extensions>
   </trkpt>
   <trkpt lat="50.9933907" lon="13.8764187">
    <ele>113</ele>
    <time>2026-08-11T18:03:16Z</time>
    <extensions>
     <gpxdata:hr>108</gpxdata:hr>
     <gpxdata:distance>13586.00</gpxdata:distance>
     <gpxdata:speed>7.414</gpxdata:speed>
    </extensions>
   </trkpt>
   <trkpt lat="50.9933256" lon="13.8764177">
    <ele>113</ele>
    <time>2026-08-11T18:03:17Z</time>
    <extensions>
     <gpxdata:hr>108</gpxdata:hr>
     <gpxdata:distance>13593.00</gpxdata:distance>
     <gpxdata:speed>7.381</gpxdata:speed>
    </extensions>
   </trkpt>
   <trkpt lat="50.9932609" lon="13.8764158">
    <ele>113</ele>
    <time>2026-08-11T18:03:18Z</time>
    <extensions>
     <gpxdata:hr>108</gpxdata:hr>
     <gpxdata:distance>13600.00</gpxdata:distance>
     <gpxdata:speed>7.333</gpxdata:speed>
    </extensions>
   </trkpt>
   <trkpt lat="50.9931969" lon="13.8764128">
    <ele>113</ele>
    <time>2026-08-11T18:03:19Z</time>
    <extensions>
     <gpxdata:hr>108</gpxdata:hr>
     <gpxdata:distance>13607.50</gpxdata:distance>
     <gpxdata:speed>7.289</gpxdata:speed>
    </extensions>
   </trkpt>
   <trkpt lat="50.9931330" lon="13.8764075">
    <ele>113</ele>
    <time>2026-08-11T18:03:20Z</time>
    <extensions>
     <gpxdata:hr>108</gpxdata:hr>
     <gpxdata:distance>13615.00</gpxdata:distance>
     <gpxdata:speed>7.231</gpxdata:speed>
    </extensions>
   </trkpt>
   <trkpt lat="50.9930698" lon="13.8763978">
    <ele>113</ele>
    <time>2026-08-11T18:03:21Z</time>
    <extensions>
     <gpxdata:hr>108</gpxdata:hr>
     <gpxdata:distance>13622.00</gpxdata:distance>
     <gpxdata:speed>7.194</gpxdata:speed>
    </extensions>
   </trkpt>
   <trkpt lat="50.9930069" lon="13.8763856">
    <ele>113</ele>
    <time>2026-08-11T18:03:22Z</time>
    <extensions>
     <gpxdata:hr>108</gpxdata:hr>
     <gpxdata:distance>13629.00</gpxdata:distance>
     <gpxdata:speed>7.150</gpxdata:speed>
    </extensions>
   </trkpt>
   <trkpt lat="50.9929438" lon="13.8763736">
    <ele>113</ele>
    <time>2026-08-11T18:03:23Z</time>
    <extensions>
     <gpxdata:hr>108</gpxdata:hr>
     <gpxdata:distance>13636.00</gpxdata:distance>
     <gpxdata:speed>7.117</gpxdata:speed>
    </extensions>
   </trkpt>
   <trkpt lat="50.9928803" lon="13.8763617">
    <ele>113</ele>
    <time>2026-08-11T18:03:24Z</time>
    <extensions>
     <gpxdata:hr>108</gpxdata:hr>
     <gpxdata:distance>13643.00</gpxdata:distance>
     <gpxdata:speed>7.106</gpxdata:speed>
    </extensions>
   </trkpt>
   <trkpt lat="50.9928164" lon="13.8763511">
    <ele>113</ele>
    <time>2026-08-11T18:03:25Z</time>
    <extensions>
     <gpxdata:hr>108</gpxdata:hr>
     <gpxdata:distance>13650.00</gpxdata:distance>
     <gpxdata:speed>7.111</gpxdata:speed>
    </extensions>
   </trkpt>
   <trkpt lat="50.9927526" lon="13.8763425">
    <ele>113</ele>
    <time>2026-08-11T18:03:26Z</time>
    <extensions>
     <gpxdata:hr>108</gpxdata:hr>
     <gpxdata:distance>13657.00</gpxdata:distance>
     <gpxdata:speed>7.119</gpxdata:speed>
    </extensions>
   </trkpt>
   <trkpt lat="50.9926890" lon="13.8763346">
    <ele>113</ele>
    <time>2026-08-11T18:03:27Z</time>
    <extensions>
     <gpxdata:hr>108</gpxdata:hr>
     <gpxdata:distance>13664.00</gpxdata:distance>
     <gpxdata:speed>7.119</gpxdata:speed>
    </extensions>
   </trkpt>
   <trkpt lat="50.9926254" lon="13.8763255">
    <ele>113</ele>
    <time>2026-08-11T18:03:28Z</time>
    <extensions>
     <gpxdata:hr>109</gpxdata:hr>
     <gpxdata:distance>13671.00</gpxdata:distance>
     <gpxdata:speed>7.111</gpxdata:speed>
    </extensions>
   </trkpt>
   <trkpt lat="50.9925616" lon="13.8763151">
    <ele>113</ele>
    <time>2026-08-11T18:03:29Z</time>
    <extensions>
     <gpxdata:hr>110</gpxdata:hr>
     <gpxdata:distance>13678.50</gpxdata:distance>
     <gpxdata:speed>7.114</gpxdata:speed>
    </extensions>
   </trkpt>
   <trkpt lat="50.9924983" lon="13.8763049">
    <ele>113</ele>
    <time>2026-08-11T18:03:30Z</time>
    <extensions>
     <gpxdata:hr>111</gpxdata:hr>
     <gpxdata:distance>13686.00</gpxdata:distance>
     <gpxdata:speed>7.122</gpxdata:speed>
    </extensions>
   </trkpt>
   <trkpt lat="50.9924356" lon="13.8762949">
    <ele>113</ele>
    <time>2026-08-11T18:03:31Z</time>
    <extensions>
     <gpxdata:hr>112</gpxdata:hr>
     <gpxdata:distance>13693.00</gpxdata:distance>
     <gpxdata:speed>7.106</gpxdata:speed>
    </extensions>
   </trkpt>
   <trkpt lat="50.9923727" lon="13.8762845">
    <ele>113</ele>
    <time>2026-08-11T18:03:32Z</time>
    <extensions>
     <gpxdata:hr>111</gpxdata:hr>
     <gpxdata:distance>13700.00</gpxdata:distance>
     <gpxdata:speed>7.067</gpxdata:speed>
    </extensions>
   </trkpt>
   <trkpt lat="50.9923092" lon="13.8762718">
    <ele>113</ele>
    <time>2026-08-11T18:03:33Z</time>
    <extensions>
     <gpxdata:hr>112</gpxdata:hr>
     <gpxdata:distance>13707.00</gpxdata:distance>
     <gpxdata:speed>7.064</gpxdata:speed>
    </extensions>
   </trkpt>
   <trkpt lat="50.9922461" lon="13.8762529">
    <ele>113</ele>
    <time>2026-08-11T18:03:34Z</time>
    <extensions>
     <gpxdata:hr>111</gpxdata:hr>
     <gpxdata:distance>13714.00</gpxdata:distance>
     <gpxdata:speed>7.089</gpxdata:speed>
    </extensions>
   </trkpt>
   <trkpt lat="50.9921838" lon="13.8762271">
    <ele>113</ele>
    <time>2026-08-11T18:03:35Z</time>
    <extensions>
     <gpxdata:hr>111</gpxdata:hr>
     <gpxdata:distance>13721.00</gpxdata:distance>
     <gpxdata:speed>7.117</gpxdata:speed>
    </extensions>
   </trkpt>
   <trkpt lat="50.9921232" lon="13.8761953">
    <ele>113</ele>
    <time>2026-08-11T18:03:36Z</time>
    <extensions>
     <gpxdata:hr>111</gpxdata:hr>
     <gpxdata:distance>13728.00</gpxdata:distance>
     <gpxdata:speed>7.136</gpxdata:speed>
    </extensions>
   </trkpt>
   <trkpt lat="50.9920637" lon="13.8761602">
    <ele>113</ele>
    <time>2026-08-11T18:03:37Z</time>
    <extensions>
     <gpxdata:hr>111</gpxdata:hr>
     <gpxdata:distance>13735.00</gpxdata:distance>
     <gpxdata:speed>7.119</gpxdata:speed>
    </extensions>
   </trkpt>
   <trkpt lat="50.9920043" lon="13.8761244">
    <ele>113</ele>
    <time>2026-08-11T18:03:38Z</time>
    <extensions>
     <gpxdata:hr>110</gpxdata:hr>
     <gpxdata:distance>13742.00</gpxdata:distance>
     <gpxdata:speed>7.097</gpxdata:speed>
    </extensions>
   </trkpt>
   <trkpt lat="50.9919447" lon="13.8760894">
    <ele>113</ele>
    <time>2026-08-11T18:03:39Z</time>
    <extensions>
     <gpxdata:hr>112</gpxdata:hr>
     <gpxdata:distance>13749.50</gpxdata:distance>
     <gpxdata:speed>7.089</gpxdata:speed>
    </extensions>
   </trkpt>
   <trkpt lat="50.9918846" lon="13.8760565">
    <ele>113</ele>
    <time>2026-08-11T18:03:40Z</time>
    <extensions>
     <gpxdata:hr>113</gpxdata:hr>
     <gpxdata:distance>13757.00</gpxdata:distance>
     <gpxdata:speed>7.086</gpxdata:speed>
    </extensions>
   </trkpt>
   <trkpt lat="50.9918241" lon="13.8760275">
    <ele>113</ele>
    <time>2026-08-11T18:03:41Z</time>
    <extensions>
     <gpxdata:hr>113</gpxdata:hr>
     <gpxdata:distance>13764.00</gpxdata:distance>
     <gpxdata:speed>7.081</gpxdata:speed>
    </extensions>
   </trkpt>
   <trkpt lat="50.9917634" lon="13.8760051">
    <ele>113</ele>
    <time>2026-08-11T18:03:42Z</time>
    <extensions>
     <gpxdata:hr>114</gpxdata:hr>
     <gpxdata:distance>13771.00</gpxdata:distance>
     <gpxdata:speed>7.061</gpxdata:speed>
    </extensions>
   </trkpt>
   <trkpt lat="50.9917023" lon="13.8759903">
    <ele>113</ele>
    <time>2026-08-11T18:03:43Z</time>
    <extensions>
     <gpxdata:hr>114</gpxdata:hr>
     <gpxdata:distance>13777.50</gpxdata:distance>
     <gpxdata:speed>7.019</gpxdata:speed>
    </extensions>
   </trkpt>
   <trkpt lat="50.9916416" lon="13.8759817">
    <ele>113</ele>
    <time>2026-08-11T18:03:44Z</time>
    <extensions>
     <gpxdata:hr>114</gpxdata:hr>
     <gpxdata:distance>13784.00</gpxdata:distance>
     <gpxdata:speed>6.975</gpxdata:speed>
    </extensions>
   </trkpt>
   <trkpt lat="50.9915820" lon="13.8759763">
    <ele>113</ele>
    <time>2026-08-11T18:03:45Z</time>
    <extensions>
     <gpxdata:hr>113</gpxdata:hr>
     <gpxdata:distance>13791.00</gpxdata:distance>
     <gpxdata:speed>6.903</gpxdata:speed>
    </extensions>
   </trkpt>
   <trkpt lat="50.9915241" lon="13.8759709">
    <ele>113</ele>
    <time>2026-08-11T18:03:46Z</time>
    <extensions>
     <gpxdata:hr>113</gpxdata:hr>
     <gpxdata:distance>13798.00</gpxdata:distance>
     <gpxdata:speed>6.803</gpxdata:speed>
    </extensions>
   </trkpt>
   <trkpt lat="50.9914666" lon="13.8759653">
    <ele>113</ele>
    <time>2026-08-11T18:03:47Z</time>
    <extensions>
     <gpxdata:hr>112</gpxdata:hr>
     <gpxdata:distance>13804.00</gpxdata:distance>
     <gpxdata:speed>6.675</gpxdata:speed>
    </extensions>
   </trkpt>
   <trkpt lat="50.9914087" lon="13.8759622">
    <ele>113</ele>
    <time>2026-08-11T18:03:48Z</time>
    <extensions>
     <gpxdata:hr>110</gpxdata:hr>
     <gpxdata:distance>13810.00</gpxdata:distance>
     <gpxdata:speed>6.583</gpxdata:speed>
    </extensions>
   </trkpt>
   <trkpt lat="50.9913505" lon="13.8759610">
    <ele>113</ele>
    <time>2026-08-11T18:03:49Z</time>
    <extensions>
     <gpxdata:hr>110</gpxdata:hr>
     <gpxdata:distance>13816.50</gpxdata:distance>
     <gpxdata:speed>6.536</gpxdata:speed>
    </extensions>
   </trkpt>
   <trkpt lat="50.9912932" lon="13.8759596">
    <ele>113</ele>
    <time>2026-08-11T18:03:50Z</time>
    <extensions>
     <gpxdata:hr>109</gpxdata:hr>
     <gpxdata:distance>13823.00</gpxdata:distance>
     <gpxdata:speed>6.506</gpxdata:speed>
    </extensions>
   </trkpt>
   <trkpt lat="50.9912364" lon="13.8759585">
    <ele>113</ele>
    <time>2026-08-11T18:03:51Z</time>
    <extensions>
     <gpxdata:hr>109</gpxdata:hr>
     <gpxdata:distance>13829.50</gpxdata:distance>
     <gpxdata:speed>6.414</gpxdata:speed>
    </extensions>
   </trkpt>
   <trkpt lat="50.9911800" lon="13.8759571">
    <ele>113</ele>
    <time>2026-08-11T18:03:52Z</time>
    <extensions>
     <gpxdata:hr>109</gpxdata:hr>
     <gpxdata:distance>13836.00</gpxdata:distance>
     <gpxdata:speed>6.353</gpxdata:speed>
    </extensions>
   </trkpt>
   <trkpt lat="50.9911241" lon="13.8759561">
    <ele>113</ele>
    <time>2026-08-11T18:03:53Z</time>
    <extensions>
     <gpxdata:hr>110</gpxdata:hr>
     <gpxdata:distance>13842.00</gpxdata:distance>
     <gpxdata:speed>6.317</gpxdata:speed>
    </extensions>
   </trkpt>
   <trkpt lat="50.9910689" lon="13.8759564">
    <ele>113</ele>
    <time>2026-08-11T18:03:54Z</time>
    <extensions>
     <gpxdata:hr>110</gpxdata:hr>
     <gpxdata:distance>13848.00</gpxdata:distance>
     <gpxdata:speed>6.247</gpxdata:speed>
    </extensions>
   </trkpt>
   <trkpt lat="50.9910146" lon="13.8759584">
    <ele>113</ele>
    <time>2026-08-11T18:03:55Z</time>
    <extensions>
     <gpxdata:hr>110</gpxdata:hr>
     <gpxdata:distance>13854.00</gpxdata:distance>
     <gpxdata:speed>6.178</gpxdata:speed>
    </extensions>
   </trkpt>
   <trkpt lat="50.9909609" lon="13.8759639">
    <ele>113</ele>
    <time>2026-08-11T18:03:56Z</time>
    <extensions>
     <gpxdata:hr>109</gpxdata:hr>
     <gpxdata:distance>13860.00</gpxdata:distance>
     <gpxdata:speed>6.100</gpxdata:speed>
    </extensions>
   </trkpt>
   <trkpt lat="50.9909083" lon="13.8759750">
    <ele>113</ele>
    <time>2026-08-11T18:03:57Z</time>
    <extensions>
     <gpxdata:hr>109</gpxdata:hr>
     <gpxdata:distance>13866.00</gpxdata:distance>
     <gpxdata:speed>6.039</gpxdata:speed>
    </extensions>
   </trkpt>
   <trkpt lat="50.9908713" lon="13.8759879">
    <ele>113</ele>
    <time>2026-08-11T18:03:58Z</time>
    <extensions>
     <gpxdata:hr>108</gpxdata:hr>
     <gpxdata:distance>13872.00</gpxdata:distance>
     <gpxdata:speed>5.969</gpxdata:speed>
    </extensions>
   </trkpt>
   <trkpt lat="50.9908258" lon="13.8760092">
    <ele>113</ele>
    <time>2026-08-11T18:03:59Z</time>
    <extensions>
     <gpxdata:hr>105</gpxdata:hr>
     <gpxdata:distance>13878.00</gpxdata:distance>
     <gpxdata:speed>5.900</gpxdata:speed>
    </extensions>
   </trkpt>
   <trkpt lat="50.9907798" lon="13.8760337">
    <ele>113</ele>
    <time>2026-08-11T18:04:00Z</time>
    <extensions>
     <gpxdata:hr>103</gpxdata:hr>
     <gpxdata:distance>13884.00</gpxdata:distance>
     <gpxdata:speed>5.767</gpxdata:speed>
    </extensions>
   </trkpt>
   <trkpt lat="50.9907373" lon="13.8760569">
    <ele>113</ele>
    <time>2026-08-11T18:04:01Z</time>
    <extensions>
     <gpxdata:hr>101</gpxdata:hr>
     <gpxdata:distance>13888.50</gpxdata:distance>
     <gpxdata:speed>5.506</gpxdata:speed>
    </extensions>
   </trkpt>
   <trkpt lat="50.9907034" lon="13.8760814">
    <ele>113</ele>
    <time>2026-08-11T18:04:02Z</time>
    <extensions>
     <gpxdata:hr>101</gpxdata:hr>
     <gpxdata:distance>13893.00</gpxdata:distance>
     <gpxdata:speed>4.947</gpxdata:speed>
    </extensions>
   </trkpt>
   <trkpt lat="50.9906845" lon="13.8761103">
    <ele>112</ele>
    <time>2026-08-11T18:04:03Z</time>
    <extensions>
     <gpxdata:hr>100</gpxdata:hr>
     <gpxdata:distance>13895.50</gpxdata:distance>
     <gpxdata:speed>4.047</gpxdata:speed>
    </extensions>
   </trkpt>
   <trkpt lat="50.9906847" lon="13.8761367">
    <ele>112</ele>
    <time>2026-08-11T18:04:04Z</time>
    <extensions>
     <gpxdata:hr>101</gpxdata:hr>
     <gpxdata:distance>13898.00</gpxdata:distance>
     <gpxdata:speed>3.275</gpxdata:speed>
    </extensions>
   </trkpt>
   <trkpt lat="50.9907003" lon="13.8761461">
    <ele>112</ele>
    <time>2026-08-11T18:04:05Z</time>
    <extensions>
     <gpxdata:hr>101</gpxdata:hr>
     <gpxdata:distance>13898.00</gpxdata:distance>
     <gpxdata:speed>3.039</gpxdata:speed>
    </extensions>
   </trkpt>
   <trkpt lat="50.9907244" lon="13.8761335">
    <ele>112</ele>
    <time>2026-08-11T18:04:06Z</time>
    <extensions>
     <gpxdata:hr>102</gpxdata:hr>
     <gpxdata:distance>13898.00</gpxdata:distance>
     <gpxdata:speed>3.039</gpxdata:speed>
    </extensions>
   </trkpt>
   <trkpt lat="50.9907525" lon="13.8761051">
    <ele>112</ele>
    <time>2026-08-11T18:04:07Z</time>
    <extensions>
     <gpxdata:hr>102</gpxdata:hr>
     <gpxdata:distance>13904.00</gpxdata:distance>
     <gpxdata:speed>3.603</gpxdata:speed>
    </extensions>
   </trkpt>
   <trkpt lat="50.9907852" lon="13.8760713">
    <ele>112</ele>
    <time>2026-08-11T18:04:08Z</time>
    <extensions>
     <gpxdata:hr>102</gpxdata:hr>
     <gpxdata:distance>13910.00</gpxdata:distance>
     <gpxdata:speed>3.928</gpxdata:speed>
    </extensions>
   </trkpt>
   <trkpt lat="50.9908234" lon="13.8760409">
    <ele>112</ele>
    <time>2026-08-11T18:04:09Z</time>
    <extensions>
     <gpxdata:hr>102</gpxdata:hr>
     <gpxdata:distance>13915.00</gpxdata:distance>
     <gpxdata:speed>4.314</gpxdata:speed>
    </extensions>
   </trkpt>
   <trkpt lat="50.9908676" lon="13.8760194">
    <ele>112</ele>
    <time>2026-08-11T18:04:10Z</time>
    <extensions>
     <gpxdata:hr>101</gpxdata:hr>
     <gpxdata:distance>13920.00</gpxdata:distance>
     <gpxdata:speed>4.536</gpxdata:speed>
    </extensions>
   </trkpt>
   <trkpt lat="50.9909168" lon="13.8760067">
    <ele>113</ele>
    <time>2026-08-11T18:04:11Z</time>
    <extensions>
     <gpxdata:hr>101</gpxdata:hr>
     <gpxdata:distance>13926.00</gpxdata:distance>
     <gpxdata:speed>4.822</gpxdata:speed>
    </extensions>
   </trkpt>
   <trkpt lat="50.9909703" lon="13.8759997">
    <ele>113</ele>
    <time>2026-08-11T18:04:12Z</time>
    <extensions>
     <gpxdata:hr>101</gpxdata:hr>
     <gpxdata:distance>13932.00</gpxdata:distance>
     <gpxdata:speed>5.517</gpxdata:speed>
    </extensions>
   </trkpt>
   <trkpt lat="50.9910260" lon="13.8759968">
    <ele>113</ele>
    <time>2026-08-11T18:04:13Z</time>
    <extensions>
     <gpxdata:hr>102</gpxdata:hr>
     <gpxdata:distance>13938.00</gpxdata:distance>
     <gpxdata:speed>5.933</gpxdata:speed>
    </extensions>
   </trkpt>
   <trkpt lat="50.9910996" lon="13.8759989">
    <ele>113</ele>
    <time>2026-08-11T18:04:14Z</time>
    <extensions>
     <gpxdata:hr>102</gpxdata:hr>
     <gpxdata:distance>13944.00</gpxdata:distance>
     <gpxdata:speed>6.125</gpxdata:speed>
    </extensions>
   </trkpt>
   <trkpt lat="50.9911554" lon="13.8760042">
    <ele>113</ele>
    <time>2026-08-11T18:04:15Z</time>
    <extensions>
     <gpxdata:hr>108</gpxdata:hr>
     <gpxdata:distance>13950.00</gpxdata:distance>
     <gpxdata:speed>6.028</gpxdata:speed>
    </extensions>
   </trkpt>
   <trkpt lat="50.9911942" lon="13.8760075">
    <ele>113</ele>
    <time>2026-08-11T18:04:16Z</time>
    <extensions>
     <gpxdata:hr>109</gpxdata:hr>
     <gpxdata:distance>13956.00</gpxdata:distance>
     <gpxdata:speed>5.922</gpxdata:speed>
    </extensions>
   </trkpt>
   <trkpt lat="50.9912439" lon="13.8760101">
    <ele>113</ele>
    <time>2026-08-11T18:04:17Z</time>
    <extensions>
     <gpxdata:hr>110</gpxdata:hr>
     <gpxdata:distance>13962.00</gpxdata:distance>
     <gpxdata:speed>5.939</gpxdata:speed>
    </extensions>
   </trkpt>
   <trkpt lat="50.9913151" lon="13.8760128">
    <ele>113</ele>
    <time>2026-08-11T18:04:18Z</time>
    <extensions>
     <gpxdata:hr>111</gpxdata:hr>
     <gpxdata:distance>13968.00</gpxdata:distance>
     <gpxdata:speed>6.019</gpxdata:speed>
    </extensions>
   </trkpt>
   <trkpt lat="50.9913725" lon="13.8760156">
    <ele>113</ele>
    <time>2026-08-11T18:04:19Z</time>
    <extensions>
     <gpxdata:hr>111</gpxdata:hr>
     <gpxdata:distance>13974.00</gpxdata:distance>
     <gpxdata:speed>6.078</gpxdata:speed>
    </extensions>
   </trkpt>
   <trkpt lat="50.9914287" lon="13.8760193">
    <ele>114</ele>
    <time>2026-08-11T18:04:20Z</time>
    <extensions>
     <gpxdata:hr>111</gpxdata:hr>
     <gpxdata:distance>13980.00</gpxdata:distance>
     <gpxdata:speed>6.153</gpxdata:speed>
    </extensions>
   </trkpt>
   <trkpt lat="50.9914849" lon="13.8760225">
    <ele>114</ele>
    <time>2026-08-11T18:04:21Z</time>
    <extensions>
     <gpxdata:hr>112</gpxdata:hr>
     <gpxdata:distance>13986.50</gpxdata:distance>
     <gpxdata:speed>6.211</gpxdata:speed>
    </extensions>
   </trkpt>
   <trkpt lat="50.9915407" lon="13.8760241">
    <ele>114</ele>
    <time>2026-08-11T18:04:22Z</time>
    <extensions>
     <gpxdata:hr>111</gpxdata:hr>
     <gpxdata:distance>13993.00</gpxdata:distance>
     <gpxdata:speed>6.228</gpxdata:speed>
    </extensions>
   </trkpt>
   <trkpt lat="50.9915957" lon="13.8760254">
    <ele>114</ele>
    <time>2026-08-11T18:04:23Z</time>
    <extensions>
     <gpxdata:hr>111</gpxdata:hr>
     <gpxdata:distance>13999.00</gpxdata:distance>
     <gpxdata:speed>6.211</gpxdata:speed>
    </extensions>
   </trkpt>
   <trkpt lat="50.9916502" lon="13.8760280">
    <ele>113</ele>
    <time>2026-08-11T18:04:24Z</time>
    <extensions>
     <gpxdata:hr>113</gpxdata:hr>
     <gpxdata:distance>14005.00</gpxdata:distance>
     <gpxdata:speed>6.172</gpxdata:speed>
    </extensions>
   </trkpt>
   <trkpt lat="50.9917056" lon="13.8760329">
    <ele>113</ele>
    <time>2026-08-11T18:04:25Z</time>
    <extensions>
     <gpxdata:hr>113</gpxdata:hr>
     <gpxdata:distance>14011.00</gpxdata:distance>
     <gpxdata:speed>6.139</gpxdata:speed>
    </extensions>
   </trkpt>
   <trkpt lat="50.9917640" lon="13.8760407">
    <ele>112</ele>
    <time>2026-08-11T18:04:26Z</time>
    <extensions>
     <gpxdata:hr>113</gpxdata:hr>
     <gpxdata:distance>14017.00</gpxdata:distance>
     <gpxdata:speed>6.172</gpxdata:speed>
    </extensions>
   </trkpt>
   <trkpt lat="50.9918244" lon="13.8760545">
    <ele>112</ele>
    <time>2026-08-11T18:04:27Z</time>
    <extensions>
     <gpxdata:hr>113</gpxdata:hr>
     <gpxdata:distance>14024.00</gpxdata:distance>
     <gpxdata:speed>6.506</gpxdata:speed>
    </extensions>
   </trkpt>
   <trkpt lat="50.9918841" lon="13.8760773">
    <ele>113</ele>
    <time>2026-08-11T18:04:28Z</time>
    <extensions>
     <gpxdata:hr>114</gpxdata:hr>
     <gpxdata:distance>14031.00</gpxdata:distance>
     <gpxdata:speed>6.669</gpxdata:speed>
    </extensions>
   </trkpt>
   <trkpt lat="50.9919424" lon="13.8761072">
    <ele>113</ele>
    <time>2026-08-11T18:04:29Z</time>
    <extensions>
     <gpxdata:hr>114</gpxdata:hr>
     <gpxdata:distance>14038.00</gpxdata:distance>
     <gpxdata:speed>6.747</gpxdata:speed>
    </extensions>
   </trkpt>
   <trkpt lat="50.9919995" lon="13.8761410">
    <ele>113</ele>
    <time>2026-08-11T18:04:30Z</time>
    <extensions>
     <gpxdata:hr>115</gpxdata:hr>
     <gpxdata:distance>14045.00</gpxdata:distance>
     <gpxdata:speed>6.764</gpxdata:speed>
    </extensions>
   </trkpt>
   <trkpt lat="50.9920564" lon="13.8761748">
    <ele>113</ele>
    <time>2026-08-11T18:04:31Z</time>
    <extensions>
     <gpxdata:hr>115</gpxdata:hr>
     <gpxdata:distance>14051.50</gpxdata:distance>
     <gpxdata:speed>6.744</gpxdata:speed>
    </extensions>
   </trkpt>
   <trkpt lat="50.9921134" lon="13.8762081">
    <ele>114</ele>
    <time>2026-08-11T18:04:32Z</time>
    <extensions>
     <gpxdata:hr>115</gpxdata:hr>
     <gpxdata:distance>14058.00</gpxdata:distance>
     <gpxdata:speed>6.750</gpxdata:speed>
    </extensions>
   </trkpt>
   <trkpt lat="50.9921708" lon="13.8762410">
    <ele>114</ele>
    <time>2026-08-11T18:04:33Z</time>
    <extensions>
     <gpxdata:hr>116</gpxdata:hr>
     <gpxdata:distance>14065.00</gpxdata:distance>
     <gpxdata:speed>6.761</gpxdata:speed>
    </extensions>
   </trkpt>
   <trkpt lat="50.9922290" lon="13.8762711">
    <ele>114</ele>
    <time>2026-08-11T18:04:34Z</time>
    <extensions>
     <gpxdata:hr>116</gpxdata:hr>
     <gpxdata:distance>14072.00</gpxdata:distance>
     <gpxdata:speed>6.789</gpxdata:speed>
    </extensions>
   </trkpt>
   <trkpt lat="50.9922881" lon="13.8762967">
    <ele>114</ele>
    <time>2026-08-11T18:04:35Z</time>
    <extensions>
     <gpxdata:hr>117</gpxdata:hr>
     <gpxdata:distance>14078.50</gpxdata:distance>
     <gpxdata:speed>6.806</gpxdata:speed>
    </extensions>
   </trkpt>
   <trkpt lat="50.9923480" lon="13.8763173">
    <ele>114</ele>
    <time>2026-08-11T18:04:36Z</time>
    <extensions>
     <gpxdata:hr>117</gpxdata:hr>
     <gpxdata:distance>14085.00</gpxdata:distance>
     <gpxdata:speed>6.828</gpxdata:speed>
    </extensions>
   </trkpt>
   <trkpt lat="50.9924084" lon="13.8763336">
    <ele>114</ele>
    <time>2026-08-11T18:04:37Z</time>
    <extensions>
     <gpxdata:hr>116</gpxdata:hr>
     <gpxdata:distance>14092.00</gpxdata:distance>
     <gpxdata:speed>6.822</gpxdata:speed>
    </extensions>
   </trkpt>
   <trkpt lat="50.9924707" lon="13.8763458">
    <ele>114</ele>
    <time>2026-08-11T18:04:38Z</time>
    <extensions>
     <gpxdata:hr>116</gpxdata:hr>
     <gpxdata:distance>14099.00</gpxdata:distance>
     <gpxdata:speed>6.822</gpxdata:speed>
    </extensions>
   </trkpt>
   <trkpt lat="50.9925353" lon="13.8763562">
    <ele>114</ele>
    <time>2026-08-11T18:04:39Z</time>
    <extensions>
     <gpxdata:hr>117</gpxdata:hr>
     <gpxdata:distance>14106.50</gpxdata:distance>
     <gpxdata:speed>6.892</gpxdata:speed>
    </extensions>
   </trkpt>
   <trkpt lat="50.9926018" lon="13.8763653">
    <ele>113</ele>
    <time>2026-08-11T18:04:40Z</time>
    <extensions>
     <gpxdata:hr>117</gpxdata:hr>
     <gpxdata:distance>14114.00</gpxdata:distance>
     <gpxdata:speed>7.031</gpxdata:speed>
    </extensions>
   </trkpt>
   <trkpt lat="50.9926694" lon="13.8763737">
    <ele>113</ele>
    <time>2026-08-11T18:04:41Z</time>
    <extensions>
     <gpxdata:hr>117</gpxdata:hr>
     <gpxdata:distance>14121.50</gpxdata:distance>
     <gpxdata:speed>7.178</gpxdata:speed>
    </extensions>
   </trkpt>
   <trkpt lat="50.9927373" lon="13.8763810">
    <ele>112</ele>
    <time>2026-08-11T18:04:42Z</time>
    <extensions>
     <gpxdata:hr>118</gpxdata:hr>
     <gpxdata:distance>14129.00</gpxdata:distance>
     <gpxdata:speed>7.353</gpxdata:speed>
    </extensions>
   </trkpt>
   <trkpt lat="50.9928057" lon="13.8763865">
    <ele>112</ele>
    <time>2026-08-11T18:04:43Z</time>
    <extensions>
     <gpxdata:hr>119</gpxdata:hr>
     <gpxdata:distance>14136.50</gpxdata:distance>
     <gpxdata:speed>7.483</gpxdata:speed>
    </extensions>
   </trkpt>
   <trkpt lat="50.9928745" lon="13.8763917">
    <ele>112</ele>
    <time>2026-08-11T18:04:44Z</time>
    <extensions>
     <gpxdata:hr>120</gpxdata:hr>
     <gpxdata:distance>14144.00</gpxdata:distance>
     <gpxdata:speed>7.564</gpxdata:speed>
    </extensions>
   </trkpt>
   <trkpt lat="50.9929428" lon="13.8763979">
    <ele>112</ele>
    <time>2026-08-11T18:04:45Z</time>
    <extensions>
     <gpxdata:hr>121</gpxdata:hr>
     <gpxdata:distance>14151.50</gpxdata:distance>
     <gpxdata:speed>7.628</gpxdata:speed>
    </extensions>
   </trkpt>
   <trkpt lat="50.9930119" lon="13.8764047">
    <ele>112</ele>
    <time>2026-08-11T18:04:46Z</time>
    <extensions>
     <gpxdata:hr>122</gpxdata:hr>
     <gpxdata:distance>14159.00</gpxdata:distance>
     <gpxdata:speed>7.606</gpxdata:speed>
    </extensions>
   </trkpt>
   <trkpt lat="50.9930822" lon="13.8764120">
    <ele>112</ele>
    <time>2026-08-11T18:04:47Z</time>
    <extensions>
     <gpxdata:hr>123</gpxdata:hr>
     <gpxdata:distance>14167.00</gpxdata:distance>
     <gpxdata:speed>7.697</gpxdata:speed>
    </extensions>
   </trkpt>
   <trkpt lat="50.9931531" lon="13.8764185">
    <ele>112</ele>
    <time>2026-08-11T18:04:48Z</time>
    <extensions>
     <gpxdata:hr>123</gpxdata:hr>
     <gpxdata:distance>14175.00</gpxdata:distance>
     <gpxdata:speed>7.817</gpxdata:speed>
    </extensions>
   </trkpt>
   <trkpt lat="50.9932246" lon="13.8764237">
    <ele>112</ele>
    <time>2026-08-11T18:04:49Z</time>
    <extensions>
     <gpxdata:hr>124</gpxdata:hr>
     <gpxdata:distance>14183.00</gpxdata:distance>
     <gpxdata:speed>7.875</gpxdata:speed>
    </extensions>
   </trkpt>
   <trkpt lat="50.9932965" lon="13.8764276">
    <ele>112</ele>
    <time>2026-08-11T18:04:50Z</time>
    <extensions>
     <gpxdata:hr>124</gpxdata:hr>
     <gpxdata:distance>14191.00</gpxdata:distance>
     <gpxdata:speed>7.928</gpxdata:speed>
    </extensions>
   </trkpt>
   <trkpt lat="50.9933690" lon="13.8764308">
    <ele>112</ele>
    <time>2026-08-11T18:04:51Z</time>
    <extensions>
     <gpxdata:hr>124</gpxdata:hr>
     <gpxdata:distance>14199.00</gpxdata:distance>
     <gpxdata:speed>7.972</gpxdata:speed>
    </extensions>
   </trkpt>
   <trkpt lat="50.9934415" lon="13.8764328">
    <ele>112</ele>
    <time>2026-08-11T18:04:52Z</time>
    <extensions>
     <gpxdata:hr>124</gpxdata:hr>
     <gpxdata:distance>14207.00</gpxdata:distance>
     <gpxdata:speed>8.025</gpxdata:speed>
    </extensions>
   </trkpt>
   <trkpt lat="50.9935129" lon="13.8764329">
    <ele>112</ele>
    <time>2026-08-11T18:04:53Z</time>
    <extensions>
     <gpxdata:hr>123</gpxdata:hr>
     <gpxdata:distance>14215.00</gpxdata:distance>
     <gpxdata:speed>8.044</gpxdata:speed>
    </extensions>
   </trkpt>
   <trkpt lat="50.9935840" lon="13.8764292">
    <ele>112</ele>
    <time>2026-08-11T18:04:54Z</time>
    <extensions>
     <gpxdata:hr>124</gpxdata:hr>
     <gpxdata:distance>14223.00</gpxdata:distance>
     <gpxdata:speed>7.997</gpxdata:speed>
    </extensions>
   </trkpt>
   <trkpt lat="50.9936554" lon="13.8764239">
    <ele>112</ele>
    <time>2026-08-11T18:04:55Z</time>
    <extensions>
     <gpxdata:hr>124</gpxdata:hr>
     <gpxdata:distance>14231.00</gpxdata:distance>
     <gpxdata:speed>7.972</gpxdata:speed>
    </extensions>
   </trkpt>
   <trkpt lat="50.9937277" lon="13.8764178">
    <ele>112</ele>
    <time>2026-08-11T18:04:56Z</time>
    <extensions>
     <gpxdata:hr>124</gpxdata:hr>
     <gpxdata:distance>14239.00</gpxdata:distance>
     <gpxdata:speed>7.978</gpxdata:speed>
    </extensions>
   </trkpt>
   <trkpt lat="50.9938007" lon="13.8764102">
    <ele>112</ele>
    <time>2026-08-11T18:04:57Z</time>
    <extensions>
     <gpxdata:hr>124</gpxdata:hr>
     <gpxdata:distance>14247.00</gpxdata:distance>
     <gpxdata:speed>8.014</gpxdata:speed>
    </extensions>
   </trkpt>
   <trkpt lat="50.9938746" lon="13.8763982">
    <ele>112</ele>
    <time>2026-08-11T18:04:58Z</time>
    <extensions>
     <gpxdata:hr>123</gpxdata:hr>
     <gpxdata:distance>14255.00</gpxdata:distance>
     <gpxdata:speed>8.061</gpxdata:speed>
    </extensions>
   </trkpt>
   <trkpt lat="50.9939495" lon="13.8763800">
    <ele>112</ele>
    <time>2026-08-11T18:04:59Z</time>
    <extensions>
     <gpxdata:hr>123</gpxdata:hr>
     <gpxdata:distance>14263.50</gpxdata:distance>
     <gpxdata:speed>8.147</gpxdata:speed>
    </extensions>
   </trkpt>
   <trkpt lat="50.9940255" lon="13.8763581">
    <ele>112</ele>
    <time>2026-08-11T18:05:00Z</time>
    <extensions>
     <gpxdata:hr>123</gpxdata:hr>
     <gpxdata:distance>14272.00</gpxdata:distance>
     <gpxdata:speed>8.253</gpxdata:speed>
    </extensions>
   </trkpt>
   <trkpt lat="50.9941034" lon="13.8763341">
    <ele>112</ele>
    <time>2026-08-11T18:05:01Z</time>
    <extensions>
     <gpxdata:hr>124</gpxdata:hr>
     <gpxdata:distance>14281.00</gpxdata:distance>
     <gpxdata:speed>8.383</gpxdata:speed>
    </extensions>
   </trkpt>
   <trkpt lat="50.9941839" lon="13.8763069">
    <ele>112</ele>
    <time>2026-08-11T18:05:02Z</time>
    <extensions>
     <gpxdata:hr>124</gpxdata:hr>
     <gpxdata:distance>14290.00</gpxdata:distance>
     <gpxdata:speed>8.747</gpxdata:speed>
    </extensions>
   </trkpt>
   <trkpt lat="50.9942665" lon="13.8762744">
    <ele>112</ele>
    <time>2026-08-11T18:05:03Z</time>
    <extensions>
     <gpxdata:hr>126</gpxdata:hr>
     <gpxdata:distance>14299.50</gpxdata:distance>
     <gpxdata:speed>9.075</gpxdata:speed>
    </extensions>
   </trkpt>
   <trkpt lat="50.9943496" lon="13.8762360">
    <ele>112</ele>
    <time>2026-08-11T18:05:04Z</time>
    <extensions>
     <gpxdata:hr>128</gpxdata:hr>
     <gpxdata:distance>14309.00</gpxdata:distance>
     <gpxdata:speed>9.375</gpxdata:speed>
    </extensions>
   </trkpt>
   <trkpt lat="50.9944323" lon="13.8761896">
    <ele>112</ele>
    <time>2026-08-11T18:05:05Z</time>
    <extensions>
     <gpxdata:hr>130</gpxdata:hr>
     <gpxdata:distance>14318.50</gpxdata:distance>
     <gpxdata:speed>9.531</gpxdata:speed>
    </extensions>
   </trkpt>
   <trkpt lat="50.9945137" lon="13.8761338">
    <ele>112</ele>
    <time>2026-08-11T18:05:06Z</time>
    <extensions>
     <gpxdata:hr>131</gpxdata:hr>
     <gpxdata:distance>14328.00</gpxdata:distance>
     <gpxdata:speed>9.667</gpxdata:speed>
    </extensions>
   </trkpt>
   <trkpt lat="50.9945937" lon="13.8760695">
    <ele>112</ele>
    <time>2026-08-11T18:05:07Z</time>
    <extensions>
     <gpxdata:hr>131</gpxdata:hr>
     <gpxdata:distance>14338.00</gpxdata:distance>
     <gpxdata:speed>9.803</gpxdata:speed>
    </extensions>
   </trkpt>
   <trkpt lat="50.9946731" lon="13.8760006">
    <ele>112</ele>
    <time>2026-08-11T18:05:08Z</time>
    <extensions>
     <gpxdata:hr>133</gpxdata:hr>
     <gpxdata:distance>14348.00</gpxdata:distance>
     <gpxdata:speed>9.914</gpxdata:speed>
    </extensions>
   </trkpt>
   <trkpt lat="50.9947528" lon="13.8759305">
    <ele>112</ele>
    <time>2026-08-11T18:05:09Z</time>
    <extensions>
     <gpxdata:hr>135</gpxdata:hr>
     <gpxdata:distance>14358.50</gpxdata:distance>
     <gpxdata:speed>10.011</gpxdata:speed>
    </extensions>
   </trkpt>
   <trkpt lat="50.9948329" lon="13.8758610">
    <ele>112</ele>
    <time>2026-08-11T18:05:10Z</time>
    <extensions>
     <gpxdata:hr>137</gpxdata:hr>
     <gpxdata:distance>14369.00</gpxdata:distance>
     <gpxdata:speed>10.083</gpxdata:speed>
    </extensions>
   </trkpt>
   <trkpt lat="50.9949129" lon="13.8757929">
    <ele>112</ele>
    <time>2026-08-11T18:05:11Z</time>
    <extensions>
     <gpxdata:hr>138</gpxdata:hr>
     <gpxdata:distance>14379.00</gpxdata:distance>
     <gpxdata:speed>10.122</gpxdata:speed>
    </extensions>
   </trkpt>
   <trkpt lat="50.9949929" lon="13.8757274">
    <ele>112</ele>
    <time>2026-08-11T18:05:12Z</time>
    <extensions>
     <gpxdata:hr>139</gpxdata:hr>
     <gpxdata:distance>14389.00</gpxdata:distance>
     <gpxdata:speed>10.114</gpxdata:speed>
    </extensions>
   </trkpt>
   <trkpt lat="50.9950733" lon="13.8756656">
    <ele>112</ele>
    <time>2026-08-11T18:05:13Z</time>
    <extensions>
     <gpxdata:hr>140</gpxdata:hr>
     <gpxdata:distance>14399.00</gpxdata:distance>
     <gpxdata:speed>10.081</gpxdata:speed>
    </extensions>
   </trkpt>
   <trkpt lat="50.9951548" lon="13.8756083">
    <ele>112</ele>
    <time>2026-08-11T18:05:14Z</time>
    <extensions>
     <gpxdata:hr>141</gpxdata:hr>
     <gpxdata:distance>14409.00</gpxdata:distance>
     <gpxdata:speed>10.036</gpxdata:speed>
    </extensions>
   </trkpt>
   <trkpt lat="50.9952372" lon="13.8755539">
    <ele>111</ele>
    <time>2026-08-11T18:05:15Z</time>
    <extensions>
     <gpxdata:hr>141</gpxdata:hr>
     <gpxdata:distance>14419.00</gpxdata:distance>
     <gpxdata:speed>10.003</gpxdata:speed>
    </extensions>
   </trkpt>
   <trkpt lat="50.9953207" lon="13.8754998">
    <ele>111</ele>
    <time>2026-08-11T18:05:16Z</time>
    <extensions>
     <gpxdata:hr>141</gpxdata:hr>
     <gpxdata:distance>14429.00</gpxdata:distance>
     <gpxdata:speed>9.986</gpxdata:speed>
    </extensions>
   </trkpt>
   <trkpt lat="50.9954057" lon="13.8754451">
    <ele>111</ele>
    <time>2026-08-11T18:05:17Z</time>
    <extensions>
     <gpxdata:hr>141</gpxdata:hr>
     <gpxdata:distance>14439.00</gpxdata:distance>
     <gpxdata:speed>10.014</gpxdata:speed>
    </extensions>
   </trkpt>
   <trkpt lat="50.9954927" lon="13.8753918">
    <ele>111</ele>
    <time>2026-08-11T18:05:18Z</time>
    <extensions>
     <gpxdata:hr>142</gpxdata:hr>
     <gpxdata:distance>14449.00</gpxdata:distance>
     <gpxdata:speed>10.094</gpxdata:speed>
    </extensions>
   </trkpt>
   <trkpt lat="50.9955813" lon="13.8753406">
    <ele>111</ele>
    <time>2026-08-11T18:05:19Z</time>
    <extensions>
     <gpxdata:hr>142</gpxdata:hr>
     <gpxdata:distance>14459.50</gpxdata:distance>
     <gpxdata:speed>10.200</gpxdata:speed>
    </extensions>
   </trkpt>
   <trkpt lat="50.9956706" lon="13.8752907">
    <ele>111</ele>
    <time>2026-08-11T18:05:20Z</time>
    <extensions>
     <gpxdata:hr>142</gpxdata:hr>
     <gpxdata:distance>14470.00</gpxdata:distance>
     <gpxdata:speed>10.303</gpxdata:speed>
    </extensions>
   </trkpt>
   <trkpt lat="50.9957601" lon="13.8752406">
    <ele>111</ele>
    <time>2026-08-11T18:05:21Z</time>
    <extensions>
     <gpxdata:hr>142</gpxdata:hr>
     <gpxdata:distance>14480.50</gpxdata:distance>
     <gpxdata:speed>10.381</gpxdata:speed>
    </extensions>
   </trkpt>
   <trkpt lat="50.9958500" lon="13.8751904">
    <ele>111</ele>
    <time>2026-08-11T18:05:22Z</time>
    <extensions>
     <gpxdata:hr>142</gpxdata:hr>
     <gpxdata:distance>14491.00</gpxdata:distance>
     <gpxdata:speed>10.442</gpxdata:speed>
    </extensions>
   </trkpt>
   <trkpt lat="50.9959404" lon="13.8751395">
    <ele>111</ele>
    <time>2026-08-11T18:05:23Z</time>
    <extensions>
     <gpxdata:hr>141</gpxdata:hr>
     <gpxdata:distance>14502.00</gpxdata:distance>
     <gpxdata:speed>10.514</gpxdata:speed>
    </extensions>
   </trkpt>
   <trkpt lat="50.9960318" lon="13.8750896">
    <ele>111</ele>
    <time>2026-08-11T18:05:24Z</time>
    <extensions>
     <gpxdata:hr>140</gpxdata:hr>
     <gpxdata:distance>14513.00</gpxdata:distance>
     <gpxdata:speed>10.617</gpxdata:speed>
    </extensions>
   </trkpt>
   <trkpt lat="50.9961242" lon="13.8750416">
    <ele>111</ele>
    <time>2026-08-11T18:05:25Z</time>
    <extensions>
     <gpxdata:hr>139</gpxdata:hr>
     <gpxdata:distance>14523.50</gpxdata:distance>
     <gpxdata:speed>10.736</gpxdata:speed>
    </extensions>
   </trkpt>
   <trkpt lat="50.9962173" lon="13.8749960">
    <ele>111</ele>
    <time>2026-08-11T18:05:26Z</time>
    <extensions>
     <gpxdata:hr>139</gpxdata:hr>
     <gpxdata:distance>14534.00</gpxdata:distance>
     <gpxdata:speed>10.792</gpxdata:speed>
    </extensions>
   </trkpt>
   <trkpt lat="50.9963101" lon="13.8749501">
    <ele>111</ele>
    <time>2026-08-11T18:05:27Z</time>
    <extensions>
     <gpxdata:hr>140</gpxdata:hr>
     <gpxdata:distance>14545.00</gpxdata:distance>
     <gpxdata:speed>10.814</gpxdata:speed>
    </extensions>
   </trkpt>
   <trkpt lat="50.9964031" lon="13.8749039">
    <ele>111</ele>
    <time>2026-08-11T18:05:28Z</time>
    <extensions>
     <gpxdata:hr>142</gpxdata:hr>
     <gpxdata:distance>14556.00</gpxdata:distance>
     <gpxdata:speed>10.808</gpxdata:speed>
    </extensions>
   </trkpt>
   <trkpt lat="50.9964966" lon="13.8748582">
    <ele>111</ele>
    <time>2026-08-11T18:05:29Z</time>
    <extensions>
     <gpxdata:hr>144</gpxdata:hr>
     <gpxdata:distance>14567.00</gpxdata:distance>
     <gpxdata:speed>10.836</gpxdata:speed>
    </extensions>
   </trkpt>
   <trkpt lat="50.9965908" lon="13.8748140">
    <ele>111</ele>
    <time>2026-08-11T18:05:30Z</time>
    <extensions>
     <gpxdata:hr>147</gpxdata:hr>
     <gpxdata:distance>14578.00</gpxdata:distance>
     <gpxdata:speed>10.864</gpxdata:speed>
    </extensions>
   </trkpt>
   <trkpt lat="50.9966857" lon="13.8747702">
    <ele>111</ele>
    <time>2026-08-11T18:05:31Z</time>
    <extensions>
     <gpxdata:hr>147</gpxdata:hr>
     <gpxdata:distance>14589.00</gpxdata:distance>
     <gpxdata:speed>10.894</gpxdata:speed>
    </extensions>
   </trkpt>
   <trkpt lat="50.9967807" lon="13.8747277">
    <ele>111</ele>
    <time>2026-08-11T18:05:32Z</time>
    <extensions>
     <gpxdata:hr>147</gpxdata:hr>
     <gpxdata:distance>14600.00</gpxdata:distance>
     <gpxdata:speed>10.939</gpxdata:speed>
    </extensions>
   </trkpt>
   <trkpt lat="50.9968756" lon="13.8746861">
    <ele>111</ele>
    <time>2026-08-11T18:05:33Z</time>
    <extensions>
     <gpxdata:hr>148</gpxdata:hr>
     <gpxdata:distance>14611.00</gpxdata:distance>
     <gpxdata:speed>10.956</gpxdata:speed>
    </extensions>
   </trkpt>
   <trkpt lat="50.9969696" lon="13.8746423">
    <ele>111</ele>
    <time>2026-08-11T18:05:34Z</time>
    <extensions>
     <gpxdata:hr>149</gpxdata:hr>
     <gpxdata:distance>14622.00</gpxdata:distance>
     <gpxdata:speed>10.950</gpxdata:speed>
    </extensions>
   </trkpt>
   <trkpt lat="50.9970622" lon="13.8745938">
    <ele>111</ele>
    <time>2026-08-11T18:05:35Z</time>
    <extensions>
     <gpxdata:hr>150</gpxdata:hr>
     <gpxdata:distance>14632.50</gpxdata:distance>
     <gpxdata:speed>10.933</gpxdata:speed>
    </extensions>
   </trkpt>
   <trkpt lat="50.9971541" lon="13.8745419">
    <ele>111</ele>
    <time>2026-08-11T18:05:36Z</time>
    <extensions>
     <gpxdata:hr>150</gpxdata:hr>
     <gpxdata:distance>14643.00</gpxdata:distance>
     <gpxdata:speed>10.908</gpxdata:speed>
    </extensions>
   </trkpt>
   <trkpt lat="50.9972458" lon="13.8744916">
    <ele>111</ele>
    <time>2026-08-11T18:05:37Z</time>
    <extensions>
     <gpxdata:hr>150</gpxdata:hr>
     <gpxdata:distance>14654.00</gpxdata:distance>
     <gpxdata:speed>10.892</gpxdata:speed>
    </extensions>
   </trkpt>
   <trkpt lat="50.9973378" lon="13.8744446">
    <ele>111</ele>
    <time>2026-08-11T18:05:38Z</time>
    <extensions>
     <gpxdata:hr>151</gpxdata:hr>
     <gpxdata:distance>14665.00</gpxdata:distance>
     <gpxdata:speed>10.861</gpxdata:speed>
    </extensions>
   </trkpt>
   <trkpt lat="50.9974302" lon="13.8744023">
    <ele>111</ele>
    <time>2026-08-11T18:05:39Z</time>
    <extensions>
     <gpxdata:hr>151</gpxdata:hr>
     <gpxdata:distance>14675.50</gpxdata:distance>
     <gpxdata:speed>10.825</gpxdata:speed>
    </extensions>
   </trkpt>
   <trkpt lat="50.9975230" lon="13.8743639">
    <ele>111</ele>
    <time>2026-08-11T18:05:40Z</time>
    <extensions>
     <gpxdata:hr>151</gpxdata:hr>
     <gpxdata:distance>14686.00</gpxdata:distance>
     <gpxdata:speed>10.783</gpxdata:speed>
    </extensions>
   </trkpt>
   <trkpt lat="50.9976158" lon="13.8743292">
    <ele>111</ele>
    <time>2026-08-11T18:05:41Z</time>
    <extensions>
     <gpxdata:hr>154</gpxdata:hr>
     <gpxdata:distance>14696.50</gpxdata:distance>
     <gpxdata:speed>10.747</gpxdata:speed>
    </extensions>
   </trkpt>
   <trkpt lat="50.9977087" lon="13.8742967">
    <ele>111</ele>
    <time>2026-08-11T18:05:42Z</time>
    <extensions>
     <gpxdata:hr>153</gpxdata:hr>
     <gpxdata:distance>14707.00</gpxdata:distance>
     <gpxdata:speed>10.697</gpxdata:speed>
    </extensions>
   </trkpt>
   <trkpt lat="50.9978017" lon="13.8742655">
    <ele>111</ele>
    <time>2026-08-11T18:05:43Z</time>
    <extensions>
     <gpxdata:hr>152</gpxdata:hr>
     <gpxdata:distance>14718.00</gpxdata:distance>
     <gpxdata:speed>10.661</gpxdata:speed>
    </extensions>
   </trkpt>
   <trkpt lat="50.9978940" lon="13.8742326">
    <ele>111</ele>
    <time>2026-08-11T18:05:44Z</time>
    <extensions>
     <gpxdata:hr>151</gpxdata:hr>
     <gpxdata:distance>14729.00</gpxdata:distance>
     <gpxdata:speed>10.631</gpxdata:speed>
    </extensions>
   </trkpt>
   <trkpt lat="50.9979849" lon="13.8741931">
    <ele>111</ele>
    <time>2026-08-11T18:05:45Z</time>
    <extensions>
     <gpxdata:hr>151</gpxdata:hr>
     <gpxdata:distance>14739.50</gpxdata:distance>
     <gpxdata:speed>10.594</gpxdata:speed>
    </extensions>
   </trkpt>
   <trkpt lat="50.9980742" lon="13.8741451">
    <ele>111</ele>
    <time>2026-08-11T18:05:46Z</time>
    <extensions>
     <gpxdata:hr>150</gpxdata:hr>
     <gpxdata:distance>14750.00</gpxdata:distance>
     <gpxdata:speed>10.561</gpxdata:speed>
    </extensions>
   </trkpt>
   <trkpt lat="50.9981617" lon="13.8740894">
    <ele>111</ele>
    <time>2026-08-11T18:05:47Z</time>
    <extensions>
     <gpxdata:hr>150</gpxdata:hr>
     <gpxdata:distance>14760.50</gpxdata:distance>
     <gpxdata:speed>10.542</gpxdata:speed>
    </extensions>
   </trkpt>
   <trkpt lat="50.9982483" lon="13.8740296">
    <ele>111</ele>
    <time>2026-08-11T18:05:48Z</time>
    <extensions>
     <gpxdata:hr>149</gpxdata:hr>
     <gpxdata:distance>14771.00</gpxdata:distance>
     <gpxdata:speed>10.528</gpxdata:speed>
    </extensions>
   </trkpt>
   <trkpt lat="50.9983349" lon="13.8739690">
    <ele>111</ele>
    <time>2026-08-11T18:05:49Z</time>
    <extensions>
     <gpxdata:hr>150</gpxdata:hr>
     <gpxdata:distance>14781.50</gpxdata:distance>
     <gpxdata:speed>10.519</gpxdata:speed>
    </extensions>
   </trkpt>
   <trkpt lat="50.9984222" lon="13.8739097">
    <ele>111</ele>
    <time>2026-08-11T18:05:50Z</time>
    <extensions>
     <gpxdata:hr>150</gpxdata:hr>
     <gpxdata:distance>14792.00</gpxdata:distance>
     <gpxdata:speed>10.522</gpxdata:speed>
    </extensions>
   </trkpt>
   <trkpt lat="50.9985101" lon="13.8738517">
    <ele>111</ele>
    <time>2026-08-11T18:05:51Z</time>
    <extensions>
     <gpxdata:hr>150</gpxdata:hr>
     <gpxdata:distance>14802.50</gpxdata:distance>
     <gpxdata:speed>10.536</gpxdata:speed>
    </extensions>
   </trkpt>
   <trkpt lat="50.9985983" lon="13.8737948">
    <ele>111</ele>
    <time>2026-08-11T18:05:52Z</time>
    <extensions>
     <gpxdata:hr>151</gpxdata:hr>
     <gpxdata:distance>14813.00</gpxdata:distance>
     <gpxdata:speed>10.556</gpxdata:speed>
    </extensions>
   </trkpt>
   <trkpt lat="50.9986870" lon="13.8737416">
    <ele>111</ele>
    <time>2026-08-11T18:05:53Z</time>
    <extensions>
     <gpxdata:hr>152</gpxdata:hr>
     <gpxdata:distance>14823.50</gpxdata:distance>
     <gpxdata:speed>10.567</gpxdata:speed>
    </extensions>
   </trkpt>
   <trkpt lat="50.9987758" lon="13.8736921">
    <ele>111</ele>
    <time>2026-08-11T18:05:54Z</time>
    <extensions>
     <gpxdata:hr>153</gpxdata:hr>
     <gpxdata:distance>14834.00</gpxdata:distance>
     <gpxdata:speed>10.561</gpxdata:speed>
    </extensions>
   </trkpt>
   <trkpt lat="50.9988636" lon="13.8736434">
    <ele>111</ele>
    <time>2026-08-11T18:05:55Z</time>
    <extensions>
     <gpxdata:hr>153</gpxdata:hr>
     <gpxdata:distance>14844.50</gpxdata:distance>
     <gpxdata:speed>10.525</gpxdata:speed>
    </extensions>
   </trkpt>
   <trkpt lat="50.9989496" lon="13.8735927">
    <ele>111</ele>
    <time>2026-08-11T18:05:56Z</time>
    <extensions>
     <gpxdata:hr>153</gpxdata:hr>
     <gpxdata:distance>14855.00</gpxdata:distance>
     <gpxdata:speed>10.456</gpxdata:speed>
    </extensions>
   </trkpt>
   <trkpt lat="50.9990338" lon="13.8735385">
    <ele>111</ele>
    <time>2026-08-11T18:05:57Z</time>
    <extensions>
     <gpxdata:hr>152</gpxdata:hr>
     <gpxdata:distance>14865.00</gpxdata:distance>
     <gpxdata:speed>10.367</gpxdata:speed>
    </extensions>
   </trkpt>
   <trkpt lat="50.9991166" lon="13.8734795">
    <ele>111</ele>
    <time>2026-08-11T18:05:58Z</time>
    <extensions>
     <gpxdata:hr>152</gpxdata:hr>
     <gpxdata:distance>14875.00</gpxdata:distance>
     <gpxdata:speed>10.281</gpxdata:speed>
    </extensions>
   </trkpt>
   <trkpt lat="50.9991982" lon="13.8734164">
    <ele>111</ele>
    <time>2026-08-11T18:05:59Z</time>
    <extensions>
     <gpxdata:hr>152</gpxdata:hr>
     <gpxdata:distance>14885.00</gpxdata:distance>
     <gpxdata:speed>10.225</gpxdata:speed>
    </extensions>
   </trkpt>
   <trkpt lat="50.9992778" lon="13.8733484">
    <ele>111</ele>
    <time>2026-08-11T18:06:00Z</time>
    <extensions>
     <gpxdata:hr>151</gpxdata:hr>
     <gpxdata:distance>14895.00</gpxdata:distance>
     <gpxdata:speed>10.183</gpxdata:speed>
    </extensions>
   </trkpt>
   <trkpt lat="50.9993541" lon="13.8732736">
    <ele>111</ele>
    <time>2026-08-11T18:06:01Z</time>
    <extensions>
     <gpxdata:hr>151</gpxdata:hr>
     <gpxdata:distance>14905.00</gpxdata:distance>
     <gpxdata:speed>10.133</gpxdata:speed>
    </extensions>
   </trkpt>
   <trkpt lat="50.9994266" lon="13.8731917">
    <ele>111</ele>
    <time>2026-08-11T18:06:02Z</time>
    <extensions>
     <gpxdata:hr>150</gpxdata:hr>
     <gpxdata:distance>14915.00</gpxdata:distance>
     <gpxdata:speed>10.075</gpxdata:speed>
    </extensions>
   </trkpt>
   <trkpt lat="50.9994961" lon="13.8731047">
    <ele>111</ele>
    <time>2026-08-11T18:06:03Z</time>
    <extensions>
     <gpxdata:hr>150</gpxdata:hr>
     <gpxdata:distance>14925.00</gpxdata:distance>
     <gpxdata:speed>9.986</gpxdata:speed>
    </extensions>
   </trkpt>
   <trkpt lat="50.9995638" lon="13.8730172">
    <ele>111</ele>
    <time>2026-08-11T18:06:04Z</time>
    <extensions>
     <gpxdata:hr>150</gpxdata:hr>
     <gpxdata:distance>14935.00</gpxdata:distance>
     <gpxdata:speed>9.892</gpxdata:speed>
    </extensions>
   </trkpt>
   <trkpt lat="50.9996310" lon="13.8729320">
    <ele>112</ele>
    <time>2026-08-11T18:06:05Z</time>
    <extensions>
     <gpxdata:hr>150</gpxdata:hr>
     <gpxdata:distance>14944.50</gpxdata:distance>
     <gpxdata:speed>9.769</gpxdata:speed>
    </extensions>
   </trkpt>
   <trkpt lat="50.9997005" lon="13.8728522">
    <ele>112</ele>
    <time>2026-08-11T18:06:06Z</time>
    <extensions>
     <gpxdata:hr>151</gpxdata:hr>
     <gpxdata:distance>14954.00</gpxdata:distance>
     <gpxdata:speed>9.622</gpxdata:speed>
    </extensions>
   </trkpt>
   <trkpt lat="50.9997752" lon="13.8727793">
    <ele>113</ele>
    <time>2026-08-11T18:06:07Z</time>
    <extensions>
     <gpxdata:hr>152</gpxdata:hr>
     <gpxdata:distance>14963.50</gpxdata:distance>
     <gpxdata:speed>9.603</gpxdata:speed>
    </extensions>
   </trkpt>
   <trkpt lat="50.9998544" lon="13.8727125">
    <ele>113</ele>
    <time>2026-08-11T18:06:08Z</time>
    <extensions>
     <gpxdata:hr>153</gpxdata:hr>
     <gpxdata:distance>14973.00</gpxdata:distance>
     <gpxdata:speed>9.717</gpxdata:speed>
    </extensions>
   </trkpt>
   <trkpt lat="50.9999325" lon="13.8726429">
    <ele>113</ele>
    <time>2026-08-11T18:06:09Z</time>
    <extensions>
     <gpxdata:hr>154</gpxdata:hr>
     <gpxdata:distance>14983.00</gpxdata:distance>
     <gpxdata:speed>9.831</gpxdata:speed>
    </extensions>
   </trkpt>
   <trkpt lat="51.0000049" lon="13.8725608">
    <ele>113</ele>
    <time>2026-08-11T18:06:10Z</time>
    <extensions>
     <gpxdata:hr>156</gpxdata:hr>
     <gpxdata:distance>14993.00</gpxdata:distance>
     <gpxdata:speed>9.869</gpxdata:speed>
    </extensions>
   </trkpt>
   <trkpt lat="51.0000687" lon="13.8724635">
    <ele>113</ele>
    <time>2026-08-11T18:06:11Z</time>
    <extensions>
     <gpxdata:hr>158</gpxdata:hr>
     <gpxdata:distance>15003.00</gpxdata:distance>
     <gpxdata:speed>9.892</gpxdata:speed>
    </extensions>
   </trkpt>
   <trkpt lat="51.0001249" lon="13.8723555">
    <ele>113</ele>
    <time>2026-08-11T18:06:12Z</time>
    <extensions>
     <gpxdata:hr>161</gpxdata:hr>
     <gpxdata:distance>15013.00</gpxdata:distance>
     <gpxdata:speed>9.903</gpxdata:speed>
    </extensions>
   </trkpt>
   <trkpt lat="51.0001762" lon="13.8722415">
    <ele>113</ele>
    <time>2026-08-11T18:06:13Z</time>
    <extensions>
     <gpxdata:hr>164</gpxdata:hr>
     <gpxdata:distance>15023.00</gpxdata:distance>
     <gpxdata:speed>9.881</gpxdata:speed>
    </extensions>
   </trkpt>
   <trkpt lat="51.0002271" lon="13.8721285">
    <ele>113</ele>
    <time>2026-08-11T18:06:14Z</time>
    <extensions>
     <gpxdata:hr>162</gpxdata:hr>
     <gpxdata:distance>15033.00</gpxdata:distance>
     <gpxdata:speed>9.850</gpxdata:speed>
    </extensions>
   </trkpt>
   <trkpt lat="51.0002833" lon="13.8720212">
    <ele>114</ele>
    <time>2026-08-11T18:06:15Z</time>
    <extensions>
     <gpxdata:hr>162</gpxdata:hr>
     <gpxdata:distance>15042.50</gpxdata:distance>
     <gpxdata:speed>9.803</gpxdata:speed>
    </extensions>
   </trkpt>
   <trkpt lat="51.0003449" lon="13.8719198">
    <ele>114</ele>
    <time>2026-08-11T18:06:16Z</time>
    <extensions>
     <gpxdata:hr>159</gpxdata:hr>
     <gpxdata:distance>15052.00</gpxdata:distance>
     <gpxdata:speed>9.808</gpxdata:speed>
    </extensions>
   </trkpt>
   <trkpt lat="51.0004101" lon="13.8718222">
    <ele>114</ele>
    <time>2026-08-11T18:06:17Z</time>
    <extensions>
     <gpxdata:hr>156</gpxdata:hr>
     <gpxdata:distance>15062.00</gpxdata:distance>
     <gpxdata:speed>9.850</gpxdata:speed>
    </extensions>
   </trkpt>
   <trkpt lat="51.0004750" lon="13.8717247">
    <ele>114</ele>
    <time>2026-08-11T18:06:18Z</time>
    <extensions>
     <gpxdata:hr>155</gpxdata:hr>
     <gpxdata:distance>15072.00</gpxdata:distance>
     <gpxdata:speed>9.894</gpxdata:speed>
    </extensions>
   </trkpt>
   <trkpt lat="51.0005381" lon="13.8716238">
    <ele>114</ele>
    <time>2026-08-11T18:06:19Z</time>
    <extensions>
     <gpxdata:hr>155</gpxdata:hr>
     <gpxdata:distance>15082.00</gpxdata:distance>
     <gpxdata:speed>9.900</gpxdata:speed>
    </extensions>
   </trkpt>
   <trkpt lat="51.0005998" lon="13.8715198">
    <ele>114</ele>
    <time>2026-08-11T18:06:20Z</time>
    <extensions>
     <gpxdata:hr>155</gpxdata:hr>
     <gpxdata:distance>15092.00</gpxdata:distance>
     <gpxdata:speed>9.925</gpxdata:speed>
    </extensions>
   </trkpt>
   <trkpt lat="51.0006613" lon="13.8714128">
    <ele>114</ele>
    <time>2026-08-11T18:06:21Z</time>
    <extensions>
     <gpxdata:hr>154</gpxdata:hr>
     <gpxdata:distance>15102.00</gpxdata:distance>
     <gpxdata:speed>9.958</gpxdata:speed>
    </extensions>
   </trkpt>
   <trkpt lat="51.0007226" lon="13.8713031">
    <ele>114</ele>
    <time>2026-08-11T18:06:22Z</time>
    <extensions>
     <gpxdata:hr>154</gpxdata:hr>
     <gpxdata:distance>15112.00</gpxdata:distance>
     <gpxdata:speed>10.031</gpxdata:speed>
    </extensions>
   </trkpt>
   <trkpt lat="51.0007829" lon="13.8711911">
    <ele>114</ele>
    <time>2026-08-11T18:06:23Z</time>
    <extensions>
     <gpxdata:hr>155</gpxdata:hr>
     <gpxdata:distance>15122.50</gpxdata:distance>
     <gpxdata:speed>10.119</gpxdata:speed>
    </extensions>
   </trkpt>
   <trkpt lat="51.0008420" lon="13.8710772">
    <ele>114</ele>
    <time>2026-08-11T18:06:24Z</time>
    <extensions>
     <gpxdata:hr>156</gpxdata:hr>
     <gpxdata:distance>15133.00</gpxdata:distance>
     <gpxdata:speed>10.189</gpxdata:speed>
    </extensions>
   </trkpt>
   <trkpt lat="51.0009015" lon="13.8709643">
    <ele>114</ele>
    <time>2026-08-11T18:06:25Z</time>
    <extensions>
     <gpxdata:hr>156</gpxdata:hr>
     <gpxdata:distance>15143.50</gpxdata:distance>
     <gpxdata:speed>10.239</gpxdata:speed>
    </extensions>
   </trkpt>
   <trkpt lat="51.0009640" lon="13.8708585">
    <ele>114</ele>
    <time>2026-08-11T18:06:26Z</time>
    <extensions>
     <gpxdata:hr>156</gpxdata:hr>
     <gpxdata:distance>15154.00</gpxdata:distance>
     <gpxdata:speed>10.258</gpxdata:speed>
    </extensions>
   </trkpt>
   <trkpt lat="51.0010329" lon="13.8707666">
    <ele>114</ele>
    <time>2026-08-11T18:06:27Z</time>
    <extensions>
     <gpxdata:hr>157</gpxdata:hr>
     <gpxdata:distance>15164.00</gpxdata:distance>
     <gpxdata:speed>10.228</gpxdata:speed>
    </extensions>
   </trkpt>
   <trkpt lat="51.0011072" lon="13.8706880">
    <ele>115</ele>
    <time>2026-08-11T18:06:28Z</time>
    <extensions>
     <gpxdata:hr>157</gpxdata:hr>
     <gpxdata:distance>15174.00</gpxdata:distance>
     <gpxdata:speed>10.172</gpxdata:speed>
    </extensions>
   </trkpt>
   <trkpt lat="51.0011850" lon="13.8706160">
    <ele>115</ele>
    <time>2026-08-11T18:06:29Z</time>
    <extensions>
     <gpxdata:hr>158</gpxdata:hr>
     <gpxdata:distance>15184.00</gpxdata:distance>
     <gpxdata:speed>10.108</gpxdata:speed>
    </extensions>
   </trkpt>
   <trkpt lat="51.0012647" lon="13.8705435">
    <ele>115</ele>
    <time>2026-08-11T18:06:30Z</time>
    <extensions>
     <gpxdata:hr>158</gpxdata:hr>
     <gpxdata:distance>15194.00</gpxdata:distance>
     <gpxdata:speed>10.089</gpxdata:speed>
    </extensions>
   </trkpt>
   <trkpt lat="51.0013463" lon="13.8704693">
    <ele>115</ele>
    <time>2026-08-11T18:06:31Z</time>
    <extensions>
     <gpxdata:hr>159</gpxdata:hr>
     <gpxdata:distance>15204.50</gpxdata:distance>
     <gpxdata:speed>10.147</gpxdata:speed>
    </extensions>
   </trkpt>
   <trkpt lat="51.0014309" lon="13.8703959">
    <ele>115</ele>
    <time>2026-08-11T18:06:32Z</time>
    <extensions>
     <gpxdata:hr>160</gpxdata:hr>
     <gpxdata:distance>15215.00</gpxdata:distance>
     <gpxdata:speed>10.261</gpxdata:speed>
    </extensions>
   </trkpt>
   <trkpt lat="51.0015166" lon="13.8703230">
    <ele>115</ele>
    <time>2026-08-11T18:06:33Z</time>
    <extensions>
     <gpxdata:hr>160</gpxdata:hr>
     <gpxdata:distance>15225.50</gpxdata:distance>
     <gpxdata:speed>10.425</gpxdata:speed>
    </extensions>
   </trkpt>
   <trkpt lat="51.0016033" lon="13.8702499">
    <ele>115</ele>
    <time>2026-08-11T18:06:34Z</time>
    <extensions>
     <gpxdata:hr>161</gpxdata:hr>
     <gpxdata:distance>15236.00</gpxdata:distance>
     <gpxdata:speed>10.550</gpxdata:speed>
    </extensions>
   </trkpt>
   <trkpt lat="51.0016900" lon="13.8701778">
    <ele>115</ele>
    <time>2026-08-11T18:06:35Z</time>
    <extensions>
     <gpxdata:hr>160</gpxdata:hr>
     <gpxdata:distance>15247.00</gpxdata:distance>
     <gpxdata:speed>10.672</gpxdata:speed>
    </extensions>
   </trkpt>
   <trkpt lat="51.0017764" lon="13.8701042">
    <ele>115</ele>
    <time>2026-08-11T18:06:36Z</time>
    <extensions>
     <gpxdata:hr>160</gpxdata:hr>
     <gpxdata:distance>15258.00</gpxdata:distance>
     <gpxdata:speed>10.736</gpxdata:speed>
    </extensions>
   </trkpt>
   <trkpt lat="51.0018623" lon="13.8700265">
    <ele>115</ele>
    <time>2026-08-11T18:06:37Z</time>
    <extensions>
     <gpxdata:hr>162</gpxdata:hr>
     <gpxdata:distance>15269.00</gpxdata:distance>
     <gpxdata:speed>10.794</gpxdata:speed>
    </extensions>
   </trkpt>
   <trkpt lat="51.0019498" lon="13.8699484">
    <ele>115</ele>
    <time>2026-08-11T18:06:38Z</time>
    <extensions>
     <gpxdata:hr>162</gpxdata:hr>
     <gpxdata:distance>15280.00</gpxdata:distance>
     <gpxdata:speed>10.878</gpxdata:speed>
    </extensions>
   </trkpt>
   <trkpt lat="51.0020380" lon="13.8698691">
    <ele>115</ele>
    <time>2026-08-11T18:06:39Z</time>
    <extensions>
     <gpxdata:hr>162</gpxdata:hr>
     <gpxdata:distance>15291.50</gpxdata:distance>
     <gpxdata:speed>10.992</gpxdata:speed>
    </extensions>
   </trkpt>
   <trkpt lat="51.0021237" lon="13.8697880">
    <ele>115</ele>
    <time>2026-08-11T18:06:40Z</time>
    <extensions>
     <gpxdata:hr>162</gpxdata:hr>
     <gpxdata:distance>15303.00</gpxdata:distance>
     <gpxdata:speed>11.092</gpxdata:speed>
    </extensions>
   </trkpt>
   <trkpt lat="51.0022093" lon="13.8697083">
    <ele>115</ele>
    <time>2026-08-11T18:06:41Z</time>
    <extensions>
     <gpxdata:hr>162</gpxdata:hr>
     <gpxdata:distance>15314.00</gpxdata:distance>
     <gpxdata:speed>11.078</gpxdata:speed>
    </extensions>
   </trkpt>
   <trkpt lat="51.0022944" lon="13.8696316">
    <ele>115</ele>
    <time>2026-08-11T18:06:42Z</time>
    <extensions>
     <gpxdata:hr>162</gpxdata:hr>
     <gpxdata:distance>15325.00</gpxdata:distance>
     <gpxdata:speed>11.067</gpxdata:speed>
    </extensions>
   </trkpt>
   <trkpt lat="51.0023772" lon="13.8695549">
    <ele>114</ele>
    <time>2026-08-11T18:06:43Z</time>
    <extensions>
     <gpxdata:hr>161</gpxdata:hr>
     <gpxdata:distance>15335.50</gpxdata:distance>
     <gpxdata:speed>11.000</gpxdata:speed>
    </extensions>
   </trkpt>
   <trkpt lat="51.0024584" lon="13.8694778">
    <ele>114</ele>
    <time>2026-08-11T18:06:44Z</time>
    <extensions>
     <gpxdata:hr>161</gpxdata:hr>
     <gpxdata:distance>15346.00</gpxdata:distance>
     <gpxdata:speed>10.875</gpxdata:speed>
    </extensions>
   </trkpt>
   <trkpt lat="51.0025404" lon="13.8694036">
    <ele>114</ele>
    <time>2026-08-11T18:06:45Z</time>
    <extensions>
     <gpxdata:hr>161</gpxdata:hr>
     <gpxdata:distance>15356.50</gpxdata:distance>
     <gpxdata:speed>10.761</gpxdata:speed>
    </extensions>
   </trkpt>
   <trkpt lat="51.0026241" lon="13.8693321">
    <ele>114</ele>
    <time>2026-08-11T18:06:46Z</time>
    <extensions>
     <gpxdata:hr>161</gpxdata:hr>
     <gpxdata:distance>15367.00</gpxdata:distance>
     <gpxdata:speed>10.686</gpxdata:speed>
    </extensions>
   </trkpt>
   <trkpt lat="51.0027090" lon="13.8692618">
    <ele>114</ele>
    <time>2026-08-11T18:06:47Z</time>
    <extensions>
     <gpxdata:hr>161</gpxdata:hr>
     <gpxdata:distance>15377.50</gpxdata:distance>
     <gpxdata:speed>10.664</gpxdata:speed>
    </extensions>
   </trkpt>
   <trkpt lat="51.0027948" lon="13.8691914">
    <ele>114</ele>
    <time>2026-08-11T18:06:48Z</time>
    <extensions>
     <gpxdata:hr>161</gpxdata:hr>
     <gpxdata:distance>15388.00</gpxdata:distance>
     <gpxdata:speed>10.667</gpxdata:speed>
    </extensions>
   </trkpt>
   <trkpt lat="51.0028808" lon="13.8691195">
    <ele>114</ele>
    <time>2026-08-11T18:06:49Z</time>
    <extensions>
     <gpxdata:hr>161</gpxdata:hr>
     <gpxdata:distance>15399.00</gpxdata:distance>
     <gpxdata:speed>10.697</gpxdata:speed>
    </extensions>
   </trkpt>
   <trkpt lat="51.0029671" lon="13.8690459">
    <ele>114</ele>
    <time>2026-08-11T18:06:50Z</time>
    <extensions>
     <gpxdata:hr>161</gpxdata:hr>
     <gpxdata:distance>15410.00</gpxdata:distance>
     <gpxdata:speed>10.736</gpxdata:speed>
    </extensions>
   </trkpt>
   <trkpt lat="51.0030538" lon="13.8689733">
    <ele>114</ele>
    <time>2026-08-11T18:06:51Z</time>
    <extensions>
     <gpxdata:hr>160</gpxdata:hr>
     <gpxdata:distance>15421.00</gpxdata:distance>
     <gpxdata:speed>10.792</gpxdata:speed>
    </extensions>
   </trkpt>
   <trkpt lat="51.0031410" lon="13.8689020">
    <ele>114</ele>
    <time>2026-08-11T18:06:52Z</time>
    <extensions>
     <gpxdata:hr>160</gpxdata:hr>
     <gpxdata:distance>15432.00</gpxdata:distance>
     <gpxdata:speed>10.828</gpxdata:speed>
    </extensions>
   </trkpt>
   <trkpt lat="51.0032283" lon="13.8688308">
    <ele>114</ele>
    <time>2026-08-11T18:06:53Z</time>
    <extensions>
     <gpxdata:hr>160</gpxdata:hr>
     <gpxdata:distance>15443.00</gpxdata:distance>
     <gpxdata:speed>10.856</gpxdata:speed>
    </extensions>
   </trkpt>
   <trkpt lat="51.0033151" lon="13.8687599">
    <ele>114</ele>
    <time>2026-08-11T18:06:54Z</time>
    <extensions>
     <gpxdata:hr>160</gpxdata:hr>
     <gpxdata:distance>15454.00</gpxdata:distance>
     <gpxdata:speed>10.878</gpxdata:speed>
    </extensions>
   </trkpt>
   <trkpt lat="51.0034006" lon="13.8686879">
    <ele>114</ele>
    <time>2026-08-11T18:06:55Z</time>
    <extensions>
     <gpxdata:hr>160</gpxdata:hr>
     <gpxdata:distance>15464.50</gpxdata:distance>
     <gpxdata:speed>10.869</gpxdata:speed>
    </extensions>
   </trkpt>
   <trkpt lat="51.0034854" lon="13.8686148">
    <ele>114</ele>
    <time>2026-08-11T18:06:56Z</time>
    <extensions>
     <gpxdata:hr>161</gpxdata:hr>
     <gpxdata:distance>15475.00</gpxdata:distance>
     <gpxdata:speed>10.833</gpxdata:speed>
    </extensions>
   </trkpt>
   <trkpt lat="51.0035706" lon="13.8685430">
    <ele>114</ele>
    <time>2026-08-11T18:06:57Z</time>
    <extensions>
     <gpxdata:hr>160</gpxdata:hr>
     <gpxdata:distance>15486.00</gpxdata:distance>
     <gpxdata:speed>10.803</gpxdata:speed>
    </extensions>
   </trkpt>
   <trkpt lat="51.0036557" lon="13.8684735">
    <ele>114</ele>
    <time>2026-08-11T18:06:58Z</time>
    <extensions>
     <gpxdata:hr>161</gpxdata:hr>
     <gpxdata:distance>15497.00</gpxdata:distance>
     <gpxdata:speed>10.783</gpxdata:speed>
    </extensions>
   </trkpt>
   <trkpt lat="51.0037389" lon="13.8684031">
    <ele>114</ele>
    <time>2026-08-11T18:06:59Z</time>
    <extensions>
     <gpxdata:hr>161</gpxdata:hr>
     <gpxdata:distance>15507.50</gpxdata:distance>
     <gpxdata:speed>10.736</gpxdata:speed>
    </extensions>
   </trkpt>
   <trkpt lat="51.0038206" lon="13.8683316">
    <ele>114</ele>
    <time>2026-08-11T18:07:00Z</time>
    <extensions>
     <gpxdata:hr>161</gpxdata:hr>
     <gpxdata:distance>15518.00</gpxdata:distance>
     <gpxdata:speed>10.644</gpxdata:speed>
    </extensions>
   </trkpt>
   <trkpt lat="51.0039012" lon="13.8682617">
    <ele>114</ele>
    <time>2026-08-11T18:07:01Z</time>
    <extensions>
     <gpxdata:hr>160</gpxdata:hr>
     <gpxdata:distance>15528.00</gpxdata:distance>
     <gpxdata:speed>10.556</gpxdata:speed>
    </extensions>
   </trkpt>
   <trkpt lat="51.0039813" lon="13.8681982">
    <ele>114</ele>
    <time>2026-08-11T18:07:02Z</time>
    <extensions>
     <gpxdata:hr>161</gpxdata:hr>
     <gpxdata:distance>15538.00</gpxdata:distance>
     <gpxdata:speed>10.436</gpxdata:speed>
    </extensions>
   </trkpt>
   <trkpt lat="51.0040614" lon="13.8681391">
    <ele>114</ele>
    <time>2026-08-11T18:07:03Z</time>
    <extensions>
     <gpxdata:hr>161</gpxdata:hr>
     <gpxdata:distance>15548.00</gpxdata:distance>
     <gpxdata:speed>10.267</gpxdata:speed>
    </extensions>
   </trkpt>
   <trkpt lat="51.0041404" lon="13.8680787">
    <ele>114</ele>
    <time>2026-08-11T18:07:04Z</time>
    <extensions>
     <gpxdata:hr>162</gpxdata:hr>
     <gpxdata:distance>15558.00</gpxdata:distance>
     <gpxdata:speed>10.119</gpxdata:speed>
    </extensions>
   </trkpt>
   <trkpt lat="51.0042181" lon="13.8680110">
    <ele>114</ele>
    <time>2026-08-11T18:07:05Z</time>
    <extensions>
     <gpxdata:hr>160</gpxdata:hr>
     <gpxdata:distance>15567.50</gpxdata:distance>
     <gpxdata:speed>10.008</gpxdata:speed>
    </extensions>
   </trkpt>
   <trkpt lat="51.0042975" lon="13.8679383">
    <ele>114</ele>
    <time>2026-08-11T18:07:06Z</time>
    <extensions>
     <gpxdata:hr>160</gpxdata:hr>
     <gpxdata:distance>15577.00</gpxdata:distance>
     <gpxdata:speed>9.978</gpxdata:speed>
    </extensions>
   </trkpt>
   <trkpt lat="51.0043807" lon="13.8678699">
    <ele>114</ele>
    <time>2026-08-11T18:07:07Z</time>
    <extensions>
     <gpxdata:hr>160</gpxdata:hr>
     <gpxdata:distance>15588.00</gpxdata:distance>
     <gpxdata:speed>10.078</gpxdata:speed>
    </extensions>
   </trkpt>
   <trkpt lat="51.0044692" lon="13.8678133">
    <ele>114</ele>
    <time>2026-08-11T18:07:08Z</time>
    <extensions>
     <gpxdata:hr>159</gpxdata:hr>
     <gpxdata:distance>15599.00</gpxdata:distance>
     <gpxdata:speed>10.206</gpxdata:speed>
    </extensions>
   </trkpt>
   <trkpt lat="51.0045628" lon="13.8677693">
    <ele>114</ele>
    <time>2026-08-11T18:07:09Z</time>
    <extensions>
     <gpxdata:hr>159</gpxdata:hr>
     <gpxdata:distance>15609.50</gpxdata:distance>
     <gpxdata:speed>10.361</gpxdata:speed>
    </extensions>
   </trkpt>
   <trkpt lat="51.0046587" lon="13.8677340">
    <ele>114</ele>
    <time>2026-08-11T18:07:10Z</time>
    <extensions>
     <gpxdata:hr>160</gpxdata:hr>
     <gpxdata:distance>15620.00</gpxdata:distance>
     <gpxdata:speed>10.544</gpxdata:speed>
    </extensions>
   </trkpt>
   <trkpt lat="51.0047552" lon="13.8677035">
    <ele>114</ele>
    <time>2026-08-11T18:07:11Z</time>
    <extensions>
     <gpxdata:hr>160</gpxdata:hr>
     <gpxdata:distance>15631.00</gpxdata:distance>
     <gpxdata:speed>10.675</gpxdata:speed>
    </extensions>
   </trkpt>
   <trkpt lat="51.0048504" lon="13.8676750">
    <ele>114</ele>
    <time>2026-08-11T18:07:12Z</time>
    <extensions>
     <gpxdata:hr>160</gpxdata:hr>
     <gpxdata:distance>15642.00</gpxdata:distance>
     <gpxdata:speed>10.750</gpxdata:speed>
    </extensions>
   </trkpt>
   <trkpt lat="51.0049427" lon="13.8676485">
    <ele>114</ele>
    <time>2026-08-11T18:07:13Z</time>
    <extensions>
     <gpxdata:hr>159</gpxdata:hr>
     <gpxdata:distance>15652.50</gpxdata:distance>
     <gpxdata:speed>10.739</gpxdata:speed>
    </extensions>
   </trkpt>
   <trkpt lat="51.0050324" lon="13.8676250">
    <ele>114</ele>
    <time>2026-08-11T18:07:14Z</time>
    <extensions>
     <gpxdata:hr>159</gpxdata:hr>
     <gpxdata:distance>15663.00</gpxdata:distance>
     <gpxdata:speed>10.611</gpxdata:speed>
    </extensions>
   </trkpt>
   <trkpt lat="51.0051205" lon="13.8676021">
    <ele>114</ele>
    <time>2026-08-11T18:07:15Z</time>
    <extensions>
     <gpxdata:hr>159</gpxdata:hr>
     <gpxdata:distance>15673.00</gpxdata:distance>
     <gpxdata:speed>10.436</gpxdata:speed>
    </extensions>
   </trkpt>
   <trkpt lat="51.0052068" lon="13.8675766">
    <ele>114</ele>
    <time>2026-08-11T18:07:16Z</time>
    <extensions>
     <gpxdata:hr>158</gpxdata:hr>
     <gpxdata:distance>15683.00</gpxdata:distance>
     <gpxdata:speed>10.275</gpxdata:speed>
    </extensions>
   </trkpt>
   <trkpt lat="51.0052867" lon="13.8675473">
    <ele>114</ele>
    <time>2026-08-11T18:07:17Z</time>
    <extensions>
     <gpxdata:hr>159</gpxdata:hr>
     <gpxdata:distance>15692.00</gpxdata:distance>
     <gpxdata:speed>10.108</gpxdata:speed>
    </extensions>
   </trkpt>
   <trkpt lat="51.0053533" lon="13.8675189">
    <ele>114</ele>
    <time>2026-08-11T18:07:18Z</time>
    <extensions>
     <gpxdata:hr>159</gpxdata:hr>
     <gpxdata:distance>15701.00</gpxdata:distance>
     <gpxdata:speed>9.739</gpxdata:speed>
    </extensions>
   </trkpt>
   <trkpt lat="51.0054060" lon="13.8674940">
    <ele>114</ele>
    <time>2026-08-11T18:07:19Z</time>
    <extensions>
     <gpxdata:hr>158</gpxdata:hr>
     <gpxdata:distance>15706.50</gpxdata:distance>
     <gpxdata:speed>8.950</gpxdata:speed>
    </extensions>
   </trkpt>
   <trkpt lat="51.0054513" lon="13.8674690">
    <ele>113</ele>
    <time>2026-08-11T18:07:20Z</time>
    <extensions>
     <gpxdata:hr>158</gpxdata:hr>
     <gpxdata:distance>15712.00</gpxdata:distance>
     <gpxdata:speed>8.917</gpxdata:speed>
    </extensions>
   </trkpt>
   <trkpt lat="51.0054977" lon="13.8674365">
    <ele>113</ele>
    <time>2026-08-11T18:07:21Z</time>
    <extensions>
     <gpxdata:hr>158</gpxdata:hr>
     <gpxdata:distance>15718.00</gpxdata:distance>
     <gpxdata:speed>8.917</gpxdata:speed>
    </extensions>
   </trkpt>
   <trkpt lat="51.0055484" lon="13.8673930">
    <ele>112</ele>
    <time>2026-08-11T18:07:22Z</time>
    <extensions>
     <gpxdata:hr>157</gpxdata:hr>
     <gpxdata:distance>15724.00</gpxdata:distance>
     <gpxdata:speed>6.217</gpxdata:speed>
    </extensions>
   </trkpt>
   <trkpt lat="51.0056037" lon="13.8673364">
    <ele>112</ele>
    <time>2026-08-11T18:07:23Z</time>
    <extensions>
     <gpxdata:hr>157</gpxdata:hr>
     <gpxdata:distance>15731.50</gpxdata:distance>
     <gpxdata:speed>6.689</gpxdata:speed>
    </extensions>
   </trkpt>
   <trkpt lat="51.0056637" lon="13.8672694">
    <ele>112</ele>
    <time>2026-08-11T18:07:24Z</time>
    <extensions>
     <gpxdata:hr>156</gpxdata:hr>
     <gpxdata:distance>15739.00</gpxdata:distance>
     <gpxdata:speed>7.353</gpxdata:speed>
    </extensions>
   </trkpt>
   <trkpt lat="51.0057294" lon="13.8671972">
    <ele>112</ele>
    <time>2026-08-11T18:07:25Z</time>
    <extensions>
     <gpxdata:hr>155</gpxdata:hr>
     <gpxdata:distance>15748.00</gpxdata:distance>
     <gpxdata:speed>8.031</gpxdata:speed>
    </extensions>
   </trkpt>
   <trkpt lat="51.0058008" lon="13.8671225">
    <ele>112</ele>
    <time>2026-08-11T18:07:26Z</time>
    <extensions>
     <gpxdata:hr>155</gpxdata:hr>
     <gpxdata:distance>15757.00</gpxdata:distance>
     <gpxdata:speed>8.658</gpxdata:speed>
    </extensions>
   </trkpt>
   <trkpt lat="51.0058751" lon="13.8670467">
    <ele>112</ele>
    <time>2026-08-11T18:07:27Z</time>
    <extensions>
     <gpxdata:hr>154</gpxdata:hr>
     <gpxdata:distance>15767.00</gpxdata:distance>
     <gpxdata:speed>9.256</gpxdata:speed>
    </extensions>
   </trkpt>
   <trkpt lat="51.0059503" lon="13.8669695">
    <ele>112</ele>
    <time>2026-08-11T18:07:28Z</time>
    <extensions>
     <gpxdata:hr>154</gpxdata:hr>
     <gpxdata:distance>15777.00</gpxdata:distance>
     <gpxdata:speed>9.456</gpxdata:speed>
    </extensions>
   </trkpt>
   <trkpt lat="51.0060261" lon="13.8668905">
    <ele>113</ele>
    <time>2026-08-11T18:07:29Z</time>
    <extensions>
     <gpxdata:hr>154</gpxdata:hr>
     <gpxdata:distance>15787.00</gpxdata:distance>
     <gpxdata:speed>9.722</gpxdata:speed>
    </extensions>
   </trkpt>
   <trkpt lat="51.0061022" lon="13.8668117">
    <ele>113</ele>
    <time>2026-08-11T18:07:30Z</time>
    <extensions>
     <gpxdata:hr>154</gpxdata:hr>
     <gpxdata:distance>15797.00</gpxdata:distance>
     <gpxdata:speed>9.939</gpxdata:speed>
    </extensions>
   </trkpt>
   <trkpt lat="51.0061778" lon="13.8667342">
    <ele>113</ele>
    <time>2026-08-11T18:07:31Z</time>
    <extensions>
     <gpxdata:hr>156</gpxdata:hr>
     <gpxdata:distance>15807.00</gpxdata:distance>
     <gpxdata:speed>9.994</gpxdata:speed>
    </extensions>
   </trkpt>
   <trkpt lat="51.0062515" lon="13.8666551">
    <ele>113</ele>
    <time>2026-08-11T18:07:32Z</time>
    <extensions>
     <gpxdata:hr>157</gpxdata:hr>
     <gpxdata:distance>15817.00</gpxdata:distance>
     <gpxdata:speed>9.933</gpxdata:speed>
    </extensions>
   </trkpt>
   <trkpt lat="51.0063224" lon="13.8665712">
    <ele>113</ele>
    <time>2026-08-11T18:07:33Z</time>
    <extensions>
     <gpxdata:hr>158</gpxdata:hr>
     <gpxdata:distance>15826.50</gpxdata:distance>
     <gpxdata:speed>9.883</gpxdata:speed>
    </extensions>
   </trkpt>
   <trkpt lat="51.0063907" lon="13.8664826">
    <ele>113</ele>
    <time>2026-08-11T18:07:34Z</time>
    <extensions>
     <gpxdata:hr>159</gpxdata:hr>
     <gpxdata:distance>15836.00</gpxdata:distance>
     <gpxdata:speed>9.850</gpxdata:speed>
    </extensions>
   </trkpt>
   <trkpt lat="51.0064562" lon="13.8663908">
    <ele>114</ele>
    <time>2026-08-11T18:07:35Z</time>
    <extensions>
     <gpxdata:hr>160</gpxdata:hr>
     <gpxdata:distance>15846.00</gpxdata:distance>
     <gpxdata:speed>9.892</gpxdata:speed>
    </extensions>
   </trkpt>
   <trkpt lat="51.0065191" lon="13.8662960">
    <ele>114</ele>
    <time>2026-08-11T18:07:36Z</time>
    <extensions>
     <gpxdata:hr>160</gpxdata:hr>
     <gpxdata:distance>15856.00</gpxdata:distance>
     <gpxdata:speed>9.789</gpxdata:speed>
    </extensions>
   </trkpt>
   <trkpt lat="51.0065818" lon="13.8661995">
    <ele>114</ele>
    <time>2026-08-11T18:07:37Z</time>
    <extensions>
     <gpxdata:hr>160</gpxdata:hr>
     <gpxdata:distance>15865.50</gpxdata:distance>
     <gpxdata:speed>9.714</gpxdata:speed>
    </extensions>
   </trkpt>
   <trkpt lat="51.0066471" lon="13.8661057">
    <ele>114</ele>
    <time>2026-08-11T18:07:38Z</time>
    <extensions>
     <gpxdata:hr>161</gpxdata:hr>
     <gpxdata:distance>15875.00</gpxdata:distance>
     <gpxdata:speed>9.725</gpxdata:speed>
    </extensions>
   </trkpt>
   <trkpt lat="51.0067155" lon="13.8660177">
    <ele>114</ele>
    <time>2026-08-11T18:07:39Z</time>
    <extensions>
     <gpxdata:hr>161</gpxdata:hr>
     <gpxdata:distance>15885.00</gpxdata:distance>
     <gpxdata:speed>9.758</gpxdata:speed>
    </extensions>
   </trkpt>
   <trkpt lat="51.0067869" lon="13.8659369">
    <ele>114</ele>
    <time>2026-08-11T18:07:40Z</time>
    <extensions>
     <gpxdata:hr>162</gpxdata:hr>
     <gpxdata:distance>15895.00</gpxdata:distance>
     <gpxdata:speed>9.772</gpxdata:speed>
    </extensions>
   </trkpt>
   <trkpt lat="51.0068608" lon="13.8658629">
    <ele>114</ele>
    <time>2026-08-11T18:07:41Z</time>
    <extensions>
     <gpxdata:hr>161</gpxdata:hr>
     <gpxdata:distance>15904.50</gpxdata:distance>
     <gpxdata:speed>9.758</gpxdata:speed>
    </extensions>
   </trkpt>
   <trkpt lat="51.0069358" lon="13.8657903">
    <ele>114</ele>
    <time>2026-08-11T18:07:42Z</time>
    <extensions>
     <gpxdata:hr>161</gpxdata:hr>
     <gpxdata:distance>15914.00</gpxdata:distance>
     <gpxdata:speed>9.744</gpxdata:speed>
    </extensions>
   </trkpt>
   <trkpt lat="51.0070098" lon="13.8657123">
    <ele>114</ele>
    <time>2026-08-11T18:07:43Z</time>
    <extensions>
     <gpxdata:hr>160</gpxdata:hr>
     <gpxdata:distance>15924.00</gpxdata:distance>
     <gpxdata:speed>9.764</gpxdata:speed>
    </extensions>
   </trkpt>
   <trkpt lat="51.0070804" lon="13.8656252">
    <ele>114</ele>
    <time>2026-08-11T18:07:44Z</time>
    <extensions>
     <gpxdata:hr>159</gpxdata:hr>
     <gpxdata:distance>15934.00</gpxdata:distance>
     <gpxdata:speed>9.861</gpxdata:speed>
    </extensions>
   </trkpt>
   <trkpt lat="51.0071466" lon="13.8655309">
    <ele>114</ele>
    <time>2026-08-11T18:07:45Z</time>
    <extensions>
     <gpxdata:hr>160</gpxdata:hr>
     <gpxdata:distance>15944.00</gpxdata:distance>
     <gpxdata:speed>9.892</gpxdata:speed>
    </extensions>
   </trkpt>
   <trkpt lat="51.0072088" lon="13.8654314">
    <ele>114</ele>
    <time>2026-08-11T18:07:46Z</time>
    <extensions>
     <gpxdata:hr>160</gpxdata:hr>
     <gpxdata:distance>15954.00</gpxdata:distance>
     <gpxdata:speed>9.889</gpxdata:speed>
    </extensions>
   </trkpt>
   <trkpt lat="51.0072684" lon="13.8653292">
    <ele>114</ele>
    <time>2026-08-11T18:07:47Z</time>
    <extensions>
     <gpxdata:hr>161</gpxdata:hr>
     <gpxdata:distance>15963.50</gpxdata:distance>
     <gpxdata:speed>9.869</gpxdata:speed>
    </extensions>
   </trkpt>
   <trkpt lat="51.0073230" lon="13.8652222">
    <ele>114</ele>
    <time>2026-08-11T18:07:48Z</time>
    <extensions>
     <gpxdata:hr>161</gpxdata:hr>
     <gpxdata:distance>15973.00</gpxdata:distance>
     <gpxdata:speed>9.786</gpxdata:speed>
    </extensions>
   </trkpt>
   <trkpt lat="51.0073719" lon="13.8651093">
    <ele>113</ele>
    <time>2026-08-11T18:07:49Z</time>
    <extensions>
     <gpxdata:hr>162</gpxdata:hr>
     <gpxdata:distance>15983.00</gpxdata:distance>
     <gpxdata:speed>9.706</gpxdata:speed>
    </extensions>
   </trkpt>
   <trkpt lat="51.0074156" lon="13.8649906">
    <ele>113</ele>
    <time>2026-08-11T18:07:50Z</time>
    <extensions>
     <gpxdata:hr>161</gpxdata:hr>
     <gpxdata:distance>15993.00</gpxdata:distance>
     <gpxdata:speed>9.683</gpxdata:speed>
    </extensions>
   </trkpt>
   <trkpt lat="51.0074588" lon="13.8648687">
    <ele>114</ele>
    <time>2026-08-11T18:07:51Z</time>
    <extensions>
     <gpxdata:hr>161</gpxdata:hr>
     <gpxdata:distance>16002.50</gpxdata:distance>
     <gpxdata:speed>9.678</gpxdata:speed>
    </extensions>
   </trkpt>
   <trkpt lat="51.0075073" lon="13.8647485">
    <ele>114</ele>
    <time>2026-08-11T18:07:52Z</time>
    <extensions>
     <gpxdata:hr>161</gpxdata:hr>
     <gpxdata:distance>16012.00</gpxdata:distance>
     <gpxdata:speed>9.725</gpxdata:speed>
    </extensions>
   </trkpt>
   <trkpt lat="51.0075615" lon="13.8646325">
    <ele>114</ele>
    <time>2026-08-11T18:07:53Z</time>
    <extensions>
     <gpxdata:hr>162</gpxdata:hr>
     <gpxdata:distance>16022.50</gpxdata:distance>
     <gpxdata:speed>9.844</gpxdata:speed>
    </extensions>
   </trkpt>
   <trkpt lat="51.0076189" lon="13.8645213">
    <ele>114</ele>
    <time>2026-08-11T18:07:54Z</time>
    <extensions>
     <gpxdata:hr>162</gpxdata:hr>
     <gpxdata:distance>16033.00</gpxdata:distance>
     <gpxdata:speed>9.942</gpxdata:speed>
    </extensions>
   </trkpt>
   <trkpt lat="51.0076770" lon="13.8644142">
    <ele>114</ele>
    <time>2026-08-11T18:07:55Z</time>
    <extensions>
     <gpxdata:hr>163</gpxdata:hr>
     <gpxdata:distance>16042.50</gpxdata:distance>
     <gpxdata:speed>9.975</gpxdata:speed>
    </extensions>
   </trkpt>
   <trkpt lat="51.0077329" lon="13.8643104">
    <ele>114</ele>
    <time>2026-08-11T18:07:56Z</time>
    <extensions>
     <gpxdata:hr>163</gpxdata:hr>
     <gpxdata:distance>16052.00</gpxdata:distance>
     <gpxdata:speed>9.931</gpxdata:speed>
    </extensions>
   </trkpt>
   <trkpt lat="51.0077860" lon="13.8642087">
    <ele>114</ele>
    <time>2026-08-11T18:07:57Z</time>
    <extensions>
     <gpxdata:hr>164</gpxdata:hr>
     <gpxdata:distance>16061.50</gpxdata:distance>
     <gpxdata:speed>9.786</gpxdata:speed>
    </extensions>
   </trkpt>
   <trkpt lat="51.0078361" lon="13.8641085">
    <ele>114</ele>
    <time>2026-08-11T18:07:58Z</time>
    <extensions>
     <gpxdata:hr>164</gpxdata:hr>
     <gpxdata:distance>16071.00</gpxdata:distance>
     <gpxdata:speed>9.592</gpxdata:speed>
    </extensions>
   </trkpt>
   <trkpt lat="51.0078844" lon="13.8640113">
    <ele>114</ele>
    <time>2026-08-11T18:07:59Z</time>
    <extensions>
     <gpxdata:hr>164</gpxdata:hr>
     <gpxdata:distance>16079.50</gpxdata:distance>
     <gpxdata:speed>9.375</gpxdata:speed>
    </extensions>
   </trkpt>
   <trkpt lat="51.0079326" lon="13.8639177">
    <ele>114</ele>
    <time>2026-08-11T18:08:00Z</time>
    <extensions>
     <gpxdata:hr>164</gpxdata:hr>
     <gpxdata:distance>16088.00</gpxdata:distance>
     <gpxdata:speed>8.831</gpxdata:speed>
    </extensions>
   </trkpt>
   <trkpt lat="51.0079814" lon="13.8638269">
    <ele>114</ele>
    <time>2026-08-11T18:08:01Z</time>
    <extensions>
     <gpxdata:hr>164</gpxdata:hr>
     <gpxdata:distance>16096.50</gpxdata:distance>
     <gpxdata:speed>8.600</gpxdata:speed>
    </extensions>
   </trkpt>
   <trkpt lat="51.0080309" lon="13.8637383">
    <ele>114</ele>
    <time>2026-08-11T18:08:02Z</time>
    <extensions>
     <gpxdata:hr>162</gpxdata:hr>
     <gpxdata:distance>16105.00</gpxdata:distance>
     <gpxdata:speed>8.481</gpxdata:speed>
    </extensions>
   </trkpt>
   <trkpt lat="51.0080793" lon="13.8636513">
    <ele>114</ele>
    <time>2026-08-11T18:08:03Z</time>
    <extensions>
     <gpxdata:hr>162</gpxdata:hr>
     <gpxdata:distance>16113.00</gpxdata:distance>
     <gpxdata:speed>8.375</gpxdata:speed>
    </extensions>
   </trkpt>
   <trkpt lat="51.0081248" lon="13.8635654">
    <ele>114</ele>
    <time>2026-08-11T18:08:04Z</time>
    <extensions>
     <gpxdata:hr>161</gpxdata:hr>
     <gpxdata:distance>16121.00</gpxdata:distance>
     <gpxdata:speed>8.189</gpxdata:speed>
    </extensions>
   </trkpt>
   <trkpt lat="51.0081679" lon="13.8634809">
    <ele>114</ele>
    <time>2026-08-11T18:08:05Z</time>
    <extensions>
     <gpxdata:hr>160</gpxdata:hr>
     <gpxdata:distance>16128.50</gpxdata:distance>
     <gpxdata:speed>7.917</gpxdata:speed>
    </extensions>
   </trkpt>
   <trkpt lat="51.0082089" lon="13.8633984">
    <ele>114</ele>
    <time>2026-08-11T18:08:06Z</time>
    <extensions>
     <gpxdata:hr>158</gpxdata:hr>
     <gpxdata:distance>16136.00</gpxdata:distance>
     <gpxdata:speed>7.694</gpxdata:speed>
    </extensions>
   </trkpt>
   <trkpt lat="51.0082491" lon="13.8633187">
    <ele>114</ele>
    <time>2026-08-11T18:08:07Z</time>
    <extensions>
     <gpxdata:hr>157</gpxdata:hr>
     <gpxdata:distance>16143.00</gpxdata:distance>
     <gpxdata:speed>7.450</gpxdata:speed>
    </extensions>
   </trkpt>
   <trkpt lat="51.0082895" lon="13.8632399">
    <ele>114</ele>
    <time>2026-08-11T18:08:08Z</time>
    <extensions>
     <gpxdata:hr>156</gpxdata:hr>
     <gpxdata:distance>16150.00</gpxdata:distance>
     <gpxdata:speed>7.250</gpxdata:speed>
    </extensions>
   </trkpt>
   <trkpt lat="51.0083294" lon="13.8631628">
    <ele>114</ele>
    <time>2026-08-11T18:08:09Z</time>
    <extensions>
     <gpxdata:hr>155</gpxdata:hr>
     <gpxdata:distance>16157.00</gpxdata:distance>
     <gpxdata:speed>7.200</gpxdata:speed>
    </extensions>
   </trkpt>
   <trkpt lat="51.0083692" lon="13.8630866">
    <ele>114</ele>
    <time>2026-08-11T18:08:10Z</time>
    <extensions>
     <gpxdata:hr>154</gpxdata:hr>
     <gpxdata:distance>16164.00</gpxdata:distance>
     <gpxdata:speed>7.064</gpxdata:speed>
    </extensions>
   </trkpt>
   <trkpt lat="51.0084070" lon="13.8630101">
    <ele>114</ele>
    <time>2026-08-11T18:08:11Z</time>
    <extensions>
     <gpxdata:hr>152</gpxdata:hr>
     <gpxdata:distance>16171.00</gpxdata:distance>
     <gpxdata:speed>6.989</gpxdata:speed>
    </extensions>
   </trkpt>
   <trkpt lat="51.0084417" lon="13.8629335">
    <ele>114</ele>
    <time>2026-08-11T18:08:12Z</time>
    <extensions>
     <gpxdata:hr>152</gpxdata:hr>
     <gpxdata:distance>16178.00</gpxdata:distance>
     <gpxdata:speed>6.869</gpxdata:speed>
    </extensions>
   </trkpt>
   <trkpt lat="51.0084742" lon="13.8628570">
    <ele>114</ele>
    <time>2026-08-11T18:08:13Z</time>
    <extensions>
     <gpxdata:hr>150</gpxdata:hr>
     <gpxdata:distance>16184.50</gpxdata:distance>
     <gpxdata:speed>6.664</gpxdata:speed>
    </extensions>
   </trkpt>
   <trkpt lat="51.0085063" lon="13.8627821">
    <ele>114</ele>
    <time>2026-08-11T18:08:14Z</time>
    <extensions>
     <gpxdata:hr>149</gpxdata:hr>
     <gpxdata:distance>16191.00</gpxdata:distance>
     <gpxdata:speed>6.531</gpxdata:speed>
    </extensions>
   </trkpt>
   <trkpt lat="51.0085373" lon="13.8627080">
    <ele>114</ele>
    <time>2026-08-11T18:08:15Z</time>
    <extensions>
     <gpxdata:hr>148</gpxdata:hr>
     <gpxdata:distance>16197.00</gpxdata:distance>
     <gpxdata:speed>6.414</gpxdata:speed>
    </extensions>
   </trkpt>
   <trkpt lat="51.0085670" lon="13.8626320">
    <ele>114</ele>
    <time>2026-08-11T18:08:16Z</time>
    <extensions>
     <gpxdata:hr>148</gpxdata:hr>
     <gpxdata:distance>16203.00</gpxdata:distance>
     <gpxdata:speed>6.300</gpxdata:speed>
    </extensions>
   </trkpt>
   <trkpt lat="51.0085961" lon="13.8625536">
    <ele>114</ele>
    <time>2026-08-11T18:08:17Z</time>
    <extensions>
     <gpxdata:hr>148</gpxdata:hr>
     <gpxdata:distance>16209.50</gpxdata:distance>
     <gpxdata:speed>6.292</gpxdata:speed>
    </extensions>
   </trkpt>
   <trkpt lat="51.0086244" lon="13.8624737">
    <ele>114</ele>
    <time>2026-08-11T18:08:18Z</time>
    <extensions>
     <gpxdata:hr>148</gpxdata:hr>
     <gpxdata:distance>16216.00</gpxdata:distance>
     <gpxdata:speed>6.400</gpxdata:speed>
    </extensions>
   </trkpt>
   <trkpt lat="51.0086511" lon="13.8623929">
    <ele>114</ele>
    <time>2026-08-11T18:08:19Z</time>
    <extensions>
     <gpxdata:hr>149</gpxdata:hr>
     <gpxdata:distance>16222.50</gpxdata:distance>
     <gpxdata:speed>6.397</gpxdata:speed>
    </extensions>
   </trkpt>
   <trkpt lat="51.0086764" lon="13.8623109">
    <ele>115</ele>
    <time>2026-08-11T18:08:20Z</time>
    <extensions>
     <gpxdata:hr>149</gpxdata:hr>
     <gpxdata:distance>16229.00</gpxdata:distance>
     <gpxdata:speed>6.378</gpxdata:speed>
    </extensions>
   </trkpt>
   <trkpt lat="51.0087009" lon="13.8622273">
    <ele>115</ele>
    <time>2026-08-11T18:08:21Z</time>
    <extensions>
     <gpxdata:hr>148</gpxdata:hr>
     <gpxdata:distance>16235.50</gpxdata:distance>
     <gpxdata:speed>6.375</gpxdata:speed>
    </extensions>
   </trkpt>
   <trkpt lat="51.0087256" lon="13.8621426">
    <ele>115</ele>
    <time>2026-08-11T18:08:22Z</time>
    <extensions>
     <gpxdata:hr>146</gpxdata:hr>
     <gpxdata:distance>16242.00</gpxdata:distance>
     <gpxdata:speed>6.397</gpxdata:speed>
    </extensions>
   </trkpt>
   <trkpt lat="51.0087521" lon="13.8620576">
    <ele>115</ele>
    <time>2026-08-11T18:08:23Z</time>
    <extensions>
     <gpxdata:hr>143</gpxdata:hr>
     <gpxdata:distance>16248.50</gpxdata:distance>
     <gpxdata:speed>6.453</gpxdata:speed>
    </extensions>
   </trkpt>
   <trkpt lat="51.0087801" lon="13.8619729">
    <ele>115</ele>
    <time>2026-08-11T18:08:24Z</time>
    <extensions>
     <gpxdata:hr>140</gpxdata:hr>
     <gpxdata:distance>16255.00</gpxdata:distance>
     <gpxdata:speed>6.522</gpxdata:speed>
    </extensions>
   </trkpt>
   <trkpt lat="51.0088087" lon="13.8618877">
    <ele>115</ele>
    <time>2026-08-11T18:08:25Z</time>
    <extensions>
     <gpxdata:hr>139</gpxdata:hr>
     <gpxdata:distance>16262.00</gpxdata:distance>
     <gpxdata:speed>6.583</gpxdata:speed>
    </extensions>
   </trkpt>
   <trkpt lat="51.0088370" lon="13.8618018">
    <ele>114</ele>
    <time>2026-08-11T18:08:26Z</time>
    <extensions>
     <gpxdata:hr>138</gpxdata:hr>
     <gpxdata:distance>16269.00</gpxdata:distance>
     <gpxdata:speed>6.647</gpxdata:speed>
    </extensions>
   </trkpt>
   <trkpt lat="51.0088643" lon="13.8617155">
    <ele>114</ele>
    <time>2026-08-11T18:08:27Z</time>
    <extensions>
     <gpxdata:hr>137</gpxdata:hr>
     <gpxdata:distance>16275.50</gpxdata:distance>
     <gpxdata:speed>6.697</gpxdata:speed>
    </extensions>
   </trkpt>
   <trkpt lat="51.0088904" lon="13.8616287">
    <ele>114</ele>
    <time>2026-08-11T18:08:28Z</time>
    <extensions>
     <gpxdata:hr>138</gpxdata:hr>
     <gpxdata:distance>16282.00</gpxdata:distance>
     <gpxdata:speed>6.717</gpxdata:speed>
    </extensions>
   </trkpt>
   <trkpt lat="51.0089152" lon="13.8615426">
    <ele>114</ele>
    <time>2026-08-11T18:08:29Z</time>
    <extensions>
     <gpxdata:hr>137</gpxdata:hr>
     <gpxdata:distance>16288.50</gpxdata:distance>
     <gpxdata:speed>6.722</gpxdata:speed>
    </extensions>
   </trkpt>
   <trkpt lat="51.0089389" lon="13.8614568">
    <ele>114</ele>
    <time>2026-08-11T18:08:30Z</time>
    <extensions>
     <gpxdata:hr>135</gpxdata:hr>
     <gpxdata:distance>16295.00</gpxdata:distance>
     <gpxdata:speed>6.686</gpxdata:speed>
    </extensions>
   </trkpt>
   <trkpt lat="51.0089615" lon="13.8613720">
    <ele>114</ele>
    <time>2026-08-11T18:08:31Z</time>
    <extensions>
     <gpxdata:hr>133</gpxdata:hr>
     <gpxdata:distance>16301.50</gpxdata:distance>
     <gpxdata:speed>6.644</gpxdata:speed>
    </extensions>
   </trkpt>
   <trkpt lat="51.0089813" lon="13.8612890">
    <ele>114</ele>
    <time>2026-08-11T18:08:32Z</time>
    <extensions>
     <gpxdata:hr>133</gpxdata:hr>
     <gpxdata:distance>16308.00</gpxdata:distance>
     <gpxdata:speed>6.575</gpxdata:speed>
    </extensions>
   </trkpt>
   <trkpt lat="51.0090011" lon="13.8612087">
    <ele>114</ele>
    <time>2026-08-11T18:08:33Z</time>
    <extensions>
     <gpxdata:hr>133</gpxdata:hr>
     <gpxdata:distance>16314.00</gpxdata:distance>
     <gpxdata:speed>6.439</gpxdata:speed>
    </extensions>
   </trkpt>
   <trkpt lat="51.0090216" lon="13.8611327">
    <ele>114</ele>
    <time>2026-08-11T18:08:34Z</time>
    <extensions>
     <gpxdata:hr>133</gpxdata:hr>
     <gpxdata:distance>16320.00</gpxdata:distance>
     <gpxdata:speed>6.300</gpxdata:speed>
    </extensions>
   </trkpt>
   <trkpt lat="51.0090359" lon="13.8610815">
    <ele>114</ele>
    <time>2026-08-11T18:08:35Z</time>
    <extensions>
     <gpxdata:hr>132</gpxdata:hr>
     <gpxdata:distance>16325.50</gpxdata:distance>
     <gpxdata:speed>5.894</gpxdata:speed>
    </extensions>
   </trkpt>
   <trkpt lat="51.0090527" lon="13.8610238">
    <ele>114</ele>
    <time>2026-08-11T18:08:36Z</time>
    <extensions>
     <gpxdata:hr>131</gpxdata:hr>
     <gpxdata:distance>16331.00</gpxdata:distance>
     <gpxdata:speed>5.508</gpxdata:speed>
    </extensions>
   </trkpt>
   <trkpt lat="51.0090701" lon="13.8609667">
    <ele>114</ele>
    <time>2026-08-11T18:08:37Z</time>
    <extensions>
     <gpxdata:hr>130</gpxdata:hr>
     <gpxdata:distance>16335.50</gpxdata:distance>
     <gpxdata:speed>4.831</gpxdata:speed>
    </extensions>
   </trkpt>
   <trkpt lat="51.0090885" lon="13.8609058">
    <ele>114</ele>
    <time>2026-08-11T18:08:38Z</time>
    <extensions>
     <gpxdata:hr>129</gpxdata:hr>
     <gpxdata:distance>16340.00</gpxdata:distance>
     <gpxdata:speed>4.622</gpxdata:speed>
    </extensions>
   </trkpt>
   <trkpt lat="51.0091068" lon="13.8608377">
    <ele>114</ele>
    <time>2026-08-11T18:08:39Z</time>
    <extensions>
     <gpxdata:hr>128</gpxdata:hr>
     <gpxdata:distance>16345.50</gpxdata:distance>
     <gpxdata:speed>4.950</gpxdata:speed>
    </extensions>
   </trkpt>
   <trkpt lat="51.0091254" lon="13.8607614">
    <ele>114</ele>
    <time>2026-08-11T18:08:40Z</time>
    <extensions>
     <gpxdata:hr>127</gpxdata:hr>
     <gpxdata:distance>16351.00</gpxdata:distance>
     <gpxdata:speed>5.158</gpxdata:speed>
    </extensions>
   </trkpt>
   <trkpt lat="51.0091439" lon="13.8606784">
    <ele>114</ele>
    <time>2026-08-11T18:08:41Z</time>
    <extensions>
     <gpxdata:hr>127</gpxdata:hr>
     <gpxdata:distance>16357.50</gpxdata:distance>
     <gpxdata:speed>5.458</gpxdata:speed>
    </extensions>
   </trkpt>
   <trkpt lat="51.0091623" lon="13.8605902">
    <ele>114</ele>
    <time>2026-08-11T18:08:42Z</time>
    <extensions>
     <gpxdata:hr>126</gpxdata:hr>
     <gpxdata:distance>16364.00</gpxdata:distance>
     <gpxdata:speed>5.767</gpxdata:speed>
    </extensions>
   </trkpt>
   <trkpt lat="51.0091879" lon="13.8604669">
    <ele>114</ele>
    <time>2026-08-11T18:08:43Z</time>
    <extensions>
     <gpxdata:hr>127</gpxdata:hr>
     <gpxdata:distance>16370.50</gpxdata:distance>
     <gpxdata:speed>6.061</gpxdata:speed>
    </extensions>
   </trkpt>
   <trkpt lat="51.0092085" lon="13.8603653">
    <ele>114</ele>
    <time>2026-08-11T18:08:44Z</time>
    <extensions>
     <gpxdata:hr>127</gpxdata:hr>
     <gpxdata:distance>16377.00</gpxdata:distance>
     <gpxdata:speed>6.364</gpxdata:speed>
    </extensions>
   </trkpt>
   <trkpt lat="51.0092298" lon="13.8602646">
    <ele>114</ele>
    <time>2026-08-11T18:08:45Z</time>
    <extensions>
     <gpxdata:hr>128</gpxdata:hr>
     <gpxdata:distance>16384.50</gpxdata:distance>
     <gpxdata:speed>7.028</gpxdata:speed>
    </extensions>
   </trkpt>
   <trkpt lat="51.0092522" lon="13.8601638">
    <ele>114</ele>
    <time>2026-08-11T18:08:46Z</time>
    <extensions>
     <gpxdata:hr>129</gpxdata:hr>
     <gpxdata:distance>16392.00</gpxdata:distance>
     <gpxdata:speed>7.267</gpxdata:speed>
    </extensions>
   </trkpt>
   <trkpt lat="51.0092763" lon="13.8600640">
    <ele>114</ele>
    <time>2026-08-11T18:08:47Z</time>
    <extensions>
     <gpxdata:hr>130</gpxdata:hr>
     <gpxdata:distance>16399.50</gpxdata:distance>
     <gpxdata:speed>7.378</gpxdata:speed>
    </extensions>
   </trkpt>
   <trkpt lat="51.0093024" lon="13.8599665">
    <ele>114</ele>
    <time>2026-08-11T18:08:48Z</time>
    <extensions>
     <gpxdata:hr>131</gpxdata:hr>
     <gpxdata:distance>16407.00</gpxdata:distance>
     <gpxdata:speed>7.422</gpxdata:speed>
    </extensions>
   </trkpt>
   <trkpt lat="51.0093294" lon="13.8598708">
    <ele>114</ele>
    <time>2026-08-11T18:08:49Z</time>
    <extensions>
     <gpxdata:hr>131</gpxdata:hr>
     <gpxdata:distance>16414.50</gpxdata:distance>
     <gpxdata:speed>7.372</gpxdata:speed>
    </extensions>
   </trkpt>
   <trkpt lat="51.0093587" lon="13.8597746">
    <ele>114</ele>
    <time>2026-08-11T18:08:50Z</time>
    <extensions>
     <gpxdata:hr>132</gpxdata:hr>
     <gpxdata:distance>16422.00</gpxdata:distance>
     <gpxdata:speed>7.344</gpxdata:speed>
    </extensions>
   </trkpt>
   <trkpt lat="51.0093934" lon="13.8596767">
    <ele>114</ele>
    <time>2026-08-11T18:08:51Z</time>
    <extensions>
     <gpxdata:hr>134</gpxdata:hr>
     <gpxdata:distance>16430.00</gpxdata:distance>
     <gpxdata:speed>7.492</gpxdata:speed>
    </extensions>
   </trkpt>
   <trkpt lat="51.0094347" lon="13.8595757">
    <ele>114</ele>
    <time>2026-08-11T18:08:52Z</time>
    <extensions>
     <gpxdata:hr>134</gpxdata:hr>
     <gpxdata:distance>16438.00</gpxdata:distance>
     <gpxdata:speed>7.864</gpxdata:speed>
    </extensions>
   </trkpt>
   <trkpt lat="51.0094815" lon="13.8594723">
    <ele>114</ele>
    <time>2026-08-11T18:08:53Z</time>
    <extensions>
     <gpxdata:hr>134</gpxdata:hr>
     <gpxdata:distance>16447.00</gpxdata:distance>
     <gpxdata:speed>8.344</gpxdata:speed>
    </extensions>
   </trkpt>
   <trkpt lat="51.0095319" lon="13.8593685">
    <ele>114</ele>
    <time>2026-08-11T18:08:54Z</time>
    <extensions>
     <gpxdata:hr>133</gpxdata:hr>
     <gpxdata:distance>16456.00</gpxdata:distance>
     <gpxdata:speed>8.761</gpxdata:speed>
    </extensions>
   </trkpt>
   <trkpt lat="51.0095844" lon="13.8592662">
    <ele>114</ele>
    <time>2026-08-11T18:08:55Z</time>
    <extensions>
     <gpxdata:hr>133</gpxdata:hr>
     <gpxdata:distance>16465.00</gpxdata:distance>
     <gpxdata:speed>8.997</gpxdata:speed>
    </extensions>
   </trkpt>
   <trkpt lat="51.0096378" lon="13.8591665">
    <ele>114</ele>
    <time>2026-08-11T18:08:56Z</time>
    <extensions>
     <gpxdata:hr>134</gpxdata:hr>
     <gpxdata:distance>16474.00</gpxdata:distance>
     <gpxdata:speed>9.081</gpxdata:speed>
    </extensions>
   </trkpt>
   <trkpt lat="51.0096918" lon="13.8590668">
    <ele>114</ele>
    <time>2026-08-11T18:08:57Z</time>
    <extensions>
     <gpxdata:hr>134</gpxdata:hr>
     <gpxdata:distance>16483.50</gpxdata:distance>
     <gpxdata:speed>9.067</gpxdata:speed>
    </extensions>
   </trkpt>
   <trkpt lat="51.0097471" lon="13.8589633">
    <ele>114</ele>
    <time>2026-08-11T18:08:58Z</time>
    <extensions>
     <gpxdata:hr>134</gpxdata:hr>
     <gpxdata:distance>16493.00</gpxdata:distance>
     <gpxdata:speed>9.175</gpxdata:speed>
    </extensions>
   </trkpt>
   <trkpt lat="51.0098042" lon="13.8588542">
    <ele>114</ele>
    <time>2026-08-11T18:08:59Z</time>
    <extensions>
     <gpxdata:hr>135</gpxdata:hr>
     <gpxdata:distance>16503.00</gpxdata:distance>
     <gpxdata:speed>9.492</gpxdata:speed>
    </extensions>
   </trkpt>
   <trkpt lat="51.0098629" lon="13.8587392">
    <ele>114</ele>
    <time>2026-08-11T18:09:00Z</time>
    <extensions>
     <gpxdata:hr>137</gpxdata:hr>
     <gpxdata:distance>16513.00</gpxdata:distance>
     <gpxdata:speed>9.875</gpxdata:speed>
    </extensions>
   </trkpt>
   <trkpt lat="51.0099202" lon="13.8586176">
    <ele>114</ele>
    <time>2026-08-11T18:09:01Z</time>
    <extensions>
     <gpxdata:hr>139</gpxdata:hr>
     <gpxdata:distance>16523.50</gpxdata:distance>
     <gpxdata:speed>10.253</gpxdata:speed>
    </extensions>
   </trkpt>
   <trkpt lat="51.0099749" lon="13.8584896">
    <ele>114</ele>
    <time>2026-08-11T18:09:02Z</time>
    <extensions>
     <gpxdata:hr>140</gpxdata:hr>
     <gpxdata:distance>16534.00</gpxdata:distance>
     <gpxdata:speed>10.497</gpxdata:speed>
    </extensions>
   </trkpt>
   <trkpt lat="51.0100273" lon="13.8583568">
    <ele>114</ele>
    <time>2026-08-11T18:09:03Z</time>
    <extensions>
     <gpxdata:hr>143</gpxdata:hr>
     <gpxdata:distance>16545.00</gpxdata:distance>
     <gpxdata:speed>10.697</gpxdata:speed>
    </extensions>
   </trkpt>
   <trkpt lat="51.0100783" lon="13.8582227">
    <ele>114</ele>
    <time>2026-08-11T18:09:04Z</time>
    <extensions>
     <gpxdata:hr>145</gpxdata:hr>
     <gpxdata:distance>16556.00</gpxdata:distance>
     <gpxdata:speed>10.864</gpxdata:speed>
    </extensions>
   </trkpt>
   <trkpt lat="51.0101298" lon="13.8580917">
    <ele>114</ele>
    <time>2026-08-11T18:09:05Z</time>
    <extensions>
     <gpxdata:hr>145</gpxdata:hr>
     <gpxdata:distance>16567.00</gpxdata:distance>
     <gpxdata:speed>10.878</gpxdata:speed>
    </extensions>
   </trkpt>
   <trkpt lat="51.0101826" lon="13.8579665">
    <ele>114</ele>
    <time>2026-08-11T18:09:06Z</time>
    <extensions>
     <gpxdata:hr>146</gpxdata:hr>
     <gpxdata:distance>16578.00</gpxdata:distance>
     <gpxdata:speed>10.769</gpxdata:speed>
    </extensions>
   </trkpt>
   <trkpt lat="51.0102366" lon="13.8578470">
    <ele>114</ele>
    <time>2026-08-11T18:09:07Z</time>
    <extensions>
     <gpxdata:hr>146</gpxdata:hr>
     <gpxdata:distance>16588.00</gpxdata:distance>
     <gpxdata:speed>10.564</gpxdata:speed>
    </extensions>
   </trkpt>
   <trkpt lat="51.0102912" lon="13.8577317">
    <ele>114</ele>
    <time>2026-08-11T18:09:08Z</time>
    <extensions>
     <gpxdata:hr>147</gpxdata:hr>
     <gpxdata:distance>16598.00</gpxdata:distance>
     <gpxdata:speed>10.475</gpxdata:speed>
    </extensions>
   </trkpt>
   <trkpt lat="51.0103463" lon="13.8576192">
    <ele>114</ele>
    <time>2026-08-11T18:09:09Z</time>
    <extensions>
     <gpxdata:hr>149</gpxdata:hr>
     <gpxdata:distance>16608.00</gpxdata:distance>
     <gpxdata:speed>10.197</gpxdata:speed>
    </extensions>
   </trkpt>
   <trkpt lat="51.0104023" lon="13.8575099">
    <ele>114</ele>
    <time>2026-08-11T18:09:10Z</time>
    <extensions>
     <gpxdata:hr>150</gpxdata:hr>
     <gpxdata:distance>16618.00</gpxdata:distance>
     <gpxdata:speed>10.122</gpxdata:speed>
    </extensions>
   </trkpt>
   <trkpt lat="51.0104602" lon="13.8574046">
    <ele>114</ele>
    <time>2026-08-11T18:09:11Z</time>
    <extensions>
     <gpxdata:hr>151</gpxdata:hr>
     <gpxdata:distance>16628.00</gpxdata:distance>
     <gpxdata:speed>10.031</gpxdata:speed>
    </extensions>
   </trkpt>
   <trkpt lat="51.0105193" lon="13.8573023">
    <ele>114</ele>
    <time>2026-08-11T18:09:12Z</time>
    <extensions>
     <gpxdata:hr>152</gpxdata:hr>
     <gpxdata:distance>16638.00</gpxdata:distance>
     <gpxdata:speed>9.947</gpxdata:speed>
    </extensions>
   </trkpt>
   <trkpt lat="51.0105778" lon="13.8572002">
    <ele>114</ele>
    <time>2026-08-11T18:09:13Z</time>
    <extensions>
     <gpxdata:hr>152</gpxdata:hr>
     <gpxdata:distance>16647.50</gpxdata:distance>
     <gpxdata:speed>9.789</gpxdata:speed>
    </extensions>
   </trkpt>
   <trkpt lat="51.0106364" lon="13.8570967">
    <ele>114</ele>
    <time>2026-08-11T18:09:14Z</time>
    <extensions>
     <gpxdata:hr>152</gpxdata:hr>
     <gpxdata:distance>16657.00</gpxdata:distance>
     <gpxdata:speed>9.711</gpxdata:speed>
    </extensions>
   </trkpt>
   <trkpt lat="51.0106958" lon="13.8569907">
    <ele>114</ele>
    <time>2026-08-11T18:09:15Z</time>
    <extensions>
     <gpxdata:hr>153</gpxdata:hr>
     <gpxdata:distance>16667.00</gpxdata:distance>
     <gpxdata:speed>9.733</gpxdata:speed>
    </extensions>
   </trkpt>
   <trkpt lat="51.0107567" lon="13.8568824">
    <ele>114</ele>
    <time>2026-08-11T18:09:16Z</time>
    <extensions>
     <gpxdata:hr>154</gpxdata:hr>
     <gpxdata:distance>16677.00</gpxdata:distance>
     <gpxdata:speed>9.822</gpxdata:speed>
    </extensions>
   </trkpt>
   <trkpt lat="51.0108198" lon="13.8567724">
    <ele>113</ele>
    <time>2026-08-11T18:09:17Z</time>
    <extensions>
     <gpxdata:hr>154</gpxdata:hr>
     <gpxdata:distance>16687.50</gpxdata:distance>
     <gpxdata:speed>9.956</gpxdata:speed>
    </extensions>
   </trkpt>
   <trkpt lat="51.0108846" lon="13.8566610">
    <ele>113</ele>
    <time>2026-08-11T18:09:18Z</time>
    <extensions>
     <gpxdata:hr>155</gpxdata:hr>
     <gpxdata:distance>16698.00</gpxdata:distance>
     <gpxdata:speed>10.128</gpxdata:speed>
    </extensions>
   </trkpt>
   <trkpt lat="51.0109499" lon="13.8565494">
    <ele>113</ele>
    <time>2026-08-11T18:09:19Z</time>
    <extensions>
     <gpxdata:hr>155</gpxdata:hr>
     <gpxdata:distance>16708.50</gpxdata:distance>
     <gpxdata:speed>10.303</gpxdata:speed>
    </extensions>
   </trkpt>
   <trkpt lat="51.0110144" lon="13.8564379">
    <ele>113</ele>
    <time>2026-08-11T18:09:20Z</time>
    <extensions>
     <gpxdata:hr>155</gpxdata:hr>
     <gpxdata:distance>16719.00</gpxdata:distance>
     <gpxdata:speed>10.422</gpxdata:speed>
    </extensions>
   </trkpt>
   <trkpt lat="51.0110787" lon="13.8563266">
    <ele>112</ele>
    <time>2026-08-11T18:09:21Z</time>
    <extensions>
     <gpxdata:hr>156</gpxdata:hr>
     <gpxdata:distance>16729.50</gpxdata:distance>
     <gpxdata:speed>10.478</gpxdata:speed>
    </extensions>
   </trkpt>
   <trkpt lat="51.0111433" lon="13.8562156">
    <ele>112</ele>
    <time>2026-08-11T18:09:22Z</time>
    <extensions>
     <gpxdata:hr>156</gpxdata:hr>
     <gpxdata:distance>16740.00</gpxdata:distance>
     <gpxdata:speed>10.525</gpxdata:speed>
    </extensions>
   </trkpt>
   <trkpt lat="51.0112083" lon="13.8561059">
    <ele>112</ele>
    <time>2026-08-11T18:09:23Z</time>
    <extensions>
     <gpxdata:hr>156</gpxdata:hr>
     <gpxdata:distance>16750.50</gpxdata:distance>
     <gpxdata:speed>10.556</gpxdata:speed>
    </extensions>
   </trkpt>
   <trkpt lat="51.0112732" lon="13.8559972">
    <ele>112</ele>
    <time>2026-08-11T18:09:24Z</time>
    <extensions>
     <gpxdata:hr>157</gpxdata:hr>
     <gpxdata:distance>16761.00</gpxdata:distance>
     <gpxdata:speed>10.561</gpxdata:speed>
    </extensions>
   </trkpt>
   <trkpt lat="51.0113371" lon="13.8558889">
    <ele>112</ele>
    <time>2026-08-11T18:09:25Z</time>
    <extensions>
     <gpxdata:hr>157</gpxdata:hr>
     <gpxdata:distance>16771.50</gpxdata:distance>
     <gpxdata:speed>10.514</gpxdata:speed>
    </extensions>
   </trkpt>
   <trkpt lat="51.0113998" lon="13.8557809">
    <ele>112</ele>
    <time>2026-08-11T18:09:26Z</time>
    <extensions>
     <gpxdata:hr>157</gpxdata:hr>
     <gpxdata:distance>16782.00</gpxdata:distance>
     <gpxdata:speed>10.461</gpxdata:speed>
    </extensions>
   </trkpt>
   <trkpt lat="51.0114619" lon="13.8556737">
    <ele>112</ele>
    <time>2026-08-11T18:09:27Z</time>
    <extensions>
     <gpxdata:hr>158</gpxdata:hr>
     <gpxdata:distance>16792.50</gpxdata:distance>
     <gpxdata:speed>10.392</gpxdata:speed>
    </extensions>
   </trkpt>
   <trkpt lat="51.0115247" lon="13.8555669">
    <ele>112</ele>
    <time>2026-08-11T18:09:28Z</time>
    <extensions>
     <gpxdata:hr>159</gpxdata:hr>
     <gpxdata:distance>16803.00</gpxdata:distance>
     <gpxdata:speed>10.328</gpxdata:speed>
    </extensions>
   </trkpt>
   <trkpt lat="51.0115881" lon="13.8554585">
    <ele>112</ele>
    <time>2026-08-11T18:09:29Z</time>
    <extensions>
     <gpxdata:hr>157</gpxdata:hr>
     <gpxdata:distance>16813.00</gpxdata:distance>
     <gpxdata:speed>10.300</gpxdata:speed>
    </extensions>
   </trkpt>
   <trkpt lat="51.0116525" lon="13.8553486">
    <ele>112</ele>
    <time>2026-08-11T18:09:30Z</time>
    <extensions>
     <gpxdata:hr>158</gpxdata:hr>
     <gpxdata:distance>16823.00</gpxdata:distance>
     <gpxdata:speed>10.339</gpxdata:speed>
    </extensions>
   </trkpt>
   <trkpt lat="51.0117167" lon="13.8552366">
    <ele>112</ele>
    <time>2026-08-11T18:09:31Z</time>
    <extensions>
     <gpxdata:hr>157</gpxdata:hr>
     <gpxdata:distance>16834.00</gpxdata:distance>
     <gpxdata:speed>10.408</gpxdata:speed>
    </extensions>
   </trkpt>
   <trkpt lat="51.0117786" lon="13.8551213">
    <ele>112</ele>
    <time>2026-08-11T18:09:32Z</time>
    <extensions>
     <gpxdata:hr>157</gpxdata:hr>
     <gpxdata:distance>16845.00</gpxdata:distance>
     <gpxdata:speed>10.478</gpxdata:speed>
    </extensions>
   </trkpt>
   <trkpt lat="51.0118364" lon="13.8550026">
    <ele>112</ele>
    <time>2026-08-11T18:09:33Z</time>
    <extensions>
     <gpxdata:hr>156</gpxdata:hr>
     <gpxdata:distance>16855.50</gpxdata:distance>
     <gpxdata:speed>10.519</gpxdata:speed>
    </extensions>
   </trkpt>
   <trkpt lat="51.0118925" lon="13.8548824">
    <ele>112</ele>
    <time>2026-08-11T18:09:34Z</time>
    <extensions>
     <gpxdata:hr>158</gpxdata:hr>
     <gpxdata:distance>16866.00</gpxdata:distance>
     <gpxdata:speed>10.508</gpxdata:speed>
    </extensions>
   </trkpt>
   <trkpt lat="51.0119503" lon="13.8547648">
    <ele>112</ele>
    <time>2026-08-11T18:09:35Z</time>
    <extensions>
     <gpxdata:hr>158</gpxdata:hr>
     <gpxdata:distance>16876.00</gpxdata:distance>
     <gpxdata:speed>10.497</gpxdata:speed>
    </extensions>
   </trkpt>
   <trkpt lat="51.0120104" lon="13.8546505">
    <ele>112</ele>
    <time>2026-08-11T18:09:36Z</time>
    <extensions>
     <gpxdata:hr>159</gpxdata:hr>
     <gpxdata:distance>16886.00</gpxdata:distance>
     <gpxdata:speed>10.483</gpxdata:speed>
    </extensions>
   </trkpt>
   <trkpt lat="51.0120721" lon="13.8545373">
    <ele>112</ele>
    <time>2026-08-11T18:09:37Z</time>
    <extensions>
     <gpxdata:hr>159</gpxdata:hr>
     <gpxdata:distance>16896.50</gpxdata:distance>
     <gpxdata:speed>10.475</gpxdata:speed>
    </extensions>
   </trkpt>
   <trkpt lat="51.0121357" lon="13.8544244">
    <ele>112</ele>
    <time>2026-08-11T18:09:38Z</time>
    <extensions>
     <gpxdata:hr>159</gpxdata:hr>
     <gpxdata:distance>16907.00</gpxdata:distance>
     <gpxdata:speed>10.489</gpxdata:speed>
    </extensions>
   </trkpt>
   <trkpt lat="51.0122011" lon="13.8543116">
    <ele>112</ele>
    <time>2026-08-11T18:09:39Z</time>
    <extensions>
     <gpxdata:hr>159</gpxdata:hr>
     <gpxdata:distance>16918.00</gpxdata:distance>
     <gpxdata:speed>10.544</gpxdata:speed>
    </extensions>
   </trkpt>
   <trkpt lat="51.0122671" lon="13.8541993">
    <ele>112</ele>
    <time>2026-08-11T18:09:40Z</time>
    <extensions>
     <gpxdata:hr>160</gpxdata:hr>
     <gpxdata:distance>16929.00</gpxdata:distance>
     <gpxdata:speed>10.619</gpxdata:speed>
    </extensions>
   </trkpt>
   <trkpt lat="51.0123324" lon="13.8540874">
    <ele>112</ele>
    <time>2026-08-11T18:09:41Z</time>
    <extensions>
     <gpxdata:hr>160</gpxdata:hr>
     <gpxdata:distance>16939.50</gpxdata:distance>
     <gpxdata:speed>10.661</gpxdata:speed>
    </extensions>
   </trkpt>
   <trkpt lat="51.0123976" lon="13.8539766">
    <ele>112</ele>
    <time>2026-08-11T18:09:42Z</time>
    <extensions>
     <gpxdata:hr>161</gpxdata:hr>
     <gpxdata:distance>16950.00</gpxdata:distance>
     <gpxdata:speed>10.658</gpxdata:speed>
    </extensions>
   </trkpt>
   <trkpt lat="51.0124639" lon="13.8538673">
    <ele>112</ele>
    <time>2026-08-11T18:09:43Z</time>
    <extensions>
     <gpxdata:hr>162</gpxdata:hr>
     <gpxdata:distance>16961.00</gpxdata:distance>
     <gpxdata:speed>10.647</gpxdata:speed>
    </extensions>
   </trkpt>
   <trkpt lat="51.0125325" lon="13.8537614">
    <ele>113</ele>
    <time>2026-08-11T18:09:44Z</time>
    <extensions>
     <gpxdata:hr>163</gpxdata:hr>
     <gpxdata:distance>16972.00</gpxdata:distance>
     <gpxdata:speed>10.647</gpxdata:speed>
    </extensions>
   </trkpt>
   <trkpt lat="51.0126028" lon="13.8536579">
    <ele>113</ele>
    <time>2026-08-11T18:09:45Z</time>
    <extensions>
     <gpxdata:hr>163</gpxdata:hr>
     <gpxdata:distance>16982.50</gpxdata:distance>
     <gpxdata:speed>10.653</gpxdata:speed>
    </extensions>
   </trkpt>
   <trkpt lat="51.0126733" lon="13.8535553">
    <ele>113</ele>
    <time>2026-08-11T18:09:46Z</time>
    <extensions>
     <gpxdata:hr>163</gpxdata:hr>
     <gpxdata:distance>16993.00</gpxdata:distance>
     <gpxdata:speed>10.658</gpxdata:speed>
    </extensions>
   </trkpt>
   <trkpt lat="51.0127432" lon="13.8534524">
    <ele>113</ele>
    <time>2026-08-11T18:09:47Z</time>
    <extensions>
     <gpxdata:hr>163</gpxdata:hr>
     <gpxdata:distance>17003.50</gpxdata:distance>
     <gpxdata:speed>10.653</gpxdata:speed>
    </extensions>
   </trkpt>
   <trkpt lat="51.0128125" lon="13.8533493">
    <ele>113</ele>
    <time>2026-08-11T18:09:48Z</time>
    <extensions>
     <gpxdata:hr>163</gpxdata:hr>
     <gpxdata:distance>17014.00</gpxdata:distance>
     <gpxdata:speed>10.636</gpxdata:speed>
    </extensions>
   </trkpt>
   <trkpt lat="51.0128814" lon="13.8532455">
    <ele>113</ele>
    <time>2026-08-11T18:09:49Z</time>
    <extensions>
     <gpxdata:hr>164</gpxdata:hr>
     <gpxdata:distance>17024.50</gpxdata:distance>
     <gpxdata:speed>10.611</gpxdata:speed>
    </extensions>
   </trkpt>
   <trkpt lat="51.0129502" lon="13.8531411">
    <ele>113</ele>
    <time>2026-08-11T18:09:50Z</time>
    <extensions>
     <gpxdata:hr>164</gpxdata:hr>
     <gpxdata:distance>17035.00</gpxdata:distance>
     <gpxdata:speed>10.597</gpxdata:speed>
    </extensions>
   </trkpt>
   <trkpt lat="51.0130194" lon="13.8530358">
    <ele>113</ele>
    <time>2026-08-11T18:09:51Z</time>
    <extensions>
     <gpxdata:hr>164</gpxdata:hr>
     <gpxdata:distance>17046.00</gpxdata:distance>
     <gpxdata:speed>10.597</gpxdata:speed>
    </extensions>
   </trkpt>
   <trkpt lat="51.0130885" lon="13.8529312">
    <ele>113</ele>
    <time>2026-08-11T18:09:52Z</time>
    <extensions>
     <gpxdata:hr>164</gpxdata:hr>
     <gpxdata:distance>17057.00</gpxdata:distance>
     <gpxdata:speed>10.622</gpxdata:speed>
    </extensions>
   </trkpt>
   <trkpt lat="51.0131571" lon="13.8528270">
    <ele>113</ele>
    <time>2026-08-11T18:09:53Z</time>
    <extensions>
     <gpxdata:hr>164</gpxdata:hr>
     <gpxdata:distance>17067.50</gpxdata:distance>
     <gpxdata:speed>10.619</gpxdata:speed>
    </extensions>
   </trkpt>
   <trkpt lat="51.0132254" lon="13.8527238">
    <ele>113</ele>
    <time>2026-08-11T18:09:54Z</time>
    <extensions>
     <gpxdata:hr>164</gpxdata:hr>
     <gpxdata:distance>17078.00</gpxdata:distance>
     <gpxdata:speed>10.594</gpxdata:speed>
    </extensions>
   </trkpt>
   <trkpt lat="51.0132929" lon="13.8526210">
    <ele>113</ele>
    <time>2026-08-11T18:09:55Z</time>
    <extensions>
     <gpxdata:hr>163</gpxdata:hr>
     <gpxdata:distance>17088.00</gpxdata:distance>
     <gpxdata:speed>10.550</gpxdata:speed>
    </extensions>
   </trkpt>
   <trkpt lat="51.0133600" lon="13.8525173">
    <ele>113</ele>
    <time>2026-08-11T18:09:56Z</time>
    <extensions>
     <gpxdata:hr>163</gpxdata:hr>
     <gpxdata:distance>17098.00</gpxdata:distance>
     <gpxdata:speed>10.500</gpxdata:speed>
    </extensions>
   </trkpt>
   <trkpt lat="51.0134270" lon="13.8524135">
    <ele>113</ele>
    <time>2026-08-11T18:09:57Z</time>
    <extensions>
     <gpxdata:hr>163</gpxdata:hr>
     <gpxdata:distance>17108.50</gpxdata:distance>
     <gpxdata:speed>10.478</gpxdata:speed>
    </extensions>
   </trkpt>
   <trkpt lat="51.0134947" lon="13.8523121">
    <ele>113</ele>
    <time>2026-08-11T18:09:58Z</time>
    <extensions>
     <gpxdata:hr>163</gpxdata:hr>
     <gpxdata:distance>17119.00</gpxdata:distance>
     <gpxdata:speed>10.453</gpxdata:speed>
    </extensions>
   </trkpt>
   <trkpt lat="51.0135632" lon="13.8522136">
    <ele>113</ele>
    <time>2026-08-11T18:09:59Z</time>
    <extensions>
     <gpxdata:hr>163</gpxdata:hr>
     <gpxdata:distance>17129.50</gpxdata:distance>
     <gpxdata:speed>10.414</gpxdata:speed>
    </extensions>
   </trkpt>
   <trkpt lat="51.0136317" lon="13.8521164">
    <ele>113</ele>
    <time>2026-08-11T18:10:00Z</time>
    <extensions>
     <gpxdata:hr>163</gpxdata:hr>
     <gpxdata:distance>17140.00</gpxdata:distance>
     <gpxdata:speed>10.364</gpxdata:speed>
    </extensions>
   </trkpt>
   <trkpt lat="51.0137013" lon="13.8520212">
    <ele>113</ele>
    <time>2026-08-11T18:10:01Z</time>
    <extensions>
     <gpxdata:hr>163</gpxdata:hr>
     <gpxdata:distance>17150.00</gpxdata:distance>
     <gpxdata:speed>10.314</gpxdata:speed>
    </extensions>
   </trkpt>
   <trkpt lat="51.0137732" lon="13.8519301">
    <ele>113</ele>
    <time>2026-08-11T18:10:02Z</time>
    <extensions>
     <gpxdata:hr>163</gpxdata:hr>
     <gpxdata:distance>17160.00</gpxdata:distance>
     <gpxdata:speed>10.278</gpxdata:speed>
    </extensions>
   </trkpt>
   <trkpt lat="51.0138474" lon="13.8518428">
    <ele>113</ele>
    <time>2026-08-11T18:10:03Z</time>
    <extensions>
     <gpxdata:hr>162</gpxdata:hr>
     <gpxdata:distance>17170.50</gpxdata:distance>
     <gpxdata:speed>10.267</gpxdata:speed>
    </extensions>
   </trkpt>
   <trkpt lat="51.0139227" lon="13.8517564">
    <ele>112</ele>
    <time>2026-08-11T18:10:04Z</time>
    <extensions>
     <gpxdata:hr>162</gpxdata:hr>
     <gpxdata:distance>17181.00</gpxdata:distance>
     <gpxdata:speed>10.275</gpxdata:speed>
    </extensions>
   </trkpt>
   <trkpt lat="51.0139980" lon="13.8516681">
    <ele>112</ele>
    <time>2026-08-11T18:10:05Z</time>
    <extensions>
     <gpxdata:hr>161</gpxdata:hr>
     <gpxdata:distance>17191.50</gpxdata:distance>
     <gpxdata:speed>10.300</gpxdata:speed>
    </extensions>
   </trkpt>
   <trkpt lat="51.0140720" lon="13.8515765">
    <ele>112</ele>
    <time>2026-08-11T18:10:06Z</time>
    <extensions>
     <gpxdata:hr>161</gpxdata:hr>
     <gpxdata:distance>17202.00</gpxdata:distance>
     <gpxdata:speed>10.342</gpxdata:speed>
    </extensions>
   </trkpt>
   <trkpt lat="51.0141444" lon="13.8514812">
    <ele>112</ele>
    <time>2026-08-11T18:10:07Z</time>
    <extensions>
     <gpxdata:hr>161</gpxdata:hr>
     <gpxdata:distance>17212.50</gpxdata:distance>
     <gpxdata:speed>10.375</gpxdata:speed>
    </extensions>
   </trkpt>
   <trkpt lat="51.0142158" lon="13.8513839">
    <ele>112</ele>
    <time>2026-08-11T18:10:08Z</time>
    <extensions>
     <gpxdata:hr>160</gpxdata:hr>
     <gpxdata:distance>17223.00</gpxdata:distance>
     <gpxdata:speed>10.406</gpxdata:speed>
    </extensions>
   </trkpt>
   <trkpt lat="51.0142868" lon="13.8512862">
    <ele>112</ele>
    <time>2026-08-11T18:10:09Z</time>
    <extensions>
     <gpxdata:hr>160</gpxdata:hr>
     <gpxdata:distance>17233.50</gpxdata:distance>
     <gpxdata:speed>10.425</gpxdata:speed>
    </extensions>
   </trkpt>
   <trkpt lat="51.0143556" lon="13.8511854">
    <ele>112</ele>
    <time>2026-08-11T18:10:10Z</time>
    <extensions>
     <gpxdata:hr>160</gpxdata:hr>
     <gpxdata:distance>17244.00</gpxdata:distance>
     <gpxdata:speed>10.431</gpxdata:speed>
    </extensions>
   </trkpt>
   <trkpt lat="51.0144228" lon="13.8510813">
    <ele>112</ele>
    <time>2026-08-11T18:10:11Z</time>
    <extensions>
     <gpxdata:hr>160</gpxdata:hr>
     <gpxdata:distance>17254.00</gpxdata:distance>
     <gpxdata:speed>10.428</gpxdata:speed>
    </extensions>
   </trkpt>
   <trkpt lat="51.0144895" lon="13.8509748">
    <ele>112</ele>
    <time>2026-08-11T18:10:12Z</time>
    <extensions>
     <gpxdata:hr>159</gpxdata:hr>
     <gpxdata:distance>17264.00</gpxdata:distance>
     <gpxdata:speed>10.439</gpxdata:speed>
    </extensions>
   </trkpt>
   <trkpt lat="51.0145564" lon="13.8508679">
    <ele>112</ele>
    <time>2026-08-11T18:10:13Z</time>
    <extensions>
     <gpxdata:hr>159</gpxdata:hr>
     <gpxdata:distance>17275.00</gpxdata:distance>
     <gpxdata:speed>10.478</gpxdata:speed>
    </extensions>
   </trkpt>
   <trkpt lat="51.0146245" lon="13.8507613">
    <ele>112</ele>
    <time>2026-08-11T18:10:14Z</time>
    <extensions>
     <gpxdata:hr>159</gpxdata:hr>
     <gpxdata:distance>17286.00</gpxdata:distance>
     <gpxdata:speed>10.508</gpxdata:speed>
    </extensions>
   </trkpt>
   <trkpt lat="51.0146933" lon="13.8506547">
    <ele>112</ele>
    <time>2026-08-11T18:10:15Z</time>
    <extensions>
     <gpxdata:hr>158</gpxdata:hr>
     <gpxdata:distance>17296.50</gpxdata:distance>
     <gpxdata:speed>10.556</gpxdata:speed>
    </extensions>
   </trkpt>
   <trkpt lat="51.0147621" lon="13.8505482">
    <ele>112</ele>
    <time>2026-08-11T18:10:16Z</time>
    <extensions>
     <gpxdata:hr>158</gpxdata:hr>
     <gpxdata:distance>17307.00</gpxdata:distance>
     <gpxdata:speed>10.603</gpxdata:speed>
    </extensions>
   </trkpt>
   <trkpt lat="51.0148316" lon="13.8504423">
    <ele>112</ele>
    <time>2026-08-11T18:10:17Z</time>
    <extensions>
     <gpxdata:hr>158</gpxdata:hr>
     <gpxdata:distance>17317.50</gpxdata:distance>
     <gpxdata:speed>10.631</gpxdata:speed>
    </extensions>
   </trkpt>
   <trkpt lat="51.0149017" lon="13.8503366">
    <ele>112</ele>
    <time>2026-08-11T18:10:18Z</time>
    <extensions>
     <gpxdata:hr>158</gpxdata:hr>
     <gpxdata:distance>17328.00</gpxdata:distance>
     <gpxdata:speed>10.661</gpxdata:speed>
    </extensions>
   </trkpt>
   <trkpt lat="51.0149710" lon="13.8502290">
    <ele>112</ele>
    <time>2026-08-11T18:10:19Z</time>
    <extensions>
     <gpxdata:hr>158</gpxdata:hr>
     <gpxdata:distance>17339.00</gpxdata:distance>
     <gpxdata:speed>10.694</gpxdata:speed>
    </extensions>
   </trkpt>
   <trkpt lat="51.0150387" lon="13.8501192">
    <ele>112</ele>
    <time>2026-08-11T18:10:20Z</time>
    <extensions>
     <gpxdata:hr>158</gpxdata:hr>
     <gpxdata:distance>17350.00</gpxdata:distance>
     <gpxdata:speed>10.728</gpxdata:speed>
    </extensions>
   </trkpt>
   <trkpt lat="51.0151053" lon="13.8500084">
    <ele>112</ele>
    <time>2026-08-11T18:10:21Z</time>
    <extensions>
     <gpxdata:hr>158</gpxdata:hr>
     <gpxdata:distance>17360.50</gpxdata:distance>
     <gpxdata:speed>10.739</gpxdata:speed>
    </extensions>
   </trkpt>
   <trkpt lat="51.0151718" lon="13.8498977">
    <ele>112</ele>
    <time>2026-08-11T18:10:22Z</time>
    <extensions>
     <gpxdata:hr>158</gpxdata:hr>
     <gpxdata:distance>17371.00</gpxdata:distance>
     <gpxdata:speed>10.733</gpxdata:speed>
    </extensions>
   </trkpt>
   <trkpt lat="51.0152389" lon="13.8497877">
    <ele>112</ele>
    <time>2026-08-11T18:10:23Z</time>
    <extensions>
     <gpxdata:hr>158</gpxdata:hr>
     <gpxdata:distance>17382.00</gpxdata:distance>
     <gpxdata:speed>10.731</gpxdata:speed>
    </extensions>
   </trkpt>
   <trkpt lat="51.0153067" lon="13.8496783">
    <ele>112</ele>
    <time>2026-08-11T18:10:24Z</time>
    <extensions>
     <gpxdata:hr>159</gpxdata:hr>
     <gpxdata:distance>17393.00</gpxdata:distance>
     <gpxdata:speed>10.736</gpxdata:speed>
    </extensions>
   </trkpt>
   <trkpt lat="51.0153741" lon="13.8495683">
    <ele>112</ele>
    <time>2026-08-11T18:10:25Z</time>
    <extensions>
     <gpxdata:hr>158</gpxdata:hr>
     <gpxdata:distance>17403.50</gpxdata:distance>
     <gpxdata:speed>10.744</gpxdata:speed>
    </extensions>
   </trkpt>
   <trkpt lat="51.0154406" lon="13.8494583">
    <ele>111</ele>
    <time>2026-08-11T18:10:26Z</time>
    <extensions>
     <gpxdata:hr>158</gpxdata:hr>
     <gpxdata:distance>17414.00</gpxdata:distance>
     <gpxdata:speed>10.750</gpxdata:speed>
    </extensions>
   </trkpt>
   <trkpt lat="51.0155062" lon="13.8493474">
    <ele>111</ele>
    <time>2026-08-11T18:10:27Z</time>
    <extensions>
     <gpxdata:hr>157</gpxdata:hr>
     <gpxdata:distance>17425.00</gpxdata:distance>
     <gpxdata:speed>10.719</gpxdata:speed>
    </extensions>
   </trkpt>
   <trkpt lat="51.0155709" lon="13.8492362">
    <ele>111</ele>
    <time>2026-08-11T18:10:28Z</time>
    <extensions>
     <gpxdata:hr>157</gpxdata:hr>
     <gpxdata:distance>17436.00</gpxdata:distance>
     <gpxdata:speed>10.703</gpxdata:speed>
    </extensions>
   </trkpt>
   <trkpt lat="51.0156347" lon="13.8491250">
    <ele>111</ele>
    <time>2026-08-11T18:10:29Z</time>
    <extensions>
     <gpxdata:hr>157</gpxdata:hr>
     <gpxdata:distance>17446.50</gpxdata:distance>
     <gpxdata:speed>10.667</gpxdata:speed>
    </extensions>
   </trkpt>
   <trkpt lat="51.0156982" lon="13.8490139">
    <ele>111</ele>
    <time>2026-08-11T18:10:30Z</time>
    <extensions>
     <gpxdata:hr>157</gpxdata:hr>
     <gpxdata:distance>17457.00</gpxdata:distance>
     <gpxdata:speed>10.622</gpxdata:speed>
    </extensions>
   </trkpt>
   <trkpt lat="51.0157616" lon="13.8489021">
    <ele>111</ele>
    <time>2026-08-11T18:10:31Z</time>
    <extensions>
     <gpxdata:hr>157</gpxdata:hr>
     <gpxdata:distance>17467.50</gpxdata:distance>
     <gpxdata:speed>10.586</gpxdata:speed>
    </extensions>
   </trkpt>
   <trkpt lat="51.0158248" lon="13.8487909">
    <ele>111</ele>
    <time>2026-08-11T18:10:32Z</time>
    <extensions>
     <gpxdata:hr>157</gpxdata:hr>
     <gpxdata:distance>17478.00</gpxdata:distance>
     <gpxdata:speed>10.578</gpxdata:speed>
    </extensions>
   </trkpt>
   <trkpt lat="51.0158872" lon="13.8486816">
    <ele>111</ele>
    <time>2026-08-11T18:10:33Z</time>
    <extensions>
     <gpxdata:hr>157</gpxdata:hr>
     <gpxdata:distance>17488.00</gpxdata:distance>
     <gpxdata:speed>10.544</gpxdata:speed>
    </extensions>
   </trkpt>
   <trkpt lat="51.0159496" lon="13.8485726">
    <ele>111</ele>
    <time>2026-08-11T18:10:34Z</time>
    <extensions>
     <gpxdata:hr>156</gpxdata:hr>
     <gpxdata:distance>17498.00</gpxdata:distance>
     <gpxdata:speed>10.458</gpxdata:speed>
    </extensions>
   </trkpt>
   <trkpt lat="51.0160140" lon="13.8484641">
    <ele>111</ele>
    <time>2026-08-11T18:10:35Z</time>
    <extensions>
     <gpxdata:hr>156</gpxdata:hr>
     <gpxdata:distance>17508.50</gpxdata:distance>
     <gpxdata:speed>10.414</gpxdata:speed>
    </extensions>
   </trkpt>
   <trkpt lat="51.0160856" lon="13.8483679">
    <ele>111</ele>
    <time>2026-08-11T18:10:36Z</time>
    <extensions>
     <gpxdata:hr>156</gpxdata:hr>
     <gpxdata:distance>17519.00</gpxdata:distance>
     <gpxdata:speed>10.436</gpxdata:speed>
    </extensions>
   </trkpt>
   <trkpt lat="51.0161646" lon="13.8482859">
    <ele>111</ele>
    <time>2026-08-11T18:10:37Z</time>
    <extensions>
     <gpxdata:hr>156</gpxdata:hr>
     <gpxdata:distance>17529.50</gpxdata:distance>
     <gpxdata:speed>10.464</gpxdata:speed>
    </extensions>
   </trkpt>
   <trkpt lat="51.0162469" lon="13.8482066">
    <ele>111</ele>
    <time>2026-08-11T18:10:38Z</time>
    <extensions>
     <gpxdata:hr>156</gpxdata:hr>
     <gpxdata:distance>17540.00</gpxdata:distance>
     <gpxdata:speed>10.497</gpxdata:speed>
    </extensions>
   </trkpt>
   <trkpt lat="51.0163283" lon="13.8481193">
    <ele>111</ele>
    <time>2026-08-11T18:10:39Z</time>
    <extensions>
     <gpxdata:hr>156</gpxdata:hr>
     <gpxdata:distance>17551.00</gpxdata:distance>
     <gpxdata:speed>10.583</gpxdata:speed>
    </extensions>
   </trkpt>
   <trkpt lat="51.0164076" lon="13.8480221">
    <ele>111</ele>
    <time>2026-08-11T18:10:40Z</time>
    <extensions>
     <gpxdata:hr>156</gpxdata:hr>
     <gpxdata:distance>17562.00</gpxdata:distance>
     <gpxdata:speed>10.717</gpxdata:speed>
    </extensions>
   </trkpt>
   <trkpt lat="51.0164863" lon="13.8479181">
    <ele>111</ele>
    <time>2026-08-11T18:10:41Z</time>
    <extensions>
     <gpxdata:hr>156</gpxdata:hr>
     <gpxdata:distance>17573.50</gpxdata:distance>
     <gpxdata:speed>10.881</gpxdata:speed>
    </extensions>
   </trkpt>
   <trkpt lat="51.0165649" lon="13.8478106">
    <ele>111</ele>
    <time>2026-08-11T18:10:42Z</time>
    <extensions>
     <gpxdata:hr>156</gpxdata:hr>
     <gpxdata:distance>17585.00</gpxdata:distance>
     <gpxdata:speed>11.072</gpxdata:speed>
    </extensions>
   </trkpt>
   <trkpt lat="51.0166429" lon="13.8477014">
    <ele>110</ele>
    <time>2026-08-11T18:10:43Z</time>
    <extensions>
     <gpxdata:hr>156</gpxdata:hr>
     <gpxdata:distance>17596.50</gpxdata:distance>
     <gpxdata:speed>11.419</gpxdata:speed>
    </extensions>
   </trkpt>
   <trkpt lat="51.0167201" lon="13.8475909">
    <ele>110</ele>
    <time>2026-08-11T18:10:44Z</time>
    <extensions>
     <gpxdata:hr>156</gpxdata:hr>
     <gpxdata:distance>17608.00</gpxdata:distance>
     <gpxdata:speed>11.486</gpxdata:speed>
    </extensions>
   </trkpt>
   <trkpt lat="51.0167972" lon="13.8474808">
    <ele>110</ele>
    <time>2026-08-11T18:10:45Z</time>
    <extensions>
     <gpxdata:hr>155</gpxdata:hr>
     <gpxdata:distance>17619.50</gpxdata:distance>
     <gpxdata:speed>11.511</gpxdata:speed>
    </extensions>
   </trkpt>
   <trkpt lat="51.0168741" lon="13.8473720">
    <ele>109</ele>
    <time>2026-08-11T18:10:46Z</time>
    <extensions>
     <gpxdata:hr>155</gpxdata:hr>
     <gpxdata:distance>17631.00</gpxdata:distance>
     <gpxdata:speed>11.506</gpxdata:speed>
    </extensions>
   </trkpt>
   <trkpt lat="51.0169502" lon="13.8472653">
    <ele>109</ele>
    <time>2026-08-11T18:10:47Z</time>
    <extensions>
     <gpxdata:hr>154</gpxdata:hr>
     <gpxdata:distance>17642.50</gpxdata:distance>
     <gpxdata:speed>11.458</gpxdata:speed>
    </extensions>
   </trkpt>
   <trkpt lat="51.0170248" lon="13.8471601">
    <ele>109</ele>
    <time>2026-08-11T18:10:48Z</time>
    <extensions>
     <gpxdata:hr>154</gpxdata:hr>
     <gpxdata:distance>17654.00</gpxdata:distance>
     <gpxdata:speed>11.322</gpxdata:speed>
    </extensions>
   </trkpt>
   <trkpt lat="51.0170968" lon="13.8470541">
    <ele>109</ele>
    <time>2026-08-11T18:10:49Z</time>
    <extensions>
     <gpxdata:hr>153</gpxdata:hr>
     <gpxdata:distance>17665.00</gpxdata:distance>
     <gpxdata:speed>11.225</gpxdata:speed>
    </extensions>
   </trkpt>
   <trkpt lat="51.0171645" lon="13.8469454">
    <ele>109</ele>
    <time>2026-08-11T18:10:50Z</time>
    <extensions>
     <gpxdata:hr>153</gpxdata:hr>
     <gpxdata:distance>17676.00</gpxdata:distance>
     <gpxdata:speed>11.111</gpxdata:speed>
    </extensions>
   </trkpt>
   <trkpt lat="51.0172267" lon="13.8468336">
    <ele>110</ele>
    <time>2026-08-11T18:10:51Z</time>
    <extensions>
     <gpxdata:hr>153</gpxdata:hr>
     <gpxdata:distance>17686.50</gpxdata:distance>
     <gpxdata:speed>10.811</gpxdata:speed>
    </extensions>
   </trkpt>
   <trkpt lat="51.0172856" lon="13.8467226">
    <ele>110</ele>
    <time>2026-08-11T18:10:52Z</time>
    <extensions>
     <gpxdata:hr>154</gpxdata:hr>
     <gpxdata:distance>17697.00</gpxdata:distance>
     <gpxdata:speed>10.550</gpxdata:speed>
    </extensions>
   </trkpt>
   <trkpt lat="51.0173415" lon="13.8466141">
    <ele>111</ele>
    <time>2026-08-11T18:10:53Z</time>
    <extensions>
     <gpxdata:hr>154</gpxdata:hr>
     <gpxdata:distance>17706.50</gpxdata:distance>
     <gpxdata:speed>10.269</gpxdata:speed>
    </extensions>
   </trkpt>
   <trkpt lat="51.0173938" lon="13.8465086">
    <ele>111</ele>
    <time>2026-08-11T18:10:54Z</time>
    <extensions>
     <gpxdata:hr>155</gpxdata:hr>
     <gpxdata:distance>17716.00</gpxdata:distance>
     <gpxdata:speed>9.933</gpxdata:speed>
    </extensions>
   </trkpt>
   <trkpt lat="51.0174424" lon="13.8464066">
    <ele>112</ele>
    <time>2026-08-11T18:10:55Z</time>
    <extensions>
     <gpxdata:hr>155</gpxdata:hr>
     <gpxdata:distance>17725.00</gpxdata:distance>
     <gpxdata:speed>9.539</gpxdata:speed>
    </extensions>
   </trkpt>
   <trkpt lat="51.0174856" lon="13.8463062">
    <ele>112</ele>
    <time>2026-08-11T18:10:56Z</time>
    <extensions>
     <gpxdata:hr>155</gpxdata:hr>
     <gpxdata:distance>17734.00</gpxdata:distance>
     <gpxdata:speed>9.111</gpxdata:speed>
    </extensions>
   </trkpt>
   <trkpt lat="51.0175208" lon="13.8462038">
    <ele>112</ele>
    <time>2026-08-11T18:10:57Z</time>
    <extensions>
     <gpxdata:hr>155</gpxdata:hr>
     <gpxdata:distance>17742.00</gpxdata:distance>
     <gpxdata:speed>8.706</gpxdata:speed>
    </extensions>
   </trkpt>
   <trkpt lat="51.0175471" lon="13.8460961">
    <ele>113</ele>
    <time>2026-08-11T18:10:58Z</time>
    <extensions>
     <gpxdata:hr>155</gpxdata:hr>
     <gpxdata:distance>17750.00</gpxdata:distance>
     <gpxdata:speed>8.367</gpxdata:speed>
    </extensions>
   </trkpt>
   <trkpt lat="51.0175619" lon="13.8459823">
    <ele>113</ele>
    <time>2026-08-11T18:10:59Z</time>
    <extensions>
     <gpxdata:hr>154</gpxdata:hr>
     <gpxdata:distance>17758.50</gpxdata:distance>
     <gpxdata:speed>8.281</gpxdata:speed>
    </extensions>
   </trkpt>
   <trkpt lat="51.0175658" lon="13.8458625">
    <ele>113</ele>
    <time>2026-08-11T18:11:00Z</time>
    <extensions>
     <gpxdata:hr>153</gpxdata:hr>
     <gpxdata:distance>17767.00</gpxdata:distance>
     <gpxdata:speed>8.292</gpxdata:speed>
    </extensions>
   </trkpt>
   <trkpt lat="51.0175631" lon="13.8457364">
    <ele>114</ele>
    <time>2026-08-11T18:11:01Z</time>
    <extensions>
     <gpxdata:hr>153</gpxdata:hr>
     <gpxdata:distance>17775.50</gpxdata:distance>
     <gpxdata:speed>8.461</gpxdata:speed>
    </extensions>
   </trkpt>
   <trkpt lat="51.0175595" lon="13.8456070">
    <ele>114</ele>
    <time>2026-08-11T18:11:02Z</time>
    <extensions>
     <gpxdata:hr>153</gpxdata:hr>
     <gpxdata:distance>17784.00</gpxdata:distance>
     <gpxdata:speed>8.619</gpxdata:speed>
    </extensions>
   </trkpt>
   <trkpt lat="51.0175577" lon="13.8454768">
    <ele>114</ele>
    <time>2026-08-11T18:11:03Z</time>
    <extensions>
     <gpxdata:hr>153</gpxdata:hr>
     <gpxdata:distance>17793.50</gpxdata:distance>
     <gpxdata:speed>8.750</gpxdata:speed>
    </extensions>
   </trkpt>
   <trkpt lat="51.0175574" lon="13.8453490">
    <ele>114</ele>
    <time>2026-08-11T18:11:04Z</time>
    <extensions>
     <gpxdata:hr>153</gpxdata:hr>
     <gpxdata:distance>17803.00</gpxdata:distance>
     <gpxdata:speed>8.836</gpxdata:speed>
    </extensions>
   </trkpt>
   <trkpt lat="51.0175585" lon="13.8452248">
    <ele>114</ele>
    <time>2026-08-11T18:11:05Z</time>
    <extensions>
     <gpxdata:hr>154</gpxdata:hr>
     <gpxdata:distance>17811.50</gpxdata:distance>
     <gpxdata:speed>8.836</gpxdata:speed>
    </extensions>
   </trkpt>
   <trkpt lat="51.0175600" lon="13.8451027">
    <ele>114</ele>
    <time>2026-08-11T18:11:06Z</time>
    <extensions>
     <gpxdata:hr>154</gpxdata:hr>
     <gpxdata:distance>17820.00</gpxdata:distance>
     <gpxdata:speed>8.758</gpxdata:speed>
    </extensions>
   </trkpt>
   <trkpt lat="51.0175621" lon="13.8449826">
    <ele>114</ele>
    <time>2026-08-11T18:11:07Z</time>
    <extensions>
     <gpxdata:hr>155</gpxdata:hr>
     <gpxdata:distance>17828.50</gpxdata:distance>
     <gpxdata:speed>8.683</gpxdata:speed>
    </extensions>
   </trkpt>
   <trkpt lat="51.0175645" lon="13.8448621">
    <ele>114</ele>
    <time>2026-08-11T18:11:08Z</time>
    <extensions>
     <gpxdata:hr>154</gpxdata:hr>
     <gpxdata:distance>17837.00</gpxdata:distance>
     <gpxdata:speed>8.597</gpxdata:speed>
    </extensions>
   </trkpt>
   <trkpt lat="51.0175675" lon="13.8447387">
    <ele>114</ele>
    <time>2026-08-11T18:11:09Z</time>
    <extensions>
     <gpxdata:hr>155</gpxdata:hr>
     <gpxdata:distance>17845.50</gpxdata:distance>
     <gpxdata:speed>8.561</gpxdata:speed>
    </extensions>
   </trkpt>
   <trkpt lat="51.0175718" lon="13.8446116">
    <ele>115</ele>
    <time>2026-08-11T18:11:10Z</time>
    <extensions>
     <gpxdata:hr>156</gpxdata:hr>
     <gpxdata:distance>17854.00</gpxdata:distance>
     <gpxdata:speed>8.617</gpxdata:speed>
    </extensions>
   </trkpt>
   <trkpt lat="51.0175781" lon="13.8444820">
    <ele>115</ele>
    <time>2026-08-11T18:11:11Z</time>
    <extensions>
     <gpxdata:hr>157</gpxdata:hr>
     <gpxdata:distance>17863.00</gpxdata:distance>
     <gpxdata:speed>8.736</gpxdata:speed>
    </extensions>
   </trkpt>
   <trkpt lat="51.0175873" lon="13.8443502">
    <ele>115</ele>
    <time>2026-08-11T18:11:12Z</time>
    <extensions>
     <gpxdata:hr>158</gpxdata:hr>
     <gpxdata:distance>17872.00</gpxdata:distance>
     <gpxdata:speed>8.864</gpxdata:speed>
    </extensions>
   </trkpt>
   <trkpt lat="51.0176018" lon="13.8442182">
    <ele>115</ele>
    <time>2026-08-11T18:11:13Z</time>
    <extensions>
     <gpxdata:hr>158</gpxdata:hr>
     <gpxdata:distance>17881.50</gpxdata:distance>
     <gpxdata:speed>9.006</gpxdata:speed>
    </extensions>
   </trkpt>
   <trkpt lat="51.0176251" lon="13.8440880">
    <ele>115</ele>
    <time>2026-08-11T18:11:14Z</time>
    <extensions>
     <gpxdata:hr>158</gpxdata:hr>
     <gpxdata:distance>17891.00</gpxdata:distance>
     <gpxdata:speed>9.133</gpxdata:speed>
    </extensions>
   </trkpt>
   <trkpt lat="51.0176577" lon="13.8439621">
    <ele>115</ele>
    <time>2026-08-11T18:11:15Z</time>
    <extensions>
     <gpxdata:hr>158</gpxdata:hr>
     <gpxdata:distance>17900.50</gpxdata:distance>
     <gpxdata:speed>9.267</gpxdata:speed>
    </extensions>
   </trkpt>
   <trkpt lat="51.0176962" lon="13.8438407">
    <ele>115</ele>
    <time>2026-08-11T18:11:16Z</time>
    <extensions>
     <gpxdata:hr>158</gpxdata:hr>
     <gpxdata:distance>17910.00</gpxdata:distance>
     <gpxdata:speed>9.483</gpxdata:speed>
    </extensions>
   </trkpt>
   <trkpt lat="51.0177384" lon="13.8437212">
    <ele>115</ele>
    <time>2026-08-11T18:11:17Z</time>
    <extensions>
     <gpxdata:hr>158</gpxdata:hr>
     <gpxdata:distance>17919.50</gpxdata:distance>
     <gpxdata:speed>9.489</gpxdata:speed>
    </extensions>
   </trkpt>
   <trkpt lat="51.0177855" lon="13.8436057">
    <ele>115</ele>
    <time>2026-08-11T18:11:18Z</time>
    <extensions>
     <gpxdata:hr>160</gpxdata:hr>
     <gpxdata:distance>17929.00</gpxdata:distance>
     <gpxdata:speed>9.550</gpxdata:speed>
    </extensions>
   </trkpt>
   <trkpt lat="51.0178413" lon="13.8434999">
    <ele>115</ele>
    <time>2026-08-11T18:11:19Z</time>
    <extensions>
     <gpxdata:hr>160</gpxdata:hr>
     <gpxdata:distance>17939.00</gpxdata:distance>
     <gpxdata:speed>9.614</gpxdata:speed>
    </extensions>
   </trkpt>
   <trkpt lat="51.0179057" lon="13.8434073">
    <ele>115</ele>
    <time>2026-08-11T18:11:20Z</time>
    <extensions>
     <gpxdata:hr>159</gpxdata:hr>
     <gpxdata:distance>17949.00</gpxdata:distance>
     <gpxdata:speed>9.669</gpxdata:speed>
    </extensions>
   </trkpt>
   <trkpt lat="51.0179746" lon="13.8433238">
    <ele>115</ele>
    <time>2026-08-11T18:11:21Z</time>
    <extensions>
     <gpxdata:hr>160</gpxdata:hr>
     <gpxdata:distance>17958.50</gpxdata:distance>
     <gpxdata:speed>9.683</gpxdata:speed>
    </extensions>
   </trkpt>
   <trkpt lat="51.0180444" lon="13.8432449">
    <ele>115</ele>
    <time>2026-08-11T18:11:22Z</time>
    <extensions>
     <gpxdata:hr>160</gpxdata:hr>
     <gpxdata:distance>17968.00</gpxdata:distance>
     <gpxdata:speed>9.639</gpxdata:speed>
    </extensions>
   </trkpt>
   <trkpt lat="51.0181138" lon="13.8431672">
    <ele>115</ele>
    <time>2026-08-11T18:11:23Z</time>
    <extensions>
     <gpxdata:hr>160</gpxdata:hr>
     <gpxdata:distance>17977.50</gpxdata:distance>
     <gpxdata:speed>9.575</gpxdata:speed>
    </extensions>
   </trkpt>
   <trkpt lat="51.0181824" lon="13.8430893">
    <ele>115</ele>
    <time>2026-08-11T18:11:24Z</time>
    <extensions>
     <gpxdata:hr>160</gpxdata:hr>
     <gpxdata:distance>17987.00</gpxdata:distance>
     <gpxdata:speed>9.517</gpxdata:speed>
    </extensions>
   </trkpt>
   <trkpt lat="51.0182511" lon="13.8430114">
    <ele>115</ele>
    <time>2026-08-11T18:11:25Z</time>
    <extensions>
     <gpxdata:hr>160</gpxdata:hr>
     <gpxdata:distance>17996.50</gpxdata:distance>
     <gpxdata:speed>9.464</gpxdata:speed>
    </extensions>
   </trkpt>
   <trkpt lat="51.0183212" lon="13.8429348">
    <ele>115</ele>
    <time>2026-08-11T18:11:26Z</time>
    <extensions>
     <gpxdata:hr>160</gpxdata:hr>
     <gpxdata:distance>18006.00</gpxdata:distance>
     <gpxdata:speed>9.442</gpxdata:speed>
    </extensions>
   </trkpt>
   <trkpt lat="51.0183920" lon="13.8428597">
    <ele>116</ele>
    <time>2026-08-11T18:11:27Z</time>
    <extensions>
     <gpxdata:hr>159</gpxdata:hr>
     <gpxdata:distance>18015.50</gpxdata:distance>
     <gpxdata:speed>9.458</gpxdata:speed>
    </extensions>
   </trkpt>
   <trkpt lat="51.0184635" lon="13.8427861">
    <ele>116</ele>
    <time>2026-08-11T18:11:28Z</time>
    <extensions>
     <gpxdata:hr>159</gpxdata:hr>
     <gpxdata:distance>18025.00</gpxdata:distance>
     <gpxdata:speed>9.464</gpxdata:speed>
    </extensions>
   </trkpt>
   <trkpt lat="51.0185352" lon="13.8427124">
    <ele>115</ele>
    <time>2026-08-11T18:11:29Z</time>
    <extensions>
     <gpxdata:hr>159</gpxdata:hr>
     <gpxdata:distance>18034.50</gpxdata:distance>
     <gpxdata:speed>9.467</gpxdata:speed>
    </extensions>
   </trkpt>
   <trkpt lat="51.0186062" lon="13.8426369">
    <ele>115</ele>
    <time>2026-08-11T18:11:30Z</time>
    <extensions>
     <gpxdata:hr>159</gpxdata:hr>
     <gpxdata:distance>18044.00</gpxdata:distance>
     <gpxdata:speed>9.481</gpxdata:speed>
    </extensions>
   </trkpt>
   <trkpt lat="51.0186768" lon="13.8425607">
    <ele>115</ele>
    <time>2026-08-11T18:11:31Z</time>
    <extensions>
     <gpxdata:hr>160</gpxdata:hr>
     <gpxdata:distance>18053.50</gpxdata:distance>
     <gpxdata:speed>9.489</gpxdata:speed>
    </extensions>
   </trkpt>
   <trkpt lat="51.0187482" lon="13.8424857">
    <ele>115</ele>
    <time>2026-08-11T18:11:32Z</time>
    <extensions>
     <gpxdata:hr>159</gpxdata:hr>
     <gpxdata:distance>18063.00</gpxdata:distance>
     <gpxdata:speed>9.494</gpxdata:speed>
    </extensions>
   </trkpt>
   <trkpt lat="51.0188212" lon="13.8424136">
    <ele>115</ele>
    <time>2026-08-11T18:11:33Z</time>
    <extensions>
     <gpxdata:hr>159</gpxdata:hr>
     <gpxdata:distance>18072.50</gpxdata:distance>
     <gpxdata:speed>9.508</gpxdata:speed>
    </extensions>
   </trkpt>
   <trkpt lat="51.0188960" lon="13.8423464">
    <ele>116</ele>
    <time>2026-08-11T18:11:34Z</time>
    <extensions>
     <gpxdata:hr>160</gpxdata:hr>
     <gpxdata:distance>18082.00</gpxdata:distance>
     <gpxdata:speed>9.536</gpxdata:speed>
    </extensions>
   </trkpt>
   <trkpt lat="51.0189720" lon="13.8422826">
    <ele>116</ele>
    <time>2026-08-11T18:11:35Z</time>
    <extensions>
     <gpxdata:hr>160</gpxdata:hr>
     <gpxdata:distance>18091.50</gpxdata:distance>
     <gpxdata:speed>9.550</gpxdata:speed>
    </extensions>
   </trkpt>
   <trkpt lat="51.0190474" lon="13.8422178">
    <ele>116</ele>
    <time>2026-08-11T18:11:36Z</time>
    <extensions>
     <gpxdata:hr>159</gpxdata:hr>
     <gpxdata:distance>18101.00</gpxdata:distance>
     <gpxdata:speed>9.556</gpxdata:speed>
    </extensions>
   </trkpt>
   <trkpt lat="51.0191223" lon="13.8421517">
    <ele>116</ele>
    <time>2026-08-11T18:11:37Z</time>
    <extensions>
     <gpxdata:hr>160</gpxdata:hr>
     <gpxdata:distance>18110.50</gpxdata:distance>
     <gpxdata:speed>9.553</gpxdata:speed>
    </extensions>
   </trkpt>
   <trkpt lat="51.0191971" lon="13.8420864">
    <ele>116</ele>
    <time>2026-08-11T18:11:38Z</time>
    <extensions>
     <gpxdata:hr>160</gpxdata:hr>
     <gpxdata:distance>18120.00</gpxdata:distance>
     <gpxdata:speed>9.544</gpxdata:speed>
    </extensions>
   </trkpt>
   <trkpt lat="51.0192727" lon="13.8420247">
    <ele>116</ele>
    <time>2026-08-11T18:11:39Z</time>
    <extensions>
     <gpxdata:hr>160</gpxdata:hr>
     <gpxdata:distance>18129.50</gpxdata:distance>
     <gpxdata:speed>9.528</gpxdata:speed>
    </extensions>
   </trkpt>
   <trkpt lat="51.0193501" lon="13.8419736">
    <ele>116</ele>
    <time>2026-08-11T18:11:40Z</time>
    <extensions>
     <gpxdata:hr>160</gpxdata:hr>
     <gpxdata:distance>18139.00</gpxdata:distance>
     <gpxdata:speed>9.508</gpxdata:speed>
    </extensions>
   </trkpt>
   <trkpt lat="51.0194281" lon="13.8419334">
    <ele>116</ele>
    <time>2026-08-11T18:11:41Z</time>
    <extensions>
     <gpxdata:hr>160</gpxdata:hr>
     <gpxdata:distance>18148.00</gpxdata:distance>
     <gpxdata:speed>9.447</gpxdata:speed>
    </extensions>
   </trkpt>
   <trkpt lat="51.0195062" lon="13.8419001">
    <ele>116</ele>
    <time>2026-08-11T18:11:42Z</time>
    <extensions>
     <gpxdata:hr>159</gpxdata:hr>
     <gpxdata:distance>18157.00</gpxdata:distance>
     <gpxdata:speed>9.333</gpxdata:speed>
    </extensions>
   </trkpt>
   <trkpt lat="51.0195830" lon="13.8418706">
    <ele>116</ele>
    <time>2026-08-11T18:11:43Z</time>
    <extensions>
     <gpxdata:hr>159</gpxdata:hr>
     <gpxdata:distance>18166.00</gpxdata:distance>
     <gpxdata:speed>9.083</gpxdata:speed>
    </extensions>
   </trkpt>
   <trkpt lat="51.0196547" lon="13.8418387">
    <ele>116</ele>
    <time>2026-08-11T18:11:44Z</time>
    <extensions>
     <gpxdata:hr>160</gpxdata:hr>
     <gpxdata:distance>18175.00</gpxdata:distance>
     <gpxdata:speed>8.847</gpxdata:speed>
    </extensions>
   </trkpt>
   <trkpt lat="51.0197177" lon="13.8418096">
    <ele>115</ele>
    <time>2026-08-11T18:11:45Z</time>
    <extensions>
     <gpxdata:hr>160</gpxdata:hr>
     <gpxdata:distance>18182.00</gpxdata:distance>
     <gpxdata:speed>8.361</gpxdata:speed>
    </extensions>
   </trkpt>
   <trkpt lat="51.0197754" lon="13.8417979">
    <ele>115</ele>
    <time>2026-08-11T18:11:46Z</time>
    <extensions>
     <gpxdata:hr>159</gpxdata:hr>
     <gpxdata:distance>18189.00</gpxdata:distance>
     <gpxdata:speed>7.381</gpxdata:speed>
    </extensions>
   </trkpt>
   <trkpt lat="51.0198223" lon="13.8418353">
    <ele>115</ele>
    <time>2026-08-11T18:11:47Z</time>
    <extensions>
     <gpxdata:hr>159</gpxdata:hr>
     <gpxdata:distance>18195.50</gpxdata:distance>
     <gpxdata:speed>6.808</gpxdata:speed>
    </extensions>
   </trkpt>
   <trkpt lat="51.0198597" lon="13.8419134">
    <ele>115</ele>
    <time>2026-08-11T18:11:48Z</time>
    <extensions>
     <gpxdata:hr>158</gpxdata:hr>
     <gpxdata:distance>18202.00</gpxdata:distance>
     <gpxdata:speed>7.053</gpxdata:speed>
    </extensions>
   </trkpt>
   <trkpt lat="51.0198934" lon="13.8420115">
    <ele>114</ele>
    <time>2026-08-11T18:11:49Z</time>
    <extensions>
     <gpxdata:hr>157</gpxdata:hr>
     <gpxdata:distance>18210.00</gpxdata:distance>
     <gpxdata:speed>7.436</gpxdata:speed>
    </extensions>
   </trkpt>
   <trkpt lat="51.0199277" lon="13.8421163">
    <ele>114</ele>
    <time>2026-08-11T18:11:50Z</time>
    <extensions>
     <gpxdata:hr>156</gpxdata:hr>
     <gpxdata:distance>18218.00</gpxdata:distance>
     <gpxdata:speed>7.714</gpxdata:speed>
    </extensions>
   </trkpt>
   <trkpt lat="51.0199638" lon="13.8422249">
    <ele>114</ele>
    <time>2026-08-11T18:11:51Z</time>
    <extensions>
     <gpxdata:hr>155</gpxdata:hr>
     <gpxdata:distance>18226.00</gpxdata:distance>
     <gpxdata:speed>7.936</gpxdata:speed>
    </extensions>
   </trkpt>
   <trkpt lat="51.0200008" lon="13.8423350">
    <ele>114</ele>
    <time>2026-08-11T18:11:52Z</time>
    <extensions>
     <gpxdata:hr>155</gpxdata:hr>
     <gpxdata:distance>18234.00</gpxdata:distance>
     <gpxdata:speed>8.117</gpxdata:speed>
    </extensions>
   </trkpt>
   <trkpt lat="51.0200406" lon="13.8424448">
    <ele>113</ele>
    <time>2026-08-11T18:11:53Z</time>
    <extensions>
     <gpxdata:hr>154</gpxdata:hr>
     <gpxdata:distance>18243.00</gpxdata:distance>
     <gpxdata:speed>8.278</gpxdata:speed>
    </extensions>
   </trkpt>
   <trkpt lat="51.0200817" lon="13.8425524">
    <ele>113</ele>
    <time>2026-08-11T18:11:54Z</time>
    <extensions>
     <gpxdata:hr>154</gpxdata:hr>
     <gpxdata:distance>18252.00</gpxdata:distance>
     <gpxdata:speed>8.456</gpxdata:speed>
    </extensions>
   </trkpt>
   <trkpt lat="51.0201237" lon="13.8426582">
    <ele>113</ele>
    <time>2026-08-11T18:11:55Z</time>
    <extensions>
     <gpxdata:hr>152</gpxdata:hr>
     <gpxdata:distance>18260.50</gpxdata:distance>
     <gpxdata:speed>8.656</gpxdata:speed>
    </extensions>
   </trkpt>
   <trkpt lat="51.0201668" lon="13.8427631">
    <ele>113</ele>
    <time>2026-08-11T18:11:56Z</time>
    <extensions>
     <gpxdata:hr>152</gpxdata:hr>
     <gpxdata:distance>18269.00</gpxdata:distance>
     <gpxdata:speed>8.689</gpxdata:speed>
    </extensions>
   </trkpt>
   <trkpt lat="51.0202062" lon="13.8428697">
    <ele>113</ele>
    <time>2026-08-11T18:11:57Z</time>
    <extensions>
     <gpxdata:hr>151</gpxdata:hr>
     <gpxdata:distance>18278.00</gpxdata:distance>
     <gpxdata:speed>8.756</gpxdata:speed>
    </extensions>
   </trkpt>
   <trkpt lat="51.0202419" lon="13.8429771">
    <ele>113</ele>
    <time>2026-08-11T18:11:58Z</time>
    <extensions>
     <gpxdata:hr>151</gpxdata:hr>
     <gpxdata:distance>18287.00</gpxdata:distance>
     <gpxdata:speed>8.667</gpxdata:speed>
    </extensions>
   </trkpt>
   <trkpt lat="51.0202764" lon="13.8430780">
    <ele>113</ele>
    <time>2026-08-11T18:11:59Z</time>
    <extensions>
     <gpxdata:hr>150</gpxdata:hr>
     <gpxdata:distance>18295.00</gpxdata:distance>
     <gpxdata:speed>8.528</gpxdata:speed>
    </extensions>
   </trkpt>
   <trkpt lat="51.0203081" lon="13.8431666">
    <ele>112</ele>
    <time>2026-08-11T18:12:00Z</time>
    <extensions>
     <gpxdata:hr>149</gpxdata:hr>
     <gpxdata:distance>18303.00</gpxdata:distance>
     <gpxdata:speed>8.094</gpxdata:speed>
    </extensions>
   </trkpt>
   <trkpt lat="51.0203329" lon="13.8432381">
    <ele>112</ele>
    <time>2026-08-11T18:12:01Z</time>
    <extensions>
     <gpxdata:hr>148</gpxdata:hr>
     <gpxdata:distance>18308.00</gpxdata:distance>
     <gpxdata:speed>7.272</gpxdata:speed>
    </extensions>
   </trkpt>
   <trkpt lat="51.0203503" lon="13.8432899">
    <ele>112</ele>
    <time>2026-08-11T18:12:02Z</time>
    <extensions>
     <gpxdata:hr>146</gpxdata:hr>
     <gpxdata:distance>18313.00</gpxdata:distance>
     <gpxdata:speed>7.158</gpxdata:speed>
    </extensions>
   </trkpt>
   <trkpt lat="51.0203604" lon="13.8433123">
    <ele>112</ele>
    <time>2026-08-11T18:12:03Z</time>
    <extensions>
     <gpxdata:hr>145</gpxdata:hr>
     <gpxdata:distance>18315.50</gpxdata:distance>
     <gpxdata:speed>4.411</gpxdata:speed>
    </extensions>
   </trkpt>
   <trkpt lat="51.0203754" lon="13.8433172">
    <ele>112</ele>
    <time>2026-08-11T18:12:04Z</time>
    <extensions>
     <gpxdata:hr>144</gpxdata:hr>
     <gpxdata:distance>18318.00</gpxdata:distance>
     <gpxdata:speed>3.169</gpxdata:speed>
    </extensions>
   </trkpt>
   <trkpt lat="51.0203979" lon="13.8432967">
    <ele>111</ele>
    <time>2026-08-11T18:12:05Z</time>
    <extensions>
     <gpxdata:hr>143</gpxdata:hr>
     <gpxdata:distance>18322.00</gpxdata:distance>
     <gpxdata:speed>3.169</gpxdata:speed>
    </extensions>
   </trkpt>
   <trkpt lat="51.0204282" lon="13.8432597">
    <ele>111</ele>
    <time>2026-08-11T18:12:06Z</time>
    <extensions>
     <gpxdata:hr>142</gpxdata:hr>
     <gpxdata:distance>18326.00</gpxdata:distance>
     <gpxdata:speed>3.981</gpxdata:speed>
    </extensions>
   </trkpt>
   <trkpt lat="51.0204643" lon="13.8432161">
    <ele>111</ele>
    <time>2026-08-11T18:12:07Z</time>
    <extensions>
     <gpxdata:hr>141</gpxdata:hr>
     <gpxdata:distance>18331.00</gpxdata:distance>
     <gpxdata:speed>4.736</gpxdata:speed>
    </extensions>
   </trkpt>
   <trkpt lat="51.0205057" lon="13.8431691">
    <ele>111</ele>
    <time>2026-08-11T18:12:08Z</time>
    <extensions>
     <gpxdata:hr>139</gpxdata:hr>
     <gpxdata:distance>18336.00</gpxdata:distance>
     <gpxdata:speed>5.047</gpxdata:speed>
    </extensions>
   </trkpt>
   <trkpt lat="51.0205502" lon="13.8431209">
    <ele>111</ele>
    <time>2026-08-11T18:12:09Z</time>
    <extensions>
     <gpxdata:hr>138</gpxdata:hr>
     <gpxdata:distance>18342.50</gpxdata:distance>
     <gpxdata:speed>5.572</gpxdata:speed>
    </extensions>
   </trkpt>
   <trkpt lat="51.0205947" lon="13.8430727">
    <ele>111</ele>
    <time>2026-08-11T18:12:10Z</time>
    <extensions>
     <gpxdata:hr>137</gpxdata:hr>
     <gpxdata:distance>18349.00</gpxdata:distance>
     <gpxdata:speed>5.867</gpxdata:speed>
    </extensions>
   </trkpt>
   <trkpt lat="51.0206403" lon="13.8430256">
    <ele>111</ele>
    <time>2026-08-11T18:12:11Z</time>
    <extensions>
     <gpxdata:hr>137</gpxdata:hr>
     <gpxdata:distance>18355.00</gpxdata:distance>
     <gpxdata:speed>5.814</gpxdata:speed>
    </extensions>
   </trkpt>
   <trkpt lat="51.0206892" lon="13.8429779">
    <ele>111</ele>
    <time>2026-08-11T18:12:12Z</time>
    <extensions>
     <gpxdata:hr>137</gpxdata:hr>
     <gpxdata:distance>18361.00</gpxdata:distance>
     <gpxdata:speed>5.686</gpxdata:speed>
    </extensions>
   </trkpt>
   <trkpt lat="51.0207596" lon="13.8429140">
    <ele>111</ele>
    <time>2026-08-11T18:12:13Z</time>
    <extensions>
     <gpxdata:hr>137</gpxdata:hr>
     <gpxdata:distance>18368.00</gpxdata:distance>
     <gpxdata:speed>6.414</gpxdata:speed>
    </extensions>
   </trkpt>
   <trkpt lat="51.0208174" lon="13.8428663">
    <ele>111</ele>
    <time>2026-08-11T18:12:14Z</time>
    <extensions>
     <gpxdata:hr>137</gpxdata:hr>
     <gpxdata:distance>18375.00</gpxdata:distance>
     <gpxdata:speed>6.792</gpxdata:speed>
    </extensions>
   </trkpt>
   <trkpt lat="51.0208752" lon="13.8428221">
    <ele>111</ele>
    <time>2026-08-11T18:12:15Z</time>
    <extensions>
     <gpxdata:hr>137</gpxdata:hr>
     <gpxdata:distance>18382.00</gpxdata:distance>
     <gpxdata:speed>6.900</gpxdata:speed>
    </extensions>
   </trkpt>
   <trkpt lat="51.0209337" lon="13.8427803">
    <ele>111</ele>
    <time>2026-08-11T18:12:16Z</time>
    <extensions>
     <gpxdata:hr>135</gpxdata:hr>
     <gpxdata:distance>18389.00</gpxdata:distance>
     <gpxdata:speed>7.014</gpxdata:speed>
    </extensions>
   </trkpt>
   <trkpt lat="51.0209929" lon="13.8427419">
    <ele>111</ele>
    <time>2026-08-11T18:12:17Z</time>
    <extensions>
     <gpxdata:hr>135</gpxdata:hr>
     <gpxdata:distance>18396.00</gpxdata:distance>
     <gpxdata:speed>7.069</gpxdata:speed>
    </extensions>
   </trkpt>
   <trkpt lat="51.0210518" lon="13.8427055">
    <ele>111</ele>
    <time>2026-08-11T18:12:18Z</time>
    <extensions>
     <gpxdata:hr>134</gpxdata:hr>
     <gpxdata:distance>18403.00</gpxdata:distance>
     <gpxdata:speed>7.067</gpxdata:speed>
    </extensions>
   </trkpt>
   <trkpt lat="51.0211096" lon="13.8426669">
    <ele>111</ele>
    <time>2026-08-11T18:12:19Z</time>
    <extensions>
     <gpxdata:hr>134</gpxdata:hr>
     <gpxdata:distance>18410.00</gpxdata:distance>
     <gpxdata:speed>7.019</gpxdata:speed>
    </extensions>
   </trkpt>
   <trkpt lat="51.0211653" lon="13.8426249">
    <ele>111</ele>
    <time>2026-08-11T18:12:20Z</time>
    <extensions>
     <gpxdata:hr>133</gpxdata:hr>
     <gpxdata:distance>18417.00</gpxdata:distance>
     <gpxdata:speed>7.022</gpxdata:speed>
    </extensions>
   </trkpt>
   <trkpt lat="51.0212193" lon="13.8425811">
    <ele>111</ele>
    <time>2026-08-11T18:12:21Z</time>
    <extensions>
     <gpxdata:hr>132</gpxdata:hr>
     <gpxdata:distance>18423.50</gpxdata:distance>
     <gpxdata:speed>6.975</gpxdata:speed>
    </extensions>
   </trkpt>
   <trkpt lat="51.0212716" lon="13.8425358">
    <ele>111</ele>
    <time>2026-08-11T18:12:22Z</time>
    <extensions>
     <gpxdata:hr>132</gpxdata:hr>
     <gpxdata:distance>18430.00</gpxdata:distance>
     <gpxdata:speed>6.794</gpxdata:speed>
    </extensions>
   </trkpt>
   <trkpt lat="51.0213233" lon="13.8424910">
    <ele>111</ele>
    <time>2026-08-11T18:12:23Z</time>
    <extensions>
     <gpxdata:hr>131</gpxdata:hr>
     <gpxdata:distance>18436.50</gpxdata:distance>
     <gpxdata:speed>6.728</gpxdata:speed>
    </extensions>
   </trkpt>
   <trkpt lat="51.0213762" lon="13.8424455">
    <ele>111</ele>
    <time>2026-08-11T18:12:24Z</time>
    <extensions>
     <gpxdata:hr>129</gpxdata:hr>
     <gpxdata:distance>18443.00</gpxdata:distance>
     <gpxdata:speed>6.678</gpxdata:speed>
    </extensions>
   </trkpt>
   <trkpt lat="51.0214291" lon="13.8424002">
    <ele>111</ele>
    <time>2026-08-11T18:12:25Z</time>
    <extensions>
     <gpxdata:hr>129</gpxdata:hr>
     <gpxdata:distance>18450.00</gpxdata:distance>
     <gpxdata:speed>6.706</gpxdata:speed>
    </extensions>
   </trkpt>
   <trkpt lat="51.0214813" lon="13.8423541">
    <ele>111</ele>
    <time>2026-08-11T18:12:26Z</time>
    <extensions>
     <gpxdata:hr>128</gpxdata:hr>
     <gpxdata:distance>18457.00</gpxdata:distance>
     <gpxdata:speed>6.697</gpxdata:speed>
    </extensions>
   </trkpt>
   <trkpt lat="51.0215333" lon="13.8423067">
    <ele>111</ele>
    <time>2026-08-11T18:12:27Z</time>
    <extensions>
     <gpxdata:hr>127</gpxdata:hr>
     <gpxdata:distance>18463.50</gpxdata:distance>
     <gpxdata:speed>6.675</gpxdata:speed>
    </extensions>
   </trkpt>
   <trkpt lat="51.0215854" lon="13.8422587">
    <ele>111</ele>
    <time>2026-08-11T18:12:28Z</time>
    <extensions>
     <gpxdata:hr>127</gpxdata:hr>
     <gpxdata:distance>18470.00</gpxdata:distance>
     <gpxdata:speed>6.678</gpxdata:speed>
    </extensions>
   </trkpt>
   <trkpt lat="51.0216393" lon="13.8422124">
    <ele>111</ele>
    <time>2026-08-11T18:12:29Z</time>
    <extensions>
     <gpxdata:hr>127</gpxdata:hr>
     <gpxdata:distance>18477.00</gpxdata:distance>
     <gpxdata:speed>6.689</gpxdata:speed>
    </extensions>
   </trkpt>
   <trkpt lat="51.0216954" lon="13.8421678">
    <ele>111</ele>
    <time>2026-08-11T18:12:30Z</time>
    <extensions>
     <gpxdata:hr>127</gpxdata:hr>
     <gpxdata:distance>18484.00</gpxdata:distance>
     <gpxdata:speed>6.742</gpxdata:speed>
    </extensions>
   </trkpt>
   <trkpt lat="51.0217528" lon="13.8421234">
    <ele>111</ele>
    <time>2026-08-11T18:12:31Z</time>
    <extensions>
     <gpxdata:hr>127</gpxdata:hr>
     <gpxdata:distance>18491.00</gpxdata:distance>
     <gpxdata:speed>6.836</gpxdata:speed>
    </extensions>
   </trkpt>
   <trkpt lat="51.0218099" lon="13.8420786">
    <ele>111</ele>
    <time>2026-08-11T18:12:32Z</time>
    <extensions>
     <gpxdata:hr>127</gpxdata:hr>
     <gpxdata:distance>18498.00</gpxdata:distance>
     <gpxdata:speed>6.928</gpxdata:speed>
    </extensions>
   </trkpt>
   <trkpt lat="51.0218653" lon="13.8420329">
    <ele>111</ele>
    <time>2026-08-11T18:12:33Z</time>
    <extensions>
     <gpxdata:hr>127</gpxdata:hr>
     <gpxdata:distance>18505.00</gpxdata:distance>
     <gpxdata:speed>6.972</gpxdata:speed>
    </extensions>
   </trkpt>
   <trkpt lat="51.0219194" lon="13.8419858">
    <ele>111</ele>
    <time>2026-08-11T18:12:34Z</time>
    <extensions>
     <gpxdata:hr>128</gpxdata:hr>
     <gpxdata:distance>18512.00</gpxdata:distance>
     <gpxdata:speed>6.956</gpxdata:speed>
    </extensions>
   </trkpt>
   <trkpt lat="51.0219728" lon="13.8419377">
    <ele>111</ele>
    <time>2026-08-11T18:12:35Z</time>
    <extensions>
     <gpxdata:hr>128</gpxdata:hr>
     <gpxdata:distance>18519.00</gpxdata:distance>
     <gpxdata:speed>6.928</gpxdata:speed>
    </extensions>
   </trkpt>
   <trkpt lat="51.0220258" lon="13.8418898">
    <ele>111</ele>
    <time>2026-08-11T18:12:36Z</time>
    <extensions>
     <gpxdata:hr>128</gpxdata:hr>
     <gpxdata:distance>18526.00</gpxdata:distance>
     <gpxdata:speed>6.900</gpxdata:speed>
    </extensions>
   </trkpt>
   <trkpt lat="51.0220813" lon="13.8418421">
    <ele>111</ele>
    <time>2026-08-11T18:12:37Z</time>
    <extensions>
     <gpxdata:hr>128</gpxdata:hr>
     <gpxdata:distance>18533.00</gpxdata:distance>
     <gpxdata:speed>6.867</gpxdata:speed>
    </extensions>
   </trkpt>
   <trkpt lat="51.0221394" lon="13.8417953">
    <ele>111</ele>
    <time>2026-08-11T18:12:38Z</time>
    <extensions>
     <gpxdata:hr>129</gpxdata:hr>
     <gpxdata:distance>18540.00</gpxdata:distance>
     <gpxdata:speed>6.947</gpxdata:speed>
    </extensions>
   </trkpt>
   <trkpt lat="51.0221979" lon="13.8417481">
    <ele>111</ele>
    <time>2026-08-11T18:12:39Z</time>
    <extensions>
     <gpxdata:hr>129</gpxdata:hr>
     <gpxdata:distance>18547.00</gpxdata:distance>
     <gpxdata:speed>7.069</gpxdata:speed>
    </extensions>
   </trkpt>
   <trkpt lat="51.0222566" lon="13.8416995">
    <ele>111</ele>
    <time>2026-08-11T18:12:40Z</time>
    <extensions>
     <gpxdata:hr>127</gpxdata:hr>
     <gpxdata:distance>18554.00</gpxdata:distance>
     <gpxdata:speed>7.147</gpxdata:speed>
    </extensions>
   </trkpt>
   <trkpt lat="51.0223135" lon="13.8416495">
    <ele>111</ele>
    <time>2026-08-11T18:12:41Z</time>
    <extensions>
     <gpxdata:hr>127</gpxdata:hr>
     <gpxdata:distance>18561.50</gpxdata:distance>
     <gpxdata:speed>7.222</gpxdata:speed>
    </extensions>
   </trkpt>
   <trkpt lat="51.0223695" lon="13.8415983">
    <ele>111</ele>
    <time>2026-08-11T18:12:42Z</time>
    <extensions>
     <gpxdata:hr>127</gpxdata:hr>
     <gpxdata:distance>18569.00</gpxdata:distance>
     <gpxdata:speed>7.211</gpxdata:speed>
    </extensions>
   </trkpt>
   <trkpt lat="51.0224272" lon="13.8415487">
    <ele>111</ele>
    <time>2026-08-11T18:12:43Z</time>
    <extensions>
     <gpxdata:hr>126</gpxdata:hr>
     <gpxdata:distance>18576.00</gpxdata:distance>
     <gpxdata:speed>7.206</gpxdata:speed>
    </extensions>
   </trkpt>
   <trkpt lat="51.0224877" lon="13.8415044">
    <ele>111</ele>
    <time>2026-08-11T18:12:44Z</time>
    <extensions>
     <gpxdata:hr>126</gpxdata:hr>
     <gpxdata:distance>18583.00</gpxdata:distance>
     <gpxdata:speed>7.258</gpxdata:speed>
    </extensions>
   </trkpt>
   <trkpt lat="51.0225494" lon="13.8414645">
    <ele>111</ele>
    <time>2026-08-11T18:12:45Z</time>
    <extensions>
     <gpxdata:hr>127</gpxdata:hr>
     <gpxdata:distance>18590.50</gpxdata:distance>
     <gpxdata:speed>7.333</gpxdata:speed>
    </extensions>
   </trkpt>
   <trkpt lat="51.0226109" lon="13.8414261">
    <ele>111</ele>
    <time>2026-08-11T18:12:46Z</time>
    <extensions>
     <gpxdata:hr>127</gpxdata:hr>
     <gpxdata:distance>18598.00</gpxdata:distance>
     <gpxdata:speed>7.361</gpxdata:speed>
    </extensions>
   </trkpt>
   <trkpt lat="51.0226723" lon="13.8413872">
    <ele>111</ele>
    <time>2026-08-11T18:12:47Z</time>
    <extensions>
     <gpxdata:hr>126</gpxdata:hr>
     <gpxdata:distance>18605.50</gpxdata:distance>
     <gpxdata:speed>7.361</gpxdata:speed>
    </extensions>
   </trkpt>
   <trkpt lat="51.0227337" lon="13.8413485">
    <ele>111</ele>
    <time>2026-08-11T18:12:48Z</time>
    <extensions>
     <gpxdata:hr>125</gpxdata:hr>
     <gpxdata:distance>18613.00</gpxdata:distance>
     <gpxdata:speed>7.361</gpxdata:speed>
    </extensions>
   </trkpt>
   <trkpt lat="51.0227955" lon="13.8413081">
    <ele>111</ele>
    <time>2026-08-11T18:12:49Z</time>
    <extensions>
     <gpxdata:hr>124</gpxdata:hr>
     <gpxdata:distance>18620.50</gpxdata:distance>
     <gpxdata:speed>7.361</gpxdata:speed>
    </extensions>
   </trkpt>
   <trkpt lat="51.0228582" lon="13.8412667">
    <ele>111</ele>
    <time>2026-08-11T18:12:50Z</time>
    <extensions>
     <gpxdata:hr>123</gpxdata:hr>
     <gpxdata:distance>18628.00</gpxdata:distance>
     <gpxdata:speed>7.392</gpxdata:speed>
    </extensions>
   </trkpt>
   <trkpt lat="51.0229226" lon="13.8412250">
    <ele>111</ele>
    <time>2026-08-11T18:12:51Z</time>
    <extensions>
     <gpxdata:hr>122</gpxdata:hr>
     <gpxdata:distance>18635.50</gpxdata:distance>
     <gpxdata:speed>7.458</gpxdata:speed>
    </extensions>
   </trkpt>
   <trkpt lat="51.0229890" lon="13.8411812">
    <ele>111</ele>
    <time>2026-08-11T18:12:52Z</time>
    <extensions>
     <gpxdata:hr>122</gpxdata:hr>
     <gpxdata:distance>18643.00</gpxdata:distance>
     <gpxdata:speed>7.569</gpxdata:speed>
    </extensions>
   </trkpt>
   <trkpt lat="51.0230568" lon="13.8411331">
    <ele>112</ele>
    <time>2026-08-11T18:12:53Z</time>
    <extensions>
     <gpxdata:hr>122</gpxdata:hr>
     <gpxdata:distance>18651.50</gpxdata:distance>
     <gpxdata:speed>7.733</gpxdata:speed>
    </extensions>
   </trkpt>
   <trkpt lat="51.0231251" lon="13.8410812">
    <ele>112</ele>
    <time>2026-08-11T18:12:54Z</time>
    <extensions>
     <gpxdata:hr>123</gpxdata:hr>
     <gpxdata:distance>18660.00</gpxdata:distance>
     <gpxdata:speed>8.047</gpxdata:speed>
    </extensions>
   </trkpt>
   <trkpt lat="51.0231929" lon="13.8410289">
    <ele>112</ele>
    <time>2026-08-11T18:12:55Z</time>
    <extensions>
     <gpxdata:hr>124</gpxdata:hr>
     <gpxdata:distance>18668.50</gpxdata:distance>
     <gpxdata:speed>8.283</gpxdata:speed>
    </extensions>
   </trkpt>
   <trkpt lat="51.0232598" lon="13.8409781">
    <ele>112</ele>
    <time>2026-08-11T18:12:56Z</time>
    <extensions>
     <gpxdata:hr>125</gpxdata:hr>
     <gpxdata:distance>18677.00</gpxdata:distance>
     <gpxdata:speed>8.303</gpxdata:speed>
    </extensions>
   </trkpt>
   <trkpt lat="51.0233254" lon="13.8409285">
    <ele>112</ele>
    <time>2026-08-11T18:12:57Z</time>
    <extensions>
     <gpxdata:hr>127</gpxdata:hr>
     <gpxdata:distance>18685.00</gpxdata:distance>
     <gpxdata:speed>8.217</gpxdata:speed>
    </extensions>
   </trkpt>
   <trkpt lat="51.0233894" lon="13.8408795">
    <ele>112</ele>
    <time>2026-08-11T18:12:58Z</time>
    <extensions>
     <gpxdata:hr>130</gpxdata:hr>
     <gpxdata:distance>18693.00</gpxdata:distance>
     <gpxdata:speed>8.114</gpxdata:speed>
    </extensions>
   </trkpt>
   <trkpt lat="51.0234517" lon="13.8408316">
    <ele>112</ele>
    <time>2026-08-11T18:12:59Z</time>
    <extensions>
     <gpxdata:hr>132</gpxdata:hr>
     <gpxdata:distance>18700.50</gpxdata:distance>
     <gpxdata:speed>7.967</gpxdata:speed>
    </extensions>
   </trkpt>
   <trkpt lat="51.0235133" lon="13.8407875">
    <ele>112</ele>
    <time>2026-08-11T18:13:00Z</time>
    <extensions>
     <gpxdata:hr>134</gpxdata:hr>
     <gpxdata:distance>18708.00</gpxdata:distance>
     <gpxdata:speed>7.850</gpxdata:speed>
    </extensions>
   </trkpt>
   <trkpt lat="51.0235755" lon="13.8407459">
    <ele>112</ele>
    <time>2026-08-11T18:13:01Z</time>
    <extensions>
     <gpxdata:hr>135</gpxdata:hr>
     <gpxdata:distance>18715.50</gpxdata:distance>
     <gpxdata:speed>7.728</gpxdata:speed>
    </extensions>
   </trkpt>
   <trkpt lat="51.0236391" lon="13.8407080">
    <ele>112</ele>
    <time>2026-08-11T18:13:02Z</time>
    <extensions>
     <gpxdata:hr>136</gpxdata:hr>
     <gpxdata:distance>18723.00</gpxdata:distance>
     <gpxdata:speed>7.664</gpxdata:speed>
    </extensions>
   </trkpt>
   <trkpt lat="51.0237001" lon="13.8406748">
    <ele>112</ele>
    <time>2026-08-11T18:13:03Z</time>
    <extensions>
     <gpxdata:hr>135</gpxdata:hr>
     <gpxdata:distance>18730.00</gpxdata:distance>
     <gpxdata:speed>7.647</gpxdata:speed>
    </extensions>
   </trkpt>
   <trkpt lat="51.0237570" lon="13.8406442">
    <ele>112</ele>
    <time>2026-08-11T18:13:04Z</time>
    <extensions>
     <gpxdata:hr>135</gpxdata:hr>
     <gpxdata:distance>18737.00</gpxdata:distance>
     <gpxdata:speed>7.217</gpxdata:speed>
    </extensions>
   </trkpt>
   <trkpt lat="51.0238136" lon="13.8406126">
    <ele>112</ele>
    <time>2026-08-11T18:13:05Z</time>
    <extensions>
     <gpxdata:hr>135</gpxdata:hr>
     <gpxdata:distance>18744.00</gpxdata:distance>
     <gpxdata:speed>6.769</gpxdata:speed>
    </extensions>
   </trkpt>
   <trkpt lat="51.0238738" lon="13.8405792">
    <ele>112</ele>
    <time>2026-08-11T18:13:06Z</time>
    <extensions>
     <gpxdata:hr>135</gpxdata:hr>
     <gpxdata:distance>18751.00</gpxdata:distance>
     <gpxdata:speed>6.797</gpxdata:speed>
    </extensions>
   </trkpt>
   <trkpt lat="51.0239372" lon="13.8405441">
    <ele>112</ele>
    <time>2026-08-11T18:13:07Z</time>
    <extensions>
     <gpxdata:hr>135</gpxdata:hr>
     <gpxdata:distance>18758.50</gpxdata:distance>
     <gpxdata:speed>7.158</gpxdata:speed>
    </extensions>
   </trkpt>
   <trkpt lat="51.0240018" lon="13.8405095">
    <ele>112</ele>
    <time>2026-08-11T18:13:08Z</time>
    <extensions>
     <gpxdata:hr>133</gpxdata:hr>
     <gpxdata:distance>18766.00</gpxdata:distance>
     <gpxdata:speed>7.428</gpxdata:speed>
    </extensions>
   </trkpt>
   <trkpt lat="51.0240661" lon="13.8404730">
    <ele>112</ele>
    <time>2026-08-11T18:13:09Z</time>
    <extensions>
     <gpxdata:hr>133</gpxdata:hr>
     <gpxdata:distance>18773.50</gpxdata:distance>
     <gpxdata:speed>7.497</gpxdata:speed>
    </extensions>
   </trkpt>
   <trkpt lat="51.0241278" lon="13.8404345">
    <ele>112</ele>
    <time>2026-08-11T18:13:10Z</time>
    <extensions>
     <gpxdata:hr>133</gpxdata:hr>
     <gpxdata:distance>18781.00</gpxdata:distance>
     <gpxdata:speed>7.503</gpxdata:speed>
    </extensions>
   </trkpt>
   <trkpt lat="51.0241854" lon="13.8403943">
    <ele>112</ele>
    <time>2026-08-11T18:13:11Z</time>
    <extensions>
     <gpxdata:hr>133</gpxdata:hr>
     <gpxdata:distance>18788.00</gpxdata:distance>
     <gpxdata:speed>7.428</gpxdata:speed>
    </extensions>
   </trkpt>
   <trkpt lat="51.0242403" lon="13.8403528">
    <ele>112</ele>
    <time>2026-08-11T18:13:12Z</time>
    <extensions>
     <gpxdata:hr>134</gpxdata:hr>
     <gpxdata:distance>18795.00</gpxdata:distance>
     <gpxdata:speed>7.247</gpxdata:speed>
    </extensions>
   </trkpt>
   <trkpt lat="51.0242945" lon="13.8403106">
    <ele>113</ele>
    <time>2026-08-11T18:13:13Z</time>
    <extensions>
     <gpxdata:hr>134</gpxdata:hr>
     <gpxdata:distance>18801.50</gpxdata:distance>
     <gpxdata:speed>7.069</gpxdata:speed>
    </extensions>
   </trkpt>
   <trkpt lat="51.0243509" lon="13.8402657">
    <ele>113</ele>
    <time>2026-08-11T18:13:14Z</time>
    <extensions>
     <gpxdata:hr>135</gpxdata:hr>
     <gpxdata:distance>18808.00</gpxdata:distance>
     <gpxdata:speed>6.967</gpxdata:speed>
    </extensions>
   </trkpt>
   <trkpt lat="51.0244113" lon="13.8402210">
    <ele>113</ele>
    <time>2026-08-11T18:13:15Z</time>
    <extensions>
     <gpxdata:hr>135</gpxdata:hr>
     <gpxdata:distance>18815.50</gpxdata:distance>
     <gpxdata:speed>7.106</gpxdata:speed>
    </extensions>
   </trkpt>
   <trkpt lat="51.0244768" lon="13.8401844">
    <ele>113</ele>
    <time>2026-08-11T18:13:16Z</time>
    <extensions>
     <gpxdata:hr>134</gpxdata:hr>
     <gpxdata:distance>18823.00</gpxdata:distance>
     <gpxdata:speed>7.300</gpxdata:speed>
    </extensions>
   </trkpt>
   <trkpt lat="51.0245459" lon="13.8401608">
    <ele>113</ele>
    <time>2026-08-11T18:13:17Z</time>
    <extensions>
     <gpxdata:hr>134</gpxdata:hr>
     <gpxdata:distance>18831.00</gpxdata:distance>
     <gpxdata:speed>7.489</gpxdata:speed>
    </extensions>
   </trkpt>
   <trkpt lat="51.0246154" lon="13.8401464">
    <ele>113</ele>
    <time>2026-08-11T18:13:18Z</time>
    <extensions>
     <gpxdata:hr>134</gpxdata:hr>
     <gpxdata:distance>18839.00</gpxdata:distance>
     <gpxdata:speed>7.625</gpxdata:speed>
    </extensions>
   </trkpt>
   <trkpt lat="51.0246807" lon="13.8401342">
    <ele>113</ele>
    <time>2026-08-11T18:13:19Z</time>
    <extensions>
     <gpxdata:hr>134</gpxdata:hr>
     <gpxdata:distance>18846.50</gpxdata:distance>
     <gpxdata:speed>7.658</gpxdata:speed>
    </extensions>
   </trkpt>
   <trkpt lat="51.0247375" lon="13.8401224">
    <ele>113</ele>
    <time>2026-08-11T18:13:20Z</time>
    <extensions>
     <gpxdata:hr>134</gpxdata:hr>
     <gpxdata:distance>18854.00</gpxdata:distance>
     <gpxdata:speed>7.294</gpxdata:speed>
    </extensions>
   </trkpt>
   <trkpt lat="51.0247844" lon="13.8401099">
    <ele>113</ele>
    <time>2026-08-11T18:13:21Z</time>
    <extensions>
     <gpxdata:hr>134</gpxdata:hr>
     <gpxdata:distance>18859.00</gpxdata:distance>
     <gpxdata:speed>6.464</gpxdata:speed>
    </extensions>
   </trkpt>
   <trkpt lat="51.0248111" lon="13.8401024">
    <ele>113</ele>
    <time>2026-08-11T18:13:22Z</time>
    <extensions>
     <gpxdata:hr>134</gpxdata:hr>
     <gpxdata:distance>18864.00</gpxdata:distance>
     <gpxdata:speed>5.533</gpxdata:speed>
    </extensions>
   </trkpt>
   <trkpt lat="51.0248376" lon="13.8400976">
    <ele>113</ele>
    <time>2026-08-11T18:13:23Z</time>
    <extensions>
     <gpxdata:hr>133</gpxdata:hr>
     <gpxdata:distance>18866.50</gpxdata:distance>
     <gpxdata:speed>5.408</gpxdata:speed>
    </extensions>
   </trkpt>
   <trkpt lat="51.0248593" lon="13.8400948">
    <ele>112</ele>
    <time>2026-08-11T18:13:24Z</time>
    <extensions>
     <gpxdata:hr>132</gpxdata:hr>
     <gpxdata:distance>18869.00</gpxdata:distance>
     <gpxdata:speed>3.397</gpxdata:speed>
    </extensions>
   </trkpt>
   <trkpt lat="51.0248701" lon="13.8400931">
    <ele>112</ele>
    <time>2026-08-11T18:13:25Z</time>
    <extensions>
     <gpxdata:hr>132</gpxdata:hr>
     <gpxdata:distance>18871.00</gpxdata:distance>
     <gpxdata:speed>2.642</gpxdata:speed>
    </extensions>
   </trkpt>
   <trkpt lat="51.0248858" lon="13.8400893">
    <ele>112</ele>
    <time>2026-08-11T18:13:26Z</time>
    <extensions>
     <gpxdata:hr>132</gpxdata:hr>
     <gpxdata:distance>18873.00</gpxdata:distance>
     <gpxdata:speed>2.386</gpxdata:speed>
    </extensions>
   </trkpt>
   <trkpt lat="51.0249071" lon="13.8400842">
    <ele>112</ele>
    <time>2026-08-11T18:13:27Z</time>
    <extensions>
     <gpxdata:hr>131</gpxdata:hr>
     <gpxdata:distance>18876.50</gpxdata:distance>
     <gpxdata:speed>2.550</gpxdata:speed>
    </extensions>
   </trkpt>
   <trkpt lat="51.0249521" lon="13.8400804">
    <ele>112</ele>
    <time>2026-08-11T18:13:28Z</time>
    <extensions>
     <gpxdata:hr>129</gpxdata:hr>
     <gpxdata:distance>18880.00</gpxdata:distance>
     <gpxdata:speed>3.083</gpxdata:speed>
    </extensions>
   </trkpt>
   <trkpt lat="51.0249951" lon="13.8400788">
    <ele>111</ele>
    <time>2026-08-11T18:13:29Z</time>
    <extensions>
     <gpxdata:hr>129</gpxdata:hr>
     <gpxdata:distance>18885.00</gpxdata:distance>
     <gpxdata:speed>3.669</gpxdata:speed>
    </extensions>
   </trkpt>
   <trkpt lat="51.0250428" lon="13.8400786">
    <ele>111</ele>
    <time>2026-08-11T18:13:30Z</time>
    <extensions>
     <gpxdata:hr>129</gpxdata:hr>
     <gpxdata:distance>18890.00</gpxdata:distance>
     <gpxdata:speed>4.781</gpxdata:speed>
    </extensions>
   </trkpt>
   <trkpt lat="51.0250962" lon="13.8400760">
    <ele>111</ele>
    <time>2026-08-11T18:13:31Z</time>
    <extensions>
     <gpxdata:hr>128</gpxdata:hr>
     <gpxdata:distance>18896.00</gpxdata:distance>
     <gpxdata:speed>5.367</gpxdata:speed>
    </extensions>
   </trkpt>
   <trkpt lat="51.0251557" lon="13.8400685">
    <ele>111</ele>
    <time>2026-08-11T18:13:32Z</time>
    <extensions>
     <gpxdata:hr>128</gpxdata:hr>
     <gpxdata:distance>18902.00</gpxdata:distance>
     <gpxdata:speed>5.989</gpxdata:speed>
    </extensions>
   </trkpt>
   <trkpt lat="51.0252188" lon="13.8400559">
    <ele>111</ele>
    <time>2026-08-11T18:13:33Z</time>
    <extensions>
     <gpxdata:hr>128</gpxdata:hr>
     <gpxdata:distance>18909.50</gpxdata:distance>
     <gpxdata:speed>5.989</gpxdata:speed>
    </extensions>
   </trkpt>
   <trkpt lat="51.0252836" lon="13.8400384">
    <ele>111</ele>
    <time>2026-08-11T18:13:34Z</time>
    <extensions>
     <gpxdata:hr>128</gpxdata:hr>
     <gpxdata:distance>18917.00</gpxdata:distance>
     <gpxdata:speed>5.572</gpxdata:speed>
    </extensions>
   </trkpt>
   <trkpt lat="51.0253691" lon="13.8400113">
    <ele>111</ele>
    <time>2026-08-11T18:13:35Z</time>
    <extensions>
     <gpxdata:hr>128</gpxdata:hr>
     <gpxdata:distance>18924.00</gpxdata:distance>
     <gpxdata:speed>7.197</gpxdata:speed>
    </extensions>
   </trkpt>
   <trkpt lat="51.0254367" lon="13.8399838">
    <ele>112</ele>
    <time>2026-08-11T18:13:36Z</time>
    <extensions>
     <gpxdata:hr>129</gpxdata:hr>
     <gpxdata:distance>18931.00</gpxdata:distance>
     <gpxdata:speed>7.156</gpxdata:speed>
    </extensions>
   </trkpt>
   <trkpt lat="51.0255054" lon="13.8399488">
    <ele>112</ele>
    <time>2026-08-11T18:13:37Z</time>
    <extensions>
     <gpxdata:hr>129</gpxdata:hr>
     <gpxdata:distance>18939.50</gpxdata:distance>
     <gpxdata:speed>7.422</gpxdata:speed>
    </extensions>
   </trkpt>
   <trkpt lat="51.0255782" lon="13.8399078">
    <ele>112</ele>
    <time>2026-08-11T18:13:38Z</time>
    <extensions>
     <gpxdata:hr>130</gpxdata:hr>
     <gpxdata:distance>18948.00</gpxdata:distance>
     <gpxdata:speed>7.964</gpxdata:speed>
    </extensions>
   </trkpt>
   <trkpt lat="51.0256568" lon="13.8398661">
    <ele>112</ele>
    <time>2026-08-11T18:13:39Z</time>
    <extensions>
     <gpxdata:hr>131</gpxdata:hr>
     <gpxdata:distance>18957.00</gpxdata:distance>
     <gpxdata:speed>8.492</gpxdata:speed>
    </extensions>
   </trkpt>
   <trkpt lat="51.0257375" lon="13.8398260">
    <ele>112</ele>
    <time>2026-08-11T18:13:40Z</time>
    <extensions>
     <gpxdata:hr>133</gpxdata:hr>
     <gpxdata:distance>18966.00</gpxdata:distance>
     <gpxdata:speed>9.075</gpxdata:speed>
    </extensions>
   </trkpt>
   <trkpt lat="51.0258178" lon="13.8397873">
    <ele>112</ele>
    <time>2026-08-11T18:13:41Z</time>
    <extensions>
     <gpxdata:hr>134</gpxdata:hr>
     <gpxdata:distance>18975.50</gpxdata:distance>
     <gpxdata:speed>9.194</gpxdata:speed>
    </extensions>
   </trkpt>
   <trkpt lat="51.0258973" lon="13.8397491">
    <ele>112</ele>
    <time>2026-08-11T18:13:42Z</time>
    <extensions>
     <gpxdata:hr>136</gpxdata:hr>
     <gpxdata:distance>18985.00</gpxdata:distance>
     <gpxdata:speed>9.169</gpxdata:speed>
    </extensions>
   </trkpt>
   <trkpt lat="51.0259757" lon="13.8397123">
    <ele>112</ele>
    <time>2026-08-11T18:13:43Z</time>
    <extensions>
     <gpxdata:hr>136</gpxdata:hr>
     <gpxdata:distance>18994.00</gpxdata:distance>
     <gpxdata:speed>9.150</gpxdata:speed>
    </extensions>
   </trkpt>
   <trkpt lat="51.0260528" lon="13.8396751">
    <ele>112</ele>
    <time>2026-08-11T18:13:44Z</time>
    <extensions>
     <gpxdata:hr>139</gpxdata:hr>
     <gpxdata:distance>19003.00</gpxdata:distance>
     <gpxdata:speed>9.067</gpxdata:speed>
    </extensions>
   </trkpt>
   <trkpt lat="51.0261290" lon="13.8396358">
    <ele>112</ele>
    <time>2026-08-11T09:51:00Z</time>
    <extensions>
     <gpxdata:hr>140</gpxdata:hr>
     <gpxdata:distance>19012.00</gpxdata:distance>
     <gpxdata:speed>8.975</gpxdata:speed>
    </extensions>
   </trkpt>
   <trkpt lat="51.0262062" lon="13.8395982">
    <ele>112</ele>
    <time>2026-08-11T18:13:46Z</time>
    <extensions>
     <gpxdata:hr>141</gpxdata:hr>
     <gpxdata:distance>19021.00</gpxdata:distance>
     <gpxdata:speed>8.950</gpxdata:speed>
    </extensions>
   </trkpt>
   <trkpt lat="51.0262854" lon="13.8395640">
    <ele>112</ele>
    <time>2026-08-11T18:13:47Z</time>
    <extensions>
     <gpxdata:hr>142</gpxdata:hr>
     <gpxdata:distance>19030.00</gpxdata:distance>
     <gpxdata:speed>9.022</gpxdata:speed>
    </extensions>
   </trkpt>
   <trkpt lat="51.0263649" lon="13.8395292">
    <ele>112</ele>
    <time>2026-08-11T18:13:48Z</time>
    <extensions>
     <gpxdata:hr>142</gpxdata:hr>
     <gpxdata:distance>19039.00</gpxdata:distance>
     <gpxdata:speed>9.156</gpxdata:speed>
    </extensions>
   </trkpt>
   <trkpt lat="51.0264438" lon="13.8394935">
    <ele>112</ele>
    <time>2026-08-11T18:13:49Z</time>
    <extensions>
     <gpxdata:hr>143</gpxdata:hr>
     <gpxdata:distance>19048.00</gpxdata:distance>
     <gpxdata:speed>9.156</gpxdata:speed>
    </extensions>
   </trkpt>
   <trkpt lat="51.0265216" lon="13.8394583">
    <ele>112</ele>
    <time>2026-08-11T18:13:50Z</time>
    <extensions>
     <gpxdata:hr>143</gpxdata:hr>
     <gpxdata:distance>19057.00</gpxdata:distance>
     <gpxdata:speed>9.111</gpxdata:speed>
    </extensions>
   </trkpt>
   <trkpt lat="51.0265991" lon="13.8394200">
    <ele>112</ele>
    <time>2026-08-11T18:13:50Z</time>
    <extensions>
     <gpxdata:hr>143</gpxdata:hr>
     <gpxdata:distance>19066.00</gpxdata:distance>
     <gpxdata:speed>9.044</gpxdata:speed>
    </extensions>
   </trkpt>
   <trkpt lat="51.0266766" lon="13.8393808">
    <ele>112</ele>
    <time>2026-08-11T18:13:52Z</time>
    <extensions>
     <gpxdata:hr>143</gpxdata:hr>
     <gpxdata:distance>19075.00</gpxdata:distance>
     <gpxdata:speed>9.047</gpxdata:speed>
    </extensions>
   </trkpt>
   <trkpt lat="51.0267548" lon="13.8393404">
    <ele>112</ele>
    <time>2026-08-11T18:13:53Z</time>
    <extensions>
     <gpxdata:hr>144</gpxdata:hr>
     <gpxdata:distance>19084.50</gpxdata:distance>
     <gpxdata:speed>9.056</gpxdata:speed>
    </extensions>
   </trkpt>
   <trkpt lat="51.0268342" lon="13.8393006">
    <ele>112</ele>
    <time>2026-08-12T10:39:00Z</time>
    <extensions>
     <gpxdata:hr>144</gpxdata:hr>
     <gpxdata:distance>19094.00</gpxdata:distance>
     <gpxdata:speed>9.100</gpxdata:speed>
    </extensions>
   </trkpt>
   <trkpt lat="51.0269145" lon="13.8392607">
    <ele>112</ele>
    <time>2026-08-11T18:13:55Z</time>
    <extensions>
     <gpxdata:hr>145</gpxdata:hr>
     <gpxdata:distance>19103.00</gpxdata:distance>
     <gpxdata:speed>9.161</gpxdata:speed>
    </extensions>
   </trkpt>
   <trkpt lat="51.0269956" lon="13.8392207">
    <ele>112</ele>
    <time>2026-08-12T10:59:50Z</time>
    <extensions>
     <gpxdata:hr>146</gpxdata:hr>
     <gpxdata:distance>19112.00</gpxdata:distance>
     <gpxdata:speed>9.239</gpxdata:speed>
    </extensions>
   </trkpt>
   <trkpt lat="51.0270759" lon="13.8391807">
    <ele>112</ele>
    <time>2026-08-11T18:13:57Z</time>
    <extensions>
     <gpxdata:hr>147</gpxdata:hr>
     <gpxdata:distance>19121.50</gpxdata:distance>
     <gpxdata:speed>9.317</gpxdata:speed>
    </extensions>
   </trkpt>
   <trkpt lat="51.0271562" lon="13.8391427">
    <ele>112</ele>
    <time>2026-08-11T18:13:58Z</time>
    <extensions>
     <gpxdata:hr>148</gpxdata:hr>
     <gpxdata:distance>19131.00</gpxdata:distance>
     <gpxdata:speed>9.322</gpxdata:speed>
    </extensions>
   </trkpt>
   <trkpt lat="51.0272365" lon="13.8391076">
    <ele>112</ele>
    <time>2026-08-11T18:13:59Z</time>
    <extensions>
     <gpxdata:hr>147</gpxdata:hr>
     <gpxdata:distance>19140.50</gpxdata:distance>
     <gpxdata:speed>9.322</gpxdata:speed>
    </extensions>
   </trkpt>
   <trkpt lat="51.0273151" lon="13.8390724">
    <ele>112</ele>
    <time>2026-08-11T18:14:00Z</time>
    <extensions>
     <gpxdata:hr>147</gpxdata:hr>
     <gpxdata:distance>19150.00</gpxdata:distance>
     <gpxdata:speed>9.306</gpxdata:speed>
    </extensions>
   </trkpt>
   <trkpt lat="51.0273935" lon="13.8390355">
    <ele>112</ele>
    <time>2026-08-11T18:14:01Z</time>
    <extensions>
     <gpxdata:hr>147</gpxdata:hr>
     <gpxdata:distance>19159.00</gpxdata:distance>
     <gpxdata:speed>9.219</gpxdata:speed>
    </extensions>
   </trkpt>
   <trkpt lat="51.0274723" lon="13.8389972">
    <ele>112</ele>
    <time>2026-08-11T18:14:02Z</time>
    <extensions>
     <gpxdata:hr>146</gpxdata:hr>
     <gpxdata:distance>19168.00</gpxdata:distance>
     <gpxdata:speed>9.192</gpxdata:speed>
    </extensions>
   </trkpt>
   <trkpt lat="51.0275518" lon="13.8389583">
    <ele>112</ele>
    <time>2026-08-11T18:14:03Z</time>
    <extensions>
     <gpxdata:hr>146</gpxdata:hr>
     <gpxdata:distance>19177.00</gpxdata:distance>
     <gpxdata:speed>9.197</gpxdata:speed>
    </extensions>
   </trkpt>
   <trkpt lat="51.0276311" lon="13.8389203">
    <ele>112</ele>
    <time>2026-08-11T18:14:04Z</time>
    <extensions>
     <gpxdata:hr>147</gpxdata:hr>
     <gpxdata:distance>19186.00</gpxdata:distance>
     <gpxdata:speed>9.225</gpxdata:speed>
    </extensions>
   </trkpt>
   <trkpt lat="51.0277106" lon="13.8388851">
    <ele>111</ele>
    <time>2026-08-11T18:14:05Z</time>
    <extensions>
     <gpxdata:hr>147</gpxdata:hr>
     <gpxdata:distance>19195.50</gpxdata:distance>
     <gpxdata:speed>9.217</gpxdata:speed>
    </extensions>
   </trkpt>
   <trkpt lat="51.0277903" lon="13.8388507">
    <ele>111</ele>
    <time>2026-08-11T18:14:06Z</time>
    <extensions>
     <gpxdata:hr>148</gpxdata:hr>
     <gpxdata:distance>19205.00</gpxdata:distance>
     <gpxdata:speed>9.200</gpxdata:speed>
    </extensions>
   </trkpt>
   <trkpt lat="51.0278703" lon="13.8388151">
    <ele>111</ele>
    <time>2026-08-11T18:14:07Z</time>
    <extensions>
     <gpxdata:hr>149</gpxdata:hr>
     <gpxdata:distance>19214.00</gpxdata:distance>
     <gpxdata:speed>9.200</gpxdata:speed>
    </extensions>
   </trkpt>
   <trkpt lat="51.0279505" lon="13.8387764">
    <ele>111</ele>
    <time>2026-08-11T18:14:08Z</time>
    <extensions>
     <gpxdata:hr>149</gpxdata:hr>
     <gpxdata:distance>19223.00</gpxdata:distance>
     <gpxdata:speed>9.219</gpxdata:speed>
    </extensions>
   </trkpt>
   <trkpt lat="51.0280300" lon="13.8387342">
    <ele>112</ele>
    <time>2026-08-11T18:14:09Z</time>
    <extensions>
     <gpxdata:hr>149</gpxdata:hr>
     <gpxdata:distance>19232.50</gpxdata:distance>
     <gpxdata:speed>9.261</gpxdata:speed>
    </extensions>
   </trkpt>
   <trkpt lat="51.0281079" lon="13.8386870">
    <ele>112</ele>
    <time>2026-08-11T18:14:10Z</time>
    <extensions>
     <gpxdata:hr>150</gpxdata:hr>
     <gpxdata:distance>19242.00</gpxdata:distance>
     <gpxdata:speed>9.283</gpxdata:speed>
    </extensions>
   </trkpt>
   <trkpt lat="51.0281838" lon="13.8386341">
    <ele>112</ele>
    <time>2026-08-11T18:14:11Z</time>
    <extensions>
     <gpxdata:hr>150</gpxdata:hr>
     <gpxdata:distance>19251.00</gpxdata:distance>
     <gpxdata:speed>9.281</gpxdata:speed>
    </extensions>
   </trkpt>
   <trkpt lat="51.0282583" lon="13.8385774">
    <ele>112</ele>
    <time>2026-08-11T18:14:12Z</time>
    <extensions>
     <gpxdata:hr>150</gpxdata:hr>
     <gpxdata:distance>19260.00</gpxdata:distance>
     <gpxdata:speed>9.261</gpxdata:speed>
    </extensions>
   </trkpt>
   <trkpt lat="51.0283331" lon="13.8385208">
    <ele>112</ele>
    <time>2026-08-11T18:14:13Z</time>
    <extensions>
     <gpxdata:hr>150</gpxdata:hr>
     <gpxdata:distance>19269.50</gpxdata:distance>
     <gpxdata:speed>9.236</gpxdata:speed>
    </extensions>
   </trkpt>
   <trkpt lat="51.0284091" lon="13.8384668">
    <ele>112</ele>
    <time>2026-08-11T18:14:14Z</time>
    <extensions>
     <gpxdata:hr>150</gpxdata:hr>
     <gpxdata:distance>19279.00</gpxdata:distance>
     <gpxdata:speed>9.233</gpxdata:speed>
    </extensions>
   </trkpt>
   <trkpt lat="51.0284867" lon="13.8384167">
    <ele>112</ele>
    <time>2026-08-11T18:14:15Z</time>
    <extensions>
     <gpxdata:hr>151</gpxdata:hr>
     <gpxdata:distance>19288.00</gpxdata:distance>
     <gpxdata:speed>9.253</gpxdata:speed>
    </extensions>
   </trkpt>
   <trkpt lat="51.0285654" lon="13.8383703">
    <ele>112</ele>
    <time>2026-08-11T18:14:16Z</time>
    <extensions>
     <gpxdata:hr>151</gpxdata:hr>
     <gpxdata:distance>19297.00</gpxdata:distance>
     <gpxdata:speed>9.281</gpxdata:speed>
    </extensions>
   </trkpt>
   <trkpt lat="51.0286447" lon="13.8383281">
    <ele>112</ele>
    <time>2026-08-11T18:14:17Z</time>
    <extensions>
     <gpxdata:hr>151</gpxdata:hr>
     <gpxdata:distance>19306.50</gpxdata:distance>
     <gpxdata:speed>9.300</gpxdata:speed>
    </extensions>
   </trkpt>
   <trkpt lat="51.0287240" lon="13.8382896">
    <ele>112</ele>
    <time>2026-08-11T18:14:18Z</time>
    <extensions>
     <gpxdata:hr>151</gpxdata:hr>
     <gpxdata:distance>19316.00</gpxdata:distance>
     <gpxdata:speed>9.297</gpxdata:speed>
    </extensions>
   </trkpt>
   <trkpt lat="51.0288033" lon="13.8382527">
    <ele>112</ele>
    <time>2026-08-11T18:14:19Z</time>
    <extensions>
     <gpxdata:hr>152</gpxdata:hr>
     <gpxdata:distance>19325.00</gpxdata:distance>
     <gpxdata:speed>9.269</gpxdata:speed>
    </extensions>
   </trkpt>
   <trkpt lat="51.0288831" lon="13.8382164">
    <ele>112</ele>
    <time>2026-08-11T18:14:20Z</time>
    <extensions>
     <gpxdata:hr>153</gpxdata:hr>
     <gpxdata:distance>19334.00</gpxdata:distance>
     <gpxdata:speed>9.242</gpxdata:speed>
    </extensions>
   </trkpt>
   <trkpt lat="51.0289635" lon="13.8381794">
    <ele>112</ele>
    <time>2026-08-11T18:14:21Z</time>
    <extensions>
     <gpxdata:hr>152</gpxdata:hr>
     <gpxdata:distance>19343.50</gpxdata:distance>
     <gpxdata:speed>9.247</gpxdata:speed>
    </extensions>
   </trkpt>
   <trkpt lat="51.0290440" lon="13.8381404">
    <ele>112</ele>
    <time>2026-08-11T18:14:22Z</time>
    <extensions>
     <gpxdata:hr>152</gpxdata:hr>
     <gpxdata:distance>19353.00</gpxdata:distance>
     <gpxdata:speed>9.281</gpxdata:speed>
    </extensions>
   </trkpt>
   <trkpt lat="51.0291246" lon="13.8381007">
    <ele>112</ele>
    <time>2026-08-11T18:14:23Z</time>
    <extensions>
     <gpxdata:hr>152</gpxdata:hr>
     <gpxdata:distance>19362.50</gpxdata:distance>
     <gpxdata:speed>9.311</gpxdata:speed>
    </extensions>
   </trkpt>
   <trkpt lat="51.0292052" lon="13.8380624">
    <ele>112</ele>
    <time>2026-08-11T18:14:24Z</time>
    <extensions>
     <gpxdata:hr>152</gpxdata:hr>
     <gpxdata:distance>19372.00</gpxdata:distance>
     <gpxdata:speed>9.339</gpxdata:speed>
    </extensions>
   </trkpt>
   <trkpt lat="51.0292854" lon="13.8380247">
    <ele>112</ele>
    <time>2026-08-11T18:14:25Z</time>
    <extensions>
     <gpxdata:hr>152</gpxdata:hr>
     <gpxdata:distance>19381.00</gpxdata:distance>
     <gpxdata:speed>9.342</gpxdata:speed>
    </extensions>
   </trkpt>
   <trkpt lat="51.0293642" lon="13.8379866">
    <ele>111</ele>
    <time>2026-08-11T18:14:26Z</time>
    <extensions>
     <gpxdata:hr>152</gpxdata:hr>
     <gpxdata:distance>19390.00</gpxdata:distance>
     <gpxdata:speed>9.328</gpxdata:speed>
    </extensions>
   </trkpt>
   <trkpt lat="51.0294417" lon="13.8379494">
    <ele>111</ele>
    <time>2026-08-11T18:14:27Z</time>
    <extensions>
     <gpxdata:hr>152</gpxdata:hr>
     <gpxdata:distance>19399.00</gpxdata:distance>
     <gpxdata:speed>9.267</gpxdata:speed>
    </extensions>
   </trkpt>
   <trkpt lat="51.0295203" lon="13.8379112">
    <ele>111</ele>
    <time>2026-08-11T18:14:28Z</time>
    <extensions>
     <gpxdata:hr>152</gpxdata:hr>
     <gpxdata:distance>19408.00</gpxdata:distance>
     <gpxdata:speed>9.172</gpxdata:speed>
    </extensions>
   </trkpt>
   <trkpt lat="51.0296016" lon="13.8378739">
    <ele>112</ele>
    <time>2026-08-11T18:14:29Z</time>
    <extensions>
     <gpxdata:hr>154</gpxdata:hr>
     <gpxdata:distance>19417.50</gpxdata:distance>
     <gpxdata:speed>9.186</gpxdata:speed>
    </extensions>
   </trkpt>
   <trkpt lat="51.0296853" lon="13.8378394">
    <ele>111</ele>
    <time>2026-08-11T18:14:30Z</time>
    <extensions>
     <gpxdata:hr>154</gpxdata:hr>
     <gpxdata:distance>19427.00</gpxdata:distance>
     <gpxdata:speed>9.289</gpxdata:speed>
    </extensions>
   </trkpt>
   <trkpt lat="51.0297700" lon="13.8378054">
    <ele>111</ele>
    <time>2026-08-11T18:14:31Z</time>
    <extensions>
     <gpxdata:hr>154</gpxdata:hr>
     <gpxdata:distance>19437.00</gpxdata:distance>
     <gpxdata:speed>9.408</gpxdata:speed>
    </extensions>
   </trkpt>
   <trkpt lat="51.0298561" lon="13.8377710">
    <ele>111</ele>
    <time>2026-08-11T18:14:32Z</time>
    <extensions>
     <gpxdata:hr>153</gpxdata:hr>
     <gpxdata:distance>19447.00</gpxdata:distance>
     <gpxdata:speed>9.511</gpxdata:speed>
    </extensions>
   </trkpt>
   <trkpt lat="51.0299440" lon="13.8377366">
    <ele>111</ele>
    <time>2026-08-11T18:14:33Z</time>
    <extensions>
     <gpxdata:hr>153</gpxdata:hr>
     <gpxdata:distance>19457.00</gpxdata:distance>
     <gpxdata:speed>9.636</gpxdata:speed>
    </extensions>
   </trkpt>
   <trkpt lat="51.0300330" lon="13.8377016">
    <ele>110</ele>
    <time>2026-08-11T18:14:34Z</time>
    <extensions>
     <gpxdata:hr>152</gpxdata:hr>
     <gpxdata:distance>19467.00</gpxdata:distance>
     <gpxdata:speed>9.792</gpxdata:speed>
    </extensions>
   </trkpt>
   <trkpt lat="51.0301229" lon="13.8376654">
    <ele>110</ele>
    <time>2026-08-11T18:14:35Z</time>
    <extensions>
     <gpxdata:hr>152</gpxdata:hr>
     <gpxdata:distance>19477.50</gpxdata:distance>
     <gpxdata:speed>9.933</gpxdata:speed>
    </extensions>
   </trkpt>
   <trkpt lat="51.0302126" lon="13.8376273">
    <ele>110</ele>
    <time>2026-08-11T18:14:36Z</time>
    <extensions>
     <gpxdata:hr>152</gpxdata:hr>
     <gpxdata:distance>19488.00</gpxdata:distance>
     <gpxdata:speed>10.061</gpxdata:speed>
    </extensions>
   </trkpt>
   <trkpt lat="51.0303026" lon="13.8375893">
    <ele>109</ele>
    <time>2026-08-11T18:14:37Z</time>
    <extensions>
     <gpxdata:hr>153</gpxdata:hr>
     <gpxdata:distance>19498.00</gpxdata:distance>
     <gpxdata:speed>10.153</gpxdata:speed>
    </extensions>
   </trkpt>
   <trkpt lat="51.0303923" lon="13.8375518">
    <ele>109</ele>
    <time>2026-08-11T18:14:38Z</time>
    <extensions>
     <gpxdata:hr>153</gpxdata:hr>
     <gpxdata:distance>19508.00</gpxdata:distance>
     <gpxdata:speed>10.225</gpxdata:speed>
    </extensions>
   </trkpt>
   <trkpt lat="51.0304824" lon="13.8375158">
    <ele>109</ele>
    <time>2026-08-11T18:14:39Z</time>
    <extensions>
     <gpxdata:hr>153</gpxdata:hr>
     <gpxdata:distance>19518.50</gpxdata:distance>
     <gpxdata:speed>10.261</gpxdata:speed>
    </extensions>
   </trkpt>
   <trkpt lat="51.0305726" lon="13.8374825">
    <ele>109</ele>
    <time>2026-08-11T18:14:40Z</time>
    <extensions>
     <gpxdata:hr>153</gpxdata:hr>
     <gpxdata:distance>19529.00</gpxdata:distance>
     <gpxdata:speed>10.289</gpxdata:speed>
    </extensions>
   </trkpt>
   <trkpt lat="51.0306626" lon="13.8374493">
    <ele>109</ele>
    <time>2026-08-11T18:14:41Z</time>
    <extensions>
     <gpxdata:hr>155</gpxdata:hr>
     <gpxdata:distance>19539.50</gpxdata:distance>
     <gpxdata:speed>10.297</gpxdata:speed>
    </extensions>
   </trkpt>
   <trkpt lat="51.0307522" lon="13.8374157">
    <ele>109</ele>
    <time>2026-08-11T18:14:42Z</time>
    <extensions>
     <gpxdata:hr>156</gpxdata:hr>
     <gpxdata:distance>19550.00</gpxdata:distance>
     <gpxdata:speed>10.297</gpxdata:speed>
    </extensions>
   </trkpt>
   <trkpt lat="51.0308415" lon="13.8373825">
    <ele>109</ele>
    <time>2026-08-11T18:14:43Z</time>
    <extensions>
     <gpxdata:hr>155</gpxdata:hr>
     <gpxdata:distance>19560.00</gpxdata:distance>
     <gpxdata:speed>10.281</gpxdata:speed>
    </extensions>
   </trkpt>
   <trkpt lat="51.0309307" lon="13.8373497">
    <ele>109</ele>
    <time>2026-08-11T18:14:44Z</time>
    <extensions>
     <gpxdata:hr>155</gpxdata:hr>
     <gpxdata:distance>19570.00</gpxdata:distance>
     <gpxdata:speed>10.256</gpxdata:speed>
    </extensions>
   </trkpt>
   <trkpt lat="51.0310196" lon="13.8373146">
    <ele>109</ele>
    <time>2026-08-11T18:14:45Z</time>
    <extensions>
     <gpxdata:hr>155</gpxdata:hr>
     <gpxdata:distance>19580.00</gpxdata:distance>
     <gpxdata:speed>10.239</gpxdata:speed>
    </extensions>
   </trkpt>
   <trkpt lat="51.0311080" lon="13.8372757">
    <ele>109</ele>
    <time>2026-08-11T18:14:46Z</time>
    <extensions>
     <gpxdata:hr>155</gpxdata:hr>
     <gpxdata:distance>19590.00</gpxdata:distance>
     <gpxdata:speed>10.225</gpxdata:speed>
    </extensions>
   </trkpt>
   <trkpt lat="51.0311967" lon="13.8372352">
    <ele>109</ele>
    <time>2026-08-11T18:14:47Z</time>
    <extensions>
     <gpxdata:hr>155</gpxdata:hr>
     <gpxdata:distance>19600.50</gpxdata:distance>
     <gpxdata:speed>10.222</gpxdata:speed>
    </extensions>
   </trkpt>
   <trkpt lat="51.0312865" lon="13.8371980">
    <ele>109</ele>
    <time>2026-08-11T18:14:48Z</time>
    <extensions>
     <gpxdata:hr>155</gpxdata:hr>
     <gpxdata:distance>19611.00</gpxdata:distance>
     <gpxdata:speed>10.247</gpxdata:speed>
    </extensions>
   </trkpt>
   <trkpt lat="51.0313766" lon="13.8371611">
    <ele>109</ele>
    <time>2026-08-11T18:14:49Z</time>
    <extensions>
     <gpxdata:hr>154</gpxdata:hr>
     <gpxdata:distance>19621.50</gpxdata:distance>
     <gpxdata:speed>10.275</gpxdata:speed>
    </extensions>
   </trkpt>
   <trkpt lat="51.0314645" lon="13.8371153">
    <ele>109</ele>
    <time>2026-08-11T18:14:50Z</time>
    <extensions>
     <gpxdata:hr>154</gpxdata:hr>
     <gpxdata:distance>19632.00</gpxdata:distance>
     <gpxdata:speed>10.303</gpxdata:speed>
    </extensions>
   </trkpt>
   <trkpt lat="51.0315482" lon="13.8370549">
    <ele>109</ele>
    <time>2026-08-11T18:14:51Z</time>
    <extensions>
     <gpxdata:hr>154</gpxdata:hr>
     <gpxdata:distance>19642.00</gpxdata:distance>
     <gpxdata:speed>10.306</gpxdata:speed>
    </extensions>
   </trkpt>
   <trkpt lat="51.0316284" lon="13.8369860">
    <ele>109</ele>
    <time>2026-08-11T18:14:52Z</time>
    <extensions>
     <gpxdata:hr>154</gpxdata:hr>
     <gpxdata:distance>19652.00</gpxdata:distance>
     <gpxdata:speed>10.294</gpxdata:speed>
    </extensions>
   </trkpt>
   <trkpt lat="51.0317066" lon="13.8369166">
    <ele>109</ele>
    <time>2026-08-11T18:14:53Z</time>
    <extensions>
     <gpxdata:hr>155</gpxdata:hr>
     <gpxdata:distance>19662.00</gpxdata:distance>
     <gpxdata:speed>10.244</gpxdata:speed>
    </extensions>
   </trkpt>
   <trkpt lat="51.0317829" lon="13.8368468">
    <ele>109</ele>
    <time>2026-08-11T18:14:54Z</time>
    <extensions>
     <gpxdata:hr>155</gpxdata:hr>
     <gpxdata:distance>19672.00</gpxdata:distance>
     <gpxdata:speed>10.133</gpxdata:speed>
    </extensions>
   </trkpt>
   <trkpt lat="51.0318575" lon="13.8367746">
    <ele>110</ele>
    <time>2026-08-11T18:14:55Z</time>
    <extensions>
     <gpxdata:hr>154</gpxdata:hr>
     <gpxdata:distance>19681.50</gpxdata:distance>
     <gpxdata:speed>10.017</gpxdata:speed>
    </extensions>
   </trkpt>
   <trkpt lat="51.0319306" lon="13.8367007">
    <ele>110</ele>
    <time>2026-08-11T18:14:56Z</time>
    <extensions>
     <gpxdata:hr>154</gpxdata:hr>
     <gpxdata:distance>19691.00</gpxdata:distance>
     <gpxdata:speed>9.914</gpxdata:speed>
    </extensions>
   </trkpt>
   <trkpt lat="51.0320033" lon="13.8366278">
    <ele>110</ele>
    <time>2026-08-11T18:14:57Z</time>
    <extensions>
     <gpxdata:hr>154</gpxdata:hr>
     <gpxdata:distance>19700.50</gpxdata:distance>
     <gpxdata:speed>9.825</gpxdata:speed>
    </extensions>
   </trkpt>
   <trkpt lat="51.0320782" lon="13.8365558">
    <ele>110</ele>
    <time>2026-08-11T18:14:58Z</time>
    <extensions>
     <gpxdata:hr>154</gpxdata:hr>
     <gpxdata:distance>19710.00</gpxdata:distance>
     <gpxdata:speed>9.736</gpxdata:speed>
    </extensions>
   </trkpt>
   <trkpt lat="51.0321564" lon="13.8364824">
    <ele>110</ele>
    <time>2026-08-11T18:14:59Z</time>
    <extensions>
     <gpxdata:hr>154</gpxdata:hr>
     <gpxdata:distance>19720.50</gpxdata:distance>
     <gpxdata:speed>9.756</gpxdata:speed>
    </extensions>
   </trkpt>
   <trkpt lat="51.0322369" lon="13.8364072">
    <ele>111</ele>
    <time>2026-08-11T18:15:00Z</time>
    <extensions>
     <gpxdata:hr>153</gpxdata:hr>
     <gpxdata:distance>19731.00</gpxdata:distance>
     <gpxdata:speed>9.900</gpxdata:speed>
    </extensions>
   </trkpt>
   <trkpt lat="51.0323180" lon="13.8363317">
    <ele>111</ele>
    <time>2026-08-11T18:15:01Z</time>
    <extensions>
     <gpxdata:hr>154</gpxdata:hr>
     <gpxdata:distance>19741.50</gpxdata:distance>
     <gpxdata:speed>10.072</gpxdata:speed>
    </extensions>
   </trkpt>
   <trkpt lat="51.0323984" lon="13.8362565">
    <ele>111</ele>
    <time>2026-08-11T18:15:02Z</time>
    <extensions>
     <gpxdata:hr>155</gpxdata:hr>
     <gpxdata:distance>19752.00</gpxdata:distance>
     <gpxdata:speed>10.186</gpxdata:speed>
    </extensions>
   </trkpt>
   <trkpt lat="51.0324778" lon="13.8361813">
    <ele>112</ele>
    <time>2026-08-11T18:15:03Z</time>
    <extensions>
     <gpxdata:hr>155</gpxdata:hr>
     <gpxdata:distance>19762.00</gpxdata:distance>
     <gpxdata:speed>10.236</gpxdata:speed>
    </extensions>
   </trkpt>
   <trkpt lat="51.0325560" lon="13.8361027">
    <ele>111</ele>
    <time>2026-08-11T18:15:04Z</time>
    <extensions>
     <gpxdata:hr>156</gpxdata:hr>
     <gpxdata:distance>19772.00</gpxdata:distance>
     <gpxdata:speed>10.242</gpxdata:speed>
    </extensions>
   </trkpt>
   <trkpt lat="51.0326325" lon="13.8360183">
    <ele>111</ele>
    <time>2026-08-11T18:15:05Z</time>
    <extensions>
     <gpxdata:hr>156</gpxdata:hr>
     <gpxdata:distance>19782.50</gpxdata:distance>
     <gpxdata:speed>10.275</gpxdata:speed>
    </extensions>
   </trkpt>
   <trkpt lat="51.0327067" lon="13.8359298">
    <ele>111</ele>
    <time>2026-08-11T18:15:06Z</time>
    <extensions>
     <gpxdata:hr>157</gpxdata:hr>
     <gpxdata:distance>19793.00</gpxdata:distance>
     <gpxdata:speed>10.314</gpxdata:speed>
    </extensions>
   </trkpt>
   <trkpt lat="51.0327792" lon="13.8358392">
    <ele>110</ele>
    <time>2026-08-11T18:15:07Z</time>
    <extensions>
     <gpxdata:hr>157</gpxdata:hr>
     <gpxdata:distance>19803.50</gpxdata:distance>
     <gpxdata:speed>10.319</gpxdata:speed>
    </extensions>
   </trkpt>
   <trkpt lat="51.0328504" lon="13.8357470">
    <ele>110</ele>
    <time>2026-08-11T18:15:08Z</time>
    <extensions>
     <gpxdata:hr>158</gpxdata:hr>
     <gpxdata:distance>19814.00</gpxdata:distance>
     <gpxdata:speed>10.300</gpxdata:speed>
    </extensions>
   </trkpt>
   <trkpt lat="51.0329206" lon="13.8356519">
    <ele>110</ele>
    <time>2026-08-11T18:15:09Z</time>
    <extensions>
     <gpxdata:hr>158</gpxdata:hr>
     <gpxdata:distance>19824.00</gpxdata:distance>
     <gpxdata:speed>10.272</gpxdata:speed>
    </extensions>
   </trkpt>
   <trkpt lat="51.0329893" lon="13.8355540">
    <ele>110</ele>
    <time>2026-08-11T18:15:10Z</time>
    <extensions>
     <gpxdata:hr>157</gpxdata:hr>
     <gpxdata:distance>19834.00</gpxdata:distance>
     <gpxdata:speed>10.278</gpxdata:speed>
    </extensions>
   </trkpt>
   <trkpt lat="51.0330570" lon="13.8354550">
    <ele>110</ele>
    <time>2026-08-11T18:15:11Z</time>
    <extensions>
     <gpxdata:hr>158</gpxdata:hr>
     <gpxdata:distance>19844.50</gpxdata:distance>
     <gpxdata:speed>10.275</gpxdata:speed>
    </extensions>
   </trkpt>
   <trkpt lat="51.0331237" lon="13.8353547">
    <ele>110</ele>
    <time>2026-08-11T18:15:12Z</time>
    <extensions>
     <gpxdata:hr>157</gpxdata:hr>
     <gpxdata:distance>19855.00</gpxdata:distance>
     <gpxdata:speed>10.258</gpxdata:speed>
    </extensions>
   </trkpt>
   <trkpt lat="51.0331889" lon="13.8352514">
    <ele>110</ele>
    <time>2026-08-11T18:15:13Z</time>
    <extensions>
     <gpxdata:hr>157</gpxdata:hr>
     <gpxdata:distance>19865.00</gpxdata:distance>
     <gpxdata:speed>10.244</gpxdata:speed>
    </extensions>
   </trkpt>
   <trkpt lat="51.0332533" lon="13.8351466">
    <ele>110</ele>
    <time>2026-08-11T18:15:14Z</time>
    <extensions>
     <gpxdata:hr>156</gpxdata:hr>
     <gpxdata:distance>19875.00</gpxdata:distance>
     <gpxdata:speed>10.250</gpxdata:speed>
    </extensions>
   </trkpt>
   <trkpt lat="51.0333180" lon="13.8350420">
    <ele>110</ele>
    <time>2026-08-11T18:15:15Z</time>
    <extensions>
     <gpxdata:hr>156</gpxdata:hr>
     <gpxdata:distance>19885.50</gpxdata:distance>
     <gpxdata:speed>10.256</gpxdata:speed>
    </extensions>
   </trkpt>
   <trkpt lat="51.0333834" lon="13.8349377">
    <ele>110</ele>
    <time>2026-08-11T18:15:16Z</time>
    <extensions>
     <gpxdata:hr>156</gpxdata:hr>
     <gpxdata:distance>19896.00</gpxdata:distance>
     <gpxdata:speed>10.258</gpxdata:speed>
    </extensions>
   </trkpt>
   <trkpt lat="51.0334487" lon="13.8348329">
    <ele>110</ele>
    <time>2026-08-11T18:15:17Z</time>
    <extensions>
     <gpxdata:hr>156</gpxdata:hr>
     <gpxdata:distance>19906.00</gpxdata:distance>
     <gpxdata:speed>10.275</gpxdata:speed>
    </extensions>
   </trkpt>
   <trkpt lat="51.0335137" lon="13.8347281">
    <ele>110</ele>
    <time>2026-08-11T18:15:18Z</time>
    <extensions>
     <gpxdata:hr>156</gpxdata:hr>
     <gpxdata:distance>19916.00</gpxdata:distance>
     <gpxdata:speed>10.297</gpxdata:speed>
    </extensions>
   </trkpt>
   <trkpt lat="51.0335796" lon="13.8346220">
    <ele>110</ele>
    <time>2026-08-11T18:15:19Z</time>
    <extensions>
     <gpxdata:hr>156</gpxdata:hr>
     <gpxdata:distance>19926.50</gpxdata:distance>
     <gpxdata:speed>10.294</gpxdata:speed>
    </extensions>
   </trkpt>
   <trkpt lat="51.0336454" lon="13.8345145">
    <ele>110</ele>
    <time>2026-08-11T18:15:20Z</time>
    <extensions>
     <gpxdata:hr>156</gpxdata:hr>
     <gpxdata:distance>19937.00</gpxdata:distance>
     <gpxdata:speed>10.353</gpxdata:speed>
    </extensions>
   </trkpt>
   <trkpt lat="51.0337111" lon="13.8344067">
    <ele>110</ele>
    <time>2026-08-11T18:15:21Z</time>
    <extensions>
     <gpxdata:hr>157</gpxdata:hr>
     <gpxdata:distance>19947.50</gpxdata:distance>
     <gpxdata:speed>10.406</gpxdata:speed>
    </extensions>
   </trkpt>
   <trkpt lat="51.0337761" lon="13.8342969">
    <ele>109</ele>
    <time>2026-08-11T18:15:22Z</time>
    <extensions>
     <gpxdata:hr>157</gpxdata:hr>
     <gpxdata:distance>19958.00</gpxdata:distance>
     <gpxdata:speed>10.436</gpxdata:speed>
    </extensions>
   </trkpt>
   <trkpt lat="51.0338411" lon="13.8341872">
    <ele>110</ele>
    <time>2026-08-11T18:15:23Z</time>
    <extensions>
     <gpxdata:hr>158</gpxdata:hr>
     <gpxdata:distance>19968.50</gpxdata:distance>
     <gpxdata:speed>10.478</gpxdata:speed>
    </extensions>
   </trkpt>
   <trkpt lat="51.0339061" lon="13.8340787">
    <ele>110</ele>
    <time>2026-08-11T18:15:24Z</time>
    <extensions>
     <gpxdata:hr>158</gpxdata:hr>
     <gpxdata:distance>19979.00</gpxdata:distance>
     <gpxdata:speed>10.500</gpxdata:speed>
    </extensions>
   </trkpt>
   <trkpt lat="51.0339709" lon="13.8339719">
    <ele>110</ele>
    <time>2026-08-11T18:15:25Z</time>
    <extensions>
     <gpxdata:hr>158</gpxdata:hr>
     <gpxdata:distance>19989.50</gpxdata:distance>
     <gpxdata:speed>10.489</gpxdata:speed>
    </extensions>
   </trkpt>
   <trkpt lat="51.0340353" lon="13.8338649">
    <ele>110</ele>
    <time>2026-08-11T18:15:26Z</time>
    <extensions>
     <gpxdata:hr>158</gpxdata:hr>
     <gpxdata:distance>20000.00</gpxdata:distance>
     <gpxdata:speed>10.450</gpxdata:speed>
    </extensions>
   </trkpt>
   <trkpt lat="51.0340997" lon="13.8337560">
    <ele>110</ele>
    <time>2026-08-11T18:15:27Z</time>
    <extensions>
     <gpxdata:hr>158</gpxdata:hr>
     <gpxdata:distance>20010.50</gpxdata:distance>
     <gpxdata:speed>10.428</gpxdata:speed>
    </extensions>
   </trkpt>
   <trkpt lat="51.0341641" lon="13.8336458">
    <ele>110</ele>
    <time>2026-08-11T18:15:28Z</time>
    <extensions>
     <gpxdata:hr>158</gpxdata:hr>
     <gpxdata:distance>20021.00</gpxdata:distance>
     <gpxdata:speed>10.450</gpxdata:speed>
    </extensions>
   </trkpt>
   <trkpt lat="51.0342280" lon="13.8335325">
    <ele>110</ele>
    <time>2026-08-11T18:15:29Z</time>
    <extensions>
     <gpxdata:hr>159</gpxdata:hr>
     <gpxdata:distance>20031.50</gpxdata:distance>
     <gpxdata:speed>10.483</gpxdata:speed>
    </extensions>
   </trkpt>
   <trkpt lat="51.0342914" lon="13.8334180">
    <ele>110</ele>
    <time>2026-08-11T18:15:30Z</time>
    <extensions>
     <gpxdata:hr>159</gpxdata:hr>
     <gpxdata:distance>20042.00</gpxdata:distance>
     <gpxdata:speed>10.550</gpxdata:speed>
    </extensions>
   </trkpt>
   <trkpt lat="51.0343558" lon="13.8333062">
    <ele>110</ele>
    <time>2026-08-11T18:15:31Z</time>
    <extensions>
     <gpxdata:hr>159</gpxdata:hr>
     <gpxdata:distance>20052.50</gpxdata:distance>
     <gpxdata:speed>10.586</gpxdata:speed>
    </extensions>
   </trkpt>
   <trkpt lat="51.0344199" lon="13.8331947">
    <ele>110</ele>
    <time>2026-08-11T18:15:32Z</time>
    <extensions>
     <gpxdata:hr>158</gpxdata:hr>
     <gpxdata:distance>20063.00</gpxdata:distance>
     <gpxdata:speed>10.592</gpxdata:speed>
    </extensions>
   </trkpt>
   <trkpt lat="51.0344801" lon="13.8330794">
    <ele>110</ele>
    <time>2026-08-11T18:15:33Z</time>
    <extensions>
     <gpxdata:hr>158</gpxdata:hr>
     <gpxdata:distance>20073.50</gpxdata:distance>
     <gpxdata:speed>10.581</gpxdata:speed>
    </extensions>
   </trkpt>
   <trkpt lat="51.0345354" lon="13.8329572">
    <ele>110</ele>
    <time>2026-08-11T18:15:34Z</time>
    <extensions>
     <gpxdata:hr>159</gpxdata:hr>
     <gpxdata:distance>20084.00</gpxdata:distance>
     <gpxdata:speed>10.553</gpxdata:speed>
    </extensions>
   </trkpt>
   <trkpt lat="51.0345869" lon="13.8328296">
    <ele>110</ele>
    <time>2026-08-11T18:15:35Z</time>
    <extensions>
     <gpxdata:hr>159</gpxdata:hr>
     <gpxdata:distance>20095.00</gpxdata:distance>
     <gpxdata:speed>10.561</gpxdata:speed>
    </extensions>
   </trkpt>
   <trkpt lat="51.0346352" lon="13.8326987">
    <ele>110</ele>
    <time>2026-08-11T18:15:36Z</time>
    <extensions>
     <gpxdata:hr>159</gpxdata:hr>
     <gpxdata:distance>20106.00</gpxdata:distance>
     <gpxdata:speed>10.592</gpxdata:speed>
    </extensions>
   </trkpt>
   <trkpt lat="51.0346798" lon="13.8325650">
    <ele>110</ele>
    <time>2026-08-11T18:15:37Z</time>
    <extensions>
     <gpxdata:hr>159</gpxdata:hr>
     <gpxdata:distance>20116.50</gpxdata:distance>
     <gpxdata:speed>10.597</gpxdata:speed>
    </extensions>
   </trkpt>
   <trkpt lat="51.0347213" lon="13.8324283">
    <ele>110</ele>
    <time>2026-08-11T18:15:38Z</time>
    <extensions>
     <gpxdata:hr>159</gpxdata:hr>
     <gpxdata:distance>20127.00</gpxdata:distance>
     <gpxdata:speed>10.589</gpxdata:speed>
    </extensions>
   </trkpt>
   <trkpt lat="51.0347622" lon="13.8322904">
    <ele>110</ele>
    <time>2026-08-11T18:15:39Z</time>
    <extensions>
     <gpxdata:hr>159</gpxdata:hr>
     <gpxdata:distance>20137.50</gpxdata:distance>
     <gpxdata:speed>10.603</gpxdata:speed>
    </extensions>
   </trkpt>
   <trkpt lat="51.0348056" lon="13.8321543">
    <ele>110</ele>
    <time>2026-08-11T18:15:40Z</time>
    <extensions>
     <gpxdata:hr>159</gpxdata:hr>
     <gpxdata:distance>20148.00</gpxdata:distance>
     <gpxdata:speed>10.625</gpxdata:speed>
    </extensions>
   </trkpt>
   <trkpt lat="51.0348529" lon="13.8320208">
    <ele>110</ele>
    <time>2026-08-11T18:15:41Z</time>
    <extensions>
     <gpxdata:hr>159</gpxdata:hr>
     <gpxdata:distance>20159.00</gpxdata:distance>
     <gpxdata:speed>10.647</gpxdata:speed>
    </extensions>
   </trkpt>
   <trkpt lat="51.0349029" lon="13.8318888">
    <ele>110</ele>
    <time>2026-08-11T18:15:42Z</time>
    <extensions>
     <gpxdata:hr>160</gpxdata:hr>
     <gpxdata:distance>20170.00</gpxdata:distance>
     <gpxdata:speed>10.678</gpxdata:speed>
    </extensions>
   </trkpt>
   <trkpt lat="51.0349536" lon="13.8317570">
    <ele>110</ele>
    <time>2026-08-11T18:15:43Z</time>
    <extensions>
     <gpxdata:hr>159</gpxdata:hr>
     <gpxdata:distance>20180.50</gpxdata:distance>
     <gpxdata:speed>10.717</gpxdata:speed>
    </extensions>
   </trkpt>
   <trkpt lat="51.0350033" lon="13.8316237">
    <ele>109</ele>
    <time>2026-08-11T18:15:44Z</time>
    <extensions>
     <gpxdata:hr>159</gpxdata:hr>
     <gpxdata:distance>20191.00</gpxdata:distance>
     <gpxdata:speed>10.753</gpxdata:speed>
    </extensions>
   </trkpt>
   <trkpt lat="51.0350514" lon="13.8314891">
    <ele>109</ele>
    <time>2026-08-11T18:15:45Z</time>
    <extensions>
     <gpxdata:hr>160</gpxdata:hr>
     <gpxdata:distance>20202.00</gpxdata:distance>
     <gpxdata:speed>10.786</gpxdata:speed>
    </extensions>
   </trkpt>
   <trkpt lat="51.0350965" lon="13.8313531">
    <ele>109</ele>
    <time>2026-08-11T18:15:46Z</time>
    <extensions>
     <gpxdata:hr>160</gpxdata:hr>
     <gpxdata:distance>20213.00</gpxdata:distance>
     <gpxdata:speed>10.800</gpxdata:speed>
    </extensions>
   </trkpt>
   <trkpt lat="51.0351388" lon="13.8312157">
    <ele>109</ele>
    <time>2026-08-11T18:15:47Z</time>
    <extensions>
     <gpxdata:hr>159</gpxdata:hr>
     <gpxdata:distance>20223.50</gpxdata:distance>
     <gpxdata:speed>10.783</gpxdata:speed>
    </extensions>
   </trkpt>
   <trkpt lat="51.0351792" lon="13.8310777">
    <ele>109</ele>
    <time>2026-08-11T18:15:48Z</time>
    <extensions>
     <gpxdata:hr>159</gpxdata:hr>
     <gpxdata:distance>20234.00</gpxdata:distance>
     <gpxdata:speed>10.758</gpxdata:speed>
    </extensions>
   </trkpt>
   <trkpt lat="51.0352181" lon="13.8309392">
    <ele>109</ele>
    <time>2026-08-11T18:15:49Z</time>
    <extensions>
     <gpxdata:hr>159</gpxdata:hr>
     <gpxdata:distance>20245.00</gpxdata:distance>
     <gpxdata:speed>10.725</gpxdata:speed>
    </extensions>
   </trkpt>
   <trkpt lat="51.0352561" lon="13.8308012">
    <ele>109</ele>
    <time>2026-08-11T18:15:50Z</time>
    <extensions>
     <gpxdata:hr>159</gpxdata:hr>
     <gpxdata:distance>20256.00</gpxdata:distance>
     <gpxdata:speed>10.686</gpxdata:speed>
    </extensions>
   </trkpt>
   <trkpt lat="51.0352931" lon="13.8306639">
    <ele>109</ele>
    <time>2026-08-11T18:15:51Z</time>
    <extensions>
     <gpxdata:hr>158</gpxdata:hr>
     <gpxdata:distance>20266.50</gpxdata:distance>
     <gpxdata:speed>10.636</gpxdata:speed>
    </extensions>
   </trkpt>
   <trkpt lat="51.0353293" lon="13.8305280">
    <ele>109</ele>
    <time>2026-08-11T18:15:52Z</time>
    <extensions>
     <gpxdata:hr>158</gpxdata:hr>
     <gpxdata:distance>20277.00</gpxdata:distance>
     <gpxdata:speed>10.569</gpxdata:speed>
    </extensions>
   </trkpt>
   <trkpt lat="51.0353655" lon="13.8303936">
    <ele>109</ele>
    <time>2026-08-11T18:15:53Z</time>
    <extensions>
     <gpxdata:hr>158</gpxdata:hr>
     <gpxdata:distance>20287.00</gpxdata:distance>
     <gpxdata:speed>10.483</gpxdata:speed>
    </extensions>
   </trkpt>
   <trkpt lat="51.0354021" lon="13.8302603">
    <ele>109</ele>
    <time>2026-08-11T18:15:54Z</time>
    <extensions>
     <gpxdata:hr>157</gpxdata:hr>
     <gpxdata:distance>20297.00</gpxdata:distance>
     <gpxdata:speed>10.394</gpxdata:speed>
    </extensions>
   </trkpt>
   <trkpt lat="51.0354381" lon="13.8301268">
    <ele>109</ele>
    <time>2026-08-11T18:15:55Z</time>
    <extensions>
     <gpxdata:hr>158</gpxdata:hr>
     <gpxdata:distance>20307.00</gpxdata:distance>
     <gpxdata:speed>10.319</gpxdata:speed>
    </extensions>
   </trkpt>
   <trkpt lat="51.0354731" lon="13.8299923">
    <ele>109</ele>
    <time>2026-08-11T18:15:56Z</time>
    <extensions>
     <gpxdata:hr>158</gpxdata:hr>
     <gpxdata:distance>20317.00</gpxdata:distance>
     <gpxdata:speed>10.269</gpxdata:speed>
    </extensions>
   </trkpt>
   <trkpt lat="51.0355069" lon="13.8298573">
    <ele>109</ele>
    <time>2026-08-11T18:15:57Z</time>
    <extensions>
     <gpxdata:hr>157</gpxdata:hr>
     <gpxdata:distance>20327.50</gpxdata:distance>
     <gpxdata:speed>10.244</gpxdata:speed>
    </extensions>
   </trkpt>
   <trkpt lat="51.0355404" lon="13.8297227">
    <ele>109</ele>
    <time>2026-08-11T18:15:58Z</time>
    <extensions>
     <gpxdata:hr>158</gpxdata:hr>
     <gpxdata:distance>20338.00</gpxdata:distance>
     <gpxdata:speed>10.214</gpxdata:speed>
    </extensions>
   </trkpt>
   <trkpt lat="51.0355755" lon="13.8295899">
    <ele>109</ele>
    <time>2026-08-11T18:15:59Z</time>
    <extensions>
     <gpxdata:hr>158</gpxdata:hr>
     <gpxdata:distance>20348.00</gpxdata:distance>
     <gpxdata:speed>10.178</gpxdata:speed>
    </extensions>
   </trkpt>
   <trkpt lat="51.0356138" lon="13.8294604">
    <ele>109</ele>
    <time>2026-08-11T18:16:00Z</time>
    <extensions>
     <gpxdata:hr>157</gpxdata:hr>
     <gpxdata:distance>20358.00</gpxdata:distance>
     <gpxdata:speed>10.144</gpxdata:speed>
    </extensions>
   </trkpt>
   <trkpt lat="51.0356526" lon="13.8293340">
    <ele>109</ele>
    <time>2026-08-11T18:16:01Z</time>
    <extensions>
     <gpxdata:hr>156</gpxdata:hr>
     <gpxdata:distance>20367.50</gpxdata:distance>
     <gpxdata:speed>10.094</gpxdata:speed>
    </extensions>
   </trkpt>
   <trkpt lat="51.0356894" lon="13.8292096">
    <ele>109</ele>
    <time>2026-08-11T18:16:02Z</time>
    <extensions>
     <gpxdata:hr>155</gpxdata:hr>
     <gpxdata:distance>20377.00</gpxdata:distance>
     <gpxdata:speed>9.997</gpxdata:speed>
    </extensions>
   </trkpt>
   <trkpt lat="51.0357239" lon="13.8290874">
    <ele>109</ele>
    <time>2026-08-11T18:16:03Z</time>
    <extensions>
     <gpxdata:hr>155</gpxdata:hr>
     <gpxdata:distance>20386.50</gpxdata:distance>
     <gpxdata:speed>9.833</gpxdata:speed>
    </extensions>
   </trkpt>
   <trkpt lat="51.0357563" lon="13.8289677">
    <ele>109</ele>
    <time>2026-08-11T18:16:04Z</time>
    <extensions>
     <gpxdata:hr>154</gpxdata:hr>
     <gpxdata:distance>20396.00</gpxdata:distance>
     <gpxdata:speed>9.458</gpxdata:speed>
    </extensions>
   </trkpt>
   <trkpt lat="51.0357879" lon="13.8288506">
    <ele>109</ele>
    <time>2026-08-11T18:16:05Z</time>
    <extensions>
     <gpxdata:hr>153</gpxdata:hr>
     <gpxdata:distance>20405.00</gpxdata:distance>
     <gpxdata:speed>9.214</gpxdata:speed>
    </extensions>
   </trkpt>
   <trkpt lat="51.0358187" lon="13.8287369">
    <ele>110</ele>
    <time>2026-08-11T18:16:06Z</time>
    <extensions>
     <gpxdata:hr>152</gpxdata:hr>
     <gpxdata:distance>20414.00</gpxdata:distance>
     <gpxdata:speed>9.006</gpxdata:speed>
    </extensions>
   </trkpt>
   <trkpt lat="51.0358488" lon="13.8286269">
    <ele>110</ele>
    <time>2026-08-11T18:16:07Z</time>
    <extensions>
     <gpxdata:hr>152</gpxdata:hr>
     <gpxdata:distance>20422.50</gpxdata:distance>
     <gpxdata:speed>8.761</gpxdata:speed>
    </extensions>
   </trkpt>
   <trkpt lat="51.0358786" lon="13.8285205">
    <ele>110</ele>
    <time>2026-08-11T18:16:08Z</time>
    <extensions>
     <gpxdata:hr>150</gpxdata:hr>
     <gpxdata:distance>20431.00</gpxdata:distance>
     <gpxdata:speed>8.492</gpxdata:speed>
    </extensions>
   </trkpt>
   <trkpt lat="51.0359078" lon="13.8284176">
    <ele>111</ele>
    <time>2026-08-11T18:16:09Z</time>
    <extensions>
     <gpxdata:hr>149</gpxdata:hr>
     <gpxdata:distance>20438.50</gpxdata:distance>
     <gpxdata:speed>8.256</gpxdata:speed>
    </extensions>
   </trkpt>
   <trkpt lat="51.0359358" lon="13.8283173">
    <ele>111</ele>
    <time>2026-08-11T18:16:10Z</time>
    <extensions>
     <gpxdata:hr>148</gpxdata:hr>
     <gpxdata:distance>20446.00</gpxdata:distance>
     <gpxdata:speed>8.003</gpxdata:speed>
    </extensions>
   </trkpt>
   <trkpt lat="51.0359624" lon="13.8282187">
    <ele>111</ele>
    <time>2026-08-11T18:16:11Z</time>
    <extensions>
     <gpxdata:hr>147</gpxdata:hr>
     <gpxdata:distance>20453.50</gpxdata:distance>
     <gpxdata:speed>7.794</gpxdata:speed>
    </extensions>
   </trkpt>
   <trkpt lat="51.0359878" lon="13.8281216">
    <ele>111</ele>
    <time>2026-08-11T18:16:12Z</time>
    <extensions>
     <gpxdata:hr>145</gpxdata:hr>
     <gpxdata:distance>20461.00</gpxdata:distance>
     <gpxdata:speed>7.611</gpxdata:speed>
    </extensions>
   </trkpt>
   <trkpt lat="51.0360128" lon="13.8280252">
    <ele>111</ele>
    <time>2026-08-11T18:16:13Z</time>
    <extensions>
     <gpxdata:hr>144</gpxdata:hr>
     <gpxdata:distance>20468.50</gpxdata:distance>
     <gpxdata:speed>7.458</gpxdata:speed>
    </extensions>
   </trkpt>
   <trkpt lat="51.0360374" lon="13.8279290">
    <ele>111</ele>
    <time>2026-08-11T18:16:14Z</time>
    <extensions>
     <gpxdata:hr>143</gpxdata:hr>
     <gpxdata:distance>20476.00</gpxdata:distance>
     <gpxdata:speed>7.372</gpxdata:speed>
    </extensions>
   </trkpt>
   <trkpt lat="51.0360623" lon="13.8278339">
    <ele>111</ele>
    <time>2026-08-11T18:16:15Z</time>
    <extensions>
     <gpxdata:hr>142</gpxdata:hr>
     <gpxdata:distance>20483.00</gpxdata:distance>
     <gpxdata:speed>7.331</gpxdata:speed>
    </extensions>
   </trkpt>
   <trkpt lat="51.0360883" lon="13.8277409">
    <ele>111</ele>
    <time>2026-08-11T18:16:16Z</time>
    <extensions>
     <gpxdata:hr>141</gpxdata:hr>
     <gpxdata:distance>20490.00</gpxdata:distance>
     <gpxdata:speed>7.244</gpxdata:speed>
    </extensions>
   </trkpt>
   <trkpt lat="51.0361168" lon="13.8276498">
    <ele>111</ele>
    <time>2026-08-11T18:16:17Z</time>
    <extensions>
     <gpxdata:hr>139</gpxdata:hr>
     <gpxdata:distance>20497.50</gpxdata:distance>
     <gpxdata:speed>7.161</gpxdata:speed>
    </extensions>
   </trkpt>
   <trkpt lat="51.0361489" lon="13.8275618">
    <ele>111</ele>
    <time>2026-08-11T18:16:18Z</time>
    <extensions>
     <gpxdata:hr>138</gpxdata:hr>
     <gpxdata:distance>20505.00</gpxdata:distance>
     <gpxdata:speed>7.139</gpxdata:speed>
    </extensions>
   </trkpt>
   <trkpt lat="51.0361845" lon="13.8274778">
    <ele>110</ele>
    <time>2026-08-11T18:16:19Z</time>
    <extensions>
     <gpxdata:hr>137</gpxdata:hr>
     <gpxdata:distance>20512.00</gpxdata:distance>
     <gpxdata:speed>7.150</gpxdata:speed>
    </extensions>
   </trkpt>
   <trkpt lat="51.0362223" lon="13.8273967">
    <ele>110</ele>
    <time>2026-08-11T18:16:20Z</time>
    <extensions>
     <gpxdata:hr>137</gpxdata:hr>
     <gpxdata:distance>20519.00</gpxdata:distance>
     <gpxdata:speed>7.111</gpxdata:speed>
    </extensions>
   </trkpt>
   <trkpt lat="51.0362611" lon="13.8273169">
    <ele>110</ele>
    <time>2026-08-11T18:16:21Z</time>
    <extensions>
     <gpxdata:hr>136</gpxdata:hr>
     <gpxdata:distance>20526.00</gpxdata:distance>
     <gpxdata:speed>7.081</gpxdata:speed>
    </extensions>
   </trkpt>
   <trkpt lat="51.0363002" lon="13.8272371">
    <ele>110</ele>
    <time>2026-08-11T18:16:22Z</time>
    <extensions>
     <gpxdata:hr>135</gpxdata:hr>
     <gpxdata:distance>20533.00</gpxdata:distance>
     <gpxdata:speed>7.067</gpxdata:speed>
    </extensions>
   </trkpt>
   <trkpt lat="51.0363388" lon="13.8271571">
    <ele>110</ele>
    <time>2026-08-11T18:16:23Z</time>
    <extensions>
     <gpxdata:hr>134</gpxdata:hr>
     <gpxdata:distance>20540.00</gpxdata:distance>
     <gpxdata:speed>7.067</gpxdata:speed>
    </extensions>
   </trkpt>
   <trkpt lat="51.0363771" lon="13.8270771">
    <ele>110</ele>
    <time>2026-08-11T18:16:24Z</time>
    <extensions>
     <gpxdata:hr>134</gpxdata:hr>
     <gpxdata:distance>20547.00</gpxdata:distance>
     <gpxdata:speed>7.058</gpxdata:speed>
    </extensions>
   </trkpt>
   <trkpt lat="51.0364148" lon="13.8269974">
    <ele>110</ele>
    <time>2026-08-11T18:16:25Z</time>
    <extensions>
     <gpxdata:hr>132</gpxdata:hr>
     <gpxdata:distance>20554.00</gpxdata:distance>
     <gpxdata:speed>7.047</gpxdata:speed>
    </extensions>
   </trkpt>
   <trkpt lat="51.0364507" lon="13.8269194">
    <ele>110</ele>
    <time>2026-08-11T18:16:26Z</time>
    <extensions>
     <gpxdata:hr>131</gpxdata:hr>
     <gpxdata:distance>20561.00</gpxdata:distance>
     <gpxdata:speed>7.019</gpxdata:speed>
    </extensions>
   </trkpt>
   <trkpt lat="51.0364842" lon="13.8268458">
    <ele>110</ele>
    <time>2026-08-11T18:16:27Z</time>
    <extensions>
     <gpxdata:hr>130</gpxdata:hr>
     <gpxdata:distance>20567.50</gpxdata:distance>
     <gpxdata:speed>6.917</gpxdata:speed>
    </extensions>
   </trkpt>
   <trkpt lat="51.0365164" lon="13.8267767">
    <ele>110</ele>
    <time>2026-08-11T18:16:28Z</time>
    <extensions>
     <gpxdata:hr>129</gpxdata:hr>
     <gpxdata:distance>20574.00</gpxdata:distance>
     <gpxdata:speed>6.442</gpxdata:speed>
    </extensions>
   </trkpt>
   <trkpt lat="51.0365479" lon="13.8267105">
    <ele>110</ele>
    <time>2026-08-11T18:16:29Z</time>
    <extensions>
     <gpxdata:hr>129</gpxdata:hr>
     <gpxdata:distance>20579.50</gpxdata:distance>
     <gpxdata:speed>6.119</gpxdata:speed>
    </extensions>
   </trkpt>
   <trkpt lat="51.0365701" lon="13.8266625">
    <ele>110</ele>
    <time>2026-08-11T18:16:30Z</time>
    <extensions>
     <gpxdata:hr>127</gpxdata:hr>
     <gpxdata:distance>20585.00</gpxdata:distance>
     <gpxdata:speed>5.933</gpxdata:speed>
    </extensions>
   </trkpt>
   <trkpt lat="51.0365988" lon="13.8265987">
    <ele>110</ele>
    <time>2026-08-11T18:16:31Z</time>
    <extensions>
     <gpxdata:hr>126</gpxdata:hr>
     <gpxdata:distance>20591.00</gpxdata:distance>
     <gpxdata:speed>5.878</gpxdata:speed>
    </extensions>
   </trkpt>
   <trkpt lat="51.0366414" lon="13.8265016">
    <ele>110</ele>
    <time>2026-08-11T18:16:32Z</time>
    <extensions>
     <gpxdata:hr>125</gpxdata:hr>
     <gpxdata:distance>20597.00</gpxdata:distance>
     <gpxdata:speed>6.064</gpxdata:speed>
    </extensions>
   </trkpt>
   <trkpt lat="51.0366774" lon="13.8264183">
    <ele>110</ele>
    <time>2026-08-11T18:16:33Z</time>
    <extensions>
     <gpxdata:hr>124</gpxdata:hr>
     <gpxdata:distance>20604.00</gpxdata:distance>
     <gpxdata:speed>6.389</gpxdata:speed>
    </extensions>
   </trkpt>
   <trkpt lat="51.0367150" lon="13.8263324">
    <ele>110</ele>
    <time>2026-08-11T18:16:34Z</time>
    <extensions>
     <gpxdata:hr>123</gpxdata:hr>
     <gpxdata:distance>20611.00</gpxdata:distance>
     <gpxdata:speed>6.639</gpxdata:speed>
    </extensions>
   </trkpt>
   <trkpt lat="51.0367554" lon="13.8262447">
    <ele>110</ele>
    <time>2026-08-11T18:16:35Z</time>
    <extensions>
     <gpxdata:hr>123</gpxdata:hr>
     <gpxdata:distance>20619.00</gpxdata:distance>
     <gpxdata:speed>6.903</gpxdata:speed>
    </extensions>
   </trkpt>
   <trkpt lat="51.0367970" lon="13.8261568">
    <ele>110</ele>
    <time>2026-08-11T18:16:36Z</time>
    <extensions>
     <gpxdata:hr>124</gpxdata:hr>
     <gpxdata:distance>20627.00</gpxdata:distance>
     <gpxdata:speed>7.150</gpxdata:speed>
    </extensions>
   </trkpt>
   <trkpt lat="51.0368382" lon="13.8260689">
    <ele>110</ele>
    <time>2026-08-11T18:16:37Z</time>
    <extensions>
     <gpxdata:hr>124</gpxdata:hr>
     <gpxdata:distance>20634.50</gpxdata:distance>
     <gpxdata:speed>7.511</gpxdata:speed>
    </extensions>
   </trkpt>
   <trkpt lat="51.0368788" lon="13.8259818">
    <ele>110</ele>
    <time>2026-08-11T18:16:38Z</time>
    <extensions>
     <gpxdata:hr>124</gpxdata:hr>
     <gpxdata:distance>20642.00</gpxdata:distance>
     <gpxdata:speed>7.564</gpxdata:speed>
    </extensions>
   </trkpt>
   <trkpt lat="51.0369179" lon="13.8258962">
    <ele>111</ele>
    <time>2026-08-11T18:16:39Z</time>
    <extensions>
     <gpxdata:hr>126</gpxdata:hr>
     <gpxdata:distance>20649.00</gpxdata:distance>
     <gpxdata:speed>7.531</gpxdata:speed>
    </extensions>
   </trkpt>
   <trkpt lat="51.0369550" lon="13.8258102">
    <ele>111</ele>
    <time>2026-08-11T18:16:40Z</time>
    <extensions>
     <gpxdata:hr>128</gpxdata:hr>
     <gpxdata:distance>20656.00</gpxdata:distance>
     <gpxdata:speed>7.389</gpxdata:speed>
    </extensions>
   </trkpt>
   <trkpt lat="51.0369912" lon="13.8257233">
    <ele>111</ele>
    <time>2026-08-11T18:16:41Z</time>
    <extensions>
     <gpxdata:hr>129</gpxdata:hr>
     <gpxdata:distance>20663.50</gpxdata:distance>
     <gpxdata:speed>7.328</gpxdata:speed>
    </extensions>
   </trkpt>
   <trkpt lat="51.0370277" lon="13.8256357">
    <ele>111</ele>
    <time>2026-08-11T18:16:42Z</time>
    <extensions>
     <gpxdata:hr>129</gpxdata:hr>
     <gpxdata:distance>20671.00</gpxdata:distance>
     <gpxdata:speed>7.333</gpxdata:speed>
    </extensions>
   </trkpt>
   <trkpt lat="51.0370650" lon="13.8255471">
    <ele>111</ele>
    <time>2026-08-11T18:16:43Z</time>
    <extensions>
     <gpxdata:hr>130</gpxdata:hr>
     <gpxdata:distance>20678.50</gpxdata:distance>
     <gpxdata:speed>7.389</gpxdata:speed>
    </extensions>
   </trkpt>
   <trkpt lat="51.0371027" lon="13.8254580">
    <ele>111</ele>
    <time>2026-08-11T18:16:44Z</time>
    <extensions>
     <gpxdata:hr>129</gpxdata:hr>
     <gpxdata:distance>20686.00</gpxdata:distance>
     <gpxdata:speed>7.461</gpxdata:speed>
    </extensions>
   </trkpt>
   <trkpt lat="51.0371406" lon="13.8253676">
    <ele>111</ele>
    <time>2026-08-11T18:16:45Z</time>
    <extensions>
     <gpxdata:hr>129</gpxdata:hr>
     <gpxdata:distance>20693.50</gpxdata:distance>
     <gpxdata:speed>7.489</gpxdata:speed>
    </extensions>
   </trkpt>
   <trkpt lat="51.0371787" lon="13.8252771">
    <ele>111</ele>
    <time>2026-08-11T18:16:46Z</time>
    <extensions>
     <gpxdata:hr>128</gpxdata:hr>
     <gpxdata:distance>20701.00</gpxdata:distance>
     <gpxdata:speed>7.536</gpxdata:speed>
    </extensions>
   </trkpt>
   <trkpt lat="51.0372171" lon="13.8251872">
    <ele>111</ele>
    <time>2026-08-11T18:16:47Z</time>
    <extensions>
     <gpxdata:hr>128</gpxdata:hr>
     <gpxdata:distance>20709.00</gpxdata:distance>
     <gpxdata:speed>7.558</gpxdata:speed>
    </extensions>
   </trkpt>
   <trkpt lat="51.0372558" lon="13.8250982">
    <ele>111</ele>
    <time>2026-08-11T18:16:48Z</time>
    <extensions>
     <gpxdata:hr>127</gpxdata:hr>
     <gpxdata:distance>20717.00</gpxdata:distance>
     <gpxdata:speed>7.572</gpxdata:speed>
    </extensions>
   </trkpt>
   <trkpt lat="51.0372939" lon="13.8250090">
    <ele>110</ele>
    <time>2026-08-11T18:16:49Z</time>
    <extensions>
     <gpxdata:hr>127</gpxdata:hr>
     <gpxdata:distance>20724.50</gpxdata:distance>
     <gpxdata:speed>7.567</gpxdata:speed>
    </extensions>
   </trkpt>
   <trkpt lat="51.0373317" lon="13.8249206">
    <ele>110</ele>
    <time>2026-08-11T18:16:50Z</time>
    <extensions>
     <gpxdata:hr>126</gpxdata:hr>
     <gpxdata:distance>20732.00</gpxdata:distance>
     <gpxdata:speed>7.561</gpxdata:speed>
    </extensions>
   </trkpt>
   <trkpt lat="51.0373697" lon="13.8248325">
    <ele>110</ele>
    <time>2026-08-11T18:16:51Z</time>
    <extensions>
     <gpxdata:hr>125</gpxdata:hr>
     <gpxdata:distance>20739.00</gpxdata:distance>
     <gpxdata:speed>7.531</gpxdata:speed>
    </extensions>
   </trkpt>
   <trkpt lat="51.0374073" lon="13.8247447">
    <ele>110</ele>
    <time>2026-08-11T18:16:52Z</time>
    <extensions>
     <gpxdata:hr>125</gpxdata:hr>
     <gpxdata:distance>20746.00</gpxdata:distance>
     <gpxdata:speed>7.514</gpxdata:speed>
    </extensions>
   </trkpt>
   <trkpt lat="51.0374443" lon="13.8246592">
    <ele>110</ele>
    <time>2026-08-11T18:16:53Z</time>
    <extensions>
     <gpxdata:hr>125</gpxdata:hr>
     <gpxdata:distance>20753.50</gpxdata:distance>
     <gpxdata:speed>7.486</gpxdata:speed>
    </extensions>
   </trkpt>
   <trkpt lat="51.0374805" lon="13.8245766">
    <ele>110</ele>
    <time>2026-08-11T18:16:54Z</time>
    <extensions>
     <gpxdata:hr>126</gpxdata:hr>
     <gpxdata:distance>20761.00</gpxdata:distance>
     <gpxdata:speed>7.397</gpxdata:speed>
    </extensions>
   </trkpt>
   <trkpt lat="51.0375155" lon="13.8244963">
    <ele>110</ele>
    <time>2026-08-11T18:16:55Z</time>
    <extensions>
     <gpxdata:hr>126</gpxdata:hr>
     <gpxdata:distance>20768.00</gpxdata:distance>
     <gpxdata:speed>7.269</gpxdata:speed>
    </extensions>
   </trkpt>
   <trkpt lat="51.0375490" lon="13.8244191">
    <ele>110</ele>
    <time>2026-08-11T18:16:56Z</time>
    <extensions>
     <gpxdata:hr>126</gpxdata:hr>
     <gpxdata:distance>20775.00</gpxdata:distance>
     <gpxdata:speed>7.108</gpxdata:speed>
    </extensions>
   </trkpt>
   <trkpt lat="51.0375817" lon="13.8243437">
    <ele>109</ele>
    <time>2026-08-11T18:16:57Z</time>
    <extensions>
     <gpxdata:hr>127</gpxdata:hr>
     <gpxdata:distance>20781.00</gpxdata:distance>
     <gpxdata:speed>6.669</gpxdata:speed>
    </extensions>
   </trkpt>
   <trkpt lat="51.0376138" lon="13.8242691">
    <ele>110</ele>
    <time>2026-08-11T18:16:58Z</time>
    <extensions>
     <gpxdata:hr>127</gpxdata:hr>
     <gpxdata:distance>20787.00</gpxdata:distance>
     <gpxdata:speed>6.506</gpxdata:speed>
    </extensions>
   </trkpt>
   <trkpt lat="51.0376466" lon="13.8241945">
    <ele>110</ele>
    <time>2026-08-11T18:16:59Z</time>
    <extensions>
     <gpxdata:hr>126</gpxdata:hr>
     <gpxdata:distance>20793.50</gpxdata:distance>
     <gpxdata:speed>6.417</gpxdata:speed>
    </extensions>
   </trkpt>
   <trkpt lat="51.0376804" lon="13.8241198">
    <ele>110</ele>
    <time>2026-08-11T18:17:00Z</time>
    <extensions>
     <gpxdata:hr>126</gpxdata:hr>
     <gpxdata:distance>20800.00</gpxdata:distance>
     <gpxdata:speed>6.431</gpxdata:speed>
    </extensions>
   </trkpt>
   <trkpt lat="51.0377148" lon="13.8240436">
    <ele>110</ele>
    <time>2026-08-11T18:17:01Z</time>
    <extensions>
     <gpxdata:hr>125</gpxdata:hr>
     <gpxdata:distance>20806.50</gpxdata:distance>
     <gpxdata:speed>6.467</gpxdata:speed>
    </extensions>
   </trkpt>
   <trkpt lat="51.0377505" lon="13.8239642">
    <ele>110</ele>
    <time>2026-08-11T18:17:02Z</time>
    <extensions>
     <gpxdata:hr>124</gpxdata:hr>
     <gpxdata:distance>20813.00</gpxdata:distance>
     <gpxdata:speed>6.561</gpxdata:speed>
    </extensions>
   </trkpt>
   <trkpt lat="51.0377882" lon="13.8238786">
    <ele>110</ele>
    <time>2026-08-11T18:17:03Z</time>
    <extensions>
     <gpxdata:hr>124</gpxdata:hr>
     <gpxdata:distance>20820.50</gpxdata:distance>
     <gpxdata:speed>6.769</gpxdata:speed>
    </extensions>
   </trkpt>
   <trkpt lat="51.0378286" lon="13.8237859">
    <ele>110</ele>
    <time>2026-08-11T18:17:04Z</time>
    <extensions>
     <gpxdata:hr>124</gpxdata:hr>
     <gpxdata:distance>20828.00</gpxdata:distance>
     <gpxdata:speed>7.028</gpxdata:speed>
    </extensions>
   </trkpt>
   <trkpt lat="51.0378715" lon="13.8236864">
    <ele>110</ele>
    <time>2026-08-11T18:17:05Z</time>
    <extensions>
     <gpxdata:hr>124</gpxdata:hr>
     <gpxdata:distance>20836.50</gpxdata:distance>
     <gpxdata:speed>7.728</gpxdata:speed>
    </extensions>
   </trkpt>
   <trkpt lat="51.0379163" lon="13.8235803">
    <ele>110</ele>
    <time>2026-08-11T18:17:06Z</time>
    <extensions>
     <gpxdata:hr>126</gpxdata:hr>
     <gpxdata:distance>20845.00</gpxdata:distance>
     <gpxdata:speed>8.247</gpxdata:speed>
    </extensions>
   </trkpt>
   <trkpt lat="51.0379627" lon="13.8234706">
    <ele>110</ele>
    <time>2026-08-11T18:17:07Z</time>
    <extensions>
     <gpxdata:hr>128</gpxdata:hr>
     <gpxdata:distance>20854.50</gpxdata:distance>
     <gpxdata:speed>8.742</gpxdata:speed>
    </extensions>
   </trkpt>
   <trkpt lat="51.0380098" lon="13.8233597">
    <ele>110</ele>
    <time>2026-08-11T18:17:08Z</time>
    <extensions>
     <gpxdata:hr>129</gpxdata:hr>
     <gpxdata:distance>20864.00</gpxdata:distance>
     <gpxdata:speed>9.058</gpxdata:speed>
    </extensions>
   </trkpt>
   <trkpt lat="51.0380571" lon="13.8232482">
    <ele>110</ele>
    <time>2026-08-11T18:17:09Z</time>
    <extensions>
     <gpxdata:hr>132</gpxdata:hr>
     <gpxdata:distance>20873.50</gpxdata:distance>
     <gpxdata:speed>9.186</gpxdata:speed>
    </extensions>
   </trkpt>
   <trkpt lat="51.0381049" lon="13.8231366">
    <ele>111</ele>
    <time>2026-08-11T18:17:10Z</time>
    <extensions>
     <gpxdata:hr>134</gpxdata:hr>
     <gpxdata:distance>20883.00</gpxdata:distance>
     <gpxdata:speed>9.297</gpxdata:speed>
    </extensions>
   </trkpt>
   <trkpt lat="51.0381531" lon="13.8230228">
    <ele>111</ele>
    <time>2026-08-11T18:17:11Z</time>
    <extensions>
     <gpxdata:hr>136</gpxdata:hr>
     <gpxdata:distance>20892.50</gpxdata:distance>
     <gpxdata:speed>9.378</gpxdata:speed>
    </extensions>
   </trkpt>
   <trkpt lat="51.0382016" lon="13.8229054">
    <ele>111</ele>
    <time>2026-08-11T18:17:12Z</time>
    <extensions>
     <gpxdata:hr>137</gpxdata:hr>
     <gpxdata:distance>20902.00</gpxdata:distance>
     <gpxdata:speed>9.556</gpxdata:speed>
    </extensions>
   </trkpt>
   <trkpt lat="51.0382499" lon="13.8227836">
    <ele>111</ele>
    <time>2026-08-11T18:17:13Z</time>
    <extensions>
     <gpxdata:hr>138</gpxdata:hr>
     <gpxdata:distance>20912.00</gpxdata:distance>
     <gpxdata:speed>9.775</gpxdata:speed>
    </extensions>
   </trkpt>
   <trkpt lat="51.0382984" lon="13.8226570">
    <ele>111</ele>
    <time>2026-08-11T18:17:14Z</time>
    <extensions>
     <gpxdata:hr>140</gpxdata:hr>
     <gpxdata:distance>20922.00</gpxdata:distance>
     <gpxdata:speed>10.011</gpxdata:speed>
    </extensions>
   </trkpt>
   <trkpt lat="51.0383490" lon="13.8225298">
    <ele>111</ele>
    <time>2026-08-11T18:17:15Z</time>
    <extensions>
     <gpxdata:hr>142</gpxdata:hr>
     <gpxdata:distance>20932.50</gpxdata:distance>
     <gpxdata:speed>10.286</gpxdata:speed>
    </extensions>
   </trkpt>
   <trkpt lat="51.0384024" lon="13.8224064">
    <ele>111</ele>
    <time>2026-08-11T18:17:16Z</time>
    <extensions>
     <gpxdata:hr>143</gpxdata:hr>
     <gpxdata:distance>20943.00</gpxdata:distance>
     <gpxdata:speed>10.425</gpxdata:speed>
    </extensions>
   </trkpt>
   <trkpt lat="51.0384560" lon="13.8222867">
    <ele>112</ele>
    <time>2026-08-11T18:17:17Z</time>
    <extensions>
     <gpxdata:hr>145</gpxdata:hr>
     <gpxdata:distance>20953.50</gpxdata:distance>
     <gpxdata:speed>10.439</gpxdata:speed>
    </extensions>
   </trkpt>
   <trkpt lat="51.0385079" lon="13.8221691">
    <ele>112</ele>
    <time>2026-08-11T18:17:18Z</time>
    <extensions>
     <gpxdata:hr>145</gpxdata:hr>
     <gpxdata:distance>20964.00</gpxdata:distance>
     <gpxdata:speed>10.361</gpxdata:speed>
    </extensions>
   </trkpt>
   <trkpt lat="51.0385589" lon="13.8220520">
    <ele>111</ele>
    <time>2026-08-11T18:17:19Z</time>
    <extensions>
     <gpxdata:hr>146</gpxdata:hr>
     <gpxdata:distance>20973.50</gpxdata:distance>
     <gpxdata:speed>10.242</gpxdata:speed>
    </extensions>
   </trkpt>
   <trkpt lat="51.0386102" lon="13.8219345">
    <ele>111</ele>
    <time>2026-08-11T18:17:20Z</time>
    <extensions>
     <gpxdata:hr>146</gpxdata:hr>
     <gpxdata:distance>20983.00</gpxdata:distance>
     <gpxdata:speed>10.056</gpxdata:speed>
    </extensions>
   </trkpt>
   <trkpt lat="51.0386625" lon="13.8218164">
    <ele>111</ele>
    <time>2026-08-11T18:17:21Z</time>
    <extensions>
     <gpxdata:hr>147</gpxdata:hr>
     <gpxdata:distance>20993.50</gpxdata:distance>
     <gpxdata:speed>10.072</gpxdata:speed>
    </extensions>
   </trkpt>
   <trkpt lat="51.0387156" lon="13.8216991">
    <ele>111</ele>
    <time>2026-08-11T18:17:22Z</time>
    <extensions>
     <gpxdata:hr>147</gpxdata:hr>
     <gpxdata:distance>21004.00</gpxdata:distance>
     <gpxdata:speed>10.111</gpxdata:speed>
    </extensions>
   </trkpt>
   <trkpt lat="51.0387690" lon="13.8215845">
    <ele>111</ele>
    <time>2026-08-11T18:17:23Z</time>
    <extensions>
     <gpxdata:hr>147</gpxdata:hr>
     <gpxdata:distance>21014.00</gpxdata:distance>
     <gpxdata:speed>10.119</gpxdata:speed>
    </extensions>
   </trkpt>
   <trkpt lat="51.0388205" lon="13.8214752">
    <ele>111</ele>
    <time>2026-08-11T18:17:24Z</time>
    <extensions>
     <gpxdata:hr>146</gpxdata:hr>
     <gpxdata:distance>21024.00</gpxdata:distance>
     <gpxdata:speed>10.058</gpxdata:speed>
    </extensions>
   </trkpt>
   <trkpt lat="51.0388664" lon="13.8213795">
    <ele>111</ele>
    <time>2026-08-11T18:17:25Z</time>
    <extensions>
     <gpxdata:hr>146</gpxdata:hr>
     <gpxdata:distance>21032.00</gpxdata:distance>
     <gpxdata:speed>9.600</gpxdata:speed>
    </extensions>
   </trkpt>
   <trkpt lat="51.0389026" lon="13.8213014">
    <ele>111</ele>
    <time>2026-08-11T18:17:26Z</time>
    <extensions>
     <gpxdata:hr>146</gpxdata:hr>
     <gpxdata:distance>21040.00</gpxdata:distance>
     <gpxdata:speed>8.553</gpxdata:speed>
    </extensions>
   </trkpt>
   <trkpt lat="51.0389323" lon="13.8212299">
    <ele>111</ele>
    <time>2026-08-11T18:17:27Z</time>
    <extensions>
     <gpxdata:hr>147</gpxdata:hr>
     <gpxdata:distance>21045.50</gpxdata:distance>
     <gpxdata:speed>8.400</gpxdata:speed>
    </extensions>
   </trkpt>
   <trkpt lat="51.0389633" lon="13.8211558">
    <ele>111</ele>
    <time>2026-08-11T18:17:28Z</time>
    <extensions>
     <gpxdata:hr>146</gpxdata:hr>
     <gpxdata:distance>21051.00</gpxdata:distance>
     <gpxdata:speed>8.400</gpxdata:speed>
    </extensions>
   </trkpt>
   <trkpt lat="51.0389993" lon="13.8210793">
    <ele>111</ele>
    <time>2026-08-11T18:17:29Z</time>
    <extensions>
     <gpxdata:hr>147</gpxdata:hr>
     <gpxdata:distance>21058.50</gpxdata:distance>
     <gpxdata:speed>6.708</gpxdata:speed>
    </extensions>
   </trkpt>
   <trkpt lat="51.0390362" lon="13.8210064">
    <ele>110</ele>
    <time>2026-08-11T18:17:30Z</time>
    <extensions>
     <gpxdata:hr>147</gpxdata:hr>
     <gpxdata:distance>21066.00</gpxdata:distance>
     <gpxdata:speed>6.944</gpxdata:speed>
    </extensions>
   </trkpt>
   <trkpt lat="51.0390693" lon="13.8209430">
    <ele>110</ele>
    <time>2026-08-11T18:17:31Z</time>
    <extensions>
     <gpxdata:hr>146</gpxdata:hr>
     <gpxdata:distance>21071.50</gpxdata:distance>
     <gpxdata:speed>6.800</gpxdata:speed>
    </extensions>
   </trkpt>
   <trkpt lat="51.0390882" lon="13.8209053">
    <ele>110</ele>
    <time>2026-08-11T18:17:32Z</time>
    <extensions>
     <gpxdata:hr>145</gpxdata:hr>
     <gpxdata:distance>21077.00</gpxdata:distance>
     <gpxdata:speed>5.744</gpxdata:speed>
    </extensions>
   </trkpt>
   <trkpt lat="51.0391061" lon="13.8208647">
    <ele>110</ele>
    <time>2026-08-11T18:17:33Z</time>
    <extensions>
     <gpxdata:hr>146</gpxdata:hr>
     <gpxdata:distance>21080.00</gpxdata:distance>
     <gpxdata:speed>4.769</gpxdata:speed>
    </extensions>
   </trkpt>
   <trkpt lat="51.0391239" lon="13.8208238">
    <ele>110</ele>
    <time>2026-08-11T18:17:34Z</time>
    <extensions>
     <gpxdata:hr>145</gpxdata:hr>
     <gpxdata:distance>21083.00</gpxdata:distance>
     <gpxdata:speed>3.892</gpxdata:speed>
    </extensions>
   </trkpt>
   <trkpt lat="51.0391473" lon="13.8207787">
    <ele>110</ele>
    <time>2026-08-11T18:17:35Z</time>
    <extensions>
     <gpxdata:hr>145</gpxdata:hr>
     <gpxdata:distance>21087.50</gpxdata:distance>
     <gpxdata:speed>3.892</gpxdata:speed>
    </extensions>
   </trkpt>
   <trkpt lat="51.0391781" lon="13.8207255">
    <ele>110</ele>
    <time>2026-08-11T18:17:36Z</time>
    <extensions>
     <gpxdata:hr>144</gpxdata:hr>
     <gpxdata:distance>21092.00</gpxdata:distance>
     <gpxdata:speed>4.544</gpxdata:speed>
    </extensions>
   </trkpt>
   <trkpt lat="51.0392147" lon="13.8206614">
    <ele>110</ele>
    <time>2026-08-11T18:17:37Z</time>
    <extensions>
     <gpxdata:hr>144</gpxdata:hr>
     <gpxdata:distance>21099.00</gpxdata:distance>
     <gpxdata:speed>4.547</gpxdata:speed>
    </extensions>
   </trkpt>
   <trkpt lat="51.0392684" lon="13.8205619">
    <ele>110</ele>
    <time>2026-08-11T18:17:38Z</time>
    <extensions>
     <gpxdata:hr>144</gpxdata:hr>
     <gpxdata:distance>21106.00</gpxdata:distance>
     <gpxdata:speed>6.217</gpxdata:speed>
    </extensions>
   </trkpt>
   <trkpt lat="51.0393137" lon="13.8204733">
    <ele>110</ele>
    <time>2026-08-11T18:17:39Z</time>
    <extensions>
     <gpxdata:hr>144</gpxdata:hr>
     <gpxdata:distance>21113.50</gpxdata:distance>
     <gpxdata:speed>6.978</gpxdata:speed>
    </extensions>
   </trkpt>
   <trkpt lat="51.0393598" lon="13.8203801">
    <ele>110</ele>
    <time>2026-08-11T18:17:40Z</time>
    <extensions>
     <gpxdata:hr>144</gpxdata:hr>
     <gpxdata:distance>21121.00</gpxdata:distance>
     <gpxdata:speed>7.511</gpxdata:speed>
    </extensions>
   </trkpt>
   <trkpt lat="51.0394101" lon="13.8202825">
    <ele>110</ele>
    <time>2026-08-11T18:17:41Z</time>
    <extensions>
     <gpxdata:hr>144</gpxdata:hr>
     <gpxdata:distance>21130.00</gpxdata:distance>
     <gpxdata:speed>8.028</gpxdata:speed>
    </extensions>
   </trkpt>
   <trkpt lat="51.0394666" lon="13.8201850">
    <ele>110</ele>
    <time>2026-08-11T18:17:42Z</time>
    <extensions>
     <gpxdata:hr>144</gpxdata:hr>
     <gpxdata:distance>21139.00</gpxdata:distance>
     <gpxdata:speed>8.606</gpxdata:speed>
    </extensions>
   </trkpt>
   <trkpt lat="51.0395284" lon="13.8200883">
    <ele>111</ele>
    <time>2026-08-11T18:17:43Z</time>
    <extensions>
     <gpxdata:hr>144</gpxdata:hr>
     <gpxdata:distance>21149.00</gpxdata:distance>
     <gpxdata:speed>9.078</gpxdata:speed>
    </extensions>
   </trkpt>
   <trkpt lat="51.0395936" lon="13.8199924">
    <ele>111</ele>
    <time>2026-08-11T18:17:44Z</time>
    <extensions>
     <gpxdata:hr>145</gpxdata:hr>
     <gpxdata:distance>21159.00</gpxdata:distance>
     <gpxdata:speed>9.431</gpxdata:speed>
    </extensions>
   </trkpt>
   <trkpt lat="51.0396604" lon="13.8198971">
    <ele>111</ele>
    <time>2026-08-11T18:17:45Z</time>
    <extensions>
     <gpxdata:hr>146</gpxdata:hr>
     <gpxdata:distance>21168.50</gpxdata:distance>
     <gpxdata:speed>9.653</gpxdata:speed>
    </extensions>
   </trkpt>
   <trkpt lat="51.0397285" lon="13.8198040">
    <ele>111</ele>
    <time>2026-08-11T18:17:46Z</time>
    <extensions>
     <gpxdata:hr>146</gpxdata:hr>
     <gpxdata:distance>21178.00</gpxdata:distance>
     <gpxdata:speed>9.750</gpxdata:speed>
    </extensions>
   </trkpt>
   <trkpt lat="51.0397976" lon="13.8197131">
    <ele>111</ele>
    <time>2026-08-11T18:17:47Z</time>
    <extensions>
     <gpxdata:hr>148</gpxdata:hr>
     <gpxdata:distance>21188.00</gpxdata:distance>
     <gpxdata:speed>9.858</gpxdata:speed>
    </extensions>
   </trkpt>
   <trkpt lat="51.0398693" lon="13.8196282">
    <ele>111</ele>
    <time>2026-08-11T18:17:48Z</time>
    <extensions>
     <gpxdata:hr>149</gpxdata:hr>
     <gpxdata:distance>21198.00</gpxdata:distance>
     <gpxdata:speed>9.917</gpxdata:speed>
    </extensions>
   </trkpt>
   <trkpt lat="51.0399438" lon="13.8195502">
    <ele>111</ele>
    <time>2026-08-11T18:17:49Z</time>
    <extensions>
     <gpxdata:hr>151</gpxdata:hr>
     <gpxdata:distance>21208.00</gpxdata:distance>
     <gpxdata:speed>9.917</gpxdata:speed>
    </extensions>
   </trkpt>
   <trkpt lat="51.0400186" lon="13.8194728">
    <ele>111</ele>
    <time>2026-08-11T18:17:50Z</time>
    <extensions>
     <gpxdata:hr>152</gpxdata:hr>
     <gpxdata:distance>21218.00</gpxdata:distance>
     <gpxdata:speed>9.933</gpxdata:speed>
    </extensions>
   </trkpt>
   <trkpt lat="51.0400922" lon="13.8193920">
    <ele>111</ele>
    <time>2026-08-11T18:17:51Z</time>
    <extensions>
     <gpxdata:hr>153</gpxdata:hr>
     <gpxdata:distance>21228.00</gpxdata:distance>
     <gpxdata:speed>9.931</gpxdata:speed>
    </extensions>
   </trkpt>
   <trkpt lat="51.0401648" lon="13.8193075">
    <ele>111</ele>
    <time>2026-08-11T18:17:52Z</time>
    <extensions>
     <gpxdata:hr>154</gpxdata:hr>
     <gpxdata:distance>21238.00</gpxdata:distance>
     <gpxdata:speed>9.972</gpxdata:speed>
    </extensions>
   </trkpt>
   <trkpt lat="51.0402370" lon="13.8192208">
    <ele>111</ele>
    <time>2026-08-11T18:17:53Z</time>
    <extensions>
     <gpxdata:hr>154</gpxdata:hr>
     <gpxdata:distance>21248.00</gpxdata:distance>
     <gpxdata:speed>10.006</gpxdata:speed>
    </extensions>
   </trkpt>
   <trkpt lat="51.0403085" lon="13.8191325">
    <ele>110</ele>
    <time>2026-08-11T18:17:54Z</time>
    <extensions>
     <gpxdata:hr>154</gpxdata:hr>
     <gpxdata:distance>21258.00</gpxdata:distance>
     <gpxdata:speed>10.031</gpxdata:speed>
    </extensions>
   </trkpt>
   <trkpt lat="51.0403794" lon="13.8190435">
    <ele>110</ele>
    <time>2026-08-11T18:17:55Z</time>
    <extensions>
     <gpxdata:hr>156</gpxdata:hr>
     <gpxdata:distance>21268.00</gpxdata:distance>
     <gpxdata:speed>10.044</gpxdata:speed>
    </extensions>
   </trkpt>
   <trkpt lat="51.0404498" lon="13.8189547">
    <ele>109</ele>
    <time>2026-08-11T18:17:56Z</time>
    <extensions>
     <gpxdata:hr>157</gpxdata:hr>
     <gpxdata:distance>21278.00</gpxdata:distance>
     <gpxdata:speed>10.042</gpxdata:speed>
    </extensions>
   </trkpt>
   <trkpt lat="51.0405201" lon="13.8188675">
    <ele>109</ele>
    <time>2026-08-11T18:17:57Z</time>
    <extensions>
     <gpxdata:hr>156</gpxdata:hr>
     <gpxdata:distance>21288.00</gpxdata:distance>
     <gpxdata:speed>10.022</gpxdata:speed>
    </extensions>
   </trkpt>
   <trkpt lat="51.0405917" lon="13.8187846">
    <ele>109</ele>
    <time>2026-08-11T18:17:58Z</time>
    <extensions>
     <gpxdata:hr>157</gpxdata:hr>
     <gpxdata:distance>21298.00</gpxdata:distance>
     <gpxdata:speed>9.989</gpxdata:speed>
    </extensions>
   </trkpt>
   <trkpt lat="51.0406656" lon="13.8187087">
    <ele>108</ele>
    <time>2026-08-11T18:17:59Z</time>
    <extensions>
     <gpxdata:hr>157</gpxdata:hr>
     <gpxdata:distance>21308.00</gpxdata:distance>
     <gpxdata:speed>9.942</gpxdata:speed>
    </extensions>
   </trkpt>
   <trkpt lat="51.0407416" lon="13.8186393">
    <ele>108</ele>
    <time>2026-08-11T18:18:00Z</time>
    <extensions>
     <gpxdata:hr>156</gpxdata:hr>
     <gpxdata:distance>21318.00</gpxdata:distance>
     <gpxdata:speed>9.900</gpxdata:speed>
    </extensions>
   </trkpt>
   <trkpt lat="51.0408174" lon="13.8185730">
    <ele>108</ele>
    <time>2026-08-11T18:18:01Z</time>
    <extensions>
     <gpxdata:hr>155</gpxdata:hr>
     <gpxdata:distance>21327.50</gpxdata:distance>
     <gpxdata:speed>9.850</gpxdata:speed>
    </extensions>
   </trkpt>
   <trkpt lat="51.0408921" lon="13.8185048">
    <ele>108</ele>
    <time>2026-08-11T18:18:02Z</time>
    <extensions>
     <gpxdata:hr>155</gpxdata:hr>
     <gpxdata:distance>21337.00</gpxdata:distance>
     <gpxdata:speed>9.769</gpxdata:speed>
    </extensions>
   </trkpt>
   <trkpt lat="51.0409657" lon="13.8184339">
    <ele>108</ele>
    <time>2026-08-11T18:18:03Z</time>
    <extensions>
     <gpxdata:hr>155</gpxdata:hr>
     <gpxdata:distance>21346.50</gpxdata:distance>
     <gpxdata:speed>9.706</gpxdata:speed>
    </extensions>
   </trkpt>
   <trkpt lat="51.0410392" lon="13.8183612">
    <ele>108</ele>
    <time>2026-08-11T18:18:04Z</time>
    <extensions>
     <gpxdata:hr>155</gpxdata:hr>
     <gpxdata:distance>21356.00</gpxdata:distance>
     <gpxdata:speed>9.669</gpxdata:speed>
    </extensions>
   </trkpt>
   <trkpt lat="51.0411129" lon="13.8182879">
    <ele>108</ele>
    <time>2026-08-11T18:18:05Z</time>
    <extensions>
     <gpxdata:hr>155</gpxdata:hr>
     <gpxdata:distance>21366.00</gpxdata:distance>
     <gpxdata:speed>9.661</gpxdata:speed>
    </extensions>
   </trkpt>
   <trkpt lat="51.0411867" lon="13.8182141">
    <ele>108</ele>
    <time>2026-08-11T18:18:06Z</time>
    <extensions>
     <gpxdata:hr>155</gpxdata:hr>
     <gpxdata:distance>21376.00</gpxdata:distance>
     <gpxdata:speed>9.667</gpxdata:speed>
    </extensions>
   </trkpt>
   <trkpt lat="51.0412602" lon="13.8181401">
    <ele>109</ele>
    <time>2026-08-11T18:18:07Z</time>
    <extensions>
     <gpxdata:hr>155</gpxdata:hr>
     <gpxdata:distance>21385.50</gpxdata:distance>
     <gpxdata:speed>9.675</gpxdata:speed>
    </extensions>
   </trkpt>
   <trkpt lat="51.0413330" lon="13.8180651">
    <ele>109</ele>
    <time>2026-08-11T18:18:08Z</time>
    <extensions>
     <gpxdata:hr>154</gpxdata:hr>
     <gpxdata:distance>21395.00</gpxdata:distance>
     <gpxdata:speed>9.675</gpxdata:speed>
    </extensions>
   </trkpt>
   <trkpt lat="51.0414052" lon="13.8179890">
    <ele>109</ele>
    <time>2026-08-11T18:18:09Z</time>
    <extensions>
     <gpxdata:hr>155</gpxdata:hr>
     <gpxdata:distance>21404.50</gpxdata:distance>
     <gpxdata:speed>9.664</gpxdata:speed>
    </extensions>
   </trkpt>
   <trkpt lat="51.0414770" lon="13.8179121">
    <ele>109</ele>
    <time>2026-08-11T18:18:10Z</time>
    <extensions>
     <gpxdata:hr>155</gpxdata:hr>
     <gpxdata:distance>21414.00</gpxdata:distance>
     <gpxdata:speed>9.656</gpxdata:speed>
    </extensions>
   </trkpt>
   <trkpt lat="51.0415503" lon="13.8178377">
    <ele>109</ele>
    <time>2026-08-11T18:18:11Z</time>
    <extensions>
     <gpxdata:hr>154</gpxdata:hr>
     <gpxdata:distance>21424.00</gpxdata:distance>
     <gpxdata:speed>9.650</gpxdata:speed>
    </extensions>
   </trkpt>
   <trkpt lat="51.0416261" lon="13.8177692">
    <ele>109</ele>
    <time>2026-08-11T18:18:12Z</time>
    <extensions>
     <gpxdata:hr>154</gpxdata:hr>
     <gpxdata:distance>21434.00</gpxdata:distance>
     <gpxdata:speed>9.667</gpxdata:speed>
    </extensions>
   </trkpt>
   <trkpt lat="51.0417042" lon="13.8177041">
    <ele>109</ele>
    <time>2026-08-11T18:18:13Z</time>
    <extensions>
     <gpxdata:hr>154</gpxdata:hr>
     <gpxdata:distance>21443.50</gpxdata:distance>
     <gpxdata:speed>9.692</gpxdata:speed>
    </extensions>
   </trkpt>
   <trkpt lat="51.0417831" lon="13.8176380">
    <ele>109</ele>
    <time>2026-08-11T18:18:14Z</time>
    <extensions>
     <gpxdata:hr>154</gpxdata:hr>
     <gpxdata:distance>21453.00</gpxdata:distance>
     <gpxdata:speed>9.739</gpxdata:speed>
    </extensions>
   </trkpt>
   <trkpt lat="51.0418630" lon="13.8175717">
    <ele>109</ele>
    <time>2026-08-11T18:18:15Z</time>
    <extensions>
     <gpxdata:hr>154</gpxdata:hr>
     <gpxdata:distance>21463.00</gpxdata:distance>
     <gpxdata:speed>9.811</gpxdata:speed>
    </extensions>
   </trkpt>
   <trkpt lat="51.0419443" lon="13.8175083">
    <ele>109</ele>
    <time>2026-08-11T18:18:16Z</time>
    <extensions>
     <gpxdata:hr>154</gpxdata:hr>
     <gpxdata:distance>21473.00</gpxdata:distance>
     <gpxdata:speed>9.886</gpxdata:speed>
    </extensions>
   </trkpt>
   <trkpt lat="51.0420266" lon="13.8174483">
    <ele>109</ele>
    <time>2026-08-11T18:18:17Z</time>
    <extensions>
     <gpxdata:hr>154</gpxdata:hr>
     <gpxdata:distance>21483.00</gpxdata:distance>
     <gpxdata:speed>9.953</gpxdata:speed>
    </extensions>
   </trkpt>
   <trkpt lat="51.0421090" lon="13.8173894">
    <ele>109</ele>
    <time>2026-08-11T18:18:18Z</time>
    <extensions>
     <gpxdata:hr>154</gpxdata:hr>
     <gpxdata:distance>21493.00</gpxdata:distance>
     <gpxdata:speed>9.992</gpxdata:speed>
    </extensions>
   </trkpt>
   <trkpt lat="51.0421918" lon="13.8173324">
    <ele>109</ele>
    <time>2026-08-11T18:18:19Z</time>
    <extensions>
     <gpxdata:hr>155</gpxdata:hr>
     <gpxdata:distance>21503.50</gpxdata:distance>
     <gpxdata:speed>10.014</gpxdata:speed>
    </extensions>
   </trkpt>
   <trkpt lat="51.0422745" lon="13.8172776">
    <ele>109</ele>
    <time>2026-08-11T18:18:20Z</time>
    <extensions>
     <gpxdata:hr>155</gpxdata:hr>
     <gpxdata:distance>21514.00</gpxdata:distance>
     <gpxdata:speed>10.025</gpxdata:speed>
    </extensions>
   </trkpt>
   <trkpt lat="51.0423568" lon="13.8172240">
    <ele>109</ele>
    <time>2026-08-11T18:18:21Z</time>
    <extensions>
     <gpxdata:hr>154</gpxdata:hr>
     <gpxdata:distance>21523.50</gpxdata:distance>
     <gpxdata:speed>10.006</gpxdata:speed>
    </extensions>
   </trkpt>
   <trkpt lat="51.0424383" lon="13.8171693">
    <ele>109</ele>
    <time>2026-08-11T18:18:22Z</time>
    <extensions>
     <gpxdata:hr>155</gpxdata:hr>
     <gpxdata:distance>21533.00</gpxdata:distance>
     <gpxdata:speed>9.967</gpxdata:speed>
    </extensions>
   </trkpt>
   <trkpt lat="51.0425194" lon="13.8171134">
    <ele>109</ele>
    <time>2026-08-11T18:18:23Z</time>
    <extensions>
     <gpxdata:hr>155</gpxdata:hr>
     <gpxdata:distance>21543.00</gpxdata:distance>
     <gpxdata:speed>9.925</gpxdata:speed>
    </extensions>
   </trkpt>
   <trkpt lat="51.0426002" lon="13.8170563">
    <ele>109</ele>
    <time>2026-08-11T18:18:24Z</time>
    <extensions>
     <gpxdata:hr>155</gpxdata:hr>
     <gpxdata:distance>21553.00</gpxdata:distance>
     <gpxdata:speed>9.900</gpxdata:speed>
    </extensions>
   </trkpt>
   <trkpt lat="51.0426814" lon="13.8169985">
    <ele>109</ele>
    <time>2026-08-11T18:18:25Z</time>
    <extensions>
     <gpxdata:hr>156</gpxdata:hr>
     <gpxdata:distance>21563.00</gpxdata:distance>
     <gpxdata:speed>9.886</gpxdata:speed>
    </extensions>
   </trkpt>
   <trkpt lat="51.0427631" lon="13.8169409">
    <ele>109</ele>
    <time>2026-08-11T18:18:26Z</time>
    <extensions>
     <gpxdata:hr>156</gpxdata:hr>
     <gpxdata:distance>21573.00</gpxdata:distance>
     <gpxdata:speed>9.894</gpxdata:speed>
    </extensions>
   </trkpt>
   <trkpt lat="51.0428449" lon="13.8168838">
    <ele>109</ele>
    <time>2026-08-11T18:18:27Z</time>
    <extensions>
     <gpxdata:hr>157</gpxdata:hr>
     <gpxdata:distance>21583.00</gpxdata:distance>
     <gpxdata:speed>9.914</gpxdata:speed>
    </extensions>
   </trkpt>
   <trkpt lat="51.0429267" lon="13.8168263">
    <ele>109</ele>
    <time>2026-08-11T18:18:28Z</time>
    <extensions>
     <gpxdata:hr>157</gpxdata:hr>
     <gpxdata:distance>21593.00</gpxdata:distance>
     <gpxdata:speed>9.922</gpxdata:speed>
    </extensions>
   </trkpt>
   <trkpt lat="51.0430084" lon="13.8167685">
    <ele>109</ele>
    <time>2026-08-11T18:18:29Z</time>
    <extensions>
     <gpxdata:hr>156</gpxdata:hr>
     <gpxdata:distance>21603.00</gpxdata:distance>
     <gpxdata:speed>9.931</gpxdata:speed>
    </extensions>
   </trkpt>
   <trkpt lat="51.0430897" lon="13.8167112">
    <ele>109</ele>
    <time>2026-08-11T18:18:30Z</time>
    <extensions>
     <gpxdata:hr>156</gpxdata:hr>
     <gpxdata:distance>21613.00</gpxdata:distance>
     <gpxdata:speed>9.936</gpxdata:speed>
    </extensions>
   </trkpt>
   <trkpt lat="51.0431708" lon="13.8166547">
    <ele>109</ele>
    <time>2026-08-11T18:18:31Z</time>
    <extensions>
     <gpxdata:hr>156</gpxdata:hr>
     <gpxdata:distance>21622.50</gpxdata:distance>
     <gpxdata:speed>9.917</gpxdata:speed>
    </extensions>
   </trkpt>
   <trkpt lat="51.0432516" lon="13.8165989">
    <ele>109</ele>
    <time>2026-08-11T18:18:32Z</time>
    <extensions>
     <gpxdata:hr>156</gpxdata:hr>
     <gpxdata:distance>21632.00</gpxdata:distance>
     <gpxdata:speed>9.894</gpxdata:speed>
    </extensions>
   </trkpt>
   <trkpt lat="51.0433326" lon="13.8165435">
    <ele>109</ele>
    <time>2026-08-11T18:18:33Z</time>
    <extensions>
     <gpxdata:hr>155</gpxdata:hr>
     <gpxdata:distance>21642.00</gpxdata:distance>
     <gpxdata:speed>9.864</gpxdata:speed>
    </extensions>
   </trkpt>
   <trkpt lat="51.0434137" lon="13.8164878">
    <ele>109</ele>
    <time>2026-08-11T18:18:34Z</time>
    <extensions>
     <gpxdata:hr>155</gpxdata:hr>
     <gpxdata:distance>21652.00</gpxdata:distance>
     <gpxdata:speed>9.850</gpxdata:speed>
    </extensions>
   </trkpt>
   <trkpt lat="51.0434949" lon="13.8164312">
    <ele>109</ele>
    <time>2026-08-11T18:18:35Z</time>
    <extensions>
     <gpxdata:hr>155</gpxdata:hr>
     <gpxdata:distance>21662.00</gpxdata:distance>
     <gpxdata:speed>9.847</gpxdata:speed>
    </extensions>
   </trkpt>
   <trkpt lat="51.0435761" lon="13.8163743">
    <ele>109</ele>
    <time>2026-08-11T18:18:36Z</time>
    <extensions>
     <gpxdata:hr>155</gpxdata:hr>
     <gpxdata:distance>21672.00</gpxdata:distance>
     <gpxdata:speed>9.861</gpxdata:speed>
    </extensions>
   </trkpt>
   <trkpt lat="51.0436568" lon="13.8163172">
    <ele>109</ele>
    <time>2026-08-11T18:18:37Z</time>
    <extensions>
     <gpxdata:hr>154</gpxdata:hr>
     <gpxdata:distance>21681.50</gpxdata:distance>
     <gpxdata:speed>9.867</gpxdata:speed>
    </extensions>
   </trkpt>
   <trkpt lat="51.0437365" lon="13.8162610">
    <ele>109</ele>
    <time>2026-08-11T18:18:38Z</time>
    <extensions>
     <gpxdata:hr>153</gpxdata:hr>
     <gpxdata:distance>21691.00</gpxdata:distance>
     <gpxdata:speed>9.847</gpxdata:speed>
    </extensions>
   </trkpt>
   <trkpt lat="51.0438150" lon="13.8162046">
    <ele>109</ele>
    <time>2026-08-11T18:18:39Z</time>
    <extensions>
     <gpxdata:hr>153</gpxdata:hr>
     <gpxdata:distance>21700.50</gpxdata:distance>
     <gpxdata:speed>9.792</gpxdata:speed>
    </extensions>
   </trkpt>
   <trkpt lat="51.0438929" lon="13.8161468">
    <ele>109</ele>
    <time>2026-08-11T18:18:40Z</time>
    <extensions>
     <gpxdata:hr>152</gpxdata:hr>
     <gpxdata:distance>21710.00</gpxdata:distance>
     <gpxdata:speed>9.717</gpxdata:speed>
    </extensions>
   </trkpt>
   <trkpt lat="51.0439703" lon="13.8160879">
    <ele>109</ele>
    <time>2026-08-11T18:18:41Z</time>
    <extensions>
     <gpxdata:hr>152</gpxdata:hr>
     <gpxdata:distance>21720.00</gpxdata:distance>
     <gpxdata:speed>9.675</gpxdata:speed>
    </extensions>
   </trkpt>
   <trkpt lat="51.0440476" lon="13.8160292">
    <ele>109</ele>
    <time>2026-08-11T18:18:42Z</time>
    <extensions>
     <gpxdata:hr>152</gpxdata:hr>
     <gpxdata:distance>21730.00</gpxdata:distance>
     <gpxdata:speed>9.633</gpxdata:speed>
    </extensions>
   </trkpt>
   <trkpt lat="51.0441266" lon="13.8159729">
    <ele>109</ele>
    <time>2026-08-11T18:18:43Z</time>
    <extensions>
     <gpxdata:hr>150</gpxdata:hr>
     <gpxdata:distance>21739.50</gpxdata:distance>
     <gpxdata:speed>9.600</gpxdata:speed>
    </extensions>
   </trkpt>
   <trkpt lat="51.0442076" lon="13.8159188">
    <ele>109</ele>
    <time>2026-08-11T18:18:44Z</time>
    <extensions>
     <gpxdata:hr>149</gpxdata:hr>
     <gpxdata:distance>21749.00</gpxdata:distance>
     <gpxdata:speed>9.619</gpxdata:speed>
    </extensions>
   </trkpt>
   <trkpt lat="51.0442891" lon="13.8158650">
    <ele>109</ele>
    <time>2026-08-11T18:18:45Z</time>
    <extensions>
     <gpxdata:hr>148</gpxdata:hr>
     <gpxdata:distance>21759.00</gpxdata:distance>
     <gpxdata:speed>9.678</gpxdata:speed>
    </extensions>
   </trkpt>
   <trkpt lat="51.0443708" lon="13.8158109">
    <ele>108</ele>
    <time>2026-08-11T18:18:46Z</time>
    <extensions>
     <gpxdata:hr>147</gpxdata:hr>
     <gpxdata:distance>21769.00</gpxdata:distance>
     <gpxdata:speed>9.722</gpxdata:speed>
    </extensions>
   </trkpt>
   <trkpt lat="51.0444530" lon="13.8157593">
    <ele>108</ele>
    <time>2026-08-11T18:18:47Z</time>
    <extensions>
     <gpxdata:hr>146</gpxdata:hr>
     <gpxdata:distance>21778.50</gpxdata:distance>
     <gpxdata:speed>9.761</gpxdata:speed>
    </extensions>
   </trkpt>
   <trkpt lat="51.0445360" lon="13.8157106">
    <ele>108</ele>
    <time>2026-08-11T18:18:48Z</time>
    <extensions>
     <gpxdata:hr>146</gpxdata:hr>
     <gpxdata:distance>21788.00</gpxdata:distance>
     <gpxdata:speed>9.786</gpxdata:speed>
    </extensions>
   </trkpt>
   <trkpt lat="51.0446193" lon="13.8156647">
    <ele>108</ele>
    <time>2026-08-11T18:18:49Z</time>
    <extensions>
     <gpxdata:hr>146</gpxdata:hr>
     <gpxdata:distance>21798.00</gpxdata:distance>
     <gpxdata:speed>9.806</gpxdata:speed>
    </extensions>
   </trkpt>
   <trkpt lat="51.0447031" lon="13.8156209">
    <ele>108</ele>
    <time>2026-08-11T18:18:50Z</time>
    <extensions>
     <gpxdata:hr>146</gpxdata:hr>
     <gpxdata:distance>21808.00</gpxdata:distance>
     <gpxdata:speed>9.808</gpxdata:speed>
    </extensions>
   </trkpt>
   <trkpt lat="51.0447871" lon="13.8155773">
    <ele>108</ele>
    <time>2026-08-11T18:18:51Z</time>
    <extensions>
     <gpxdata:hr>146</gpxdata:hr>
     <gpxdata:distance>21818.00</gpxdata:distance>
     <gpxdata:speed>9.811</gpxdata:speed>
    </extensions>
   </trkpt>
   <trkpt lat="51.0448731" lon="13.8155324">
    <ele>108</ele>
    <time>2026-08-11T18:18:52Z</time>
    <extensions>
     <gpxdata:hr>146</gpxdata:hr>
     <gpxdata:distance>21828.00</gpxdata:distance>
     <gpxdata:speed>9.822</gpxdata:speed>
    </extensions>
   </trkpt>
   <trkpt lat="51.0449594" lon="13.8154877">
    <ele>108</ele>
    <time>2026-08-11T18:18:53Z</time>
    <extensions>
     <gpxdata:hr>146</gpxdata:hr>
     <gpxdata:distance>21838.00</gpxdata:distance>
     <gpxdata:speed>9.928</gpxdata:speed>
    </extensions>
   </trkpt>
   <trkpt lat="51.0450453" lon="13.8154439">
    <ele>108</ele>
    <time>2026-08-11T18:18:54Z</time>
    <extensions>
     <gpxdata:hr>147</gpxdata:hr>
     <gpxdata:distance>21848.00</gpxdata:distance>
     <gpxdata:speed>9.983</gpxdata:speed>
    </extensions>
   </trkpt>
   <trkpt lat="51.0451305" lon="13.8154004">
    <ele>108</ele>
    <time>2026-08-11T18:18:55Z</time>
    <extensions>
     <gpxdata:hr>147</gpxdata:hr>
     <gpxdata:distance>21858.00</gpxdata:distance>
     <gpxdata:speed>9.992</gpxdata:speed>
    </extensions>
   </trkpt>
   <trkpt lat="51.0452155" lon="13.8153574">
    <ele>108</ele>
    <time>2026-08-11T18:18:56Z</time>
    <extensions>
     <gpxdata:hr>147</gpxdata:hr>
     <gpxdata:distance>21868.00</gpxdata:distance>
     <gpxdata:speed>9.975</gpxdata:speed>
    </extensions>
   </trkpt>
   <trkpt lat="51.0453001" lon="13.8153139">
    <ele>108</ele>
    <time>2026-08-11T18:18:57Z</time>
    <extensions>
     <gpxdata:hr>147</gpxdata:hr>
     <gpxdata:distance>21878.00</gpxdata:distance>
     <gpxdata:speed>9.958</gpxdata:speed>
    </extensions>
   </trkpt>
   <trkpt lat="51.0453839" lon="13.8152674">
    <ele>108</ele>
    <time>2026-08-11T18:18:58Z</time>
    <extensions>
     <gpxdata:hr>147</gpxdata:hr>
     <gpxdata:distance>21888.00</gpxdata:distance>
     <gpxdata:speed>9.944</gpxdata:speed>
    </extensions>
   </trkpt>
   <trkpt lat="51.0454673" lon="13.8152184">
    <ele>108</ele>
    <time>2026-08-11T18:18:59Z</time>
    <extensions>
     <gpxdata:hr>147</gpxdata:hr>
     <gpxdata:distance>21897.50</gpxdata:distance>
     <gpxdata:speed>9.925</gpxdata:speed>
    </extensions>
   </trkpt>
   <trkpt lat="51.0455510" lon="13.8151682">
    <ele>108</ele>
    <time>2026-08-11T18:19:00Z</time>
    <extensions>
     <gpxdata:hr>148</gpxdata:hr>
     <gpxdata:distance>21907.00</gpxdata:distance>
     <gpxdata:speed>9.919</gpxdata:speed>
    </extensions>
   </trkpt>
   <trkpt lat="51.0456351" lon="13.8151169">
    <ele>108</ele>
    <time>2026-08-11T18:19:01Z</time>
    <extensions>
     <gpxdata:hr>149</gpxdata:hr>
     <gpxdata:distance>21917.00</gpxdata:distance>
     <gpxdata:speed>9.936</gpxdata:speed>
    </extensions>
   </trkpt>
   <trkpt lat="51.0457185" lon="13.8150624">
    <ele>108</ele>
    <time>2026-08-11T18:19:02Z</time>
    <extensions>
     <gpxdata:hr>150</gpxdata:hr>
     <gpxdata:distance>21927.00</gpxdata:distance>
     <gpxdata:speed>9.975</gpxdata:speed>
    </extensions>
   </trkpt>
   <trkpt lat="51.0458024" lon="13.8150059">
    <ele>108</ele>
    <time>2026-08-11T18:19:03Z</time>
    <extensions>
     <gpxdata:hr>150</gpxdata:hr>
     <gpxdata:distance>21937.50</gpxdata:distance>
     <gpxdata:speed>10.000</gpxdata:speed>
    </extensions>
   </trkpt>
   <trkpt lat="51.0458850" lon="13.8149490">
    <ele>108</ele>
    <time>2026-08-11T18:19:04Z</time>
    <extensions>
     <gpxdata:hr>151</gpxdata:hr>
     <gpxdata:distance>21948.00</gpxdata:distance>
     <gpxdata:speed>10.050</gpxdata:speed>
    </extensions>
   </trkpt>
   <trkpt lat="51.0459658" lon="13.8148902">
    <ele>108</ele>
    <time>2026-08-11T18:19:05Z</time>
    <extensions>
     <gpxdata:hr>151</gpxdata:hr>
     <gpxdata:distance>21957.50</gpxdata:distance>
     <gpxdata:speed>10.031</gpxdata:speed>
    </extensions>
   </trkpt>
   <trkpt lat="51.0460440" lon="13.8148285">
    <ele>108</ele>
    <time>2026-08-11T18:19:06Z</time>
    <extensions>
     <gpxdata:hr>151</gpxdata:hr>
     <gpxdata:distance>21967.00</gpxdata:distance>
     <gpxdata:speed>9.975</gpxdata:speed>
    </extensions>
   </trkpt>
   <trkpt lat="51.0461197" lon="13.8147660">
    <ele>108</ele>
    <time>2026-08-11T18:19:07Z</time>
    <extensions>
     <gpxdata:hr>151</gpxdata:hr>
     <gpxdata:distance>21976.50</gpxdata:distance>
     <gpxdata:speed>9.883</gpxdata:speed>
    </extensions>
   </trkpt>
   <trkpt lat="51.0461930" lon="13.8147039">
    <ele>108</ele>
    <time>2026-08-11T18:19:08Z</time>
    <extensions>
     <gpxdata:hr>151</gpxdata:hr>
     <gpxdata:distance>21986.00</gpxdata:distance>
     <gpxdata:speed>9.736</gpxdata:speed>
    </extensions>
   </trkpt>
   <trkpt lat="51.0462630" lon="13.8146443">
    <ele>108</ele>
    <time>2026-08-11T18:19:09Z</time>
    <extensions>
     <gpxdata:hr>151</gpxdata:hr>
     <gpxdata:distance>21995.00</gpxdata:distance>
     <gpxdata:speed>9.347</gpxdata:speed>
    </extensions>
   </trkpt>
   <trkpt lat="51.0463291" lon="13.8145923">
    <ele>109</ele>
    <time>2026-08-11T18:19:10Z</time>
    <extensions>
     <gpxdata:hr>150</gpxdata:hr>
     <gpxdata:distance>22004.00</gpxdata:distance>
     <gpxdata:speed>8.939</gpxdata:speed>
    </extensions>
   </trkpt>
   <trkpt lat="51.0463909" lon="13.8145480">
    <ele>109</ele>
    <time>2026-08-11T18:19:11Z</time>
    <extensions>
     <gpxdata:hr>150</gpxdata:hr>
     <gpxdata:distance>22011.50</gpxdata:distance>
     <gpxdata:speed>8.322</gpxdata:speed>
    </extensions>
   </trkpt>
   <trkpt lat="51.0464495" lon="13.8145074">
    <ele>110</ele>
    <time>2026-08-11T18:19:12Z</time>
    <extensions>
     <gpxdata:hr>149</gpxdata:hr>
     <gpxdata:distance>22019.00</gpxdata:distance>
     <gpxdata:speed>7.717</gpxdata:speed>
    </extensions>
   </trkpt>
   <trkpt lat="51.0465081" lon="13.8144686">
    <ele>110</ele>
    <time>2026-08-11T18:19:13Z</time>
    <extensions>
     <gpxdata:hr>148</gpxdata:hr>
     <gpxdata:distance>22026.00</gpxdata:distance>
     <gpxdata:speed>7.328</gpxdata:speed>
    </extensions>
   </trkpt>
   <trkpt lat="51.0465707" lon="13.8144302">
    <ele>110</ele>
    <time>2026-08-11T18:19:14Z</time>
    <extensions>
     <gpxdata:hr>147</gpxdata:hr>
     <gpxdata:distance>22033.00</gpxdata:distance>
     <gpxdata:speed>7.289</gpxdata:speed>
    </extensions>
   </trkpt>
   <trkpt lat="51.0466389" lon="13.8143880">
    <ele>110</ele>
    <time>2026-08-11T18:19:15Z</time>
    <extensions>
     <gpxdata:hr>145</gpxdata:hr>
     <gpxdata:distance>22041.50</gpxdata:distance>
     <gpxdata:speed>7.586</gpxdata:speed>
    </extensions>
   </trkpt>
   <trkpt lat="51.0467107" lon="13.8143410">
    <ele>110</ele>
    <time>2026-08-11T18:19:16Z</time>
    <extensions>
     <gpxdata:hr>144</gpxdata:hr>
     <gpxdata:distance>22050.00</gpxdata:distance>
     <gpxdata:speed>7.878</gpxdata:speed>
    </extensions>
   </trkpt>
   <trkpt lat="51.0467836" lon="13.8142881">
    <ele>110</ele>
    <time>2026-08-11T18:19:17Z</time>
    <extensions>
     <gpxdata:hr>144</gpxdata:hr>
     <gpxdata:distance>22058.50</gpxdata:distance>
     <gpxdata:speed>8.156</gpxdata:speed>
    </extensions>
   </trkpt>
   <trkpt lat="51.0468557" lon="13.8142294">
    <ele>110</ele>
    <time>2026-08-11T18:19:18Z</time>
    <extensions>
     <gpxdata:hr>143</gpxdata:hr>
     <gpxdata:distance>22067.00</gpxdata:distance>
     <gpxdata:speed>8.403</gpxdata:speed>
    </extensions>
   </trkpt>
   <trkpt lat="51.0469281" lon="13.8141654">
    <ele>110</ele>
    <time>2026-08-11T18:19:19Z</time>
    <extensions>
     <gpxdata:hr>144</gpxdata:hr>
     <gpxdata:distance>22076.50</gpxdata:distance>
     <gpxdata:speed>8.592</gpxdata:speed>
    </extensions>
   </trkpt>
   <trkpt lat="51.0470014" lon="13.8140964">
    <ele>110</ele>
    <time>2026-08-11T18:19:20Z</time>
    <extensions>
     <gpxdata:hr>144</gpxdata:hr>
     <gpxdata:distance>22086.00</gpxdata:distance>
     <gpxdata:speed>9.067</gpxdata:speed>
    </extensions>
   </trkpt>
   <trkpt lat="51.0470768" lon="13.8140221">
    <ele>110</ele>
    <time>2026-08-11T18:19:21Z</time>
    <extensions>
     <gpxdata:hr>145</gpxdata:hr>
     <gpxdata:distance>22096.00</gpxdata:distance>
     <gpxdata:speed>9.364</gpxdata:speed>
    </extensions>
   </trkpt>
   <trkpt lat="51.0471550" lon="13.8139440">
    <ele>110</ele>
    <time>2026-08-11T18:19:22Z</time>
    <extensions>
     <gpxdata:hr>146</gpxdata:hr>
     <gpxdata:distance>22106.00</gpxdata:distance>
     <gpxdata:speed>9.758</gpxdata:speed>
    </extensions>
   </trkpt>
   <trkpt lat="51.0472363" lon="13.8138650">
    <ele>110</ele>
    <time>2026-08-11T18:19:23Z</time>
    <extensions>
     <gpxdata:hr>147</gpxdata:hr>
     <gpxdata:distance>22116.50</gpxdata:distance>
     <gpxdata:speed>10.136</gpxdata:speed>
    </extensions>
   </trkpt>
   <trkpt lat="51.0473218" lon="13.8137893">
    <ele>109</ele>
    <time>2026-08-11T18:19:24Z</time>
    <extensions>
     <gpxdata:hr>148</gpxdata:hr>
     <gpxdata:distance>22127.00</gpxdata:distance>
     <gpxdata:speed>10.464</gpxdata:speed>
    </extensions>
   </trkpt>
   <trkpt lat="51.0474106" lon="13.8137180">
    <ele>109</ele>
    <time>2026-08-11T18:19:25Z</time>
    <extensions>
     <gpxdata:hr>150</gpxdata:hr>
     <gpxdata:distance>22138.00</gpxdata:distance>
     <gpxdata:speed>10.767</gpxdata:speed>
    </extensions>
   </trkpt>
   <trkpt lat="51.0474996" lon="13.8136469">
    <ele>109</ele>
    <time>2026-08-11T18:19:26Z</time>
    <extensions>
     <gpxdata:hr>151</gpxdata:hr>
     <gpxdata:distance>22149.00</gpxdata:distance>
     <gpxdata:speed>10.947</gpxdata:speed>
    </extensions>
   </trkpt>
   <trkpt lat="51.0475866" lon="13.8135714">
    <ele>108</ele>
    <time>2026-08-11T18:19:27Z</time>
    <extensions>
     <gpxdata:hr>151</gpxdata:hr>
     <gpxdata:distance>22160.00</gpxdata:distance>
     <gpxdata:speed>10.983</gpxdata:speed>
    </extensions>
   </trkpt>
   <trkpt lat="51.0476707" lon="13.8134909">
    <ele>108</ele>
    <time>2026-08-11T18:19:28Z</time>
    <extensions>
     <gpxdata:hr>151</gpxdata:hr>
     <gpxdata:distance>22171.00</gpxdata:distance>
     <gpxdata:speed>10.975</gpxdata:speed>
    </extensions>
   </trkpt>
   <trkpt lat="51.0477527" lon="13.8134086">
    <ele>108</ele>
    <time>2026-08-11T18:19:29Z</time>
    <extensions>
     <gpxdata:hr>153</gpxdata:hr>
     <gpxdata:distance>22182.00</gpxdata:distance>
     <gpxdata:speed>10.917</gpxdata:speed>
    </extensions>
   </trkpt>
   <trkpt lat="51.0478347" lon="13.8133276">
    <ele>108</ele>
    <time>2026-08-11T18:19:30Z</time>
    <extensions>
     <gpxdata:hr>154</gpxdata:hr>
     <gpxdata:distance>22193.00</gpxdata:distance>
     <gpxdata:speed>10.806</gpxdata:speed>
    </extensions>
   </trkpt>
   <trkpt lat="51.0479193" lon="13.8132518">
    <ele>108</ele>
    <time>2026-08-11T18:19:31Z</time>
    <extensions>
     <gpxdata:hr>155</gpxdata:hr>
     <gpxdata:distance>22203.50</gpxdata:distance>
     <gpxdata:speed>10.811</gpxdata:speed>
    </extensions>
   </trkpt>
   <trkpt lat="51.0480071" lon="13.8131840">
    <ele>108</ele>
    <time>2026-08-11T18:19:32Z</time>
    <extensions>
     <gpxdata:hr>155</gpxdata:hr>
     <gpxdata:distance>22214.00</gpxdata:distance>
     <gpxdata:speed>10.839</gpxdata:speed>
    </extensions>
   </trkpt>
   <trkpt lat="51.0480966" lon="13.8131222">
    <ele>109</ele>
    <time>2026-08-11T18:19:33Z</time>
    <extensions>
     <gpxdata:hr>155</gpxdata:hr>
     <gpxdata:distance>22225.00</gpxdata:distance>
     <gpxdata:speed>10.869</gpxdata:speed>
    </extensions>
   </trkpt>
   <trkpt lat="51.0481856" lon="13.8130602">
    <ele>109</ele>
    <time>2026-08-11T18:19:34Z</time>
    <extensions>
     <gpxdata:hr>156</gpxdata:hr>
     <gpxdata:distance>22236.00</gpxdata:distance>
     <gpxdata:speed>10.869</gpxdata:speed>
    </extensions>
   </trkpt>
   <trkpt lat="51.0482723" lon="13.8129927">
    <ele>109</ele>
    <time>2026-08-11T18:19:35Z</time>
    <extensions>
     <gpxdata:hr>156</gpxdata:hr>
     <gpxdata:distance>22246.50</gpxdata:distance>
     <gpxdata:speed>10.847</gpxdata:speed>
    </extensions>
   </trkpt>
   <trkpt lat="51.0483571" lon="13.8129200">
    <ele>109</ele>
    <time>2026-08-11T18:19:36Z</time>
    <extensions>
     <gpxdata:hr>157</gpxdata:hr>
     <gpxdata:distance>22257.00</gpxdata:distance>
     <gpxdata:speed>10.808</gpxdata:speed>
    </extensions>
   </trkpt>
   <trkpt lat="51.0484423" lon="13.8128461">
    <ele>109</ele>
    <time>2026-08-11T18:19:37Z</time>
    <extensions>
     <gpxdata:hr>158</gpxdata:hr>
     <gpxdata:distance>22268.00</gpxdata:distance>
     <gpxdata:speed>10.786</gpxdata:speed>
    </extensions>
   </trkpt>
   <trkpt lat="51.0485282" lon="13.8127739">
    <ele>109</ele>
    <time>2026-08-11T18:19:38Z</time>
    <extensions>
     <gpxdata:hr>158</gpxdata:hr>
     <gpxdata:distance>22279.00</gpxdata:distance>
     <gpxdata:speed>10.797</gpxdata:speed>
    </extensions>
   </trkpt>
   <trkpt lat="51.0486150" lon="13.8127041">
    <ele>108</ele>
    <time>2026-08-11T18:19:39Z</time>
    <extensions>
     <gpxdata:hr>158</gpxdata:hr>
     <gpxdata:distance>22290.00</gpxdata:distance>
     <gpxdata:speed>10.808</gpxdata:speed>
    </extensions>
   </trkpt>
   <trkpt lat="51.0487024" lon="13.8126364">
    <ele>108</ele>
    <time>2026-08-11T18:19:40Z</time>
    <extensions>
     <gpxdata:hr>159</gpxdata:hr>
     <gpxdata:distance>22301.00</gpxdata:distance>
     <gpxdata:speed>10.814</gpxdata:speed>
    </extensions>
   </trkpt>
   <trkpt lat="51.0487897" lon="13.8125704">
    <ele>108</ele>
    <time>2026-08-11T18:19:41Z</time>
    <extensions>
     <gpxdata:hr>159</gpxdata:hr>
     <gpxdata:distance>22311.50</gpxdata:distance>
     <gpxdata:speed>10.814</gpxdata:speed>
    </extensions>
   </trkpt>
   <trkpt lat="51.0488764" lon="13.8125048">
    <ele>108</ele>
    <time>2026-08-11T18:19:42Z</time>
    <extensions>
     <gpxdata:hr>160</gpxdata:hr>
     <gpxdata:distance>22322.00</gpxdata:distance>
     <gpxdata:speed>10.789</gpxdata:speed>
    </extensions>
   </trkpt>
   <trkpt lat="51.0489620" lon="13.8124396">
    <ele>108</ele>
    <time>2026-08-11T18:19:43Z</time>
    <extensions>
     <gpxdata:hr>160</gpxdata:hr>
     <gpxdata:distance>22332.50</gpxdata:distance>
     <gpxdata:speed>10.750</gpxdata:speed>
    </extensions>
   </trkpt>
   <trkpt lat="51.0490473" lon="13.8123755">
    <ele>108</ele>
    <time>2026-08-11T18:19:44Z</time>
    <extensions>
     <gpxdata:hr>160</gpxdata:hr>
     <gpxdata:distance>22343.00</gpxdata:distance>
     <gpxdata:speed>10.678</gpxdata:speed>
    </extensions>
   </trkpt>
   <trkpt lat="51.0491329" lon="13.8123097">
    <ele>108</ele>
    <time>2026-08-11T18:19:45Z</time>
    <extensions>
     <gpxdata:hr>161</gpxdata:hr>
     <gpxdata:distance>22353.50</gpxdata:distance>
     <gpxdata:speed>10.619</gpxdata:speed>
    </extensions>
   </trkpt>
   <trkpt lat="51.0492188" lon="13.8122406">
    <ele>109</ele>
    <time>2026-08-11T18:19:46Z</time>
    <extensions>
     <gpxdata:hr>160</gpxdata:hr>
     <gpxdata:distance>22364.00</gpxdata:distance>
     <gpxdata:speed>10.619</gpxdata:speed>
    </extensions>
   </trkpt>
   <trkpt lat="51.0493054" lon="13.8121695">
    <ele>109</ele>
    <time>2026-08-11T18:19:47Z</time>
    <extensions>
     <gpxdata:hr>161</gpxdata:hr>
     <gpxdata:distance>22375.00</gpxdata:distance>
     <gpxdata:speed>10.667</gpxdata:speed>
    </extensions>
   </trkpt>
   <trkpt lat="51.0493920" lon="13.8120978">
    <ele>109</ele>
    <time>2026-08-11T18:19:48Z</time>
    <extensions>
     <gpxdata:hr>161</gpxdata:hr>
     <gpxdata:distance>22386.00</gpxdata:distance>
     <gpxdata:speed>10.728</gpxdata:speed>
    </extensions>
   </trkpt>
   <trkpt lat="51.0494785" lon="13.8120260">
    <ele>109</ele>
    <time>2026-08-11T18:19:49Z</time>
    <extensions>
     <gpxdata:hr>161</gpxdata:hr>
     <gpxdata:distance>22397.00</gpxdata:distance>
     <gpxdata:speed>10.772</gpxdata:speed>
    </extensions>
   </trkpt>
   <trkpt lat="51.0495638" lon="13.8119537">
    <ele>109</ele>
    <time>2026-08-11T18:19:50Z</time>
    <extensions>
     <gpxdata:hr>161</gpxdata:hr>
     <gpxdata:distance>22408.00</gpxdata:distance>
     <gpxdata:speed>10.792</gpxdata:speed>
    </extensions>
   </trkpt>
   <trkpt lat="51.0496479" lon="13.8118810">
    <ele>109</ele>
    <time>2026-08-11T18:19:51Z</time>
    <extensions>
     <gpxdata:hr>161</gpxdata:hr>
     <gpxdata:distance>22418.50</gpxdata:distance>
     <gpxdata:speed>10.772</gpxdata:speed>
    </extensions>
   </trkpt>
   <trkpt lat="51.0497314" lon="13.8118085">
    <ele>109</ele>
    <time>2026-08-11T18:19:52Z</time>
    <extensions>
     <gpxdata:hr>161</gpxdata:hr>
     <gpxdata:distance>22429.00</gpxdata:distance>
     <gpxdata:speed>10.728</gpxdata:speed>
    </extensions>
   </trkpt>
   <trkpt lat="51.0498144" lon="13.8117361">
    <ele>109</ele>
    <time>2026-08-11T18:19:53Z</time>
    <extensions>
     <gpxdata:hr>161</gpxdata:hr>
     <gpxdata:distance>22439.50</gpxdata:distance>
     <gpxdata:speed>10.681</gpxdata:speed>
    </extensions>
   </trkpt>
   <trkpt lat="51.0498970" lon="13.8116645">
    <ele>108</ele>
    <time>2026-08-11T18:19:54Z</time>
    <extensions>
     <gpxdata:hr>161</gpxdata:hr>
     <gpxdata:distance>22450.00</gpxdata:distance>
     <gpxdata:speed>10.633</gpxdata:speed>
    </extensions>
   </trkpt>
   <trkpt lat="51.0499797" lon="13.8115927">
    <ele>108</ele>
    <time>2026-08-11T18:19:55Z</time>
    <extensions>
     <gpxdata:hr>161</gpxdata:hr>
     <gpxdata:distance>22460.50</gpxdata:distance>
     <gpxdata:speed>10.581</gpxdata:speed>
    </extensions>
   </trkpt>
   <trkpt lat="51.0500618" lon="13.8115199">
    <ele>108</ele>
    <time>2026-08-11T18:19:56Z</time>
    <extensions>
     <gpxdata:hr>161</gpxdata:hr>
     <gpxdata:distance>22471.00</gpxdata:distance>
     <gpxdata:speed>10.556</gpxdata:speed>
    </extensions>
   </trkpt>
   <trkpt lat="51.0501424" lon="13.8114463">
    <ele>108</ele>
    <time>2026-08-11T18:19:57Z</time>
    <extensions>
     <gpxdata:hr>161</gpxdata:hr>
     <gpxdata:distance>22481.50</gpxdata:distance>
     <gpxdata:speed>10.522</gpxdata:speed>
    </extensions>
   </trkpt>
   <trkpt lat="51.0502203" lon="13.8113723">
    <ele>108</ele>
    <time>2026-08-11T18:19:58Z</time>
    <extensions>
     <gpxdata:hr>161</gpxdata:hr>
     <gpxdata:distance>22492.00</gpxdata:distance>
     <gpxdata:speed>10.450</gpxdata:speed>
    </extensions>
   </trkpt>
   <trkpt lat="51.0502946" lon="13.8112975">
    <ele>108</ele>
    <time>2026-08-11T18:19:59Z</time>
    <extensions>
     <gpxdata:hr>161</gpxdata:hr>
     <gpxdata:distance>22501.50</gpxdata:distance>
     <gpxdata:speed>10.144</gpxdata:speed>
    </extensions>
   </trkpt>
   <trkpt lat="51.0503656" lon="13.8112221">
    <ele>108</ele>
    <time>2026-08-11T18:20:00Z</time>
    <extensions>
     <gpxdata:hr>160</gpxdata:hr>
     <gpxdata:distance>22511.00</gpxdata:distance>
     <gpxdata:speed>9.858</gpxdata:speed>
    </extensions>
   </trkpt>
   <trkpt lat="51.0504347" lon="13.8111493">
    <ele>108</ele>
    <time>2026-08-11T18:20:01Z</time>
    <extensions>
     <gpxdata:hr>160</gpxdata:hr>
     <gpxdata:distance>22520.50</gpxdata:distance>
     <gpxdata:speed>9.594</gpxdata:speed>
    </extensions>
   </trkpt>
   <trkpt lat="51.0505027" lon="13.8110801">
    <ele>109</ele>
    <time>2026-08-11T18:20:02Z</time>
    <extensions>
     <gpxdata:hr>159</gpxdata:hr>
     <gpxdata:distance>22530.00</gpxdata:distance>
     <gpxdata:speed>9.333</gpxdata:speed>
    </extensions>
   </trkpt>
   <trkpt lat="51.0505694" lon="13.8110130">
    <ele>109</ele>
    <time>2026-08-11T18:20:03Z</time>
    <extensions>
     <gpxdata:hr>158</gpxdata:hr>
     <gpxdata:distance>22538.50</gpxdata:distance>
     <gpxdata:speed>9.094</gpxdata:speed>
    </extensions>
   </trkpt>
   <trkpt lat="51.0506354" lon="13.8109482">
    <ele>109</ele>
    <time>2026-08-11T18:20:04Z</time>
    <extensions>
     <gpxdata:hr>156</gpxdata:hr>
     <gpxdata:distance>22547.00</gpxdata:distance>
     <gpxdata:speed>8.883</gpxdata:speed>
    </extensions>
   </trkpt>
   <trkpt lat="51.0507009" lon="13.8108862">
    <ele>110</ele>
    <time>2026-08-11T18:20:05Z</time>
    <extensions>
     <gpxdata:hr>154</gpxdata:hr>
     <gpxdata:distance>22555.50</gpxdata:distance>
     <gpxdata:speed>8.739</gpxdata:speed>
    </extensions>
   </trkpt>
   <trkpt lat="51.0507647" lon="13.8108267">
    <ele>110</ele>
    <time>2026-08-11T18:20:06Z</time>
    <extensions>
     <gpxdata:hr>153</gpxdata:hr>
     <gpxdata:distance>22564.00</gpxdata:distance>
     <gpxdata:speed>8.564</gpxdata:speed>
    </extensions>
   </trkpt>
   <trkpt lat="51.0508258" lon="13.8107670">
    <ele>110</ele>
    <time>2026-08-11T18:20:07Z</time>
    <extensions>
     <gpxdata:hr>153</gpxdata:hr>
     <gpxdata:distance>22572.00</gpxdata:distance>
     <gpxdata:speed>8.317</gpxdata:speed>
    </extensions>
   </trkpt>
   <trkpt lat="51.0508837" lon="13.8107060">
    <ele>110</ele>
    <time>2026-08-11T18:20:08Z</time>
    <extensions>
     <gpxdata:hr>151</gpxdata:hr>
     <gpxdata:distance>22580.00</gpxdata:distance>
     <gpxdata:speed>8.075</gpxdata:speed>
    </extensions>
   </trkpt>
   <trkpt lat="51.0509391" lon="13.8106446">
    <ele>110</ele>
    <time>2026-08-11T18:20:09Z</time>
    <extensions>
     <gpxdata:hr>149</gpxdata:hr>
     <gpxdata:distance>22587.50</gpxdata:distance>
     <gpxdata:speed>7.839</gpxdata:speed>
    </extensions>
   </trkpt>
   <trkpt lat="51.0509923" lon="13.8105841">
    <ele>110</ele>
    <time>2026-08-11T18:20:10Z</time>
    <extensions>
     <gpxdata:hr>147</gpxdata:hr>
     <gpxdata:distance>22595.00</gpxdata:distance>
     <gpxdata:speed>7.619</gpxdata:speed>
    </extensions>
   </trkpt>
   <trkpt lat="51.0510438" lon="13.8105254">
    <ele>110</ele>
    <time>2026-08-11T18:20:11Z</time>
    <extensions>
     <gpxdata:hr>146</gpxdata:hr>
     <gpxdata:distance>22602.00</gpxdata:distance>
     <gpxdata:speed>7.389</gpxdata:speed>
    </extensions>
   </trkpt>
   <trkpt lat="51.0510942" lon="13.8104705">
    <ele>110</ele>
    <time>2026-08-11T18:20:12Z</time>
    <extensions>
     <gpxdata:hr>145</gpxdata:hr>
     <gpxdata:distance>22609.00</gpxdata:distance>
     <gpxdata:speed>7.150</gpxdata:speed>
    </extensions>
   </trkpt>
   <trkpt lat="51.0511437" lon="13.8104205">
    <ele>110</ele>
    <time>2026-08-11T18:20:13Z</time>
    <extensions>
     <gpxdata:hr>143</gpxdata:hr>
     <gpxdata:distance>22615.50</gpxdata:distance>
     <gpxdata:speed>6.914</gpxdata:speed>
    </extensions>
   </trkpt>
   <trkpt lat="51.0511921" lon="13.8103742">
    <ele>110</ele>
    <time>2026-08-11T18:20:14Z</time>
    <extensions>
     <gpxdata:hr>142</gpxdata:hr>
     <gpxdata:distance>22622.00</gpxdata:distance>
     <gpxdata:speed>6.636</gpxdata:speed>
    </extensions>
   </trkpt>
   <trkpt lat="51.0512395" lon="13.8103297">
    <ele>110</ele>
    <time>2026-08-11T18:20:15Z</time>
    <extensions>
     <gpxdata:hr>140</gpxdata:hr>
     <gpxdata:distance>22628.00</gpxdata:distance>
     <gpxdata:speed>6.389</gpxdata:speed>
    </extensions>
   </trkpt>
   <trkpt lat="51.0512860" lon="13.8102875">
    <ele>109</ele>
    <time>2026-08-11T18:20:16Z</time>
    <extensions>
     <gpxdata:hr>138</gpxdata:hr>
     <gpxdata:distance>22634.00</gpxdata:distance>
     <gpxdata:speed>6.228</gpxdata:speed>
    </extensions>
   </trkpt>
   <trkpt lat="51.0513317" lon="13.8102462">
    <ele>109</ele>
    <time>2026-08-11T18:20:17Z</time>
    <extensions>
     <gpxdata:hr>137</gpxdata:hr>
     <gpxdata:distance>22640.00</gpxdata:distance>
     <gpxdata:speed>6.061</gpxdata:speed>
    </extensions>
   </trkpt>
   <trkpt lat="51.0513642" lon="13.8102165">
    <ele>109</ele>
    <time>2026-08-11T18:20:18Z</time>
    <extensions>
     <gpxdata:hr>135</gpxdata:hr>
     <gpxdata:distance>22646.00</gpxdata:distance>
     <gpxdata:speed>5.925</gpxdata:speed>
    </extensions>
   </trkpt>
   <trkpt lat="51.0514049" lon="13.8101792">
    <ele>109</ele>
    <time>2026-08-11T18:20:19Z</time>
    <extensions>
     <gpxdata:hr>133</gpxdata:hr>
     <gpxdata:distance>22651.50</gpxdata:distance>
     <gpxdata:speed>5.836</gpxdata:speed>
    </extensions>
   </trkpt>
   <trkpt lat="51.0514476" lon="13.8101402">
    <ele>109</ele>
    <time>2026-08-11T18:20:20Z</time>
    <extensions>
     <gpxdata:hr>131</gpxdata:hr>
     <gpxdata:distance>22657.00</gpxdata:distance>
     <gpxdata:speed>5.717</gpxdata:speed>
    </extensions>
   </trkpt>
   <trkpt lat="51.0514901" lon="13.8101012">
    <ele>109</ele>
    <time>2026-08-11T18:20:21Z</time>
    <extensions>
     <gpxdata:hr>130</gpxdata:hr>
     <gpxdata:distance>22662.50</gpxdata:distance>
     <gpxdata:speed>5.617</gpxdata:speed>
    </extensions>
   </trkpt>
   <trkpt lat="51.0515322" lon="13.8100629">
    <ele>109</ele>
    <time>2026-08-11T18:20:22Z</time>
    <extensions>
     <gpxdata:hr>130</gpxdata:hr>
     <gpxdata:distance>22668.00</gpxdata:distance>
     <gpxdata:speed>5.514</gpxdata:speed>
    </extensions>
   </trkpt>
   <trkpt lat="51.0515736" lon="13.8100259">
    <ele>108</ele>
    <time>2026-08-11T18:20:23Z</time>
    <extensions>
     <gpxdata:hr>128</gpxdata:hr>
     <gpxdata:distance>22673.50</gpxdata:distance>
     <gpxdata:speed>5.411</gpxdata:speed>
    </extensions>
   </trkpt>
   <trkpt lat="51.0516135" lon="13.8099890">
    <ele>108</ele>
    <time>2026-08-11T18:20:24Z</time>
    <extensions>
     <gpxdata:hr>127</gpxdata:hr>
     <gpxdata:distance>22679.00</gpxdata:distance>
     <gpxdata:speed>5.294</gpxdata:speed>
    </extensions>
   </trkpt>
   <trkpt lat="51.0516510" lon="13.8099500">
    <ele>108</ele>
    <time>2026-08-11T18:20:25Z</time>
    <extensions>
     <gpxdata:hr>126</gpxdata:hr>
     <gpxdata:distance>22683.50</gpxdata:distance>
     <gpxdata:speed>5.128</gpxdata:speed>
    </extensions>
   </trkpt>
   <trkpt lat="51.0516873" lon="13.8099090">
    <ele>108</ele>
    <time>2026-08-11T18:20:26Z</time>
    <extensions>
     <gpxdata:hr>125</gpxdata:hr>
     <gpxdata:distance>22688.00</gpxdata:distance>
     <gpxdata:speed>4.994</gpxdata:speed>
    </extensions>
   </trkpt>
   <trkpt lat="51.0517234" lon="13.8098669">
    <ele>108</ele>
    <time>2026-08-11T18:20:27Z</time>
    <extensions>
     <gpxdata:hr>124</gpxdata:hr>
     <gpxdata:distance>22693.00</gpxdata:distance>
     <gpxdata:speed>4.994</gpxdata:speed>
    </extensions>
   </trkpt>
   <trkpt lat="51.0517602" lon="13.8098279">
    <ele>108</ele>
    <time>2026-08-11T18:20:28Z</time>
    <extensions>
     <gpxdata:hr>123</gpxdata:hr>
     <gpxdata:distance>22698.00</gpxdata:distance>
     <gpxdata:speed>4.992</gpxdata:speed>
    </extensions>
   </trkpt>
   <trkpt lat="51.0517979" lon="13.8097932">
    <ele>108</ele>
    <time>2026-08-11T18:20:29Z</time>
    <extensions>
     <gpxdata:hr>123</gpxdata:hr>
     <gpxdata:distance>22703.00</gpxdata:distance>
     <gpxdata:speed>4.942</gpxdata:speed>
    </extensions>
   </trkpt>
   <trkpt lat="51.0518368" lon="13.8097624">
    <ele>108</ele>
    <time>2026-08-11T18:20:30Z</time>
    <extensions>
     <gpxdata:hr>122</gpxdata:hr>
     <gpxdata:distance>22708.00</gpxdata:distance>
     <gpxdata:speed>4.892</gpxdata:speed>
    </extensions>
   </trkpt>
   <trkpt lat="51.0518767" lon="13.8097360">
    <ele>108</ele>
    <time>2026-08-11T18:20:31Z</time>
    <extensions>
     <gpxdata:hr>122</gpxdata:hr>
     <gpxdata:distance>22713.00</gpxdata:distance>
     <gpxdata:speed>4.875</gpxdata:speed>
    </extensions>
   </trkpt>
   <trkpt lat="51.0519182" lon="13.8097163">
    <ele>108</ele>
    <time>2026-08-11T18:20:32Z</time>
    <extensions>
     <gpxdata:hr>122</gpxdata:hr>
     <gpxdata:distance>22718.00</gpxdata:distance>
     <gpxdata:speed>4.842</gpxdata:speed>
    </extensions>
   </trkpt>
   <trkpt lat="51.0519616" lon="13.8097040">
    <ele>108</ele>
    <time>2026-08-11T18:20:33Z</time>
    <extensions>
     <gpxdata:hr>121</gpxdata:hr>
     <gpxdata:distance>22723.00</gpxdata:distance>
     <gpxdata:speed>4.839</gpxdata:speed>
    </extensions>
   </trkpt>
   <trkpt lat="51.0520069" lon="13.8096942">
    <ele>108</ele>
    <time>2026-08-11T18:20:34Z</time>
    <extensions>
     <gpxdata:hr>121</gpxdata:hr>
     <gpxdata:distance>22728.00</gpxdata:distance>
     <gpxdata:speed>4.892</gpxdata:speed>
    </extensions>
   </trkpt>
   <trkpt lat="51.0520530" lon="13.8096777">
    <ele>108</ele>
    <time>2026-08-11T18:20:35Z</time>
    <extensions>
     <gpxdata:hr>120</gpxdata:hr>
     <gpxdata:distance>22733.00</gpxdata:distance>
     <gpxdata:speed>4.981</gpxdata:speed>
    </extensions>
   </trkpt>
   <trkpt lat="51.0521000" lon="13.8096485">
    <ele>108</ele>
    <time>2026-08-11T18:20:36Z</time>
    <extensions>
     <gpxdata:hr>120</gpxdata:hr>
     <gpxdata:distance>22738.00</gpxdata:distance>
     <gpxdata:speed>5.125</gpxdata:speed>
    </extensions>
   </trkpt>
   <trkpt lat="51.0521484" lon="13.8096072">
    <ele>108</ele>
    <time>2026-08-11T18:20:37Z</time>
    <extensions>
     <gpxdata:hr>119</gpxdata:hr>
     <gpxdata:distance>22744.50</gpxdata:distance>
     <gpxdata:speed>5.719</gpxdata:speed>
    </extensions>
   </trkpt>
   <trkpt lat="51.0522146" lon="13.8095416">
    <ele>108</ele>
    <time>2026-08-11T18:20:38Z</time>
    <extensions>
     <gpxdata:hr>119</gpxdata:hr>
     <gpxdata:distance>22751.00</gpxdata:distance>
     <gpxdata:speed>6.203</gpxdata:speed>
    </extensions>
   </trkpt>
   <trkpt lat="51.0522641" lon="13.8094887">
    <ele>108</ele>
    <time>2026-08-11T18:20:39Z</time>
    <extensions>
     <gpxdata:hr>119</gpxdata:hr>
     <gpxdata:distance>22757.50</gpxdata:distance>
     <gpxdata:speed>6.511</gpxdata:speed>
    </extensions>
   </trkpt>
   <trkpt lat="51.0523073" lon="13.8094411">
    <ele>108</ele>
    <time>2026-08-11T18:20:40Z</time>
    <extensions>
     <gpxdata:hr>118</gpxdata:hr>
     <gpxdata:distance>22764.00</gpxdata:distance>
     <gpxdata:speed>6.278</gpxdata:speed>
    </extensions>
   </trkpt>
   <trkpt lat="51.0523355" lon="13.8094085">
    <ele>108</ele>
    <time>2026-08-11T18:20:41Z</time>
    <extensions>
     <gpxdata:hr>117</gpxdata:hr>
     <gpxdata:distance>22769.00</gpxdata:distance>
     <gpxdata:speed>5.786</gpxdata:speed>
    </extensions>
   </trkpt>
   <trkpt lat="51.0523703" lon="13.8093674">
    <ele>108</ele>
    <time>2026-08-11T18:20:42Z</time>
    <extensions>
     <gpxdata:hr>116</gpxdata:hr>
     <gpxdata:distance>22774.00</gpxdata:distance>
     <gpxdata:speed>5.450</gpxdata:speed>
    </extensions>
   </trkpt>
   <trkpt lat="51.0524069" lon="13.8093240">
    <ele>108</ele>
    <time>2026-08-11T18:20:43Z</time>
    <extensions>
     <gpxdata:hr>116</gpxdata:hr>
     <gpxdata:distance>22779.50</gpxdata:distance>
     <gpxdata:speed>5.367</gpxdata:speed>
    </extensions>
   </trkpt>
   <trkpt lat="51.0524443" lon="13.8092806">
    <ele>108</ele>
    <time>2026-08-11T18:20:44Z</time>
    <extensions>
     <gpxdata:hr>116</gpxdata:hr>
     <gpxdata:distance>22785.00</gpxdata:distance>
     <gpxdata:speed>5.328</gpxdata:speed>
    </extensions>
   </trkpt>
   <trkpt lat="51.0524817" lon="13.8092377">
    <ele>108</ele>
    <time>2026-08-11T18:20:45Z</time>
    <extensions>
     <gpxdata:hr>116</gpxdata:hr>
     <gpxdata:distance>22790.00</gpxdata:distance>
     <gpxdata:speed>5.292</gpxdata:speed>
    </extensions>
   </trkpt>
   <trkpt lat="51.0525188" lon="13.8091954">
    <ele>108</ele>
    <time>2026-08-11T18:20:46Z</time>
    <extensions>
     <gpxdata:hr>117</gpxdata:hr>
     <gpxdata:distance>22795.00</gpxdata:distance>
     <gpxdata:speed>5.239</gpxdata:speed>
    </extensions>
   </trkpt>
   <trkpt lat="51.0525556" lon="13.8091533">
    <ele>108</ele>
    <time>2026-08-11T18:20:47Z</time>
    <extensions>
     <gpxdata:hr>118</gpxdata:hr>
     <gpxdata:distance>22800.00</gpxdata:distance>
     <gpxdata:speed>5.097</gpxdata:speed>
    </extensions>
   </trkpt>
   <trkpt lat="51.0525922" lon="13.8091105">
    <ele>108</ele>
    <time>2026-08-11T18:20:48Z</time>
    <extensions>
     <gpxdata:hr>119</gpxdata:hr>
     <gpxdata:distance>22805.00</gpxdata:distance>
     <gpxdata:speed>5.067</gpxdata:speed>
    </extensions>
   </trkpt>
   <trkpt lat="51.0526284" lon="13.8090671">
    <ele>108</ele>
    <time>2026-08-11T18:20:49Z</time>
    <extensions>
     <gpxdata:hr>119</gpxdata:hr>
     <gpxdata:distance>22810.00</gpxdata:distance>
     <gpxdata:speed>5.072</gpxdata:speed>
    </extensions>
   </trkpt>
   <trkpt lat="51.0526643" lon="13.8090233">
    <ele>108</ele>
    <time>2026-08-11T18:20:50Z</time>
    <extensions>
     <gpxdata:hr>118</gpxdata:hr>
     <gpxdata:distance>22815.00</gpxdata:distance>
     <gpxdata:speed>5.042</gpxdata:speed>
    </extensions>
   </trkpt>
   <trkpt lat="51.0527000" lon="13.8089795">
    <ele>108</ele>
    <time>2026-08-11T18:20:51Z</time>
    <extensions>
     <gpxdata:hr>117</gpxdata:hr>
     <gpxdata:distance>22820.00</gpxdata:distance>
     <gpxdata:speed>5.036</gpxdata:speed>
    </extensions>
   </trkpt>
   <trkpt lat="51.0527357" lon="13.8089361">
    <ele>108</ele>
    <time>2026-08-11T18:20:52Z</time>
    <extensions>
     <gpxdata:hr>116</gpxdata:hr>
     <gpxdata:distance>22825.00</gpxdata:distance>
     <gpxdata:speed>5.025</gpxdata:speed>
    </extensions>
   </trkpt>
   <trkpt lat="51.0527711" lon="13.8088953">
    <ele>108</ele>
    <time>2026-08-11T18:20:53Z</time>
    <extensions>
     <gpxdata:hr>116</gpxdata:hr>
     <gpxdata:distance>22830.00</gpxdata:distance>
     <gpxdata:speed>5.003</gpxdata:speed>
    </extensions>
   </trkpt>
   <trkpt lat="51.0528060" lon="13.8088581">
    <ele>108</ele>
    <time>2026-08-11T18:20:54Z</time>
    <extensions>
     <gpxdata:hr>116</gpxdata:hr>
     <gpxdata:distance>22835.00</gpxdata:distance>
     <gpxdata:speed>4.917</gpxdata:speed>
    </extensions>
   </trkpt>
   <trkpt lat="51.0528401" lon="13.8088233">
    <ele>108</ele>
    <time>2026-08-11T18:20:55Z</time>
    <extensions>
     <gpxdata:hr>116</gpxdata:hr>
     <gpxdata:distance>22839.50</gpxdata:distance>
     <gpxdata:speed>4.792</gpxdata:speed>
    </extensions>
   </trkpt>
   <trkpt lat="51.0528743" lon="13.8087894">
    <ele>108</ele>
    <time>2026-08-11T18:20:56Z</time>
    <extensions>
     <gpxdata:hr>116</gpxdata:hr>
     <gpxdata:distance>22844.00</gpxdata:distance>
     <gpxdata:speed>4.667</gpxdata:speed>
    </extensions>
   </trkpt>
   <trkpt lat="51.0529100" lon="13.8087559">
    <ele>108</ele>
    <time>2026-08-11T18:20:57Z</time>
    <extensions>
     <gpxdata:hr>116</gpxdata:hr>
     <gpxdata:distance>22848.50</gpxdata:distance>
     <gpxdata:speed>4.606</gpxdata:speed>
    </extensions>
   </trkpt>
   <trkpt lat="51.0529473" lon="13.8087194">
    <ele>108</ele>
    <time>2026-08-11T18:20:58Z</time>
    <extensions>
     <gpxdata:hr>116</gpxdata:hr>
     <gpxdata:distance>22853.00</gpxdata:distance>
     <gpxdata:speed>4.639</gpxdata:speed>
    </extensions>
   </trkpt>
   <trkpt lat="51.0529858" lon="13.8086794">
    <ele>108</ele>
    <time>2026-08-11T18:20:59Z</time>
    <extensions>
     <gpxdata:hr>115</gpxdata:hr>
     <gpxdata:distance>22858.50</gpxdata:distance>
     <gpxdata:speed>4.764</gpxdata:speed>
    </extensions>
   </trkpt>
   <trkpt lat="51.0530271" lon="13.8086386">
    <ele>108</ele>
    <time>2026-08-11T18:21:00Z</time>
    <extensions>
     <gpxdata:hr>116</gpxdata:hr>
     <gpxdata:distance>22864.00</gpxdata:distance>
     <gpxdata:speed>4.919</gpxdata:speed>
    </extensions>
   </trkpt>
   <trkpt lat="51.0530704" lon="13.8085970">
    <ele>108</ele>
    <time>2026-08-11T18:21:01Z</time>
    <extensions>
     <gpxdata:hr>115</gpxdata:hr>
     <gpxdata:distance>22869.50</gpxdata:distance>
     <gpxdata:speed>5.131</gpxdata:speed>
    </extensions>
   </trkpt>
   <trkpt lat="51.0531151" lon="13.8085546">
    <ele>108</ele>
    <time>2026-08-11T18:21:02Z</time>
    <extensions>
     <gpxdata:hr>115</gpxdata:hr>
     <gpxdata:distance>22875.00</gpxdata:distance>
     <gpxdata:speed>5.331</gpxdata:speed>
    </extensions>
   </trkpt>
   <trkpt lat="51.0531610" lon="13.8085129">
    <ele>108</ele>
    <time>2026-08-11T18:21:03Z</time>
    <extensions>
     <gpxdata:hr>115</gpxdata:hr>
     <gpxdata:distance>22881.00</gpxdata:distance>
     <gpxdata:speed>5.508</gpxdata:speed>
    </extensions>
   </trkpt>
   <trkpt lat="51.0532078" lon="13.8084723">
    <ele>108</ele>
    <time>2026-08-11T18:21:04Z</time>
    <extensions>
     <gpxdata:hr>115</gpxdata:hr>
     <gpxdata:distance>22887.00</gpxdata:distance>
     <gpxdata:speed>5.814</gpxdata:speed>
    </extensions>
   </trkpt>
   <trkpt lat="51.0532553" lon="13.8084311">
    <ele>108</ele>
    <time>2026-08-11T18:21:05Z</time>
    <extensions>
     <gpxdata:hr>115</gpxdata:hr>
     <gpxdata:distance>22893.00</gpxdata:distance>
     <gpxdata:speed>5.906</gpxdata:speed>
    </extensions>
   </trkpt>
   <trkpt lat="51.0533191" lon="13.8083759">
    <ele>108</ele>
    <time>2026-08-11T18:21:06Z</time>
    <extensions>
     <gpxdata:hr>115</gpxdata:hr>
     <gpxdata:distance>22899.00</gpxdata:distance>
     <gpxdata:speed>6.003</gpxdata:speed>
    </extensions>
   </trkpt>
   <trkpt lat="51.0533691" lon="13.8083323">
    <ele>108</ele>
    <time>2026-08-11T18:21:07Z</time>
    <extensions>
     <gpxdata:hr>116</gpxdata:hr>
     <gpxdata:distance>22905.00</gpxdata:distance>
     <gpxdata:speed>6.050</gpxdata:speed>
    </extensions>
   </trkpt>
   <trkpt lat="51.0534170" lon="13.8082890">
    <ele>109</ele>
    <time>2026-08-11T18:21:08Z</time>
    <extensions>
     <gpxdata:hr>118</gpxdata:hr>
     <gpxdata:distance>22911.00</gpxdata:distance>
     <gpxdata:speed>6.083</gpxdata:speed>
    </extensions>
   </trkpt>
   <trkpt lat="51.0534644" lon="13.8082454">
    <ele>109</ele>
    <time>2026-08-11T18:21:09Z</time>
    <extensions>
     <gpxdata:hr>117</gpxdata:hr>
     <gpxdata:distance>22917.00</gpxdata:distance>
     <gpxdata:speed>6.078</gpxdata:speed>
    </extensions>
   </trkpt>
   <trkpt lat="51.0535111" lon="13.8082011">
    <ele>109</ele>
    <time>2026-08-11T18:21:10Z</time>
    <extensions>
     <gpxdata:hr>118</gpxdata:hr>
     <gpxdata:distance>22923.00</gpxdata:distance>
     <gpxdata:speed>6.086</gpxdata:speed>
    </extensions>
   </trkpt>
   <trkpt lat="51.0535553" lon="13.8081512">
    <ele>109</ele>
    <time>2026-08-11T18:21:11Z</time>
    <extensions>
     <gpxdata:hr>120</gpxdata:hr>
     <gpxdata:distance>22929.50</gpxdata:distance>
     <gpxdata:speed>6.086</gpxdata:speed>
    </extensions>
   </trkpt>
   <trkpt lat="51.0535966" lon="13.8080943">
    <ele>109</ele>
    <time>2026-08-11T18:21:12Z</time>
    <extensions>
     <gpxdata:hr>120</gpxdata:hr>
     <gpxdata:distance>22936.00</gpxdata:distance>
     <gpxdata:speed>6.086</gpxdata:speed>
    </extensions>
   </trkpt>
   <trkpt lat="51.0536361" lon="13.8080332">
    <ele>109</ele>
    <time>2026-08-11T18:21:13Z</time>
    <extensions>
     <gpxdata:hr>120</gpxdata:hr>
     <gpxdata:distance>22942.00</gpxdata:distance>
     <gpxdata:speed>6.103</gpxdata:speed>
    </extensions>
   </trkpt>
   <trkpt lat="51.0536774" lon="13.8079745">
    <ele>109</ele>
    <time>2026-08-11T18:21:14Z</time>
    <extensions>
     <gpxdata:hr>121</gpxdata:hr>
     <gpxdata:distance>22948.00</gpxdata:distance>
     <gpxdata:speed>6.119</gpxdata:speed>
    </extensions>
   </trkpt>
   <trkpt lat="51.0537209" lon="13.8079204">
    <ele>110</ele>
    <time>2026-08-11T18:21:15Z</time>
    <extensions>
     <gpxdata:hr>121</gpxdata:hr>
     <gpxdata:distance>22954.00</gpxdata:distance>
     <gpxdata:speed>6.142</gpxdata:speed>
    </extensions>
   </trkpt>
   <trkpt lat="51.0537653" lon="13.8078698">
    <ele>110</ele>
    <time>2026-08-11T18:21:16Z</time>
    <extensions>
     <gpxdata:hr>121</gpxdata:hr>
     <gpxdata:distance>22960.00</gpxdata:distance>
     <gpxdata:speed>6.150</gpxdata:speed>
    </extensions>
   </trkpt>
   <trkpt lat="51.0538097" lon="13.8078218">
    <ele>110</ele>
    <time>2026-08-11T18:21:17Z</time>
    <extensions>
     <gpxdata:hr>121</gpxdata:hr>
     <gpxdata:distance>22966.00</gpxdata:distance>
     <gpxdata:speed>6.117</gpxdata:speed>
    </extensions>
   </trkpt>
   <trkpt lat="51.0538541" lon="13.8077750">
    <ele>110</ele>
    <time>2026-08-11T18:21:18Z</time>
    <extensions>
     <gpxdata:hr>122</gpxdata:hr>
     <gpxdata:distance>22972.00</gpxdata:distance>
     <gpxdata:speed>6.064</gpxdata:speed>
    </extensions>
   </trkpt>
   <trkpt lat="51.0538989" lon="13.8077292">
    <ele>110</ele>
    <time>2026-08-11T18:21:19Z</time>
    <extensions>
     <gpxdata:hr>122</gpxdata:hr>
     <gpxdata:distance>22978.00</gpxdata:distance>
     <gpxdata:speed>6.019</gpxdata:speed>
    </extensions>
   </trkpt>
   <trkpt lat="51.0539311" lon="13.8076969">
    <ele>110</ele>
    <time>2026-08-11T18:21:20Z</time>
    <extensions>
     <gpxdata:hr>122</gpxdata:hr>
     <gpxdata:distance>22984.00</gpxdata:distance>
     <gpxdata:speed>5.992</gpxdata:speed>
    </extensions>
   </trkpt>
   <trkpt lat="51.0539728" lon="13.8076562">
    <ele>110</ele>
    <time>2026-08-11T18:21:21Z</time>
    <extensions>
     <gpxdata:hr>121</gpxdata:hr>
     <gpxdata:distance>22990.00</gpxdata:distance>
     <gpxdata:speed>5.942</gpxdata:speed>
    </extensions>
   </trkpt>
   <trkpt lat="51.0540178" lon="13.8076139">
    <ele>110</ele>
    <time>2026-08-11T18:21:22Z</time>
    <extensions>
     <gpxdata:hr>121</gpxdata:hr>
     <gpxdata:distance>22996.00</gpxdata:distance>
     <gpxdata:speed>5.942</gpxdata:speed>
    </extensions>
   </trkpt>
   <trkpt lat="51.0540648" lon="13.8075716">
    <ele>110</ele>
    <time>2026-08-11T18:21:23Z</time>
    <extensions>
     <gpxdata:hr>121</gpxdata:hr>
     <gpxdata:distance>23002.00</gpxdata:distance>
     <gpxdata:speed>5.947</gpxdata:speed>
    </extensions>
   </trkpt>
   <trkpt lat="51.0541123" lon="13.8075301">
    <ele>110</ele>
    <time>2026-08-11T18:21:24Z</time>
    <extensions>
     <gpxdata:hr>121</gpxdata:hr>
     <gpxdata:distance>23008.00</gpxdata:distance>
     <gpxdata:speed>5.994</gpxdata:speed>
    </extensions>
   </trkpt>
   <trkpt lat="51.0541757" lon="13.8074748">
    <ele>110</ele>
    <time>2026-08-11T18:21:25Z</time>
    <extensions>
     <gpxdata:hr>121</gpxdata:hr>
     <gpxdata:distance>23014.00</gpxdata:distance>
     <gpxdata:speed>6.008</gpxdata:speed>
    </extensions>
   </trkpt>
   <trkpt lat="51.0542258" lon="13.8074317">
    <ele>110</ele>
    <time>2026-08-11T18:21:26Z</time>
    <extensions>
     <gpxdata:hr>122</gpxdata:hr>
     <gpxdata:distance>23020.00</gpxdata:distance>
     <gpxdata:speed>6.011</gpxdata:speed>
    </extensions>
   </trkpt>
   <trkpt lat="51.0542755" lon="13.8073908">
    <ele>110</ele>
    <time>2026-08-11T18:21:27Z</time>
    <extensions>
     <gpxdata:hr>121</gpxdata:hr>
     <gpxdata:distance>23026.00</gpxdata:distance>
     <gpxdata:speed>6.042</gpxdata:speed>
    </extensions>
   </trkpt>
   <trkpt lat="51.0543261" lon="13.8073507">
    <ele>110</ele>
    <time>2026-08-11T18:21:28Z</time>
    <extensions>
     <gpxdata:hr>121</gpxdata:hr>
     <gpxdata:distance>23032.00</gpxdata:distance>
     <gpxdata:speed>6.103</gpxdata:speed>
    </extensions>
   </trkpt>
   <trkpt lat="51.0543774" lon="13.8073104">
    <ele>110</ele>
    <time>2026-08-11T18:21:29Z</time>
    <extensions>
     <gpxdata:hr>122</gpxdata:hr>
     <gpxdata:distance>23038.50</gpxdata:distance>
     <gpxdata:speed>6.175</gpxdata:speed>
    </extensions>
   </trkpt>
   <trkpt lat="51.0544282" lon="13.8072690">
    <ele>110</ele>
    <time>2026-08-11T18:21:30Z</time>
    <extensions>
     <gpxdata:hr>122</gpxdata:hr>
     <gpxdata:distance>23045.00</gpxdata:distance>
     <gpxdata:speed>6.242</gpxdata:speed>
    </extensions>
   </trkpt>
   <trkpt lat="51.0544798" lon="13.8072271">
    <ele>110</ele>
    <time>2026-08-11T18:21:31Z</time>
    <extensions>
     <gpxdata:hr>122</gpxdata:hr>
     <gpxdata:distance>23051.50</gpxdata:distance>
     <gpxdata:speed>6.278</gpxdata:speed>
    </extensions>
   </trkpt>
   <trkpt lat="51.0545331" lon="13.8071853">
    <ele>110</ele>
    <time>2026-08-11T18:21:32Z</time>
    <extensions>
     <gpxdata:hr>122</gpxdata:hr>
     <gpxdata:distance>23058.00</gpxdata:distance>
     <gpxdata:speed>6.344</gpxdata:speed>
    </extensions>
   </trkpt>
   <trkpt lat="51.0545862" lon="13.8071450">
    <ele>110</ele>
    <time>2026-08-11T18:21:33Z</time>
    <extensions>
     <gpxdata:hr>122</gpxdata:hr>
     <gpxdata:distance>23064.50</gpxdata:distance>
     <gpxdata:speed>6.450</gpxdata:speed>
    </extensions>
   </trkpt>
   <trkpt lat="51.0546400" lon="13.8071067">
    <ele>110</ele>
    <time>2026-08-11T18:21:34Z</time>
    <extensions>
     <gpxdata:hr>121</gpxdata:hr>
     <gpxdata:distance>23071.00</gpxdata:distance>
     <gpxdata:speed>6.472</gpxdata:speed>
    </extensions>
   </trkpt>
   <trkpt lat="51.0546917" lon="13.8070739">
    <ele>110</ele>
    <time>2026-08-11T18:21:35Z</time>
    <extensions>
     <gpxdata:hr>121</gpxdata:hr>
     <gpxdata:distance>23077.00</gpxdata:distance>
     <gpxdata:speed>6.506</gpxdata:speed>
    </extensions>
   </trkpt>
   <trkpt lat="51.0547459" lon="13.8070443">
    <ele>110</ele>
    <time>2026-08-11T18:21:36Z</time>
    <extensions>
     <gpxdata:hr>121</gpxdata:hr>
     <gpxdata:distance>23083.00</gpxdata:distance>
     <gpxdata:speed>6.378</gpxdata:speed>
    </extensions>
   </trkpt>
   <trkpt lat="51.0548016" lon="13.8070123">
    <ele>110</ele>
    <time>2026-08-11T18:21:37Z</time>
    <extensions>
     <gpxdata:hr>121</gpxdata:hr>
     <gpxdata:distance>23090.00</gpxdata:distance>
     <gpxdata:speed>6.408</gpxdata:speed>
    </extensions>
   </trkpt>
   <trkpt lat="51.0548593" lon="13.8069781">
    <ele>110</ele>
    <time>2026-08-11T18:21:38Z</time>
    <extensions>
     <gpxdata:hr>121</gpxdata:hr>
     <gpxdata:distance>23097.00</gpxdata:distance>
     <gpxdata:speed>6.494</gpxdata:speed>
    </extensions>
   </trkpt>
   <trkpt lat="51.0549176" lon="13.8069438">
    <ele>110</ele>
    <time>2026-08-11T18:21:39Z</time>
    <extensions>
     <gpxdata:hr>121</gpxdata:hr>
     <gpxdata:distance>23104.00</gpxdata:distance>
     <gpxdata:speed>6.631</gpxdata:speed>
    </extensions>
   </trkpt>
   <trkpt lat="51.0549757" lon="13.8069097">
    <ele>110</ele>
    <time>2026-08-11T18:21:40Z</time>
    <extensions>
     <gpxdata:hr>120</gpxdata:hr>
     <gpxdata:distance>23111.00</gpxdata:distance>
     <gpxdata:speed>6.719</gpxdata:speed>
    </extensions>
   </trkpt>
   <trkpt lat="51.0550331" lon="13.8068753">
    <ele>109</ele>
    <time>2026-08-11T18:21:41Z</time>
    <extensions>
     <gpxdata:hr>119</gpxdata:hr>
     <gpxdata:distance>23117.50</gpxdata:distance>
     <gpxdata:speed>6.767</gpxdata:speed>
    </extensions>
   </trkpt>
   <trkpt lat="51.0550895" lon="13.8068404">
    <ele>109</ele>
    <time>2026-08-11T18:21:42Z</time>
    <extensions>
     <gpxdata:hr>119</gpxdata:hr>
     <gpxdata:distance>23124.00</gpxdata:distance>
     <gpxdata:speed>6.778</gpxdata:speed>
    </extensions>
   </trkpt>
   <trkpt lat="51.0551451" lon="13.8068056">
    <ele>109</ele>
    <time>2026-08-11T18:21:43Z</time>
    <extensions>
     <gpxdata:hr>119</gpxdata:hr>
     <gpxdata:distance>23131.00</gpxdata:distance>
     <gpxdata:speed>6.758</gpxdata:speed>
    </extensions>
   </trkpt>
   <trkpt lat="51.0552006" lon="13.8067715">
    <ele>109</ele>
    <time>2026-08-11T18:21:44Z</time>
    <extensions>
     <gpxdata:hr>118</gpxdata:hr>
     <gpxdata:distance>23138.00</gpxdata:distance>
     <gpxdata:speed>6.719</gpxdata:speed>
    </extensions>
   </trkpt>
   <trkpt lat="51.0552563" lon="13.8067380">
    <ele>109</ele>
    <time>2026-08-11T18:21:45Z</time>
    <extensions>
     <gpxdata:hr>118</gpxdata:hr>
     <gpxdata:distance>23144.50</gpxdata:distance>
     <gpxdata:speed>6.692</gpxdata:speed>
    </extensions>
   </trkpt>
   <trkpt lat="51.0553121" lon="13.8067045">
    <ele>109</ele>
    <time>2026-08-11T18:21:46Z</time>
    <extensions>
     <gpxdata:hr>118</gpxdata:hr>
     <gpxdata:distance>23151.00</gpxdata:distance>
     <gpxdata:speed>6.675</gpxdata:speed>
    </extensions>
   </trkpt>
   <trkpt lat="51.0553683" lon="13.8066707">
    <ele>109</ele>
    <time>2026-08-11T18:21:47Z</time>
    <extensions>
     <gpxdata:hr>117</gpxdata:hr>
     <gpxdata:distance>23157.50</gpxdata:distance>
     <gpxdata:speed>6.669</gpxdata:speed>
    </extensions>
   </trkpt>
   <trkpt lat="51.0554244" lon="13.8066368">
    <ele>109</ele>
    <time>2026-08-11T18:21:48Z</time>
    <extensions>
     <gpxdata:hr>116</gpxdata:hr>
     <gpxdata:distance>23164.00</gpxdata:distance>
     <gpxdata:speed>6.678</gpxdata:speed>
    </extensions>
   </trkpt>
   <trkpt lat="51.0554796" lon="13.8066030">
    <ele>109</ele>
    <time>2026-08-11T18:21:49Z</time>
    <extensions>
     <gpxdata:hr>115</gpxdata:hr>
     <gpxdata:distance>23170.50</gpxdata:distance>
     <gpxdata:speed>6.675</gpxdata:speed>
    </extensions>
   </trkpt>
   <trkpt lat="51.0555343" lon="13.8065697">
    <ele>109</ele>
    <time>2026-08-11T18:21:50Z</time>
    <extensions>
     <gpxdata:hr>116</gpxdata:hr>
     <gpxdata:distance>23177.00</gpxdata:distance>
     <gpxdata:speed>6.636</gpxdata:speed>
    </extensions>
   </trkpt>
   <trkpt lat="51.0555888" lon="13.8065359">
    <ele>109</ele>
    <time>2026-08-11T18:21:51Z</time>
    <extensions>
     <gpxdata:hr>115</gpxdata:hr>
     <gpxdata:distance>23184.00</gpxdata:distance>
     <gpxdata:speed>6.594</gpxdata:speed>
    </extensions>
   </trkpt>
   <trkpt lat="51.0556425" lon="13.8064995">
    <ele>109</ele>
    <time>2026-08-11T18:21:52Z</time>
    <extensions>
     <gpxdata:hr>115</gpxdata:hr>
     <gpxdata:distance>23191.00</gpxdata:distance>
     <gpxdata:speed>6.567</gpxdata:speed>
    </extensions>
   </trkpt>
   <trkpt lat="51.0556962" lon="13.8064614">
    <ele>109</ele>
    <time>2026-08-11T18:21:53Z</time>
    <extensions>
     <gpxdata:hr>115</gpxdata:hr>
     <gpxdata:distance>23197.50</gpxdata:distance>
     <gpxdata:speed>6.550</gpxdata:speed>
    </extensions>
   </trkpt>
   <trkpt lat="51.0557510" lon="13.8064262">
    <ele>110</ele>
    <time>2026-08-11T18:21:54Z</time>
    <extensions>
     <gpxdata:hr>115</gpxdata:hr>
     <gpxdata:distance>23204.00</gpxdata:distance>
     <gpxdata:speed>6.553</gpxdata:speed>
    </extensions>
   </trkpt>
   <trkpt lat="51.0558067" lon="13.8063947">
    <ele>110</ele>
    <time>2026-08-11T18:21:55Z</time>
    <extensions>
     <gpxdata:hr>115</gpxdata:hr>
     <gpxdata:distance>23210.50</gpxdata:distance>
     <gpxdata:speed>6.564</gpxdata:speed>
    </extensions>
   </trkpt>
   <trkpt lat="51.0558631" lon="13.8063638">
    <ele>110</ele>
    <time>2026-08-11T18:21:56Z</time>
    <extensions>
     <gpxdata:hr>115</gpxdata:hr>
     <gpxdata:distance>23217.00</gpxdata:distance>
     <gpxdata:speed>6.575</gpxdata:speed>
    </extensions>
   </trkpt>
   <trkpt lat="51.0559193" lon="13.8063324">
    <ele>110</ele>
    <time>2026-08-11T18:21:57Z</time>
    <extensions>
     <gpxdata:hr>115</gpxdata:hr>
     <gpxdata:distance>23223.50</gpxdata:distance>
     <gpxdata:speed>6.597</gpxdata:speed>
    </extensions>
   </trkpt>
   <trkpt lat="51.0559752" lon="13.8062996">
    <ele>110</ele>
    <time>2026-08-11T18:21:58Z</time>
    <extensions>
     <gpxdata:hr>115</gpxdata:hr>
     <gpxdata:distance>23230.00</gpxdata:distance>
     <gpxdata:speed>6.608</gpxdata:speed>
    </extensions>
   </trkpt>
   <trkpt lat="51.0560305" lon="13.8062658">
    <ele>110</ele>
    <time>2026-08-11T18:21:59Z</time>
    <extensions>
     <gpxdata:hr>115</gpxdata:hr>
     <gpxdata:distance>23236.50</gpxdata:distance>
     <gpxdata:speed>6.611</gpxdata:speed>
    </extensions>
   </trkpt>
   <trkpt lat="51.0560854" lon="13.8062317">
    <ele>110</ele>
    <time>2026-08-11T18:22:00Z</time>
    <extensions>
     <gpxdata:hr>115</gpxdata:hr>
     <gpxdata:distance>23243.00</gpxdata:distance>
     <gpxdata:speed>6.603</gpxdata:speed>
    </extensions>
   </trkpt>
   <trkpt lat="51.0561399" lon="13.8061979">
    <ele>110</ele>
    <time>2026-08-11T18:22:01Z</time>
    <extensions>
     <gpxdata:hr>115</gpxdata:hr>
     <gpxdata:distance>23249.50</gpxdata:distance>
     <gpxdata:speed>6.592</gpxdata:speed>
    </extensions>
   </trkpt>
   <trkpt lat="51.0561940" lon="13.8061645">
    <ele>110</ele>
    <time>2026-08-11T18:22:02Z</time>
    <extensions>
     <gpxdata:hr>116</gpxdata:hr>
     <gpxdata:distance>23256.00</gpxdata:distance>
     <gpxdata:speed>6.558</gpxdata:speed>
    </extensions>
   </trkpt>
   <trkpt lat="51.0562482" lon="13.8061308">
    <ele>110</ele>
    <time>2026-08-11T18:22:03Z</time>
    <extensions>
     <gpxdata:hr>116</gpxdata:hr>
     <gpxdata:distance>23262.50</gpxdata:distance>
     <gpxdata:speed>6.528</gpxdata:speed>
    </extensions>
   </trkpt>
   <trkpt lat="51.0563027" lon="13.8060968">
    <ele>110</ele>
    <time>2026-08-11T18:22:04Z</time>
    <extensions>
     <gpxdata:hr>116</gpxdata:hr>
     <gpxdata:distance>23269.00</gpxdata:distance>
     <gpxdata:speed>6.517</gpxdata:speed>
    </extensions>
   </trkpt>
   <trkpt lat="51.0563579" lon="13.8060625">
    <ele>110</ele>
    <time>2026-08-11T18:22:05Z</time>
    <extensions>
     <gpxdata:hr>116</gpxdata:hr>
     <gpxdata:distance>23275.50</gpxdata:distance>
     <gpxdata:speed>6.517</gpxdata:speed>
    </extensions>
   </trkpt>
   <trkpt lat="51.0564139" lon="13.8060278">
    <ele>110</ele>
    <time>2026-08-11T18:22:06Z</time>
    <extensions>
     <gpxdata:hr>116</gpxdata:hr>
     <gpxdata:distance>23282.00</gpxdata:distance>
     <gpxdata:speed>6.547</gpxdata:speed>
    </extensions>
   </trkpt>
   <trkpt lat="51.0564707" lon="13.8059925">
    <ele>110</ele>
    <time>2026-08-11T18:22:07Z</time>
    <extensions>
     <gpxdata:hr>116</gpxdata:hr>
     <gpxdata:distance>23289.00</gpxdata:distance>
     <gpxdata:speed>6.600</gpxdata:speed>
    </extensions>
   </trkpt>
   <trkpt lat="51.0565277" lon="13.8059572">
    <ele>110</ele>
    <time>2026-08-11T18:22:08Z</time>
    <extensions>
     <gpxdata:hr>116</gpxdata:hr>
     <gpxdata:distance>23296.00</gpxdata:distance>
     <gpxdata:speed>6.667</gpxdata:speed>
    </extensions>
   </trkpt>
   <trkpt lat="51.0565846" lon="13.8059217">
    <ele>110</ele>
    <time>2026-08-11T18:22:09Z</time>
    <extensions>
     <gpxdata:hr>117</gpxdata:hr>
     <gpxdata:distance>23303.00</gpxdata:distance>
     <gpxdata:speed>6.711</gpxdata:speed>
    </extensions>
   </trkpt>
   <trkpt lat="51.0566412" lon="13.8058858">
    <ele>110</ele>
    <time>2026-08-11T18:22:10Z</time>
    <extensions>
     <gpxdata:hr>117</gpxdata:hr>
     <gpxdata:distance>23310.00</gpxdata:distance>
     <gpxdata:speed>6.736</gpxdata:speed>
    </extensions>
   </trkpt>
   <trkpt lat="51.0566980" lon="13.8058491">
    <ele>110</ele>
    <time>2026-08-11T18:22:11Z</time>
    <extensions>
     <gpxdata:hr>117</gpxdata:hr>
     <gpxdata:distance>23316.50</gpxdata:distance>
     <gpxdata:speed>6.756</gpxdata:speed>
    </extensions>
   </trkpt>
   <trkpt lat="51.0567545" lon="13.8058104">
    <ele>110</ele>
    <time>2026-08-11T18:22:12Z</time>
    <extensions>
     <gpxdata:hr>118</gpxdata:hr>
     <gpxdata:distance>23323.00</gpxdata:distance>
     <gpxdata:speed>6.783</gpxdata:speed>
    </extensions>
   </trkpt>
   <trkpt lat="51.0568101" lon="13.8057683">
    <ele>110</ele>
    <time>2026-08-11T18:22:13Z</time>
    <extensions>
     <gpxdata:hr>118</gpxdata:hr>
     <gpxdata:distance>23330.00</gpxdata:distance>
     <gpxdata:speed>6.808</gpxdata:speed>
    </extensions>
   </trkpt>
   <trkpt lat="51.0568651" lon="13.8057234">
    <ele>110</ele>
    <time>2026-08-11T18:22:14Z</time>
    <extensions>
     <gpxdata:hr>118</gpxdata:hr>
     <gpxdata:distance>23337.00</gpxdata:distance>
     <gpxdata:speed>6.831</gpxdata:speed>
    </extensions>
   </trkpt>
   <trkpt lat="51.0569195" lon="13.8056760">
    <ele>110</ele>
    <time>2026-08-11T18:22:15Z</time>
    <extensions>
     <gpxdata:hr>118</gpxdata:hr>
     <gpxdata:distance>23344.00</gpxdata:distance>
     <gpxdata:speed>6.853</gpxdata:speed>
    </extensions>
   </trkpt>
   <trkpt lat="51.0569727" lon="13.8056265">
    <ele>110</ele>
    <time>2026-08-11T18:22:16Z</time>
    <extensions>
     <gpxdata:hr>119</gpxdata:hr>
     <gpxdata:distance>23351.00</gpxdata:distance>
     <gpxdata:speed>6.872</gpxdata:speed>
    </extensions>
   </trkpt>
   <trkpt lat="51.0570238" lon="13.8055743">
    <ele>110</ele>
    <time>2026-08-11T18:22:17Z</time>
    <extensions>
     <gpxdata:hr>119</gpxdata:hr>
     <gpxdata:distance>23357.50</gpxdata:distance>
     <gpxdata:speed>6.867</gpxdata:speed>
    </extensions>
   </trkpt>
   <trkpt lat="51.0570738" lon="13.8055197">
    <ele>110</ele>
    <time>2026-08-11T18:22:18Z</time>
    <extensions>
     <gpxdata:hr>119</gpxdata:hr>
     <gpxdata:distance>23364.00</gpxdata:distance>
     <gpxdata:speed>6.825</gpxdata:speed>
    </extensions>
   </trkpt>
   <trkpt lat="51.0571237" lon="13.8054641">
    <ele>111</ele>
    <time>2026-08-11T18:22:19Z</time>
    <extensions>
     <gpxdata:hr>120</gpxdata:hr>
     <gpxdata:distance>23371.00</gpxdata:distance>
     <gpxdata:speed>6.803</gpxdata:speed>
    </extensions>
   </trkpt>
   <trkpt lat="51.0571731" lon="13.8054075">
    <ele>111</ele>
    <time>2026-08-11T18:22:20Z</time>
    <extensions>
     <gpxdata:hr>121</gpxdata:hr>
     <gpxdata:distance>23378.00</gpxdata:distance>
     <gpxdata:speed>6.800</gpxdata:speed>
    </extensions>
   </trkpt>
   <trkpt lat="51.0572217" lon="13.8053494">
    <ele>111</ele>
    <time>2026-08-11T18:22:21Z</time>
    <extensions>
     <gpxdata:hr>121</gpxdata:hr>
     <gpxdata:distance>23384.50</gpxdata:distance>
     <gpxdata:speed>6.792</gpxdata:speed>
    </extensions>
   </trkpt>
   <trkpt lat="51.0572697" lon="13.8052905">
    <ele>111</ele>
    <time>2026-08-11T18:22:22Z</time>
    <extensions>
     <gpxdata:hr>120</gpxdata:hr>
     <gpxdata:distance>23391.00</gpxdata:distance>
     <gpxdata:speed>6.783</gpxdata:speed>
    </extensions>
   </trkpt>
   <trkpt lat="51.0573178" lon="13.8052316">
    <ele>111</ele>
    <time>2026-08-11T18:22:23Z</time>
    <extensions>
     <gpxdata:hr>120</gpxdata:hr>
     <gpxdata:distance>23398.00</gpxdata:distance>
     <gpxdata:speed>6.772</gpxdata:speed>
    </extensions>
   </trkpt>
   <trkpt lat="51.0573656" lon="13.8051729">
    <ele>111</ele>
    <time>2026-08-11T18:22:24Z</time>
    <extensions>
     <gpxdata:hr>120</gpxdata:hr>
     <gpxdata:distance>23405.00</gpxdata:distance>
     <gpxdata:speed>6.764</gpxdata:speed>
    </extensions>
   </trkpt>
   <trkpt lat="51.0574123" lon="13.8051139">
    <ele>111</ele>
    <time>2026-08-11T18:22:25Z</time>
    <extensions>
     <gpxdata:hr>120</gpxdata:hr>
     <gpxdata:distance>23411.50</gpxdata:distance>
     <gpxdata:speed>6.747</gpxdata:speed>
    </extensions>
   </trkpt>
   <trkpt lat="51.0574576" lon="13.8050559">
    <ele>111</ele>
    <time>2026-08-11T18:22:26Z</time>
    <extensions>
     <gpxdata:hr>121</gpxdata:hr>
     <gpxdata:distance>23418.00</gpxdata:distance>
     <gpxdata:speed>6.703</gpxdata:speed>
    </extensions>
   </trkpt>
   <trkpt lat="51.0575014" lon="13.8049990">
    <ele>111</ele>
    <time>2026-08-11T18:22:27Z</time>
    <extensions>
     <gpxdata:hr>119</gpxdata:hr>
     <gpxdata:distance>23424.50</gpxdata:distance>
     <gpxdata:speed>6.614</gpxdata:speed>
    </extensions>
   </trkpt>
   <trkpt lat="51.0575438" lon="13.8049436">
    <ele>111</ele>
    <time>2026-08-11T18:22:28Z</time>
    <extensions>
     <gpxdata:hr>119</gpxdata:hr>
     <gpxdata:distance>23431.00</gpxdata:distance>
     <gpxdata:speed>6.494</gpxdata:speed>
    </extensions>
   </trkpt>
   <trkpt lat="51.0575847" lon="13.8048900">
    <ele>111</ele>
    <time>2026-08-11T18:22:29Z</time>
    <extensions>
     <gpxdata:hr>117</gpxdata:hr>
     <gpxdata:distance>23436.50</gpxdata:distance>
     <gpxdata:speed>6.350</gpxdata:speed>
    </extensions>
   </trkpt>
   <trkpt lat="51.0576135" lon="13.8048521">
    <ele>111</ele>
    <time>2026-08-11T18:22:30Z</time>
    <extensions>
     <gpxdata:hr>116</gpxdata:hr>
     <gpxdata:distance>23442.00</gpxdata:distance>
     <gpxdata:speed>5.992</gpxdata:speed>
    </extensions>
   </trkpt>
   <trkpt lat="51.0576498" lon="13.8048047">
    <ele>111</ele>
    <time>2026-08-11T18:22:31Z</time>
    <extensions>
     <gpxdata:hr>115</gpxdata:hr>
     <gpxdata:distance>23448.00</gpxdata:distance>
     <gpxdata:speed>5.822</gpxdata:speed>
    </extensions>
   </trkpt>
   <trkpt lat="51.0576886" lon="13.8047552">
    <ele>111</ele>
    <time>2026-08-11T18:22:32Z</time>
    <extensions>
     <gpxdata:hr>113</gpxdata:hr>
     <gpxdata:distance>23454.00</gpxdata:distance>
     <gpxdata:speed>5.739</gpxdata:speed>
    </extensions>
   </trkpt>
   <trkpt lat="51.0577287" lon="13.8047059">
    <ele>111</ele>
    <time>2026-08-11T18:22:33Z</time>
    <extensions>
     <gpxdata:hr>112</gpxdata:hr>
     <gpxdata:distance>23459.50</gpxdata:distance>
     <gpxdata:speed>5.703</gpxdata:speed>
    </extensions>
   </trkpt>
   <trkpt lat="51.0577703" lon="13.8046571">
    <ele>111</ele>
    <time>2026-08-11T18:22:34Z</time>
    <extensions>
     <gpxdata:hr>112</gpxdata:hr>
     <gpxdata:distance>23465.00</gpxdata:distance>
     <gpxdata:speed>5.706</gpxdata:speed>
    </extensions>
   </trkpt>
   <trkpt lat="51.0578136" lon="13.8046082">
    <ele>111</ele>
    <time>2026-08-11T18:22:35Z</time>
    <extensions>
     <gpxdata:hr>112</gpxdata:hr>
     <gpxdata:distance>23471.00</gpxdata:distance>
     <gpxdata:speed>5.789</gpxdata:speed>
    </extensions>
   </trkpt>
   <trkpt lat="51.0578591" lon="13.8045585">
    <ele>110</ele>
    <time>2026-08-11T18:22:36Z</time>
    <extensions>
     <gpxdata:hr>113</gpxdata:hr>
     <gpxdata:distance>23477.00</gpxdata:distance>
     <gpxdata:speed>5.939</gpxdata:speed>
    </extensions>
   </trkpt>
   <trkpt lat="51.0579226" lon="13.8044914">
    <ele>110</ele>
    <time>2026-08-11T18:22:37Z</time>
    <extensions>
     <gpxdata:hr>114</gpxdata:hr>
     <gpxdata:distance>23483.50</gpxdata:distance>
     <gpxdata:speed>6.106</gpxdata:speed>
    </extensions>
   </trkpt>
   <trkpt lat="51.0579748" lon="13.8044382">
    <ele>110</ele>
    <time>2026-08-11T18:22:38Z</time>
    <extensions>
     <gpxdata:hr>114</gpxdata:hr>
     <gpxdata:distance>23490.00</gpxdata:distance>
     <gpxdata:speed>6.244</gpxdata:speed>
    </extensions>
   </trkpt>
   <trkpt lat="51.0580272" lon="13.8043864">
    <ele>110</ele>
    <time>2026-08-11T18:22:39Z</time>
    <extensions>
     <gpxdata:hr>115</gpxdata:hr>
     <gpxdata:distance>23497.00</gpxdata:distance>
     <gpxdata:speed>6.400</gpxdata:speed>
    </extensions>
   </trkpt>
   <trkpt lat="51.0580805" lon="13.8043340">
    <ele>110</ele>
    <time>2026-08-11T18:22:40Z</time>
    <extensions>
     <gpxdata:hr>115</gpxdata:hr>
     <gpxdata:distance>23504.00</gpxdata:distance>
     <gpxdata:speed>6.728</gpxdata:speed>
    </extensions>
   </trkpt>
   <trkpt lat="51.0581336" lon="13.8042803">
    <ele>110</ele>
    <time>2026-08-11T18:22:41Z</time>
    <extensions>
     <gpxdata:hr>115</gpxdata:hr>
     <gpxdata:distance>23511.00</gpxdata:distance>
     <gpxdata:speed>6.875</gpxdata:speed>
    </extensions>
   </trkpt>
   <trkpt lat="51.0581863" lon="13.8042265">
    <ele>110</ele>
    <time>2026-08-11T18:22:42Z</time>
    <extensions>
     <gpxdata:hr>115</gpxdata:hr>
     <gpxdata:distance>23518.00</gpxdata:distance>
     <gpxdata:speed>6.939</gpxdata:speed>
    </extensions>
   </trkpt>
   <trkpt lat="51.0582384" lon="13.8041734">
    <ele>110</ele>
    <time>2026-08-11T18:22:43Z</time>
    <extensions>
     <gpxdata:hr>116</gpxdata:hr>
     <gpxdata:distance>23525.00</gpxdata:distance>
     <gpxdata:speed>6.922</gpxdata:speed>
    </extensions>
   </trkpt>
   <trkpt lat="51.0582891" lon="13.8041199">
    <ele>110</ele>
    <time>2026-08-11T18:22:44Z</time>
    <extensions>
     <gpxdata:hr>116</gpxdata:hr>
     <gpxdata:distance>23532.00</gpxdata:distance>
     <gpxdata:speed>6.869</gpxdata:speed>
    </extensions>
   </trkpt>
   <trkpt lat="51.0583378" lon="13.8040657">
    <ele>110</ele>
    <time>2026-08-11T18:22:45Z</time>
    <extensions>
     <gpxdata:hr>117</gpxdata:hr>
     <gpxdata:distance>23538.50</gpxdata:distance>
     <gpxdata:speed>6.783</gpxdata:speed>
    </extensions>
   </trkpt>
   <trkpt lat="51.0583842" lon="13.8040097">
    <ele>110</ele>
    <time>2026-08-11T18:22:46Z</time>
    <extensions>
     <gpxdata:hr>116</gpxdata:hr>
     <gpxdata:distance>23545.00</gpxdata:distance>
     <gpxdata:speed>6.658</gpxdata:speed>
    </extensions>
   </trkpt>
   <trkpt lat="51.0584283" lon="13.8039521">
    <ele>109</ele>
    <time>2026-08-11T18:22:47Z</time>
    <extensions>
     <gpxdata:hr>116</gpxdata:hr>
     <gpxdata:distance>23551.00</gpxdata:distance>
     <gpxdata:speed>6.558</gpxdata:speed>
    </extensions>
   </trkpt>
   <trkpt lat="51.0584724" lon="13.8038955">
    <ele>109</ele>
    <time>2026-08-11T18:22:48Z</time>
    <extensions>
     <gpxdata:hr>115</gpxdata:hr>
     <gpxdata:distance>23557.00</gpxdata:distance>
     <gpxdata:speed>6.481</gpxdata:speed>
    </extensions>
   </trkpt>
   <trkpt lat="51.0585180" lon="13.8038411">
    <ele>109</ele>
    <time>2026-08-11T18:22:49Z</time>
    <extensions>
     <gpxdata:hr>115</gpxdata:hr>
     <gpxdata:distance>23563.50</gpxdata:distance>
     <gpxdata:speed>6.422</gpxdata:speed>
    </extensions>
   </trkpt>
   <trkpt lat="51.0585656" lon="13.8037867">
    <ele>109</ele>
    <time>2026-08-11T18:22:50Z</time>
    <extensions>
     <gpxdata:hr>115</gpxdata:hr>
     <gpxdata:distance>23570.00</gpxdata:distance>
     <gpxdata:speed>6.406</gpxdata:speed>
    </extensions>
   </trkpt>
   <trkpt lat="51.0586147" lon="13.8037304">
    <ele>109</ele>
    <time>2026-08-11T18:22:51Z</time>
    <extensions>
     <gpxdata:hr>115</gpxdata:hr>
     <gpxdata:distance>23577.00</gpxdata:distance>
     <gpxdata:speed>6.458</gpxdata:speed>
    </extensions>
   </trkpt>
   <trkpt lat="51.0586645" lon="13.8036726">
    <ele>109</ele>
    <time>2026-08-11T18:22:52Z</time>
    <extensions>
     <gpxdata:hr>115</gpxdata:hr>
     <gpxdata:distance>23584.00</gpxdata:distance>
     <gpxdata:speed>6.564</gpxdata:speed>
    </extensions>
   </trkpt>
   <trkpt lat="51.0587146" lon="13.8036136">
    <ele>109</ele>
    <time>2026-08-11T18:22:53Z</time>
    <extensions>
     <gpxdata:hr>116</gpxdata:hr>
     <gpxdata:distance>23591.00</gpxdata:distance>
     <gpxdata:speed>6.661</gpxdata:speed>
    </extensions>
   </trkpt>
   <trkpt lat="51.0587648" lon="13.8035540">
    <ele>109</ele>
    <time>2026-08-11T18:22:54Z</time>
    <extensions>
     <gpxdata:hr>117</gpxdata:hr>
     <gpxdata:distance>23598.00</gpxdata:distance>
     <gpxdata:speed>6.753</gpxdata:speed>
    </extensions>
   </trkpt>
   <trkpt lat="51.0588154" lon="13.8034944">
    <ele>109</ele>
    <time>2026-08-11T18:22:55Z</time>
    <extensions>
     <gpxdata:hr>117</gpxdata:hr>
     <gpxdata:distance>23605.00</gpxdata:distance>
     <gpxdata:speed>6.822</gpxdata:speed>
    </extensions>
   </trkpt>
   <trkpt lat="51.0588661" lon="13.8034347">
    <ele>109</ele>
    <time>2026-08-11T18:22:56Z</time>
    <extensions>
     <gpxdata:hr>116</gpxdata:hr>
     <gpxdata:distance>23612.00</gpxdata:distance>
     <gpxdata:speed>6.889</gpxdata:speed>
    </extensions>
   </trkpt>
   <trkpt lat="51.0589163" lon="13.8033742">
    <ele>109</ele>
    <time>2026-08-11T18:22:57Z</time>
    <extensions>
     <gpxdata:hr>116</gpxdata:hr>
     <gpxdata:distance>23619.00</gpxdata:distance>
     <gpxdata:speed>6.936</gpxdata:speed>
    </extensions>
   </trkpt>
   <trkpt lat="51.0589659" lon="13.8033126">
    <ele>109</ele>
    <time>2026-08-11T18:22:58Z</time>
    <extensions>
     <gpxdata:hr>115</gpxdata:hr>
     <gpxdata:distance>23626.00</gpxdata:distance>
     <gpxdata:speed>6.969</gpxdata:speed>
    </extensions>
   </trkpt>
   <trkpt lat="51.0590150" lon="13.8032501">
    <ele>109</ele>
    <time>2026-08-11T18:22:59Z</time>
    <extensions>
     <gpxdata:hr>115</gpxdata:hr>
     <gpxdata:distance>23633.00</gpxdata:distance>
     <gpxdata:speed>6.992</gpxdata:speed>
    </extensions>
   </trkpt>
   <trkpt lat="51.0590635" lon="13.8031866">
    <ele>109</ele>
    <time>2026-08-11T18:23:00Z</time>
    <extensions>
     <gpxdata:hr>115</gpxdata:hr>
     <gpxdata:distance>23640.00</gpxdata:distance>
     <gpxdata:speed>7.000</gpxdata:speed>
    </extensions>
   </trkpt>
   <trkpt lat="51.0591111" lon="13.8031215">
    <ele>109</ele>
    <time>2026-08-11T18:23:01Z</time>
    <extensions>
     <gpxdata:hr>115</gpxdata:hr>
     <gpxdata:distance>23647.00</gpxdata:distance>
     <gpxdata:speed>7.003</gpxdata:speed>
    </extensions>
   </trkpt>
   <trkpt lat="51.0591571" lon="13.8030544">
    <ele>109</ele>
    <time>2026-08-11T18:23:02Z</time>
    <extensions>
     <gpxdata:hr>114</gpxdata:hr>
     <gpxdata:distance>23654.00</gpxdata:distance>
     <gpxdata:speed>6.994</gpxdata:speed>
    </extensions>
   </trkpt>
   <trkpt lat="51.0592015" lon="13.8029844">
    <ele>109</ele>
    <time>2026-08-11T18:23:03Z</time>
    <extensions>
     <gpxdata:hr>113</gpxdata:hr>
     <gpxdata:distance>23660.50</gpxdata:distance>
     <gpxdata:speed>6.978</gpxdata:speed>
    </extensions>
   </trkpt>
   <trkpt lat="51.0592445" lon="13.8029118">
    <ele>109</ele>
    <time>2026-08-11T18:23:04Z</time>
    <extensions>
     <gpxdata:hr>113</gpxdata:hr>
     <gpxdata:distance>23667.00</gpxdata:distance>
     <gpxdata:speed>6.975</gpxdata:speed>
    </extensions>
   </trkpt>
   <trkpt lat="51.0592861" lon="13.8028372">
    <ele>109</ele>
    <time>2026-08-11T18:23:05Z</time>
    <extensions>
     <gpxdata:hr>112</gpxdata:hr>
     <gpxdata:distance>23674.00</gpxdata:distance>
     <gpxdata:speed>6.981</gpxdata:speed>
    </extensions>
   </trkpt>
   <trkpt lat="51.0593264" lon="13.8027608">
    <ele>109</ele>
    <time>2026-08-11T18:23:06Z</time>
    <extensions>
     <gpxdata:hr>111</gpxdata:hr>
     <gpxdata:distance>23681.00</gpxdata:distance>
     <gpxdata:speed>6.975</gpxdata:speed>
    </extensions>
   </trkpt>
   <trkpt lat="51.0593657" lon="13.8026836">
    <ele>109</ele>
    <time>2026-08-11T18:23:07Z</time>
    <extensions>
     <gpxdata:hr>111</gpxdata:hr>
     <gpxdata:distance>23688.00</gpxdata:distance>
     <gpxdata:speed>6.975</gpxdata:speed>
    </extensions>
   </trkpt>
   <trkpt lat="51.0594046" lon="13.8026059">
    <ele>109</ele>
    <time>2026-08-11T18:23:08Z</time>
    <extensions>
     <gpxdata:hr>111</gpxdata:hr>
     <gpxdata:distance>23695.00</gpxdata:distance>
     <gpxdata:speed>6.964</gpxdata:speed>
    </extensions>
   </trkpt>
   <trkpt lat="51.0594430" lon="13.8025274">
    <ele>109</ele>
    <time>2026-08-11T18:23:09Z</time>
    <extensions>
     <gpxdata:hr>111</gpxdata:hr>
     <gpxdata:distance>23702.00</gpxdata:distance>
     <gpxdata:speed>6.961</gpxdata:speed>
    </extensions>
   </trkpt>
   <trkpt lat="51.0594809" lon="13.8024479">
    <ele>109</ele>
    <time>2026-08-11T18:23:10Z</time>
    <extensions>
     <gpxdata:hr>112</gpxdata:hr>
     <gpxdata:distance>23709.00</gpxdata:distance>
     <gpxdata:speed>6.961</gpxdata:speed>
    </extensions>
   </trkpt>
   <trkpt lat="51.0595182" lon="13.8023673">
    <ele>109</ele>
    <time>2026-08-11T18:23:11Z</time>
    <extensions>
     <gpxdata:hr>112</gpxdata:hr>
     <gpxdata:distance>23716.00</gpxdata:distance>
     <gpxdata:speed>6.969</gpxdata:speed>
    </extensions>
   </trkpt>
   <trkpt lat="51.0595549" lon="13.8022858">
    <ele>110</ele>
    <time>2026-08-11T18:23:12Z</time>
    <extensions>
     <gpxdata:hr>112</gpxdata:hr>
     <gpxdata:distance>23723.00</gpxdata:distance>
     <gpxdata:speed>6.981</gpxdata:speed>
    </extensions>
   </trkpt>
   <trkpt lat="51.0595909" lon="13.8022038">
    <ele>110</ele>
    <time>2026-08-11T18:23:13Z</time>
    <extensions>
     <gpxdata:hr>112</gpxdata:hr>
     <gpxdata:distance>23730.00</gpxdata:distance>
     <gpxdata:speed>6.992</gpxdata:speed>
    </extensions>
   </trkpt>
   <trkpt lat="51.0596267" lon="13.8021219">
    <ele>110</ele>
    <time>2026-08-11T18:23:14Z</time>
    <extensions>
     <gpxdata:hr>111</gpxdata:hr>
     <gpxdata:distance>23737.00</gpxdata:distance>
     <gpxdata:speed>6.989</gpxdata:speed>
    </extensions>
   </trkpt>
   <trkpt lat="51.0596618" lon="13.8020400">
    <ele>110</ele>
    <time>2026-08-11T18:23:15Z</time>
    <extensions>
     <gpxdata:hr>108</gpxdata:hr>
     <gpxdata:distance>23744.00</gpxdata:distance>
     <gpxdata:speed>6.983</gpxdata:speed>
    </extensions>
   </trkpt>
   <trkpt lat="51.0596960" lon="13.8019573">
    <ele>110</ele>
    <time>2026-08-11T18:23:16Z</time>
    <extensions>
     <gpxdata:hr>110</gpxdata:hr>
     <gpxdata:distance>23751.00</gpxdata:distance>
     <gpxdata:speed>6.967</gpxdata:speed>
    </extensions>
   </trkpt>
   <trkpt lat="51.0597291" lon="13.8018738">
    <ele>110</ele>
    <time>2026-08-11T18:23:17Z</time>
    <extensions>
     <gpxdata:hr>111</gpxdata:hr>
     <gpxdata:distance>23758.00</gpxdata:distance>
     <gpxdata:speed>6.953</gpxdata:speed>
    </extensions>
   </trkpt>
   <trkpt lat="51.0597616" lon="13.8017897">
    <ele>110</ele>
    <time>2026-08-11T18:23:18Z</time>
    <extensions>
     <gpxdata:hr>113</gpxdata:hr>
     <gpxdata:distance>23765.00</gpxdata:distance>
     <gpxdata:speed>6.939</gpxdata:speed>
    </extensions>
   </trkpt>
   <trkpt lat="51.0597940" lon="13.8017055">
    <ele>110</ele>
    <time>2026-08-11T18:23:19Z</time>
    <extensions>
     <gpxdata:hr>113</gpxdata:hr>
     <gpxdata:distance>23772.00</gpxdata:distance>
     <gpxdata:speed>6.931</gpxdata:speed>
    </extensions>
   </trkpt>
   <trkpt lat="51.0598260" lon="13.8016206">
    <ele>110</ele>
    <time>2026-08-11T18:23:20Z</time>
    <extensions>
     <gpxdata:hr>113</gpxdata:hr>
     <gpxdata:distance>23779.00</gpxdata:distance>
     <gpxdata:speed>6.922</gpxdata:speed>
    </extensions>
   </trkpt>
   <trkpt lat="51.0598580" lon="13.8015351">
    <ele>110</ele>
    <time>2026-08-11T18:23:21Z</time>
    <extensions>
     <gpxdata:hr>113</gpxdata:hr>
     <gpxdata:distance>23786.00</gpxdata:distance>
     <gpxdata:speed>6.925</gpxdata:speed>
    </extensions>
   </trkpt>
   <trkpt lat="51.0598902" lon="13.8014490">
    <ele>110</ele>
    <time>2026-08-11T18:23:22Z</time>
    <extensions>
     <gpxdata:hr>112</gpxdata:hr>
     <gpxdata:distance>23793.00</gpxdata:distance>
     <gpxdata:speed>6.942</gpxdata:speed>
    </extensions>
   </trkpt>
   <trkpt lat="51.0599226" lon="13.8013627">
    <ele>110</ele>
    <time>2026-08-11T18:23:23Z</time>
    <extensions>
     <gpxdata:hr>112</gpxdata:hr>
     <gpxdata:distance>23800.00</gpxdata:distance>
     <gpxdata:speed>6.967</gpxdata:speed>
    </extensions>
   </trkpt>
   <trkpt lat="51.0599553" lon="13.8012758">
    <ele>110</ele>
    <time>2026-08-11T18:23:24Z</time>
    <extensions>
     <gpxdata:hr>112</gpxdata:hr>
     <gpxdata:distance>23807.00</gpxdata:distance>
     <gpxdata:speed>6.986</gpxdata:speed>
    </extensions>
   </trkpt>
   <trkpt lat="51.0599879" lon="13.8011878">
    <ele>110</ele>
    <time>2026-08-11T18:23:25Z</time>
    <extensions>
     <gpxdata:hr>111</gpxdata:hr>
     <gpxdata:distance>23814.00</gpxdata:distance>
     <gpxdata:speed>7.022</gpxdata:speed>
    </extensions>
   </trkpt>
   <trkpt lat="51.0600202" lon="13.8010991">
    <ele>110</ele>
    <time>2026-08-11T18:23:26Z</time>
    <extensions>
     <gpxdata:hr>111</gpxdata:hr>
     <gpxdata:distance>23821.00</gpxdata:distance>
     <gpxdata:speed>7.067</gpxdata:speed>
    </extensions>
   </trkpt>
   <trkpt lat="51.0600524" lon="13.8010105">
    <ele>110</ele>
    <time>2026-08-11T18:23:27Z</time>
    <extensions>
     <gpxdata:hr>112</gpxdata:hr>
     <gpxdata:distance>23828.00</gpxdata:distance>
     <gpxdata:speed>7.100</gpxdata:speed>
    </extensions>
   </trkpt>
   <trkpt lat="51.0600845" lon="13.8009222">
    <ele>110</ele>
    <time>2026-08-11T18:23:28Z</time>
    <extensions>
     <gpxdata:hr>114</gpxdata:hr>
     <gpxdata:distance>23835.00</gpxdata:distance>
     <gpxdata:speed>7.119</gpxdata:speed>
    </extensions>
   </trkpt>
   <trkpt lat="51.0601160" lon="13.8008335">
    <ele>110</ele>
    <time>2026-08-11T18:23:29Z</time>
    <extensions>
     <gpxdata:hr>114</gpxdata:hr>
     <gpxdata:distance>23842.50</gpxdata:distance>
     <gpxdata:speed>7.122</gpxdata:speed>
    </extensions>
   </trkpt>
   <trkpt lat="51.0601472" lon="13.8007445">
    <ele>110</ele>
    <time>2026-08-11T18:23:30Z</time>
    <extensions>
     <gpxdata:hr>114</gpxdata:hr>
     <gpxdata:distance>23850.00</gpxdata:distance>
     <gpxdata:speed>7.125</gpxdata:speed>
    </extensions>
   </trkpt>
   <trkpt lat="51.0601782" lon="13.8006552">
    <ele>110</ele>
    <time>2026-08-11T18:23:31Z</time>
    <extensions>
     <gpxdata:hr>115</gpxdata:hr>
     <gpxdata:distance>23857.00</gpxdata:distance>
     <gpxdata:speed>7.131</gpxdata:speed>
    </extensions>
   </trkpt>
   <trkpt lat="51.0602092" lon="13.8005659">
    <ele>110</ele>
    <time>2026-08-11T18:23:32Z</time>
    <extensions>
     <gpxdata:hr>115</gpxdata:hr>
     <gpxdata:distance>23864.00</gpxdata:distance>
     <gpxdata:speed>7.136</gpxdata:speed>
    </extensions>
   </trkpt>
   <trkpt lat="51.0602400" lon="13.8004768">
    <ele>110</ele>
    <time>2026-08-11T18:23:33Z</time>
    <extensions>
     <gpxdata:hr>114</gpxdata:hr>
     <gpxdata:distance>23871.00</gpxdata:distance>
     <gpxdata:speed>7.133</gpxdata:speed>
    </extensions>
   </trkpt>
   <trkpt lat="51.0602704" lon="13.8003872">
    <ele>110</ele>
    <time>2026-08-11T18:23:34Z</time>
    <extensions>
     <gpxdata:hr>114</gpxdata:hr>
     <gpxdata:distance>23878.00</gpxdata:distance>
     <gpxdata:speed>7.128</gpxdata:speed>
    </extensions>
   </trkpt>
   <trkpt lat="51.0603001" lon="13.8002967">
    <ele>110</ele>
    <time>2026-08-11T18:23:35Z</time>
    <extensions>
     <gpxdata:hr>114</gpxdata:hr>
     <gpxdata:distance>23885.00</gpxdata:distance>
     <gpxdata:speed>7.125</gpxdata:speed>
    </extensions>
   </trkpt>
   <trkpt lat="51.0603297" lon="13.8002059">
    <ele>110</ele>
    <time>2026-08-11T18:23:36Z</time>
    <extensions>
     <gpxdata:hr>114</gpxdata:hr>
     <gpxdata:distance>23892.00</gpxdata:distance>
     <gpxdata:speed>7.136</gpxdata:speed>
    </extensions>
   </trkpt>
   <trkpt lat="51.0603594" lon="13.8001154">
    <ele>110</ele>
    <time>2026-08-11T18:23:37Z</time>
    <extensions>
     <gpxdata:hr>114</gpxdata:hr>
     <gpxdata:distance>23899.50</gpxdata:distance>
     <gpxdata:speed>7.142</gpxdata:speed>
    </extensions>
   </trkpt>
   <trkpt lat="51.0603892" lon="13.8000252">
    <ele>110</ele>
    <time>2026-08-11T18:23:38Z</time>
    <extensions>
     <gpxdata:hr>115</gpxdata:hr>
     <gpxdata:distance>23907.00</gpxdata:distance>
     <gpxdata:speed>7.142</gpxdata:speed>
    </extensions>
   </trkpt>
   <trkpt lat="51.0604194" lon="13.7999353">
    <ele>109</ele>
    <time>2026-08-11T18:23:39Z</time>
    <extensions>
     <gpxdata:hr>115</gpxdata:hr>
     <gpxdata:distance>23914.00</gpxdata:distance>
     <gpxdata:speed>7.136</gpxdata:speed>
    </extensions>
   </trkpt>
   <trkpt lat="51.0604499" lon="13.7998458">
    <ele>109</ele>
    <time>2026-08-11T18:23:40Z</time>
    <extensions>
     <gpxdata:hr>115</gpxdata:hr>
     <gpxdata:distance>23921.00</gpxdata:distance>
     <gpxdata:speed>7.136</gpxdata:speed>
    </extensions>
   </trkpt>
   <trkpt lat="51.0604802" lon="13.7997557">
    <ele>109</ele>
    <time>2026-08-11T18:23:41Z</time>
    <extensions>
     <gpxdata:hr>115</gpxdata:hr>
     <gpxdata:distance>23928.00</gpxdata:distance>
     <gpxdata:speed>7.133</gpxdata:speed>
    </extensions>
   </trkpt>
   <trkpt lat="51.0605103" lon="13.7996651">
    <ele>109</ele>
    <time>2026-08-11T18:23:42Z</time>
    <extensions>
     <gpxdata:hr>115</gpxdata:hr>
     <gpxdata:distance>23935.00</gpxdata:distance>
     <gpxdata:speed>7.139</gpxdata:speed>
    </extensions>
   </trkpt>
   <trkpt lat="51.0605404" lon="13.7995743">
    <ele>109</ele>
    <time>2026-08-11T18:23:43Z</time>
    <extensions>
     <gpxdata:hr>115</gpxdata:hr>
     <gpxdata:distance>23942.50</gpxdata:distance>
     <gpxdata:speed>7.153</gpxdata:speed>
    </extensions>
   </trkpt>
   <trkpt lat="51.0605705" lon="13.7994836">
    <ele>109</ele>
    <time>2026-08-11T18:23:44Z</time>
    <extensions>
     <gpxdata:hr>114</gpxdata:hr>
     <gpxdata:distance>23950.00</gpxdata:distance>
     <gpxdata:speed>7.161</gpxdata:speed>
    </extensions>
   </trkpt>
   <trkpt lat="51.0606004" lon="13.7993929">
    <ele>109</ele>
    <time>2026-08-11T18:23:45Z</time>
    <extensions>
     <gpxdata:hr>115</gpxdata:hr>
     <gpxdata:distance>23957.00</gpxdata:distance>
     <gpxdata:speed>7.164</gpxdata:speed>
    </extensions>
   </trkpt>
   <trkpt lat="51.0606303" lon="13.7993017">
    <ele>109</ele>
    <time>2026-08-11T18:23:46Z</time>
    <extensions>
     <gpxdata:hr>115</gpxdata:hr>
     <gpxdata:distance>23964.00</gpxdata:distance>
     <gpxdata:speed>7.164</gpxdata:speed>
    </extensions>
   </trkpt>
   <trkpt lat="51.0606608" lon="13.7992108">
    <ele>109</ele>
    <time>2026-08-11T18:23:47Z</time>
    <extensions>
     <gpxdata:hr>115</gpxdata:hr>
     <gpxdata:distance>23971.00</gpxdata:distance>
     <gpxdata:speed>7.175</gpxdata:speed>
    </extensions>
   </trkpt>
   <trkpt lat="51.0606912" lon="13.7991190">
    <ele>109</ele>
    <time>2026-08-11T18:23:48Z</time>
    <extensions>
     <gpxdata:hr>115</gpxdata:hr>
     <gpxdata:distance>23978.00</gpxdata:distance>
     <gpxdata:speed>7.189</gpxdata:speed>
    </extensions>
   </trkpt>
   <trkpt lat="51.0607215" lon="13.7990252">
    <ele>109</ele>
    <time>2026-08-11T18:23:49Z</time>
    <extensions>
     <gpxdata:hr>116</gpxdata:hr>
     <gpxdata:distance>23985.50</gpxdata:distance>
     <gpxdata:speed>7.219</gpxdata:speed>
    </extensions>
   </trkpt>
   <trkpt lat="51.0607524" lon="13.7989305">
    <ele>109</ele>
    <time>2026-08-11T18:23:50Z</time>
    <extensions>
     <gpxdata:hr>115</gpxdata:hr>
     <gpxdata:distance>23993.00</gpxdata:distance>
     <gpxdata:speed>7.281</gpxdata:speed>
    </extensions>
   </trkpt>
   <trkpt lat="51.0607834" lon="13.7988354">
    <ele>109</ele>
    <time>2026-08-11T18:23:51Z</time>
    <extensions>
     <gpxdata:hr>116</gpxdata:hr>
     <gpxdata:distance>24000.50</gpxdata:distance>
     <gpxdata:speed>7.347</gpxdata:speed>
    </extensions>
   </trkpt>
   <trkpt lat="51.0608145" lon="13.7987405">
    <ele>109</ele>
    <time>2026-08-11T18:23:52Z</time>
    <extensions>
     <gpxdata:hr>116</gpxdata:hr>
     <gpxdata:distance>24008.00</gpxdata:distance>
     <gpxdata:speed>7.394</gpxdata:speed>
    </extensions>
   </trkpt>
   <trkpt lat="51.0608451" lon="13.7986450">
    <ele>109</ele>
    <time>2026-08-11T18:23:53Z</time>
    <extensions>
     <gpxdata:hr>115</gpxdata:hr>
     <gpxdata:distance>24015.50</gpxdata:distance>
     <gpxdata:speed>7.422</gpxdata:speed>
    </extensions>
   </trkpt>
   <trkpt lat="51.0608745" lon="13.7985487">
    <ele>108</ele>
    <time>2026-08-11T18:23:54Z</time>
    <extensions>
     <gpxdata:hr>115</gpxdata:hr>
     <gpxdata:distance>24023.00</gpxdata:distance>
     <gpxdata:speed>7.447</gpxdata:speed>
    </extensions>
   </trkpt>
   <trkpt lat="51.0609033" lon="13.7984520">
    <ele>109</ele>
    <time>2026-08-11T18:23:55Z</time>
    <extensions>
     <gpxdata:hr>115</gpxdata:hr>
     <gpxdata:distance>24030.50</gpxdata:distance>
     <gpxdata:speed>7.464</gpxdata:speed>
    </extensions>
   </trkpt>
   <trkpt lat="51.0609314" lon="13.7983552">
    <ele>109</ele>
    <time>2026-08-11T18:23:56Z</time>
    <extensions>
     <gpxdata:hr>116</gpxdata:hr>
     <gpxdata:distance>24038.00</gpxdata:distance>
     <gpxdata:speed>7.475</gpxdata:speed>
    </extensions>
   </trkpt>
   <trkpt lat="51.0609586" lon="13.7982584">
    <ele>109</ele>
    <time>2026-08-11T18:23:57Z</time>
    <extensions>
     <gpxdata:hr>116</gpxdata:hr>
     <gpxdata:distance>24045.50</gpxdata:distance>
     <gpxdata:speed>7.467</gpxdata:speed>
    </extensions>
   </trkpt>
   <trkpt lat="51.0609850" lon="13.7981614">
    <ele>109</ele>
    <time>2026-08-11T18:23:58Z</time>
    <extensions>
     <gpxdata:hr>116</gpxdata:hr>
     <gpxdata:distance>24053.00</gpxdata:distance>
     <gpxdata:speed>7.450</gpxdata:speed>
    </extensions>
   </trkpt>
   <trkpt lat="51.0610110" lon="13.7980645">
    <ele>109</ele>
    <time>2026-08-11T18:23:59Z</time>
    <extensions>
     <gpxdata:hr>117</gpxdata:hr>
     <gpxdata:distance>24060.50</gpxdata:distance>
     <gpxdata:speed>7.433</gpxdata:speed>
    </extensions>
   </trkpt>
   <trkpt lat="51.0610366" lon="13.7979679">
    <ele>109</ele>
    <time>2026-08-11T18:24:00Z</time>
    <extensions>
     <gpxdata:hr>117</gpxdata:hr>
     <gpxdata:distance>24068.00</gpxdata:distance>
     <gpxdata:speed>7.408</gpxdata:speed>
    </extensions>
   </trkpt>
   <trkpt lat="51.0610622" lon="13.7978714">
    <ele>109</ele>
    <time>2026-08-11T18:24:01Z</time>
    <extensions>
     <gpxdata:hr>117</gpxdata:hr>
     <gpxdata:distance>24075.00</gpxdata:distance>
     <gpxdata:speed>7.383</gpxdata:speed>
    </extensions>
   </trkpt>
   <trkpt lat="51.0610878" lon="13.7977749">
    <ele>109</ele>
    <time>2026-08-11T18:24:02Z</time>
    <extensions>
     <gpxdata:hr>117</gpxdata:hr>
     <gpxdata:distance>24082.00</gpxdata:distance>
     <gpxdata:speed>7.364</gpxdata:speed>
    </extensions>
   </trkpt>
   <trkpt lat="51.0611133" lon="13.7976780">
    <ele>109</ele>
    <time>2026-08-11T18:24:03Z</time>
    <extensions>
     <gpxdata:hr>117</gpxdata:hr>
     <gpxdata:distance>24089.50</gpxdata:distance>
     <gpxdata:speed>7.356</gpxdata:speed>
    </extensions>
   </trkpt>
   <trkpt lat="51.0611389" lon="13.7975804">
    <ele>109</ele>
    <time>2026-08-11T18:24:04Z</time>
    <extensions>
     <gpxdata:hr>117</gpxdata:hr>
     <gpxdata:distance>24097.00</gpxdata:distance>
     <gpxdata:speed>7.353</gpxdata:speed>
    </extensions>
   </trkpt>
   <trkpt lat="51.0611651" lon="13.7974830">
    <ele>109</ele>
    <time>2026-08-11T18:24:05Z</time>
    <extensions>
     <gpxdata:hr>116</gpxdata:hr>
     <gpxdata:distance>24104.50</gpxdata:distance>
     <gpxdata:speed>7.372</gpxdata:speed>
    </extensions>
   </trkpt>
   <trkpt lat="51.0611910" lon="13.7973853">
    <ele>109</ele>
    <time>2026-08-11T18:24:06Z</time>
    <extensions>
     <gpxdata:hr>116</gpxdata:hr>
     <gpxdata:distance>24112.00</gpxdata:distance>
     <gpxdata:speed>7.383</gpxdata:speed>
    </extensions>
   </trkpt>
   <trkpt lat="51.0612163" lon="13.7972871">
    <ele>109</ele>
    <time>2026-08-11T18:24:07Z</time>
    <extensions>
     <gpxdata:hr>117</gpxdata:hr>
     <gpxdata:distance>24119.50</gpxdata:distance>
     <gpxdata:speed>7.397</gpxdata:speed>
    </extensions>
   </trkpt>
   <trkpt lat="51.0612411" lon="13.7971891">
    <ele>109</ele>
    <time>2026-08-11T18:24:08Z</time>
    <extensions>
     <gpxdata:hr>117</gpxdata:hr>
     <gpxdata:distance>24127.00</gpxdata:distance>
     <gpxdata:speed>7.406</gpxdata:speed>
    </extensions>
   </trkpt>
   <trkpt lat="51.0612663" lon="13.7970905">
    <ele>109</ele>
    <time>2026-08-11T18:24:09Z</time>
    <extensions>
     <gpxdata:hr>117</gpxdata:hr>
     <gpxdata:distance>24134.50</gpxdata:distance>
     <gpxdata:speed>7.400</gpxdata:speed>
    </extensions>
   </trkpt>
   <trkpt lat="51.0612916" lon="13.7969902">
    <ele>109</ele>
    <time>2026-08-11T18:24:10Z</time>
    <extensions>
     <gpxdata:hr>117</gpxdata:hr>
     <gpxdata:distance>24142.00</gpxdata:distance>
     <gpxdata:speed>7.422</gpxdata:speed>
    </extensions>
   </trkpt>
   <trkpt lat="51.0613168" lon="13.7968882">
    <ele>109</ele>
    <time>2026-08-11T18:24:11Z</time>
    <extensions>
     <gpxdata:hr>117</gpxdata:hr>
     <gpxdata:distance>24149.50</gpxdata:distance>
     <gpxdata:speed>7.478</gpxdata:speed>
    </extensions>
   </trkpt>
   <trkpt lat="51.0613416" lon="13.7967848">
    <ele>109</ele>
    <time>2026-08-11T18:24:12Z</time>
    <extensions>
     <gpxdata:hr>117</gpxdata:hr>
     <gpxdata:distance>24157.00</gpxdata:distance>
     <gpxdata:speed>7.550</gpxdata:speed>
    </extensions>
   </trkpt>
   <trkpt lat="51.0613652" lon="13.7966806">
    <ele>109</ele>
    <time>2026-08-11T18:24:13Z</time>
    <extensions>
     <gpxdata:hr>117</gpxdata:hr>
     <gpxdata:distance>24165.00</gpxdata:distance>
     <gpxdata:speed>7.617</gpxdata:speed>
    </extensions>
   </trkpt>
   <trkpt lat="51.0613870" lon="13.7965751">
    <ele>109</ele>
    <time>2026-08-11T18:24:14Z</time>
    <extensions>
     <gpxdata:hr>118</gpxdata:hr>
     <gpxdata:distance>24173.00</gpxdata:distance>
     <gpxdata:speed>7.661</gpxdata:speed>
    </extensions>
   </trkpt>
   <trkpt lat="51.0614078" lon="13.7964689">
    <ele>109</ele>
    <time>2026-08-11T18:24:15Z</time>
    <extensions>
     <gpxdata:hr>118</gpxdata:hr>
     <gpxdata:distance>24180.50</gpxdata:distance>
     <gpxdata:speed>7.697</gpxdata:speed>
    </extensions>
   </trkpt>
   <trkpt lat="51.0614297" lon="13.7963627">
    <ele>109</ele>
    <time>2026-08-11T18:24:16Z</time>
    <extensions>
     <gpxdata:hr>117</gpxdata:hr>
     <gpxdata:distance>24188.00</gpxdata:distance>
     <gpxdata:speed>7.728</gpxdata:speed>
    </extensions>
   </trkpt>
   <trkpt lat="51.0614524" lon="13.7962567">
    <ele>109</ele>
    <time>2026-08-11T18:24:17Z</time>
    <extensions>
     <gpxdata:hr>118</gpxdata:hr>
     <gpxdata:distance>24196.00</gpxdata:distance>
     <gpxdata:speed>7.764</gpxdata:speed>
    </extensions>
   </trkpt>
   <trkpt lat="51.0614735" lon="13.7961500">
    <ele>109</ele>
    <time>2026-08-11T18:24:18Z</time>
    <extensions>
     <gpxdata:hr>119</gpxdata:hr>
     <gpxdata:distance>24204.00</gpxdata:distance>
     <gpxdata:speed>7.792</gpxdata:speed>
    </extensions>
   </trkpt>
   <trkpt lat="51.0614915" lon="13.7960423">
    <ele>109</ele>
    <time>2026-08-11T18:24:19Z</time>
    <extensions>
     <gpxdata:hr>119</gpxdata:hr>
     <gpxdata:distance>24211.50</gpxdata:distance>
     <gpxdata:speed>7.806</gpxdata:speed>
    </extensions>
   </trkpt>
   <trkpt lat="51.0615053" lon="13.7959338">
    <ele>109</ele>
    <time>2026-08-11T18:24:20Z</time>
    <extensions>
     <gpxdata:hr>119</gpxdata:hr>
     <gpxdata:distance>24219.00</gpxdata:distance>
     <gpxdata:speed>7.808</gpxdata:speed>
    </extensions>
   </trkpt>
   <trkpt lat="51.0615117" lon="13.7958242">
    <ele>109</ele>
    <time>2026-08-11T18:24:21Z</time>
    <extensions>
     <gpxdata:hr>120</gpxdata:hr>
     <gpxdata:distance>24227.00</gpxdata:distance>
     <gpxdata:speed>7.786</gpxdata:speed>
    </extensions>
   </trkpt>
   <trkpt lat="51.0615088" lon="13.7957148">
    <ele>109</ele>
    <time>2026-08-11T18:24:22Z</time>
    <extensions>
     <gpxdata:hr>120</gpxdata:hr>
     <gpxdata:distance>24235.00</gpxdata:distance>
     <gpxdata:speed>7.767</gpxdata:speed>
    </extensions>
   </trkpt>
   <trkpt lat="51.0614972" lon="13.7956073">
    <ele>109</ele>
    <time>2026-08-11T18:24:23Z</time>
    <extensions>
     <gpxdata:hr>120</gpxdata:hr>
     <gpxdata:distance>24242.50</gpxdata:distance>
     <gpxdata:speed>7.744</gpxdata:speed>
    </extensions>
   </trkpt>
   <trkpt lat="51.0614785" lon="13.7955027">
    <ele>109</ele>
    <time>2026-08-11T18:24:24Z</time>
    <extensions>
     <gpxdata:hr>119</gpxdata:hr>
     <gpxdata:distance>24250.00</gpxdata:distance>
     <gpxdata:speed>7.711</gpxdata:speed>
    </extensions>
   </trkpt>
   <trkpt lat="51.0614550" lon="13.7954014">
    <ele>109</ele>
    <time>2026-08-11T18:24:25Z</time>
    <extensions>
     <gpxdata:hr>120</gpxdata:hr>
     <gpxdata:distance>24257.50</gpxdata:distance>
     <gpxdata:speed>7.672</gpxdata:speed>
    </extensions>
   </trkpt>
   <trkpt lat="51.0614301" lon="13.7953026">
    <ele>109</ele>
    <time>2026-08-11T18:24:26Z</time>
    <extensions>
     <gpxdata:hr>120</gpxdata:hr>
     <gpxdata:distance>24265.00</gpxdata:distance>
     <gpxdata:speed>7.617</gpxdata:speed>
    </extensions>
   </trkpt>
   <trkpt lat="51.0614061" lon="13.7952049">
    <ele>109</ele>
    <time>2026-08-11T18:24:27Z</time>
    <extensions>
     <gpxdata:hr>120</gpxdata:hr>
     <gpxdata:distance>24272.50</gpxdata:distance>
     <gpxdata:speed>7.536</gpxdata:speed>
    </extensions>
   </trkpt>
   <trkpt lat="51.0613886" lon="13.7951056">
    <ele>109</ele>
    <time>2026-08-11T18:24:28Z</time>
    <extensions>
     <gpxdata:hr>121</gpxdata:hr>
     <gpxdata:distance>24280.00</gpxdata:distance>
     <gpxdata:speed>7.453</gpxdata:speed>
    </extensions>
   </trkpt>
   <trkpt lat="51.0613828" lon="13.7950034">
    <ele>110</ele>
    <time>2026-08-11T18:24:29Z</time>
    <extensions>
     <gpxdata:hr>122</gpxdata:hr>
     <gpxdata:distance>24287.00</gpxdata:distance>
     <gpxdata:speed>7.375</gpxdata:speed>
    </extensions>
   </trkpt>
   <trkpt lat="51.0613894" lon="13.7948998">
    <ele>110</ele>
    <time>2026-08-11T18:24:30Z</time>
    <extensions>
     <gpxdata:hr>122</gpxdata:hr>
     <gpxdata:distance>24294.00</gpxdata:distance>
     <gpxdata:speed>7.347</gpxdata:speed>
    </extensions>
   </trkpt>
   <trkpt lat="51.0614045" lon="13.7947966">
    <ele>110</ele>
    <time>2026-08-11T18:24:31Z</time>
    <extensions>
     <gpxdata:hr>123</gpxdata:hr>
     <gpxdata:distance>24301.50</gpxdata:distance>
     <gpxdata:speed>7.361</gpxdata:speed>
    </extensions>
   </trkpt>
   <trkpt lat="51.0614235" lon="13.7946938">
    <ele>110</ele>
    <time>2026-08-11T18:24:32Z</time>
    <extensions>
     <gpxdata:hr>122</gpxdata:hr>
     <gpxdata:distance>24309.00</gpxdata:distance>
     <gpxdata:speed>7.381</gpxdata:speed>
    </extensions>
   </trkpt>
   <trkpt lat="51.0614436" lon="13.7945907">
    <ele>110</ele>
    <time>2026-08-11T18:24:33Z</time>
    <extensions>
     <gpxdata:hr>122</gpxdata:hr>
     <gpxdata:distance>24316.50</gpxdata:distance>
     <gpxdata:speed>7.397</gpxdata:speed>
    </extensions>
   </trkpt>
   <trkpt lat="51.0614639" lon="13.7944864">
    <ele>110</ele>
    <time>2026-08-11T18:24:34Z</time>
    <extensions>
     <gpxdata:hr>122</gpxdata:hr>
     <gpxdata:distance>24324.00</gpxdata:distance>
     <gpxdata:speed>7.436</gpxdata:speed>
    </extensions>
   </trkpt>
   <trkpt lat="51.0614841" lon="13.7943810">
    <ele>110</ele>
    <time>2026-08-11T18:24:35Z</time>
    <extensions>
     <gpxdata:hr>122</gpxdata:hr>
     <gpxdata:distance>24332.00</gpxdata:distance>
     <gpxdata:speed>7.497</gpxdata:speed>
    </extensions>
   </trkpt>
   <trkpt lat="51.0615043" lon="13.7942749">
    <ele>110</ele>
    <time>2026-08-11T18:24:36Z</time>
    <extensions>
     <gpxdata:hr>123</gpxdata:hr>
     <gpxdata:distance>24340.00</gpxdata:distance>
     <gpxdata:speed>7.564</gpxdata:speed>
    </extensions>
   </trkpt>
   <trkpt lat="51.0615245" lon="13.7941684">
    <ele>110</ele>
    <time>2026-08-11T18:24:37Z</time>
    <extensions>
     <gpxdata:hr>123</gpxdata:hr>
     <gpxdata:distance>24347.50</gpxdata:distance>
     <gpxdata:speed>7.631</gpxdata:speed>
    </extensions>
   </trkpt>
   <trkpt lat="51.0615442" lon="13.7940625">
    <ele>110</ele>
    <time>2026-08-11T18:24:38Z</time>
    <extensions>
     <gpxdata:hr>124</gpxdata:hr>
     <gpxdata:distance>24355.00</gpxdata:distance>
     <gpxdata:speed>7.681</gpxdata:speed>
    </extensions>
   </trkpt>
   <trkpt lat="51.0615640" lon="13.7939568">
    <ele>110</ele>
    <time>2026-08-11T18:24:39Z</time>
    <extensions>
     <gpxdata:hr>125</gpxdata:hr>
     <gpxdata:distance>24363.00</gpxdata:distance>
     <gpxdata:speed>7.694</gpxdata:speed>
    </extensions>
   </trkpt>
   <trkpt lat="51.0615843" lon="13.7938509">
    <ele>110</ele>
    <time>2026-08-11T18:24:40Z</time>
    <extensions>
     <gpxdata:hr>125</gpxdata:hr>
     <gpxdata:distance>24371.00</gpxdata:distance>
     <gpxdata:speed>7.703</gpxdata:speed>
    </extensions>
   </trkpt>
   <trkpt lat="51.0616046" lon="13.7937447">
    <ele>110</ele>
    <time>2026-08-11T18:24:41Z</time>
    <extensions>
     <gpxdata:hr>127</gpxdata:hr>
     <gpxdata:distance>24378.50</gpxdata:distance>
     <gpxdata:speed>7.725</gpxdata:speed>
    </extensions>
   </trkpt>
   <trkpt lat="51.0616246" lon="13.7936382">
    <ele>110</ele>
    <time>2026-08-11T18:24:42Z</time>
    <extensions>
     <gpxdata:hr>128</gpxdata:hr>
     <gpxdata:distance>24386.00</gpxdata:distance>
     <gpxdata:speed>7.744</gpxdata:speed>
    </extensions>
   </trkpt>
   <trkpt lat="51.0616440" lon="13.7935319">
    <ele>110</ele>
    <time>2026-08-11T18:24:43Z</time>
    <extensions>
     <gpxdata:hr>128</gpxdata:hr>
     <gpxdata:distance>24394.00</gpxdata:distance>
     <gpxdata:speed>7.758</gpxdata:speed>
    </extensions>
   </trkpt>
   <trkpt lat="51.0616630" lon="13.7934261">
    <ele>110</ele>
    <time>2026-08-11T18:24:44Z</time>
    <extensions>
     <gpxdata:hr>127</gpxdata:hr>
     <gpxdata:distance>24402.00</gpxdata:distance>
     <gpxdata:speed>7.753</gpxdata:speed>
    </extensions>
   </trkpt>
   <trkpt lat="51.0616815" lon="13.7933209">
    <ele>110</ele>
    <time>2026-08-11T18:24:45Z</time>
    <extensions>
     <gpxdata:hr>127</gpxdata:hr>
     <gpxdata:distance>24409.50</gpxdata:distance>
     <gpxdata:speed>7.731</gpxdata:speed>
    </extensions>
   </trkpt>
   <trkpt lat="51.0616989" lon="13.7932167">
    <ele>110</ele>
    <time>2026-08-11T18:24:46Z</time>
    <extensions>
     <gpxdata:hr>127</gpxdata:hr>
     <gpxdata:distance>24417.00</gpxdata:distance>
     <gpxdata:speed>7.697</gpxdata:speed>
    </extensions>
   </trkpt>
   <trkpt lat="51.0617160" lon="13.7931131">
    <ele>110</ele>
    <time>2026-08-11T18:24:47Z</time>
    <extensions>
     <gpxdata:hr>127</gpxdata:hr>
     <gpxdata:distance>24424.50</gpxdata:distance>
     <gpxdata:speed>7.642</gpxdata:speed>
    </extensions>
   </trkpt>
   <trkpt lat="51.0617346" lon="13.7930102">
    <ele>110</ele>
    <time>2026-08-11T18:24:48Z</time>
    <extensions>
     <gpxdata:hr>127</gpxdata:hr>
     <gpxdata:distance>24432.00</gpxdata:distance>
     <gpxdata:speed>7.592</gpxdata:speed>
    </extensions>
   </trkpt>
   <trkpt lat="51.0617550" lon="13.7929084">
    <ele>110</ele>
    <time>2026-08-11T18:24:49Z</time>
    <extensions>
     <gpxdata:hr>126</gpxdata:hr>
     <gpxdata:distance>24439.50</gpxdata:distance>
     <gpxdata:speed>7.561</gpxdata:speed>
    </extensions>
   </trkpt>
   <trkpt lat="51.0617758" lon="13.7928068">
    <ele>110</ele>
    <time>2026-08-11T18:24:50Z</time>
    <extensions>
     <gpxdata:hr>126</gpxdata:hr>
     <gpxdata:distance>24447.00</gpxdata:distance>
     <gpxdata:speed>7.533</gpxdata:speed>
    </extensions>
   </trkpt>
   <trkpt lat="51.0617960" lon="13.7927044">
    <ele>110</ele>
    <time>2026-08-11T18:24:51Z</time>
    <extensions>
     <gpxdata:hr>126</gpxdata:hr>
     <gpxdata:distance>24454.50</gpxdata:distance>
     <gpxdata:speed>7.514</gpxdata:speed>
    </extensions>
   </trkpt>
   <trkpt lat="51.0618153" lon="13.7926012">
    <ele>110</ele>
    <time>2026-08-11T18:24:52Z</time>
    <extensions>
     <gpxdata:hr>126</gpxdata:hr>
     <gpxdata:distance>24462.00</gpxdata:distance>
     <gpxdata:speed>7.514</gpxdata:speed>
    </extensions>
   </trkpt>
   <trkpt lat="51.0618338" lon="13.7924971">
    <ele>110</ele>
    <time>2026-08-11T18:24:53Z</time>
    <extensions>
     <gpxdata:hr>125</gpxdata:hr>
     <gpxdata:distance>24469.50</gpxdata:distance>
     <gpxdata:speed>7.519</gpxdata:speed>
    </extensions>
   </trkpt>
   <trkpt lat="51.0618516" lon="13.7923924">
    <ele>111</ele>
    <time>2026-08-11T18:24:54Z</time>
    <extensions>
     <gpxdata:hr>125</gpxdata:hr>
     <gpxdata:distance>24477.00</gpxdata:distance>
     <gpxdata:speed>7.536</gpxdata:speed>
    </extensions>
   </trkpt>
   <trkpt lat="51.0618687" lon="13.7922870">
    <ele>111</ele>
    <time>2026-08-11T18:24:55Z</time>
    <extensions>
     <gpxdata:hr>124</gpxdata:hr>
     <gpxdata:distance>24484.50</gpxdata:distance>
     <gpxdata:speed>7.556</gpxdata:speed>
    </extensions>
   </trkpt>
   <trkpt lat="51.0618853" lon="13.7921815">
    <ele>111</ele>
    <time>2026-08-11T18:24:56Z</time>
    <extensions>
     <gpxdata:hr>123</gpxdata:hr>
     <gpxdata:distance>24492.00</gpxdata:distance>
     <gpxdata:speed>7.575</gpxdata:speed>
    </extensions>
   </trkpt>
   <trkpt lat="51.0619017" lon="13.7920760">
    <ele>111</ele>
    <time>2026-08-11T18:24:57Z</time>
    <extensions>
     <gpxdata:hr>123</gpxdata:hr>
     <gpxdata:distance>24499.50</gpxdata:distance>
     <gpxdata:speed>7.583</gpxdata:speed>
    </extensions>
   </trkpt>
   <trkpt lat="51.0619181" lon="13.7919705">
    <ele>111</ele>
    <time>2026-08-11T18:24:58Z</time>
    <extensions>
     <gpxdata:hr>122</gpxdata:hr>
     <gpxdata:distance>24507.00</gpxdata:distance>
     <gpxdata:speed>7.589</gpxdata:speed>
    </extensions>
   </trkpt>
   <trkpt lat="51.0619347" lon="13.7918650">
    <ele>111</ele>
    <time>2026-08-11T18:24:59Z</time>
    <extensions>
     <gpxdata:hr>122</gpxdata:hr>
     <gpxdata:distance>24515.00</gpxdata:distance>
     <gpxdata:speed>7.594</gpxdata:speed>
    </extensions>
   </trkpt>
   <trkpt lat="51.0619516" lon="13.7917595">
    <ele>111</ele>
    <time>2026-08-11T18:25:00Z</time>
    <extensions>
     <gpxdata:hr>123</gpxdata:hr>
     <gpxdata:distance>24523.00</gpxdata:distance>
     <gpxdata:speed>7.600</gpxdata:speed>
    </extensions>
   </trkpt>
   <trkpt lat="51.0619689" lon="13.7916538">
    <ele>111</ele>
    <time>2026-08-11T18:25:01Z</time>
    <extensions>
     <gpxdata:hr>122</gpxdata:hr>
     <gpxdata:distance>24530.50</gpxdata:distance>
     <gpxdata:speed>7.608</gpxdata:speed>
    </extensions>
   </trkpt>
   <trkpt lat="51.0619866" lon="13.7915481">
    <ele>111</ele>
    <time>2026-08-11T18:25:02Z</time>
    <extensions>
     <gpxdata:hr>122</gpxdata:hr>
     <gpxdata:distance>24538.00</gpxdata:distance>
     <gpxdata:speed>7.622</gpxdata:speed>
    </extensions>
   </trkpt>
   <trkpt lat="51.0620043" lon="13.7914429">
    <ele>111</ele>
    <time>2026-08-11T18:25:03Z</time>
    <extensions>
     <gpxdata:hr>123</gpxdata:hr>
     <gpxdata:distance>24545.50</gpxdata:distance>
     <gpxdata:speed>7.631</gpxdata:speed>
    </extensions>
   </trkpt>
   <trkpt lat="51.0620219" lon="13.7913382">
    <ele>110</ele>
    <time>2026-08-11T18:25:04Z</time>
    <extensions>
     <gpxdata:hr>122</gpxdata:hr>
     <gpxdata:distance>24553.00</gpxdata:distance>
     <gpxdata:speed>7.622</gpxdata:speed>
    </extensions>
   </trkpt>
   <trkpt lat="51.0620386" lon="13.7912353">
    <ele>110</ele>
    <time>2026-08-11T18:25:05Z</time>
    <extensions>
     <gpxdata:hr>123</gpxdata:hr>
     <gpxdata:distance>24560.50</gpxdata:distance>
     <gpxdata:speed>7.608</gpxdata:speed>
    </extensions>
   </trkpt>
   <trkpt lat="51.0620544" lon="13.7911385">
    <ele>110</ele>
    <time>2026-08-11T18:25:06Z</time>
    <extensions>
     <gpxdata:hr>122</gpxdata:hr>
     <gpxdata:distance>24568.00</gpxdata:distance>
     <gpxdata:speed>7.539</gpxdata:speed>
    </extensions>
   </trkpt>
   <trkpt lat="51.0620685" lon="13.7910478">
    <ele>110</ele>
    <time>2026-08-11T18:25:07Z</time>
    <extensions>
     <gpxdata:hr>122</gpxdata:hr>
     <gpxdata:distance>24574.50</gpxdata:distance>
     <gpxdata:speed>7.050</gpxdata:speed>
    </extensions>
   </trkpt>
   <trkpt lat="51.0620808" lon="13.7909570">
    <ele>110</ele>
    <time>2026-08-11T18:25:08Z</time>
    <extensions>
     <gpxdata:hr>123</gpxdata:hr>
     <gpxdata:distance>24581.00</gpxdata:distance>
     <gpxdata:speed>6.647</gpxdata:speed>
    </extensions>
   </trkpt>
   <trkpt lat="51.0620950" lon="13.7908621">
    <ele>110</ele>
    <time>2026-08-11T18:25:09Z</time>
    <extensions>
     <gpxdata:hr>122</gpxdata:hr>
     <gpxdata:distance>24588.00</gpxdata:distance>
     <gpxdata:speed>6.631</gpxdata:speed>
    </extensions>
   </trkpt>
   <trkpt lat="51.0621121" lon="13.7907632">
    <ele>110</ele>
    <time>2026-08-11T18:25:10Z</time>
    <extensions>
     <gpxdata:hr>121</gpxdata:hr>
     <gpxdata:distance>24595.00</gpxdata:distance>
     <gpxdata:speed>6.872</gpxdata:speed>
    </extensions>
   </trkpt>
   <trkpt lat="51.0621299" lon="13.7906613">
    <ele>110</ele>
    <time>2026-08-11T18:25:11Z</time>
    <extensions>
     <gpxdata:hr>120</gpxdata:hr>
     <gpxdata:distance>24602.50</gpxdata:distance>
     <gpxdata:speed>7.125</gpxdata:speed>
    </extensions>
   </trkpt>
   <trkpt lat="51.0621469" lon="13.7905574">
    <ele>110</ele>
    <time>2026-08-11T18:25:12Z</time>
    <extensions>
     <gpxdata:hr>120</gpxdata:hr>
     <gpxdata:distance>24610.00</gpxdata:distance>
     <gpxdata:speed>7.231</gpxdata:speed>
    </extensions>
   </trkpt>
   <trkpt lat="51.0621634" lon="13.7904526">
    <ele>110</ele>
    <time>2026-08-11T18:25:13Z</time>
    <extensions>
     <gpxdata:hr>119</gpxdata:hr>
     <gpxdata:distance>24617.50</gpxdata:distance>
     <gpxdata:speed>7.319</gpxdata:speed>
    </extensions>
   </trkpt>
   <trkpt lat="51.0621798" lon="13.7903476">
    <ele>110</ele>
    <time>2026-08-11T18:25:14Z</time>
    <extensions>
     <gpxdata:hr>119</gpxdata:hr>
     <gpxdata:distance>24625.00</gpxdata:distance>
     <gpxdata:speed>7.386</gpxdata:speed>
    </extensions>
   </trkpt>
   <trkpt lat="51.0621958" lon="13.7902422">
    <ele>110</ele>
    <time>2026-08-11T18:25:15Z</time>
    <extensions>
     <gpxdata:hr>119</gpxdata:hr>
     <gpxdata:distance>24632.50</gpxdata:distance>
     <gpxdata:speed>7.442</gpxdata:speed>
    </extensions>
   </trkpt>
   <trkpt lat="51.0622111" lon="13.7901366">
    <ele>110</ele>
    <time>2026-08-11T18:25:16Z</time>
    <extensions>
     <gpxdata:hr>120</gpxdata:hr>
     <gpxdata:distance>24640.00</gpxdata:distance>
     <gpxdata:speed>7.486</gpxdata:speed>
    </extensions>
   </trkpt>
   <trkpt lat="51.0622255" lon="13.7900308">
    <ele>110</ele>
    <time>2026-08-11T18:25:17Z</time>
    <extensions>
     <gpxdata:hr>120</gpxdata:hr>
     <gpxdata:distance>24647.50</gpxdata:distance>
     <gpxdata:speed>7.550</gpxdata:speed>
    </extensions>
   </trkpt>
   <trkpt lat="51.0622389" lon="13.7899244">
    <ele>110</ele>
    <time>2026-08-11T18:25:18Z</time>
    <extensions>
     <gpxdata:hr>120</gpxdata:hr>
     <gpxdata:distance>24655.00</gpxdata:distance>
     <gpxdata:speed>7.564</gpxdata:speed>
    </extensions>
   </trkpt>
   <trkpt lat="51.0622511" lon="13.7898176">
    <ele>110</ele>
    <time>2026-08-11T18:25:19Z</time>
    <extensions>
     <gpxdata:hr>121</gpxdata:hr>
     <gpxdata:distance>24662.50</gpxdata:distance>
     <gpxdata:speed>7.600</gpxdata:speed>
    </extensions>
   </trkpt>
   <trkpt lat="51.0622617" lon="13.7897106">
    <ele>110</ele>
    <time>2026-08-11T18:25:20Z</time>
    <extensions>
     <gpxdata:hr>121</gpxdata:hr>
     <gpxdata:distance>24670.00</gpxdata:distance>
     <gpxdata:speed>7.597</gpxdata:speed>
    </extensions>
   </trkpt>
   <trkpt lat="51.0622711" lon="13.7896035">
    <ele>110</ele>
    <time>2026-08-11T18:25:21Z</time>
    <extensions>
     <gpxdata:hr>121</gpxdata:hr>
     <gpxdata:distance>24677.50</gpxdata:distance>
     <gpxdata:speed>7.583</gpxdata:speed>
    </extensions>
   </trkpt>
   <trkpt lat="51.0622797" lon="13.7894962">
    <ele>110</ele>
    <time>2026-08-11T18:25:22Z</time>
    <extensions>
     <gpxdata:hr>121</gpxdata:hr>
     <gpxdata:distance>24685.00</gpxdata:distance>
     <gpxdata:speed>7.578</gpxdata:speed>
    </extensions>
   </trkpt>
   <trkpt lat="51.0622871" lon="13.7893895">
    <ele>110</ele>
    <time>2026-08-11T18:25:23Z</time>
    <extensions>
     <gpxdata:hr>121</gpxdata:hr>
     <gpxdata:distance>24692.50</gpxdata:distance>
     <gpxdata:speed>7.572</gpxdata:speed>
    </extensions>
   </trkpt>
   <trkpt lat="51.0622947" lon="13.7892832">
    <ele>110</ele>
    <time>2026-08-11T18:25:24Z</time>
    <extensions>
     <gpxdata:hr>121</gpxdata:hr>
     <gpxdata:distance>24700.00</gpxdata:distance>
     <gpxdata:speed>7.550</gpxdata:speed>
    </extensions>
   </trkpt>
   <trkpt lat="51.0623029" lon="13.7891776">
    <ele>110</ele>
    <time>2026-08-11T18:25:25Z</time>
    <extensions>
     <gpxdata:hr>121</gpxdata:hr>
     <gpxdata:distance>24707.50</gpxdata:distance>
     <gpxdata:speed>7.525</gpxdata:speed>
    </extensions>
   </trkpt>
   <trkpt lat="51.0623121" lon="13.7890729">
    <ele>110</ele>
    <time>2026-08-11T18:25:26Z</time>
    <extensions>
     <gpxdata:hr>120</gpxdata:hr>
     <gpxdata:distance>24715.00</gpxdata:distance>
     <gpxdata:speed>7.497</gpxdata:speed>
    </extensions>
   </trkpt>
   <trkpt lat="51.0623212" lon="13.7889687">
    <ele>110</ele>
    <time>2026-08-11T18:25:27Z</time>
    <extensions>
     <gpxdata:hr>121</gpxdata:hr>
     <gpxdata:distance>24722.50</gpxdata:distance>
     <gpxdata:speed>7.461</gpxdata:speed>
    </extensions>
   </trkpt>
   <trkpt lat="51.0623295" lon="13.7888647">
    <ele>110</ele>
    <time>2026-08-11T18:25:28Z</time>
    <extensions>
     <gpxdata:hr>122</gpxdata:hr>
     <gpxdata:distance>24730.00</gpxdata:distance>
     <gpxdata:speed>7.428</gpxdata:speed>
    </extensions>
   </trkpt>
   <trkpt lat="51.0623367" lon="13.7887606">
    <ele>110</ele>
    <time>2026-08-11T18:25:29Z</time>
    <extensions>
     <gpxdata:hr>122</gpxdata:hr>
     <gpxdata:distance>24737.00</gpxdata:distance>
     <gpxdata:speed>7.394</gpxdata:speed>
    </extensions>
   </trkpt>
   <trkpt lat="51.0623434" lon="13.7886561">
    <ele>110</ele>
    <time>2026-08-11T18:25:30Z</time>
    <extensions>
     <gpxdata:hr>122</gpxdata:hr>
     <gpxdata:distance>24744.00</gpxdata:distance>
     <gpxdata:speed>7.372</gpxdata:speed>
    </extensions>
   </trkpt>
   <trkpt lat="51.0623502" lon="13.7885512">
    <ele>110</ele>
    <time>2026-08-11T18:25:31Z</time>
    <extensions>
     <gpxdata:hr>122</gpxdata:hr>
     <gpxdata:distance>24751.50</gpxdata:distance>
     <gpxdata:speed>7.367</gpxdata:speed>
    </extensions>
   </trkpt>
   <trkpt lat="51.0623575" lon="13.7884464">
    <ele>110</ele>
    <time>2026-08-11T18:25:32Z</time>
    <extensions>
     <gpxdata:hr>121</gpxdata:hr>
     <gpxdata:distance>24759.00</gpxdata:distance>
     <gpxdata:speed>7.369</gpxdata:speed>
    </extensions>
   </trkpt>
   <trkpt lat="51.0623649" lon="13.7883419">
    <ele>110</ele>
    <time>2026-08-11T18:25:33Z</time>
    <extensions>
     <gpxdata:hr>122</gpxdata:hr>
     <gpxdata:distance>24766.50</gpxdata:distance>
     <gpxdata:speed>7.369</gpxdata:speed>
    </extensions>
   </trkpt>
   <trkpt lat="51.0623721" lon="13.7882374">
    <ele>110</ele>
    <time>2026-08-11T18:25:34Z</time>
    <extensions>
     <gpxdata:hr>121</gpxdata:hr>
     <gpxdata:distance>24774.00</gpxdata:distance>
     <gpxdata:speed>7.364</gpxdata:speed>
    </extensions>
   </trkpt>
   <trkpt lat="51.0623795" lon="13.7881331">
    <ele>110</ele>
    <time>2026-08-11T18:25:35Z</time>
    <extensions>
     <gpxdata:hr>119</gpxdata:hr>
     <gpxdata:distance>24781.50</gpxdata:distance>
     <gpxdata:speed>7.361</gpxdata:speed>
    </extensions>
   </trkpt>
   <trkpt lat="51.0623871" lon="13.7880292">
    <ele>110</ele>
    <time>2026-08-11T18:25:36Z</time>
    <extensions>
     <gpxdata:hr>119</gpxdata:hr>
     <gpxdata:distance>24789.00</gpxdata:distance>
     <gpxdata:speed>7.353</gpxdata:speed>
    </extensions>
   </trkpt>
   <trkpt lat="51.0623950" lon="13.7879257">
    <ele>110</ele>
    <time>2026-08-11T18:25:37Z</time>
    <extensions>
     <gpxdata:hr>120</gpxdata:hr>
     <gpxdata:distance>24796.00</gpxdata:distance>
     <gpxdata:speed>7.339</gpxdata:speed>
    </extensions>
   </trkpt>
   <trkpt lat="51.0624032" lon="13.7878224">
    <ele>110</ele>
    <time>2026-08-11T18:25:38Z</time>
    <extensions>
     <gpxdata:hr>119</gpxdata:hr>
     <gpxdata:distance>24803.00</gpxdata:distance>
     <gpxdata:speed>7.325</gpxdata:speed>
    </extensions>
   </trkpt>
   <trkpt lat="51.0624114" lon="13.7877188">
    <ele>110</ele>
    <time>2026-08-11T18:25:39Z</time>
    <extensions>
     <gpxdata:hr>120</gpxdata:hr>
     <gpxdata:distance>24810.50</gpxdata:distance>
     <gpxdata:speed>7.308</gpxdata:speed>
    </extensions>
   </trkpt>
   <trkpt lat="51.0624194" lon="13.7876144">
    <ele>110</ele>
    <time>2026-08-11T18:25:40Z</time>
    <extensions>
     <gpxdata:hr>120</gpxdata:hr>
     <gpxdata:distance>24818.00</gpxdata:distance>
     <gpxdata:speed>7.311</gpxdata:speed>
    </extensions>
   </trkpt>
   <trkpt lat="51.0624273" lon="13.7875089">
    <ele>110</ele>
    <time>2026-08-11T18:25:41Z</time>
    <extensions>
     <gpxdata:hr>119</gpxdata:hr>
     <gpxdata:distance>24825.50</gpxdata:distance>
     <gpxdata:speed>7.333</gpxdata:speed>
    </extensions>
   </trkpt>
   <trkpt lat="51.0624355" lon="13.7874031">
    <ele>110</ele>
    <time>2026-08-11T18:25:42Z</time>
    <extensions>
     <gpxdata:hr>120</gpxdata:hr>
     <gpxdata:distance>24833.00</gpxdata:distance>
     <gpxdata:speed>7.367</gpxdata:speed>
    </extensions>
   </trkpt>
   <trkpt lat="51.0624446" lon="13.7872981">
    <ele>110</ele>
    <time>2026-08-11T18:25:43Z</time>
    <extensions>
     <gpxdata:hr>120</gpxdata:hr>
     <gpxdata:distance>24840.50</gpxdata:distance>
     <gpxdata:speed>7.397</gpxdata:speed>
    </extensions>
   </trkpt>
   <trkpt lat="51.0624567" lon="13.7871960">
    <ele>110</ele>
    <time>2026-08-11T18:25:44Z</time>
    <extensions>
     <gpxdata:hr>120</gpxdata:hr>
     <gpxdata:distance>24848.00</gpxdata:distance>
     <gpxdata:speed>7.394</gpxdata:speed>
    </extensions>
   </trkpt>
   <trkpt lat="51.0624726" lon="13.7870970">
    <ele>110</ele>
    <time>2026-08-11T18:25:45Z</time>
    <extensions>
     <gpxdata:hr>121</gpxdata:hr>
     <gpxdata:distance>24855.00</gpxdata:distance>
     <gpxdata:speed>7.347</gpxdata:speed>
    </extensions>
   </trkpt>
   <trkpt lat="51.0624916" lon="13.7869997">
    <ele>110</ele>
    <time>2026-08-11T18:25:46Z</time>
    <extensions>
     <gpxdata:hr>121</gpxdata:hr>
     <gpxdata:distance>24862.00</gpxdata:distance>
     <gpxdata:speed>7.278</gpxdata:speed>
    </extensions>
   </trkpt>
   <trkpt lat="51.0625120" lon="13.7869031">
    <ele>111</ele>
    <time>2026-08-11T18:25:47Z</time>
    <extensions>
     <gpxdata:hr>122</gpxdata:hr>
     <gpxdata:distance>24869.00</gpxdata:distance>
     <gpxdata:speed>7.233</gpxdata:speed>
    </extensions>
   </trkpt>
   <trkpt lat="51.0625325" lon="13.7868068">
    <ele>111</ele>
    <time>2026-08-11T18:25:48Z</time>
    <extensions>
     <gpxdata:hr>122</gpxdata:hr>
     <gpxdata:distance>24876.00</gpxdata:distance>
     <gpxdata:speed>7.200</gpxdata:speed>
    </extensions>
   </trkpt>
   <trkpt lat="51.0625528" lon="13.7867101">
    <ele>111</ele>
    <time>2026-08-11T18:25:49Z</time>
    <extensions>
     <gpxdata:hr>121</gpxdata:hr>
     <gpxdata:distance>24883.00</gpxdata:distance>
     <gpxdata:speed>7.169</gpxdata:speed>
    </extensions>
   </trkpt>
   <trkpt lat="51.0625734" lon="13.7866132">
    <ele>111</ele>
    <time>2026-08-11T18:25:50Z</time>
    <extensions>
     <gpxdata:hr>122</gpxdata:hr>
     <gpxdata:distance>24890.00</gpxdata:distance>
     <gpxdata:speed>7.158</gpxdata:speed>
    </extensions>
   </trkpt>
   <trkpt lat="51.0625935" lon="13.7865155">
    <ele>111</ele>
    <time>2026-08-11T18:25:51Z</time>
    <extensions>
     <gpxdata:hr>121</gpxdata:hr>
     <gpxdata:distance>24897.50</gpxdata:distance>
     <gpxdata:speed>7.158</gpxdata:speed>
    </extensions>
   </trkpt>
   <trkpt lat="51.0626119" lon="13.7864176">
    <ele>111</ele>
    <time>2026-08-11T18:25:52Z</time>
    <extensions>
     <gpxdata:hr>121</gpxdata:hr>
     <gpxdata:distance>24905.00</gpxdata:distance>
     <gpxdata:speed>7.169</gpxdata:speed>
    </extensions>
   </trkpt>
   <trkpt lat="51.0626293" lon="13.7863195">
    <ele>111</ele>
    <time>2026-08-11T18:25:53Z</time>
    <extensions>
     <gpxdata:hr>121</gpxdata:hr>
     <gpxdata:distance>24912.00</gpxdata:distance>
     <gpxdata:speed>7.161</gpxdata:speed>
    </extensions>
   </trkpt>
   <trkpt lat="51.0626462" lon="13.7862216">
    <ele>111</ele>
    <time>2026-08-11T18:25:54Z</time>
    <extensions>
     <gpxdata:hr>121</gpxdata:hr>
     <gpxdata:distance>24919.00</gpxdata:distance>
     <gpxdata:speed>7.144</gpxdata:speed>
    </extensions>
   </trkpt>
   <trkpt lat="51.0626614" lon="13.7861232">
    <ele>111</ele>
    <time>2026-08-11T18:25:55Z</time>
    <extensions>
     <gpxdata:hr>122</gpxdata:hr>
     <gpxdata:distance>24926.00</gpxdata:distance>
     <gpxdata:speed>7.128</gpxdata:speed>
    </extensions>
   </trkpt>
   <trkpt lat="51.0626749" lon="13.7860228">
    <ele>111</ele>
    <time>2026-08-11T18:25:56Z</time>
    <extensions>
     <gpxdata:hr>123</gpxdata:hr>
     <gpxdata:distance>24933.00</gpxdata:distance>
     <gpxdata:speed>7.119</gpxdata:speed>
    </extensions>
   </trkpt>
   <trkpt lat="51.0626880" lon="13.7859218">
    <ele>111</ele>
    <time>2026-08-11T18:25:57Z</time>
    <extensions>
     <gpxdata:hr>123</gpxdata:hr>
     <gpxdata:distance>24940.50</gpxdata:distance>
     <gpxdata:speed>7.147</gpxdata:speed>
    </extensions>
   </trkpt>
   <trkpt lat="51.0627004" lon="13.7858208">
    <ele>111</ele>
    <time>2026-08-11T18:25:58Z</time>
    <extensions>
     <gpxdata:hr>123</gpxdata:hr>
     <gpxdata:distance>24948.00</gpxdata:distance>
     <gpxdata:speed>7.172</gpxdata:speed>
    </extensions>
   </trkpt>
   <trkpt lat="51.0627121" lon="13.7857200">
    <ele>111</ele>
    <time>2026-08-11T18:25:59Z</time>
    <extensions>
     <gpxdata:hr>124</gpxdata:hr>
     <gpxdata:distance>24955.00</gpxdata:distance>
     <gpxdata:speed>7.175</gpxdata:speed>
    </extensions>
   </trkpt>
   <trkpt lat="51.0627235" lon="13.7856193">
    <ele>111</ele>
    <time>2026-08-11T18:26:00Z</time>
    <extensions>
     <gpxdata:hr>124</gpxdata:hr>
     <gpxdata:distance>24962.00</gpxdata:distance>
     <gpxdata:speed>7.169</gpxdata:speed>
    </extensions>
   </trkpt>
   <trkpt lat="51.0627344" lon="13.7855180">
    <ele>111</ele>
    <time>2026-08-11T18:26:01Z</time>
    <extensions>
     <gpxdata:hr>124</gpxdata:hr>
     <gpxdata:distance>24969.00</gpxdata:distance>
     <gpxdata:speed>7.167</gpxdata:speed>
    </extensions>
   </trkpt>
   <trkpt lat="51.0627449" lon="13.7854166">
    <ele>111</ele>
    <time>2026-08-11T18:26:02Z</time>
    <extensions>
     <gpxdata:hr>123</gpxdata:hr>
     <gpxdata:distance>24976.00</gpxdata:distance>
     <gpxdata:speed>7.175</gpxdata:speed>
    </extensions>
   </trkpt>
   <trkpt lat="51.0627559" lon="13.7853148">
    <ele>111</ele>
    <time>2026-08-11T18:26:03Z</time>
    <extensions>
     <gpxdata:hr>123</gpxdata:hr>
     <gpxdata:distance>24983.50</gpxdata:distance>
     <gpxdata:speed>7.183</gpxdata:speed>
    </extensions>
   </trkpt>
   <trkpt lat="51.0627667" lon="13.7852129">
    <ele>112</ele>
    <time>2026-08-11T18:26:04Z</time>
    <extensions>
     <gpxdata:hr>125</gpxdata:hr>
     <gpxdata:distance>24991.00</gpxdata:distance>
     <gpxdata:speed>7.197</gpxdata:speed>
    </extensions>
   </trkpt>
   <trkpt lat="51.0627766" lon="13.7851104">
    <ele>112</ele>
    <time>2026-08-11T18:26:05Z</time>
    <extensions>
     <gpxdata:hr>124</gpxdata:hr>
     <gpxdata:distance>24998.00</gpxdata:distance>
     <gpxdata:speed>7.211</gpxdata:speed>
    </extensions>
   </trkpt>
   <trkpt lat="51.0627858" lon="13.7850078">
    <ele>112</ele>
    <time>2026-08-11T18:26:06Z</time>
    <extensions>
     <gpxdata:hr>125</gpxdata:hr>
     <gpxdata:distance>25005.00</gpxdata:distance>
     <gpxdata:speed>7.225</gpxdata:speed>
    </extensions>
   </trkpt>
   <trkpt lat="51.0627941" lon="13.7849043">
    <ele>112</ele>
    <time>2026-08-11T18:26:07Z</time>
    <extensions>
     <gpxdata:hr>125</gpxdata:hr>
     <gpxdata:distance>25012.50</gpxdata:distance>
     <gpxdata:speed>7.233</gpxdata:speed>
    </extensions>
   </trkpt>
   <trkpt lat="51.0628020" lon="13.7847987">
    <ele>112</ele>
    <time>2026-08-11T18:26:08Z</time>
    <extensions>
     <gpxdata:hr>125</gpxdata:hr>
     <gpxdata:distance>25020.00</gpxdata:distance>
     <gpxdata:speed>7.261</gpxdata:speed>
    </extensions>
   </trkpt>
   <trkpt lat="51.0628090" lon="13.7846893">
    <ele>112</ele>
    <time>2026-08-11T18:26:09Z</time>
    <extensions>
     <gpxdata:hr>125</gpxdata:hr>
     <gpxdata:distance>25027.50</gpxdata:distance>
     <gpxdata:speed>7.331</gpxdata:speed>
    </extensions>
   </trkpt>
   <trkpt lat="51.0628167" lon="13.7845738">
    <ele>112</ele>
    <time>2026-08-11T18:26:10Z</time>
    <extensions>
     <gpxdata:hr>125</gpxdata:hr>
     <gpxdata:distance>25035.00</gpxdata:distance>
     <gpxdata:speed>7.633</gpxdata:speed>
    </extensions>
   </trkpt>
   <trkpt lat="51.0628272" lon="13.7844534">
    <ele>112</ele>
    <time>2026-08-11T18:26:11Z</time>
    <extensions>
     <gpxdata:hr>125</gpxdata:hr>
     <gpxdata:distance>25044.00</gpxdata:distance>
     <gpxdata:speed>8.056</gpxdata:speed>
    </extensions>
   </trkpt>
   <trkpt lat="51.0628411" lon="13.7843296">
    <ele>112</ele>
    <time>2026-08-11T18:26:12Z</time>
    <extensions>
     <gpxdata:hr>125</gpxdata:hr>
     <gpxdata:distance>25053.00</gpxdata:distance>
     <gpxdata:speed>8.400</gpxdata:speed>
    </extensions>
   </trkpt>
   <trkpt lat="51.0628575" lon="13.7842089">
    <ele>112</ele>
    <time>2026-08-11T18:26:13Z</time>
    <extensions>
     <gpxdata:hr>125</gpxdata:hr>
     <gpxdata:distance>25061.50</gpxdata:distance>
     <gpxdata:speed>8.675</gpxdata:speed>
    </extensions>
   </trkpt>
   <trkpt lat="51.0628740" lon="13.7841004">
    <ele>112</ele>
    <time>2026-08-11T18:26:14Z</time>
    <extensions>
     <gpxdata:hr>124</gpxdata:hr>
     <gpxdata:distance>25070.00</gpxdata:distance>
     <gpxdata:speed>8.519</gpxdata:speed>
    </extensions>
   </trkpt>
   <trkpt lat="51.0628890" lon="13.7840067">
    <ele>112</ele>
    <time>2026-08-11T18:26:15Z</time>
    <extensions>
     <gpxdata:hr>125</gpxdata:hr>
     <gpxdata:distance>25076.50</gpxdata:distance>
     <gpxdata:speed>7.814</gpxdata:speed>
    </extensions>
   </trkpt>
   <trkpt lat="51.0629023" lon="13.7839221">
    <ele>112</ele>
    <time>2026-08-11T18:26:16Z</time>
    <extensions>
     <gpxdata:hr>126</gpxdata:hr>
     <gpxdata:distance>25083.00</gpxdata:distance>
     <gpxdata:speed>6.911</gpxdata:speed>
    </extensions>
   </trkpt>
   <trkpt lat="51.0629141" lon="13.7838411">
    <ele>112</ele>
    <time>2026-08-11T18:26:17Z</time>
    <extensions>
     <gpxdata:hr>128</gpxdata:hr>
     <gpxdata:distance>25088.50</gpxdata:distance>
     <gpxdata:speed>6.386</gpxdata:speed>
    </extensions>
   </trkpt>
   <trkpt lat="51.0629243" lon="13.7837583">
    <ele>111</ele>
    <time>2026-08-11T18:26:18Z</time>
    <extensions>
     <gpxdata:hr>129</gpxdata:hr>
     <gpxdata:distance>25094.00</gpxdata:distance>
     <gpxdata:speed>6.117</gpxdata:speed>
    </extensions>
   </trkpt>
   <trkpt lat="51.0629337" lon="13.7836678">
    <ele>111</ele>
    <time>2026-08-11T18:26:19Z</time>
    <extensions>
     <gpxdata:hr>129</gpxdata:hr>
     <gpxdata:distance>25101.00</gpxdata:distance>
     <gpxdata:speed>6.131</gpxdata:speed>
    </extensions>
   </trkpt>
   <trkpt lat="51.0629442" lon="13.7835675">
    <ele>111</ele>
    <time>2026-08-11T18:26:20Z</time>
    <extensions>
     <gpxdata:hr>129</gpxdata:hr>
     <gpxdata:distance>25108.00</gpxdata:distance>
     <gpxdata:speed>6.344</gpxdata:speed>
    </extensions>
   </trkpt>
   <trkpt lat="51.0629582" lon="13.7834582">
    <ele>111</ele>
    <time>2026-08-11T18:26:21Z</time>
    <extensions>
     <gpxdata:hr>130</gpxdata:hr>
     <gpxdata:distance>25115.50</gpxdata:distance>
     <gpxdata:speed>6.678</gpxdata:speed>
    </extensions>
   </trkpt>
   <trkpt lat="51.0629746" lon="13.7833425">
    <ele>111</ele>
    <time>2026-08-11T18:26:22Z</time>
    <extensions>
     <gpxdata:hr>130</gpxdata:hr>
     <gpxdata:distance>25123.00</gpxdata:distance>
     <gpxdata:speed>7.086</gpxdata:speed>
    </extensions>
   </trkpt>
   <trkpt lat="51.0629900" lon="13.7832250">
    <ele>111</ele>
    <time>2026-08-11T18:26:23Z</time>
    <extensions>
     <gpxdata:hr>131</gpxdata:hr>
     <gpxdata:distance>25131.50</gpxdata:distance>
     <gpxdata:speed>7.492</gpxdata:speed>
    </extensions>
   </trkpt>
   <trkpt lat="51.0630025" lon="13.7831092">
    <ele>111</ele>
    <time>2026-08-11T18:26:24Z</time>
    <extensions>
     <gpxdata:hr>131</gpxdata:hr>
     <gpxdata:distance>25140.00</gpxdata:distance>
     <gpxdata:speed>7.761</gpxdata:speed>
    </extensions>
   </trkpt>
   <trkpt lat="51.0630130" lon="13.7829965">
    <ele>112</ele>
    <time>2026-08-11T18:26:25Z</time>
    <extensions>
     <gpxdata:hr>132</gpxdata:hr>
     <gpxdata:distance>25148.00</gpxdata:distance>
     <gpxdata:speed>8.028</gpxdata:speed>
    </extensions>
   </trkpt>
   <trkpt lat="51.0630224" lon="13.7828869">
    <ele>112</ele>
    <time>2026-08-11T18:26:26Z</time>
    <extensions>
     <gpxdata:hr>132</gpxdata:hr>
     <gpxdata:distance>25156.00</gpxdata:distance>
     <gpxdata:speed>7.917</gpxdata:speed>
    </extensions>
   </trkpt>
   <trkpt lat="51.0630305" lon="13.7827791">
    <ele>111</ele>
    <time>2026-08-11T18:26:27Z</time>
    <extensions>
     <gpxdata:hr>132</gpxdata:hr>
     <gpxdata:distance>25163.50</gpxdata:distance>
     <gpxdata:speed>7.767</gpxdata:speed>
    </extensions>
   </trkpt>
   <trkpt lat="51.0630371" lon="13.7826721">
    <ele>111</ele>
    <time>2026-08-11T18:26:28Z</time>
    <extensions>
     <gpxdata:hr>131</gpxdata:hr>
     <gpxdata:distance>25171.00</gpxdata:distance>
     <gpxdata:speed>7.650</gpxdata:speed>
    </extensions>
   </trkpt>
   <trkpt lat="51.0630428" lon="13.7825658">
    <ele>111</ele>
    <time>2026-08-11T18:26:29Z</time>
    <extensions>
     <gpxdata:hr>130</gpxdata:hr>
     <gpxdata:distance>25178.50</gpxdata:distance>
     <gpxdata:speed>7.586</gpxdata:speed>
    </extensions>
   </trkpt>
   <trkpt lat="51.0630480" lon="13.7824598">
    <ele>111</ele>
    <time>2026-08-11T18:26:30Z</time>
    <extensions>
     <gpxdata:hr>130</gpxdata:hr>
     <gpxdata:distance>25186.00</gpxdata:distance>
     <gpxdata:speed>7.522</gpxdata:speed>
    </extensions>
   </trkpt>
   <trkpt lat="51.0630529" lon="13.7823542">
    <ele>111</ele>
    <time>2026-08-11T18:26:31Z</time>
    <extensions>
     <gpxdata:hr>130</gpxdata:hr>
     <gpxdata:distance>25193.50</gpxdata:distance>
     <gpxdata:speed>7.481</gpxdata:speed>
    </extensions>
   </trkpt>
   <trkpt lat="51.0630576" lon="13.7822491">
    <ele>111</ele>
    <time>2026-08-11T18:26:32Z</time>
    <extensions>
     <gpxdata:hr>130</gpxdata:hr>
     <gpxdata:distance>25201.00</gpxdata:distance>
     <gpxdata:speed>7.436</gpxdata:speed>
    </extensions>
   </trkpt>
   <trkpt lat="51.0630615" lon="13.7821443">
    <ele>112</ele>
    <time>2026-08-11T18:26:33Z</time>
    <extensions>
     <gpxdata:hr>130</gpxdata:hr>
     <gpxdata:distance>25208.50</gpxdata:distance>
     <gpxdata:speed>7.392</gpxdata:speed>
    </extensions>
   </trkpt>
   <trkpt lat="51.0630642" lon="13.7820395">
    <ele>112</ele>
    <time>2026-08-11T18:26:34Z</time>
    <extensions>
     <gpxdata:hr>129</gpxdata:hr>
     <gpxdata:distance>25216.00</gpxdata:distance>
     <gpxdata:speed>7.356</gpxdata:speed>
    </extensions>
   </trkpt>
   <trkpt lat="51.0630660" lon="13.7819342">
    <ele>112</ele>
    <time>2026-08-11T18:26:35Z</time>
    <extensions>
     <gpxdata:hr>127</gpxdata:hr>
     <gpxdata:distance>25223.00</gpxdata:distance>
     <gpxdata:speed>7.344</gpxdata:speed>
    </extensions>
   </trkpt>
   <trkpt lat="51.0630655" lon="13.7818285">
    <ele>112</ele>
    <time>2026-08-11T18:26:36Z</time>
    <extensions>
     <gpxdata:hr>127</gpxdata:hr>
     <gpxdata:distance>25230.00</gpxdata:distance>
     <gpxdata:speed>7.353</gpxdata:speed>
    </extensions>
   </trkpt>
   <trkpt lat="51.0630645" lon="13.7817211">
    <ele>112</ele>
    <time>2026-08-11T18:26:37Z</time>
    <extensions>
     <gpxdata:hr>126</gpxdata:hr>
     <gpxdata:distance>25237.50</gpxdata:distance>
     <gpxdata:speed>7.372</gpxdata:speed>
    </extensions>
   </trkpt>
   <trkpt lat="51.0630670" lon="13.7816121">
    <ele>112</ele>
    <time>2026-08-11T18:26:38Z</time>
    <extensions>
     <gpxdata:hr>125</gpxdata:hr>
     <gpxdata:distance>25245.00</gpxdata:distance>
     <gpxdata:speed>7.428</gpxdata:speed>
    </extensions>
   </trkpt>
   <trkpt lat="51.0630728" lon="13.7815025">
    <ele>111</ele>
    <time>2026-08-11T18:26:39Z</time>
    <extensions>
     <gpxdata:hr>126</gpxdata:hr>
     <gpxdata:distance>25253.00</gpxdata:distance>
     <gpxdata:speed>7.508</gpxdata:speed>
    </extensions>
   </trkpt>
   <trkpt lat="51.0630780" lon="13.7813927">
    <ele>111</ele>
    <time>2026-08-11T18:26:40Z</time>
    <extensions>
     <gpxdata:hr>126</gpxdata:hr>
     <gpxdata:distance>25261.00</gpxdata:distance>
     <gpxdata:speed>7.572</gpxdata:speed>
    </extensions>
   </trkpt>
   <trkpt lat="51.0630808" lon="13.7812828">
    <ele>111</ele>
    <time>2026-08-11T18:26:41Z</time>
    <extensions>
     <gpxdata:hr>125</gpxdata:hr>
     <gpxdata:distance>25268.50</gpxdata:distance>
     <gpxdata:speed>7.614</gpxdata:speed>
    </extensions>
   </trkpt>
   <trkpt lat="51.0630815" lon="13.7811726">
    <ele>111</ele>
    <time>2026-08-11T18:26:42Z</time>
    <extensions>
     <gpxdata:hr>125</gpxdata:hr>
     <gpxdata:distance>25276.00</gpxdata:distance>
     <gpxdata:speed>7.644</gpxdata:speed>
    </extensions>
   </trkpt>
   <trkpt lat="51.0630803" lon="13.7810622">
    <ele>111</ele>
    <time>2026-08-11T18:26:43Z</time>
    <extensions>
     <gpxdata:hr>125</gpxdata:hr>
     <gpxdata:distance>25284.00</gpxdata:distance>
     <gpxdata:speed>7.669</gpxdata:speed>
    </extensions>
   </trkpt>
   <trkpt lat="51.0630768" lon="13.7809517">
    <ele>111</ele>
    <time>2026-08-11T18:26:44Z</time>
    <extensions>
     <gpxdata:hr>125</gpxdata:hr>
     <gpxdata:distance>25292.00</gpxdata:distance>
     <gpxdata:speed>7.694</gpxdata:speed>
    </extensions>
   </trkpt>
   <trkpt lat="51.0630710" lon="13.7808418">
    <ele>111</ele>
    <time>2026-08-11T18:26:45Z</time>
    <extensions>
     <gpxdata:hr>125</gpxdata:hr>
     <gpxdata:distance>25299.50</gpxdata:distance>
     <gpxdata:speed>7.714</gpxdata:speed>
    </extensions>
   </trkpt>
   <trkpt lat="51.0630634" lon="13.7807323">
    <ele>111</ele>
    <time>2026-08-11T18:26:46Z</time>
    <extensions>
     <gpxdata:hr>126</gpxdata:hr>
     <gpxdata:distance>25307.00</gpxdata:distance>
     <gpxdata:speed>7.714</gpxdata:speed>
    </extensions>
   </trkpt>
   <trkpt lat="51.0630553" lon="13.7806233">
    <ele>111</ele>
    <time>2026-08-11T18:26:47Z</time>
    <extensions>
     <gpxdata:hr>126</gpxdata:hr>
     <gpxdata:distance>25314.50</gpxdata:distance>
     <gpxdata:speed>7.714</gpxdata:speed>
    </extensions>
   </trkpt>
   <trkpt lat="51.0630474" lon="13.7805158">
    <ele>111</ele>
    <time>2026-08-11T18:26:48Z</time>
    <extensions>
     <gpxdata:hr>126</gpxdata:hr>
     <gpxdata:distance>25322.00</gpxdata:distance>
     <gpxdata:speed>7.697</gpxdata:speed>
    </extensions>
   </trkpt>
   <trkpt lat="51.0630398" lon="13.7804103">
    <ele>111</ele>
    <time>2026-08-11T18:26:49Z</time>
    <extensions>
     <gpxdata:hr>126</gpxdata:hr>
     <gpxdata:distance>25329.50</gpxdata:distance>
     <gpxdata:speed>7.647</gpxdata:speed>
    </extensions>
   </trkpt>
   <trkpt lat="51.0630328" lon="13.7803054">
    <ele>111</ele>
    <time>2026-08-11T18:26:50Z</time>
    <extensions>
     <gpxdata:hr>126</gpxdata:hr>
     <gpxdata:distance>25337.00</gpxdata:distance>
     <gpxdata:speed>7.564</gpxdata:speed>
    </extensions>
   </trkpt>
   <trkpt lat="51.0630258" lon="13.7802002">
    <ele>111</ele>
    <time>2026-08-11T18:26:51Z</time>
    <extensions>
     <gpxdata:hr>125</gpxdata:hr>
     <gpxdata:distance>25344.50</gpxdata:distance>
     <gpxdata:speed>7.503</gpxdata:speed>
    </extensions>
   </trkpt>
   <trkpt lat="51.0630191" lon="13.7800940">
    <ele>111</ele>
    <time>2026-08-11T18:26:52Z</time>
    <extensions>
     <gpxdata:hr>125</gpxdata:hr>
     <gpxdata:distance>25352.00</gpxdata:distance>
     <gpxdata:speed>7.475</gpxdata:speed>
    </extensions>
   </trkpt>
   <trkpt lat="51.0630127" lon="13.7799863">
    <ele>111</ele>
    <time>2026-08-11T18:26:53Z</time>
    <extensions>
     <gpxdata:hr>124</gpxdata:hr>
     <gpxdata:distance>25359.50</gpxdata:distance>
     <gpxdata:speed>7.478</gpxdata:speed>
    </extensions>
   </trkpt>
   <trkpt lat="51.0630061" lon="13.7798776">
    <ele>111</ele>
    <time>2026-08-11T18:26:54Z</time>
    <extensions>
     <gpxdata:hr>123</gpxdata:hr>
     <gpxdata:distance>25367.00</gpxdata:distance>
     <gpxdata:speed>7.511</gpxdata:speed>
    </extensions>
   </trkpt>
   <trkpt lat="51.0629990" lon="13.7797685">
    <ele>111</ele>
    <time>2026-08-11T18:26:55Z</time>
    <extensions>
     <gpxdata:hr>122</gpxdata:hr>
     <gpxdata:distance>25375.00</gpxdata:distance>
     <gpxdata:speed>7.556</gpxdata:speed>
    </extensions>
   </trkpt>
   <trkpt lat="51.0629918" lon="13.7796594">
    <ele>111</ele>
    <time>2026-08-11T18:26:56Z</time>
    <extensions>
     <gpxdata:hr>122</gpxdata:hr>
     <gpxdata:distance>25383.00</gpxdata:distance>
     <gpxdata:speed>7.592</gpxdata:speed>
    </extensions>
   </trkpt>
   <trkpt lat="51.0629849" lon="13.7795503">
    <ele>111</ele>
    <time>2026-08-11T18:26:57Z</time>
    <extensions>
     <gpxdata:hr>123</gpxdata:hr>
     <gpxdata:distance>25390.50</gpxdata:distance>
     <gpxdata:speed>7.617</gpxdata:speed>
    </extensions>
   </trkpt>
   <trkpt lat="51.0629781" lon="13.7794416">
    <ele>111</ele>
    <time>2026-08-11T18:26:58Z</time>
    <extensions>
     <gpxdata:hr>122</gpxdata:hr>
     <gpxdata:distance>25398.00</gpxdata:distance>
     <gpxdata:speed>7.633</gpxdata:speed>
    </extensions>
   </trkpt>
   <trkpt lat="51.0629709" lon="13.7793339">
    <ele>111</ele>
    <time>2026-08-11T18:26:59Z</time>
    <extensions>
     <gpxdata:hr>122</gpxdata:hr>
     <gpxdata:distance>25405.50</gpxdata:distance>
     <gpxdata:speed>7.631</gpxdata:speed>
    </extensions>
   </trkpt>
   <trkpt lat="51.0629633" lon="13.7792271">
    <ele>111</ele>
    <time>2026-08-11T18:27:00Z</time>
    <extensions>
     <gpxdata:hr>122</gpxdata:hr>
     <gpxdata:distance>25413.00</gpxdata:distance>
     <gpxdata:speed>7.614</gpxdata:speed>
    </extensions>
   </trkpt>
   <trkpt lat="51.0629556" lon="13.7791209">
    <ele>111</ele>
    <time>2026-08-11T18:27:01Z</time>
    <extensions>
     <gpxdata:hr>121</gpxdata:hr>
     <gpxdata:distance>25420.50</gpxdata:distance>
     <gpxdata:speed>7.581</gpxdata:speed>
    </extensions>
   </trkpt>
   <trkpt lat="51.0629478" lon="13.7790148">
    <ele>111</ele>
    <time>2026-08-11T18:27:02Z</time>
    <extensions>
     <gpxdata:hr>121</gpxdata:hr>
     <gpxdata:distance>25428.00</gpxdata:distance>
     <gpxdata:speed>7.547</gpxdata:speed>
    </extensions>
   </trkpt>
   <trkpt lat="51.0629401" lon="13.7789082">
    <ele>111</ele>
    <time>2026-08-11T18:27:03Z</time>
    <extensions>
     <gpxdata:hr>121</gpxdata:hr>
     <gpxdata:distance>25435.50</gpxdata:distance>
     <gpxdata:speed>7.528</gpxdata:speed>
    </extensions>
   </trkpt>
   <trkpt lat="51.0629327" lon="13.7788010">
    <ele>111</ele>
    <time>2026-08-11T18:27:04Z</time>
    <extensions>
     <gpxdata:hr>121</gpxdata:hr>
     <gpxdata:distance>25443.00</gpxdata:distance>
     <gpxdata:speed>7.522</gpxdata:speed>
    </extensions>
   </trkpt>
   <trkpt lat="51.0629248" lon="13.7786935">
    <ele>111</ele>
    <time>2026-08-11T18:27:05Z</time>
    <extensions>
     <gpxdata:hr>121</gpxdata:hr>
     <gpxdata:distance>25450.50</gpxdata:distance>
     <gpxdata:speed>7.536</gpxdata:speed>
    </extensions>
   </trkpt>
   <trkpt lat="51.0629168" lon="13.7785861">
    <ele>111</ele>
    <time>2026-08-11T18:27:06Z</time>
    <extensions>
     <gpxdata:hr>122</gpxdata:hr>
     <gpxdata:distance>25458.00</gpxdata:distance>
     <gpxdata:speed>7.544</gpxdata:speed>
    </extensions>
   </trkpt>
   <trkpt lat="51.0629090" lon="13.7784789">
    <ele>111</ele>
    <time>2026-08-11T18:27:07Z</time>
    <extensions>
     <gpxdata:hr>122</gpxdata:hr>
     <gpxdata:distance>25465.50</gpxdata:distance>
     <gpxdata:speed>7.550</gpxdata:speed>
    </extensions>
   </trkpt>
   <trkpt lat="51.0629019" lon="13.7783716">
    <ele>111</ele>
    <time>2026-08-11T18:27:08Z</time>
    <extensions>
     <gpxdata:hr>121</gpxdata:hr>
     <gpxdata:distance>25473.00</gpxdata:distance>
     <gpxdata:speed>7.547</gpxdata:speed>
    </extensions>
   </trkpt>
   <trkpt lat="51.0628949" lon="13.7782641">
    <ele>111</ele>
    <time>2026-08-11T18:27:09Z</time>
    <extensions>
     <gpxdata:hr>122</gpxdata:hr>
     <gpxdata:distance>25480.50</gpxdata:distance>
     <gpxdata:speed>7.547</gpxdata:speed>
    </extensions>
   </trkpt>
   <trkpt lat="51.0628878" lon="13.7781562">
    <ele>111</ele>
    <time>2026-08-11T18:27:10Z</time>
    <extensions>
     <gpxdata:hr>122</gpxdata:hr>
     <gpxdata:distance>25488.00</gpxdata:distance>
     <gpxdata:speed>7.553</gpxdata:speed>
    </extensions>
   </trkpt>
   <trkpt lat="51.0628807" lon="13.7780484">
    <ele>111</ele>
    <time>2026-08-11T18:27:11Z</time>
    <extensions>
     <gpxdata:hr>121</gpxdata:hr>
     <gpxdata:distance>25495.50</gpxdata:distance>
     <gpxdata:speed>7.567</gpxdata:speed>
    </extensions>
   </trkpt>
   <trkpt lat="51.0628735" lon="13.7779417">
    <ele>111</ele>
    <time>2026-08-11T18:27:12Z</time>
    <extensions>
     <gpxdata:hr>121</gpxdata:hr>
     <gpxdata:distance>25503.00</gpxdata:distance>
     <gpxdata:speed>7.569</gpxdata:speed>
    </extensions>
   </trkpt>
   <trkpt lat="51.0628660" lon="13.7778360">
    <ele>111</ele>
    <time>2026-08-11T18:27:13Z</time>
    <extensions>
     <gpxdata:hr>121</gpxdata:hr>
     <gpxdata:distance>25510.50</gpxdata:distance>
     <gpxdata:speed>7.542</gpxdata:speed>
    </extensions>
   </trkpt>
   <trkpt lat="51.0628589" lon="13.7777312">
    <ele>111</ele>
    <time>2026-08-11T18:27:14Z</time>
    <extensions>
     <gpxdata:hr>121</gpxdata:hr>
     <gpxdata:distance>25518.00</gpxdata:distance>
     <gpxdata:speed>7.506</gpxdata:speed>
    </extensions>
   </trkpt>
   <trkpt lat="51.0628520" lon="13.7776274">
    <ele>111</ele>
    <time>2026-08-11T18:27:15Z</time>
    <extensions>
     <gpxdata:hr>120</gpxdata:hr>
     <gpxdata:distance>25525.50</gpxdata:distance>
     <gpxdata:speed>7.458</gpxdata:speed>
    </extensions>
   </trkpt>
   <trkpt lat="51.0628453" lon="13.7775243">
    <ele>111</ele>
    <time>2026-08-11T18:27:16Z</time>
    <extensions>
     <gpxdata:hr>120</gpxdata:hr>
     <gpxdata:distance>25533.00</gpxdata:distance>
     <gpxdata:speed>7.406</gpxdata:speed>
    </extensions>
   </trkpt>
   <trkpt lat="51.0628391" lon="13.7774215">
    <ele>111</ele>
    <time>2026-08-11T18:27:17Z</time>
    <extensions>
     <gpxdata:hr>120</gpxdata:hr>
     <gpxdata:distance>25540.00</gpxdata:distance>
     <gpxdata:speed>7.350</gpxdata:speed>
    </extensions>
   </trkpt>
   <trkpt lat="51.0628332" lon="13.7773194">
    <ele>111</ele>
    <time>2026-08-11T18:27:18Z</time>
    <extensions>
     <gpxdata:hr>119</gpxdata:hr>
     <gpxdata:distance>25547.00</gpxdata:distance>
     <gpxdata:speed>7.308</gpxdata:speed>
    </extensions>
   </trkpt>
   <trkpt lat="51.0628274" lon="13.7772176">
    <ele>111</ele>
    <time>2026-08-11T18:27:19Z</time>
    <extensions>
     <gpxdata:hr>118</gpxdata:hr>
     <gpxdata:distance>25554.50</gpxdata:distance>
     <gpxdata:speed>7.258</gpxdata:speed>
    </extensions>
   </trkpt>
   <trkpt lat="51.0628217" lon="13.7771160">
    <ele>111</ele>
    <time>2026-08-11T18:27:20Z</time>
    <extensions>
     <gpxdata:hr>117</gpxdata:hr>
     <gpxdata:distance>25562.00</gpxdata:distance>
     <gpxdata:speed>7.222</gpxdata:speed>
    </extensions>
   </trkpt>
   <trkpt lat="51.0628155" lon="13.7770149">
    <ele>111</ele>
    <time>2026-08-11T18:27:21Z</time>
    <extensions>
     <gpxdata:hr>117</gpxdata:hr>
     <gpxdata:distance>25569.00</gpxdata:distance>
     <gpxdata:speed>7.189</gpxdata:speed>
    </extensions>
   </trkpt>
   <trkpt lat="51.0628085" lon="13.7769138">
    <ele>111</ele>
    <time>2026-08-11T18:27:22Z</time>
    <extensions>
     <gpxdata:hr>116</gpxdata:hr>
     <gpxdata:distance>25576.00</gpxdata:distance>
     <gpxdata:speed>7.156</gpxdata:speed>
    </extensions>
   </trkpt>
   <trkpt lat="51.0628011" lon="13.7768122">
    <ele>111</ele>
    <time>2026-08-11T18:27:23Z</time>
    <extensions>
     <gpxdata:hr>115</gpxdata:hr>
     <gpxdata:distance>25583.00</gpxdata:distance>
     <gpxdata:speed>7.147</gpxdata:speed>
    </extensions>
   </trkpt>
   <trkpt lat="51.0627938" lon="13.7767119">
    <ele>111</ele>
    <time>2026-08-11T18:27:24Z</time>
    <extensions>
     <gpxdata:hr>115</gpxdata:hr>
     <gpxdata:distance>25590.00</gpxdata:distance>
     <gpxdata:speed>7.153</gpxdata:speed>
    </extensions>
   </trkpt>
   <trkpt lat="51.0627862" lon="13.7766095">
    <ele>111</ele>
    <time>2026-08-11T18:27:25Z</time>
    <extensions>
     <gpxdata:hr>115</gpxdata:hr>
     <gpxdata:distance>25597.50</gpxdata:distance>
     <gpxdata:speed>7.114</gpxdata:speed>
    </extensions>
   </trkpt>
   <trkpt lat="51.0627785" lon="13.7765058">
    <ele>111</ele>
    <time>2026-08-11T18:27:26Z</time>
    <extensions>
     <gpxdata:hr>114</gpxdata:hr>
     <gpxdata:distance>25605.00</gpxdata:distance>
     <gpxdata:speed>7.161</gpxdata:speed>
    </extensions>
   </trkpt>
   <trkpt lat="51.0627704" lon="13.7764020">
    <ele>111</ele>
    <time>2026-08-11T18:27:27Z</time>
    <extensions>
     <gpxdata:hr>114</gpxdata:hr>
     <gpxdata:distance>25612.00</gpxdata:distance>
     <gpxdata:speed>7.214</gpxdata:speed>
    </extensions>
   </trkpt>
   <trkpt lat="51.0627616" lon="13.7762979">
    <ele>111</ele>
    <time>2026-08-11T18:27:28Z</time>
    <extensions>
     <gpxdata:hr>114</gpxdata:hr>
     <gpxdata:distance>25619.00</gpxdata:distance>
     <gpxdata:speed>7.242</gpxdata:speed>
    </extensions>
   </trkpt>
   <trkpt lat="51.0627538" lon="13.7761936">
    <ele>111</ele>
    <time>2026-08-11T18:27:29Z</time>
    <extensions>
     <gpxdata:hr>112</gpxdata:hr>
     <gpxdata:distance>25626.50</gpxdata:distance>
     <gpxdata:speed>7.278</gpxdata:speed>
    </extensions>
   </trkpt>
   <trkpt lat="51.0627488" lon="13.7760890">
    <ele>111</ele>
    <time>2026-08-11T18:27:30Z</time>
    <extensions>
     <gpxdata:hr>112</gpxdata:hr>
     <gpxdata:distance>25634.00</gpxdata:distance>
     <gpxdata:speed>7.300</gpxdata:speed>
    </extensions>
   </trkpt>
   <trkpt lat="51.0627458" lon="13.7759848">
    <ele>111</ele>
    <time>2026-08-11T18:27:31Z</time>
    <extensions>
     <gpxdata:hr>111</gpxdata:hr>
     <gpxdata:distance>25641.00</gpxdata:distance>
     <gpxdata:speed>7.314</gpxdata:speed>
    </extensions>
   </trkpt>
   <trkpt lat="51.0627429" lon="13.7758819">
    <ele>111</ele>
    <time>2026-08-11T18:27:32Z</time>
    <extensions>
     <gpxdata:hr>111</gpxdata:hr>
     <gpxdata:distance>25648.00</gpxdata:distance>
     <gpxdata:speed>7.306</gpxdata:speed>
    </extensions>
   </trkpt>
   <trkpt lat="51.0627389" lon="13.7757815">
    <ele>111</ele>
    <time>2026-08-11T18:27:33Z</time>
    <extensions>
     <gpxdata:hr>111</gpxdata:hr>
     <gpxdata:distance>25655.00</gpxdata:distance>
     <gpxdata:speed>7.267</gpxdata:speed>
    </extensions>
   </trkpt>
   <trkpt lat="51.0627336" lon="13.7756837">
    <ele>111</ele>
    <time>2026-08-11T18:27:34Z</time>
    <extensions>
     <gpxdata:hr>111</gpxdata:hr>
     <gpxdata:distance>25662.00</gpxdata:distance>
     <gpxdata:speed>7.178</gpxdata:speed>
    </extensions>
   </trkpt>
   <trkpt lat="51.0627274" lon="13.7755887">
    <ele>111</ele>
    <time>2026-08-11T18:27:35Z</time>
    <extensions>
     <gpxdata:hr>112</gpxdata:hr>
     <gpxdata:distance>25669.00</gpxdata:distance>
     <gpxdata:speed>7.067</gpxdata:speed>
    </extensions>
   </trkpt>
   <trkpt lat="51.0627202" lon="13.7754965">
    <ele>111</ele>
    <time>2026-08-11T18:27:36Z</time>
    <extensions>
     <gpxdata:hr>113</gpxdata:hr>
     <gpxdata:distance>25676.00</gpxdata:distance>
     <gpxdata:speed>6.933</gpxdata:speed>
    </extensions>
   </trkpt>
   <trkpt lat="51.0627113" lon="13.7754052">
    <ele>111</ele>
    <time>2026-08-11T18:27:37Z</time>
    <extensions>
     <gpxdata:hr>114</gpxdata:hr>
     <gpxdata:distance>25682.50</gpxdata:distance>
     <gpxdata:speed>6.775</gpxdata:speed>
    </extensions>
   </trkpt>
   <trkpt lat="51.0627010" lon="13.7753090">
    <ele>110</ele>
    <time>2026-08-11T18:27:38Z</time>
    <extensions>
     <gpxdata:hr>113</gpxdata:hr>
     <gpxdata:distance>25689.00</gpxdata:distance>
     <gpxdata:speed>6.672</gpxdata:speed>
    </extensions>
   </trkpt>
   <trkpt lat="51.0626919" lon="13.7752042">
    <ele>110</ele>
    <time>2026-08-11T18:27:39Z</time>
    <extensions>
     <gpxdata:hr>112</gpxdata:hr>
     <gpxdata:distance>25696.50</gpxdata:distance>
     <gpxdata:speed>6.764</gpxdata:speed>
    </extensions>
   </trkpt>
   <trkpt lat="51.0626854" lon="13.7750908">
    <ele>110</ele>
    <time>2026-08-11T18:27:40Z</time>
    <extensions>
     <gpxdata:hr>110</gpxdata:hr>
     <gpxdata:distance>25704.00</gpxdata:distance>
     <gpxdata:speed>7.019</gpxdata:speed>
    </extensions>
   </trkpt>
   <trkpt lat="51.0626824" lon="13.7749697">
    <ele>110</ele>
    <time>2026-08-11T18:27:41Z</time>
    <extensions>
     <gpxdata:hr>110</gpxdata:hr>
     <gpxdata:distance>25712.50</gpxdata:distance>
     <gpxdata:speed>7.786</gpxdata:speed>
    </extensions>
   </trkpt>
   <trkpt lat="51.0626808" lon="13.7748433">
    <ele>110</ele>
    <time>2026-08-11T18:27:42Z</time>
    <extensions>
     <gpxdata:hr>110</gpxdata:hr>
     <gpxdata:distance>25721.00</gpxdata:distance>
     <gpxdata:speed>8.281</gpxdata:speed>
    </extensions>
   </trkpt>
   <trkpt lat="51.0626776" lon="13.7747156">
    <ele>110</ele>
    <time>2026-08-11T18:27:43Z</time>
    <extensions>
     <gpxdata:hr>109</gpxdata:hr>
     <gpxdata:distance>25730.00</gpxdata:distance>
     <gpxdata:speed>8.636</gpxdata:speed>
    </extensions>
   </trkpt>
   <trkpt lat="51.0626719" lon="13.7745894">
    <ele>110</ele>
    <time>2026-08-11T18:27:44Z</time>
    <extensions>
     <gpxdata:hr>110</gpxdata:hr>
     <gpxdata:distance>25739.00</gpxdata:distance>
     <gpxdata:speed>8.764</gpxdata:speed>
    </extensions>
   </trkpt>
   <trkpt lat="51.0626649" lon="13.7744663">
    <ele>111</ele>
    <time>2026-08-11T18:27:45Z</time>
    <extensions>
     <gpxdata:hr>111</gpxdata:hr>
     <gpxdata:distance>25747.50</gpxdata:distance>
     <gpxdata:speed>8.717</gpxdata:speed>
    </extensions>
   </trkpt>
   <trkpt lat="51.0626577" lon="13.7743464">
    <ele>111</ele>
    <time>2026-08-11T18:27:46Z</time>
    <extensions>
     <gpxdata:hr>111</gpxdata:hr>
     <gpxdata:distance>25756.00</gpxdata:distance>
     <gpxdata:speed>8.592</gpxdata:speed>
    </extensions>
   </trkpt>
   <trkpt lat="51.0626516" lon="13.7742288">
    <ele>111</ele>
    <time>2026-08-11T18:27:47Z</time>
    <extensions>
     <gpxdata:hr>114</gpxdata:hr>
     <gpxdata:distance>25764.00</gpxdata:distance>
     <gpxdata:speed>8.442</gpxdata:speed>
    </extensions>
   </trkpt>
   <trkpt lat="51.0626468" lon="13.7741123">
    <ele>111</ele>
    <time>2026-08-11T18:27:48Z</time>
    <extensions>
     <gpxdata:hr>116</gpxdata:hr>
     <gpxdata:distance>25772.00</gpxdata:distance>
     <gpxdata:speed>8.317</gpxdata:speed>
    </extensions>
   </trkpt>
   <trkpt lat="51.0626430" lon="13.7739964">
    <ele>111</ele>
    <time>2026-08-11T18:27:49Z</time>
    <extensions>
     <gpxdata:hr>121</gpxdata:hr>
     <gpxdata:distance>25780.50</gpxdata:distance>
     <gpxdata:speed>8.292</gpxdata:speed>
    </extensions>
   </trkpt>
   <trkpt lat="51.0626396" lon="13.7738812">
    <ele>111</ele>
    <time>2026-08-11T18:27:50Z</time>
    <extensions>
     <gpxdata:hr>123</gpxdata:hr>
     <gpxdata:distance>25789.00</gpxdata:distance>
     <gpxdata:speed>8.239</gpxdata:speed>
    </extensions>
   </trkpt>
   <trkpt lat="51.0626361" lon="13.7737671">
    <ele>111</ele>
    <time>2026-08-11T18:27:51Z</time>
    <extensions>
     <gpxdata:hr>123</gpxdata:hr>
     <gpxdata:distance>25797.00</gpxdata:distance>
     <gpxdata:speed>8.181</gpxdata:speed>
    </extensions>
   </trkpt>
   <trkpt lat="51.0626322" lon="13.7736537">
    <ele>111</ele>
    <time>2026-08-11T18:27:52Z</time>
    <extensions>
     <gpxdata:hr>122</gpxdata:hr>
     <gpxdata:distance>25805.00</gpxdata:distance>
     <gpxdata:speed>8.114</gpxdata:speed>
    </extensions>
   </trkpt>
   <trkpt lat="51.0626281" lon="13.7735412">
    <ele>111</ele>
    <time>2026-08-11T18:27:53Z</time>
    <extensions>
     <gpxdata:hr>121</gpxdata:hr>
     <gpxdata:distance>25812.50</gpxdata:distance>
     <gpxdata:speed>7.983</gpxdata:speed>
    </extensions>
   </trkpt>
   <trkpt lat="51.0626239" lon="13.7734298">
    <ele>111</ele>
    <time>2026-08-11T18:27:54Z</time>
    <extensions>
     <gpxdata:hr>120</gpxdata:hr>
     <gpxdata:distance>25820.00</gpxdata:distance>
     <gpxdata:speed>7.925</gpxdata:speed>
    </extensions>
   </trkpt>
   <trkpt lat="51.0626198" lon="13.7733194">
    <ele>111</ele>
    <time>2026-08-11T18:27:55Z</time>
    <extensions>
     <gpxdata:hr>120</gpxdata:hr>
     <gpxdata:distance>25828.00</gpxdata:distance>
     <gpxdata:speed>7.869</gpxdata:speed>
    </extensions>
   </trkpt>
   <trkpt lat="51.0626150" lon="13.7732100">
    <ele>111</ele>
    <time>2026-08-11T18:27:56Z</time>
    <extensions>
     <gpxdata:hr>118</gpxdata:hr>
     <gpxdata:distance>25836.00</gpxdata:distance>
     <gpxdata:speed>7.797</gpxdata:speed>
    </extensions>
   </trkpt>
   <trkpt lat="51.0626088" lon="13.7731011">
    <ele>111</ele>
    <time>2026-08-11T18:27:57Z</time>
    <extensions>
     <gpxdata:hr>117</gpxdata:hr>
     <gpxdata:distance>25843.50</gpxdata:distance>
     <gpxdata:speed>7.714</gpxdata:speed>
    </extensions>
   </trkpt>
   <trkpt lat="51.0626002" lon="13.7729929">
    <ele>111</ele>
    <time>2026-08-11T18:27:58Z</time>
    <extensions>
     <gpxdata:hr>116</gpxdata:hr>
     <gpxdata:distance>25851.00</gpxdata:distance>
     <gpxdata:speed>7.686</gpxdata:speed>
    </extensions>
   </trkpt>
   <trkpt lat="51.0625888" lon="13.7728860">
    <ele>111</ele>
    <time>2026-08-11T18:27:59Z</time>
    <extensions>
     <gpxdata:hr>115</gpxdata:hr>
     <gpxdata:distance>25858.50</gpxdata:distance>
     <gpxdata:speed>7.658</gpxdata:speed>
    </extensions>
   </trkpt>
   <trkpt lat="51.0625748" lon="13.7727808">
    <ele>111</ele>
    <time>2026-08-11T18:28:00Z</time>
    <extensions>
     <gpxdata:hr>115</gpxdata:hr>
     <gpxdata:distance>25866.00</gpxdata:distance>
     <gpxdata:speed>7.619</gpxdata:speed>
    </extensions>
   </trkpt>
   <trkpt lat="51.0625587" lon="13.7726766">
    <ele>111</ele>
    <time>2026-08-11T18:28:01Z</time>
    <extensions>
     <gpxdata:hr>115</gpxdata:hr>
     <gpxdata:distance>25873.50</gpxdata:distance>
     <gpxdata:speed>7.578</gpxdata:speed>
    </extensions>
   </trkpt>
   <trkpt lat="51.0625405" lon="13.7725729">
    <ele>111</ele>
    <time>2026-08-11T18:28:02Z</time>
    <extensions>
     <gpxdata:hr>116</gpxdata:hr>
     <gpxdata:distance>25881.00</gpxdata:distance>
     <gpxdata:speed>7.547</gpxdata:speed>
    </extensions>
   </trkpt>
   <trkpt lat="51.0625218" lon="13.7724690">
    <ele>111</ele>
    <time>2026-08-11T18:28:03Z</time>
    <extensions>
     <gpxdata:hr>117</gpxdata:hr>
     <gpxdata:distance>25888.50</gpxdata:distance>
     <gpxdata:speed>7.542</gpxdata:speed>
    </extensions>
   </trkpt>
   <trkpt lat="51.0625041" lon="13.7723643">
    <ele>110</ele>
    <time>2026-08-11T18:28:04Z</time>
    <extensions>
     <gpxdata:hr>116</gpxdata:hr>
     <gpxdata:distance>25896.00</gpxdata:distance>
     <gpxdata:speed>7.547</gpxdata:speed>
    </extensions>
   </trkpt>
   <trkpt lat="51.0624877" lon="13.7722595">
    <ele>110</ele>
    <time>2026-08-11T18:28:05Z</time>
    <extensions>
     <gpxdata:hr>117</gpxdata:hr>
     <gpxdata:distance>25904.00</gpxdata:distance>
     <gpxdata:speed>7.558</gpxdata:speed>
    </extensions>
   </trkpt>
   <trkpt lat="51.0624715" lon="13.7721553">
    <ele>110</ele>
    <time>2026-08-11T18:28:06Z</time>
    <extensions>
     <gpxdata:hr>117</gpxdata:hr>
     <gpxdata:distance>25912.00</gpxdata:distance>
     <gpxdata:speed>7.553</gpxdata:speed>
    </extensions>
   </trkpt>
   <trkpt lat="51.0624556" lon="13.7720521">
    <ele>110</ele>
    <time>2026-08-11T18:28:07Z</time>
    <extensions>
     <gpxdata:hr>116</gpxdata:hr>
     <gpxdata:distance>25919.00</gpxdata:distance>
     <gpxdata:speed>7.533</gpxdata:speed>
    </extensions>
   </trkpt>
   <trkpt lat="51.0624394" lon="13.7719498">
    <ele>110</ele>
    <time>2026-08-11T18:28:08Z</time>
    <extensions>
     <gpxdata:hr>117</gpxdata:hr>
     <gpxdata:distance>25926.00</gpxdata:distance>
     <gpxdata:speed>7.497</gpxdata:speed>
    </extensions>
   </trkpt>
   <trkpt lat="51.0624232" lon="13.7718478">
    <ele>110</ele>
    <time>2026-08-11T18:28:09Z</time>
    <extensions>
     <gpxdata:hr>118</gpxdata:hr>
     <gpxdata:distance>25933.50</gpxdata:distance>
     <gpxdata:speed>7.453</gpxdata:speed>
    </extensions>
   </trkpt>
   <trkpt lat="51.0624069" lon="13.7717462">
    <ele>110</ele>
    <time>2026-08-11T18:28:10Z</time>
    <extensions>
     <gpxdata:hr>118</gpxdata:hr>
     <gpxdata:distance>25941.00</gpxdata:distance>
     <gpxdata:speed>7.425</gpxdata:speed>
    </extensions>
   </trkpt>
   <trkpt lat="51.0623907" lon="13.7716453">
    <ele>110</ele>
    <time>2026-08-11T18:28:11Z</time>
    <extensions>
     <gpxdata:hr>119</gpxdata:hr>
     <gpxdata:distance>25948.50</gpxdata:distance>
     <gpxdata:speed>7.394</gpxdata:speed>
    </extensions>
   </trkpt>
   <trkpt lat="51.0623748" lon="13.7715449">
    <ele>110</ele>
    <time>2026-08-11T18:28:12Z</time>
    <extensions>
     <gpxdata:hr>119</gpxdata:hr>
     <gpxdata:distance>25956.00</gpxdata:distance>
     <gpxdata:speed>7.356</gpxdata:speed>
    </extensions>
   </trkpt>
   <trkpt lat="51.0623594" lon="13.7714444">
    <ele>110</ele>
    <time>2026-08-11T18:28:13Z</time>
    <extensions>
     <gpxdata:hr>118</gpxdata:hr>
     <gpxdata:distance>25963.00</gpxdata:distance>
     <gpxdata:speed>7.317</gpxdata:speed>
    </extensions>
   </trkpt>
   <trkpt lat="51.0623443" lon="13.7713439">
    <ele>110</ele>
    <time>2026-08-11T18:28:14Z</time>
    <extensions>
     <gpxdata:hr>119</gpxdata:hr>
     <gpxdata:distance>25970.00</gpxdata:distance>
     <gpxdata:speed>7.292</gpxdata:speed>
    </extensions>
   </trkpt>
   <trkpt lat="51.0623292" lon="13.7712439">
    <ele>110</ele>
    <time>2026-08-11T18:28:15Z</time>
    <extensions>
     <gpxdata:hr>119</gpxdata:hr>
     <gpxdata:distance>25977.50</gpxdata:distance>
     <gpxdata:speed>7.269</gpxdata:speed>
    </extensions>
   </trkpt>
   <trkpt lat="51.0623132" lon="13.7711454">
    <ele>110</ele>
    <time>2026-08-11T18:28:16Z</time>
    <extensions>
     <gpxdata:hr>119</gpxdata:hr>
     <gpxdata:distance>25985.00</gpxdata:distance>
     <gpxdata:speed>7.236</gpxdata:speed>
    </extensions>
   </trkpt>
   <trkpt lat="51.0622979" lon="13.7710471">
    <ele>110</ele>
    <time>2026-08-11T18:28:17Z</time>
    <extensions>
     <gpxdata:hr>119</gpxdata:hr>
     <gpxdata:distance>25992.00</gpxdata:distance>
     <gpxdata:speed>7.192</gpxdata:speed>
    </extensions>
   </trkpt>
   <trkpt lat="51.0622829" lon="13.7709490">
    <ele>110</ele>
    <time>2026-08-11T18:28:18Z</time>
    <extensions>
     <gpxdata:hr>119</gpxdata:hr>
     <gpxdata:distance>25999.00</gpxdata:distance>
     <gpxdata:speed>7.153</gpxdata:speed>
    </extensions>
   </trkpt>
   <trkpt lat="51.0622670" lon="13.7708502">
    <ele>110</ele>
    <time>2026-08-11T18:28:19Z</time>
    <extensions>
     <gpxdata:hr>119</gpxdata:hr>
     <gpxdata:distance>26006.00</gpxdata:distance>
     <gpxdata:speed>7.125</gpxdata:speed>
    </extensions>
   </trkpt>
   <trkpt lat="51.0622507" lon="13.7707509">
    <ele>110</ele>
    <time>2026-08-11T18:28:20Z</time>
    <extensions>
     <gpxdata:hr>119</gpxdata:hr>
     <gpxdata:distance>26013.00</gpxdata:distance>
     <gpxdata:speed>7.136</gpxdata:speed>
    </extensions>
   </trkpt>
   <trkpt lat="51.0622339" lon="13.7706538">
    <ele>110</ele>
    <time>2026-08-11T18:28:21Z</time>
    <extensions>
     <gpxdata:hr>118</gpxdata:hr>
     <gpxdata:distance>26020.00</gpxdata:distance>
     <gpxdata:speed>7.153</gpxdata:speed>
    </extensions>
   </trkpt>
   <trkpt lat="51.0622158" lon="13.7705581">
    <ele>110</ele>
    <time>2026-08-11T18:28:22Z</time>
    <extensions>
     <gpxdata:hr>118</gpxdata:hr>
     <gpxdata:distance>26027.00</gpxdata:distance>
     <gpxdata:speed>7.100</gpxdata:speed>
    </extensions>
   </trkpt>
   <trkpt lat="51.0621953" lon="13.7704619">
    <ele>110</ele>
    <time>2026-08-11T18:28:23Z</time>
    <extensions>
     <gpxdata:hr>118</gpxdata:hr>
     <gpxdata:distance>26034.00</gpxdata:distance>
     <gpxdata:speed>7.061</gpxdata:speed>
    </extensions>
   </trkpt>
   <trkpt lat="51.0621733" lon="13.7703645">
    <ele>110</ele>
    <time>2026-08-11T18:28:24Z</time>
    <extensions>
     <gpxdata:hr>118</gpxdata:hr>
     <gpxdata:distance>26041.00</gpxdata:distance>
     <gpxdata:speed>7.092</gpxdata:speed>
    </extensions>
   </trkpt>
   <trkpt lat="51.0621505" lon="13.7702666">
    <ele>110</ele>
    <time>2026-08-11T18:28:25Z</time>
    <extensions>
     <gpxdata:hr>117</gpxdata:hr>
     <gpxdata:distance>26048.50</gpxdata:distance>
     <gpxdata:speed>7.150</gpxdata:speed>
    </extensions>
   </trkpt>
   <trkpt lat="51.0621263" lon="13.7701692">
    <ele>110</ele>
    <time>2026-08-11T18:28:26Z</time>
    <extensions>
     <gpxdata:hr>117</gpxdata:hr>
     <gpxdata:distance>26056.00</gpxdata:distance>
     <gpxdata:speed>7.203</gpxdata:speed>
    </extensions>
   </trkpt>
   <trkpt lat="51.0621005" lon="13.7700721">
    <ele>110</ele>
    <time>2026-08-11T18:28:27Z</time>
    <extensions>
     <gpxdata:hr>117</gpxdata:hr>
     <gpxdata:distance>26063.50</gpxdata:distance>
     <gpxdata:speed>7.242</gpxdata:speed>
    </extensions>
   </trkpt>
   <trkpt lat="51.0620755" lon="13.7699735">
    <ele>110</ele>
    <time>2026-08-11T18:28:28Z</time>
    <extensions>
     <gpxdata:hr>117</gpxdata:hr>
     <gpxdata:distance>26071.00</gpxdata:distance>
     <gpxdata:speed>7.286</gpxdata:speed>
    </extensions>
   </trkpt>
   <trkpt lat="51.0620527" lon="13.7698723">
    <ele>110</ele>
    <time>2026-08-11T18:28:29Z</time>
    <extensions>
     <gpxdata:hr>118</gpxdata:hr>
     <gpxdata:distance>26078.50</gpxdata:distance>
     <gpxdata:speed>7.342</gpxdata:speed>
    </extensions>
   </trkpt>
   <trkpt lat="51.0620315" lon="13.7697696">
    <ele>110</ele>
    <time>2026-08-11T18:28:30Z</time>
    <extensions>
     <gpxdata:hr>118</gpxdata:hr>
     <gpxdata:distance>26086.00</gpxdata:distance>
     <gpxdata:speed>7.408</gpxdata:speed>
    </extensions>
   </trkpt>
   <trkpt lat="51.0620096" lon="13.7696672">
    <ele>110</ele>
    <time>2026-08-11T18:28:31Z</time>
    <extensions>
     <gpxdata:hr>118</gpxdata:hr>
     <gpxdata:distance>26093.50</gpxdata:distance>
     <gpxdata:speed>7.458</gpxdata:speed>
    </extensions>
   </trkpt>
   <trkpt lat="51.0619873" lon="13.7695652">
    <ele>110</ele>
    <time>2026-08-11T18:28:32Z</time>
    <extensions>
     <gpxdata:hr>119</gpxdata:hr>
     <gpxdata:distance>26101.00</gpxdata:distance>
     <gpxdata:speed>7.494</gpxdata:speed>
    </extensions>
   </trkpt>
   <trkpt lat="51.0619638" lon="13.7694647">
    <ele>110</ele>
    <time>2026-08-11T18:28:33Z</time>
    <extensions>
     <gpxdata:hr>120</gpxdata:hr>
     <gpxdata:distance>26108.50</gpxdata:distance>
     <gpxdata:speed>7.517</gpxdata:speed>
    </extensions>
   </trkpt>
   <trkpt lat="51.0619397" lon="13.7693659">
    <ele>110</ele>
    <time>2026-08-11T18:28:34Z</time>
    <extensions>
     <gpxdata:hr>120</gpxdata:hr>
     <gpxdata:distance>26116.00</gpxdata:distance>
     <gpxdata:speed>7.508</gpxdata:speed>
    </extensions>
   </trkpt>
   <trkpt lat="51.0619155" lon="13.7692678">
    <ele>110</ele>
    <time>2026-08-11T18:28:35Z</time>
    <extensions>
     <gpxdata:hr>120</gpxdata:hr>
     <gpxdata:distance>26123.50</gpxdata:distance>
     <gpxdata:speed>7.472</gpxdata:speed>
    </extensions>
   </trkpt>
   <trkpt lat="51.0618912" lon="13.7691698">
    <ele>110</ele>
    <time>2026-08-11T18:28:36Z</time>
    <extensions>
     <gpxdata:hr>119</gpxdata:hr>
     <gpxdata:distance>26131.00</gpxdata:distance>
     <gpxdata:speed>7.439</gpxdata:speed>
    </extensions>
   </trkpt>
   <trkpt lat="51.0618685" lon="13.7690707">
    <ele>110</ele>
    <time>2026-08-11T18:28:37Z</time>
    <extensions>
     <gpxdata:hr>119</gpxdata:hr>
     <gpxdata:distance>26138.00</gpxdata:distance>
     <gpxdata:speed>7.419</gpxdata:speed>
    </extensions>
   </trkpt>
   <trkpt lat="51.0618492" lon="13.7689692">
    <ele>110</ele>
    <time>2026-08-11T18:28:38Z</time>
    <extensions>
     <gpxdata:hr>119</gpxdata:hr>
     <gpxdata:distance>26145.00</gpxdata:distance>
     <gpxdata:speed>7.411</gpxdata:speed>
    </extensions>
   </trkpt>
   <trkpt lat="51.0618320" lon="13.7688667">
    <ele>110</ele>
    <time>2026-08-11T18:28:39Z</time>
    <extensions>
     <gpxdata:hr>119</gpxdata:hr>
     <gpxdata:distance>26152.50</gpxdata:distance>
     <gpxdata:speed>7.419</gpxdata:speed>
    </extensions>
   </trkpt>
   <trkpt lat="51.0618142" lon="13.7687644">
    <ele>110</ele>
    <time>2026-08-11T18:28:40Z</time>
    <extensions>
     <gpxdata:hr>119</gpxdata:hr>
     <gpxdata:distance>26160.00</gpxdata:distance>
     <gpxdata:speed>7.422</gpxdata:speed>
    </extensions>
   </trkpt>
   <trkpt lat="51.0617952" lon="13.7686630">
    <ele>110</ele>
    <time>2026-08-11T18:28:41Z</time>
    <extensions>
     <gpxdata:hr>119</gpxdata:hr>
     <gpxdata:distance>26167.50</gpxdata:distance>
     <gpxdata:speed>7.422</gpxdata:speed>
    </extensions>
   </trkpt>
   <trkpt lat="51.0617751" lon="13.7685626">
    <ele>110</ele>
    <time>2026-08-11T18:28:42Z</time>
    <extensions>
     <gpxdata:hr>120</gpxdata:hr>
     <gpxdata:distance>26175.00</gpxdata:distance>
     <gpxdata:speed>7.414</gpxdata:speed>
    </extensions>
   </trkpt>
   <trkpt lat="51.0617535" lon="13.7684638">
    <ele>110</ele>
    <time>2026-08-11T18:28:43Z</time>
    <extensions>
     <gpxdata:hr>120</gpxdata:hr>
     <gpxdata:distance>26182.50</gpxdata:distance>
     <gpxdata:speed>7.400</gpxdata:speed>
    </extensions>
   </trkpt>
   <trkpt lat="51.0617304" lon="13.7683662">
    <ele>110</ele>
    <time>2026-08-11T18:28:44Z</time>
    <extensions>
     <gpxdata:hr>119</gpxdata:hr>
     <gpxdata:distance>26190.00</gpxdata:distance>
     <gpxdata:speed>7.369</gpxdata:speed>
    </extensions>
   </trkpt>
   <trkpt lat="51.0617067" lon="13.7682695">
    <ele>110</ele>
    <time>2026-08-11T18:28:45Z</time>
    <extensions>
     <gpxdata:hr>119</gpxdata:hr>
     <gpxdata:distance>26197.00</gpxdata:distance>
     <gpxdata:speed>7.342</gpxdata:speed>
    </extensions>
   </trkpt>
   <trkpt lat="51.0616828" lon="13.7681728">
    <ele>110</ele>
    <time>2026-08-11T18:28:46Z</time>
    <extensions>
     <gpxdata:hr>119</gpxdata:hr>
     <gpxdata:distance>26204.00</gpxdata:distance>
     <gpxdata:speed>7.317</gpxdata:speed>
    </extensions>
   </trkpt>
   <trkpt lat="51.0616588" lon="13.7680764">
    <ele>110</ele>
    <time>2026-08-11T18:28:47Z</time>
    <extensions>
     <gpxdata:hr>118</gpxdata:hr>
     <gpxdata:distance>26211.50</gpxdata:distance>
     <gpxdata:speed>7.303</gpxdata:speed>
    </extensions>
   </trkpt>
   <trkpt lat="51.0616350" lon="13.7679804">
    <ele>110</ele>
    <time>2026-08-11T18:28:48Z</time>
    <extensions>
     <gpxdata:hr>119</gpxdata:hr>
     <gpxdata:distance>26219.00</gpxdata:distance>
     <gpxdata:speed>7.286</gpxdata:speed>
    </extensions>
   </trkpt>
   <trkpt lat="51.0616113" lon="13.7678847">
    <ele>110</ele>
    <time>2026-08-11T18:28:49Z</time>
    <extensions>
     <gpxdata:hr>118</gpxdata:hr>
     <gpxdata:distance>26226.00</gpxdata:distance>
     <gpxdata:speed>7.261</gpxdata:speed>
    </extensions>
   </trkpt>
   <trkpt lat="51.0615874" lon="13.7677899">
    <ele>110</ele>
    <time>2026-08-11T18:28:50Z</time>
    <extensions>
     <gpxdata:hr>118</gpxdata:hr>
     <gpxdata:distance>26233.00</gpxdata:distance>
     <gpxdata:speed>7.239</gpxdata:speed>
    </extensions>
   </trkpt>
   <trkpt lat="51.0615638" lon="13.7676958">
    <ele>110</ele>
    <time>2026-08-11T18:28:51Z</time>
    <extensions>
     <gpxdata:hr>117</gpxdata:hr>
     <gpxdata:distance>26240.00</gpxdata:distance>
     <gpxdata:speed>7.203</gpxdata:speed>
    </extensions>
   </trkpt>
   <trkpt lat="51.0615409" lon="13.7676020">
    <ele>110</ele>
    <time>2026-08-11T18:28:52Z</time>
    <extensions>
     <gpxdata:hr>117</gpxdata:hr>
     <gpxdata:distance>26247.00</gpxdata:distance>
     <gpxdata:speed>7.158</gpxdata:speed>
    </extensions>
   </trkpt>
   <trkpt lat="51.0615186" lon="13.7675090">
    <ele>110</ele>
    <time>2026-08-11T18:28:53Z</time>
    <extensions>
     <gpxdata:hr>116</gpxdata:hr>
     <gpxdata:distance>26254.00</gpxdata:distance>
     <gpxdata:speed>7.117</gpxdata:speed>
    </extensions>
   </trkpt>
   <trkpt lat="51.0614970" lon="13.7674195">
    <ele>110</ele>
    <time>2026-08-11T18:28:54Z</time>
    <extensions>
     <gpxdata:hr>116</gpxdata:hr>
     <gpxdata:distance>26261.00</gpxdata:distance>
     <gpxdata:speed>7.061</gpxdata:speed>
    </extensions>
   </trkpt>
   <trkpt lat="51.0614776" lon="13.7673380">
    <ele>110</ele>
    <time>2026-08-11T18:28:55Z</time>
    <extensions>
     <gpxdata:hr>115</gpxdata:hr>
     <gpxdata:distance>26267.00</gpxdata:distance>
     <gpxdata:speed>6.747</gpxdata:speed>
    </extensions>
   </trkpt>
   <trkpt lat="51.0614604" lon="13.7672667">
    <ele>110</ele>
    <time>2026-08-11T18:28:56Z</time>
    <extensions>
     <gpxdata:hr>114</gpxdata:hr>
     <gpxdata:distance>26273.00</gpxdata:distance>
     <gpxdata:speed>6.167</gpxdata:speed>
    </extensions>
   </trkpt>
   <trkpt lat="51.0614483" lon="13.7672195">
    <ele>110</ele>
    <time>2026-08-11T18:28:57Z</time>
    <extensions>
     <gpxdata:hr>113</gpxdata:hr>
     <gpxdata:distance>26278.00</gpxdata:distance>
     <gpxdata:speed>5.475</gpxdata:speed>
    </extensions>
   </trkpt>
   <trkpt lat="51.0614323" lon="13.7671580">
    <ele>110</ele>
    <time>2026-08-11T18:28:58Z</time>
    <extensions>
     <gpxdata:hr>111</gpxdata:hr>
     <gpxdata:distance>26283.00</gpxdata:distance>
     <gpxdata:speed>5.144</gpxdata:speed>
    </extensions>
   </trkpt>
   <trkpt lat="51.0614145" lon="13.7670879">
    <ele>110</ele>
    <time>2026-08-11T18:28:59Z</time>
    <extensions>
     <gpxdata:hr>110</gpxdata:hr>
     <gpxdata:distance>26288.50</gpxdata:distance>
     <gpxdata:speed>5.297</gpxdata:speed>
    </extensions>
   </trkpt>
   <trkpt lat="51.0613949" lon="13.7670113">
    <ele>110</ele>
    <time>2026-08-11T18:29:00Z</time>
    <extensions>
     <gpxdata:hr>110</gpxdata:hr>
     <gpxdata:distance>26294.00</gpxdata:distance>
     <gpxdata:speed>5.600</gpxdata:speed>
    </extensions>
   </trkpt>
   <trkpt lat="51.0613738" lon="13.7669297">
    <ele>110</ele>
    <time>2026-08-11T18:29:01Z</time>
    <extensions>
     <gpxdata:hr>110</gpxdata:hr>
     <gpxdata:distance>26300.50</gpxdata:distance>
     <gpxdata:speed>5.769</gpxdata:speed>
    </extensions>
   </trkpt>
   <trkpt lat="51.0613520" lon="13.7668445">
    <ele>109</ele>
    <time>2026-08-11T18:29:02Z</time>
    <extensions>
     <gpxdata:hr>110</gpxdata:hr>
     <gpxdata:distance>26307.00</gpxdata:distance>
     <gpxdata:speed>5.967</gpxdata:speed>
    </extensions>
   </trkpt>
   <trkpt lat="51.0613216" lon="13.7667292">
    <ele>109</ele>
    <time>2026-08-11T18:29:03Z</time>
    <extensions>
     <gpxdata:hr>111</gpxdata:hr>
     <gpxdata:distance>26313.50</gpxdata:distance>
     <gpxdata:speed>6.150</gpxdata:speed>
    </extensions>
   </trkpt>
   <trkpt lat="51.0612957" lon="13.7666391">
    <ele>109</ele>
    <time>2026-08-11T18:29:04Z</time>
    <extensions>
     <gpxdata:hr>111</gpxdata:hr>
     <gpxdata:distance>26320.00</gpxdata:distance>
     <gpxdata:speed>6.289</gpxdata:speed>
    </extensions>
   </trkpt>
   <trkpt lat="51.0612689" lon="13.7665522">
    <ele>109</ele>
    <time>2026-08-11T18:29:05Z</time>
    <extensions>
     <gpxdata:hr>112</gpxdata:hr>
     <gpxdata:distance>26327.00</gpxdata:distance>
     <gpxdata:speed>6.414</gpxdata:speed>
    </extensions>
   </trkpt>
   <trkpt lat="51.0612419" lon="13.7664652">
    <ele>109</ele>
    <time>2026-08-11T18:29:06Z</time>
    <extensions>
     <gpxdata:hr>113</gpxdata:hr>
     <gpxdata:distance>26334.00</gpxdata:distance>
     <gpxdata:speed>6.656</gpxdata:speed>
    </extensions>
   </trkpt>
   <trkpt lat="51.0612147" lon="13.7663772">
    <ele>109</ele>
    <time>2026-08-11T18:29:07Z</time>
    <extensions>
     <gpxdata:hr>114</gpxdata:hr>
     <gpxdata:distance>26340.50</gpxdata:distance>
     <gpxdata:speed>6.742</gpxdata:speed>
    </extensions>
   </trkpt>
   <trkpt lat="51.0611876" lon="13.7662884">
    <ele>109</ele>
    <time>2026-08-11T18:29:08Z</time>
    <extensions>
     <gpxdata:hr>114</gpxdata:hr>
     <gpxdata:distance>26347.00</gpxdata:distance>
     <gpxdata:speed>6.828</gpxdata:speed>
    </extensions>
   </trkpt>
   <trkpt lat="51.0611600" lon="13.7661997">
    <ele>109</ele>
    <time>2026-08-11T18:29:09Z</time>
    <extensions>
     <gpxdata:hr>113</gpxdata:hr>
     <gpxdata:distance>26354.00</gpxdata:distance>
     <gpxdata:speed>6.881</gpxdata:speed>
    </extensions>
   </trkpt>
   <trkpt lat="51.0611320" lon="13.7661112">
    <ele>109</ele>
    <time>2026-08-11T18:29:10Z</time>
    <extensions>
     <gpxdata:hr>112</gpxdata:hr>
     <gpxdata:distance>26361.00</gpxdata:distance>
     <gpxdata:speed>6.903</gpxdata:speed>
    </extensions>
   </trkpt>
   <trkpt lat="51.0611035" lon="13.7660231">
    <ele>109</ele>
    <time>2026-08-11T18:29:11Z</time>
    <extensions>
     <gpxdata:hr>112</gpxdata:hr>
     <gpxdata:distance>26368.00</gpxdata:distance>
     <gpxdata:speed>6.914</gpxdata:speed>
    </extensions>
   </trkpt>
   <trkpt lat="51.0610749" lon="13.7659358">
    <ele>109</ele>
    <time>2026-08-11T18:29:12Z</time>
    <extensions>
     <gpxdata:hr>111</gpxdata:hr>
     <gpxdata:distance>26375.00</gpxdata:distance>
     <gpxdata:speed>6.925</gpxdata:speed>
    </extensions>
   </trkpt>
   <trkpt lat="51.0610450" lon="13.7658491">
    <ele>109</ele>
    <time>2026-08-11T18:29:13Z</time>
    <extensions>
     <gpxdata:hr>111</gpxdata:hr>
     <gpxdata:distance>26382.00</gpxdata:distance>
     <gpxdata:speed>6.914</gpxdata:speed>
    </extensions>
   </trkpt>
   <trkpt lat="51.0610134" lon="13.7657638">
    <ele>109</ele>
    <time>2026-08-11T18:29:14Z</time>
    <extensions>
     <gpxdata:hr>112</gpxdata:hr>
     <gpxdata:distance>26389.00</gpxdata:distance>
     <gpxdata:speed>6.922</gpxdata:speed>
    </extensions>
   </trkpt>
   <trkpt lat="51.0609810" lon="13.7656784">
    <ele>109</ele>
    <time>2026-08-11T18:29:15Z</time>
    <extensions>
     <gpxdata:hr>113</gpxdata:hr>
     <gpxdata:distance>26396.00</gpxdata:distance>
     <gpxdata:speed>6.928</gpxdata:speed>
    </extensions>
   </trkpt>
   <trkpt lat="51.0609489" lon="13.7655922">
    <ele>109</ele>
    <time>2026-08-11T18:29:16Z</time>
    <extensions>
     <gpxdata:hr>113</gpxdata:hr>
     <gpxdata:distance>26403.00</gpxdata:distance>
     <gpxdata:speed>6.953</gpxdata:speed>
    </extensions>
   </trkpt>
   <trkpt lat="51.0609190" lon="13.7655049">
    <ele>109</ele>
    <time>2026-08-11T18:29:17Z</time>
    <extensions>
     <gpxdata:hr>114</gpxdata:hr>
     <gpxdata:distance>26410.00</gpxdata:distance>
     <gpxdata:speed>6.969</gpxdata:speed>
    </extensions>
   </trkpt>
   <trkpt lat="51.0608916" lon="13.7654184">
    <ele>109</ele>
    <time>2026-08-11T18:29:18Z</time>
    <extensions>
     <gpxdata:hr>115</gpxdata:hr>
     <gpxdata:distance>26417.00</gpxdata:distance>
     <gpxdata:speed>6.964</gpxdata:speed>
    </extensions>
   </trkpt>
   <trkpt lat="51.0608654" lon="13.7653336">
    <ele>109</ele>
    <time>2026-08-11T18:29:19Z</time>
    <extensions>
     <gpxdata:hr>115</gpxdata:hr>
     <gpxdata:distance>26423.50</gpxdata:distance>
     <gpxdata:speed>6.886</gpxdata:speed>
    </extensions>
   </trkpt>
   <trkpt lat="51.0608373" lon="13.7652531">
    <ele>109</ele>
    <time>2026-08-11T18:29:20Z</time>
    <extensions>
     <gpxdata:hr>115</gpxdata:hr>
     <gpxdata:distance>26430.00</gpxdata:distance>
     <gpxdata:speed>6.786</gpxdata:speed>
    </extensions>
   </trkpt>
   <trkpt lat="51.0608047" lon="13.7651781">
    <ele>109</ele>
    <time>2026-08-11T18:29:21Z</time>
    <extensions>
     <gpxdata:hr>115</gpxdata:hr>
     <gpxdata:distance>26436.50</gpxdata:distance>
     <gpxdata:speed>6.667</gpxdata:speed>
    </extensions>
   </trkpt>
   <trkpt lat="51.0607717" lon="13.7651012">
    <ele>109</ele>
    <time>2026-08-11T18:29:22Z</time>
    <extensions>
     <gpxdata:hr>115</gpxdata:hr>
     <gpxdata:distance>26443.00</gpxdata:distance>
     <gpxdata:speed>6.578</gpxdata:speed>
    </extensions>
   </trkpt>
   <trkpt lat="51.0607410" lon="13.7650174">
    <ele>109</ele>
    <time>2026-08-11T18:29:23Z</time>
    <extensions>
     <gpxdata:hr>112</gpxdata:hr>
     <gpxdata:distance>26449.50</gpxdata:distance>
     <gpxdata:speed>6.581</gpxdata:speed>
    </extensions>
   </trkpt>
   <trkpt lat="51.0607103" lon="13.7649287">
    <ele>109</ele>
    <time>2026-08-11T18:29:24Z</time>
    <extensions>
     <gpxdata:hr>112</gpxdata:hr>
     <gpxdata:distance>26456.00</gpxdata:distance>
     <gpxdata:speed>6.678</gpxdata:speed>
    </extensions>
   </trkpt>
   <trkpt lat="51.0606778" lon="13.7648386">
    <ele>109</ele>
    <time>2026-08-11T18:29:25Z</time>
    <extensions>
     <gpxdata:hr>113</gpxdata:hr>
     <gpxdata:distance>26463.50</gpxdata:distance>
     <gpxdata:speed>6.833</gpxdata:speed>
    </extensions>
   </trkpt>
   <trkpt lat="51.0606435" lon="13.7647485">
    <ele>109</ele>
    <time>2026-08-11T18:29:26Z</time>
    <extensions>
     <gpxdata:hr>112</gpxdata:hr>
     <gpxdata:distance>26471.00</gpxdata:distance>
     <gpxdata:speed>6.981</gpxdata:speed>
    </extensions>
   </trkpt>
   <trkpt lat="51.0606076" lon="13.7646597">
    <ele>109</ele>
    <time>2026-08-11T18:29:27Z</time>
    <extensions>
     <gpxdata:hr>113</gpxdata:hr>
     <gpxdata:distance>26478.50</gpxdata:distance>
     <gpxdata:speed>7.106</gpxdata:speed>
    </extensions>
   </trkpt>
   <trkpt lat="51.0605698" lon="13.7645727">
    <ele>109</ele>
    <time>2026-08-11T18:29:28Z</time>
    <extensions>
     <gpxdata:hr>114</gpxdata:hr>
     <gpxdata:distance>26486.00</gpxdata:distance>
     <gpxdata:speed>7.194</gpxdata:speed>
    </extensions>
   </trkpt>
   <trkpt lat="51.0605318" lon="13.7644853">
    <ele>109</ele>
    <time>2026-08-11T18:29:29Z</time>
    <extensions>
     <gpxdata:hr>116</gpxdata:hr>
     <gpxdata:distance>26493.00</gpxdata:distance>
     <gpxdata:speed>7.267</gpxdata:speed>
    </extensions>
   </trkpt>
   <trkpt lat="51.0604962" lon="13.7643953">
    <ele>109</ele>
    <time>2026-08-11T18:29:30Z</time>
    <extensions>
     <gpxdata:hr>117</gpxdata:hr>
     <gpxdata:distance>26500.00</gpxdata:distance>
     <gpxdata:speed>7.392</gpxdata:speed>
    </extensions>
   </trkpt>
   <trkpt lat="51.0604624" lon="13.7643043">
    <ele>109</ele>
    <time>2026-08-11T18:29:31Z</time>
    <extensions>
     <gpxdata:hr>117</gpxdata:hr>
     <gpxdata:distance>26507.50</gpxdata:distance>
     <gpxdata:speed>7.431</gpxdata:speed>
    </extensions>
   </trkpt>
   <trkpt lat="51.0604282" lon="13.7642137">
    <ele>109</ele>
    <time>2026-08-11T18:29:32Z</time>
    <extensions>
     <gpxdata:hr>117</gpxdata:hr>
     <gpxdata:distance>26515.00</gpxdata:distance>
     <gpxdata:speed>7.400</gpxdata:speed>
    </extensions>
   </trkpt>
   <trkpt lat="51.0603928" lon="13.7641238">
    <ele>109</ele>
    <time>2026-08-11T18:29:33Z</time>
    <extensions>
     <gpxdata:hr>116</gpxdata:hr>
     <gpxdata:distance>26522.50</gpxdata:distance>
     <gpxdata:speed>7.400</gpxdata:speed>
    </extensions>
   </trkpt>
   <trkpt lat="51.0603567" lon="13.7640350">
    <ele>109</ele>
    <time>2026-08-11T18:29:34Z</time>
    <extensions>
     <gpxdata:hr>116</gpxdata:hr>
     <gpxdata:distance>26530.00</gpxdata:distance>
     <gpxdata:speed>7.431</gpxdata:speed>
    </extensions>
   </trkpt>
   <trkpt lat="51.0603208" lon="13.7639475">
    <ele>109</ele>
    <time>2026-08-11T18:29:35Z</time>
    <extensions>
     <gpxdata:hr>115</gpxdata:hr>
     <gpxdata:distance>26537.50</gpxdata:distance>
     <gpxdata:speed>7.408</gpxdata:speed>
    </extensions>
   </trkpt>
   <trkpt lat="51.0602849" lon="13.7638617">
    <ele>109</ele>
    <time>2026-08-11T18:29:36Z</time>
    <extensions>
     <gpxdata:hr>115</gpxdata:hr>
     <gpxdata:distance>26545.00</gpxdata:distance>
     <gpxdata:speed>7.361</gpxdata:speed>
    </extensions>
   </trkpt>
   <trkpt lat="51.0602488" lon="13.7637781">
    <ele>109</ele>
    <time>2026-08-11T18:29:37Z</time>
    <extensions>
     <gpxdata:hr>114</gpxdata:hr>
     <gpxdata:distance>26552.00</gpxdata:distance>
     <gpxdata:speed>7.300</gpxdata:speed>
    </extensions>
   </trkpt>
   <trkpt lat="51.0602128" lon="13.7636948">
    <ele>109</ele>
    <time>2026-08-11T18:29:38Z</time>
    <extensions>
     <gpxdata:hr>113</gpxdata:hr>
     <gpxdata:distance>26559.00</gpxdata:distance>
     <gpxdata:speed>7.228</gpxdata:speed>
    </extensions>
   </trkpt>
   <trkpt lat="51.0601767" lon="13.7636101">
    <ele>109</ele>
    <time>2026-08-11T18:29:39Z</time>
    <extensions>
     <gpxdata:hr>113</gpxdata:hr>
     <gpxdata:distance>26566.00</gpxdata:distance>
     <gpxdata:speed>7.178</gpxdata:speed>
    </extensions>
   </trkpt>
   <trkpt lat="51.0601402" lon="13.7635227">
    <ele>109</ele>
    <time>2026-08-11T18:29:40Z</time>
    <extensions>
     <gpxdata:hr>113</gpxdata:hr>
     <gpxdata:distance>26573.00</gpxdata:distance>
     <gpxdata:speed>7.178</gpxdata:speed>
    </extensions>
   </trkpt>
   <trkpt lat="51.0601028" lon="13.7634339">
    <ele>109</ele>
    <time>2026-08-11T18:29:41Z</time>
    <extensions>
     <gpxdata:hr>113</gpxdata:hr>
     <gpxdata:distance>26580.50</gpxdata:distance>
     <gpxdata:speed>7.250</gpxdata:speed>
    </extensions>
   </trkpt>
   <trkpt lat="51.0600654" lon="13.7633436">
    <ele>109</ele>
    <time>2026-08-11T18:29:42Z</time>
    <extensions>
     <gpxdata:hr>113</gpxdata:hr>
     <gpxdata:distance>26588.00</gpxdata:distance>
     <gpxdata:speed>7.328</gpxdata:speed>
    </extensions>
   </trkpt>
   <trkpt lat="51.0600278" lon="13.7632527">
    <ele>109</ele>
    <time>2026-08-11T18:29:43Z</time>
    <extensions>
     <gpxdata:hr>113</gpxdata:hr>
     <gpxdata:distance>26595.50</gpxdata:distance>
     <gpxdata:speed>7.406</gpxdata:speed>
    </extensions>
   </trkpt>
   <trkpt lat="51.0599901" lon="13.7631614">
    <ele>109</ele>
    <time>2026-08-11T18:29:44Z</time>
    <extensions>
     <gpxdata:hr>114</gpxdata:hr>
     <gpxdata:distance>26603.00</gpxdata:distance>
     <gpxdata:speed>7.469</gpxdata:speed>
    </extensions>
   </trkpt>
   <trkpt lat="51.0599515" lon="13.7630704">
    <ele>109</ele>
    <time>2026-08-11T18:29:45Z</time>
    <extensions>
     <gpxdata:hr>114</gpxdata:hr>
     <gpxdata:distance>26611.00</gpxdata:distance>
     <gpxdata:speed>7.528</gpxdata:speed>
    </extensions>
   </trkpt>
   <trkpt lat="51.0599121" lon="13.7629808">
    <ele>108</ele>
    <time>2026-08-11T18:29:46Z</time>
    <extensions>
     <gpxdata:hr>113</gpxdata:hr>
     <gpxdata:distance>26619.00</gpxdata:distance>
     <gpxdata:speed>7.581</gpxdata:speed>
    </extensions>
   </trkpt>
   <trkpt lat="51.0598718" lon="13.7628937">
    <ele>108</ele>
    <time>2026-08-11T18:29:47Z</time>
    <extensions>
     <gpxdata:hr>113</gpxdata:hr>
     <gpxdata:distance>26626.50</gpxdata:distance>
     <gpxdata:speed>7.603</gpxdata:speed>
    </extensions>
   </trkpt>
   <trkpt lat="51.0598309" lon="13.7628093">
    <ele>108</ele>
    <time>2026-08-11T18:29:48Z</time>
    <extensions>
     <gpxdata:hr>114</gpxdata:hr>
     <gpxdata:distance>26634.00</gpxdata:distance>
     <gpxdata:speed>7.586</gpxdata:speed>
    </extensions>
   </trkpt>
   <trkpt lat="51.0597901" lon="13.7627265">
    <ele>108</ele>
    <time>2026-08-11T18:29:49Z</time>
    <extensions>
     <gpxdata:hr>114</gpxdata:hr>
     <gpxdata:distance>26641.50</gpxdata:distance>
     <gpxdata:speed>7.542</gpxdata:speed>
    </extensions>
   </trkpt>
   <trkpt lat="51.0597501" lon="13.7626440">
    <ele>108</ele>
    <time>2026-08-11T18:29:50Z</time>
    <extensions>
     <gpxdata:hr>113</gpxdata:hr>
     <gpxdata:distance>26649.00</gpxdata:distance>
     <gpxdata:speed>7.481</gpxdata:speed>
    </extensions>
   </trkpt>
   <trkpt lat="51.0597105" lon="13.7625622">
    <ele>108</ele>
    <time>2026-08-11T18:29:51Z</time>
    <extensions>
     <gpxdata:hr>114</gpxdata:hr>
     <gpxdata:distance>26656.00</gpxdata:distance>
     <gpxdata:speed>7.417</gpxdata:speed>
    </extensions>
   </trkpt>
   <trkpt lat="51.0596703" lon="13.7624813">
    <ele>108</ele>
    <time>2026-08-11T18:29:52Z</time>
    <extensions>
     <gpxdata:hr>114</gpxdata:hr>
     <gpxdata:distance>26663.00</gpxdata:distance>
     <gpxdata:speed>7.353</gpxdata:speed>
    </extensions>
   </trkpt>
   <trkpt lat="51.0596302" lon="13.7624010">
    <ele>108</ele>
    <time>2026-08-11T18:29:53Z</time>
    <extensions>
     <gpxdata:hr>113</gpxdata:hr>
     <gpxdata:distance>26670.00</gpxdata:distance>
     <gpxdata:speed>7.306</gpxdata:speed>
    </extensions>
   </trkpt>
   <trkpt lat="51.0595903" lon="13.7623211">
    <ele>108</ele>
    <time>2026-08-11T18:29:54Z</time>
    <extensions>
     <gpxdata:hr>113</gpxdata:hr>
     <gpxdata:distance>26677.00</gpxdata:distance>
     <gpxdata:speed>7.261</gpxdata:speed>
    </extensions>
   </trkpt>
   <trkpt lat="51.0595500" lon="13.7622413">
    <ele>108</ele>
    <time>2026-08-11T18:29:55Z</time>
    <extensions>
     <gpxdata:hr>114</gpxdata:hr>
     <gpxdata:distance>26684.50</gpxdata:distance>
     <gpxdata:speed>7.214</gpxdata:speed>
    </extensions>
   </trkpt>
   <trkpt lat="51.0595090" lon="13.7621611">
    <ele>108</ele>
    <time>2026-08-11T18:29:56Z</time>
    <extensions>
     <gpxdata:hr>114</gpxdata:hr>
     <gpxdata:distance>26692.00</gpxdata:distance>
     <gpxdata:speed>7.200</gpxdata:speed>
    </extensions>
   </trkpt>
   <trkpt lat="51.0594683" lon="13.7620804">
    <ele>108</ele>
    <time>2026-08-11T18:29:57Z</time>
    <extensions>
     <gpxdata:hr>113</gpxdata:hr>
     <gpxdata:distance>26699.00</gpxdata:distance>
     <gpxdata:speed>7.211</gpxdata:speed>
    </extensions>
   </trkpt>
   <trkpt lat="51.0594279" lon="13.7619994">
    <ele>108</ele>
    <time>2026-08-11T18:29:58Z</time>
    <extensions>
     <gpxdata:hr>113</gpxdata:hr>
     <gpxdata:distance>26706.00</gpxdata:distance>
     <gpxdata:speed>7.214</gpxdata:speed>
    </extensions>
   </trkpt>
   <trkpt lat="51.0593873" lon="13.7619185">
    <ele>108</ele>
    <time>2026-08-11T18:29:59Z</time>
    <extensions>
     <gpxdata:hr>112</gpxdata:hr>
     <gpxdata:distance>26713.50</gpxdata:distance>
     <gpxdata:speed>7.219</gpxdata:speed>
    </extensions>
   </trkpt>
   <trkpt lat="51.0593462" lon="13.7618377">
    <ele>108</ele>
    <time>2026-08-11T18:30:00Z</time>
    <extensions>
     <gpxdata:hr>112</gpxdata:hr>
     <gpxdata:distance>26721.00</gpxdata:distance>
     <gpxdata:speed>7.225</gpxdata:speed>
    </extensions>
   </trkpt>
   <trkpt lat="51.0593047" lon="13.7617570">
    <ele>108</ele>
    <time>2026-08-11T18:30:01Z</time>
    <extensions>
     <gpxdata:hr>113</gpxdata:hr>
     <gpxdata:distance>26728.00</gpxdata:distance>
     <gpxdata:speed>7.244</gpxdata:speed>
    </extensions>
   </trkpt>
   <trkpt lat="51.0592631" lon="13.7616767">
    <ele>108</ele>
    <time>2026-08-11T18:30:02Z</time>
    <extensions>
     <gpxdata:hr>113</gpxdata:hr>
     <gpxdata:distance>26735.00</gpxdata:distance>
     <gpxdata:speed>7.261</gpxdata:speed>
    </extensions>
   </trkpt>
   <trkpt lat="51.0592209" lon="13.7615980">
    <ele>108</ele>
    <time>2026-08-11T18:30:03Z</time>
    <extensions>
     <gpxdata:hr>113</gpxdata:hr>
     <gpxdata:distance>26742.50</gpxdata:distance>
     <gpxdata:speed>7.267</gpxdata:speed>
    </extensions>
   </trkpt>
   <trkpt lat="51.0591778" lon="13.7615204">
    <ele>108</ele>
    <time>2026-08-11T18:30:04Z</time>
    <extensions>
     <gpxdata:hr>114</gpxdata:hr>
     <gpxdata:distance>26750.00</gpxdata:distance>
     <gpxdata:speed>7.253</gpxdata:speed>
    </extensions>
   </trkpt>
   <trkpt lat="51.0591344" lon="13.7614436">
    <ele>108</ele>
    <time>2026-08-11T18:30:05Z</time>
    <extensions>
     <gpxdata:hr>113</gpxdata:hr>
     <gpxdata:distance>26757.00</gpxdata:distance>
     <gpxdata:speed>7.250</gpxdata:speed>
    </extensions>
   </trkpt>
   <trkpt lat="51.0590917" lon="13.7613657">
    <ele>108</ele>
    <time>2026-08-11T18:30:06Z</time>
    <extensions>
     <gpxdata:hr>113</gpxdata:hr>
     <gpxdata:distance>26764.00</gpxdata:distance>
     <gpxdata:speed>7.244</gpxdata:speed>
    </extensions>
   </trkpt>
   <trkpt lat="51.0590502" lon="13.7612860">
    <ele>108</ele>
    <time>2026-08-11T18:30:07Z</time>
    <extensions>
     <gpxdata:hr>112</gpxdata:hr>
     <gpxdata:distance>26771.50</gpxdata:distance>
     <gpxdata:speed>7.244</gpxdata:speed>
    </extensions>
   </trkpt>
   <trkpt lat="51.0590092" lon="13.7612051">
    <ele>108</ele>
    <time>2026-08-11T18:30:08Z</time>
    <extensions>
     <gpxdata:hr>113</gpxdata:hr>
     <gpxdata:distance>26779.00</gpxdata:distance>
     <gpxdata:speed>7.244</gpxdata:speed>
    </extensions>
   </trkpt>
   <trkpt lat="51.0589689" lon="13.7611237">
    <ele>108</ele>
    <time>2026-08-11T18:30:09Z</time>
    <extensions>
     <gpxdata:hr>113</gpxdata:hr>
     <gpxdata:distance>26786.00</gpxdata:distance>
     <gpxdata:speed>7.256</gpxdata:speed>
    </extensions>
   </trkpt>
   <trkpt lat="51.0589290" lon="13.7610418">
    <ele>108</ele>
    <time>2026-08-11T18:30:10Z</time>
    <extensions>
     <gpxdata:hr>113</gpxdata:hr>
     <gpxdata:distance>26793.00</gpxdata:distance>
     <gpxdata:speed>7.253</gpxdata:speed>
    </extensions>
   </trkpt>
   <trkpt lat="51.0588901" lon="13.7609584">
    <ele>108</ele>
    <time>2026-08-11T18:30:11Z</time>
    <extensions>
     <gpxdata:hr>113</gpxdata:hr>
     <gpxdata:distance>26800.50</gpxdata:distance>
     <gpxdata:speed>7.250</gpxdata:speed>
    </extensions>
   </trkpt>
   <trkpt lat="51.0588517" lon="13.7608741">
    <ele>108</ele>
    <time>2026-08-11T18:30:12Z</time>
    <extensions>
     <gpxdata:hr>113</gpxdata:hr>
     <gpxdata:distance>26808.00</gpxdata:distance>
     <gpxdata:speed>7.256</gpxdata:speed>
    </extensions>
   </trkpt>
   <trkpt lat="51.0588126" lon="13.7607904">
    <ele>108</ele>
    <time>2026-08-11T18:30:13Z</time>
    <extensions>
     <gpxdata:hr>114</gpxdata:hr>
     <gpxdata:distance>26815.00</gpxdata:distance>
     <gpxdata:speed>7.269</gpxdata:speed>
    </extensions>
   </trkpt>
   <trkpt lat="51.0587727" lon="13.7607076">
    <ele>108</ele>
    <time>2026-08-11T18:30:14Z</time>
    <extensions>
     <gpxdata:hr>114</gpxdata:hr>
     <gpxdata:distance>26822.00</gpxdata:distance>
     <gpxdata:speed>7.278</gpxdata:speed>
    </extensions>
   </trkpt>
   <trkpt lat="51.0587324" lon="13.7606248">
    <ele>108</ele>
    <time>2026-08-11T18:30:15Z</time>
    <extensions>
     <gpxdata:hr>113</gpxdata:hr>
     <gpxdata:distance>26829.50</gpxdata:distance>
     <gpxdata:speed>7.286</gpxdata:speed>
    </extensions>
   </trkpt>
   <trkpt lat="51.0586918" lon="13.7605420">
    <ele>108</ele>
    <time>2026-08-11T18:30:16Z</time>
    <extensions>
     <gpxdata:hr>114</gpxdata:hr>
     <gpxdata:distance>26837.00</gpxdata:distance>
     <gpxdata:speed>7.300</gpxdata:speed>
    </extensions>
   </trkpt>
   <trkpt lat="51.0586510" lon="13.7604594">
    <ele>108</ele>
    <time>2026-08-11T18:30:17Z</time>
    <extensions>
     <gpxdata:hr>113</gpxdata:hr>
     <gpxdata:distance>26844.50</gpxdata:distance>
     <gpxdata:speed>7.317</gpxdata:speed>
    </extensions>
   </trkpt>
   <trkpt lat="51.0586099" lon="13.7603770">
    <ele>108</ele>
    <time>2026-08-11T18:30:18Z</time>
    <extensions>
     <gpxdata:hr>113</gpxdata:hr>
     <gpxdata:distance>26852.00</gpxdata:distance>
     <gpxdata:speed>7.325</gpxdata:speed>
    </extensions>
   </trkpt>
   <trkpt lat="51.0585687" lon="13.7602947">
    <ele>108</ele>
    <time>2026-08-11T18:30:19Z</time>
    <extensions>
     <gpxdata:hr>112</gpxdata:hr>
     <gpxdata:distance>26859.50</gpxdata:distance>
     <gpxdata:speed>7.339</gpxdata:speed>
    </extensions>
   </trkpt>
   <trkpt lat="51.0585278" lon="13.7602130">
    <ele>108</ele>
    <time>2026-08-11T18:30:20Z</time>
    <extensions>
     <gpxdata:hr>113</gpxdata:hr>
     <gpxdata:distance>26867.00</gpxdata:distance>
     <gpxdata:speed>7.344</gpxdata:speed>
    </extensions>
   </trkpt>
   <trkpt lat="51.0584872" lon="13.7601311">
    <ele>108</ele>
    <time>2026-08-11T18:30:21Z</time>
    <extensions>
     <gpxdata:hr>113</gpxdata:hr>
     <gpxdata:distance>26874.00</gpxdata:distance>
     <gpxdata:speed>7.331</gpxdata:speed>
    </extensions>
   </trkpt>
   <trkpt lat="51.0584462" lon="13.7600491">
    <ele>108</ele>
    <time>2026-08-11T18:30:22Z</time>
    <extensions>
     <gpxdata:hr>112</gpxdata:hr>
     <gpxdata:distance>26881.00</gpxdata:distance>
     <gpxdata:speed>7.319</gpxdata:speed>
    </extensions>
   </trkpt>
   <trkpt lat="51.0584053" lon="13.7599665">
    <ele>108</ele>
    <time>2026-08-11T18:30:23Z</time>
    <extensions>
     <gpxdata:hr>113</gpxdata:hr>
     <gpxdata:distance>26888.50</gpxdata:distance>
     <gpxdata:speed>7.328</gpxdata:speed>
    </extensions>
   </trkpt>
   <trkpt lat="51.0583648" lon="13.7598837">
    <ele>108</ele>
    <time>2026-08-11T18:30:24Z</time>
    <extensions>
     <gpxdata:hr>112</gpxdata:hr>
     <gpxdata:distance>26896.00</gpxdata:distance>
     <gpxdata:speed>7.339</gpxdata:speed>
    </extensions>
   </trkpt>
   <trkpt lat="51.0583244" lon="13.7598012">
    <ele>108</ele>
    <time>2026-08-11T18:30:25Z</time>
    <extensions>
     <gpxdata:hr>111</gpxdata:hr>
     <gpxdata:distance>26903.00</gpxdata:distance>
     <gpxdata:speed>7.339</gpxdata:speed>
    </extensions>
   </trkpt>
   <trkpt lat="51.0582836" lon="13.7597192">
    <ele>108</ele>
    <time>2026-08-11T18:30:26Z</time>
    <extensions>
     <gpxdata:hr>110</gpxdata:hr>
     <gpxdata:distance>26910.00</gpxdata:distance>
     <gpxdata:speed>7.331</gpxdata:speed>
    </extensions>
   </trkpt>
   <trkpt lat="51.0582419" lon="13.7596370">
    <ele>108</ele>
    <time>2026-08-11T18:30:27Z</time>
    <extensions>
     <gpxdata:hr>111</gpxdata:hr>
     <gpxdata:distance>26917.50</gpxdata:distance>
     <gpxdata:speed>7.328</gpxdata:speed>
    </extensions>
   </trkpt>
   <trkpt lat="51.0582000" lon="13.7595546">
    <ele>108</ele>
    <time>2026-08-11T18:30:28Z</time>
    <extensions>
     <gpxdata:hr>111</gpxdata:hr>
     <gpxdata:distance>26925.00</gpxdata:distance>
     <gpxdata:speed>7.353</gpxdata:speed>
    </extensions>
   </trkpt>
   <trkpt lat="51.0581581" lon="13.7594720">
    <ele>108</ele>
    <time>2026-08-11T18:30:29Z</time>
    <extensions>
     <gpxdata:hr>110</gpxdata:hr>
     <gpxdata:distance>26932.50</gpxdata:distance>
     <gpxdata:speed>7.378</gpxdata:speed>
    </extensions>
   </trkpt>
   <trkpt lat="51.0581146" lon="13.7593912">
    <ele>108</ele>
    <time>2026-08-11T18:30:30Z</time>
    <extensions>
     <gpxdata:hr>110</gpxdata:hr>
     <gpxdata:distance>26940.00</gpxdata:distance>
     <gpxdata:speed>7.392</gpxdata:speed>
    </extensions>
   </trkpt>
   <trkpt lat="51.0580691" lon="13.7593129">
    <ele>108</ele>
    <time>2026-08-11T18:30:31Z</time>
    <extensions>
     <gpxdata:hr>111</gpxdata:hr>
     <gpxdata:distance>26947.50</gpxdata:distance>
     <gpxdata:speed>7.411</gpxdata:speed>
    </extensions>
   </trkpt>
   <trkpt lat="51.0580229" lon="13.7592356">
    <ele>108</ele>
    <time>2026-08-11T18:30:32Z</time>
    <extensions>
     <gpxdata:hr>112</gpxdata:hr>
     <gpxdata:distance>26955.00</gpxdata:distance>
     <gpxdata:speed>7.431</gpxdata:speed>
    </extensions>
   </trkpt>
   <trkpt lat="51.0579780" lon="13.7591576">
    <ele>108</ele>
    <time>2026-08-11T18:30:33Z</time>
    <extensions>
     <gpxdata:hr>112</gpxdata:hr>
     <gpxdata:distance>26962.50</gpxdata:distance>
     <gpxdata:speed>7.439</gpxdata:speed>
    </extensions>
   </trkpt>
   <trkpt lat="51.0579352" lon="13.7590778">
    <ele>108</ele>
    <time>2026-08-11T18:30:34Z</time>
    <extensions>
     <gpxdata:hr>112</gpxdata:hr>
     <gpxdata:distance>26970.00</gpxdata:distance>
     <gpxdata:speed>7.422</gpxdata:speed>
    </extensions>
   </trkpt>
   <trkpt lat="51.0578943" lon="13.7589960">
    <ele>108</ele>
    <time>2026-08-11T18:30:35Z</time>
    <extensions>
     <gpxdata:hr>113</gpxdata:hr>
     <gpxdata:distance>26977.00</gpxdata:distance>
     <gpxdata:speed>7.394</gpxdata:speed>
    </extensions>
   </trkpt>
   <trkpt lat="51.0578540" lon="13.7589129">
    <ele>108</ele>
    <time>2026-08-11T18:30:36Z</time>
    <extensions>
     <gpxdata:hr>113</gpxdata:hr>
     <gpxdata:distance>26984.00</gpxdata:distance>
     <gpxdata:speed>7.369</gpxdata:speed>
    </extensions>
   </trkpt>
   <trkpt lat="51.0578143" lon="13.7588294">
    <ele>108</ele>
    <time>2026-08-11T18:30:37Z</time>
    <extensions>
     <gpxdata:hr>112</gpxdata:hr>
     <gpxdata:distance>26991.50</gpxdata:distance>
     <gpxdata:speed>7.364</gpxdata:speed>
    </extensions>
   </trkpt>
   <trkpt lat="51.0577749" lon="13.7587459">
    <ele>108</ele>
    <time>2026-08-11T18:30:38Z</time>
    <extensions>
     <gpxdata:hr>112</gpxdata:hr>
     <gpxdata:distance>26999.00</gpxdata:distance>
     <gpxdata:speed>7.350</gpxdata:speed>
    </extensions>
   </trkpt>
   <trkpt lat="51.0577353" lon="13.7586629">
    <ele>108</ele>
    <time>2026-08-11T18:30:39Z</time>
    <extensions>
     <gpxdata:hr>112</gpxdata:hr>
     <gpxdata:distance>27006.50</gpxdata:distance>
     <gpxdata:speed>7.333</gpxdata:speed>
    </extensions>
   </trkpt>
   <trkpt lat="51.0576956" lon="13.7585798">
    <ele>108</ele>
    <time>2026-08-11T18:30:40Z</time>
    <extensions>
     <gpxdata:hr>111</gpxdata:hr>
     <gpxdata:distance>27014.00</gpxdata:distance>
     <gpxdata:speed>7.319</gpxdata:speed>
    </extensions>
   </trkpt>
   <trkpt lat="51.0576558" lon="13.7584967">
    <ele>108</ele>
    <time>2026-08-11T18:30:41Z</time>
    <extensions>
     <gpxdata:hr>111</gpxdata:hr>
     <gpxdata:distance>27021.00</gpxdata:distance>
     <gpxdata:speed>7.317</gpxdata:speed>
    </extensions>
   </trkpt>
   <trkpt lat="51.0576162" lon="13.7584136">
    <ele>108</ele>
    <time>2026-08-11T18:30:42Z</time>
    <extensions>
     <gpxdata:hr>111</gpxdata:hr>
     <gpxdata:distance>27028.00</gpxdata:distance>
     <gpxdata:speed>7.311</gpxdata:speed>
    </extensions>
   </trkpt>
   <trkpt lat="51.0575762" lon="13.7583300">
    <ele>108</ele>
    <time>2026-08-11T18:30:43Z</time>
    <extensions>
     <gpxdata:hr>112</gpxdata:hr>
     <gpxdata:distance>27035.50</gpxdata:distance>
     <gpxdata:speed>7.308</gpxdata:speed>
    </extensions>
   </trkpt>
   <trkpt lat="51.0575360" lon="13.7582460">
    <ele>108</ele>
    <time>2026-08-11T18:30:44Z</time>
    <extensions>
     <gpxdata:hr>112</gpxdata:hr>
     <gpxdata:distance>27043.00</gpxdata:distance>
     <gpxdata:speed>7.325</gpxdata:speed>
    </extensions>
   </trkpt>
   <trkpt lat="51.0574956" lon="13.7581614">
    <ele>108</ele>
    <time>2026-08-11T18:30:45Z</time>
    <extensions>
     <gpxdata:hr>112</gpxdata:hr>
     <gpxdata:distance>27050.50</gpxdata:distance>
     <gpxdata:speed>7.347</gpxdata:speed>
    </extensions>
   </trkpt>
   <trkpt lat="51.0574552" lon="13.7580765">
    <ele>108</ele>
    <time>2026-08-11T18:30:46Z</time>
    <extensions>
     <gpxdata:hr>112</gpxdata:hr>
     <gpxdata:distance>27058.00</gpxdata:distance>
     <gpxdata:speed>7.378</gpxdata:speed>
    </extensions>
   </trkpt>
   <trkpt lat="51.0574146" lon="13.7579915">
    <ele>108</ele>
    <time>2026-08-11T18:30:47Z</time>
    <extensions>
     <gpxdata:hr>111</gpxdata:hr>
     <gpxdata:distance>27065.50</gpxdata:distance>
     <gpxdata:speed>7.400</gpxdata:speed>
    </extensions>
   </trkpt>
   <trkpt lat="51.0573737" lon="13.7579071">
    <ele>108</ele>
    <time>2026-08-11T18:30:48Z</time>
    <extensions>
     <gpxdata:hr>111</gpxdata:hr>
     <gpxdata:distance>27073.00</gpxdata:distance>
     <gpxdata:speed>7.425</gpxdata:speed>
    </extensions>
   </trkpt>
   <trkpt lat="51.0573330" lon="13.7578231">
    <ele>108</ele>
    <time>2026-08-11T18:30:49Z</time>
    <extensions>
     <gpxdata:hr>111</gpxdata:hr>
     <gpxdata:distance>27080.50</gpxdata:distance>
     <gpxdata:speed>7.433</gpxdata:speed>
    </extensions>
   </trkpt>
   <trkpt lat="51.0572926" lon="13.7577393">
    <ele>108</ele>
    <time>2026-08-11T18:30:50Z</time>
    <extensions>
     <gpxdata:hr>111</gpxdata:hr>
     <gpxdata:distance>27088.00</gpxdata:distance>
     <gpxdata:speed>7.428</gpxdata:speed>
    </extensions>
   </trkpt>
   <trkpt lat="51.0572520" lon="13.7576558">
    <ele>108</ele>
    <time>2026-08-11T18:30:51Z</time>
    <extensions>
     <gpxdata:hr>111</gpxdata:hr>
     <gpxdata:distance>27095.00</gpxdata:distance>
     <gpxdata:speed>7.414</gpxdata:speed>
    </extensions>
   </trkpt>
   <trkpt lat="51.0572113" lon="13.7575720">
    <ele>108</ele>
    <time>2026-08-11T18:30:52Z</time>
    <extensions>
     <gpxdata:hr>111</gpxdata:hr>
     <gpxdata:distance>27102.00</gpxdata:distance>
     <gpxdata:speed>7.406</gpxdata:speed>
    </extensions>
   </trkpt>
   <trkpt lat="51.0571707" lon="13.7574874">
    <ele>108</ele>
    <time>2026-08-11T18:30:53Z</time>
    <extensions>
     <gpxdata:hr>112</gpxdata:hr>
     <gpxdata:distance>27109.50</gpxdata:distance>
     <gpxdata:speed>7.411</gpxdata:speed>
    </extensions>
   </trkpt>
   <trkpt lat="51.0571304" lon="13.7574022">
    <ele>108</ele>
    <time>2026-08-11T18:30:54Z</time>
    <extensions>
     <gpxdata:hr>112</gpxdata:hr>
     <gpxdata:distance>27117.00</gpxdata:distance>
     <gpxdata:speed>7.425</gpxdata:speed>
    </extensions>
   </trkpt>
   <trkpt lat="51.0570907" lon="13.7573164">
    <ele>108</ele>
    <time>2026-08-11T18:30:55Z</time>
    <extensions>
     <gpxdata:hr>112</gpxdata:hr>
     <gpxdata:distance>27124.50</gpxdata:distance>
     <gpxdata:speed>7.436</gpxdata:speed>
    </extensions>
   </trkpt>
   <trkpt lat="51.0570518" lon="13.7572302">
    <ele>108</ele>
    <time>2026-08-11T18:30:56Z</time>
    <extensions>
     <gpxdata:hr>112</gpxdata:hr>
     <gpxdata:distance>27132.00</gpxdata:distance>
     <gpxdata:speed>7.444</gpxdata:speed>
    </extensions>
   </trkpt>
   <trkpt lat="51.0570133" lon="13.7571444">
    <ele>108</ele>
    <time>2026-08-11T18:30:57Z</time>
    <extensions>
     <gpxdata:hr>111</gpxdata:hr>
     <gpxdata:distance>27139.50</gpxdata:distance>
     <gpxdata:speed>7.433</gpxdata:speed>
    </extensions>
   </trkpt>
   <trkpt lat="51.0569750" lon="13.7570587">
    <ele>108</ele>
    <time>2026-08-11T18:30:58Z</time>
    <extensions>
     <gpxdata:hr>111</gpxdata:hr>
     <gpxdata:distance>27147.00</gpxdata:distance>
     <gpxdata:speed>7.411</gpxdata:speed>
    </extensions>
   </trkpt>
   <trkpt lat="51.0569367" lon="13.7569733">
    <ele>108</ele>
    <time>2026-08-11T18:30:59Z</time>
    <extensions>
     <gpxdata:hr>110</gpxdata:hr>
     <gpxdata:distance>27154.50</gpxdata:distance>
     <gpxdata:speed>7.394</gpxdata:speed>
    </extensions>
   </trkpt>
   <trkpt lat="51.0568986" lon="13.7568882">
    <ele>108</ele>
    <time>2026-08-11T18:31:00Z</time>
    <extensions>
     <gpxdata:hr>110</gpxdata:hr>
     <gpxdata:distance>27162.00</gpxdata:distance>
     <gpxdata:speed>7.375</gpxdata:speed>
    </extensions>
   </trkpt>
   <trkpt lat="51.0568606" lon="13.7568035">
    <ele>108</ele>
    <time>2026-08-11T18:31:01Z</time>
    <extensions>
     <gpxdata:hr>110</gpxdata:hr>
     <gpxdata:distance>27169.00</gpxdata:distance>
     <gpxdata:speed>7.353</gpxdata:speed>
    </extensions>
   </trkpt>
   <trkpt lat="51.0568225" lon="13.7567189">
    <ele>108</ele>
    <time>2026-08-11T18:31:02Z</time>
    <extensions>
     <gpxdata:hr>112</gpxdata:hr>
     <gpxdata:distance>27176.00</gpxdata:distance>
     <gpxdata:speed>7.331</gpxdata:speed>
    </extensions>
   </trkpt>
   <trkpt lat="51.0567841" lon="13.7566348">
    <ele>108</ele>
    <time>2026-08-11T18:31:03Z</time>
    <extensions>
     <gpxdata:hr>112</gpxdata:hr>
     <gpxdata:distance>27183.50</gpxdata:distance>
     <gpxdata:speed>7.314</gpxdata:speed>
    </extensions>
   </trkpt>
   <trkpt lat="51.0567455" lon="13.7565510">
    <ele>108</ele>
    <time>2026-08-11T18:31:04Z</time>
    <extensions>
     <gpxdata:hr>112</gpxdata:hr>
     <gpxdata:distance>27191.00</gpxdata:distance>
     <gpxdata:speed>7.303</gpxdata:speed>
    </extensions>
   </trkpt>
   <trkpt lat="51.0567069" lon="13.7564672">
    <ele>108</ele>
    <time>2026-08-11T18:31:05Z</time>
    <extensions>
     <gpxdata:hr>112</gpxdata:hr>
     <gpxdata:distance>27198.00</gpxdata:distance>
     <gpxdata:speed>7.289</gpxdata:speed>
    </extensions>
   </trkpt>
   <trkpt lat="51.0566689" lon="13.7563828">
    <ele>108</ele>
    <time>2026-08-11T18:31:06Z</time>
    <extensions>
     <gpxdata:hr>112</gpxdata:hr>
     <gpxdata:distance>27205.00</gpxdata:distance>
     <gpxdata:speed>7.283</gpxdata:speed>
    </extensions>
   </trkpt>
   <trkpt lat="51.0566315" lon="13.7562979">
    <ele>108</ele>
    <time>2026-08-11T18:31:07Z</time>
    <extensions>
     <gpxdata:hr>112</gpxdata:hr>
     <gpxdata:distance>27212.50</gpxdata:distance>
     <gpxdata:speed>7.278</gpxdata:speed>
    </extensions>
   </trkpt>
   <trkpt lat="51.0565941" lon="13.7562137">
    <ele>108</ele>
    <time>2026-08-11T18:31:08Z</time>
    <extensions>
     <gpxdata:hr>112</gpxdata:hr>
     <gpxdata:distance>27220.00</gpxdata:distance>
     <gpxdata:speed>7.267</gpxdata:speed>
    </extensions>
   </trkpt>
   <trkpt lat="51.0565565" lon="13.7561296">
    <ele>108</ele>
    <time>2026-08-11T18:31:09Z</time>
    <extensions>
     <gpxdata:hr>113</gpxdata:hr>
     <gpxdata:distance>27227.00</gpxdata:distance>
     <gpxdata:speed>7.250</gpxdata:speed>
    </extensions>
   </trkpt>
   <trkpt lat="51.0565187" lon="13.7560453">
    <ele>108</ele>
    <time>2026-08-11T18:31:10Z</time>
    <extensions>
     <gpxdata:hr>113</gpxdata:hr>
     <gpxdata:distance>27234.00</gpxdata:distance>
     <gpxdata:speed>7.239</gpxdata:speed>
    </extensions>
   </trkpt>
   <trkpt lat="51.0564805" lon="13.7559609">
    <ele>108</ele>
    <time>2026-08-11T18:31:11Z</time>
    <extensions>
     <gpxdata:hr>113</gpxdata:hr>
     <gpxdata:distance>27241.50</gpxdata:distance>
     <gpxdata:speed>7.247</gpxdata:speed>
    </extensions>
   </trkpt>
   <trkpt lat="51.0564418" lon="13.7558769">
    <ele>108</ele>
    <time>2026-08-11T18:31:12Z</time>
    <extensions>
     <gpxdata:hr>113</gpxdata:hr>
     <gpxdata:distance>27249.00</gpxdata:distance>
     <gpxdata:speed>7.256</gpxdata:speed>
    </extensions>
   </trkpt>
   <trkpt lat="51.0564034" lon="13.7557935">
    <ele>108</ele>
    <time>2026-08-11T18:31:13Z</time>
    <extensions>
     <gpxdata:hr>112</gpxdata:hr>
     <gpxdata:distance>27256.00</gpxdata:distance>
     <gpxdata:speed>7.267</gpxdata:speed>
    </extensions>
   </trkpt>
   <trkpt lat="51.0563654" lon="13.7557103">
    <ele>108</ele>
    <time>2026-08-11T18:31:14Z</time>
    <extensions>
     <gpxdata:hr>113</gpxdata:hr>
     <gpxdata:distance>27263.00</gpxdata:distance>
     <gpxdata:speed>7.250</gpxdata:speed>
    </extensions>
   </trkpt>
   <trkpt lat="51.0563278" lon="13.7556271">
    <ele>108</ele>
    <time>2026-08-11T18:31:15Z</time>
    <extensions>
     <gpxdata:hr>113</gpxdata:hr>
     <gpxdata:distance>27270.50</gpxdata:distance>
     <gpxdata:speed>7.231</gpxdata:speed>
    </extensions>
   </trkpt>
   <trkpt lat="51.0562903" lon="13.7555446">
    <ele>108</ele>
    <time>2026-08-11T18:31:16Z</time>
    <extensions>
     <gpxdata:hr>113</gpxdata:hr>
     <gpxdata:distance>27278.00</gpxdata:distance>
     <gpxdata:speed>7.211</gpxdata:speed>
    </extensions>
   </trkpt>
   <trkpt lat="51.0562556" lon="13.7554569">
    <ele>108</ele>
    <time>2026-08-11T18:31:17Z</time>
    <extensions>
     <gpxdata:hr>112</gpxdata:hr>
     <gpxdata:distance>27285.00</gpxdata:distance>
     <gpxdata:speed>7.178</gpxdata:speed>
    </extensions>
   </trkpt>
   <trkpt lat="51.0562214" lon="13.7553691">
    <ele>108</ele>
    <time>2026-08-11T18:31:18Z</time>
    <extensions>
     <gpxdata:hr>111</gpxdata:hr>
     <gpxdata:distance>27292.00</gpxdata:distance>
     <gpxdata:speed>7.222</gpxdata:speed>
    </extensions>
   </trkpt>
   <trkpt lat="51.0561842" lon="13.7552830">
    <ele>108</ele>
    <time>2026-08-11T18:31:19Z</time>
    <extensions>
     <gpxdata:hr>110</gpxdata:hr>
     <gpxdata:distance>27299.50</gpxdata:distance>
     <gpxdata:speed>7.217</gpxdata:speed>
    </extensions>
   </trkpt>
   <trkpt lat="51.0561437" lon="13.7551999">
    <ele>108</ele>
    <time>2026-08-11T18:31:20Z</time>
    <extensions>
     <gpxdata:hr>110</gpxdata:hr>
     <gpxdata:distance>27307.00</gpxdata:distance>
     <gpxdata:speed>7.258</gpxdata:speed>
    </extensions>
   </trkpt>
   <trkpt lat="51.0561016" lon="13.7551166">
    <ele>108</ele>
    <time>2026-08-11T18:31:21Z</time>
    <extensions>
     <gpxdata:hr>109</gpxdata:hr>
     <gpxdata:distance>27314.50</gpxdata:distance>
     <gpxdata:speed>7.294</gpxdata:speed>
    </extensions>
   </trkpt>
   <trkpt lat="51.0560602" lon="13.7550281">
    <ele>108</ele>
    <time>2026-08-11T18:31:22Z</time>
    <extensions>
     <gpxdata:hr>109</gpxdata:hr>
     <gpxdata:distance>27322.00</gpxdata:distance>
     <gpxdata:speed>7.367</gpxdata:speed>
    </extensions>
   </trkpt>
   <trkpt lat="51.0560207" lon="13.7549327">
    <ele>108</ele>
    <time>2026-08-11T18:31:23Z</time>
    <extensions>
     <gpxdata:hr>110</gpxdata:hr>
     <gpxdata:distance>27330.00</gpxdata:distance>
     <gpxdata:speed>7.503</gpxdata:speed>
    </extensions>
   </trkpt>
   <trkpt lat="51.0559827" lon="13.7548335">
    <ele>108</ele>
    <time>2026-08-11T18:31:24Z</time>
    <extensions>
     <gpxdata:hr>109</gpxdata:hr>
     <gpxdata:distance>27338.00</gpxdata:distance>
     <gpxdata:speed>7.911</gpxdata:speed>
    </extensions>
   </trkpt>
   <trkpt lat="51.0559441" lon="13.7547343">
    <ele>107</ele>
    <time>2026-08-11T18:31:25Z</time>
    <extensions>
     <gpxdata:hr>110</gpxdata:hr>
     <gpxdata:distance>27346.00</gpxdata:distance>
     <gpxdata:speed>8.003</gpxdata:speed>
    </extensions>
   </trkpt>
   <trkpt lat="51.0559045" lon="13.7546378">
    <ele>107</ele>
    <time>2026-08-11T18:31:26Z</time>
    <extensions>
     <gpxdata:hr>110</gpxdata:hr>
     <gpxdata:distance>27354.00</gpxdata:distance>
     <gpxdata:speed>8.075</gpxdata:speed>
    </extensions>
   </trkpt>
   <trkpt lat="51.0558647" lon="13.7545427">
    <ele>108</ele>
    <time>2026-08-11T18:31:27Z</time>
    <extensions>
     <gpxdata:hr>111</gpxdata:hr>
     <gpxdata:distance>27362.00</gpxdata:distance>
     <gpxdata:speed>8.022</gpxdata:speed>
    </extensions>
   </trkpt>
   <trkpt lat="51.0558256" lon="13.7544485">
    <ele>108</ele>
    <time>2026-08-11T18:31:28Z</time>
    <extensions>
     <gpxdata:hr>111</gpxdata:hr>
     <gpxdata:distance>27370.00</gpxdata:distance>
     <gpxdata:speed>7.986</gpxdata:speed>
    </extensions>
   </trkpt>
   <trkpt lat="51.0557867" lon="13.7543557">
    <ele>108</ele>
    <time>2026-08-11T18:31:29Z</time>
    <extensions>
     <gpxdata:hr>115</gpxdata:hr>
     <gpxdata:distance>27377.50</gpxdata:distance>
     <gpxdata:speed>7.917</gpxdata:speed>
    </extensions>
   </trkpt>
   <trkpt lat="51.0557485" lon="13.7542627">
    <ele>108</ele>
    <time>2026-08-11T18:31:30Z</time>
    <extensions>
     <gpxdata:hr>116</gpxdata:hr>
     <gpxdata:distance>27385.00</gpxdata:distance>
     <gpxdata:speed>7.847</gpxdata:speed>
    </extensions>
   </trkpt>
   <trkpt lat="51.0557110" lon="13.7541696">
    <ele>108</ele>
    <time>2026-08-11T18:31:31Z</time>
    <extensions>
     <gpxdata:hr>116</gpxdata:hr>
     <gpxdata:distance>27393.00</gpxdata:distance>
     <gpxdata:speed>7.825</gpxdata:speed>
    </extensions>
   </trkpt>
   <trkpt lat="51.0556736" lon="13.7540778">
    <ele>108</ele>
    <time>2026-08-11T18:31:32Z</time>
    <extensions>
     <gpxdata:hr>116</gpxdata:hr>
     <gpxdata:distance>27401.00</gpxdata:distance>
     <gpxdata:speed>7.792</gpxdata:speed>
    </extensions>
   </trkpt>
   <trkpt lat="51.0556366" lon="13.7539876">
    <ele>108</ele>
    <time>2026-08-11T18:31:33Z</time>
    <extensions>
     <gpxdata:hr>116</gpxdata:hr>
     <gpxdata:distance>27408.50</gpxdata:distance>
     <gpxdata:speed>7.739</gpxdata:speed>
    </extensions>
   </trkpt>
   <trkpt lat="51.0556002" lon="13.7538971">
    <ele>108</ele>
    <time>2026-08-11T18:31:34Z</time>
    <extensions>
     <gpxdata:hr>114</gpxdata:hr>
     <gpxdata:distance>27416.00</gpxdata:distance>
     <gpxdata:speed>7.658</gpxdata:speed>
    </extensions>
   </trkpt>
   <trkpt lat="51.0555649" lon="13.7538059">
    <ele>108</ele>
    <time>2026-08-11T18:31:35Z</time>
    <extensions>
     <gpxdata:hr>113</gpxdata:hr>
     <gpxdata:distance>27423.50</gpxdata:distance>
     <gpxdata:speed>7.606</gpxdata:speed>
    </extensions>
   </trkpt>
   <trkpt lat="51.0555302" lon="13.7537144">
    <ele>108</ele>
    <time>2026-08-11T18:31:36Z</time>
    <extensions>
     <gpxdata:hr>112</gpxdata:hr>
     <gpxdata:distance>27431.00</gpxdata:distance>
     <gpxdata:speed>7.561</gpxdata:speed>
    </extensions>
   </trkpt>
   <trkpt lat="51.0554958" lon="13.7536228">
    <ele>108</ele>
    <time>2026-08-11T18:31:37Z</time>
    <extensions>
     <gpxdata:hr>111</gpxdata:hr>
     <gpxdata:distance>27438.50</gpxdata:distance>
     <gpxdata:speed>7.525</gpxdata:speed>
    </extensions>
   </trkpt>
   <trkpt lat="51.0554614" lon="13.7535317">
    <ele>108</ele>
    <time>2026-08-11T18:31:38Z</time>
    <extensions>
     <gpxdata:hr>110</gpxdata:hr>
     <gpxdata:distance>27446.00</gpxdata:distance>
     <gpxdata:speed>7.503</gpxdata:speed>
    </extensions>
   </trkpt>
   <trkpt lat="51.0554264" lon="13.7534420">
    <ele>108</ele>
    <time>2026-08-11T18:31:39Z</time>
    <extensions>
     <gpxdata:hr>110</gpxdata:hr>
     <gpxdata:distance>27453.50</gpxdata:distance>
     <gpxdata:speed>7.472</gpxdata:speed>
    </extensions>
   </trkpt>
   <trkpt lat="51.0553917" lon="13.7533526">
    <ele>108</ele>
    <time>2026-08-11T18:31:40Z</time>
    <extensions>
     <gpxdata:hr>110</gpxdata:hr>
     <gpxdata:distance>27461.00</gpxdata:distance>
     <gpxdata:speed>7.442</gpxdata:speed>
    </extensions>
   </trkpt>
   <trkpt lat="51.0553575" lon="13.7532636">
    <ele>108</ele>
    <time>2026-08-11T18:31:41Z</time>
    <extensions>
     <gpxdata:hr>110</gpxdata:hr>
     <gpxdata:distance>27468.00</gpxdata:distance>
     <gpxdata:speed>7.406</gpxdata:speed>
    </extensions>
   </trkpt>
   <trkpt lat="51.0553235" lon="13.7531744">
    <ele>109</ele>
    <time>2026-08-11T18:31:42Z</time>
    <extensions>
     <gpxdata:hr>111</gpxdata:hr>
     <gpxdata:distance>27475.00</gpxdata:distance>
     <gpxdata:speed>7.364</gpxdata:speed>
    </extensions>
   </trkpt>
   <trkpt lat="51.0552894" lon="13.7530850">
    <ele>109</ele>
    <time>2026-08-11T18:31:43Z</time>
    <extensions>
     <gpxdata:hr>111</gpxdata:hr>
     <gpxdata:distance>27482.50</gpxdata:distance>
     <gpxdata:speed>7.342</gpxdata:speed>
    </extensions>
   </trkpt>
   <trkpt lat="51.0552553" lon="13.7529957">
    <ele>109</ele>
    <time>2026-08-11T18:31:44Z</time>
    <extensions>
     <gpxdata:hr>111</gpxdata:hr>
     <gpxdata:distance>27490.00</gpxdata:distance>
     <gpxdata:speed>7.336</gpxdata:speed>
    </extensions>
   </trkpt>
   <trkpt lat="51.0552215" lon="13.7529062">
    <ele>109</ele>
    <time>2026-08-11T18:31:45Z</time>
    <extensions>
     <gpxdata:hr>112</gpxdata:hr>
     <gpxdata:distance>27497.50</gpxdata:distance>
     <gpxdata:speed>7.328</gpxdata:speed>
    </extensions>
   </trkpt>
   <trkpt lat="51.0551878" lon="13.7528165">
    <ele>109</ele>
    <time>2026-08-11T18:31:46Z</time>
    <extensions>
     <gpxdata:hr>112</gpxdata:hr>
     <gpxdata:distance>27505.00</gpxdata:distance>
     <gpxdata:speed>7.317</gpxdata:speed>
    </extensions>
   </trkpt>
   <trkpt lat="51.0551543" lon="13.7527265">
    <ele>109</ele>
    <time>2026-08-11T18:31:47Z</time>
    <extensions>
     <gpxdata:hr>113</gpxdata:hr>
     <gpxdata:distance>27512.00</gpxdata:distance>
     <gpxdata:speed>7.314</gpxdata:speed>
    </extensions>
   </trkpt>
   <trkpt lat="51.0551212" lon="13.7526359">
    <ele>109</ele>
    <time>2026-08-11T18:31:48Z</time>
    <extensions>
     <gpxdata:hr>113</gpxdata:hr>
     <gpxdata:distance>27519.00</gpxdata:distance>
     <gpxdata:speed>7.317</gpxdata:speed>
    </extensions>
   </trkpt>
   <trkpt lat="51.0550882" lon="13.7525453">
    <ele>108</ele>
    <time>2026-08-11T18:31:49Z</time>
    <extensions>
     <gpxdata:hr>113</gpxdata:hr>
     <gpxdata:distance>27526.50</gpxdata:distance>
     <gpxdata:speed>7.322</gpxdata:speed>
    </extensions>
   </trkpt>
   <trkpt lat="51.0550549" lon="13.7524552">
    <ele>108</ele>
    <time>2026-08-11T18:31:50Z</time>
    <extensions>
     <gpxdata:hr>112</gpxdata:hr>
     <gpxdata:distance>27534.00</gpxdata:distance>
     <gpxdata:speed>7.322</gpxdata:speed>
    </extensions>
   </trkpt>
   <trkpt lat="51.0550209" lon="13.7523659">
    <ele>108</ele>
    <time>2026-08-11T18:31:51Z</time>
    <extensions>
     <gpxdata:hr>112</gpxdata:hr>
     <gpxdata:distance>27541.00</gpxdata:distance>
     <gpxdata:speed>7.317</gpxdata:speed>
    </extensions>
   </trkpt>
   <trkpt lat="51.0549864" lon="13.7522769">
    <ele>108</ele>
    <time>2026-08-11T18:31:52Z</time>
    <extensions>
     <gpxdata:hr>112</gpxdata:hr>
     <gpxdata:distance>27548.00</gpxdata:distance>
     <gpxdata:speed>7.314</gpxdata:speed>
    </extensions>
   </trkpt>
   <trkpt lat="51.0549515" lon="13.7521887">
    <ele>108</ele>
    <time>2026-08-11T18:31:53Z</time>
    <extensions>
     <gpxdata:hr>112</gpxdata:hr>
     <gpxdata:distance>27555.50</gpxdata:distance>
     <gpxdata:speed>7.314</gpxdata:speed>
    </extensions>
   </trkpt>
   <trkpt lat="51.0549183" lon="13.7520992">
    <ele>108</ele>
    <time>2026-08-11T18:31:54Z</time>
    <extensions>
     <gpxdata:hr>112</gpxdata:hr>
     <gpxdata:distance>27563.00</gpxdata:distance>
     <gpxdata:speed>7.306</gpxdata:speed>
    </extensions>
   </trkpt>
   <trkpt lat="51.0548881" lon="13.7520070">
    <ele>108</ele>
    <time>2026-08-11T18:31:55Z</time>
    <extensions>
     <gpxdata:hr>112</gpxdata:hr>
     <gpxdata:distance>27570.50</gpxdata:distance>
     <gpxdata:speed>7.297</gpxdata:speed>
    </extensions>
   </trkpt>
   <trkpt lat="51.0548602" lon="13.7519132">
    <ele>109</ele>
    <time>2026-08-11T18:31:56Z</time>
    <extensions>
     <gpxdata:hr>112</gpxdata:hr>
     <gpxdata:distance>27578.00</gpxdata:distance>
     <gpxdata:speed>7.294</gpxdata:speed>
    </extensions>
   </trkpt>
   <trkpt lat="51.0548326" lon="13.7518196">
    <ele>109</ele>
    <time>2026-08-11T18:31:57Z</time>
    <extensions>
     <gpxdata:hr>111</gpxdata:hr>
     <gpxdata:distance>27585.00</gpxdata:distance>
     <gpxdata:speed>7.281</gpxdata:speed>
    </extensions>
   </trkpt>
   <trkpt lat="51.0548034" lon="13.7517276">
    <ele>109</ele>
    <time>2026-08-11T18:31:58Z</time>
    <extensions>
     <gpxdata:hr>112</gpxdata:hr>
     <gpxdata:distance>27592.00</gpxdata:distance>
     <gpxdata:speed>7.264</gpxdata:speed>
    </extensions>
   </trkpt>
   <trkpt lat="51.0547727" lon="13.7516384">
    <ele>109</ele>
    <time>2026-08-11T18:31:59Z</time>
    <extensions>
     <gpxdata:hr>112</gpxdata:hr>
     <gpxdata:distance>27599.00</gpxdata:distance>
     <gpxdata:speed>7.247</gpxdata:speed>
    </extensions>
   </trkpt>
   <trkpt lat="51.0547417" lon="13.7515510">
    <ele>109</ele>
    <time>2026-08-11T18:32:00Z</time>
    <extensions>
     <gpxdata:hr>112</gpxdata:hr>
     <gpxdata:distance>27606.00</gpxdata:distance>
     <gpxdata:speed>7.194</gpxdata:speed>
    </extensions>
   </trkpt>
   <trkpt lat="51.0547105" lon="13.7514652">
    <ele>109</ele>
    <time>2026-08-11T18:32:01Z</time>
    <extensions>
     <gpxdata:hr>112</gpxdata:hr>
     <gpxdata:distance>27613.00</gpxdata:distance>
     <gpxdata:speed>7.131</gpxdata:speed>
    </extensions>
   </trkpt>
   <trkpt lat="51.0546796" lon="13.7513803">
    <ele>109</ele>
    <time>2026-08-11T18:32:02Z</time>
    <extensions>
     <gpxdata:hr>112</gpxdata:hr>
     <gpxdata:distance>27620.00</gpxdata:distance>
     <gpxdata:speed>7.064</gpxdata:speed>
    </extensions>
   </trkpt>
   <trkpt lat="51.0546495" lon="13.7512951">
    <ele>109</ele>
    <time>2026-08-11T18:32:03Z</time>
    <extensions>
     <gpxdata:hr>112</gpxdata:hr>
     <gpxdata:distance>27627.00</gpxdata:distance>
     <gpxdata:speed>6.992</gpxdata:speed>
    </extensions>
   </trkpt>
   <trkpt lat="51.0546199" lon="13.7512094">
    <ele>109</ele>
    <time>2026-08-11T18:32:04Z</time>
    <extensions>
     <gpxdata:hr>112</gpxdata:hr>
     <gpxdata:distance>27634.00</gpxdata:distance>
     <gpxdata:speed>6.944</gpxdata:speed>
    </extensions>
   </trkpt>
   <trkpt lat="51.0545899" lon="13.7511235">
    <ele>109</ele>
    <time>2026-08-11T18:32:05Z</time>
    <extensions>
     <gpxdata:hr>112</gpxdata:hr>
     <gpxdata:distance>27641.00</gpxdata:distance>
     <gpxdata:speed>6.911</gpxdata:speed>
    </extensions>
   </trkpt>
   <trkpt lat="51.0545593" lon="13.7510373">
    <ele>109</ele>
    <time>2026-08-11T18:32:06Z</time>
    <extensions>
     <gpxdata:hr>111</gpxdata:hr>
     <gpxdata:distance>27648.00</gpxdata:distance>
     <gpxdata:speed>6.900</gpxdata:speed>
    </extensions>
   </trkpt>
   <trkpt lat="51.0545288" lon="13.7509503">
    <ele>109</ele>
    <time>2026-08-11T18:32:07Z</time>
    <extensions>
     <gpxdata:hr>112</gpxdata:hr>
     <gpxdata:distance>27655.00</gpxdata:distance>
     <gpxdata:speed>6.911</gpxdata:speed>
    </extensions>
   </trkpt>
   <trkpt lat="51.0544986" lon="13.7508623">
    <ele>109</ele>
    <time>2026-08-11T18:32:08Z</time>
    <extensions>
     <gpxdata:hr>112</gpxdata:hr>
     <gpxdata:distance>27662.00</gpxdata:distance>
     <gpxdata:speed>6.925</gpxdata:speed>
    </extensions>
   </trkpt>
   <trkpt lat="51.0544679" lon="13.7507737">
    <ele>110</ele>
    <time>2026-08-11T18:32:09Z</time>
    <extensions>
     <gpxdata:hr>113</gpxdata:hr>
     <gpxdata:distance>27669.00</gpxdata:distance>
     <gpxdata:speed>6.958</gpxdata:speed>
    </extensions>
   </trkpt>
   <trkpt lat="51.0544379" lon="13.7506838">
    <ele>110</ele>
    <time>2026-08-11T18:32:10Z</time>
    <extensions>
     <gpxdata:hr>114</gpxdata:hr>
     <gpxdata:distance>27676.00</gpxdata:distance>
     <gpxdata:speed>7.000</gpxdata:speed>
    </extensions>
   </trkpt>
   <trkpt lat="51.0544097" lon="13.7505914">
    <ele>110</ele>
    <time>2026-08-11T18:32:11Z</time>
    <extensions>
     <gpxdata:hr>114</gpxdata:hr>
     <gpxdata:distance>27683.00</gpxdata:distance>
     <gpxdata:speed>7.039</gpxdata:speed>
    </extensions>
   </trkpt>
   <trkpt lat="51.0543830" lon="13.7504972">
    <ele>110</ele>
    <time>2026-08-11T18:32:12Z</time>
    <extensions>
     <gpxdata:hr>115</gpxdata:hr>
     <gpxdata:distance>27690.00</gpxdata:distance>
     <gpxdata:speed>7.094</gpxdata:speed>
    </extensions>
   </trkpt>
   <trkpt lat="51.0543567" lon="13.7504029">
    <ele>110</ele>
    <time>2026-08-11T18:32:13Z</time>
    <extensions>
     <gpxdata:hr>115</gpxdata:hr>
     <gpxdata:distance>27697.50</gpxdata:distance>
     <gpxdata:speed>7.144</gpxdata:speed>
    </extensions>
   </trkpt>
   <trkpt lat="51.0543304" lon="13.7503088">
    <ele>110</ele>
    <time>2026-08-11T18:32:14Z</time>
    <extensions>
     <gpxdata:hr>115</gpxdata:hr>
     <gpxdata:distance>27705.00</gpxdata:distance>
     <gpxdata:speed>7.169</gpxdata:speed>
    </extensions>
   </trkpt>
   <trkpt lat="51.0543043" lon="13.7502158">
    <ele>110</ele>
    <time>2026-08-11T18:32:15Z</time>
    <extensions>
     <gpxdata:hr>115</gpxdata:hr>
     <gpxdata:distance>27712.00</gpxdata:distance>
     <gpxdata:speed>7.181</gpxdata:speed>
    </extensions>
   </trkpt>
   <trkpt lat="51.0542784" lon="13.7501241">
    <ele>110</ele>
    <time>2026-08-11T18:32:16Z</time>
    <extensions>
     <gpxdata:hr>114</gpxdata:hr>
     <gpxdata:distance>27719.00</gpxdata:distance>
     <gpxdata:speed>7.158</gpxdata:speed>
    </extensions>
   </trkpt>
   <trkpt lat="51.0542526" lon="13.7500335">
    <ele>110</ele>
    <time>2026-08-11T18:32:17Z</time>
    <extensions>
     <gpxdata:hr>114</gpxdata:hr>
     <gpxdata:distance>27726.00</gpxdata:distance>
     <gpxdata:speed>7.111</gpxdata:speed>
    </extensions>
   </trkpt>
   <trkpt lat="51.0542268" lon="13.7499432">
    <ele>110</ele>
    <time>2026-08-11T18:32:18Z</time>
    <extensions>
     <gpxdata:hr>113</gpxdata:hr>
     <gpxdata:distance>27733.00</gpxdata:distance>
     <gpxdata:speed>7.061</gpxdata:speed>
    </extensions>
   </trkpt>
   <trkpt lat="51.0542010" lon="13.7498525">
    <ele>110</ele>
    <time>2026-08-11T18:32:19Z</time>
    <extensions>
     <gpxdata:hr>113</gpxdata:hr>
     <gpxdata:distance>27740.00</gpxdata:distance>
     <gpxdata:speed>7.022</gpxdata:speed>
    </extensions>
   </trkpt>
   <trkpt lat="51.0541750" lon="13.7497607">
    <ele>110</ele>
    <time>2026-08-11T18:32:20Z</time>
    <extensions>
     <gpxdata:hr>112</gpxdata:hr>
     <gpxdata:distance>27747.00</gpxdata:distance>
     <gpxdata:speed>7.008</gpxdata:speed>
    </extensions>
   </trkpt>
   <trkpt lat="51.0541490" lon="13.7496681">
    <ele>110</ele>
    <time>2026-08-11T18:32:21Z</time>
    <extensions>
     <gpxdata:hr>111</gpxdata:hr>
     <gpxdata:distance>27754.00</gpxdata:distance>
     <gpxdata:speed>7.028</gpxdata:speed>
    </extensions>
   </trkpt>
   <trkpt lat="51.0541226" lon="13.7495749">
    <ele>110</ele>
    <time>2026-08-11T18:32:22Z</time>
    <extensions>
     <gpxdata:hr>111</gpxdata:hr>
     <gpxdata:distance>27761.00</gpxdata:distance>
     <gpxdata:speed>7.053</gpxdata:speed>
    </extensions>
   </trkpt>
   <trkpt lat="51.0540947" lon="13.7494823">
    <ele>110</ele>
    <time>2026-08-11T18:32:23Z</time>
    <extensions>
     <gpxdata:hr>110</gpxdata:hr>
     <gpxdata:distance>27768.00</gpxdata:distance>
     <gpxdata:speed>7.083</gpxdata:speed>
    </extensions>
   </trkpt>
   <trkpt lat="51.0540662" lon="13.7493898">
    <ele>110</ele>
    <time>2026-08-11T18:32:24Z</time>
    <extensions>
     <gpxdata:hr>110</gpxdata:hr>
     <gpxdata:distance>27775.00</gpxdata:distance>
     <gpxdata:speed>7.119</gpxdata:speed>
    </extensions>
   </trkpt>
   <trkpt lat="51.0540398" lon="13.7492946">
    <ele>110</ele>
    <time>2026-08-11T18:32:25Z</time>
    <extensions>
     <gpxdata:hr>110</gpxdata:hr>
     <gpxdata:distance>27782.50</gpxdata:distance>
     <gpxdata:speed>7.147</gpxdata:speed>
    </extensions>
   </trkpt>
   <trkpt lat="51.0540148" lon="13.7491987">
    <ele>110</ele>
    <time>2026-08-11T18:32:26Z</time>
    <extensions>
     <gpxdata:hr>110</gpxdata:hr>
     <gpxdata:distance>27790.00</gpxdata:distance>
     <gpxdata:speed>7.200</gpxdata:speed>
    </extensions>
   </trkpt>
   <trkpt lat="51.0539899" lon="13.7491042">
    <ele>110</ele>
    <time>2026-08-11T18:32:27Z</time>
    <extensions>
     <gpxdata:hr>111</gpxdata:hr>
     <gpxdata:distance>27797.00</gpxdata:distance>
     <gpxdata:speed>7.219</gpxdata:speed>
    </extensions>
   </trkpt>
   <trkpt lat="51.0539654" lon="13.7490120">
    <ele>110</ele>
    <time>2026-08-11T18:32:28Z</time>
    <extensions>
     <gpxdata:hr>111</gpxdata:hr>
     <gpxdata:distance>27804.00</gpxdata:distance>
     <gpxdata:speed>7.192</gpxdata:speed>
    </extensions>
   </trkpt>
   <trkpt lat="51.0539413" lon="13.7489221">
    <ele>110</ele>
    <time>2026-08-11T18:32:29Z</time>
    <extensions>
     <gpxdata:hr>111</gpxdata:hr>
     <gpxdata:distance>27811.00</gpxdata:distance>
     <gpxdata:speed>7.122</gpxdata:speed>
    </extensions>
   </trkpt>
   <trkpt lat="51.0539157" lon="13.7488359">
    <ele>110</ele>
    <time>2026-08-11T18:32:30Z</time>
    <extensions>
     <gpxdata:hr>111</gpxdata:hr>
     <gpxdata:distance>27818.00</gpxdata:distance>
     <gpxdata:speed>7.019</gpxdata:speed>
    </extensions>
   </trkpt>
   <trkpt lat="51.0538855" lon="13.7487591">
    <ele>110</ele>
    <time>2026-08-11T18:32:31Z</time>
    <extensions>
     <gpxdata:hr>110</gpxdata:hr>
     <gpxdata:distance>27824.00</gpxdata:distance>
     <gpxdata:speed>6.900</gpxdata:speed>
    </extensions>
   </trkpt>
   <trkpt lat="51.0538485" lon="13.7486964">
    <ele>110</ele>
    <time>2026-08-11T18:32:32Z</time>
    <extensions>
     <gpxdata:hr>109</gpxdata:hr>
     <gpxdata:distance>27830.00</gpxdata:distance>
     <gpxdata:speed>6.708</gpxdata:speed>
    </extensions>
   </trkpt>
   <trkpt lat="51.0538078" lon="13.7486484">
    <ele>109</ele>
    <time>2026-08-11T18:32:33Z</time>
    <extensions>
     <gpxdata:hr>108</gpxdata:hr>
     <gpxdata:distance>27836.00</gpxdata:distance>
     <gpxdata:speed>6.233</gpxdata:speed>
    </extensions>
   </trkpt>
   <trkpt lat="51.0537787" lon="13.7486234">
    <ele>109</ele>
    <time>2026-08-11T18:32:34Z</time>
    <extensions>
     <gpxdata:hr>107</gpxdata:hr>
     <gpxdata:distance>27842.00</gpxdata:distance>
     <gpxdata:speed>5.800</gpxdata:speed>
    </extensions>
   </trkpt>
   <trkpt lat="51.0537431" lon="13.7486006">
    <ele>109</ele>
    <time>2026-08-11T18:32:35Z</time>
    <extensions>
     <gpxdata:hr>106</gpxdata:hr>
     <gpxdata:distance>27846.00</gpxdata:distance>
     <gpxdata:speed>5.194</gpxdata:speed>
    </extensions>
   </trkpt>
   <trkpt lat="51.0537072" lon="13.7485856">
    <ele>109</ele>
    <time>2026-08-11T18:32:36Z</time>
    <extensions>
     <gpxdata:hr>105</gpxdata:hr>
     <gpxdata:distance>27850.00</gpxdata:distance>
     <gpxdata:speed>4.689</gpxdata:speed>
    </extensions>
   </trkpt>
   <trkpt lat="51.0536730" lon="13.7485789">
    <ele>109</ele>
    <time>2026-08-11T18:32:37Z</time>
    <extensions>
     <gpxdata:hr>104</gpxdata:hr>
     <gpxdata:distance>27854.00</gpxdata:distance>
     <gpxdata:speed>4.269</gpxdata:speed>
    </extensions>
   </trkpt>
   <trkpt lat="51.0536406" lon="13.7485799">
    <ele>109</ele>
    <time>2026-08-11T18:32:38Z</time>
    <extensions>
     <gpxdata:hr>104</gpxdata:hr>
     <gpxdata:distance>27858.00</gpxdata:distance>
     <gpxdata:speed>3.925</gpxdata:speed>
    </extensions>
   </trkpt>
   <trkpt lat="51.0536099" lon="13.7485887">
    <ele>109</ele>
    <time>2026-08-11T18:32:39Z</time>
    <extensions>
     <gpxdata:hr>104</gpxdata:hr>
     <gpxdata:distance>27861.50</gpxdata:distance>
     <gpxdata:speed>3.675</gpxdata:speed>
    </extensions>
   </trkpt>
   <trkpt lat="51.0535799" lon="13.7486019">
    <ele>109</ele>
    <time>2026-08-11T18:32:40Z</time>
    <extensions>
     <gpxdata:hr>103</gpxdata:hr>
     <gpxdata:distance>27865.00</gpxdata:distance>
     <gpxdata:speed>3.564</gpxdata:speed>
    </extensions>
   </trkpt>
   <trkpt lat="51.0535511" lon="13.7486136">
    <ele>109</ele>
    <time>2026-08-11T18:32:41Z</time>
    <extensions>
     <gpxdata:hr>103</gpxdata:hr>
     <gpxdata:distance>27868.00</gpxdata:distance>
     <gpxdata:speed>3.514</gpxdata:speed>
    </extensions>
   </trkpt>
   <trkpt lat="51.0535252" lon="13.7486210">
    <ele>109</ele>
    <time>2026-08-11T18:32:42Z</time>
    <extensions>
     <gpxdata:hr>102</gpxdata:hr>
     <gpxdata:distance>27871.00</gpxdata:distance>
     <gpxdata:speed>3.317</gpxdata:speed>
    </extensions>
   </trkpt>
   <trkpt lat="51.0535121" lon="13.7486236">
    <ele>109</ele>
    <time>2026-08-11T18:32:43Z</time>
    <extensions>
     <gpxdata:hr>103</gpxdata:hr>
     <gpxdata:distance>27873.50</gpxdata:distance>
     <gpxdata:speed>2.897</gpxdata:speed>
    </extensions>
   </trkpt>
   <trkpt lat="51.0534944" lon="13.7486275">
    <ele>109</ele>
    <time>2026-08-11T18:32:44Z</time>
    <extensions>
     <gpxdata:hr>103</gpxdata:hr>
     <gpxdata:distance>27876.00</gpxdata:distance>
     <gpxdata:speed>2.569</gpxdata:speed>
    </extensions>
   </trkpt>
   <trkpt lat="51.0534735" lon="13.7486345">
    <ele>109</ele>
    <time>2026-08-11T18:32:45Z</time>
    <extensions>
     <gpxdata:hr>103</gpxdata:hr>
     <gpxdata:distance>27878.50</gpxdata:distance>
     <gpxdata:speed>2.547</gpxdata:speed>
    </extensions>
   </trkpt>
   <trkpt lat="51.0534496" lon="13.7486462">
    <ele>109</ele>
    <time>2026-08-11T18:32:46Z</time>
    <extensions>
     <gpxdata:hr>104</gpxdata:hr>
     <gpxdata:distance>27881.00</gpxdata:distance>
     <gpxdata:speed>2.750</gpxdata:speed>
    </extensions>
   </trkpt>
   <trkpt lat="51.0534041" lon="13.7486736">
    <ele>109</ele>
    <time>2026-08-11T18:32:47Z</time>
    <extensions>
     <gpxdata:hr>104</gpxdata:hr>
     <gpxdata:distance>27885.00</gpxdata:distance>
     <gpxdata:speed>3.158</gpxdata:speed>
    </extensions>
   </trkpt>
   <trkpt lat="51.0533669" lon="13.7486989">
    <ele>109</ele>
    <time>2026-08-11T18:32:48Z</time>
    <extensions>
     <gpxdata:hr>105</gpxdata:hr>
     <gpxdata:distance>27889.00</gpxdata:distance>
     <gpxdata:speed>3.503</gpxdata:speed>
    </extensions>
   </trkpt>
   <trkpt lat="51.0533296" lon="13.7487253">
    <ele>109</ele>
    <time>2026-08-11T18:32:49Z</time>
    <extensions>
     <gpxdata:hr>105</gpxdata:hr>
     <gpxdata:distance>27894.00</gpxdata:distance>
     <gpxdata:speed>4.189</gpxdata:speed>
    </extensions>
   </trkpt>
   <trkpt lat="51.0532923" lon="13.7487521">
    <ele>109</ele>
    <time>2026-08-11T18:32:50Z</time>
    <extensions>
     <gpxdata:hr>105</gpxdata:hr>
     <gpxdata:distance>27899.00</gpxdata:distance>
     <gpxdata:speed>4.356</gpxdata:speed>
    </extensions>
   </trkpt>
   <trkpt lat="51.0532550" lon="13.7487795">
    <ele>109</ele>
    <time>2026-08-11T18:32:51Z</time>
    <extensions>
     <gpxdata:hr>106</gpxdata:hr>
     <gpxdata:distance>27903.50</gpxdata:distance>
     <gpxdata:speed>4.458</gpxdata:speed>
    </extensions>
   </trkpt>
   <trkpt lat="51.0532179" lon="13.7488074">
    <ele>109</ele>
    <time>2026-08-11T18:32:52Z</time>
    <extensions>
     <gpxdata:hr>106</gpxdata:hr>
     <gpxdata:distance>27908.00</gpxdata:distance>
     <gpxdata:speed>4.508</gpxdata:speed>
    </extensions>
   </trkpt>
   <trkpt lat="51.0531803" lon="13.7488366">
    <ele>109</ele>
    <time>2026-08-11T18:32:53Z</time>
    <extensions>
     <gpxdata:hr>106</gpxdata:hr>
     <gpxdata:distance>27912.50</gpxdata:distance>
     <gpxdata:speed>4.547</gpxdata:speed>
    </extensions>
   </trkpt>
   <trkpt lat="51.0531430" lon="13.7488665">
    <ele>109</ele>
    <time>2026-08-11T18:32:54Z</time>
    <extensions>
     <gpxdata:hr>107</gpxdata:hr>
     <gpxdata:distance>27917.00</gpxdata:distance>
     <gpxdata:speed>4.658</gpxdata:speed>
    </extensions>
   </trkpt>
   <trkpt lat="51.0530722" lon="13.7489247">
    <ele>109</ele>
    <time>2026-08-11T18:32:55Z</time>
    <extensions>
     <gpxdata:hr>107</gpxdata:hr>
     <gpxdata:distance>27921.50</gpxdata:distance>
     <gpxdata:speed>4.642</gpxdata:speed>
    </extensions>
   </trkpt>
  </trkseg>
 </trk>
</gpx>
