<?xml version="1.0" encoding="UTF-8"?>
<gpx xmlns="http://www.topografix.com/GPX/1/1" xmlns:gpxdata="http://www.cluetrust.com/XML/GPXDATA/1/0" xmlns:xsi="http://www.w3.org/2001/XMLSchema-instance" xsi:schemaLocation="http://www.topografix.com/GPX/1/1 https://www.topografix.com/GPX/1/1/gpx.xsd http://www.cluetrust.com/XML/GPXDATA/1/0 https://www.cluetrust.com/Schemas/gpxdata10.xsd" creator="COROS Wearables" version="1.1">
 <metadata>
  <link href="https://www.coros.com">
   <text>COROS</text>
  </link>
  <time>2026-05-05T13:18:03Z</time>
 </metadata>
 <trk>
  <name>Rad</name>
  <type>cycling</type>
  <trkseg>
   <trkpt lat="51.0544342" lon="13.7508018">
    <ele>100</ele>
    <time>2026-05-05T13:18:03Z</time>
    <extensions>
     <gpxdata:hr>113</gpxdata:hr>
     <gpxdata:distance>0.00</gpxdata:distance>
     <gpxdata:speed>6.306</gpxdata:speed>
    </extensions>
   </trkpt>
   <trkpt lat="51.0544593" lon="13.7508717">
    <ele>100</ele>
    <time>2026-05-05T13:18:04Z</time>
    <extensions>
     <gpxdata:hr>113</gpxdata:hr>
     <gpxdata:distance>0.00</gpxdata:distance>
     <gpxdata:speed>6.306</gpxdata:speed>
    </extensions>
   </trkpt>
   <trkpt lat="51.0544810" lon="13.7509295">
    <ele>100</ele>
    <time>2026-05-05T13:18:05Z</time>
    <extensions>
     <gpxdata:hr>113</gpxdata:hr>
     <gpxdata:distance>0.00</gpxdata:distance>
     <gpxdata:speed>6.317</gpxdata:speed>
    </extensions>
   </trkpt>
   <trkpt lat="51.0545064" lon="13.7509992">
    <ele>100</ele>
    <time>2026-05-05T13:18:06Z</time>
    <extensions>
     <gpxdata:hr>114</gpxdata:hr>
     <gpxdata:distance>0.00</gpxdata:distance>
     <gpxdata:speed>6.331</gpxdata:speed>
    </extensions>
   </trkpt>
   <trkpt lat="51.0545339" lon="13.7510771">
    <ele>99</ele>
    <time>2026-05-05T13:18:07Z</time>
    <extensions>
     <gpxdata:hr>115</gpxdata:hr>
     <gpxdata:distance>0.00</gpxdata:distance>
     <gpxdata:speed>6.367</gpxdata:speed>
    </extensions>
   </trkpt>
   <trkpt lat="51.0545625" lon="13.7511596">
    <ele>99</ele>
    <time>2026-05-05T13:18:08Z</time>
    <extensions>
     <gpxdata:hr>114</gpxdata:hr>
     <gpxdata:distance>16.00</gpxdata:distance>
     <gpxdata:speed>7.186</gpxdata:speed>
    </extensions>
   </trkpt>
   <trkpt lat="51.0545917" lon="13.7512430">
    <ele>100</ele>
    <time>2026-05-05T13:18:09Z</time>
    <extensions>
     <gpxdata:hr>116</gpxdata:hr>
     <gpxdata:distance>32.00</gpxdata:distance>
     <gpxdata:speed>7.092</gpxdata:speed>
    </extensions>
   </trkpt>
   <trkpt lat="51.0546213" lon="13.7513271">
    <ele>100</ele>
    <time>2026-05-05T13:18:10Z</time>
    <extensions>
     <gpxdata:hr>116</gpxdata:hr>
     <gpxdata:distance>39.00</gpxdata:distance>
     <gpxdata:speed>7.031</gpxdata:speed>
    </extensions>
   </trkpt>
   <trkpt lat="51.0546516" lon="13.7514129">
    <ele>100</ele>
    <time>2026-05-05T13:18:11Z</time>
    <extensions>
     <gpxdata:hr>116</gpxdata:hr>
     <gpxdata:distance>46.00</gpxdata:distance>
     <gpxdata:speed>6.989</gpxdata:speed>
    </extensions>
   </trkpt>
   <trkpt lat="51.0546831" lon="13.7515008">
    <ele>100</ele>
    <time>2026-05-05T13:18:12Z</time>
    <extensions>
     <gpxdata:hr>116</gpxdata:hr>
     <gpxdata:distance>53.00</gpxdata:distance>
     <gpxdata:speed>6.983</gpxdata:speed>
    </extensions>
   </trkpt>
   <trkpt lat="51.0547158" lon="13.7515908">
    <ele>100</ele>
    <time>2026-05-05T13:18:13Z</time>
    <extensions>
     <gpxdata:hr>115</gpxdata:hr>
     <gpxdata:distance>60.00</gpxdata:distance>
     <gpxdata:speed>7.042</gpxdata:speed>
    </extensions>
   </trkpt>
   <trkpt lat="51.0547495" lon="13.7516836">
    <ele>100</ele>
    <time>2026-05-05T13:18:14Z</time>
    <extensions>
     <gpxdata:hr>114</gpxdata:hr>
     <gpxdata:distance>67.50</gpxdata:distance>
     <gpxdata:speed>7.211</gpxdata:speed>
    </extensions>
   </trkpt>
   <trkpt lat="51.0547841" lon="13.7517790">
    <ele>100</ele>
    <time>2026-05-05T13:18:15Z</time>
    <extensions>
     <gpxdata:hr>114</gpxdata:hr>
     <gpxdata:distance>75.00</gpxdata:distance>
     <gpxdata:speed>7.428</gpxdata:speed>
    </extensions>
   </trkpt>
   <trkpt lat="51.0548192" lon="13.7518765">
    <ele>100</ele>
    <time>2026-05-05T13:18:16Z</time>
    <extensions>
     <gpxdata:hr>114</gpxdata:hr>
     <gpxdata:distance>83.00</gpxdata:distance>
     <gpxdata:speed>7.619</gpxdata:speed>
    </extensions>
   </trkpt>
   <trkpt lat="51.0548540" lon="13.7519750">
    <ele>100</ele>
    <time>2026-05-05T13:18:17Z</time>
    <extensions>
     <gpxdata:hr>113</gpxdata:hr>
     <gpxdata:distance>91.00</gpxdata:distance>
     <gpxdata:speed>7.775</gpxdata:speed>
    </extensions>
   </trkpt>
   <trkpt lat="51.0548887" lon="13.7520743">
    <ele>100</ele>
    <time>2026-05-05T13:18:18Z</time>
    <extensions>
     <gpxdata:hr>113</gpxdata:hr>
     <gpxdata:distance>99.00</gpxdata:distance>
     <gpxdata:speed>7.831</gpxdata:speed>
    </extensions>
   </trkpt>
   <trkpt lat="51.0549235" lon="13.7521740">
    <ele>100</ele>
    <time>2026-05-05T13:18:19Z</time>
    <extensions>
     <gpxdata:hr>113</gpxdata:hr>
     <gpxdata:distance>107.00</gpxdata:distance>
     <gpxdata:speed>7.894</gpxdata:speed>
    </extensions>
   </trkpt>
   <trkpt lat="51.0549587" lon="13.7522738">
    <ele>99</ele>
    <time>2026-05-05T13:18:20Z</time>
    <extensions>
     <gpxdata:hr>113</gpxdata:hr>
     <gpxdata:distance>115.00</gpxdata:distance>
     <gpxdata:speed>7.939</gpxdata:speed>
    </extensions>
   </trkpt>
   <trkpt lat="51.0549942" lon="13.7523741">
    <ele>99</ele>
    <time>2026-05-05T13:18:21Z</time>
    <extensions>
     <gpxdata:hr>114</gpxdata:hr>
     <gpxdata:distance>123.00</gpxdata:distance>
     <gpxdata:speed>7.983</gpxdata:speed>
    </extensions>
   </trkpt>
   <trkpt lat="51.0550295" lon="13.7524749">
    <ele>99</ele>
    <time>2026-05-05T13:18:22Z</time>
    <extensions>
     <gpxdata:hr>114</gpxdata:hr>
     <gpxdata:distance>131.00</gpxdata:distance>
     <gpxdata:speed>8.033</gpxdata:speed>
    </extensions>
   </trkpt>
   <trkpt lat="51.0550649" lon="13.7525756">
    <ele>99</ele>
    <time>2026-05-05T13:18:23Z</time>
    <extensions>
     <gpxdata:hr>114</gpxdata:hr>
     <gpxdata:distance>139.00</gpxdata:distance>
     <gpxdata:speed>8.061</gpxdata:speed>
    </extensions>
   </trkpt>
   <trkpt lat="51.0551010" lon="13.7526752">
    <ele>99</ele>
    <time>2026-05-05T13:18:24Z</time>
    <extensions>
     <gpxdata:hr>113</gpxdata:hr>
     <gpxdata:distance>147.00</gpxdata:distance>
     <gpxdata:speed>8.075</gpxdata:speed>
    </extensions>
   </trkpt>
   <trkpt lat="51.0551371" lon="13.7527736">
    <ele>99</ele>
    <time>2026-05-05T13:18:25Z</time>
    <extensions>
     <gpxdata:hr>113</gpxdata:hr>
     <gpxdata:distance>155.00</gpxdata:distance>
     <gpxdata:speed>8.064</gpxdata:speed>
    </extensions>
   </trkpt>
   <trkpt lat="51.0551728" lon="13.7528706">
    <ele>99</ele>
    <time>2026-05-05T13:18:26Z</time>
    <extensions>
     <gpxdata:hr>112</gpxdata:hr>
     <gpxdata:distance>163.00</gpxdata:distance>
     <gpxdata:speed>8.033</gpxdata:speed>
    </extensions>
   </trkpt>
   <trkpt lat="51.0552077" lon="13.7529654">
    <ele>99</ele>
    <time>2026-05-05T13:18:27Z</time>
    <extensions>
     <gpxdata:hr>112</gpxdata:hr>
     <gpxdata:distance>171.00</gpxdata:distance>
     <gpxdata:speed>7.969</gpxdata:speed>
    </extensions>
   </trkpt>
   <trkpt lat="51.0552410" lon="13.7530573">
    <ele>99</ele>
    <time>2026-05-05T13:18:28Z</time>
    <extensions>
     <gpxdata:hr>112</gpxdata:hr>
     <gpxdata:distance>178.50</gpxdata:distance>
     <gpxdata:speed>7.861</gpxdata:speed>
    </extensions>
   </trkpt>
   <trkpt lat="51.0552734" lon="13.7531463">
    <ele>99</ele>
    <time>2026-05-05T13:18:29Z</time>
    <extensions>
     <gpxdata:hr>111</gpxdata:hr>
     <gpxdata:distance>186.00</gpxdata:distance>
     <gpxdata:speed>7.700</gpxdata:speed>
    </extensions>
   </trkpt>
   <trkpt lat="51.0553057" lon="13.7532331">
    <ele>99</ele>
    <time>2026-05-05T13:18:30Z</time>
    <extensions>
     <gpxdata:hr>110</gpxdata:hr>
     <gpxdata:distance>193.00</gpxdata:distance>
     <gpxdata:speed>7.519</gpxdata:speed>
    </extensions>
   </trkpt>
   <trkpt lat="51.0553389" lon="13.7533198">
    <ele>99</ele>
    <time>2026-05-05T13:18:31Z</time>
    <extensions>
     <gpxdata:hr>109</gpxdata:hr>
     <gpxdata:distance>200.00</gpxdata:distance>
     <gpxdata:speed>7.364</gpxdata:speed>
    </extensions>
   </trkpt>
   <trkpt lat="51.0553726" lon="13.7534078">
    <ele>99</ele>
    <time>2026-05-05T13:18:32Z</time>
    <extensions>
     <gpxdata:hr>109</gpxdata:hr>
     <gpxdata:distance>207.00</gpxdata:distance>
     <gpxdata:speed>7.247</gpxdata:speed>
    </extensions>
   </trkpt>
   <trkpt lat="51.0554081" lon="13.7534960">
    <ele>99</ele>
    <time>2026-05-05T13:18:33Z</time>
    <extensions>
     <gpxdata:hr>108</gpxdata:hr>
     <gpxdata:distance>214.00</gpxdata:distance>
     <gpxdata:speed>7.253</gpxdata:speed>
    </extensions>
   </trkpt>
   <trkpt lat="51.0554452" lon="13.7535837">
    <ele>100</ele>
    <time>2026-05-05T13:18:34Z</time>
    <extensions>
     <gpxdata:hr>108</gpxdata:hr>
     <gpxdata:distance>221.50</gpxdata:distance>
     <gpxdata:speed>7.317</gpxdata:speed>
    </extensions>
   </trkpt>
   <trkpt lat="51.0554827" lon="13.7536705">
    <ele>100</ele>
    <time>2026-05-05T13:18:35Z</time>
    <extensions>
     <gpxdata:hr>108</gpxdata:hr>
     <gpxdata:distance>229.00</gpxdata:distance>
     <gpxdata:speed>7.358</gpxdata:speed>
    </extensions>
   </trkpt>
   <trkpt lat="51.0555196" lon="13.7537568">
    <ele>100</ele>
    <time>2026-05-05T13:18:36Z</time>
    <extensions>
     <gpxdata:hr>108</gpxdata:hr>
     <gpxdata:distance>236.50</gpxdata:distance>
     <gpxdata:speed>7.339</gpxdata:speed>
    </extensions>
   </trkpt>
   <trkpt lat="51.0555555" lon="13.7538432">
    <ele>100</ele>
    <time>2026-05-05T13:18:37Z</time>
    <extensions>
     <gpxdata:hr>109</gpxdata:hr>
     <gpxdata:distance>244.00</gpxdata:distance>
     <gpxdata:speed>7.294</gpxdata:speed>
    </extensions>
   </trkpt>
   <trkpt lat="51.0555909" lon="13.7539303">
    <ele>100</ele>
    <time>2026-05-05T13:18:38Z</time>
    <extensions>
     <gpxdata:hr>108</gpxdata:hr>
     <gpxdata:distance>251.00</gpxdata:distance>
     <gpxdata:speed>7.267</gpxdata:speed>
    </extensions>
   </trkpt>
   <trkpt lat="51.0556271" lon="13.7540170">
    <ele>100</ele>
    <time>2026-05-05T13:18:39Z</time>
    <extensions>
     <gpxdata:hr>108</gpxdata:hr>
     <gpxdata:distance>258.00</gpxdata:distance>
     <gpxdata:speed>7.267</gpxdata:speed>
    </extensions>
   </trkpt>
   <trkpt lat="51.0556637" lon="13.7541032">
    <ele>100</ele>
    <time>2026-05-05T13:18:40Z</time>
    <extensions>
     <gpxdata:hr>107</gpxdata:hr>
     <gpxdata:distance>265.50</gpxdata:distance>
     <gpxdata:speed>7.278</gpxdata:speed>
    </extensions>
   </trkpt>
   <trkpt lat="51.0557007" lon="13.7541893">
    <ele>100</ele>
    <time>2026-05-05T13:18:41Z</time>
    <extensions>
     <gpxdata:hr>107</gpxdata:hr>
     <gpxdata:distance>273.00</gpxdata:distance>
     <gpxdata:speed>7.281</gpxdata:speed>
    </extensions>
   </trkpt>
   <trkpt lat="51.0557375" lon="13.7542759">
    <ele>100</ele>
    <time>2026-05-05T13:18:42Z</time>
    <extensions>
     <gpxdata:hr>107</gpxdata:hr>
     <gpxdata:distance>280.00</gpxdata:distance>
     <gpxdata:speed>7.289</gpxdata:speed>
    </extensions>
   </trkpt>
   <trkpt lat="51.0557737" lon="13.7543638">
    <ele>100</ele>
    <time>2026-05-05T13:18:43Z</time>
    <extensions>
     <gpxdata:hr>107</gpxdata:hr>
     <gpxdata:distance>287.00</gpxdata:distance>
     <gpxdata:speed>7.297</gpxdata:speed>
    </extensions>
   </trkpt>
   <trkpt lat="51.0558106" lon="13.7544524">
    <ele>100</ele>
    <time>2026-05-05T13:18:44Z</time>
    <extensions>
     <gpxdata:hr>108</gpxdata:hr>
     <gpxdata:distance>294.50</gpxdata:distance>
     <gpxdata:speed>7.319</gpxdata:speed>
    </extensions>
   </trkpt>
   <trkpt lat="51.0558494" lon="13.7545414">
    <ele>99</ele>
    <time>2026-05-05T13:18:45Z</time>
    <extensions>
     <gpxdata:hr>109</gpxdata:hr>
     <gpxdata:distance>302.00</gpxdata:distance>
     <gpxdata:speed>7.364</gpxdata:speed>
    </extensions>
   </trkpt>
   <trkpt lat="51.0558893" lon="13.7546320">
    <ele>99</ele>
    <time>2026-05-05T13:18:46Z</time>
    <extensions>
     <gpxdata:hr>110</gpxdata:hr>
     <gpxdata:distance>310.00</gpxdata:distance>
     <gpxdata:speed>7.447</gpxdata:speed>
    </extensions>
   </trkpt>
   <trkpt lat="51.0559288" lon="13.7547260">
    <ele>99</ele>
    <time>2026-05-05T13:18:47Z</time>
    <extensions>
     <gpxdata:hr>110</gpxdata:hr>
     <gpxdata:distance>318.00</gpxdata:distance>
     <gpxdata:speed>7.556</gpxdata:speed>
    </extensions>
   </trkpt>
   <trkpt lat="51.0559674" lon="13.7548229">
    <ele>99</ele>
    <time>2026-05-05T13:18:48Z</time>
    <extensions>
     <gpxdata:hr>111</gpxdata:hr>
     <gpxdata:distance>326.00</gpxdata:distance>
     <gpxdata:speed>7.686</gpxdata:speed>
    </extensions>
   </trkpt>
   <trkpt lat="51.0560053" lon="13.7549210">
    <ele>99</ele>
    <time>2026-05-05T13:18:49Z</time>
    <extensions>
     <gpxdata:hr>112</gpxdata:hr>
     <gpxdata:distance>334.00</gpxdata:distance>
     <gpxdata:speed>7.811</gpxdata:speed>
    </extensions>
   </trkpt>
   <trkpt lat="51.0560437" lon="13.7550192">
    <ele>99</ele>
    <time>2026-05-05T13:18:50Z</time>
    <extensions>
     <gpxdata:hr>112</gpxdata:hr>
     <gpxdata:distance>342.00</gpxdata:distance>
     <gpxdata:speed>7.944</gpxdata:speed>
    </extensions>
   </trkpt>
   <trkpt lat="51.0560821" lon="13.7551170">
    <ele>99</ele>
    <time>2026-05-05T13:18:51Z</time>
    <extensions>
     <gpxdata:hr>113</gpxdata:hr>
     <gpxdata:distance>350.00</gpxdata:distance>
     <gpxdata:speed>8.033</gpxdata:speed>
    </extensions>
   </trkpt>
   <trkpt lat="51.0561219" lon="13.7552139">
    <ele>99</ele>
    <time>2026-05-05T13:18:52Z</time>
    <extensions>
     <gpxdata:hr>113</gpxdata:hr>
     <gpxdata:distance>358.00</gpxdata:distance>
     <gpxdata:speed>8.042</gpxdata:speed>
    </extensions>
   </trkpt>
   <trkpt lat="51.0561637" lon="13.7553085">
    <ele>99</ele>
    <time>2026-05-05T13:18:53Z</time>
    <extensions>
     <gpxdata:hr>113</gpxdata:hr>
     <gpxdata:distance>366.00</gpxdata:distance>
     <gpxdata:speed>8.083</gpxdata:speed>
    </extensions>
   </trkpt>
   <trkpt lat="51.0562063" lon="13.7554015">
    <ele>99</ele>
    <time>2026-05-05T13:18:54Z</time>
    <extensions>
     <gpxdata:hr>114</gpxdata:hr>
     <gpxdata:distance>374.00</gpxdata:distance>
     <gpxdata:speed>8.086</gpxdata:speed>
    </extensions>
   </trkpt>
   <trkpt lat="51.0562479" lon="13.7554945">
    <ele>99</ele>
    <time>2026-05-05T13:18:55Z</time>
    <extensions>
     <gpxdata:hr>115</gpxdata:hr>
     <gpxdata:distance>382.00</gpxdata:distance>
     <gpxdata:speed>8.056</gpxdata:speed>
    </extensions>
   </trkpt>
   <trkpt lat="51.0562879" lon="13.7555888">
    <ele>99</ele>
    <time>2026-05-05T13:18:56Z</time>
    <extensions>
     <gpxdata:hr>115</gpxdata:hr>
     <gpxdata:distance>390.00</gpxdata:distance>
     <gpxdata:speed>8.017</gpxdata:speed>
    </extensions>
   </trkpt>
   <trkpt lat="51.0563274" lon="13.7556842">
    <ele>100</ele>
    <time>2026-05-05T13:18:57Z</time>
    <extensions>
     <gpxdata:hr>116</gpxdata:hr>
     <gpxdata:distance>398.00</gpxdata:distance>
     <gpxdata:speed>8.006</gpxdata:speed>
    </extensions>
   </trkpt>
   <trkpt lat="51.0563665" lon="13.7557803">
    <ele>100</ele>
    <time>2026-05-05T13:18:58Z</time>
    <extensions>
     <gpxdata:hr>116</gpxdata:hr>
     <gpxdata:distance>406.00</gpxdata:distance>
     <gpxdata:speed>8.006</gpxdata:speed>
    </extensions>
   </trkpt>
   <trkpt lat="51.0564066" lon="13.7558764">
    <ele>100</ele>
    <time>2026-05-05T13:18:59Z</time>
    <extensions>
     <gpxdata:hr>115</gpxdata:hr>
     <gpxdata:distance>414.00</gpxdata:distance>
     <gpxdata:speed>8.006</gpxdata:speed>
    </extensions>
   </trkpt>
   <trkpt lat="51.0564475" lon="13.7559717">
    <ele>100</ele>
    <time>2026-05-05T13:19:00Z</time>
    <extensions>
     <gpxdata:hr>116</gpxdata:hr>
     <gpxdata:distance>422.00</gpxdata:distance>
     <gpxdata:speed>8.036</gpxdata:speed>
    </extensions>
   </trkpt>
   <trkpt lat="51.0564900" lon="13.7560663">
    <ele>99</ele>
    <time>2026-05-05T13:19:01Z</time>
    <extensions>
     <gpxdata:hr>116</gpxdata:hr>
     <gpxdata:distance>430.00</gpxdata:distance>
     <gpxdata:speed>8.047</gpxdata:speed>
    </extensions>
   </trkpt>
   <trkpt lat="51.0565335" lon="13.7561597">
    <ele>99</ele>
    <time>2026-05-05T13:19:02Z</time>
    <extensions>
     <gpxdata:hr>118</gpxdata:hr>
     <gpxdata:distance>438.50</gpxdata:distance>
     <gpxdata:speed>8.083</gpxdata:speed>
    </extensions>
   </trkpt>
   <trkpt lat="51.0565773" lon="13.7562529">
    <ele>99</ele>
    <time>2026-05-05T13:19:03Z</time>
    <extensions>
     <gpxdata:hr>119</gpxdata:hr>
     <gpxdata:distance>447.00</gpxdata:distance>
     <gpxdata:speed>8.097</gpxdata:speed>
    </extensions>
   </trkpt>
   <trkpt lat="51.0566201" lon="13.7563472">
    <ele>98</ele>
    <time>2026-05-05T13:19:04Z</time>
    <extensions>
     <gpxdata:hr>120</gpxdata:hr>
     <gpxdata:distance>455.00</gpxdata:distance>
     <gpxdata:speed>8.111</gpxdata:speed>
    </extensions>
   </trkpt>
   <trkpt lat="51.0566626" lon="13.7564418">
    <ele>98</ele>
    <time>2026-05-05T13:19:05Z</time>
    <extensions>
     <gpxdata:hr>121</gpxdata:hr>
     <gpxdata:distance>463.00</gpxdata:distance>
     <gpxdata:speed>8.122</gpxdata:speed>
    </extensions>
   </trkpt>
   <trkpt lat="51.0567057" lon="13.7565361">
    <ele>98</ele>
    <time>2026-05-05T13:19:06Z</time>
    <extensions>
     <gpxdata:hr>121</gpxdata:hr>
     <gpxdata:distance>471.00</gpxdata:distance>
     <gpxdata:speed>8.125</gpxdata:speed>
    </extensions>
   </trkpt>
   <trkpt lat="51.0567493" lon="13.7566306">
    <ele>98</ele>
    <time>2026-05-05T13:19:07Z</time>
    <extensions>
     <gpxdata:hr>121</gpxdata:hr>
     <gpxdata:distance>479.00</gpxdata:distance>
     <gpxdata:speed>8.136</gpxdata:speed>
    </extensions>
   </trkpt>
   <trkpt lat="51.0567933" lon="13.7567254">
    <ele>98</ele>
    <time>2026-05-05T13:19:08Z</time>
    <extensions>
     <gpxdata:hr>121</gpxdata:hr>
     <gpxdata:distance>487.50</gpxdata:distance>
     <gpxdata:speed>8.164</gpxdata:speed>
    </extensions>
   </trkpt>
   <trkpt lat="51.0568372" lon="13.7568200">
    <ele>98</ele>
    <time>2026-05-05T13:19:09Z</time>
    <extensions>
     <gpxdata:hr>120</gpxdata:hr>
     <gpxdata:distance>496.00</gpxdata:distance>
     <gpxdata:speed>8.194</gpxdata:speed>
    </extensions>
   </trkpt>
   <trkpt lat="51.0568808" lon="13.7569143">
    <ele>97</ele>
    <time>2026-05-05T13:19:10Z</time>
    <extensions>
     <gpxdata:hr>119</gpxdata:hr>
     <gpxdata:distance>504.00</gpxdata:distance>
     <gpxdata:speed>8.206</gpxdata:speed>
    </extensions>
   </trkpt>
   <trkpt lat="51.0569239" lon="13.7570073">
    <ele>97</ele>
    <time>2026-05-05T13:19:11Z</time>
    <extensions>
     <gpxdata:hr>120</gpxdata:hr>
     <gpxdata:distance>512.00</gpxdata:distance>
     <gpxdata:speed>8.194</gpxdata:speed>
    </extensions>
   </trkpt>
   <trkpt lat="51.0569664" lon="13.7570983">
    <ele>97</ele>
    <time>2026-05-05T13:19:12Z</time>
    <extensions>
     <gpxdata:hr>119</gpxdata:hr>
     <gpxdata:distance>520.00</gpxdata:distance>
     <gpxdata:speed>8.150</gpxdata:speed>
    </extensions>
   </trkpt>
   <trkpt lat="51.0570083" lon="13.7571885">
    <ele>97</ele>
    <time>2026-05-05T13:19:13Z</time>
    <extensions>
     <gpxdata:hr>120</gpxdata:hr>
     <gpxdata:distance>528.00</gpxdata:distance>
     <gpxdata:speed>8.064</gpxdata:speed>
    </extensions>
   </trkpt>
   <trkpt lat="51.0570501" lon="13.7572789">
    <ele>97</ele>
    <time>2026-05-05T13:19:14Z</time>
    <extensions>
     <gpxdata:hr>119</gpxdata:hr>
     <gpxdata:distance>536.00</gpxdata:distance>
     <gpxdata:speed>7.989</gpxdata:speed>
    </extensions>
   </trkpt>
   <trkpt lat="51.0570924" lon="13.7573697">
    <ele>97</ele>
    <time>2026-05-05T13:19:15Z</time>
    <extensions>
     <gpxdata:hr>120</gpxdata:hr>
     <gpxdata:distance>544.00</gpxdata:distance>
     <gpxdata:speed>7.947</gpxdata:speed>
    </extensions>
   </trkpt>
   <trkpt lat="51.0571353" lon="13.7574610">
    <ele>97</ele>
    <time>2026-05-05T13:19:16Z</time>
    <extensions>
     <gpxdata:hr>120</gpxdata:hr>
     <gpxdata:distance>552.00</gpxdata:distance>
     <gpxdata:speed>7.942</gpxdata:speed>
    </extensions>
   </trkpt>
   <trkpt lat="51.0571789" lon="13.7575528">
    <ele>97</ele>
    <time>2026-05-05T13:19:17Z</time>
    <extensions>
     <gpxdata:hr>120</gpxdata:hr>
     <gpxdata:distance>560.00</gpxdata:distance>
     <gpxdata:speed>7.956</gpxdata:speed>
    </extensions>
   </trkpt>
   <trkpt lat="51.0572237" lon="13.7576444">
    <ele>97</ele>
    <time>2026-05-05T13:19:18Z</time>
    <extensions>
     <gpxdata:hr>120</gpxdata:hr>
     <gpxdata:distance>568.00</gpxdata:distance>
     <gpxdata:speed>7.989</gpxdata:speed>
    </extensions>
   </trkpt>
   <trkpt lat="51.0572692" lon="13.7577361">
    <ele>98</ele>
    <time>2026-05-05T13:19:19Z</time>
    <extensions>
     <gpxdata:hr>120</gpxdata:hr>
     <gpxdata:distance>576.00</gpxdata:distance>
     <gpxdata:speed>8.031</gpxdata:speed>
    </extensions>
   </trkpt>
   <trkpt lat="51.0573141" lon="13.7578287">
    <ele>98</ele>
    <time>2026-05-05T13:19:20Z</time>
    <extensions>
     <gpxdata:hr>120</gpxdata:hr>
     <gpxdata:distance>584.00</gpxdata:distance>
     <gpxdata:speed>8.078</gpxdata:speed>
    </extensions>
   </trkpt>
   <trkpt lat="51.0573586" lon="13.7579224">
    <ele>98</ele>
    <time>2026-05-05T13:19:21Z</time>
    <extensions>
     <gpxdata:hr>121</gpxdata:hr>
     <gpxdata:distance>592.00</gpxdata:distance>
     <gpxdata:speed>8.111</gpxdata:speed>
    </extensions>
   </trkpt>
   <trkpt lat="51.0574033" lon="13.7580169">
    <ele>97</ele>
    <time>2026-05-05T13:19:22Z</time>
    <extensions>
     <gpxdata:hr>121</gpxdata:hr>
     <gpxdata:distance>600.50</gpxdata:distance>
     <gpxdata:speed>8.144</gpxdata:speed>
    </extensions>
   </trkpt>
   <trkpt lat="51.0574481" lon="13.7581118">
    <ele>97</ele>
    <time>2026-05-05T13:19:23Z</time>
    <extensions>
     <gpxdata:hr>121</gpxdata:hr>
     <gpxdata:distance>609.00</gpxdata:distance>
     <gpxdata:speed>8.192</gpxdata:speed>
    </extensions>
   </trkpt>
   <trkpt lat="51.0574931" lon="13.7582069">
    <ele>97</ele>
    <time>2026-05-05T13:19:24Z</time>
    <extensions>
     <gpxdata:hr>121</gpxdata:hr>
     <gpxdata:distance>617.00</gpxdata:distance>
     <gpxdata:speed>8.236</gpxdata:speed>
    </extensions>
   </trkpt>
   <trkpt lat="51.0575387" lon="13.7583013">
    <ele>97</ele>
    <time>2026-05-05T13:19:25Z</time>
    <extensions>
     <gpxdata:hr>121</gpxdata:hr>
     <gpxdata:distance>625.00</gpxdata:distance>
     <gpxdata:speed>8.269</gpxdata:speed>
    </extensions>
   </trkpt>
   <trkpt lat="51.0575846" lon="13.7583954">
    <ele>98</ele>
    <time>2026-05-05T13:19:26Z</time>
    <extensions>
     <gpxdata:hr>121</gpxdata:hr>
     <gpxdata:distance>633.50</gpxdata:distance>
     <gpxdata:speed>8.294</gpxdata:speed>
    </extensions>
   </trkpt>
   <trkpt lat="51.0576309" lon="13.7584893">
    <ele>98</ele>
    <time>2026-05-05T13:19:27Z</time>
    <extensions>
     <gpxdata:hr>121</gpxdata:hr>
     <gpxdata:distance>642.00</gpxdata:distance>
     <gpxdata:speed>8.311</gpxdata:speed>
    </extensions>
   </trkpt>
   <trkpt lat="51.0576769" lon="13.7585842">
    <ele>98</ele>
    <time>2026-05-05T13:19:28Z</time>
    <extensions>
     <gpxdata:hr>121</gpxdata:hr>
     <gpxdata:distance>650.50</gpxdata:distance>
     <gpxdata:speed>8.328</gpxdata:speed>
    </extensions>
   </trkpt>
   <trkpt lat="51.0577226" lon="13.7586799">
    <ele>98</ele>
    <time>2026-05-05T13:19:29Z</time>
    <extensions>
     <gpxdata:hr>121</gpxdata:hr>
     <gpxdata:distance>659.00</gpxdata:distance>
     <gpxdata:speed>8.347</gpxdata:speed>
    </extensions>
   </trkpt>
   <trkpt lat="51.0577681" lon="13.7587763">
    <ele>98</ele>
    <time>2026-05-05T13:19:30Z</time>
    <extensions>
     <gpxdata:hr>122</gpxdata:hr>
     <gpxdata:distance>667.50</gpxdata:distance>
     <gpxdata:speed>8.375</gpxdata:speed>
    </extensions>
   </trkpt>
   <trkpt lat="51.0578141" lon="13.7588726">
    <ele>98</ele>
    <time>2026-05-05T13:19:31Z</time>
    <extensions>
     <gpxdata:hr>122</gpxdata:hr>
     <gpxdata:distance>676.00</gpxdata:distance>
     <gpxdata:speed>8.397</gpxdata:speed>
    </extensions>
   </trkpt>
   <trkpt lat="51.0578604" lon="13.7589691">
    <ele>98</ele>
    <time>2026-05-05T13:19:32Z</time>
    <extensions>
     <gpxdata:hr>123</gpxdata:hr>
     <gpxdata:distance>684.50</gpxdata:distance>
     <gpxdata:speed>8.422</gpxdata:speed>
    </extensions>
   </trkpt>
   <trkpt lat="51.0579070" lon="13.7590662">
    <ele>98</ele>
    <time>2026-05-05T13:19:33Z</time>
    <extensions>
     <gpxdata:hr>123</gpxdata:hr>
     <gpxdata:distance>693.00</gpxdata:distance>
     <gpxdata:speed>8.447</gpxdata:speed>
    </extensions>
   </trkpt>
   <trkpt lat="51.0579542" lon="13.7591631">
    <ele>98</ele>
    <time>2026-05-05T13:19:34Z</time>
    <extensions>
     <gpxdata:hr>124</gpxdata:hr>
     <gpxdata:distance>701.50</gpxdata:distance>
     <gpxdata:speed>8.486</gpxdata:speed>
    </extensions>
   </trkpt>
   <trkpt lat="51.0580038" lon="13.7592576">
    <ele>98</ele>
    <time>2026-05-05T13:19:35Z</time>
    <extensions>
     <gpxdata:hr>124</gpxdata:hr>
     <gpxdata:distance>710.00</gpxdata:distance>
     <gpxdata:speed>8.517</gpxdata:speed>
    </extensions>
   </trkpt>
   <trkpt lat="51.0580562" lon="13.7593489">
    <ele>98</ele>
    <time>2026-05-05T13:19:36Z</time>
    <extensions>
     <gpxdata:hr>125</gpxdata:hr>
     <gpxdata:distance>718.50</gpxdata:distance>
     <gpxdata:speed>8.556</gpxdata:speed>
    </extensions>
   </trkpt>
   <trkpt lat="51.0581101" lon="13.7594391">
    <ele>98</ele>
    <time>2026-05-05T13:19:37Z</time>
    <extensions>
     <gpxdata:hr>125</gpxdata:hr>
     <gpxdata:distance>727.00</gpxdata:distance>
     <gpxdata:speed>8.594</gpxdata:speed>
    </extensions>
   </trkpt>
   <trkpt lat="51.0581628" lon="13.7595316">
    <ele>98</ele>
    <time>2026-05-05T13:19:38Z</time>
    <extensions>
     <gpxdata:hr>125</gpxdata:hr>
     <gpxdata:distance>736.00</gpxdata:distance>
     <gpxdata:speed>8.636</gpxdata:speed>
    </extensions>
   </trkpt>
   <trkpt lat="51.0582135" lon="13.7596275">
    <ele>98</ele>
    <time>2026-05-05T13:19:39Z</time>
    <extensions>
     <gpxdata:hr>125</gpxdata:hr>
     <gpxdata:distance>745.00</gpxdata:distance>
     <gpxdata:speed>8.678</gpxdata:speed>
    </extensions>
   </trkpt>
   <trkpt lat="51.0582625" lon="13.7597252">
    <ele>98</ele>
    <time>2026-05-05T13:19:40Z</time>
    <extensions>
     <gpxdata:hr>125</gpxdata:hr>
     <gpxdata:distance>753.50</gpxdata:distance>
     <gpxdata:speed>8.711</gpxdata:speed>
    </extensions>
   </trkpt>
   <trkpt lat="51.0583108" lon="13.7598228">
    <ele>98</ele>
    <time>2026-05-05T13:19:41Z</time>
    <extensions>
     <gpxdata:hr>125</gpxdata:hr>
     <gpxdata:distance>762.00</gpxdata:distance>
     <gpxdata:speed>8.722</gpxdata:speed>
    </extensions>
   </trkpt>
   <trkpt lat="51.0583587" lon="13.7599201">
    <ele>98</ele>
    <time>2026-05-05T13:19:42Z</time>
    <extensions>
     <gpxdata:hr>125</gpxdata:hr>
     <gpxdata:distance>771.00</gpxdata:distance>
     <gpxdata:speed>8.706</gpxdata:speed>
    </extensions>
   </trkpt>
   <trkpt lat="51.0584064" lon="13.7600170">
    <ele>98</ele>
    <time>2026-05-05T13:19:43Z</time>
    <extensions>
     <gpxdata:hr>125</gpxdata:hr>
     <gpxdata:distance>780.00</gpxdata:distance>
     <gpxdata:speed>8.686</gpxdata:speed>
    </extensions>
   </trkpt>
   <trkpt lat="51.0584533" lon="13.7601118">
    <ele>98</ele>
    <time>2026-05-05T13:19:44Z</time>
    <extensions>
     <gpxdata:hr>125</gpxdata:hr>
     <gpxdata:distance>788.00</gpxdata:distance>
     <gpxdata:speed>8.661</gpxdata:speed>
    </extensions>
   </trkpt>
   <trkpt lat="51.0584998" lon="13.7602041">
    <ele>98</ele>
    <time>2026-05-05T13:19:45Z</time>
    <extensions>
     <gpxdata:hr>125</gpxdata:hr>
     <gpxdata:distance>796.00</gpxdata:distance>
     <gpxdata:speed>8.572</gpxdata:speed>
    </extensions>
   </trkpt>
   <trkpt lat="51.0585466" lon="13.7602955">
    <ele>98</ele>
    <time>2026-05-05T13:19:46Z</time>
    <extensions>
     <gpxdata:hr>126</gpxdata:hr>
     <gpxdata:distance>804.50</gpxdata:distance>
     <gpxdata:speed>8.464</gpxdata:speed>
    </extensions>
   </trkpt>
   <trkpt lat="51.0585946" lon="13.7603902">
    <ele>98</ele>
    <time>2026-05-05T13:19:47Z</time>
    <extensions>
     <gpxdata:hr>127</gpxdata:hr>
     <gpxdata:distance>813.00</gpxdata:distance>
     <gpxdata:speed>8.397</gpxdata:speed>
    </extensions>
   </trkpt>
   <trkpt lat="51.0586429" lon="13.7604873">
    <ele>98</ele>
    <time>2026-05-05T13:19:48Z</time>
    <extensions>
     <gpxdata:hr>127</gpxdata:hr>
     <gpxdata:distance>821.50</gpxdata:distance>
     <gpxdata:speed>8.461</gpxdata:speed>
    </extensions>
   </trkpt>
   <trkpt lat="51.0586908" lon="13.7605831">
    <ele>98</ele>
    <time>2026-05-05T13:19:49Z</time>
    <extensions>
     <gpxdata:hr>127</gpxdata:hr>
     <gpxdata:distance>830.00</gpxdata:distance>
     <gpxdata:speed>8.536</gpxdata:speed>
    </extensions>
   </trkpt>
   <trkpt lat="51.0587380" lon="13.7606774">
    <ele>98</ele>
    <time>2026-05-05T13:19:50Z</time>
    <extensions>
     <gpxdata:hr>127</gpxdata:hr>
     <gpxdata:distance>838.50</gpxdata:distance>
     <gpxdata:speed>8.519</gpxdata:speed>
    </extensions>
   </trkpt>
   <trkpt lat="51.0587845" lon="13.7607712">
    <ele>98</ele>
    <time>2026-05-05T13:19:51Z</time>
    <extensions>
     <gpxdata:hr>128</gpxdata:hr>
     <gpxdata:distance>847.00</gpxdata:distance>
     <gpxdata:speed>8.472</gpxdata:speed>
    </extensions>
   </trkpt>
   <trkpt lat="51.0588307" lon="13.7608647">
    <ele>98</ele>
    <time>2026-05-05T13:19:52Z</time>
    <extensions>
     <gpxdata:hr>128</gpxdata:hr>
     <gpxdata:distance>855.50</gpxdata:distance>
     <gpxdata:speed>8.431</gpxdata:speed>
    </extensions>
   </trkpt>
   <trkpt lat="51.0588773" lon="13.7609577">
    <ele>98</ele>
    <time>2026-05-05T13:19:53Z</time>
    <extensions>
     <gpxdata:hr>128</gpxdata:hr>
     <gpxdata:distance>864.00</gpxdata:distance>
     <gpxdata:speed>8.394</gpxdata:speed>
    </extensions>
   </trkpt>
   <trkpt lat="51.0589241" lon="13.7610500">
    <ele>98</ele>
    <time>2026-05-05T13:19:54Z</time>
    <extensions>
     <gpxdata:hr>128</gpxdata:hr>
     <gpxdata:distance>872.00</gpxdata:distance>
     <gpxdata:speed>8.372</gpxdata:speed>
    </extensions>
   </trkpt>
   <trkpt lat="51.0589704" lon="13.7611423">
    <ele>98</ele>
    <time>2026-05-05T13:19:55Z</time>
    <extensions>
     <gpxdata:hr>128</gpxdata:hr>
     <gpxdata:distance>880.00</gpxdata:distance>
     <gpxdata:speed>8.347</gpxdata:speed>
    </extensions>
   </trkpt>
   <trkpt lat="51.0590153" lon="13.7612355">
    <ele>98</ele>
    <time>2026-05-05T13:19:56Z</time>
    <extensions>
     <gpxdata:hr>128</gpxdata:hr>
     <gpxdata:distance>888.50</gpxdata:distance>
     <gpxdata:speed>8.319</gpxdata:speed>
    </extensions>
   </trkpt>
   <trkpt lat="51.0590601" lon="13.7613282">
    <ele>98</ele>
    <time>2026-05-05T13:19:57Z</time>
    <extensions>
     <gpxdata:hr>127</gpxdata:hr>
     <gpxdata:distance>897.00</gpxdata:distance>
     <gpxdata:speed>8.283</gpxdata:speed>
    </extensions>
   </trkpt>
   <trkpt lat="51.0591053" lon="13.7614202">
    <ele>98</ele>
    <time>2026-05-05T13:19:58Z</time>
    <extensions>
     <gpxdata:hr>128</gpxdata:hr>
     <gpxdata:distance>905.00</gpxdata:distance>
     <gpxdata:speed>8.247</gpxdata:speed>
    </extensions>
   </trkpt>
   <trkpt lat="51.0591507" lon="13.7615120">
    <ele>97</ele>
    <time>2026-05-05T13:19:59Z</time>
    <extensions>
     <gpxdata:hr>127</gpxdata:hr>
     <gpxdata:distance>913.00</gpxdata:distance>
     <gpxdata:speed>8.217</gpxdata:speed>
    </extensions>
   </trkpt>
   <trkpt lat="51.0591962" lon="13.7616044">
    <ele>97</ele>
    <time>2026-05-05T13:20:00Z</time>
    <extensions>
     <gpxdata:hr>126</gpxdata:hr>
     <gpxdata:distance>921.50</gpxdata:distance>
     <gpxdata:speed>8.203</gpxdata:speed>
    </extensions>
   </trkpt>
   <trkpt lat="51.0592423" lon="13.7616972">
    <ele>97</ele>
    <time>2026-05-05T13:20:01Z</time>
    <extensions>
     <gpxdata:hr>125</gpxdata:hr>
     <gpxdata:distance>930.00</gpxdata:distance>
     <gpxdata:speed>8.211</gpxdata:speed>
    </extensions>
   </trkpt>
   <trkpt lat="51.0592888" lon="13.7617904">
    <ele>97</ele>
    <time>2026-05-05T13:20:02Z</time>
    <extensions>
     <gpxdata:hr>125</gpxdata:hr>
     <gpxdata:distance>938.00</gpxdata:distance>
     <gpxdata:speed>8.233</gpxdata:speed>
    </extensions>
   </trkpt>
   <trkpt lat="51.0593358" lon="13.7618836">
    <ele>97</ele>
    <time>2026-05-05T13:20:03Z</time>
    <extensions>
     <gpxdata:hr>125</gpxdata:hr>
     <gpxdata:distance>946.00</gpxdata:distance>
     <gpxdata:speed>8.264</gpxdata:speed>
    </extensions>
   </trkpt>
   <trkpt lat="51.0593832" lon="13.7619774">
    <ele>97</ele>
    <time>2026-05-05T13:20:04Z</time>
    <extensions>
     <gpxdata:hr>125</gpxdata:hr>
     <gpxdata:distance>954.50</gpxdata:distance>
     <gpxdata:speed>8.297</gpxdata:speed>
    </extensions>
   </trkpt>
   <trkpt lat="51.0594307" lon="13.7620720">
    <ele>97</ele>
    <time>2026-05-05T13:20:05Z</time>
    <extensions>
     <gpxdata:hr>125</gpxdata:hr>
     <gpxdata:distance>963.00</gpxdata:distance>
     <gpxdata:speed>8.339</gpxdata:speed>
    </extensions>
   </trkpt>
   <trkpt lat="51.0594777" lon="13.7621676">
    <ele>98</ele>
    <time>2026-05-05T13:20:06Z</time>
    <extensions>
     <gpxdata:hr>125</gpxdata:hr>
     <gpxdata:distance>971.50</gpxdata:distance>
     <gpxdata:speed>8.383</gpxdata:speed>
    </extensions>
   </trkpt>
   <trkpt lat="51.0595247" lon="13.7622638">
    <ele>98</ele>
    <time>2026-05-05T13:20:07Z</time>
    <extensions>
     <gpxdata:hr>127</gpxdata:hr>
     <gpxdata:distance>980.00</gpxdata:distance>
     <gpxdata:speed>8.419</gpxdata:speed>
    </extensions>
   </trkpt>
   <trkpt lat="51.0595724" lon="13.7623604">
    <ele>97</ele>
    <time>2026-05-05T13:20:08Z</time>
    <extensions>
     <gpxdata:hr>128</gpxdata:hr>
     <gpxdata:distance>988.50</gpxdata:distance>
     <gpxdata:speed>8.458</gpxdata:speed>
    </extensions>
   </trkpt>
   <trkpt lat="51.0596208" lon="13.7624565">
    <ele>97</ele>
    <time>2026-05-05T13:20:09Z</time>
    <extensions>
     <gpxdata:hr>128</gpxdata:hr>
     <gpxdata:distance>997.00</gpxdata:distance>
     <gpxdata:speed>8.511</gpxdata:speed>
    </extensions>
   </trkpt>
   <trkpt lat="51.0596694" lon="13.7625518">
    <ele>98</ele>
    <time>2026-05-05T13:20:10Z</time>
    <extensions>
     <gpxdata:hr>129</gpxdata:hr>
     <gpxdata:distance>1005.50</gpxdata:distance>
     <gpxdata:speed>8.544</gpxdata:speed>
    </extensions>
   </trkpt>
   <trkpt lat="51.0597178" lon="13.7626475">
    <ele>97</ele>
    <time>2026-05-05T13:20:11Z</time>
    <extensions>
     <gpxdata:hr>129</gpxdata:hr>
     <gpxdata:distance>1014.00</gpxdata:distance>
     <gpxdata:speed>8.558</gpxdata:speed>
    </extensions>
   </trkpt>
   <trkpt lat="51.0597656" lon="13.7627440">
    <ele>97</ele>
    <time>2026-05-05T13:20:12Z</time>
    <extensions>
     <gpxdata:hr>128</gpxdata:hr>
     <gpxdata:distance>1023.00</gpxdata:distance>
     <gpxdata:speed>8.572</gpxdata:speed>
    </extensions>
   </trkpt>
   <trkpt lat="51.0598124" lon="13.7628416">
    <ele>97</ele>
    <time>2026-05-05T13:20:13Z</time>
    <extensions>
     <gpxdata:hr>128</gpxdata:hr>
     <gpxdata:distance>1032.00</gpxdata:distance>
     <gpxdata:speed>8.583</gpxdata:speed>
    </extensions>
   </trkpt>
   <trkpt lat="51.0598583" lon="13.7629401">
    <ele>97</ele>
    <time>2026-05-05T13:20:14Z</time>
    <extensions>
     <gpxdata:hr>128</gpxdata:hr>
     <gpxdata:distance>1040.50</gpxdata:distance>
     <gpxdata:speed>8.583</gpxdata:speed>
    </extensions>
   </trkpt>
   <trkpt lat="51.0599034" lon="13.7630392">
    <ele>97</ele>
    <time>2026-05-05T13:20:15Z</time>
    <extensions>
     <gpxdata:hr>128</gpxdata:hr>
     <gpxdata:distance>1049.00</gpxdata:distance>
     <gpxdata:speed>8.586</gpxdata:speed>
    </extensions>
   </trkpt>
   <trkpt lat="51.0599476" lon="13.7631394">
    <ele>97</ele>
    <time>2026-05-05T13:20:16Z</time>
    <extensions>
     <gpxdata:hr>128</gpxdata:hr>
     <gpxdata:distance>1057.50</gpxdata:distance>
     <gpxdata:speed>8.575</gpxdata:speed>
    </extensions>
   </trkpt>
   <trkpt lat="51.0599909" lon="13.7632413">
    <ele>97</ele>
    <time>2026-05-05T13:20:17Z</time>
    <extensions>
     <gpxdata:hr>128</gpxdata:hr>
     <gpxdata:distance>1066.00</gpxdata:distance>
     <gpxdata:speed>8.572</gpxdata:speed>
    </extensions>
   </trkpt>
   <trkpt lat="51.0600342" lon="13.7633435">
    <ele>97</ele>
    <time>2026-05-05T13:20:18Z</time>
    <extensions>
     <gpxdata:hr>128</gpxdata:hr>
     <gpxdata:distance>1074.50</gpxdata:distance>
     <gpxdata:speed>8.589</gpxdata:speed>
    </extensions>
   </trkpt>
   <trkpt lat="51.0600773" lon="13.7634452">
    <ele>97</ele>
    <time>2026-05-05T13:20:19Z</time>
    <extensions>
     <gpxdata:hr>127</gpxdata:hr>
     <gpxdata:distance>1083.00</gpxdata:distance>
     <gpxdata:speed>8.603</gpxdata:speed>
    </extensions>
   </trkpt>
   <trkpt lat="51.0601208" lon="13.7635461">
    <ele>97</ele>
    <time>2026-05-05T13:20:20Z</time>
    <extensions>
     <gpxdata:hr>127</gpxdata:hr>
     <gpxdata:distance>1091.50</gpxdata:distance>
     <gpxdata:speed>8.589</gpxdata:speed>
    </extensions>
   </trkpt>
   <trkpt lat="51.0601646" lon="13.7636462">
    <ele>97</ele>
    <time>2026-05-05T13:20:21Z</time>
    <extensions>
     <gpxdata:hr>128</gpxdata:hr>
     <gpxdata:distance>1100.00</gpxdata:distance>
     <gpxdata:speed>8.575</gpxdata:speed>
    </extensions>
   </trkpt>
   <trkpt lat="51.0602089" lon="13.7637464">
    <ele>98</ele>
    <time>2026-05-05T13:20:22Z</time>
    <extensions>
     <gpxdata:hr>128</gpxdata:hr>
     <gpxdata:distance>1108.50</gpxdata:distance>
     <gpxdata:speed>8.561</gpxdata:speed>
    </extensions>
   </trkpt>
   <trkpt lat="51.0602534" lon="13.7638468">
    <ele>98</ele>
    <time>2026-05-05T13:20:23Z</time>
    <extensions>
     <gpxdata:hr>127</gpxdata:hr>
     <gpxdata:distance>1117.00</gpxdata:distance>
     <gpxdata:speed>8.567</gpxdata:speed>
    </extensions>
   </trkpt>
   <trkpt lat="51.0602980" lon="13.7639472">
    <ele>98</ele>
    <time>2026-05-05T13:20:24Z</time>
    <extensions>
     <gpxdata:hr>128</gpxdata:hr>
     <gpxdata:distance>1126.00</gpxdata:distance>
     <gpxdata:speed>8.581</gpxdata:speed>
    </extensions>
   </trkpt>
   <trkpt lat="51.0603426" lon="13.7640483">
    <ele>98</ele>
    <time>2026-05-05T13:20:25Z</time>
    <extensions>
     <gpxdata:hr>128</gpxdata:hr>
     <gpxdata:distance>1135.00</gpxdata:distance>
     <gpxdata:speed>8.583</gpxdata:speed>
    </extensions>
   </trkpt>
   <trkpt lat="51.0603879" lon="13.7641511">
    <ele>98</ele>
    <time>2026-05-05T13:20:26Z</time>
    <extensions>
     <gpxdata:hr>128</gpxdata:hr>
     <gpxdata:distance>1143.50</gpxdata:distance>
     <gpxdata:speed>8.608</gpxdata:speed>
    </extensions>
   </trkpt>
   <trkpt lat="51.0604326" lon="13.7642558">
    <ele>98</ele>
    <time>2026-05-05T13:20:27Z</time>
    <extensions>
     <gpxdata:hr>128</gpxdata:hr>
     <gpxdata:distance>1152.00</gpxdata:distance>
     <gpxdata:speed>8.675</gpxdata:speed>
    </extensions>
   </trkpt>
   <trkpt lat="51.0604756" lon="13.7643625">
    <ele>98</ele>
    <time>2026-05-05T13:20:28Z</time>
    <extensions>
     <gpxdata:hr>129</gpxdata:hr>
     <gpxdata:distance>1161.00</gpxdata:distance>
     <gpxdata:speed>8.739</gpxdata:speed>
    </extensions>
   </trkpt>
   <trkpt lat="51.0605171" lon="13.7644702">
    <ele>98</ele>
    <time>2026-05-05T13:20:29Z</time>
    <extensions>
     <gpxdata:hr>129</gpxdata:hr>
     <gpxdata:distance>1170.00</gpxdata:distance>
     <gpxdata:speed>8.778</gpxdata:speed>
    </extensions>
   </trkpt>
   <trkpt lat="51.0605577" lon="13.7645787">
    <ele>98</ele>
    <time>2026-05-05T13:20:30Z</time>
    <extensions>
     <gpxdata:hr>129</gpxdata:hr>
     <gpxdata:distance>1179.00</gpxdata:distance>
     <gpxdata:speed>8.794</gpxdata:speed>
    </extensions>
   </trkpt>
   <trkpt lat="51.0605985" lon="13.7646874">
    <ele>98</ele>
    <time>2026-05-05T13:20:31Z</time>
    <extensions>
     <gpxdata:hr>128</gpxdata:hr>
     <gpxdata:distance>1188.00</gpxdata:distance>
     <gpxdata:speed>8.808</gpxdata:speed>
    </extensions>
   </trkpt>
   <trkpt lat="51.0606388" lon="13.7647965">
    <ele>98</ele>
    <time>2026-05-05T13:20:32Z</time>
    <extensions>
     <gpxdata:hr>128</gpxdata:hr>
     <gpxdata:distance>1196.50</gpxdata:distance>
     <gpxdata:speed>8.833</gpxdata:speed>
    </extensions>
   </trkpt>
   <trkpt lat="51.0606790" lon="13.7649053">
    <ele>98</ele>
    <time>2026-05-05T13:20:33Z</time>
    <extensions>
     <gpxdata:hr>128</gpxdata:hr>
     <gpxdata:distance>1205.00</gpxdata:distance>
     <gpxdata:speed>8.839</gpxdata:speed>
    </extensions>
   </trkpt>
   <trkpt lat="51.0607197" lon="13.7650138">
    <ele>98</ele>
    <time>2026-05-05T13:20:34Z</time>
    <extensions>
     <gpxdata:hr>128</gpxdata:hr>
     <gpxdata:distance>1214.00</gpxdata:distance>
     <gpxdata:speed>8.839</gpxdata:speed>
    </extensions>
   </trkpt>
   <trkpt lat="51.0607607" lon="13.7651214">
    <ele>98</ele>
    <time>2026-05-05T13:20:35Z</time>
    <extensions>
     <gpxdata:hr>128</gpxdata:hr>
     <gpxdata:distance>1223.00</gpxdata:distance>
     <gpxdata:speed>8.842</gpxdata:speed>
    </extensions>
   </trkpt>
   <trkpt lat="51.0608020" lon="13.7652283">
    <ele>98</ele>
    <time>2026-05-05T13:20:36Z</time>
    <extensions>
     <gpxdata:hr>127</gpxdata:hr>
     <gpxdata:distance>1231.50</gpxdata:distance>
     <gpxdata:speed>8.831</gpxdata:speed>
    </extensions>
   </trkpt>
   <trkpt lat="51.0608429" lon="13.7653355">
    <ele>98</ele>
    <time>2026-05-05T13:20:37Z</time>
    <extensions>
     <gpxdata:hr>127</gpxdata:hr>
     <gpxdata:distance>1240.00</gpxdata:distance>
     <gpxdata:speed>8.811</gpxdata:speed>
    </extensions>
   </trkpt>
   <trkpt lat="51.0608820" lon="13.7654452">
    <ele>98</ele>
    <time>2026-05-05T13:20:38Z</time>
    <extensions>
     <gpxdata:hr>127</gpxdata:hr>
     <gpxdata:distance>1249.00</gpxdata:distance>
     <gpxdata:speed>8.797</gpxdata:speed>
    </extensions>
   </trkpt>
   <trkpt lat="51.0609179" lon="13.7655580">
    <ele>98</ele>
    <time>2026-05-05T13:20:39Z</time>
    <extensions>
     <gpxdata:hr>126</gpxdata:hr>
     <gpxdata:distance>1258.00</gpxdata:distance>
     <gpxdata:speed>8.814</gpxdata:speed>
    </extensions>
   </trkpt>
   <trkpt lat="51.0609529" lon="13.7656711">
    <ele>98</ele>
    <time>2026-05-05T13:20:40Z</time>
    <extensions>
     <gpxdata:hr>125</gpxdata:hr>
     <gpxdata:distance>1267.00</gpxdata:distance>
     <gpxdata:speed>8.828</gpxdata:speed>
    </extensions>
   </trkpt>
   <trkpt lat="51.0609907" lon="13.7657818">
    <ele>98</ele>
    <time>2026-05-05T13:20:41Z</time>
    <extensions>
     <gpxdata:hr>124</gpxdata:hr>
     <gpxdata:distance>1276.00</gpxdata:distance>
     <gpxdata:speed>8.822</gpxdata:speed>
    </extensions>
   </trkpt>
   <trkpt lat="51.0610307" lon="13.7658906">
    <ele>98</ele>
    <time>2026-05-05T13:20:42Z</time>
    <extensions>
     <gpxdata:hr>125</gpxdata:hr>
     <gpxdata:distance>1284.50</gpxdata:distance>
     <gpxdata:speed>8.822</gpxdata:speed>
    </extensions>
   </trkpt>
   <trkpt lat="51.0610698" lon="13.7659995">
    <ele>98</ele>
    <time>2026-05-05T13:20:43Z</time>
    <extensions>
     <gpxdata:hr>126</gpxdata:hr>
     <gpxdata:distance>1293.00</gpxdata:distance>
     <gpxdata:speed>8.822</gpxdata:speed>
    </extensions>
   </trkpt>
   <trkpt lat="51.0611067" lon="13.7661093">
    <ele>98</ele>
    <time>2026-05-05T13:20:44Z</time>
    <extensions>
     <gpxdata:hr>125</gpxdata:hr>
     <gpxdata:distance>1302.00</gpxdata:distance>
     <gpxdata:speed>8.803</gpxdata:speed>
    </extensions>
   </trkpt>
   <trkpt lat="51.0611421" lon="13.7662195">
    <ele>98</ele>
    <time>2026-05-05T13:20:45Z</time>
    <extensions>
     <gpxdata:hr>125</gpxdata:hr>
     <gpxdata:distance>1311.00</gpxdata:distance>
     <gpxdata:speed>8.769</gpxdata:speed>
    </extensions>
   </trkpt>
   <trkpt lat="51.0611771" lon="13.7663296">
    <ele>98</ele>
    <time>2026-05-05T13:20:46Z</time>
    <extensions>
     <gpxdata:hr>125</gpxdata:hr>
     <gpxdata:distance>1319.50</gpxdata:distance>
     <gpxdata:speed>8.728</gpxdata:speed>
    </extensions>
   </trkpt>
   <trkpt lat="51.0612117" lon="13.7664402">
    <ele>98</ele>
    <time>2026-05-05T13:20:47Z</time>
    <extensions>
     <gpxdata:hr>125</gpxdata:hr>
     <gpxdata:distance>1328.00</gpxdata:distance>
     <gpxdata:speed>8.697</gpxdata:speed>
    </extensions>
   </trkpt>
   <trkpt lat="51.0612451" lon="13.7665521">
    <ele>98</ele>
    <time>2026-05-05T13:20:48Z</time>
    <extensions>
     <gpxdata:hr>124</gpxdata:hr>
     <gpxdata:distance>1336.50</gpxdata:distance>
     <gpxdata:speed>8.683</gpxdata:speed>
    </extensions>
   </trkpt>
   <trkpt lat="51.0612770" lon="13.7666656">
    <ele>98</ele>
    <time>2026-05-05T13:20:49Z</time>
    <extensions>
     <gpxdata:hr>124</gpxdata:hr>
     <gpxdata:distance>1345.00</gpxdata:distance>
     <gpxdata:speed>8.681</gpxdata:speed>
    </extensions>
   </trkpt>
   <trkpt lat="51.0613075" lon="13.7667802">
    <ele>98</ele>
    <time>2026-05-05T13:20:50Z</time>
    <extensions>
     <gpxdata:hr>123</gpxdata:hr>
     <gpxdata:distance>1354.00</gpxdata:distance>
     <gpxdata:speed>8.689</gpxdata:speed>
    </extensions>
   </trkpt>
   <trkpt lat="51.0613369" lon="13.7668952">
    <ele>98</ele>
    <time>2026-05-05T13:20:51Z</time>
    <extensions>
     <gpxdata:hr>123</gpxdata:hr>
     <gpxdata:distance>1363.00</gpxdata:distance>
     <gpxdata:speed>8.692</gpxdata:speed>
    </extensions>
   </trkpt>
   <trkpt lat="51.0613656" lon="13.7670113">
    <ele>98</ele>
    <time>2026-05-05T13:20:52Z</time>
    <extensions>
     <gpxdata:hr>123</gpxdata:hr>
     <gpxdata:distance>1371.50</gpxdata:distance>
     <gpxdata:speed>8.686</gpxdata:speed>
    </extensions>
   </trkpt>
   <trkpt lat="51.0613945" lon="13.7671278">
    <ele>98</ele>
    <time>2026-05-05T13:20:53Z</time>
    <extensions>
     <gpxdata:hr>123</gpxdata:hr>
     <gpxdata:distance>1380.00</gpxdata:distance>
     <gpxdata:speed>8.703</gpxdata:speed>
    </extensions>
   </trkpt>
   <trkpt lat="51.0614238" lon="13.7672438">
    <ele>98</ele>
    <time>2026-05-05T13:20:54Z</time>
    <extensions>
     <gpxdata:hr>124</gpxdata:hr>
     <gpxdata:distance>1389.00</gpxdata:distance>
     <gpxdata:speed>8.722</gpxdata:speed>
    </extensions>
   </trkpt>
   <trkpt lat="51.0614533" lon="13.7673589">
    <ele>99</ele>
    <time>2026-05-05T13:20:55Z</time>
    <extensions>
     <gpxdata:hr>124</gpxdata:hr>
     <gpxdata:distance>1398.00</gpxdata:distance>
     <gpxdata:speed>8.728</gpxdata:speed>
    </extensions>
   </trkpt>
   <trkpt lat="51.0614803" lon="13.7674732">
    <ele>99</ele>
    <time>2026-05-05T13:20:56Z</time>
    <extensions>
     <gpxdata:hr>125</gpxdata:hr>
     <gpxdata:distance>1406.50</gpxdata:distance>
     <gpxdata:speed>8.711</gpxdata:speed>
    </extensions>
   </trkpt>
   <trkpt lat="51.0615052" lon="13.7675871">
    <ele>99</ele>
    <time>2026-05-05T13:20:57Z</time>
    <extensions>
     <gpxdata:hr>126</gpxdata:hr>
     <gpxdata:distance>1415.00</gpxdata:distance>
     <gpxdata:speed>8.644</gpxdata:speed>
    </extensions>
   </trkpt>
   <trkpt lat="51.0615296" lon="13.7676998">
    <ele>99</ele>
    <time>2026-05-05T13:20:58Z</time>
    <extensions>
     <gpxdata:hr>126</gpxdata:hr>
     <gpxdata:distance>1423.50</gpxdata:distance>
     <gpxdata:speed>8.572</gpxdata:speed>
    </extensions>
   </trkpt>
   <trkpt lat="51.0615554" lon="13.7678122">
    <ele>99</ele>
    <time>2026-05-05T13:20:59Z</time>
    <extensions>
     <gpxdata:hr>126</gpxdata:hr>
     <gpxdata:distance>1432.00</gpxdata:distance>
     <gpxdata:speed>8.492</gpxdata:speed>
    </extensions>
   </trkpt>
   <trkpt lat="51.0615839" lon="13.7679255">
    <ele>99</ele>
    <time>2026-05-05T13:21:00Z</time>
    <extensions>
     <gpxdata:hr>127</gpxdata:hr>
     <gpxdata:distance>1440.50</gpxdata:distance>
     <gpxdata:speed>8.456</gpxdata:speed>
    </extensions>
   </trkpt>
   <trkpt lat="51.0616138" lon="13.7680411">
    <ele>99</ele>
    <time>2026-05-05T13:21:01Z</time>
    <extensions>
     <gpxdata:hr>127</gpxdata:hr>
     <gpxdata:distance>1449.00</gpxdata:distance>
     <gpxdata:speed>8.503</gpxdata:speed>
    </extensions>
   </trkpt>
   <trkpt lat="51.0616443" lon="13.7681580">
    <ele>99</ele>
    <time>2026-05-05T13:21:02Z</time>
    <extensions>
     <gpxdata:hr>127</gpxdata:hr>
     <gpxdata:distance>1457.50</gpxdata:distance>
     <gpxdata:speed>8.594</gpxdata:speed>
    </extensions>
   </trkpt>
   <trkpt lat="51.0616747" lon="13.7682756">
    <ele>100</ele>
    <time>2026-05-05T13:21:03Z</time>
    <extensions>
     <gpxdata:hr>128</gpxdata:hr>
     <gpxdata:distance>1466.00</gpxdata:distance>
     <gpxdata:speed>8.681</gpxdata:speed>
    </extensions>
   </trkpt>
   <trkpt lat="51.0617039" lon="13.7683933">
    <ele>100</ele>
    <time>2026-05-05T13:21:04Z</time>
    <extensions>
     <gpxdata:hr>128</gpxdata:hr>
     <gpxdata:distance>1475.00</gpxdata:distance>
     <gpxdata:speed>8.744</gpxdata:speed>
    </extensions>
   </trkpt>
   <trkpt lat="51.0617317" lon="13.7685116">
    <ele>100</ele>
    <time>2026-05-05T13:21:05Z</time>
    <extensions>
     <gpxdata:hr>129</gpxdata:hr>
     <gpxdata:distance>1484.00</gpxdata:distance>
     <gpxdata:speed>8.769</gpxdata:speed>
    </extensions>
   </trkpt>
   <trkpt lat="51.0617580" lon="13.7686306">
    <ele>100</ele>
    <time>2026-05-05T13:21:06Z</time>
    <extensions>
     <gpxdata:hr>130</gpxdata:hr>
     <gpxdata:distance>1493.00</gpxdata:distance>
     <gpxdata:speed>8.792</gpxdata:speed>
    </extensions>
   </trkpt>
   <trkpt lat="51.0617828" lon="13.7687504">
    <ele>100</ele>
    <time>2026-05-05T13:21:07Z</time>
    <extensions>
     <gpxdata:hr>130</gpxdata:hr>
     <gpxdata:distance>1502.00</gpxdata:distance>
     <gpxdata:speed>8.803</gpxdata:speed>
    </extensions>
   </trkpt>
   <trkpt lat="51.0618067" lon="13.7688708">
    <ele>100</ele>
    <time>2026-05-05T13:21:08Z</time>
    <extensions>
     <gpxdata:hr>130</gpxdata:hr>
     <gpxdata:distance>1510.50</gpxdata:distance>
     <gpxdata:speed>8.817</gpxdata:speed>
    </extensions>
   </trkpt>
   <trkpt lat="51.0618306" lon="13.7689906">
    <ele>100</ele>
    <time>2026-05-05T13:21:09Z</time>
    <extensions>
     <gpxdata:hr>130</gpxdata:hr>
     <gpxdata:distance>1519.00</gpxdata:distance>
     <gpxdata:speed>8.828</gpxdata:speed>
    </extensions>
   </trkpt>
   <trkpt lat="51.0618543" lon="13.7691094">
    <ele>100</ele>
    <time>2026-05-05T13:21:10Z</time>
    <extensions>
     <gpxdata:hr>129</gpxdata:hr>
     <gpxdata:distance>1528.00</gpxdata:distance>
     <gpxdata:speed>8.817</gpxdata:speed>
    </extensions>
   </trkpt>
   <trkpt lat="51.0618783" lon="13.7692270">
    <ele>99</ele>
    <time>2026-05-05T13:21:11Z</time>
    <extensions>
     <gpxdata:hr>129</gpxdata:hr>
     <gpxdata:distance>1537.00</gpxdata:distance>
     <gpxdata:speed>8.781</gpxdata:speed>
    </extensions>
   </trkpt>
   <trkpt lat="51.0619029" lon="13.7693440">
    <ele>99</ele>
    <time>2026-05-05T13:21:12Z</time>
    <extensions>
     <gpxdata:hr>128</gpxdata:hr>
     <gpxdata:distance>1545.50</gpxdata:distance>
     <gpxdata:speed>8.733</gpxdata:speed>
    </extensions>
   </trkpt>
   <trkpt lat="51.0619277" lon="13.7694605">
    <ele>99</ele>
    <time>2026-05-05T13:21:13Z</time>
    <extensions>
     <gpxdata:hr>127</gpxdata:hr>
     <gpxdata:distance>1554.00</gpxdata:distance>
     <gpxdata:speed>8.697</gpxdata:speed>
    </extensions>
   </trkpt>
   <trkpt lat="51.0619524" lon="13.7695767">
    <ele>99</ele>
    <time>2026-05-05T13:21:14Z</time>
    <extensions>
     <gpxdata:hr>126</gpxdata:hr>
     <gpxdata:distance>1562.50</gpxdata:distance>
     <gpxdata:speed>8.669</gpxdata:speed>
    </extensions>
   </trkpt>
   <trkpt lat="51.0619780" lon="13.7696925">
    <ele>99</ele>
    <time>2026-05-05T13:21:15Z</time>
    <extensions>
     <gpxdata:hr>126</gpxdata:hr>
     <gpxdata:distance>1571.00</gpxdata:distance>
     <gpxdata:speed>8.636</gpxdata:speed>
    </extensions>
   </trkpt>
   <trkpt lat="51.0620046" lon="13.7698080">
    <ele>99</ele>
    <time>2026-05-05T13:21:16Z</time>
    <extensions>
     <gpxdata:hr>126</gpxdata:hr>
     <gpxdata:distance>1580.00</gpxdata:distance>
     <gpxdata:speed>8.619</gpxdata:speed>
    </extensions>
   </trkpt>
   <trkpt lat="51.0620319" lon="13.7699237">
    <ele>99</ele>
    <time>2026-05-05T13:21:17Z</time>
    <extensions>
     <gpxdata:hr>126</gpxdata:hr>
     <gpxdata:distance>1589.00</gpxdata:distance>
     <gpxdata:speed>8.617</gpxdata:speed>
    </extensions>
   </trkpt>
   <trkpt lat="51.0620594" lon="13.7700398">
    <ele>99</ele>
    <time>2026-05-05T13:21:18Z</time>
    <extensions>
     <gpxdata:hr>126</gpxdata:hr>
     <gpxdata:distance>1597.50</gpxdata:distance>
     <gpxdata:speed>8.628</gpxdata:speed>
    </extensions>
   </trkpt>
   <trkpt lat="51.0620872" lon="13.7701564">
    <ele>100</ele>
    <time>2026-05-05T13:21:19Z</time>
    <extensions>
     <gpxdata:hr>126</gpxdata:hr>
     <gpxdata:distance>1606.00</gpxdata:distance>
     <gpxdata:speed>8.644</gpxdata:speed>
    </extensions>
   </trkpt>
   <trkpt lat="51.0621148" lon="13.7702728">
    <ele>100</ele>
    <time>2026-05-05T13:21:20Z</time>
    <extensions>
     <gpxdata:hr>125</gpxdata:hr>
     <gpxdata:distance>1614.50</gpxdata:distance>
     <gpxdata:speed>8.672</gpxdata:speed>
    </extensions>
   </trkpt>
   <trkpt lat="51.0621420" lon="13.7703895">
    <ele>100</ele>
    <time>2026-05-05T13:21:21Z</time>
    <extensions>
     <gpxdata:hr>124</gpxdata:hr>
     <gpxdata:distance>1623.00</gpxdata:distance>
     <gpxdata:speed>8.678</gpxdata:speed>
    </extensions>
   </trkpt>
   <trkpt lat="51.0621693" lon="13.7705064">
    <ele>100</ele>
    <time>2026-05-05T13:21:22Z</time>
    <extensions>
     <gpxdata:hr>123</gpxdata:hr>
     <gpxdata:distance>1632.00</gpxdata:distance>
     <gpxdata:speed>8.689</gpxdata:speed>
    </extensions>
   </trkpt>
   <trkpt lat="51.0621964" lon="13.7706225">
    <ele>100</ele>
    <time>2026-05-05T13:21:23Z</time>
    <extensions>
     <gpxdata:hr>122</gpxdata:hr>
     <gpxdata:distance>1641.00</gpxdata:distance>
     <gpxdata:speed>8.700</gpxdata:speed>
    </extensions>
   </trkpt>
   <trkpt lat="51.0622218" lon="13.7707376">
    <ele>99</ele>
    <time>2026-05-05T13:21:24Z</time>
    <extensions>
     <gpxdata:hr>122</gpxdata:hr>
     <gpxdata:distance>1649.50</gpxdata:distance>
     <gpxdata:speed>8.681</gpxdata:speed>
    </extensions>
   </trkpt>
   <trkpt lat="51.0622437" lon="13.7708511">
    <ele>99</ele>
    <time>2026-05-05T13:21:25Z</time>
    <extensions>
     <gpxdata:hr>122</gpxdata:hr>
     <gpxdata:distance>1658.00</gpxdata:distance>
     <gpxdata:speed>8.622</gpxdata:speed>
    </extensions>
   </trkpt>
   <trkpt lat="51.0622618" lon="13.7709639">
    <ele>99</ele>
    <time>2026-05-05T13:21:26Z</time>
    <extensions>
     <gpxdata:hr>122</gpxdata:hr>
     <gpxdata:distance>1666.00</gpxdata:distance>
     <gpxdata:speed>8.503</gpxdata:speed>
    </extensions>
   </trkpt>
   <trkpt lat="51.0622784" lon="13.7710776">
    <ele>99</ele>
    <time>2026-05-05T13:21:27Z</time>
    <extensions>
     <gpxdata:hr>122</gpxdata:hr>
     <gpxdata:distance>1674.00</gpxdata:distance>
     <gpxdata:speed>8.381</gpxdata:speed>
    </extensions>
   </trkpt>
   <trkpt lat="51.0622949" lon="13.7711936">
    <ele>99</ele>
    <time>2026-05-05T13:21:28Z</time>
    <extensions>
     <gpxdata:hr>123</gpxdata:hr>
     <gpxdata:distance>1682.50</gpxdata:distance>
     <gpxdata:speed>8.317</gpxdata:speed>
    </extensions>
   </trkpt>
   <trkpt lat="51.0623130" lon="13.7713135">
    <ele>100</ele>
    <time>2026-05-05T13:21:29Z</time>
    <extensions>
     <gpxdata:hr>123</gpxdata:hr>
     <gpxdata:distance>1691.00</gpxdata:distance>
     <gpxdata:speed>8.333</gpxdata:speed>
    </extensions>
   </trkpt>
   <trkpt lat="51.0623324" lon="13.7714387">
    <ele>100</ele>
    <time>2026-05-05T13:21:30Z</time>
    <extensions>
     <gpxdata:hr>123</gpxdata:hr>
     <gpxdata:distance>1700.00</gpxdata:distance>
     <gpxdata:speed>8.450</gpxdata:speed>
    </extensions>
   </trkpt>
   <trkpt lat="51.0623529" lon="13.7715682">
    <ele>100</ele>
    <time>2026-05-05T13:21:31Z</time>
    <extensions>
     <gpxdata:hr>123</gpxdata:hr>
     <gpxdata:distance>1709.00</gpxdata:distance>
     <gpxdata:speed>8.667</gpxdata:speed>
    </extensions>
   </trkpt>
   <trkpt lat="51.0623741" lon="13.7717011">
    <ele>100</ele>
    <time>2026-05-05T13:21:32Z</time>
    <extensions>
     <gpxdata:hr>124</gpxdata:hr>
     <gpxdata:distance>1718.50</gpxdata:distance>
     <gpxdata:speed>8.906</gpxdata:speed>
    </extensions>
   </trkpt>
   <trkpt lat="51.0623953" lon="13.7718354">
    <ele>101</ele>
    <time>2026-05-05T13:21:33Z</time>
    <extensions>
     <gpxdata:hr>124</gpxdata:hr>
     <gpxdata:distance>1728.00</gpxdata:distance>
     <gpxdata:speed>9.419</gpxdata:speed>
    </extensions>
   </trkpt>
   <trkpt lat="51.0624165" lon="13.7719720">
    <ele>101</ele>
    <time>2026-05-05T13:21:34Z</time>
    <extensions>
     <gpxdata:hr>126</gpxdata:hr>
     <gpxdata:distance>1738.00</gpxdata:distance>
     <gpxdata:speed>9.558</gpxdata:speed>
    </extensions>
   </trkpt>
   <trkpt lat="51.0624373" lon="13.7721122">
    <ele>101</ele>
    <time>2026-05-05T13:21:35Z</time>
    <extensions>
     <gpxdata:hr>127</gpxdata:hr>
     <gpxdata:distance>1748.00</gpxdata:distance>
     <gpxdata:speed>9.750</gpxdata:speed>
    </extensions>
   </trkpt>
   <trkpt lat="51.0624587" lon="13.7722567">
    <ele>101</ele>
    <time>2026-05-05T13:21:36Z</time>
    <extensions>
     <gpxdata:hr>129</gpxdata:hr>
     <gpxdata:distance>1758.50</gpxdata:distance>
     <gpxdata:speed>10.008</gpxdata:speed>
    </extensions>
   </trkpt>
   <trkpt lat="51.0624807" lon="13.7724043">
    <ele>101</ele>
    <time>2026-05-05T13:21:37Z</time>
    <extensions>
     <gpxdata:hr>132</gpxdata:hr>
     <gpxdata:distance>1769.00</gpxdata:distance>
     <gpxdata:speed>10.308</gpxdata:speed>
    </extensions>
   </trkpt>
   <trkpt lat="51.0625032" lon="13.7725535">
    <ele>100</ele>
    <time>2026-05-05T13:21:38Z</time>
    <extensions>
     <gpxdata:hr>134</gpxdata:hr>
     <gpxdata:distance>1779.50</gpxdata:distance>
     <gpxdata:speed>10.514</gpxdata:speed>
    </extensions>
   </trkpt>
   <trkpt lat="51.0625256" lon="13.7727027">
    <ele>100</ele>
    <time>2026-05-05T13:21:39Z</time>
    <extensions>
     <gpxdata:hr>136</gpxdata:hr>
     <gpxdata:distance>1790.00</gpxdata:distance>
     <gpxdata:speed>10.636</gpxdata:speed>
    </extensions>
   </trkpt>
   <trkpt lat="51.0625476" lon="13.7728519">
    <ele>100</ele>
    <time>2026-05-05T13:21:40Z</time>
    <extensions>
     <gpxdata:hr>137</gpxdata:hr>
     <gpxdata:distance>1801.00</gpxdata:distance>
     <gpxdata:speed>10.647</gpxdata:speed>
    </extensions>
   </trkpt>
   <trkpt lat="51.0625678" lon="13.7730029">
    <ele>99</ele>
    <time>2026-05-05T13:21:41Z</time>
    <extensions>
     <gpxdata:hr>139</gpxdata:hr>
     <gpxdata:distance>1812.00</gpxdata:distance>
     <gpxdata:speed>10.681</gpxdata:speed>
    </extensions>
   </trkpt>
   <trkpt lat="51.0625840" lon="13.7731557">
    <ele>99</ele>
    <time>2026-05-05T13:21:42Z</time>
    <extensions>
     <gpxdata:hr>139</gpxdata:hr>
     <gpxdata:distance>1822.50</gpxdata:distance>
     <gpxdata:speed>10.769</gpxdata:speed>
    </extensions>
   </trkpt>
   <trkpt lat="51.0625955" lon="13.7733099">
    <ele>99</ele>
    <time>2026-05-05T13:21:43Z</time>
    <extensions>
     <gpxdata:hr>140</gpxdata:hr>
     <gpxdata:distance>1833.00</gpxdata:distance>
     <gpxdata:speed>10.819</gpxdata:speed>
    </extensions>
   </trkpt>
   <trkpt lat="51.0626036" lon="13.7734647">
    <ele>99</ele>
    <time>2026-05-05T13:21:44Z</time>
    <extensions>
     <gpxdata:hr>140</gpxdata:hr>
     <gpxdata:distance>1844.00</gpxdata:distance>
     <gpxdata:speed>10.850</gpxdata:speed>
    </extensions>
   </trkpt>
   <trkpt lat="51.0626099" lon="13.7736197">
    <ele>98</ele>
    <time>2026-05-05T13:21:45Z</time>
    <extensions>
     <gpxdata:hr>141</gpxdata:hr>
     <gpxdata:distance>1855.00</gpxdata:distance>
     <gpxdata:speed>10.867</gpxdata:speed>
    </extensions>
   </trkpt>
   <trkpt lat="51.0626154" lon="13.7737745">
    <ele>98</ele>
    <time>2026-05-05T13:21:46Z</time>
    <extensions>
     <gpxdata:hr>140</gpxdata:hr>
     <gpxdata:distance>1866.00</gpxdata:distance>
     <gpxdata:speed>10.869</gpxdata:speed>
    </extensions>
   </trkpt>
   <trkpt lat="51.0626209" lon="13.7739287">
    <ele>98</ele>
    <time>2026-05-05T13:21:47Z</time>
    <extensions>
     <gpxdata:hr>141</gpxdata:hr>
     <gpxdata:distance>1877.00</gpxdata:distance>
     <gpxdata:speed>10.861</gpxdata:speed>
    </extensions>
   </trkpt>
   <trkpt lat="51.0626264" lon="13.7740824">
    <ele>98</ele>
    <time>2026-05-05T13:21:48Z</time>
    <extensions>
     <gpxdata:hr>141</gpxdata:hr>
     <gpxdata:distance>1887.50</gpxdata:distance>
     <gpxdata:speed>10.839</gpxdata:speed>
    </extensions>
   </trkpt>
   <trkpt lat="51.0626324" lon="13.7742363">
    <ele>98</ele>
    <time>2026-05-05T13:21:49Z</time>
    <extensions>
     <gpxdata:hr>141</gpxdata:hr>
     <gpxdata:distance>1898.00</gpxdata:distance>
     <gpxdata:speed>10.817</gpxdata:speed>
    </extensions>
   </trkpt>
   <trkpt lat="51.0626388" lon="13.7743905">
    <ele>99</ele>
    <time>2026-05-05T13:21:50Z</time>
    <extensions>
     <gpxdata:hr>141</gpxdata:hr>
     <gpxdata:distance>1909.00</gpxdata:distance>
     <gpxdata:speed>10.808</gpxdata:speed>
    </extensions>
   </trkpt>
   <trkpt lat="51.0626455" lon="13.7745453">
    <ele>99</ele>
    <time>2026-05-05T13:21:51Z</time>
    <extensions>
     <gpxdata:hr>141</gpxdata:hr>
     <gpxdata:distance>1920.00</gpxdata:distance>
     <gpxdata:speed>10.814</gpxdata:speed>
    </extensions>
   </trkpt>
   <trkpt lat="51.0626528" lon="13.7747002">
    <ele>99</ele>
    <time>2026-05-05T13:21:52Z</time>
    <extensions>
     <gpxdata:hr>141</gpxdata:hr>
     <gpxdata:distance>1931.00</gpxdata:distance>
     <gpxdata:speed>10.828</gpxdata:speed>
    </extensions>
   </trkpt>
   <trkpt lat="51.0626604" lon="13.7748550">
    <ele>99</ele>
    <time>2026-05-05T13:21:53Z</time>
    <extensions>
     <gpxdata:hr>141</gpxdata:hr>
     <gpxdata:distance>1942.00</gpxdata:distance>
     <gpxdata:speed>10.842</gpxdata:speed>
    </extensions>
   </trkpt>
   <trkpt lat="51.0626680" lon="13.7750085">
    <ele>99</ele>
    <time>2026-05-05T13:21:54Z</time>
    <extensions>
     <gpxdata:hr>141</gpxdata:hr>
     <gpxdata:distance>1952.50</gpxdata:distance>
     <gpxdata:speed>10.844</gpxdata:speed>
    </extensions>
   </trkpt>
   <trkpt lat="51.0626755" lon="13.7751598">
    <ele>99</ele>
    <time>2026-05-05T13:21:55Z</time>
    <extensions>
     <gpxdata:hr>141</gpxdata:hr>
     <gpxdata:distance>1963.00</gpxdata:distance>
     <gpxdata:speed>10.811</gpxdata:speed>
    </extensions>
   </trkpt>
   <trkpt lat="51.0626825" lon="13.7753089">
    <ele>99</ele>
    <time>2026-05-05T13:21:56Z</time>
    <extensions>
     <gpxdata:hr>141</gpxdata:hr>
     <gpxdata:distance>1973.50</gpxdata:distance>
     <gpxdata:speed>10.736</gpxdata:speed>
    </extensions>
   </trkpt>
   <trkpt lat="51.0626901" lon="13.7754562">
    <ele>99</ele>
    <time>2026-05-05T13:21:57Z</time>
    <extensions>
     <gpxdata:hr>141</gpxdata:hr>
     <gpxdata:distance>1984.00</gpxdata:distance>
     <gpxdata:speed>10.636</gpxdata:speed>
    </extensions>
   </trkpt>
   <trkpt lat="51.0626986" lon="13.7756025">
    <ele>99</ele>
    <time>2026-05-05T13:21:58Z</time>
    <extensions>
     <gpxdata:hr>143</gpxdata:hr>
     <gpxdata:distance>1994.00</gpxdata:distance>
     <gpxdata:speed>10.533</gpxdata:speed>
    </extensions>
   </trkpt>
   <trkpt lat="51.0627074" lon="13.7757486">
    <ele>99</ele>
    <time>2026-05-05T13:21:59Z</time>
    <extensions>
     <gpxdata:hr>143</gpxdata:hr>
     <gpxdata:distance>2004.00</gpxdata:distance>
     <gpxdata:speed>10.447</gpxdata:speed>
    </extensions>
   </trkpt>
   <trkpt lat="51.0627158" lon="13.7758953">
    <ele>99</ele>
    <time>2026-05-05T13:22:00Z</time>
    <extensions>
     <gpxdata:hr>144</gpxdata:hr>
     <gpxdata:distance>2014.50</gpxdata:distance>
     <gpxdata:speed>10.392</gpxdata:speed>
    </extensions>
   </trkpt>
   <trkpt lat="51.0627237" lon="13.7760423">
    <ele>99</ele>
    <time>2026-05-05T13:22:01Z</time>
    <extensions>
     <gpxdata:hr>144</gpxdata:hr>
     <gpxdata:distance>2025.00</gpxdata:distance>
     <gpxdata:speed>10.361</gpxdata:speed>
    </extensions>
   </trkpt>
   <trkpt lat="51.0627316" lon="13.7761894">
    <ele>99</ele>
    <time>2026-05-05T13:22:02Z</time>
    <extensions>
     <gpxdata:hr>144</gpxdata:hr>
     <gpxdata:distance>2035.50</gpxdata:distance>
     <gpxdata:speed>10.342</gpxdata:speed>
    </extensions>
   </trkpt>
   <trkpt lat="51.0627399" lon="13.7763366">
    <ele>99</ele>
    <time>2026-05-05T13:22:03Z</time>
    <extensions>
     <gpxdata:hr>144</gpxdata:hr>
     <gpxdata:distance>2046.00</gpxdata:distance>
     <gpxdata:speed>10.331</gpxdata:speed>
    </extensions>
   </trkpt>
   <trkpt lat="51.0627488" lon="13.7764841">
    <ele>99</ele>
    <time>2026-05-05T13:22:04Z</time>
    <extensions>
     <gpxdata:hr>144</gpxdata:hr>
     <gpxdata:distance>2056.50</gpxdata:distance>
     <gpxdata:speed>10.328</gpxdata:speed>
    </extensions>
   </trkpt>
   <trkpt lat="51.0627577" lon="13.7766321">
    <ele>100</ele>
    <time>2026-05-05T13:22:05Z</time>
    <extensions>
     <gpxdata:hr>144</gpxdata:hr>
     <gpxdata:distance>2067.00</gpxdata:distance>
     <gpxdata:speed>10.336</gpxdata:speed>
    </extensions>
   </trkpt>
   <trkpt lat="51.0627666" lon="13.7767803">
    <ele>100</ele>
    <time>2026-05-05T13:22:06Z</time>
    <extensions>
     <gpxdata:hr>144</gpxdata:hr>
     <gpxdata:distance>2077.00</gpxdata:distance>
     <gpxdata:speed>10.358</gpxdata:speed>
    </extensions>
   </trkpt>
   <trkpt lat="51.0627756" lon="13.7769281">
    <ele>100</ele>
    <time>2026-05-05T13:22:07Z</time>
    <extensions>
     <gpxdata:hr>145</gpxdata:hr>
     <gpxdata:distance>2087.00</gpxdata:distance>
     <gpxdata:speed>10.378</gpxdata:speed>
    </extensions>
   </trkpt>
   <trkpt lat="51.0627867" lon="13.7770759">
    <ele>100</ele>
    <time>2026-05-05T13:22:08Z</time>
    <extensions>
     <gpxdata:hr>145</gpxdata:hr>
     <gpxdata:distance>2097.50</gpxdata:distance>
     <gpxdata:speed>10.381</gpxdata:speed>
    </extensions>
   </trkpt>
   <trkpt lat="51.0627979" lon="13.7772252">
    <ele>100</ele>
    <time>2026-05-05T13:22:09Z</time>
    <extensions>
     <gpxdata:hr>146</gpxdata:hr>
     <gpxdata:distance>2108.00</gpxdata:distance>
     <gpxdata:speed>10.397</gpxdata:speed>
    </extensions>
   </trkpt>
   <trkpt lat="51.0628083" lon="13.7773750">
    <ele>100</ele>
    <time>2026-05-05T13:22:10Z</time>
    <extensions>
     <gpxdata:hr>146</gpxdata:hr>
     <gpxdata:distance>2118.50</gpxdata:distance>
     <gpxdata:speed>10.450</gpxdata:speed>
    </extensions>
   </trkpt>
   <trkpt lat="51.0628176" lon="13.7775249">
    <ele>100</ele>
    <time>2026-05-05T13:22:11Z</time>
    <extensions>
     <gpxdata:hr>146</gpxdata:hr>
     <gpxdata:distance>2129.00</gpxdata:distance>
     <gpxdata:speed>10.483</gpxdata:speed>
    </extensions>
   </trkpt>
   <trkpt lat="51.0628270" lon="13.7776731">
    <ele>100</ele>
    <time>2026-05-05T13:22:12Z</time>
    <extensions>
     <gpxdata:hr>147</gpxdata:hr>
     <gpxdata:distance>2139.50</gpxdata:distance>
     <gpxdata:speed>10.497</gpxdata:speed>
    </extensions>
   </trkpt>
   <trkpt lat="51.0628369" lon="13.7778195">
    <ele>100</ele>
    <time>2026-05-05T13:22:13Z</time>
    <extensions>
     <gpxdata:hr>146</gpxdata:hr>
     <gpxdata:distance>2150.00</gpxdata:distance>
     <gpxdata:speed>10.458</gpxdata:speed>
    </extensions>
   </trkpt>
   <trkpt lat="51.0628471" lon="13.7779645">
    <ele>100</ele>
    <time>2026-05-05T13:22:14Z</time>
    <extensions>
     <gpxdata:hr>145</gpxdata:hr>
     <gpxdata:distance>2160.50</gpxdata:distance>
     <gpxdata:speed>10.400</gpxdata:speed>
    </extensions>
   </trkpt>
   <trkpt lat="51.0628571" lon="13.7781079">
    <ele>100</ele>
    <time>2026-05-05T13:22:15Z</time>
    <extensions>
     <gpxdata:hr>145</gpxdata:hr>
     <gpxdata:distance>2171.00</gpxdata:distance>
     <gpxdata:speed>10.333</gpxdata:speed>
    </extensions>
   </trkpt>
   <trkpt lat="51.0628667" lon="13.7782491">
    <ele>100</ele>
    <time>2026-05-05T13:22:16Z</time>
    <extensions>
     <gpxdata:hr>145</gpxdata:hr>
     <gpxdata:distance>2180.50</gpxdata:distance>
     <gpxdata:speed>10.247</gpxdata:speed>
    </extensions>
   </trkpt>
   <trkpt lat="51.0628762" lon="13.7783891">
    <ele>100</ele>
    <time>2026-05-05T13:22:17Z</time>
    <extensions>
     <gpxdata:hr>145</gpxdata:hr>
     <gpxdata:distance>2190.00</gpxdata:distance>
     <gpxdata:speed>10.128</gpxdata:speed>
    </extensions>
   </trkpt>
   <trkpt lat="51.0628856" lon="13.7785293">
    <ele>100</ele>
    <time>2026-05-05T13:22:18Z</time>
    <extensions>
     <gpxdata:hr>144</gpxdata:hr>
     <gpxdata:distance>2200.00</gpxdata:distance>
     <gpxdata:speed>10.031</gpxdata:speed>
    </extensions>
   </trkpt>
   <trkpt lat="51.0628948" lon="13.7786703">
    <ele>100</ele>
    <time>2026-05-05T13:22:19Z</time>
    <extensions>
     <gpxdata:hr>144</gpxdata:hr>
     <gpxdata:distance>2210.00</gpxdata:distance>
     <gpxdata:speed>9.961</gpxdata:speed>
    </extensions>
   </trkpt>
   <trkpt lat="51.0629037" lon="13.7788121">
    <ele>100</ele>
    <time>2026-05-05T13:22:20Z</time>
    <extensions>
     <gpxdata:hr>144</gpxdata:hr>
     <gpxdata:distance>2220.00</gpxdata:distance>
     <gpxdata:speed>9.944</gpxdata:speed>
    </extensions>
   </trkpt>
   <trkpt lat="51.0629123" lon="13.7789548">
    <ele>100</ele>
    <time>2026-05-05T13:22:21Z</time>
    <extensions>
     <gpxdata:hr>144</gpxdata:hr>
     <gpxdata:distance>2230.00</gpxdata:distance>
     <gpxdata:speed>9.961</gpxdata:speed>
    </extensions>
   </trkpt>
   <trkpt lat="51.0629209" lon="13.7790982">
    <ele>100</ele>
    <time>2026-05-05T13:22:22Z</time>
    <extensions>
     <gpxdata:hr>144</gpxdata:hr>
     <gpxdata:distance>2240.00</gpxdata:distance>
     <gpxdata:speed>9.986</gpxdata:speed>
    </extensions>
   </trkpt>
   <trkpt lat="51.0629293" lon="13.7792423">
    <ele>100</ele>
    <time>2026-05-05T13:22:23Z</time>
    <extensions>
     <gpxdata:hr>143</gpxdata:hr>
     <gpxdata:distance>2250.00</gpxdata:distance>
     <gpxdata:speed>10.017</gpxdata:speed>
    </extensions>
   </trkpt>
   <trkpt lat="51.0629378" lon="13.7793868">
    <ele>100</ele>
    <time>2026-05-05T13:22:24Z</time>
    <extensions>
     <gpxdata:hr>143</gpxdata:hr>
     <gpxdata:distance>2260.50</gpxdata:distance>
     <gpxdata:speed>10.053</gpxdata:speed>
    </extensions>
   </trkpt>
   <trkpt lat="51.0629467" lon="13.7795316">
    <ele>100</ele>
    <time>2026-05-05T13:22:25Z</time>
    <extensions>
     <gpxdata:hr>142</gpxdata:hr>
     <gpxdata:distance>2271.00</gpxdata:distance>
     <gpxdata:speed>10.086</gpxdata:speed>
    </extensions>
   </trkpt>
   <trkpt lat="51.0629563" lon="13.7796768">
    <ele>100</ele>
    <time>2026-05-05T13:22:26Z</time>
    <extensions>
     <gpxdata:hr>142</gpxdata:hr>
     <gpxdata:distance>2281.00</gpxdata:distance>
     <gpxdata:speed>10.117</gpxdata:speed>
    </extensions>
   </trkpt>
   <trkpt lat="51.0629666" lon="13.7798229">
    <ele>100</ele>
    <time>2026-05-05T13:22:27Z</time>
    <extensions>
     <gpxdata:hr>142</gpxdata:hr>
     <gpxdata:distance>2291.00</gpxdata:distance>
     <gpxdata:speed>10.153</gpxdata:speed>
    </extensions>
   </trkpt>
   <trkpt lat="51.0629768" lon="13.7799687">
    <ele>100</ele>
    <time>2026-05-05T13:22:28Z</time>
    <extensions>
     <gpxdata:hr>142</gpxdata:hr>
     <gpxdata:distance>2301.50</gpxdata:distance>
     <gpxdata:speed>10.203</gpxdata:speed>
    </extensions>
   </trkpt>
   <trkpt lat="51.0629867" lon="13.7801134">
    <ele>100</ele>
    <time>2026-05-05T13:22:29Z</time>
    <extensions>
     <gpxdata:hr>143</gpxdata:hr>
     <gpxdata:distance>2312.00</gpxdata:distance>
     <gpxdata:speed>10.222</gpxdata:speed>
    </extensions>
   </trkpt>
   <trkpt lat="51.0629961" lon="13.7802559">
    <ele>100</ele>
    <time>2026-05-05T13:22:30Z</time>
    <extensions>
     <gpxdata:hr>143</gpxdata:hr>
     <gpxdata:distance>2322.00</gpxdata:distance>
     <gpxdata:speed>10.200</gpxdata:speed>
    </extensions>
   </trkpt>
   <trkpt lat="51.0630055" lon="13.7803963">
    <ele>100</ele>
    <time>2026-05-05T13:22:31Z</time>
    <extensions>
     <gpxdata:hr>143</gpxdata:hr>
     <gpxdata:distance>2332.00</gpxdata:distance>
     <gpxdata:speed>10.131</gpxdata:speed>
    </extensions>
   </trkpt>
   <trkpt lat="51.0630147" lon="13.7805346">
    <ele>100</ele>
    <time>2026-05-05T13:22:32Z</time>
    <extensions>
     <gpxdata:hr>143</gpxdata:hr>
     <gpxdata:distance>2341.50</gpxdata:distance>
     <gpxdata:speed>10.039</gpxdata:speed>
    </extensions>
   </trkpt>
   <trkpt lat="51.0630236" lon="13.7806705">
    <ele>100</ele>
    <time>2026-05-05T13:22:33Z</time>
    <extensions>
     <gpxdata:hr>143</gpxdata:hr>
     <gpxdata:distance>2351.00</gpxdata:distance>
     <gpxdata:speed>9.931</gpxdata:speed>
    </extensions>
   </trkpt>
   <trkpt lat="51.0630326" lon="13.7808033">
    <ele>100</ele>
    <time>2026-05-05T13:22:34Z</time>
    <extensions>
     <gpxdata:hr>144</gpxdata:hr>
     <gpxdata:distance>2360.50</gpxdata:distance>
     <gpxdata:speed>9.794</gpxdata:speed>
    </extensions>
   </trkpt>
   <trkpt lat="51.0630412" lon="13.7809333">
    <ele>100</ele>
    <time>2026-05-05T13:22:35Z</time>
    <extensions>
     <gpxdata:hr>143</gpxdata:hr>
     <gpxdata:distance>2370.00</gpxdata:distance>
     <gpxdata:speed>9.625</gpxdata:speed>
    </extensions>
   </trkpt>
   <trkpt lat="51.0630484" lon="13.7810619">
    <ele>100</ele>
    <time>2026-05-05T13:22:36Z</time>
    <extensions>
     <gpxdata:hr>143</gpxdata:hr>
     <gpxdata:distance>2379.00</gpxdata:distance>
     <gpxdata:speed>9.253</gpxdata:speed>
    </extensions>
   </trkpt>
   <trkpt lat="51.0630531" lon="13.7811903">
    <ele>100</ele>
    <time>2026-05-05T13:22:37Z</time>
    <extensions>
     <gpxdata:hr>143</gpxdata:hr>
     <gpxdata:distance>2388.00</gpxdata:distance>
     <gpxdata:speed>9.117</gpxdata:speed>
    </extensions>
   </trkpt>
   <trkpt lat="51.0630542" lon="13.7813187">
    <ele>100</ele>
    <time>2026-05-05T13:22:38Z</time>
    <extensions>
     <gpxdata:hr>141</gpxdata:hr>
     <gpxdata:distance>2397.00</gpxdata:distance>
     <gpxdata:speed>9.067</gpxdata:speed>
    </extensions>
   </trkpt>
   <trkpt lat="51.0630531" lon="13.7814468">
    <ele>100</ele>
    <time>2026-05-05T13:22:39Z</time>
    <extensions>
     <gpxdata:hr>139</gpxdata:hr>
     <gpxdata:distance>2406.00</gpxdata:distance>
     <gpxdata:speed>9.031</gpxdata:speed>
    </extensions>
   </trkpt>
   <trkpt lat="51.0630514" lon="13.7815742">
    <ele>100</ele>
    <time>2026-05-05T13:22:40Z</time>
    <extensions>
     <gpxdata:hr>139</gpxdata:hr>
     <gpxdata:distance>2414.50</gpxdata:distance>
     <gpxdata:speed>8.989</gpxdata:speed>
    </extensions>
   </trkpt>
   <trkpt lat="51.0630501" lon="13.7817012">
    <ele>100</ele>
    <time>2026-05-05T13:22:41Z</time>
    <extensions>
     <gpxdata:hr>138</gpxdata:hr>
     <gpxdata:distance>2423.00</gpxdata:distance>
     <gpxdata:speed>8.931</gpxdata:speed>
    </extensions>
   </trkpt>
   <trkpt lat="51.0630491" lon="13.7818277">
    <ele>100</ele>
    <time>2026-05-05T13:22:42Z</time>
    <extensions>
     <gpxdata:hr>136</gpxdata:hr>
     <gpxdata:distance>2432.00</gpxdata:distance>
     <gpxdata:speed>8.892</gpxdata:speed>
    </extensions>
   </trkpt>
   <trkpt lat="51.0630490" lon="13.7819539">
    <ele>100</ele>
    <time>2026-05-05T13:22:43Z</time>
    <extensions>
     <gpxdata:hr>136</gpxdata:hr>
     <gpxdata:distance>2441.00</gpxdata:distance>
     <gpxdata:speed>8.861</gpxdata:speed>
    </extensions>
   </trkpt>
   <trkpt lat="51.0630491" lon="13.7820797">
    <ele>100</ele>
    <time>2026-05-05T13:22:44Z</time>
    <extensions>
     <gpxdata:hr>136</gpxdata:hr>
     <gpxdata:distance>2450.00</gpxdata:distance>
     <gpxdata:speed>8.842</gpxdata:speed>
    </extensions>
   </trkpt>
   <trkpt lat="51.0630462" lon="13.7822050">
    <ele>100</ele>
    <time>2026-05-05T13:22:45Z</time>
    <extensions>
     <gpxdata:hr>135</gpxdata:hr>
     <gpxdata:distance>2459.00</gpxdata:distance>
     <gpxdata:speed>8.819</gpxdata:speed>
    </extensions>
   </trkpt>
   <trkpt lat="51.0630397" lon="13.7823293">
    <ele>100</ele>
    <time>2026-05-05T13:22:46Z</time>
    <extensions>
     <gpxdata:hr>135</gpxdata:hr>
     <gpxdata:distance>2467.50</gpxdata:distance>
     <gpxdata:speed>8.800</gpxdata:speed>
    </extensions>
   </trkpt>
   <trkpt lat="51.0630310" lon="13.7824533">
    <ele>100</ele>
    <time>2026-05-05T13:22:47Z</time>
    <extensions>
     <gpxdata:hr>133</gpxdata:hr>
     <gpxdata:distance>2476.00</gpxdata:distance>
     <gpxdata:speed>8.772</gpxdata:speed>
    </extensions>
   </trkpt>
   <trkpt lat="51.0630220" lon="13.7825775">
    <ele>100</ele>
    <time>2026-05-05T13:22:48Z</time>
    <extensions>
     <gpxdata:hr>132</gpxdata:hr>
     <gpxdata:distance>2485.00</gpxdata:distance>
     <gpxdata:speed>8.761</gpxdata:speed>
    </extensions>
   </trkpt>
   <trkpt lat="51.0630135" lon="13.7827016">
    <ele>100</ele>
    <time>2026-05-05T13:22:49Z</time>
    <extensions>
     <gpxdata:hr>130</gpxdata:hr>
     <gpxdata:distance>2494.00</gpxdata:distance>
     <gpxdata:speed>8.753</gpxdata:speed>
    </extensions>
   </trkpt>
   <trkpt lat="51.0630054" lon="13.7828249">
    <ele>100</ele>
    <time>2026-05-05T13:22:50Z</time>
    <extensions>
     <gpxdata:hr>129</gpxdata:hr>
     <gpxdata:distance>2502.50</gpxdata:distance>
     <gpxdata:speed>8.742</gpxdata:speed>
    </extensions>
   </trkpt>
   <trkpt lat="51.0629972" lon="13.7829475">
    <ele>100</ele>
    <time>2026-05-05T13:22:51Z</time>
    <extensions>
     <gpxdata:hr>129</gpxdata:hr>
     <gpxdata:distance>2511.00</gpxdata:distance>
     <gpxdata:speed>8.711</gpxdata:speed>
    </extensions>
   </trkpt>
   <trkpt lat="51.0629886" lon="13.7830696">
    <ele>100</ele>
    <time>2026-05-05T13:22:52Z</time>
    <extensions>
     <gpxdata:hr>129</gpxdata:hr>
     <gpxdata:distance>2519.50</gpxdata:distance>
     <gpxdata:speed>8.675</gpxdata:speed>
    </extensions>
   </trkpt>
   <trkpt lat="51.0629793" lon="13.7831915">
    <ele>100</ele>
    <time>2026-05-05T13:22:53Z</time>
    <extensions>
     <gpxdata:hr>128</gpxdata:hr>
     <gpxdata:distance>2528.00</gpxdata:distance>
     <gpxdata:speed>8.644</gpxdata:speed>
    </extensions>
   </trkpt>
   <trkpt lat="51.0629693" lon="13.7833135">
    <ele>100</ele>
    <time>2026-05-05T13:22:54Z</time>
    <extensions>
     <gpxdata:hr>128</gpxdata:hr>
     <gpxdata:distance>2536.50</gpxdata:distance>
     <gpxdata:speed>8.628</gpxdata:speed>
    </extensions>
   </trkpt>
   <trkpt lat="51.0629588" lon="13.7834352">
    <ele>100</ele>
    <time>2026-05-05T13:22:55Z</time>
    <extensions>
     <gpxdata:hr>128</gpxdata:hr>
     <gpxdata:distance>2545.00</gpxdata:distance>
     <gpxdata:speed>8.619</gpxdata:speed>
    </extensions>
   </trkpt>
   <trkpt lat="51.0629477" lon="13.7835567">
    <ele>100</ele>
    <time>2026-05-05T13:22:56Z</time>
    <extensions>
     <gpxdata:hr>128</gpxdata:hr>
     <gpxdata:distance>2554.00</gpxdata:distance>
     <gpxdata:speed>8.608</gpxdata:speed>
    </extensions>
   </trkpt>
   <trkpt lat="51.0629355" lon="13.7836778">
    <ele>100</ele>
    <time>2026-05-05T13:22:57Z</time>
    <extensions>
     <gpxdata:hr>127</gpxdata:hr>
     <gpxdata:distance>2563.00</gpxdata:distance>
     <gpxdata:speed>8.600</gpxdata:speed>
    </extensions>
   </trkpt>
   <trkpt lat="51.0629215" lon="13.7837984">
    <ele>100</ele>
    <time>2026-05-05T13:22:58Z</time>
    <extensions>
     <gpxdata:hr>127</gpxdata:hr>
     <gpxdata:distance>2571.50</gpxdata:distance>
     <gpxdata:speed>8.589</gpxdata:speed>
    </extensions>
   </trkpt>
   <trkpt lat="51.0629046" lon="13.7839184">
    <ele>100</ele>
    <time>2026-05-05T13:22:59Z</time>
    <extensions>
     <gpxdata:hr>126</gpxdata:hr>
     <gpxdata:distance>2580.00</gpxdata:distance>
     <gpxdata:speed>8.586</gpxdata:speed>
    </extensions>
   </trkpt>
   <trkpt lat="51.0628855" lon="13.7840378">
    <ele>100</ele>
    <time>2026-05-05T13:23:00Z</time>
    <extensions>
     <gpxdata:hr>124</gpxdata:hr>
     <gpxdata:distance>2588.50</gpxdata:distance>
     <gpxdata:speed>8.594</gpxdata:speed>
    </extensions>
   </trkpt>
   <trkpt lat="51.0628656" lon="13.7841570">
    <ele>100</ele>
    <time>2026-05-05T13:23:01Z</time>
    <extensions>
     <gpxdata:hr>124</gpxdata:hr>
     <gpxdata:distance>2597.00</gpxdata:distance>
     <gpxdata:speed>8.603</gpxdata:speed>
    </extensions>
   </trkpt>
   <trkpt lat="51.0628467" lon="13.7842758">
    <ele>100</ele>
    <time>2026-05-05T13:23:02Z</time>
    <extensions>
     <gpxdata:hr>124</gpxdata:hr>
     <gpxdata:distance>2605.50</gpxdata:distance>
     <gpxdata:speed>8.608</gpxdata:speed>
    </extensions>
   </trkpt>
   <trkpt lat="51.0628298" lon="13.7843950">
    <ele>100</ele>
    <time>2026-05-05T13:23:03Z</time>
    <extensions>
     <gpxdata:hr>123</gpxdata:hr>
     <gpxdata:distance>2614.00</gpxdata:distance>
     <gpxdata:speed>8.592</gpxdata:speed>
    </extensions>
   </trkpt>
   <trkpt lat="51.0628150" lon="13.7845147">
    <ele>100</ele>
    <time>2026-05-05T13:23:04Z</time>
    <extensions>
     <gpxdata:hr>123</gpxdata:hr>
     <gpxdata:distance>2622.50</gpxdata:distance>
     <gpxdata:speed>8.575</gpxdata:speed>
    </extensions>
   </trkpt>
   <trkpt lat="51.0628016" lon="13.7846350">
    <ele>100</ele>
    <time>2026-05-05T13:23:05Z</time>
    <extensions>
     <gpxdata:hr>123</gpxdata:hr>
     <gpxdata:distance>2631.00</gpxdata:distance>
     <gpxdata:speed>8.564</gpxdata:speed>
    </extensions>
   </trkpt>
   <trkpt lat="51.0627898" lon="13.7847560">
    <ele>100</ele>
    <time>2026-05-05T13:23:06Z</time>
    <extensions>
     <gpxdata:hr>123</gpxdata:hr>
     <gpxdata:distance>2639.50</gpxdata:distance>
     <gpxdata:speed>8.561</gpxdata:speed>
    </extensions>
   </trkpt>
   <trkpt lat="51.0627793" lon="13.7848782">
    <ele>100</ele>
    <time>2026-05-05T13:23:07Z</time>
    <extensions>
     <gpxdata:hr>123</gpxdata:hr>
     <gpxdata:distance>2648.00</gpxdata:distance>
     <gpxdata:speed>8.564</gpxdata:speed>
    </extensions>
   </trkpt>
   <trkpt lat="51.0627686" lon="13.7850013">
    <ele>100</ele>
    <time>2026-05-05T13:23:08Z</time>
    <extensions>
     <gpxdata:hr>124</gpxdata:hr>
     <gpxdata:distance>2657.00</gpxdata:distance>
     <gpxdata:speed>8.589</gpxdata:speed>
    </extensions>
   </trkpt>
   <trkpt lat="51.0627571" lon="13.7851245">
    <ele>100</ele>
    <time>2026-05-05T13:23:09Z</time>
    <extensions>
     <gpxdata:hr>124</gpxdata:hr>
     <gpxdata:distance>2666.00</gpxdata:distance>
     <gpxdata:speed>8.628</gpxdata:speed>
    </extensions>
   </trkpt>
   <trkpt lat="51.0627446" lon="13.7852481">
    <ele>100</ele>
    <time>2026-05-05T13:23:10Z</time>
    <extensions>
     <gpxdata:hr>125</gpxdata:hr>
     <gpxdata:distance>2674.50</gpxdata:distance>
     <gpxdata:speed>8.656</gpxdata:speed>
    </extensions>
   </trkpt>
   <trkpt lat="51.0627314" lon="13.7853713">
    <ele>100</ele>
    <time>2026-05-05T13:23:11Z</time>
    <extensions>
     <gpxdata:hr>125</gpxdata:hr>
     <gpxdata:distance>2683.00</gpxdata:distance>
     <gpxdata:speed>8.689</gpxdata:speed>
    </extensions>
   </trkpt>
   <trkpt lat="51.0627174" lon="13.7854941">
    <ele>100</ele>
    <time>2026-05-05T13:23:12Z</time>
    <extensions>
     <gpxdata:hr>126</gpxdata:hr>
     <gpxdata:distance>2692.00</gpxdata:distance>
     <gpxdata:speed>8.706</gpxdata:speed>
    </extensions>
   </trkpt>
   <trkpt lat="51.0627025" lon="13.7856173">
    <ele>100</ele>
    <time>2026-05-05T13:23:13Z</time>
    <extensions>
     <gpxdata:hr>126</gpxdata:hr>
     <gpxdata:distance>2701.00</gpxdata:distance>
     <gpxdata:speed>8.711</gpxdata:speed>
    </extensions>
   </trkpt>
   <trkpt lat="51.0626876" lon="13.7857419">
    <ele>100</ele>
    <time>2026-05-05T13:23:14Z</time>
    <extensions>
     <gpxdata:hr>126</gpxdata:hr>
     <gpxdata:distance>2710.00</gpxdata:distance>
     <gpxdata:speed>8.742</gpxdata:speed>
    </extensions>
   </trkpt>
   <trkpt lat="51.0626729" lon="13.7858673">
    <ele>100</ele>
    <time>2026-05-05T13:23:15Z</time>
    <extensions>
     <gpxdata:hr>125</gpxdata:hr>
     <gpxdata:distance>2719.00</gpxdata:distance>
     <gpxdata:speed>8.794</gpxdata:speed>
    </extensions>
   </trkpt>
   <trkpt lat="51.0626583" lon="13.7859922">
    <ele>100</ele>
    <time>2026-05-05T13:23:16Z</time>
    <extensions>
     <gpxdata:hr>124</gpxdata:hr>
     <gpxdata:distance>2727.50</gpxdata:distance>
     <gpxdata:speed>8.839</gpxdata:speed>
    </extensions>
   </trkpt>
   <trkpt lat="51.0626436" lon="13.7861168">
    <ele>100</ele>
    <time>2026-05-05T13:23:17Z</time>
    <extensions>
     <gpxdata:hr>123</gpxdata:hr>
     <gpxdata:distance>2736.00</gpxdata:distance>
     <gpxdata:speed>8.853</gpxdata:speed>
    </extensions>
   </trkpt>
   <trkpt lat="51.0626288" lon="13.7862413">
    <ele>100</ele>
    <time>2026-05-05T13:23:18Z</time>
    <extensions>
     <gpxdata:hr>123</gpxdata:hr>
     <gpxdata:distance>2745.00</gpxdata:distance>
     <gpxdata:speed>8.856</gpxdata:speed>
    </extensions>
   </trkpt>
   <trkpt lat="51.0626130" lon="13.7863656">
    <ele>100</ele>
    <time>2026-05-05T13:23:19Z</time>
    <extensions>
     <gpxdata:hr>123</gpxdata:hr>
     <gpxdata:distance>2754.00</gpxdata:distance>
     <gpxdata:speed>8.861</gpxdata:speed>
    </extensions>
   </trkpt>
   <trkpt lat="51.0625942" lon="13.7864887">
    <ele>100</ele>
    <time>2026-05-05T13:23:20Z</time>
    <extensions>
     <gpxdata:hr>123</gpxdata:hr>
     <gpxdata:distance>2763.00</gpxdata:distance>
     <gpxdata:speed>8.867</gpxdata:speed>
    </extensions>
   </trkpt>
   <trkpt lat="51.0625722" lon="13.7866098">
    <ele>100</ele>
    <time>2026-05-05T13:23:21Z</time>
    <extensions>
     <gpxdata:hr>123</gpxdata:hr>
     <gpxdata:distance>2772.00</gpxdata:distance>
     <gpxdata:speed>8.867</gpxdata:speed>
    </extensions>
   </trkpt>
   <trkpt lat="51.0625479" lon="13.7867280">
    <ele>100</ele>
    <time>2026-05-05T13:23:22Z</time>
    <extensions>
     <gpxdata:hr>123</gpxdata:hr>
     <gpxdata:distance>2780.50</gpxdata:distance>
     <gpxdata:speed>8.850</gpxdata:speed>
    </extensions>
   </trkpt>
   <trkpt lat="51.0625227" lon="13.7868426">
    <ele>100</ele>
    <time>2026-05-05T13:23:23Z</time>
    <extensions>
     <gpxdata:hr>124</gpxdata:hr>
     <gpxdata:distance>2789.00</gpxdata:distance>
     <gpxdata:speed>8.789</gpxdata:speed>
    </extensions>
   </trkpt>
   <trkpt lat="51.0624977" lon="13.7869548">
    <ele>100</ele>
    <time>2026-05-05T13:23:24Z</time>
    <extensions>
     <gpxdata:hr>124</gpxdata:hr>
     <gpxdata:distance>2797.50</gpxdata:distance>
     <gpxdata:speed>8.678</gpxdata:speed>
    </extensions>
   </trkpt>
   <trkpt lat="51.0624732" lon="13.7870663">
    <ele>99</ele>
    <time>2026-05-05T13:23:25Z</time>
    <extensions>
     <gpxdata:hr>123</gpxdata:hr>
     <gpxdata:distance>2806.00</gpxdata:distance>
     <gpxdata:speed>8.544</gpxdata:speed>
    </extensions>
   </trkpt>
   <trkpt lat="51.0624502" lon="13.7871796">
    <ele>99</ele>
    <time>2026-05-05T13:23:26Z</time>
    <extensions>
     <gpxdata:hr>122</gpxdata:hr>
     <gpxdata:distance>2814.00</gpxdata:distance>
     <gpxdata:speed>8.447</gpxdata:speed>
    </extensions>
   </trkpt>
   <trkpt lat="51.0624306" lon="13.7872961">
    <ele>99</ele>
    <time>2026-05-05T13:23:27Z</time>
    <extensions>
     <gpxdata:hr>121</gpxdata:hr>
     <gpxdata:distance>2822.00</gpxdata:distance>
     <gpxdata:speed>8.414</gpxdata:speed>
    </extensions>
   </trkpt>
   <trkpt lat="51.0624154" lon="13.7874169">
    <ele>99</ele>
    <time>2026-05-05T13:23:28Z</time>
    <extensions>
     <gpxdata:hr>120</gpxdata:hr>
     <gpxdata:distance>2831.00</gpxdata:distance>
     <gpxdata:speed>8.431</gpxdata:speed>
    </extensions>
   </trkpt>
   <trkpt lat="51.0624040" lon="13.7875428">
    <ele>99</ele>
    <time>2026-05-05T13:23:29Z</time>
    <extensions>
     <gpxdata:hr>118</gpxdata:hr>
     <gpxdata:distance>2840.00</gpxdata:distance>
     <gpxdata:speed>8.511</gpxdata:speed>
    </extensions>
   </trkpt>
   <trkpt lat="51.0623942" lon="13.7876718">
    <ele>99</ele>
    <time>2026-05-05T13:23:30Z</time>
    <extensions>
     <gpxdata:hr>117</gpxdata:hr>
     <gpxdata:distance>2849.00</gpxdata:distance>
     <gpxdata:speed>8.653</gpxdata:speed>
    </extensions>
   </trkpt>
   <trkpt lat="51.0623843" lon="13.7878018">
    <ele>99</ele>
    <time>2026-05-05T13:23:31Z</time>
    <extensions>
     <gpxdata:hr>117</gpxdata:hr>
     <gpxdata:distance>2858.00</gpxdata:distance>
     <gpxdata:speed>8.803</gpxdata:speed>
    </extensions>
   </trkpt>
   <trkpt lat="51.0623742" lon="13.7879315">
    <ele>99</ele>
    <time>2026-05-05T13:23:32Z</time>
    <extensions>
     <gpxdata:hr>118</gpxdata:hr>
     <gpxdata:distance>2867.00</gpxdata:distance>
     <gpxdata:speed>8.914</gpxdata:speed>
    </extensions>
   </trkpt>
   <trkpt lat="51.0623643" lon="13.7880614">
    <ele>99</ele>
    <time>2026-05-05T13:23:33Z</time>
    <extensions>
     <gpxdata:hr>119</gpxdata:hr>
     <gpxdata:distance>2876.00</gpxdata:distance>
     <gpxdata:speed>8.981</gpxdata:speed>
    </extensions>
   </trkpt>
   <trkpt lat="51.0623558" lon="13.7881918">
    <ele>99</ele>
    <time>2026-05-05T13:23:34Z</time>
    <extensions>
     <gpxdata:hr>120</gpxdata:hr>
     <gpxdata:distance>2885.50</gpxdata:distance>
     <gpxdata:speed>9.044</gpxdata:speed>
    </extensions>
   </trkpt>
   <trkpt lat="51.0623492" lon="13.7883217">
    <ele>99</ele>
    <time>2026-05-05T13:23:35Z</time>
    <extensions>
     <gpxdata:hr>120</gpxdata:hr>
     <gpxdata:distance>2895.00</gpxdata:distance>
     <gpxdata:speed>9.100</gpxdata:speed>
    </extensions>
   </trkpt>
   <trkpt lat="51.0623417" lon="13.7884506">
    <ele>99</ele>
    <time>2026-05-05T13:23:36Z</time>
    <extensions>
     <gpxdata:hr>120</gpxdata:hr>
     <gpxdata:distance>2904.00</gpxdata:distance>
     <gpxdata:speed>9.106</gpxdata:speed>
    </extensions>
   </trkpt>
   <trkpt lat="51.0623327" lon="13.7885784">
    <ele>99</ele>
    <time>2026-05-05T13:23:37Z</time>
    <extensions>
     <gpxdata:hr>120</gpxdata:hr>
     <gpxdata:distance>2913.00</gpxdata:distance>
     <gpxdata:speed>9.069</gpxdata:speed>
    </extensions>
   </trkpt>
   <trkpt lat="51.0623229" lon="13.7887049">
    <ele>99</ele>
    <time>2026-05-05T13:23:38Z</time>
    <extensions>
     <gpxdata:hr>120</gpxdata:hr>
     <gpxdata:distance>2921.50</gpxdata:distance>
     <gpxdata:speed>9.028</gpxdata:speed>
    </extensions>
   </trkpt>
   <trkpt lat="51.0623125" lon="13.7888306">
    <ele>99</ele>
    <time>2026-05-05T13:23:39Z</time>
    <extensions>
     <gpxdata:hr>120</gpxdata:hr>
     <gpxdata:distance>2930.00</gpxdata:distance>
     <gpxdata:speed>8.978</gpxdata:speed>
    </extensions>
   </trkpt>
   <trkpt lat="51.0623016" lon="13.7889570">
    <ele>99</ele>
    <time>2026-05-05T13:23:40Z</time>
    <extensions>
     <gpxdata:hr>121</gpxdata:hr>
     <gpxdata:distance>2939.00</gpxdata:distance>
     <gpxdata:speed>8.942</gpxdata:speed>
    </extensions>
   </trkpt>
   <trkpt lat="51.0622905" lon="13.7890861">
    <ele>100</ele>
    <time>2026-05-05T13:23:41Z</time>
    <extensions>
     <gpxdata:hr>121</gpxdata:hr>
     <gpxdata:distance>2948.00</gpxdata:distance>
     <gpxdata:speed>8.942</gpxdata:speed>
    </extensions>
   </trkpt>
   <trkpt lat="51.0622794" lon="13.7892190">
    <ele>100</ele>
    <time>2026-05-05T13:23:42Z</time>
    <extensions>
     <gpxdata:hr>121</gpxdata:hr>
     <gpxdata:distance>2957.50</gpxdata:distance>
     <gpxdata:speed>9.017</gpxdata:speed>
    </extensions>
   </trkpt>
   <trkpt lat="51.0622685" lon="13.7893553">
    <ele>100</ele>
    <time>2026-05-05T13:23:43Z</time>
    <extensions>
     <gpxdata:hr>121</gpxdata:hr>
     <gpxdata:distance>2967.00</gpxdata:distance>
     <gpxdata:speed>9.158</gpxdata:speed>
    </extensions>
   </trkpt>
   <trkpt lat="51.0622580" lon="13.7894939">
    <ele>100</ele>
    <time>2026-05-05T13:23:44Z</time>
    <extensions>
     <gpxdata:hr>122</gpxdata:hr>
     <gpxdata:distance>2977.00</gpxdata:distance>
     <gpxdata:speed>9.322</gpxdata:speed>
    </extensions>
   </trkpt>
   <trkpt lat="51.0622471" lon="13.7896340">
    <ele>100</ele>
    <time>2026-05-05T13:23:45Z</time>
    <extensions>
     <gpxdata:hr>122</gpxdata:hr>
     <gpxdata:distance>2987.00</gpxdata:distance>
     <gpxdata:speed>9.475</gpxdata:speed>
    </extensions>
   </trkpt>
   <trkpt lat="51.0622349" lon="13.7897746">
    <ele>100</ele>
    <time>2026-05-05T13:23:46Z</time>
    <extensions>
     <gpxdata:hr>123</gpxdata:hr>
     <gpxdata:distance>2997.00</gpxdata:distance>
     <gpxdata:speed>9.611</gpxdata:speed>
    </extensions>
   </trkpt>
   <trkpt lat="51.0622213" lon="13.7899159">
    <ele>99</ele>
    <time>2026-05-05T13:23:47Z</time>
    <extensions>
     <gpxdata:hr>124</gpxdata:hr>
     <gpxdata:distance>3007.00</gpxdata:distance>
     <gpxdata:speed>9.786</gpxdata:speed>
    </extensions>
   </trkpt>
   <trkpt lat="51.0622067" lon="13.7900575">
    <ele>99</ele>
    <time>2026-05-05T13:23:48Z</time>
    <extensions>
     <gpxdata:hr>125</gpxdata:hr>
     <gpxdata:distance>3017.00</gpxdata:distance>
     <gpxdata:speed>9.936</gpxdata:speed>
    </extensions>
   </trkpt>
   <trkpt lat="51.0621906" lon="13.7901991">
    <ele>99</ele>
    <time>2026-05-05T13:23:49Z</time>
    <extensions>
     <gpxdata:hr>127</gpxdata:hr>
     <gpxdata:distance>3027.00</gpxdata:distance>
     <gpxdata:speed>10.000</gpxdata:speed>
    </extensions>
   </trkpt>
   <trkpt lat="51.0621723" lon="13.7903398">
    <ele>99</ele>
    <time>2026-05-05T13:23:50Z</time>
    <extensions>
     <gpxdata:hr>127</gpxdata:hr>
     <gpxdata:distance>3037.00</gpxdata:distance>
     <gpxdata:speed>10.036</gpxdata:speed>
    </extensions>
   </trkpt>
   <trkpt lat="51.0621518" lon="13.7904793">
    <ele>99</ele>
    <time>2026-05-05T13:23:51Z</time>
    <extensions>
     <gpxdata:hr>127</gpxdata:hr>
     <gpxdata:distance>3047.00</gpxdata:distance>
     <gpxdata:speed>10.039</gpxdata:speed>
    </extensions>
   </trkpt>
   <trkpt lat="51.0621303" lon="13.7906173">
    <ele>99</ele>
    <time>2026-05-05T13:23:52Z</time>
    <extensions>
     <gpxdata:hr>128</gpxdata:hr>
     <gpxdata:distance>3057.00</gpxdata:distance>
     <gpxdata:speed>10.014</gpxdata:speed>
    </extensions>
   </trkpt>
   <trkpt lat="51.0621083" lon="13.7907552">
    <ele>99</ele>
    <time>2026-05-05T13:23:53Z</time>
    <extensions>
     <gpxdata:hr>128</gpxdata:hr>
     <gpxdata:distance>3067.00</gpxdata:distance>
     <gpxdata:speed>9.961</gpxdata:speed>
    </extensions>
   </trkpt>
   <trkpt lat="51.0620866" lon="13.7908940">
    <ele>99</ele>
    <time>2026-05-05T13:23:54Z</time>
    <extensions>
     <gpxdata:hr>128</gpxdata:hr>
     <gpxdata:distance>3077.00</gpxdata:distance>
     <gpxdata:speed>9.964</gpxdata:speed>
    </extensions>
   </trkpt>
   <trkpt lat="51.0620647" lon="13.7910337">
    <ele>99</ele>
    <time>2026-05-05T13:23:55Z</time>
    <extensions>
     <gpxdata:hr>129</gpxdata:hr>
     <gpxdata:distance>3087.00</gpxdata:distance>
     <gpxdata:speed>9.994</gpxdata:speed>
    </extensions>
   </trkpt>
   <trkpt lat="51.0620416" lon="13.7911732">
    <ele>99</ele>
    <time>2026-05-05T13:23:56Z</time>
    <extensions>
     <gpxdata:hr>129</gpxdata:hr>
     <gpxdata:distance>3097.00</gpxdata:distance>
     <gpxdata:speed>10.031</gpxdata:speed>
    </extensions>
   </trkpt>
   <trkpt lat="51.0620176" lon="13.7913120">
    <ele>99</ele>
    <time>2026-05-05T13:23:57Z</time>
    <extensions>
     <gpxdata:hr>129</gpxdata:hr>
     <gpxdata:distance>3107.00</gpxdata:distance>
     <gpxdata:speed>10.053</gpxdata:speed>
    </extensions>
   </trkpt>
   <trkpt lat="51.0619933" lon="13.7914491">
    <ele>99</ele>
    <time>2026-05-05T13:23:58Z</time>
    <extensions>
     <gpxdata:hr>129</gpxdata:hr>
     <gpxdata:distance>3117.00</gpxdata:distance>
     <gpxdata:speed>10.053</gpxdata:speed>
    </extensions>
   </trkpt>
   <trkpt lat="51.0619689" lon="13.7915853">
    <ele>99</ele>
    <time>2026-05-05T13:23:59Z</time>
    <extensions>
     <gpxdata:hr>129</gpxdata:hr>
     <gpxdata:distance>3127.00</gpxdata:distance>
     <gpxdata:speed>10.014</gpxdata:speed>
    </extensions>
   </trkpt>
   <trkpt lat="51.0619452" lon="13.7917213">
    <ele>99</ele>
    <time>2026-05-05T13:24:00Z</time>
    <extensions>
     <gpxdata:hr>130</gpxdata:hr>
     <gpxdata:distance>3137.00</gpxdata:distance>
     <gpxdata:speed>9.972</gpxdata:speed>
    </extensions>
   </trkpt>
   <trkpt lat="51.0619223" lon="13.7918582">
    <ele>99</ele>
    <time>2026-05-05T13:24:01Z</time>
    <extensions>
     <gpxdata:hr>131</gpxdata:hr>
     <gpxdata:distance>3147.00</gpxdata:distance>
     <gpxdata:speed>9.942</gpxdata:speed>
    </extensions>
   </trkpt>
   <trkpt lat="51.0618999" lon="13.7919965">
    <ele>99</ele>
    <time>2026-05-05T13:24:02Z</time>
    <extensions>
     <gpxdata:hr>132</gpxdata:hr>
     <gpxdata:distance>3157.00</gpxdata:distance>
     <gpxdata:speed>9.939</gpxdata:speed>
    </extensions>
   </trkpt>
   <trkpt lat="51.0618778" lon="13.7921366">
    <ele>99</ele>
    <time>2026-05-05T13:24:03Z</time>
    <extensions>
     <gpxdata:hr>134</gpxdata:hr>
     <gpxdata:distance>3167.00</gpxdata:distance>
     <gpxdata:speed>9.964</gpxdata:speed>
    </extensions>
   </trkpt>
   <trkpt lat="51.0618556" lon="13.7922781">
    <ele>100</ele>
    <time>2026-05-05T13:24:04Z</time>
    <extensions>
     <gpxdata:hr>135</gpxdata:hr>
     <gpxdata:distance>3177.00</gpxdata:distance>
     <gpxdata:speed>10.017</gpxdata:speed>
    </extensions>
   </trkpt>
   <trkpt lat="51.0618335" lon="13.7924202">
    <ele>100</ele>
    <time>2026-05-05T13:24:05Z</time>
    <extensions>
     <gpxdata:hr>135</gpxdata:hr>
     <gpxdata:distance>3187.00</gpxdata:distance>
     <gpxdata:speed>10.083</gpxdata:speed>
    </extensions>
   </trkpt>
   <trkpt lat="51.0618117" lon="13.7925628">
    <ele>100</ele>
    <time>2026-05-05T13:24:06Z</time>
    <extensions>
     <gpxdata:hr>134</gpxdata:hr>
     <gpxdata:distance>3197.50</gpxdata:distance>
     <gpxdata:speed>10.133</gpxdata:speed>
    </extensions>
   </trkpt>
   <trkpt lat="51.0617893" lon="13.7927050">
    <ele>100</ele>
    <time>2026-05-05T13:24:07Z</time>
    <extensions>
     <gpxdata:hr>135</gpxdata:hr>
     <gpxdata:distance>3208.00</gpxdata:distance>
     <gpxdata:speed>10.175</gpxdata:speed>
    </extensions>
   </trkpt>
   <trkpt lat="51.0617644" lon="13.7928468">
    <ele>100</ele>
    <time>2026-05-05T13:24:08Z</time>
    <extensions>
     <gpxdata:hr>136</gpxdata:hr>
     <gpxdata:distance>3218.00</gpxdata:distance>
     <gpxdata:speed>10.197</gpxdata:speed>
    </extensions>
   </trkpt>
   <trkpt lat="51.0617373" lon="13.7929886">
    <ele>100</ele>
    <time>2026-05-05T13:24:09Z</time>
    <extensions>
     <gpxdata:hr>137</gpxdata:hr>
     <gpxdata:distance>3228.00</gpxdata:distance>
     <gpxdata:speed>10.239</gpxdata:speed>
    </extensions>
   </trkpt>
   <trkpt lat="51.0617091" lon="13.7931308">
    <ele>100</ele>
    <time>2026-05-05T13:24:10Z</time>
    <extensions>
     <gpxdata:hr>138</gpxdata:hr>
     <gpxdata:distance>3238.50</gpxdata:distance>
     <gpxdata:speed>10.294</gpxdata:speed>
    </extensions>
   </trkpt>
   <trkpt lat="51.0616804" lon="13.7932734">
    <ele>100</ele>
    <time>2026-05-05T13:24:11Z</time>
    <extensions>
     <gpxdata:hr>139</gpxdata:hr>
     <gpxdata:distance>3249.00</gpxdata:distance>
     <gpxdata:speed>10.347</gpxdata:speed>
    </extensions>
   </trkpt>
   <trkpt lat="51.0616515" lon="13.7934160">
    <ele>100</ele>
    <time>2026-05-05T13:24:12Z</time>
    <extensions>
     <gpxdata:hr>139</gpxdata:hr>
     <gpxdata:distance>3259.50</gpxdata:distance>
     <gpxdata:speed>10.397</gpxdata:speed>
    </extensions>
   </trkpt>
   <trkpt lat="51.0616231" lon="13.7935588">
    <ele>100</ele>
    <time>2026-05-05T13:24:13Z</time>
    <extensions>
     <gpxdata:hr>139</gpxdata:hr>
     <gpxdata:distance>3270.00</gpxdata:distance>
     <gpxdata:speed>10.428</gpxdata:speed>
    </extensions>
   </trkpt>
   <trkpt lat="51.0615963" lon="13.7937020">
    <ele>100</ele>
    <time>2026-05-05T13:24:14Z</time>
    <extensions>
     <gpxdata:hr>139</gpxdata:hr>
     <gpxdata:distance>3280.50</gpxdata:distance>
     <gpxdata:speed>10.447</gpxdata:speed>
    </extensions>
   </trkpt>
   <trkpt lat="51.0615711" lon="13.7938448">
    <ele>100</ele>
    <time>2026-05-05T13:24:15Z</time>
    <extensions>
     <gpxdata:hr>139</gpxdata:hr>
     <gpxdata:distance>3291.00</gpxdata:distance>
     <gpxdata:speed>10.447</gpxdata:speed>
    </extensions>
   </trkpt>
   <trkpt lat="51.0615459" lon="13.7939859">
    <ele>100</ele>
    <time>2026-05-05T13:24:16Z</time>
    <extensions>
     <gpxdata:hr>139</gpxdata:hr>
     <gpxdata:distance>3301.00</gpxdata:distance>
     <gpxdata:speed>10.419</gpxdata:speed>
    </extensions>
   </trkpt>
   <trkpt lat="51.0615208" lon="13.7941239">
    <ele>100</ele>
    <time>2026-05-05T13:24:17Z</time>
    <extensions>
     <gpxdata:hr>139</gpxdata:hr>
     <gpxdata:distance>3311.00</gpxdata:distance>
     <gpxdata:speed>10.361</gpxdata:speed>
    </extensions>
   </trkpt>
   <trkpt lat="51.0614962" lon="13.7942591">
    <ele>100</ele>
    <time>2026-05-05T13:24:18Z</time>
    <extensions>
     <gpxdata:hr>138</gpxdata:hr>
     <gpxdata:distance>3321.00</gpxdata:distance>
     <gpxdata:speed>10.242</gpxdata:speed>
    </extensions>
   </trkpt>
   <trkpt lat="51.0614717" lon="13.7943923">
    <ele>100</ele>
    <time>2026-05-05T13:24:19Z</time>
    <extensions>
     <gpxdata:hr>138</gpxdata:hr>
     <gpxdata:distance>3331.00</gpxdata:distance>
     <gpxdata:speed>10.100</gpxdata:speed>
    </extensions>
   </trkpt>
   <trkpt lat="51.0614477" lon="13.7945237">
    <ele>100</ele>
    <time>2026-05-05T13:24:20Z</time>
    <extensions>
     <gpxdata:hr>137</gpxdata:hr>
     <gpxdata:distance>3340.50</gpxdata:distance>
     <gpxdata:speed>9.964</gpxdata:speed>
    </extensions>
   </trkpt>
   <trkpt lat="51.0614241" lon="13.7946529">
    <ele>100</ele>
    <time>2026-05-05T13:24:21Z</time>
    <extensions>
     <gpxdata:hr>136</gpxdata:hr>
     <gpxdata:distance>3350.00</gpxdata:distance>
     <gpxdata:speed>9.822</gpxdata:speed>
    </extensions>
   </trkpt>
   <trkpt lat="51.0614010" lon="13.7947805">
    <ele>100</ele>
    <time>2026-05-05T13:24:22Z</time>
    <extensions>
     <gpxdata:hr>134</gpxdata:hr>
     <gpxdata:distance>3359.50</gpxdata:distance>
     <gpxdata:speed>9.503</gpxdata:speed>
    </extensions>
   </trkpt>
   <trkpt lat="51.0613794" lon="13.7949072">
    <ele>100</ele>
    <time>2026-05-05T13:24:23Z</time>
    <extensions>
     <gpxdata:hr>134</gpxdata:hr>
     <gpxdata:distance>3369.00</gpxdata:distance>
     <gpxdata:speed>9.358</gpxdata:speed>
    </extensions>
   </trkpt>
   <trkpt lat="51.0613621" lon="13.7950336">
    <ele>100</ele>
    <time>2026-05-05T13:24:24Z</time>
    <extensions>
     <gpxdata:hr>132</gpxdata:hr>
     <gpxdata:distance>3378.00</gpxdata:distance>
     <gpxdata:speed>9.242</gpxdata:speed>
    </extensions>
   </trkpt>
   <trkpt lat="51.0613538" lon="13.7951592">
    <ele>100</ele>
    <time>2026-05-05T13:24:25Z</time>
    <extensions>
     <gpxdata:hr>132</gpxdata:hr>
     <gpxdata:distance>3387.00</gpxdata:distance>
     <gpxdata:speed>9.108</gpxdata:speed>
    </extensions>
   </trkpt>
   <trkpt lat="51.0613603" lon="13.7952825">
    <ele>100</ele>
    <time>2026-05-05T13:24:26Z</time>
    <extensions>
     <gpxdata:hr>131</gpxdata:hr>
     <gpxdata:distance>3395.50</gpxdata:distance>
     <gpxdata:speed>8.933</gpxdata:speed>
    </extensions>
   </trkpt>
   <trkpt lat="51.0613804" lon="13.7954014">
    <ele>100</ele>
    <time>2026-05-05T13:24:27Z</time>
    <extensions>
     <gpxdata:hr>131</gpxdata:hr>
     <gpxdata:distance>3404.00</gpxdata:distance>
     <gpxdata:speed>8.831</gpxdata:speed>
    </extensions>
   </trkpt>
   <trkpt lat="51.0614075" lon="13.7955172">
    <ele>100</ele>
    <time>2026-05-05T13:24:28Z</time>
    <extensions>
     <gpxdata:hr>131</gpxdata:hr>
     <gpxdata:distance>3413.00</gpxdata:distance>
     <gpxdata:speed>8.742</gpxdata:speed>
    </extensions>
   </trkpt>
   <trkpt lat="51.0614350" lon="13.7956327">
    <ele>100</ele>
    <time>2026-05-05T13:24:29Z</time>
    <extensions>
     <gpxdata:hr>130</gpxdata:hr>
     <gpxdata:distance>3422.00</gpxdata:distance>
     <gpxdata:speed>8.669</gpxdata:speed>
    </extensions>
   </trkpt>
   <trkpt lat="51.0614569" lon="13.7957495">
    <ele>101</ele>
    <time>2026-05-05T13:24:30Z</time>
    <extensions>
     <gpxdata:hr>129</gpxdata:hr>
     <gpxdata:distance>3430.00</gpxdata:distance>
     <gpxdata:speed>8.622</gpxdata:speed>
    </extensions>
   </trkpt>
   <trkpt lat="51.0614699" lon="13.7958670">
    <ele>101</ele>
    <time>2026-05-05T13:24:31Z</time>
    <extensions>
     <gpxdata:hr>128</gpxdata:hr>
     <gpxdata:distance>3438.00</gpxdata:distance>
     <gpxdata:speed>8.550</gpxdata:speed>
    </extensions>
   </trkpt>
   <trkpt lat="51.0614722" lon="13.7959838">
    <ele>101</ele>
    <time>2026-05-05T13:24:32Z</time>
    <extensions>
     <gpxdata:hr>127</gpxdata:hr>
     <gpxdata:distance>3446.50</gpxdata:distance>
     <gpxdata:speed>8.408</gpxdata:speed>
    </extensions>
   </trkpt>
   <trkpt lat="51.0614644" lon="13.7960978">
    <ele>100</ele>
    <time>2026-05-05T13:24:33Z</time>
    <extensions>
     <gpxdata:hr>127</gpxdata:hr>
     <gpxdata:distance>3455.00</gpxdata:distance>
     <gpxdata:speed>8.275</gpxdata:speed>
    </extensions>
   </trkpt>
   <trkpt lat="51.0614486" lon="13.7962077">
    <ele>100</ele>
    <time>2026-05-05T13:24:34Z</time>
    <extensions>
     <gpxdata:hr>126</gpxdata:hr>
     <gpxdata:distance>3463.00</gpxdata:distance>
     <gpxdata:speed>8.114</gpxdata:speed>
    </extensions>
   </trkpt>
   <trkpt lat="51.0614296" lon="13.7963135">
    <ele>100</ele>
    <time>2026-05-05T13:24:35Z</time>
    <extensions>
     <gpxdata:hr>125</gpxdata:hr>
     <gpxdata:distance>3471.00</gpxdata:distance>
     <gpxdata:speed>7.942</gpxdata:speed>
    </extensions>
   </trkpt>
   <trkpt lat="51.0614102" lon="13.7964161">
    <ele>100</ele>
    <time>2026-05-05T13:24:36Z</time>
    <extensions>
     <gpxdata:hr>124</gpxdata:hr>
     <gpxdata:distance>3478.00</gpxdata:distance>
     <gpxdata:speed>7.731</gpxdata:speed>
    </extensions>
   </trkpt>
   <trkpt lat="51.0613905" lon="13.7965154">
    <ele>100</ele>
    <time>2026-05-05T13:24:37Z</time>
    <extensions>
     <gpxdata:hr>122</gpxdata:hr>
     <gpxdata:distance>3485.00</gpxdata:distance>
     <gpxdata:speed>7.533</gpxdata:speed>
    </extensions>
   </trkpt>
   <trkpt lat="51.0613702" lon="13.7966109">
    <ele>100</ele>
    <time>2026-05-05T13:24:38Z</time>
    <extensions>
     <gpxdata:hr>120</gpxdata:hr>
     <gpxdata:distance>3492.00</gpxdata:distance>
     <gpxdata:speed>7.344</gpxdata:speed>
    </extensions>
   </trkpt>
   <trkpt lat="51.0613497" lon="13.7967007">
    <ele>100</ele>
    <time>2026-05-05T13:24:39Z</time>
    <extensions>
     <gpxdata:hr>118</gpxdata:hr>
     <gpxdata:distance>3499.00</gpxdata:distance>
     <gpxdata:speed>7.122</gpxdata:speed>
    </extensions>
   </trkpt>
   <trkpt lat="51.0613299" lon="13.7967812">
    <ele>100</ele>
    <time>2026-05-05T13:24:40Z</time>
    <extensions>
     <gpxdata:hr>118</gpxdata:hr>
     <gpxdata:distance>3505.00</gpxdata:distance>
     <gpxdata:speed>6.778</gpxdata:speed>
    </extensions>
   </trkpt>
   <trkpt lat="51.0613123" lon="13.7968459">
    <ele>100</ele>
    <time>2026-05-05T13:24:41Z</time>
    <extensions>
     <gpxdata:hr>117</gpxdata:hr>
     <gpxdata:distance>3511.00</gpxdata:distance>
     <gpxdata:speed>6.181</gpxdata:speed>
    </extensions>
   </trkpt>
   <trkpt lat="51.0612508" lon="13.7970856">
    <ele>98</ele>
    <time>2026-05-05T13:25:17Z</time>
    <extensions>
     <gpxdata:hr>110</gpxdata:hr>
     <gpxdata:distance>3536.00</gpxdata:distance>
     <gpxdata:speed>3.781</gpxdata:speed>
    </extensions>
   </trkpt>
   <trkpt lat="51.0612322" lon="13.7971603">
    <ele>98</ele>
    <time>2026-05-05T13:25:18Z</time>
    <extensions>
     <gpxdata:hr>110</gpxdata:hr>
     <gpxdata:distance>3536.00</gpxdata:distance>
     <gpxdata:speed>3.025</gpxdata:speed>
    </extensions>
   </trkpt>
   <trkpt lat="51.0612114" lon="13.7972407">
    <ele>98</ele>
    <time>2026-05-05T13:25:19Z</time>
    <extensions>
     <gpxdata:hr>110</gpxdata:hr>
     <gpxdata:distance>3542.50</gpxdata:distance>
     <gpxdata:speed>3.606</gpxdata:speed>
    </extensions>
   </trkpt>
   <trkpt lat="51.0611880" lon="13.7973287">
    <ele>98</ele>
    <time>2026-05-05T13:25:20Z</time>
    <extensions>
     <gpxdata:hr>111</gpxdata:hr>
     <gpxdata:distance>3549.00</gpxdata:distance>
     <gpxdata:speed>4.300</gpxdata:speed>
    </extensions>
   </trkpt>
   <trkpt lat="51.0611630" lon="13.7974224">
    <ele>98</ele>
    <time>2026-05-05T13:25:21Z</time>
    <extensions>
     <gpxdata:hr>113</gpxdata:hr>
     <gpxdata:distance>3556.50</gpxdata:distance>
     <gpxdata:speed>4.975</gpxdata:speed>
    </extensions>
   </trkpt>
   <trkpt lat="51.0611379" lon="13.7975196">
    <ele>99</ele>
    <time>2026-05-05T13:25:22Z</time>
    <extensions>
     <gpxdata:hr>114</gpxdata:hr>
     <gpxdata:distance>3564.00</gpxdata:distance>
     <gpxdata:speed>5.497</gpxdata:speed>
    </extensions>
   </trkpt>
   <trkpt lat="51.0611032" lon="13.7976515">
    <ele>99</ele>
    <time>2026-05-05T13:25:23Z</time>
    <extensions>
     <gpxdata:hr>118</gpxdata:hr>
     <gpxdata:distance>3571.50</gpxdata:distance>
     <gpxdata:speed>7.103</gpxdata:speed>
    </extensions>
   </trkpt>
   <trkpt lat="51.0610736" lon="13.7977556">
    <ele>99</ele>
    <time>2026-05-05T13:25:24Z</time>
    <extensions>
     <gpxdata:hr>121</gpxdata:hr>
     <gpxdata:distance>3579.00</gpxdata:distance>
     <gpxdata:speed>7.428</gpxdata:speed>
    </extensions>
   </trkpt>
   <trkpt lat="51.0610438" lon="13.7978571">
    <ele>99</ele>
    <time>2026-05-05T13:25:25Z</time>
    <extensions>
     <gpxdata:hr>122</gpxdata:hr>
     <gpxdata:distance>3587.00</gpxdata:distance>
     <gpxdata:speed>7.619</gpxdata:speed>
    </extensions>
   </trkpt>
   <trkpt lat="51.0610146" lon="13.7979596">
    <ele>99</ele>
    <time>2026-05-05T13:25:26Z</time>
    <extensions>
     <gpxdata:hr>122</gpxdata:hr>
     <gpxdata:distance>3595.00</gpxdata:distance>
     <gpxdata:speed>7.739</gpxdata:speed>
    </extensions>
   </trkpt>
   <trkpt lat="51.0609858" lon="13.7980633">
    <ele>99</ele>
    <time>2026-05-05T13:25:27Z</time>
    <extensions>
     <gpxdata:hr>122</gpxdata:hr>
     <gpxdata:distance>3602.50</gpxdata:distance>
     <gpxdata:speed>7.806</gpxdata:speed>
    </extensions>
   </trkpt>
   <trkpt lat="51.0609574" lon="13.7981697">
    <ele>99</ele>
    <time>2026-05-05T13:25:28Z</time>
    <extensions>
     <gpxdata:hr>123</gpxdata:hr>
     <gpxdata:distance>3610.00</gpxdata:distance>
     <gpxdata:speed>7.900</gpxdata:speed>
    </extensions>
   </trkpt>
   <trkpt lat="51.0609289" lon="13.7982787">
    <ele>99</ele>
    <time>2026-05-05T13:25:29Z</time>
    <extensions>
     <gpxdata:hr>123</gpxdata:hr>
     <gpxdata:distance>3618.50</gpxdata:distance>
     <gpxdata:speed>8.058</gpxdata:speed>
    </extensions>
   </trkpt>
   <trkpt lat="51.0608987" lon="13.7983893">
    <ele>99</ele>
    <time>2026-05-05T13:25:30Z</time>
    <extensions>
     <gpxdata:hr>123</gpxdata:hr>
     <gpxdata:distance>3627.00</gpxdata:distance>
     <gpxdata:speed>8.211</gpxdata:speed>
    </extensions>
   </trkpt>
   <trkpt lat="51.0608667" lon="13.7985000">
    <ele>100</ele>
    <time>2026-05-05T13:25:31Z</time>
    <extensions>
     <gpxdata:hr>124</gpxdata:hr>
     <gpxdata:distance>3635.50</gpxdata:distance>
     <gpxdata:speed>8.367</gpxdata:speed>
    </extensions>
   </trkpt>
   <trkpt lat="51.0608332" lon="13.7986106">
    <ele>100</ele>
    <time>2026-05-05T13:25:32Z</time>
    <extensions>
     <gpxdata:hr>124</gpxdata:hr>
     <gpxdata:distance>3644.00</gpxdata:distance>
     <gpxdata:speed>8.461</gpxdata:speed>
    </extensions>
   </trkpt>
   <trkpt lat="51.0607989" lon="13.7987210">
    <ele>100</ele>
    <time>2026-05-05T13:25:33Z</time>
    <extensions>
     <gpxdata:hr>124</gpxdata:hr>
     <gpxdata:distance>3652.50</gpxdata:distance>
     <gpxdata:speed>8.539</gpxdata:speed>
    </extensions>
   </trkpt>
   <trkpt lat="51.0607639" lon="13.7988303">
    <ele>100</ele>
    <time>2026-05-05T13:25:34Z</time>
    <extensions>
     <gpxdata:hr>124</gpxdata:hr>
     <gpxdata:distance>3661.00</gpxdata:distance>
     <gpxdata:speed>8.572</gpxdata:speed>
    </extensions>
   </trkpt>
   <trkpt lat="51.0607286" lon="13.7989379">
    <ele>100</ele>
    <time>2026-05-05T13:25:35Z</time>
    <extensions>
     <gpxdata:hr>125</gpxdata:hr>
     <gpxdata:distance>3669.50</gpxdata:distance>
     <gpxdata:speed>8.578</gpxdata:speed>
    </extensions>
   </trkpt>
   <trkpt lat="51.0606932" lon="13.7990452">
    <ele>100</ele>
    <time>2026-05-05T13:25:36Z</time>
    <extensions>
     <gpxdata:hr>125</gpxdata:hr>
     <gpxdata:distance>3678.00</gpxdata:distance>
     <gpxdata:speed>8.544</gpxdata:speed>
    </extensions>
   </trkpt>
   <trkpt lat="51.0606577" lon="13.7991544">
    <ele>100</ele>
    <time>2026-05-05T13:25:37Z</time>
    <extensions>
     <gpxdata:hr>126</gpxdata:hr>
     <gpxdata:distance>3687.00</gpxdata:distance>
     <gpxdata:speed>8.497</gpxdata:speed>
    </extensions>
   </trkpt>
   <trkpt lat="51.0606211" lon="13.7992655">
    <ele>100</ele>
    <time>2026-05-05T13:25:38Z</time>
    <extensions>
     <gpxdata:hr>126</gpxdata:hr>
     <gpxdata:distance>3696.00</gpxdata:distance>
     <gpxdata:speed>8.578</gpxdata:speed>
    </extensions>
   </trkpt>
   <trkpt lat="51.0605838" lon="13.7993772">
    <ele>100</ele>
    <time>2026-05-05T13:25:39Z</time>
    <extensions>
     <gpxdata:hr>127</gpxdata:hr>
     <gpxdata:distance>3704.50</gpxdata:distance>
     <gpxdata:speed>8.675</gpxdata:speed>
    </extensions>
   </trkpt>
   <trkpt lat="51.0605472" lon="13.7994895">
    <ele>100</ele>
    <time>2026-05-05T13:25:40Z</time>
    <extensions>
     <gpxdata:hr>127</gpxdata:hr>
     <gpxdata:distance>3713.00</gpxdata:distance>
     <gpxdata:speed>8.744</gpxdata:speed>
    </extensions>
   </trkpt>
   <trkpt lat="51.0605109" lon="13.7996015">
    <ele>100</ele>
    <time>2026-05-05T13:25:41Z</time>
    <extensions>
     <gpxdata:hr>127</gpxdata:hr>
     <gpxdata:distance>3722.00</gpxdata:distance>
     <gpxdata:speed>8.775</gpxdata:speed>
    </extensions>
   </trkpt>
   <trkpt lat="51.0604743" lon="13.7997130">
    <ele>100</ele>
    <time>2026-05-05T13:25:42Z</time>
    <extensions>
     <gpxdata:hr>127</gpxdata:hr>
     <gpxdata:distance>3731.00</gpxdata:distance>
     <gpxdata:speed>8.786</gpxdata:speed>
    </extensions>
   </trkpt>
   <trkpt lat="51.0604373" lon="13.7998244">
    <ele>100</ele>
    <time>2026-05-05T13:25:43Z</time>
    <extensions>
     <gpxdata:hr>128</gpxdata:hr>
     <gpxdata:distance>3740.00</gpxdata:distance>
     <gpxdata:speed>8.792</gpxdata:speed>
    </extensions>
   </trkpt>
   <trkpt lat="51.0604002" lon="13.7999357">
    <ele>100</ele>
    <time>2026-05-05T13:25:44Z</time>
    <extensions>
     <gpxdata:hr>128</gpxdata:hr>
     <gpxdata:distance>3749.00</gpxdata:distance>
     <gpxdata:speed>8.803</gpxdata:speed>
    </extensions>
   </trkpt>
   <trkpt lat="51.0603631" lon="13.8000466">
    <ele>100</ele>
    <time>2026-05-05T13:25:45Z</time>
    <extensions>
     <gpxdata:hr>130</gpxdata:hr>
     <gpxdata:distance>3757.50</gpxdata:distance>
     <gpxdata:speed>8.808</gpxdata:speed>
    </extensions>
   </trkpt>
   <trkpt lat="51.0603261" lon="13.8001571">
    <ele>100</ele>
    <time>2026-05-05T13:25:46Z</time>
    <extensions>
     <gpxdata:hr>131</gpxdata:hr>
     <gpxdata:distance>3766.00</gpxdata:distance>
     <gpxdata:speed>8.806</gpxdata:speed>
    </extensions>
   </trkpt>
   <trkpt lat="51.0602894" lon="13.8002676">
    <ele>100</ele>
    <time>2026-05-05T13:25:47Z</time>
    <extensions>
     <gpxdata:hr>132</gpxdata:hr>
     <gpxdata:distance>3775.00</gpxdata:distance>
     <gpxdata:speed>8.794</gpxdata:speed>
    </extensions>
   </trkpt>
   <trkpt lat="51.0602529" lon="13.8003778">
    <ele>100</ele>
    <time>2026-05-05T13:25:48Z</time>
    <extensions>
     <gpxdata:hr>133</gpxdata:hr>
     <gpxdata:distance>3784.00</gpxdata:distance>
     <gpxdata:speed>8.775</gpxdata:speed>
    </extensions>
   </trkpt>
   <trkpt lat="51.0602165" lon="13.8004879">
    <ele>100</ele>
    <time>2026-05-05T13:25:49Z</time>
    <extensions>
     <gpxdata:hr>134</gpxdata:hr>
     <gpxdata:distance>3792.50</gpxdata:distance>
     <gpxdata:speed>8.753</gpxdata:speed>
    </extensions>
   </trkpt>
   <trkpt lat="51.0601804" lon="13.8005977">
    <ele>100</ele>
    <time>2026-05-05T13:25:50Z</time>
    <extensions>
     <gpxdata:hr>135</gpxdata:hr>
     <gpxdata:distance>3801.00</gpxdata:distance>
     <gpxdata:speed>8.736</gpxdata:speed>
    </extensions>
   </trkpt>
   <trkpt lat="51.0601437" lon="13.8007055">
    <ele>100</ele>
    <time>2026-05-05T13:25:51Z</time>
    <extensions>
     <gpxdata:hr>136</gpxdata:hr>
     <gpxdata:distance>3809.50</gpxdata:distance>
     <gpxdata:speed>8.711</gpxdata:speed>
    </extensions>
   </trkpt>
   <trkpt lat="51.0601055" lon="13.8008115">
    <ele>100</ele>
    <time>2026-05-05T13:25:52Z</time>
    <extensions>
     <gpxdata:hr>136</gpxdata:hr>
     <gpxdata:distance>3818.00</gpxdata:distance>
     <gpxdata:speed>8.658</gpxdata:speed>
    </extensions>
   </trkpt>
   <trkpt lat="51.0600659" lon="13.8009188">
    <ele>100</ele>
    <time>2026-05-05T13:25:53Z</time>
    <extensions>
     <gpxdata:hr>135</gpxdata:hr>
     <gpxdata:distance>3827.00</gpxdata:distance>
     <gpxdata:speed>8.622</gpxdata:speed>
    </extensions>
   </trkpt>
   <trkpt lat="51.0600261" lon="13.8010295">
    <ele>100</ele>
    <time>2026-05-05T13:25:54Z</time>
    <extensions>
     <gpxdata:hr>135</gpxdata:hr>
     <gpxdata:distance>3836.00</gpxdata:distance>
     <gpxdata:speed>8.669</gpxdata:speed>
    </extensions>
   </trkpt>
   <trkpt lat="51.0599866" lon="13.8011427">
    <ele>100</ele>
    <time>2026-05-05T13:25:55Z</time>
    <extensions>
     <gpxdata:hr>134</gpxdata:hr>
     <gpxdata:distance>3845.00</gpxdata:distance>
     <gpxdata:speed>8.767</gpxdata:speed>
    </extensions>
   </trkpt>
   <trkpt lat="51.0599469" lon="13.8012562">
    <ele>100</ele>
    <time>2026-05-05T13:25:56Z</time>
    <extensions>
     <gpxdata:hr>134</gpxdata:hr>
     <gpxdata:distance>3854.00</gpxdata:distance>
     <gpxdata:speed>8.864</gpxdata:speed>
    </extensions>
   </trkpt>
   <trkpt lat="51.0599058" lon="13.8013683">
    <ele>100</ele>
    <time>2026-05-05T13:25:57Z</time>
    <extensions>
     <gpxdata:hr>135</gpxdata:hr>
     <gpxdata:distance>3863.00</gpxdata:distance>
     <gpxdata:speed>8.933</gpxdata:speed>
    </extensions>
   </trkpt>
   <trkpt lat="51.0598638" lon="13.8014793">
    <ele>100</ele>
    <time>2026-05-05T13:25:58Z</time>
    <extensions>
     <gpxdata:hr>135</gpxdata:hr>
     <gpxdata:distance>3872.00</gpxdata:distance>
     <gpxdata:speed>8.978</gpxdata:speed>
    </extensions>
   </trkpt>
   <trkpt lat="51.0598215" lon="13.8015905">
    <ele>100</ele>
    <time>2026-05-05T13:25:59Z</time>
    <extensions>
     <gpxdata:hr>135</gpxdata:hr>
     <gpxdata:distance>3881.00</gpxdata:distance>
     <gpxdata:speed>9.006</gpxdata:speed>
    </extensions>
   </trkpt>
   <trkpt lat="51.0597795" lon="13.8017024">
    <ele>100</ele>
    <time>2026-05-05T13:26:00Z</time>
    <extensions>
     <gpxdata:hr>135</gpxdata:hr>
     <gpxdata:distance>3890.00</gpxdata:distance>
     <gpxdata:speed>9.042</gpxdata:speed>
    </extensions>
   </trkpt>
   <trkpt lat="51.0597376" lon="13.8018143">
    <ele>100</ele>
    <time>2026-05-05T13:26:01Z</time>
    <extensions>
     <gpxdata:hr>135</gpxdata:hr>
     <gpxdata:distance>3899.00</gpxdata:distance>
     <gpxdata:speed>9.069</gpxdata:speed>
    </extensions>
   </trkpt>
   <trkpt lat="51.0596950" lon="13.8019257">
    <ele>100</ele>
    <time>2026-05-05T13:26:02Z</time>
    <extensions>
     <gpxdata:hr>135</gpxdata:hr>
     <gpxdata:distance>3908.00</gpxdata:distance>
     <gpxdata:speed>9.092</gpxdata:speed>
    </extensions>
   </trkpt>
   <trkpt lat="51.0596516" lon="13.8020363">
    <ele>100</ele>
    <time>2026-05-05T13:26:03Z</time>
    <extensions>
     <gpxdata:hr>135</gpxdata:hr>
     <gpxdata:distance>3917.50</gpxdata:distance>
     <gpxdata:speed>9.111</gpxdata:speed>
    </extensions>
   </trkpt>
   <trkpt lat="51.0596060" lon="13.8021451">
    <ele>100</ele>
    <time>2026-05-05T13:26:04Z</time>
    <extensions>
     <gpxdata:hr>136</gpxdata:hr>
     <gpxdata:distance>3927.00</gpxdata:distance>
     <gpxdata:speed>9.122</gpxdata:speed>
    </extensions>
   </trkpt>
   <trkpt lat="51.0595584" lon="13.8022517">
    <ele>100</ele>
    <time>2026-05-05T13:26:05Z</time>
    <extensions>
     <gpxdata:hr>136</gpxdata:hr>
     <gpxdata:distance>3936.00</gpxdata:distance>
     <gpxdata:speed>9.133</gpxdata:speed>
    </extensions>
   </trkpt>
   <trkpt lat="51.0595102" lon="13.8023566">
    <ele>100</ele>
    <time>2026-05-05T13:26:06Z</time>
    <extensions>
     <gpxdata:hr>136</gpxdata:hr>
     <gpxdata:distance>3945.00</gpxdata:distance>
     <gpxdata:speed>9.142</gpxdata:speed>
    </extensions>
   </trkpt>
   <trkpt lat="51.0594626" lon="13.8024586">
    <ele>100</ele>
    <time>2026-05-05T13:26:07Z</time>
    <extensions>
     <gpxdata:hr>136</gpxdata:hr>
     <gpxdata:distance>3954.00</gpxdata:distance>
     <gpxdata:speed>9.114</gpxdata:speed>
    </extensions>
   </trkpt>
   <trkpt lat="51.0594149" lon="13.8025560">
    <ele>100</ele>
    <time>2026-05-05T13:26:08Z</time>
    <extensions>
     <gpxdata:hr>135</gpxdata:hr>
     <gpxdata:distance>3963.00</gpxdata:distance>
     <gpxdata:speed>9.022</gpxdata:speed>
    </extensions>
   </trkpt>
   <trkpt lat="51.0593681" lon="13.8026493">
    <ele>100</ele>
    <time>2026-05-05T13:26:09Z</time>
    <extensions>
     <gpxdata:hr>135</gpxdata:hr>
     <gpxdata:distance>3971.00</gpxdata:distance>
     <gpxdata:speed>8.881</gpxdata:speed>
    </extensions>
   </trkpt>
   <trkpt lat="51.0593232" lon="13.8027425">
    <ele>100</ele>
    <time>2026-05-05T13:26:10Z</time>
    <extensions>
     <gpxdata:hr>135</gpxdata:hr>
     <gpxdata:distance>3979.00</gpxdata:distance>
     <gpxdata:speed>8.686</gpxdata:speed>
    </extensions>
   </trkpt>
   <trkpt lat="51.0592778" lon="13.8028376">
    <ele>100</ele>
    <time>2026-05-05T13:26:11Z</time>
    <extensions>
     <gpxdata:hr>134</gpxdata:hr>
     <gpxdata:distance>3987.50</gpxdata:distance>
     <gpxdata:speed>8.522</gpxdata:speed>
    </extensions>
   </trkpt>
   <trkpt lat="51.0592280" lon="13.8029316">
    <ele>100</ele>
    <time>2026-05-05T13:26:12Z</time>
    <extensions>
     <gpxdata:hr>133</gpxdata:hr>
     <gpxdata:distance>3996.00</gpxdata:distance>
     <gpxdata:speed>8.486</gpxdata:speed>
    </extensions>
   </trkpt>
   <trkpt lat="51.0591728" lon="13.8030215">
    <ele>100</ele>
    <time>2026-05-05T13:26:13Z</time>
    <extensions>
     <gpxdata:hr>133</gpxdata:hr>
     <gpxdata:distance>4005.00</gpxdata:distance>
     <gpxdata:speed>8.547</gpxdata:speed>
    </extensions>
   </trkpt>
   <trkpt lat="51.0591142" lon="13.8031078">
    <ele>100</ele>
    <time>2026-05-05T13:26:14Z</time>
    <extensions>
     <gpxdata:hr>133</gpxdata:hr>
     <gpxdata:distance>4014.00</gpxdata:distance>
     <gpxdata:speed>8.642</gpxdata:speed>
    </extensions>
   </trkpt>
   <trkpt lat="51.0590534" lon="13.8031917">
    <ele>100</ele>
    <time>2026-05-05T13:26:15Z</time>
    <extensions>
     <gpxdata:hr>132</gpxdata:hr>
     <gpxdata:distance>4023.00</gpxdata:distance>
     <gpxdata:speed>8.717</gpxdata:speed>
    </extensions>
   </trkpt>
   <trkpt lat="51.0589911" lon="13.8032734">
    <ele>100</ele>
    <time>2026-05-05T13:26:16Z</time>
    <extensions>
     <gpxdata:hr>131</gpxdata:hr>
     <gpxdata:distance>4032.00</gpxdata:distance>
     <gpxdata:speed>8.786</gpxdata:speed>
    </extensions>
   </trkpt>
   <trkpt lat="51.0589285" lon="13.8033530">
    <ele>100</ele>
    <time>2026-05-05T13:26:17Z</time>
    <extensions>
     <gpxdata:hr>131</gpxdata:hr>
     <gpxdata:distance>4040.50</gpxdata:distance>
     <gpxdata:speed>8.844</gpxdata:speed>
    </extensions>
   </trkpt>
   <trkpt lat="51.0588654" lon="13.8034309">
    <ele>100</ele>
    <time>2026-05-05T13:26:18Z</time>
    <extensions>
     <gpxdata:hr>131</gpxdata:hr>
     <gpxdata:distance>4049.00</gpxdata:distance>
     <gpxdata:speed>8.858</gpxdata:speed>
    </extensions>
   </trkpt>
   <trkpt lat="51.0588007" lon="13.8035075">
    <ele>100</ele>
    <time>2026-05-05T13:26:19Z</time>
    <extensions>
     <gpxdata:hr>132</gpxdata:hr>
     <gpxdata:distance>4058.00</gpxdata:distance>
     <gpxdata:speed>8.869</gpxdata:speed>
    </extensions>
   </trkpt>
   <trkpt lat="51.0587349" lon="13.8035837">
    <ele>100</ele>
    <time>2026-05-05T13:26:20Z</time>
    <extensions>
     <gpxdata:hr>132</gpxdata:hr>
     <gpxdata:distance>4067.00</gpxdata:distance>
     <gpxdata:speed>8.919</gpxdata:speed>
    </extensions>
   </trkpt>
   <trkpt lat="51.0586690" lon="13.8036603">
    <ele>100</ele>
    <time>2026-05-05T13:26:21Z</time>
    <extensions>
     <gpxdata:hr>132</gpxdata:hr>
     <gpxdata:distance>4076.50</gpxdata:distance>
     <gpxdata:speed>8.983</gpxdata:speed>
    </extensions>
   </trkpt>
   <trkpt lat="51.0586030" lon="13.8037365">
    <ele>100</ele>
    <time>2026-05-05T13:26:22Z</time>
    <extensions>
     <gpxdata:hr>132</gpxdata:hr>
     <gpxdata:distance>4086.00</gpxdata:distance>
     <gpxdata:speed>9.022</gpxdata:speed>
    </extensions>
   </trkpt>
   <trkpt lat="51.0585370" lon="13.8038125">
    <ele>100</ele>
    <time>2026-05-05T13:26:23Z</time>
    <extensions>
     <gpxdata:hr>131</gpxdata:hr>
     <gpxdata:distance>4095.00</gpxdata:distance>
     <gpxdata:speed>9.039</gpxdata:speed>
    </extensions>
   </trkpt>
   <trkpt lat="51.0584715" lon="13.8038894">
    <ele>100</ele>
    <time>2026-05-05T13:26:24Z</time>
    <extensions>
     <gpxdata:hr>131</gpxdata:hr>
     <gpxdata:distance>4104.00</gpxdata:distance>
     <gpxdata:speed>9.042</gpxdata:speed>
    </extensions>
   </trkpt>
   <trkpt lat="51.0584065" lon="13.8039684">
    <ele>100</ele>
    <time>2026-05-05T13:26:25Z</time>
    <extensions>
     <gpxdata:hr>131</gpxdata:hr>
     <gpxdata:distance>4113.00</gpxdata:distance>
     <gpxdata:speed>9.053</gpxdata:speed>
    </extensions>
   </trkpt>
   <trkpt lat="51.0583418" lon="13.8040497">
    <ele>100</ele>
    <time>2026-05-05T13:26:26Z</time>
    <extensions>
     <gpxdata:hr>131</gpxdata:hr>
     <gpxdata:distance>4122.00</gpxdata:distance>
     <gpxdata:speed>9.075</gpxdata:speed>
    </extensions>
   </trkpt>
   <trkpt lat="51.0582772" lon="13.8041323">
    <ele>100</ele>
    <time>2026-05-05T13:26:27Z</time>
    <extensions>
     <gpxdata:hr>131</gpxdata:hr>
     <gpxdata:distance>4131.00</gpxdata:distance>
     <gpxdata:speed>9.111</gpxdata:speed>
    </extensions>
   </trkpt>
   <trkpt lat="51.0582105" lon="13.8042131">
    <ele>100</ele>
    <time>2026-05-05T13:26:28Z</time>
    <extensions>
     <gpxdata:hr>131</gpxdata:hr>
     <gpxdata:distance>4140.00</gpxdata:distance>
     <gpxdata:speed>9.158</gpxdata:speed>
    </extensions>
   </trkpt>
   <trkpt lat="51.0581402" lon="13.8042890">
    <ele>100</ele>
    <time>2026-05-05T13:26:29Z</time>
    <extensions>
     <gpxdata:hr>132</gpxdata:hr>
     <gpxdata:distance>4149.50</gpxdata:distance>
     <gpxdata:speed>9.228</gpxdata:speed>
    </extensions>
   </trkpt>
   <trkpt lat="51.0580670" lon="13.8043606">
    <ele>100</ele>
    <time>2026-05-05T13:26:30Z</time>
    <extensions>
     <gpxdata:hr>132</gpxdata:hr>
     <gpxdata:distance>4159.00</gpxdata:distance>
     <gpxdata:speed>9.317</gpxdata:speed>
    </extensions>
   </trkpt>
   <trkpt lat="51.0579925" lon="13.8044306">
    <ele>100</ele>
    <time>2026-05-05T13:26:31Z</time>
    <extensions>
     <gpxdata:hr>132</gpxdata:hr>
     <gpxdata:distance>4169.00</gpxdata:distance>
     <gpxdata:speed>9.414</gpxdata:speed>
    </extensions>
   </trkpt>
   <trkpt lat="51.0579181" lon="13.8045008">
    <ele>100</ele>
    <time>2026-05-05T13:26:32Z</time>
    <extensions>
     <gpxdata:hr>134</gpxdata:hr>
     <gpxdata:distance>4179.00</gpxdata:distance>
     <gpxdata:speed>9.486</gpxdata:speed>
    </extensions>
   </trkpt>
   <trkpt lat="51.0578449" lon="13.8045717">
    <ele>100</ele>
    <time>2026-05-05T13:26:33Z</time>
    <extensions>
     <gpxdata:hr>135</gpxdata:hr>
     <gpxdata:distance>4188.50</gpxdata:distance>
     <gpxdata:speed>9.539</gpxdata:speed>
    </extensions>
   </trkpt>
   <trkpt lat="51.0577744" lon="13.8046434">
    <ele>100</ele>
    <time>2026-05-05T13:26:34Z</time>
    <extensions>
     <gpxdata:hr>135</gpxdata:hr>
     <gpxdata:distance>4198.00</gpxdata:distance>
     <gpxdata:speed>9.531</gpxdata:speed>
    </extensions>
   </trkpt>
   <trkpt lat="51.0577084" lon="13.8047140">
    <ele>100</ele>
    <time>2026-05-05T13:26:35Z</time>
    <extensions>
     <gpxdata:hr>135</gpxdata:hr>
     <gpxdata:distance>4206.50</gpxdata:distance>
     <gpxdata:speed>9.442</gpxdata:speed>
    </extensions>
   </trkpt>
   <trkpt lat="51.0576481" lon="13.8047821">
    <ele>100</ele>
    <time>2026-05-05T13:26:36Z</time>
    <extensions>
     <gpxdata:hr>135</gpxdata:hr>
     <gpxdata:distance>4215.00</gpxdata:distance>
     <gpxdata:speed>8.931</gpxdata:speed>
    </extensions>
   </trkpt>
   <trkpt lat="51.0575938" lon="13.8048469">
    <ele>100</ele>
    <time>2026-05-05T13:26:37Z</time>
    <extensions>
     <gpxdata:hr>135</gpxdata:hr>
     <gpxdata:distance>4222.50</gpxdata:distance>
     <gpxdata:speed>8.364</gpxdata:speed>
    </extensions>
   </trkpt>
   <trkpt lat="51.0575461" lon="13.8049067">
    <ele>100</ele>
    <time>2026-05-05T13:26:38Z</time>
    <extensions>
     <gpxdata:hr>135</gpxdata:hr>
     <gpxdata:distance>4230.00</gpxdata:distance>
     <gpxdata:speed>7.736</gpxdata:speed>
    </extensions>
   </trkpt>
   <trkpt lat="51.0575057" lon="13.8049579">
    <ele>100</ele>
    <time>2026-05-05T13:26:39Z</time>
    <extensions>
     <gpxdata:hr>135</gpxdata:hr>
     <gpxdata:distance>4235.50</gpxdata:distance>
     <gpxdata:speed>6.967</gpxdata:speed>
    </extensions>
   </trkpt>
   <trkpt lat="51.0574729" lon="13.8049968">
    <ele>101</ele>
    <time>2026-05-05T13:26:40Z</time>
    <extensions>
     <gpxdata:hr>134</gpxdata:hr>
     <gpxdata:distance>4241.00</gpxdata:distance>
     <gpxdata:speed>6.575</gpxdata:speed>
    </extensions>
   </trkpt>
   <trkpt lat="51.0574489" lon="13.8050220">
    <ele>101</ele>
    <time>2026-05-05T13:26:41Z</time>
    <extensions>
     <gpxdata:hr>133</gpxdata:hr>
     <gpxdata:distance>4244.00</gpxdata:distance>
     <gpxdata:speed>6.261</gpxdata:speed>
    </extensions>
   </trkpt>
   <trkpt lat="51.0574394" lon="13.8050313">
    <ele>101</ele>
    <time>2026-05-05T13:26:42Z</time>
    <extensions>
     <gpxdata:hr>131</gpxdata:hr>
     <gpxdata:distance>4247.00</gpxdata:distance>
     <gpxdata:speed>3.542</gpxdata:speed>
    </extensions>
   </trkpt>
   <trkpt lat="51.0574371" lon="13.8050326">
    <ele>101</ele>
    <time>2026-05-05T13:26:43Z</time>
    <extensions>
     <gpxdata:hr>129</gpxdata:hr>
     <gpxdata:distance>4247.50</gpxdata:distance>
     <gpxdata:speed>2.125</gpxdata:speed>
    </extensions>
   </trkpt>
   <trkpt lat="51.0574371" lon="13.8050307">
    <ele>101</ele>
    <time>2026-05-05T13:26:44Z</time>
    <extensions>
     <gpxdata:hr>128</gpxdata:hr>
     <gpxdata:distance>4248.00</gpxdata:distance>
     <gpxdata:speed>2.125</gpxdata:speed>
    </extensions>
   </trkpt>
   <trkpt lat="51.0573660" lon="13.8051350">
    <ele>100</ele>
    <time>2026-05-05T13:28:49Z</time>
    <extensions>
     <gpxdata:hr>106</gpxdata:hr>
     <gpxdata:distance>4264.00</gpxdata:distance>
     <gpxdata:speed>3.147</gpxdata:speed>
    </extensions>
   </trkpt>
   <trkpt lat="51.0573331" lon="13.8051783">
    <ele>100</ele>
    <time>2026-05-05T13:28:50Z</time>
    <extensions>
     <gpxdata:hr>106</gpxdata:hr>
     <gpxdata:distance>4264.00</gpxdata:distance>
     <gpxdata:speed>3.886</gpxdata:speed>
    </extensions>
   </trkpt>
   <trkpt lat="51.0572969" lon="13.8052245">
    <ele>100</ele>
    <time>2026-05-05T13:28:51Z</time>
    <extensions>
     <gpxdata:hr>106</gpxdata:hr>
     <gpxdata:distance>4269.50</gpxdata:distance>
     <gpxdata:speed>3.175</gpxdata:speed>
    </extensions>
   </trkpt>
   <trkpt lat="51.0572573" lon="13.8052744">
    <ele>100</ele>
    <time>2026-05-05T13:28:52Z</time>
    <extensions>
     <gpxdata:hr>106</gpxdata:hr>
     <gpxdata:distance>4275.00</gpxdata:distance>
     <gpxdata:speed>3.694</gpxdata:speed>
    </extensions>
   </trkpt>
   <trkpt lat="51.0572150" lon="13.8053273">
    <ele>100</ele>
    <time>2026-05-05T13:28:53Z</time>
    <extensions>
     <gpxdata:hr>108</gpxdata:hr>
     <gpxdata:distance>4281.50</gpxdata:distance>
     <gpxdata:speed>4.222</gpxdata:speed>
    </extensions>
   </trkpt>
   <trkpt lat="51.0571712" lon="13.8053826">
    <ele>100</ele>
    <time>2026-05-05T13:28:54Z</time>
    <extensions>
     <gpxdata:hr>109</gpxdata:hr>
     <gpxdata:distance>4288.00</gpxdata:distance>
     <gpxdata:speed>5.828</gpxdata:speed>
    </extensions>
   </trkpt>
   <trkpt lat="51.0571112" lon="13.8054588">
    <ele>100</ele>
    <time>2026-05-05T13:28:55Z</time>
    <extensions>
     <gpxdata:hr>109</gpxdata:hr>
     <gpxdata:distance>4294.50</gpxdata:distance>
     <gpxdata:speed>6.150</gpxdata:speed>
    </extensions>
   </trkpt>
   <trkpt lat="51.0570616" lon="13.8055196">
    <ele>100</ele>
    <time>2026-05-05T13:28:56Z</time>
    <extensions>
     <gpxdata:hr>110</gpxdata:hr>
     <gpxdata:distance>4301.00</gpxdata:distance>
     <gpxdata:speed>6.361</gpxdata:speed>
    </extensions>
   </trkpt>
   <trkpt lat="51.0570103" lon="13.8055763">
    <ele>101</ele>
    <time>2026-05-05T13:28:57Z</time>
    <extensions>
     <gpxdata:hr>110</gpxdata:hr>
     <gpxdata:distance>4308.00</gpxdata:distance>
     <gpxdata:speed>6.622</gpxdata:speed>
    </extensions>
   </trkpt>
   <trkpt lat="51.0569557" lon="13.8056297">
    <ele>101</ele>
    <time>2026-05-05T13:28:58Z</time>
    <extensions>
     <gpxdata:hr>111</gpxdata:hr>
     <gpxdata:distance>4315.00</gpxdata:distance>
     <gpxdata:speed>6.839</gpxdata:speed>
    </extensions>
   </trkpt>
   <trkpt lat="51.0568985" lon="13.8056816">
    <ele>101</ele>
    <time>2026-05-05T13:28:59Z</time>
    <extensions>
     <gpxdata:hr>111</gpxdata:hr>
     <gpxdata:distance>4322.00</gpxdata:distance>
     <gpxdata:speed>7.053</gpxdata:speed>
    </extensions>
   </trkpt>
   <trkpt lat="51.0568396" lon="13.8057319">
    <ele>101</ele>
    <time>2026-05-05T13:29:00Z</time>
    <extensions>
     <gpxdata:hr>113</gpxdata:hr>
     <gpxdata:distance>4329.00</gpxdata:distance>
     <gpxdata:speed>7.244</gpxdata:speed>
    </extensions>
   </trkpt>
   <trkpt lat="51.0567799" lon="13.8057805">
    <ele>101</ele>
    <time>2026-05-05T13:29:01Z</time>
    <extensions>
     <gpxdata:hr>113</gpxdata:hr>
     <gpxdata:distance>4336.50</gpxdata:distance>
     <gpxdata:speed>7.367</gpxdata:speed>
    </extensions>
   </trkpt>
   <trkpt lat="51.0567199" lon="13.8058275">
    <ele>101</ele>
    <time>2026-05-05T13:29:02Z</time>
    <extensions>
     <gpxdata:hr>114</gpxdata:hr>
     <gpxdata:distance>4344.00</gpxdata:distance>
     <gpxdata:speed>7.394</gpxdata:speed>
    </extensions>
   </trkpt>
   <trkpt lat="51.0566587" lon="13.8058715">
    <ele>101</ele>
    <time>2026-05-05T13:29:03Z</time>
    <extensions>
     <gpxdata:hr>115</gpxdata:hr>
     <gpxdata:distance>4351.50</gpxdata:distance>
     <gpxdata:speed>7.406</gpxdata:speed>
    </extensions>
   </trkpt>
   <trkpt lat="51.0565960" lon="13.8059117">
    <ele>101</ele>
    <time>2026-05-05T13:29:04Z</time>
    <extensions>
     <gpxdata:hr>114</gpxdata:hr>
     <gpxdata:distance>4359.00</gpxdata:distance>
     <gpxdata:speed>7.447</gpxdata:speed>
    </extensions>
   </trkpt>
   <trkpt lat="51.0565326" lon="13.8059493">
    <ele>101</ele>
    <time>2026-05-05T13:29:05Z</time>
    <extensions>
     <gpxdata:hr>115</gpxdata:hr>
     <gpxdata:distance>4366.50</gpxdata:distance>
     <gpxdata:speed>7.508</gpxdata:speed>
    </extensions>
   </trkpt>
   <trkpt lat="51.0564687" lon="13.8059873">
    <ele>101</ele>
    <time>2026-05-05T13:29:06Z</time>
    <extensions>
     <gpxdata:hr>115</gpxdata:hr>
     <gpxdata:distance>4374.00</gpxdata:distance>
     <gpxdata:speed>7.536</gpxdata:speed>
    </extensions>
   </trkpt>
   <trkpt lat="51.0564040" lon="13.8060257">
    <ele>101</ele>
    <time>2026-05-05T13:29:07Z</time>
    <extensions>
     <gpxdata:hr>115</gpxdata:hr>
     <gpxdata:distance>4382.00</gpxdata:distance>
     <gpxdata:speed>7.572</gpxdata:speed>
    </extensions>
   </trkpt>
   <trkpt lat="51.0563391" lon="13.8060643">
    <ele>101</ele>
    <time>2026-05-05T13:29:08Z</time>
    <extensions>
     <gpxdata:hr>114</gpxdata:hr>
     <gpxdata:distance>4390.00</gpxdata:distance>
     <gpxdata:speed>7.631</gpxdata:speed>
    </extensions>
   </trkpt>
   <trkpt lat="51.0562747" lon="13.8061030">
    <ele>101</ele>
    <time>2026-05-05T13:29:09Z</time>
    <extensions>
     <gpxdata:hr>114</gpxdata:hr>
     <gpxdata:distance>4397.50</gpxdata:distance>
     <gpxdata:speed>7.667</gpxdata:speed>
    </extensions>
   </trkpt>
   <trkpt lat="51.0562112" lon="13.8061423">
    <ele>101</ele>
    <time>2026-05-05T13:29:10Z</time>
    <extensions>
     <gpxdata:hr>114</gpxdata:hr>
     <gpxdata:distance>4405.00</gpxdata:distance>
     <gpxdata:speed>7.642</gpxdata:speed>
    </extensions>
   </trkpt>
   <trkpt lat="51.0561484" lon="13.8061815">
    <ele>101</ele>
    <time>2026-05-05T13:29:11Z</time>
    <extensions>
     <gpxdata:hr>114</gpxdata:hr>
     <gpxdata:distance>4412.50</gpxdata:distance>
     <gpxdata:speed>7.614</gpxdata:speed>
    </extensions>
   </trkpt>
   <trkpt lat="51.0560862" lon="13.8062212">
    <ele>101</ele>
    <time>2026-05-05T13:29:12Z</time>
    <extensions>
     <gpxdata:hr>114</gpxdata:hr>
     <gpxdata:distance>4420.00</gpxdata:distance>
     <gpxdata:speed>7.575</gpxdata:speed>
    </extensions>
   </trkpt>
   <trkpt lat="51.0560242" lon="13.8062619">
    <ele>101</ele>
    <time>2026-05-05T13:29:13Z</time>
    <extensions>
     <gpxdata:hr>114</gpxdata:hr>
     <gpxdata:distance>4427.50</gpxdata:distance>
     <gpxdata:speed>7.536</gpxdata:speed>
    </extensions>
   </trkpt>
   <trkpt lat="51.0559614" lon="13.8063023">
    <ele>101</ele>
    <time>2026-05-05T13:29:14Z</time>
    <extensions>
     <gpxdata:hr>114</gpxdata:hr>
     <gpxdata:distance>4435.00</gpxdata:distance>
     <gpxdata:speed>7.519</gpxdata:speed>
    </extensions>
   </trkpt>
   <trkpt lat="51.0558982" lon="13.8063422">
    <ele>101</ele>
    <time>2026-05-05T13:29:15Z</time>
    <extensions>
     <gpxdata:hr>114</gpxdata:hr>
     <gpxdata:distance>4442.50</gpxdata:distance>
     <gpxdata:speed>7.531</gpxdata:speed>
    </extensions>
   </trkpt>
   <trkpt lat="51.0558344" lon="13.8063823">
    <ele>101</ele>
    <time>2026-05-05T13:29:16Z</time>
    <extensions>
     <gpxdata:hr>114</gpxdata:hr>
     <gpxdata:distance>4450.00</gpxdata:distance>
     <gpxdata:speed>7.547</gpxdata:speed>
    </extensions>
   </trkpt>
   <trkpt lat="51.0557693" lon="13.8064227">
    <ele>101</ele>
    <time>2026-05-05T13:29:17Z</time>
    <extensions>
     <gpxdata:hr>113</gpxdata:hr>
     <gpxdata:distance>4458.00</gpxdata:distance>
     <gpxdata:speed>7.578</gpxdata:speed>
    </extensions>
   </trkpt>
   <trkpt lat="51.0557023" lon="13.8064632">
    <ele>101</ele>
    <time>2026-05-05T13:29:18Z</time>
    <extensions>
     <gpxdata:hr>111</gpxdata:hr>
     <gpxdata:distance>4466.00</gpxdata:distance>
     <gpxdata:speed>7.653</gpxdata:speed>
    </extensions>
   </trkpt>
   <trkpt lat="51.0556344" lon="13.8065047">
    <ele>101</ele>
    <time>2026-05-05T13:29:19Z</time>
    <extensions>
     <gpxdata:hr>110</gpxdata:hr>
     <gpxdata:distance>4474.00</gpxdata:distance>
     <gpxdata:speed>7.772</gpxdata:speed>
    </extensions>
   </trkpt>
   <trkpt lat="51.0555672" lon="13.8065476">
    <ele>101</ele>
    <time>2026-05-05T13:29:20Z</time>
    <extensions>
     <gpxdata:hr>110</gpxdata:hr>
     <gpxdata:distance>4482.00</gpxdata:distance>
     <gpxdata:speed>7.883</gpxdata:speed>
    </extensions>
   </trkpt>
   <trkpt lat="51.0555008" lon="13.8065895">
    <ele>101</ele>
    <time>2026-05-05T13:29:21Z</time>
    <extensions>
     <gpxdata:hr>110</gpxdata:hr>
     <gpxdata:distance>4490.00</gpxdata:distance>
     <gpxdata:speed>7.939</gpxdata:speed>
    </extensions>
   </trkpt>
   <trkpt lat="51.0554357" lon="13.8066288">
    <ele>101</ele>
    <time>2026-05-05T13:29:22Z</time>
    <extensions>
     <gpxdata:hr>111</gpxdata:hr>
     <gpxdata:distance>4498.00</gpxdata:distance>
     <gpxdata:speed>7.931</gpxdata:speed>
    </extensions>
   </trkpt>
   <trkpt lat="51.0553715" lon="13.8066665">
    <ele>101</ele>
    <time>2026-05-05T13:29:23Z</time>
    <extensions>
     <gpxdata:hr>112</gpxdata:hr>
     <gpxdata:distance>4505.50</gpxdata:distance>
     <gpxdata:speed>7.858</gpxdata:speed>
    </extensions>
   </trkpt>
   <trkpt lat="51.0553075" lon="13.8067037">
    <ele>101</ele>
    <time>2026-05-05T13:29:24Z</time>
    <extensions>
     <gpxdata:hr>112</gpxdata:hr>
     <gpxdata:distance>4513.00</gpxdata:distance>
     <gpxdata:speed>7.775</gpxdata:speed>
    </extensions>
   </trkpt>
   <trkpt lat="51.0552441" lon="13.8067404">
    <ele>101</ele>
    <time>2026-05-05T13:29:25Z</time>
    <extensions>
     <gpxdata:hr>112</gpxdata:hr>
     <gpxdata:distance>4520.50</gpxdata:distance>
     <gpxdata:speed>7.719</gpxdata:speed>
    </extensions>
   </trkpt>
   <trkpt lat="51.0551831" lon="13.8067774">
    <ele>101</ele>
    <time>2026-05-05T13:29:26Z</time>
    <extensions>
     <gpxdata:hr>111</gpxdata:hr>
     <gpxdata:distance>4528.00</gpxdata:distance>
     <gpxdata:speed>7.650</gpxdata:speed>
    </extensions>
   </trkpt>
   <trkpt lat="51.0551253" lon="13.8068151">
    <ele>101</ele>
    <time>2026-05-05T13:29:27Z</time>
    <extensions>
     <gpxdata:hr>110</gpxdata:hr>
     <gpxdata:distance>4535.00</gpxdata:distance>
     <gpxdata:speed>7.506</gpxdata:speed>
    </extensions>
   </trkpt>
   <trkpt lat="51.0550702" lon="13.8068535">
    <ele>101</ele>
    <time>2026-05-05T13:29:28Z</time>
    <extensions>
     <gpxdata:hr>110</gpxdata:hr>
     <gpxdata:distance>4542.00</gpxdata:distance>
     <gpxdata:speed>7.044</gpxdata:speed>
    </extensions>
   </trkpt>
   <trkpt lat="51.0550159" lon="13.8068924">
    <ele>101</ele>
    <time>2026-05-05T13:29:29Z</time>
    <extensions>
     <gpxdata:hr>109</gpxdata:hr>
     <gpxdata:distance>4548.50</gpxdata:distance>
     <gpxdata:speed>6.811</gpxdata:speed>
    </extensions>
   </trkpt>
   <trkpt lat="51.0549604" lon="13.8069318">
    <ele>101</ele>
    <time>2026-05-05T13:29:30Z</time>
    <extensions>
     <gpxdata:hr>106</gpxdata:hr>
     <gpxdata:distance>4555.00</gpxdata:distance>
     <gpxdata:speed>6.728</gpxdata:speed>
    </extensions>
   </trkpt>
   <trkpt lat="51.0549025" lon="13.8069711">
    <ele>101</ele>
    <time>2026-05-05T13:29:31Z</time>
    <extensions>
     <gpxdata:hr>105</gpxdata:hr>
     <gpxdata:distance>4562.00</gpxdata:distance>
     <gpxdata:speed>6.825</gpxdata:speed>
    </extensions>
   </trkpt>
   <trkpt lat="51.0548418" lon="13.8070097">
    <ele>101</ele>
    <time>2026-05-05T13:29:32Z</time>
    <extensions>
     <gpxdata:hr>105</gpxdata:hr>
     <gpxdata:distance>4569.00</gpxdata:distance>
     <gpxdata:speed>7.011</gpxdata:speed>
    </extensions>
   </trkpt>
   <trkpt lat="51.0547787" lon="13.8070481">
    <ele>101</ele>
    <time>2026-05-05T13:29:33Z</time>
    <extensions>
     <gpxdata:hr>104</gpxdata:hr>
     <gpxdata:distance>4576.50</gpxdata:distance>
     <gpxdata:speed>7.211</gpxdata:speed>
    </extensions>
   </trkpt>
   <trkpt lat="51.0547137" lon="13.8070858">
    <ele>101</ele>
    <time>2026-05-05T13:29:34Z</time>
    <extensions>
     <gpxdata:hr>105</gpxdata:hr>
     <gpxdata:distance>4584.00</gpxdata:distance>
     <gpxdata:speed>7.350</gpxdata:speed>
    </extensions>
   </trkpt>
   <trkpt lat="51.0546481" lon="13.8071226">
    <ele>101</ele>
    <time>2026-05-05T13:29:35Z</time>
    <extensions>
     <gpxdata:hr>106</gpxdata:hr>
     <gpxdata:distance>4592.00</gpxdata:distance>
     <gpxdata:speed>7.469</gpxdata:speed>
    </extensions>
   </trkpt>
   <trkpt lat="51.0545830" lon="13.8071614">
    <ele>101</ele>
    <time>2026-05-05T13:29:36Z</time>
    <extensions>
     <gpxdata:hr>108</gpxdata:hr>
     <gpxdata:distance>4600.00</gpxdata:distance>
     <gpxdata:speed>7.550</gpxdata:speed>
    </extensions>
   </trkpt>
   <trkpt lat="51.0545183" lon="13.8072018">
    <ele>101</ele>
    <time>2026-05-05T13:29:37Z</time>
    <extensions>
     <gpxdata:hr>108</gpxdata:hr>
     <gpxdata:distance>4607.50</gpxdata:distance>
     <gpxdata:speed>7.608</gpxdata:speed>
    </extensions>
   </trkpt>
   <trkpt lat="51.0544539" lon="13.8072451">
    <ele>102</ele>
    <time>2026-05-05T13:29:38Z</time>
    <extensions>
     <gpxdata:hr>108</gpxdata:hr>
     <gpxdata:distance>4615.00</gpxdata:distance>
     <gpxdata:speed>7.692</gpxdata:speed>
    </extensions>
   </trkpt>
   <trkpt lat="51.0543907" lon="13.8072924">
    <ele>102</ele>
    <time>2026-05-05T13:29:39Z</time>
    <extensions>
     <gpxdata:hr>110</gpxdata:hr>
     <gpxdata:distance>4623.00</gpxdata:distance>
     <gpxdata:speed>7.764</gpxdata:speed>
    </extensions>
   </trkpt>
   <trkpt lat="51.0543283" lon="13.8073406">
    <ele>102</ele>
    <time>2026-05-05T13:29:40Z</time>
    <extensions>
     <gpxdata:hr>111</gpxdata:hr>
     <gpxdata:distance>4631.00</gpxdata:distance>
     <gpxdata:speed>7.772</gpxdata:speed>
    </extensions>
   </trkpt>
   <trkpt lat="51.0542666" lon="13.8073882">
    <ele>102</ele>
    <time>2026-05-05T13:29:41Z</time>
    <extensions>
     <gpxdata:hr>111</gpxdata:hr>
     <gpxdata:distance>4638.50</gpxdata:distance>
     <gpxdata:speed>7.717</gpxdata:speed>
    </extensions>
   </trkpt>
   <trkpt lat="51.0542062" lon="13.8074360">
    <ele>102</ele>
    <time>2026-05-05T13:29:42Z</time>
    <extensions>
     <gpxdata:hr>111</gpxdata:hr>
     <gpxdata:distance>4646.00</gpxdata:distance>
     <gpxdata:speed>7.647</gpxdata:speed>
    </extensions>
   </trkpt>
   <trkpt lat="51.0541468" lon="13.8074866">
    <ele>102</ele>
    <time>2026-05-05T13:29:43Z</time>
    <extensions>
     <gpxdata:hr>110</gpxdata:hr>
     <gpxdata:distance>4653.50</gpxdata:distance>
     <gpxdata:speed>7.556</gpxdata:speed>
    </extensions>
   </trkpt>
   <trkpt lat="51.0540876" lon="13.8075393">
    <ele>102</ele>
    <time>2026-05-05T13:29:44Z</time>
    <extensions>
     <gpxdata:hr>110</gpxdata:hr>
     <gpxdata:distance>4661.00</gpxdata:distance>
     <gpxdata:speed>7.544</gpxdata:speed>
    </extensions>
   </trkpt>
   <trkpt lat="51.0540279" lon="13.8075921">
    <ele>102</ele>
    <time>2026-05-05T13:29:45Z</time>
    <extensions>
     <gpxdata:hr>110</gpxdata:hr>
     <gpxdata:distance>4668.50</gpxdata:distance>
     <gpxdata:speed>7.556</gpxdata:speed>
    </extensions>
   </trkpt>
   <trkpt lat="51.0539677" lon="13.8076434">
    <ele>102</ele>
    <time>2026-05-05T13:29:46Z</time>
    <extensions>
     <gpxdata:hr>109</gpxdata:hr>
     <gpxdata:distance>4676.00</gpxdata:distance>
     <gpxdata:speed>7.578</gpxdata:speed>
    </extensions>
   </trkpt>
   <trkpt lat="51.0539075" lon="13.8076950">
    <ele>102</ele>
    <time>2026-05-05T13:29:47Z</time>
    <extensions>
     <gpxdata:hr>109</gpxdata:hr>
     <gpxdata:distance>4683.50</gpxdata:distance>
     <gpxdata:speed>7.586</gpxdata:speed>
    </extensions>
   </trkpt>
   <trkpt lat="51.0538476" lon="13.8077491">
    <ele>102</ele>
    <time>2026-05-05T13:29:48Z</time>
    <extensions>
     <gpxdata:hr>109</gpxdata:hr>
     <gpxdata:distance>4691.00</gpxdata:distance>
     <gpxdata:speed>7.592</gpxdata:speed>
    </extensions>
   </trkpt>
   <trkpt lat="51.0537877" lon="13.8078073">
    <ele>102</ele>
    <time>2026-05-05T13:29:49Z</time>
    <extensions>
     <gpxdata:hr>109</gpxdata:hr>
     <gpxdata:distance>4699.00</gpxdata:distance>
     <gpxdata:speed>7.622</gpxdata:speed>
    </extensions>
   </trkpt>
   <trkpt lat="51.0537282" lon="13.8078701">
    <ele>102</ele>
    <time>2026-05-05T13:29:50Z</time>
    <extensions>
     <gpxdata:hr>108</gpxdata:hr>
     <gpxdata:distance>4707.00</gpxdata:distance>
     <gpxdata:speed>7.697</gpxdata:speed>
    </extensions>
   </trkpt>
   <trkpt lat="51.0536691" lon="13.8079394">
    <ele>102</ele>
    <time>2026-05-05T13:29:51Z</time>
    <extensions>
     <gpxdata:hr>109</gpxdata:hr>
     <gpxdata:distance>4715.00</gpxdata:distance>
     <gpxdata:speed>7.792</gpxdata:speed>
    </extensions>
   </trkpt>
   <trkpt lat="51.0536099" lon="13.8080142">
    <ele>102</ele>
    <time>2026-05-05T13:29:52Z</time>
    <extensions>
     <gpxdata:hr>109</gpxdata:hr>
     <gpxdata:distance>4723.00</gpxdata:distance>
     <gpxdata:speed>7.933</gpxdata:speed>
    </extensions>
   </trkpt>
   <trkpt lat="51.0535506" lon="13.8080932">
    <ele>102</ele>
    <time>2026-05-05T13:29:53Z</time>
    <extensions>
     <gpxdata:hr>108</gpxdata:hr>
     <gpxdata:distance>4732.00</gpxdata:distance>
     <gpxdata:speed>8.114</gpxdata:speed>
    </extensions>
   </trkpt>
   <trkpt lat="51.0534903" lon="13.8081747">
    <ele>102</ele>
    <time>2026-05-05T13:29:54Z</time>
    <extensions>
     <gpxdata:hr>108</gpxdata:hr>
     <gpxdata:distance>4741.00</gpxdata:distance>
     <gpxdata:speed>8.392</gpxdata:speed>
    </extensions>
   </trkpt>
   <trkpt lat="51.0534280" lon="13.8082537">
    <ele>102</ele>
    <time>2026-05-05T13:29:55Z</time>
    <extensions>
     <gpxdata:hr>109</gpxdata:hr>
     <gpxdata:distance>4750.00</gpxdata:distance>
     <gpxdata:speed>8.667</gpxdata:speed>
    </extensions>
   </trkpt>
   <trkpt lat="51.0533630" lon="13.8083277">
    <ele>102</ele>
    <time>2026-05-05T13:29:56Z</time>
    <extensions>
     <gpxdata:hr>109</gpxdata:hr>
     <gpxdata:distance>4759.00</gpxdata:distance>
     <gpxdata:speed>8.772</gpxdata:speed>
    </extensions>
   </trkpt>
   <trkpt lat="51.0532956" lon="13.8083973">
    <ele>102</ele>
    <time>2026-05-05T13:29:57Z</time>
    <extensions>
     <gpxdata:hr>110</gpxdata:hr>
     <gpxdata:distance>4767.50</gpxdata:distance>
     <gpxdata:speed>8.836</gpxdata:speed>
    </extensions>
   </trkpt>
   <trkpt lat="51.0532272" lon="13.8084629">
    <ele>102</ele>
    <time>2026-05-05T13:29:58Z</time>
    <extensions>
     <gpxdata:hr>110</gpxdata:hr>
     <gpxdata:distance>4776.00</gpxdata:distance>
     <gpxdata:speed>8.911</gpxdata:speed>
    </extensions>
   </trkpt>
   <trkpt lat="51.0531581" lon="13.8085252">
    <ele>102</ele>
    <time>2026-05-05T13:29:59Z</time>
    <extensions>
     <gpxdata:hr>109</gpxdata:hr>
     <gpxdata:distance>4785.00</gpxdata:distance>
     <gpxdata:speed>8.867</gpxdata:speed>
    </extensions>
   </trkpt>
   <trkpt lat="51.0530889" lon="13.8085859">
    <ele>102</ele>
    <time>2026-05-05T13:30:00Z</time>
    <extensions>
     <gpxdata:hr>109</gpxdata:hr>
     <gpxdata:distance>4794.00</gpxdata:distance>
     <gpxdata:speed>8.831</gpxdata:speed>
    </extensions>
   </trkpt>
   <trkpt lat="51.0530208" lon="13.8086450">
    <ele>102</ele>
    <time>2026-05-05T13:30:01Z</time>
    <extensions>
     <gpxdata:hr>108</gpxdata:hr>
     <gpxdata:distance>4802.50</gpxdata:distance>
     <gpxdata:speed>8.808</gpxdata:speed>
    </extensions>
   </trkpt>
   <trkpt lat="51.0529542" lon="13.8087035">
    <ele>102</ele>
    <time>2026-05-05T13:30:02Z</time>
    <extensions>
     <gpxdata:hr>107</gpxdata:hr>
     <gpxdata:distance>4811.00</gpxdata:distance>
     <gpxdata:speed>8.678</gpxdata:speed>
    </extensions>
   </trkpt>
   <trkpt lat="51.0528904" lon="13.8087648">
    <ele>102</ele>
    <time>2026-05-05T13:30:03Z</time>
    <extensions>
     <gpxdata:hr>106</gpxdata:hr>
     <gpxdata:distance>4819.50</gpxdata:distance>
     <gpxdata:speed>8.592</gpxdata:speed>
    </extensions>
   </trkpt>
   <trkpt lat="51.0528290" lon="13.8088324">
    <ele>101</ele>
    <time>2026-05-05T13:30:04Z</time>
    <extensions>
     <gpxdata:hr>106</gpxdata:hr>
     <gpxdata:distance>4828.00</gpxdata:distance>
     <gpxdata:speed>8.483</gpxdata:speed>
    </extensions>
   </trkpt>
   <trkpt lat="51.0527674" lon="13.8089023">
    <ele>101</ele>
    <time>2026-05-05T13:30:05Z</time>
    <extensions>
     <gpxdata:hr>106</gpxdata:hr>
     <gpxdata:distance>4836.50</gpxdata:distance>
     <gpxdata:speed>8.447</gpxdata:speed>
    </extensions>
   </trkpt>
   <trkpt lat="51.0527062" lon="13.8089726">
    <ele>101</ele>
    <time>2026-05-05T13:30:06Z</time>
    <extensions>
     <gpxdata:hr>106</gpxdata:hr>
     <gpxdata:distance>4845.00</gpxdata:distance>
     <gpxdata:speed>8.447</gpxdata:speed>
    </extensions>
   </trkpt>
   <trkpt lat="51.0526455" lon="13.8090411">
    <ele>101</ele>
    <time>2026-05-05T13:30:07Z</time>
    <extensions>
     <gpxdata:hr>106</gpxdata:hr>
     <gpxdata:distance>4853.00</gpxdata:distance>
     <gpxdata:speed>8.422</gpxdata:speed>
    </extensions>
   </trkpt>
   <trkpt lat="51.0525855" lon="13.8091089">
    <ele>101</ele>
    <time>2026-05-05T13:30:08Z</time>
    <extensions>
     <gpxdata:hr>104</gpxdata:hr>
     <gpxdata:distance>4861.00</gpxdata:distance>
     <gpxdata:speed>8.358</gpxdata:speed>
    </extensions>
   </trkpt>
   <trkpt lat="51.0525268" lon="13.8091765">
    <ele>101</ele>
    <time>2026-05-05T13:30:09Z</time>
    <extensions>
     <gpxdata:hr>103</gpxdata:hr>
     <gpxdata:distance>4869.00</gpxdata:distance>
     <gpxdata:speed>8.281</gpxdata:speed>
    </extensions>
   </trkpt>
   <trkpt lat="51.0524692" lon="13.8092437">
    <ele>101</ele>
    <time>2026-05-05T13:30:10Z</time>
    <extensions>
     <gpxdata:hr>103</gpxdata:hr>
     <gpxdata:distance>4877.00</gpxdata:distance>
     <gpxdata:speed>8.128</gpxdata:speed>
    </extensions>
   </trkpt>
   <trkpt lat="51.0524130" lon="13.8093103">
    <ele>100</ele>
    <time>2026-05-05T13:30:11Z</time>
    <extensions>
     <gpxdata:hr>102</gpxdata:hr>
     <gpxdata:distance>4885.00</gpxdata:distance>
     <gpxdata:speed>7.994</gpxdata:speed>
    </extensions>
   </trkpt>
   <trkpt lat="51.0523582" lon="13.8093759">
    <ele>100</ele>
    <time>2026-05-05T13:30:12Z</time>
    <extensions>
     <gpxdata:hr>102</gpxdata:hr>
     <gpxdata:distance>4893.00</gpxdata:distance>
     <gpxdata:speed>7.853</gpxdata:speed>
    </extensions>
   </trkpt>
   <trkpt lat="51.0523047" lon="13.8094397">
    <ele>100</ele>
    <time>2026-05-05T13:30:13Z</time>
    <extensions>
     <gpxdata:hr>102</gpxdata:hr>
     <gpxdata:distance>4900.50</gpxdata:distance>
     <gpxdata:speed>7.683</gpxdata:speed>
    </extensions>
   </trkpt>
   <trkpt lat="51.0522512" lon="13.8095005">
    <ele>100</ele>
    <time>2026-05-05T13:30:14Z</time>
    <extensions>
     <gpxdata:hr>102</gpxdata:hr>
     <gpxdata:distance>4908.00</gpxdata:distance>
     <gpxdata:speed>7.500</gpxdata:speed>
    </extensions>
   </trkpt>
   <trkpt lat="51.0521950" lon="13.8095591">
    <ele>100</ele>
    <time>2026-05-05T13:30:15Z</time>
    <extensions>
     <gpxdata:hr>103</gpxdata:hr>
     <gpxdata:distance>4915.50</gpxdata:distance>
     <gpxdata:speed>7.392</gpxdata:speed>
    </extensions>
   </trkpt>
   <trkpt lat="51.0521364" lon="13.8096164">
    <ele>100</ele>
    <time>2026-05-05T13:30:16Z</time>
    <extensions>
     <gpxdata:hr>102</gpxdata:hr>
     <gpxdata:distance>4923.00</gpxdata:distance>
     <gpxdata:speed>7.531</gpxdata:speed>
    </extensions>
   </trkpt>
   <trkpt lat="51.0520785" lon="13.8096720">
    <ele>100</ele>
    <time>2026-05-05T13:30:17Z</time>
    <extensions>
     <gpxdata:hr>102</gpxdata:hr>
     <gpxdata:distance>4930.50</gpxdata:distance>
     <gpxdata:speed>7.597</gpxdata:speed>
    </extensions>
   </trkpt>
   <trkpt lat="51.0520225" lon="13.8097203">
    <ele>100</ele>
    <time>2026-05-05T13:30:18Z</time>
    <extensions>
     <gpxdata:hr>102</gpxdata:hr>
     <gpxdata:distance>4938.00</gpxdata:distance>
     <gpxdata:speed>7.539</gpxdata:speed>
    </extensions>
   </trkpt>
   <trkpt lat="51.0519662" lon="13.8097542">
    <ele>100</ele>
    <time>2026-05-05T13:30:19Z</time>
    <extensions>
     <gpxdata:hr>101</gpxdata:hr>
     <gpxdata:distance>4944.50</gpxdata:distance>
     <gpxdata:speed>7.125</gpxdata:speed>
    </extensions>
   </trkpt>
   <trkpt lat="51.0519091" lon="13.8097768">
    <ele>100</ele>
    <time>2026-05-05T13:30:20Z</time>
    <extensions>
     <gpxdata:hr>101</gpxdata:hr>
     <gpxdata:distance>4951.00</gpxdata:distance>
     <gpxdata:speed>6.831</gpxdata:speed>
    </extensions>
   </trkpt>
   <trkpt lat="51.0518513" lon="13.8097990">
    <ele>100</ele>
    <time>2026-05-05T13:30:21Z</time>
    <extensions>
     <gpxdata:hr>101</gpxdata:hr>
     <gpxdata:distance>4957.50</gpxdata:distance>
     <gpxdata:speed>6.733</gpxdata:speed>
    </extensions>
   </trkpt>
   <trkpt lat="51.0517940" lon="13.8098281">
    <ele>101</ele>
    <time>2026-05-05T13:30:22Z</time>
    <extensions>
     <gpxdata:hr>101</gpxdata:hr>
     <gpxdata:distance>4964.00</gpxdata:distance>
     <gpxdata:speed>6.708</gpxdata:speed>
    </extensions>
   </trkpt>
   <trkpt lat="51.0517375" lon="13.8098642">
    <ele>101</ele>
    <time>2026-05-05T13:30:23Z</time>
    <extensions>
     <gpxdata:hr>103</gpxdata:hr>
     <gpxdata:distance>4971.00</gpxdata:distance>
     <gpxdata:speed>6.722</gpxdata:speed>
    </extensions>
   </trkpt>
   <trkpt lat="51.0516816" lon="13.8099058">
    <ele>101</ele>
    <time>2026-05-05T13:30:24Z</time>
    <extensions>
     <gpxdata:hr>104</gpxdata:hr>
     <gpxdata:distance>4978.00</gpxdata:distance>
     <gpxdata:speed>6.750</gpxdata:speed>
    </extensions>
   </trkpt>
   <trkpt lat="51.0516262" lon="13.8099510">
    <ele>101</ele>
    <time>2026-05-05T13:30:25Z</time>
    <extensions>
     <gpxdata:hr>104</gpxdata:hr>
     <gpxdata:distance>4985.00</gpxdata:distance>
     <gpxdata:speed>6.794</gpxdata:speed>
    </extensions>
   </trkpt>
   <trkpt lat="51.0515714" lon="13.8100010">
    <ele>101</ele>
    <time>2026-05-05T13:30:26Z</time>
    <extensions>
     <gpxdata:hr>107</gpxdata:hr>
     <gpxdata:distance>4992.00</gpxdata:distance>
     <gpxdata:speed>6.839</gpxdata:speed>
    </extensions>
   </trkpt>
   <trkpt lat="51.0515171" lon="13.8100545">
    <ele>101</ele>
    <time>2026-05-05T13:30:27Z</time>
    <extensions>
     <gpxdata:hr>107</gpxdata:hr>
     <gpxdata:distance>4999.00</gpxdata:distance>
     <gpxdata:speed>6.897</gpxdata:speed>
    </extensions>
   </trkpt>
   <trkpt lat="51.0514630" lon="13.8101094">
    <ele>102</ele>
    <time>2026-05-05T13:30:28Z</time>
    <extensions>
     <gpxdata:hr>109</gpxdata:hr>
     <gpxdata:distance>5006.00</gpxdata:distance>
     <gpxdata:speed>6.969</gpxdata:speed>
    </extensions>
   </trkpt>
   <trkpt lat="51.0514085" lon="13.8101654">
    <ele>102</ele>
    <time>2026-05-05T13:30:29Z</time>
    <extensions>
     <gpxdata:hr>109</gpxdata:hr>
     <gpxdata:distance>5013.50</gpxdata:distance>
     <gpxdata:speed>7.025</gpxdata:speed>
    </extensions>
   </trkpt>
   <trkpt lat="51.0513541" lon="13.8102211">
    <ele>102</ele>
    <time>2026-05-05T13:30:30Z</time>
    <extensions>
     <gpxdata:hr>110</gpxdata:hr>
     <gpxdata:distance>5021.00</gpxdata:distance>
     <gpxdata:speed>7.103</gpxdata:speed>
    </extensions>
   </trkpt>
   <trkpt lat="51.0512997" lon="13.8102765">
    <ele>101</ele>
    <time>2026-05-05T13:30:31Z</time>
    <extensions>
     <gpxdata:hr>110</gpxdata:hr>
     <gpxdata:distance>5028.00</gpxdata:distance>
     <gpxdata:speed>7.139</gpxdata:speed>
    </extensions>
   </trkpt>
   <trkpt lat="51.0512449" lon="13.8103308">
    <ele>101</ele>
    <time>2026-05-05T13:30:32Z</time>
    <extensions>
     <gpxdata:hr>110</gpxdata:hr>
     <gpxdata:distance>5035.00</gpxdata:distance>
     <gpxdata:speed>7.156</gpxdata:speed>
    </extensions>
   </trkpt>
   <trkpt lat="51.0511899" lon="13.8103844">
    <ele>101</ele>
    <time>2026-05-05T13:30:33Z</time>
    <extensions>
     <gpxdata:hr>110</gpxdata:hr>
     <gpxdata:distance>5042.00</gpxdata:distance>
     <gpxdata:speed>7.169</gpxdata:speed>
    </extensions>
   </trkpt>
   <trkpt lat="51.0511348" lon="13.8104375">
    <ele>101</ele>
    <time>2026-05-05T13:30:34Z</time>
    <extensions>
     <gpxdata:hr>109</gpxdata:hr>
     <gpxdata:distance>5049.00</gpxdata:distance>
     <gpxdata:speed>7.175</gpxdata:speed>
    </extensions>
   </trkpt>
   <trkpt lat="51.0510799" lon="13.8104903">
    <ele>101</ele>
    <time>2026-05-05T13:30:35Z</time>
    <extensions>
     <gpxdata:hr>109</gpxdata:hr>
     <gpxdata:distance>5056.00</gpxdata:distance>
     <gpxdata:speed>7.172</gpxdata:speed>
    </extensions>
   </trkpt>
   <trkpt lat="51.0510244" lon="13.8105438">
    <ele>101</ele>
    <time>2026-05-05T13:30:36Z</time>
    <extensions>
     <gpxdata:hr>110</gpxdata:hr>
     <gpxdata:distance>5063.00</gpxdata:distance>
     <gpxdata:speed>7.161</gpxdata:speed>
    </extensions>
   </trkpt>
   <trkpt lat="51.0509688" lon="13.8106008">
    <ele>101</ele>
    <time>2026-05-05T13:30:37Z</time>
    <extensions>
     <gpxdata:hr>111</gpxdata:hr>
     <gpxdata:distance>5070.50</gpxdata:distance>
     <gpxdata:speed>7.192</gpxdata:speed>
    </extensions>
   </trkpt>
   <trkpt lat="51.0509127" lon="13.8106607">
    <ele>101</ele>
    <time>2026-05-05T13:30:38Z</time>
    <extensions>
     <gpxdata:hr>111</gpxdata:hr>
     <gpxdata:distance>5078.00</gpxdata:distance>
     <gpxdata:speed>7.261</gpxdata:speed>
    </extensions>
   </trkpt>
   <trkpt lat="51.0508554" lon="13.8107222">
    <ele>101</ele>
    <time>2026-05-05T13:30:39Z</time>
    <extensions>
     <gpxdata:hr>112</gpxdata:hr>
     <gpxdata:distance>5086.00</gpxdata:distance>
     <gpxdata:speed>7.358</gpxdata:speed>
    </extensions>
   </trkpt>
   <trkpt lat="51.0507963" lon="13.8107840">
    <ele>101</ele>
    <time>2026-05-05T13:30:40Z</time>
    <extensions>
     <gpxdata:hr>112</gpxdata:hr>
     <gpxdata:distance>5094.00</gpxdata:distance>
     <gpxdata:speed>7.481</gpxdata:speed>
    </extensions>
   </trkpt>
   <trkpt lat="51.0507355" lon="13.8108468">
    <ele>101</ele>
    <time>2026-05-05T13:30:41Z</time>
    <extensions>
     <gpxdata:hr>112</gpxdata:hr>
     <gpxdata:distance>5102.00</gpxdata:distance>
     <gpxdata:speed>7.622</gpxdata:speed>
    </extensions>
   </trkpt>
   <trkpt lat="51.0506737" lon="13.8109104">
    <ele>102</ele>
    <time>2026-05-05T13:30:42Z</time>
    <extensions>
     <gpxdata:hr>113</gpxdata:hr>
     <gpxdata:distance>5110.00</gpxdata:distance>
     <gpxdata:speed>7.981</gpxdata:speed>
    </extensions>
   </trkpt>
   <trkpt lat="51.0506113" lon="13.8109738">
    <ele>102</ele>
    <time>2026-05-05T13:30:43Z</time>
    <extensions>
     <gpxdata:hr>114</gpxdata:hr>
     <gpxdata:distance>5118.00</gpxdata:distance>
     <gpxdata:speed>8.114</gpxdata:speed>
    </extensions>
   </trkpt>
   <trkpt lat="51.0505483" lon="13.8110371">
    <ele>102</ele>
    <time>2026-05-05T13:30:44Z</time>
    <extensions>
     <gpxdata:hr>114</gpxdata:hr>
     <gpxdata:distance>5126.00</gpxdata:distance>
     <gpxdata:speed>8.172</gpxdata:speed>
    </extensions>
   </trkpt>
   <trkpt lat="51.0504849" lon="13.8111005">
    <ele>102</ele>
    <time>2026-05-05T13:30:45Z</time>
    <extensions>
     <gpxdata:hr>113</gpxdata:hr>
     <gpxdata:distance>5134.50</gpxdata:distance>
     <gpxdata:speed>8.242</gpxdata:speed>
    </extensions>
   </trkpt>
   <trkpt lat="51.0504200" lon="13.8111632">
    <ele>102</ele>
    <time>2026-05-05T13:30:46Z</time>
    <extensions>
     <gpxdata:hr>114</gpxdata:hr>
     <gpxdata:distance>5143.00</gpxdata:distance>
     <gpxdata:speed>8.306</gpxdata:speed>
    </extensions>
   </trkpt>
   <trkpt lat="51.0503538" lon="13.8112241">
    <ele>102</ele>
    <time>2026-05-05T13:30:47Z</time>
    <extensions>
     <gpxdata:hr>114</gpxdata:hr>
     <gpxdata:distance>5151.50</gpxdata:distance>
     <gpxdata:speed>8.425</gpxdata:speed>
    </extensions>
   </trkpt>
   <trkpt lat="51.0502875" lon="13.8112838">
    <ele>102</ele>
    <time>2026-05-05T13:30:48Z</time>
    <extensions>
     <gpxdata:hr>114</gpxdata:hr>
     <gpxdata:distance>5160.00</gpxdata:distance>
     <gpxdata:speed>8.481</gpxdata:speed>
    </extensions>
   </trkpt>
   <trkpt lat="51.0502212" lon="13.8113428">
    <ele>102</ele>
    <time>2026-05-05T13:30:49Z</time>
    <extensions>
     <gpxdata:hr>115</gpxdata:hr>
     <gpxdata:distance>5168.50</gpxdata:distance>
     <gpxdata:speed>8.486</gpxdata:speed>
    </extensions>
   </trkpt>
   <trkpt lat="51.0501544" lon="13.8114007">
    <ele>102</ele>
    <time>2026-05-05T13:30:50Z</time>
    <extensions>
     <gpxdata:hr>115</gpxdata:hr>
     <gpxdata:distance>5177.00</gpxdata:distance>
     <gpxdata:speed>8.481</gpxdata:speed>
    </extensions>
   </trkpt>
   <trkpt lat="51.0500864" lon="13.8114588">
    <ele>102</ele>
    <time>2026-05-05T13:30:51Z</time>
    <extensions>
     <gpxdata:hr>115</gpxdata:hr>
     <gpxdata:distance>5185.50</gpxdata:distance>
     <gpxdata:speed>8.489</gpxdata:speed>
    </extensions>
   </trkpt>
   <trkpt lat="51.0500177" lon="13.8115195">
    <ele>103</ele>
    <time>2026-05-05T13:30:52Z</time>
    <extensions>
     <gpxdata:hr>114</gpxdata:hr>
     <gpxdata:distance>5194.00</gpxdata:distance>
     <gpxdata:speed>8.539</gpxdata:speed>
    </extensions>
   </trkpt>
   <trkpt lat="51.0499486" lon="13.8115821">
    <ele>103</ele>
    <time>2026-05-05T13:30:53Z</time>
    <extensions>
     <gpxdata:hr>114</gpxdata:hr>
     <gpxdata:distance>5203.00</gpxdata:distance>
     <gpxdata:speed>8.622</gpxdata:speed>
    </extensions>
   </trkpt>
   <trkpt lat="51.0498790" lon="13.8116466">
    <ele>103</ele>
    <time>2026-05-05T13:30:54Z</time>
    <extensions>
     <gpxdata:hr>115</gpxdata:hr>
     <gpxdata:distance>5212.00</gpxdata:distance>
     <gpxdata:speed>8.708</gpxdata:speed>
    </extensions>
   </trkpt>
   <trkpt lat="51.0498096" lon="13.8117107">
    <ele>103</ele>
    <time>2026-05-05T13:30:55Z</time>
    <extensions>
     <gpxdata:hr>115</gpxdata:hr>
     <gpxdata:distance>5221.00</gpxdata:distance>
     <gpxdata:speed>8.803</gpxdata:speed>
    </extensions>
   </trkpt>
   <trkpt lat="51.0497390" lon="13.8117728">
    <ele>103</ele>
    <time>2026-05-05T13:30:56Z</time>
    <extensions>
     <gpxdata:hr>115</gpxdata:hr>
     <gpxdata:distance>5230.00</gpxdata:distance>
     <gpxdata:speed>8.844</gpxdata:speed>
    </extensions>
   </trkpt>
   <trkpt lat="51.0496669" lon="13.8118344">
    <ele>103</ele>
    <time>2026-05-05T13:30:57Z</time>
    <extensions>
     <gpxdata:hr>115</gpxdata:hr>
     <gpxdata:distance>5239.00</gpxdata:distance>
     <gpxdata:speed>8.897</gpxdata:speed>
    </extensions>
   </trkpt>
   <trkpt lat="51.0495942" lon="13.8118958">
    <ele>103</ele>
    <time>2026-05-05T13:30:58Z</time>
    <extensions>
     <gpxdata:hr>116</gpxdata:hr>
     <gpxdata:distance>5248.00</gpxdata:distance>
     <gpxdata:speed>9.003</gpxdata:speed>
    </extensions>
   </trkpt>
   <trkpt lat="51.0495217" lon="13.8119573">
    <ele>103</ele>
    <time>2026-05-05T13:30:59Z</time>
    <extensions>
     <gpxdata:hr>116</gpxdata:hr>
     <gpxdata:distance>5257.00</gpxdata:distance>
     <gpxdata:speed>9.086</gpxdata:speed>
    </extensions>
   </trkpt>
   <trkpt lat="51.0494489" lon="13.8120203">
    <ele>103</ele>
    <time>2026-05-05T13:31:00Z</time>
    <extensions>
     <gpxdata:hr>117</gpxdata:hr>
     <gpxdata:distance>5266.00</gpxdata:distance>
     <gpxdata:speed>9.117</gpxdata:speed>
    </extensions>
   </trkpt>
   <trkpt lat="51.0493758" lon="13.8120856">
    <ele>103</ele>
    <time>2026-05-05T13:31:01Z</time>
    <extensions>
     <gpxdata:hr>117</gpxdata:hr>
     <gpxdata:distance>5275.50</gpxdata:distance>
     <gpxdata:speed>9.192</gpxdata:speed>
    </extensions>
   </trkpt>
   <trkpt lat="51.0493022" lon="13.8121509">
    <ele>103</ele>
    <time>2026-05-05T13:31:02Z</time>
    <extensions>
     <gpxdata:hr>116</gpxdata:hr>
     <gpxdata:distance>5285.00</gpxdata:distance>
     <gpxdata:speed>9.286</gpxdata:speed>
    </extensions>
   </trkpt>
   <trkpt lat="51.0492285" lon="13.8122169">
    <ele>103</ele>
    <time>2026-05-05T13:31:03Z</time>
    <extensions>
     <gpxdata:hr>116</gpxdata:hr>
     <gpxdata:distance>5294.50</gpxdata:distance>
     <gpxdata:speed>9.344</gpxdata:speed>
    </extensions>
   </trkpt>
   <trkpt lat="51.0491548" lon="13.8122829">
    <ele>103</ele>
    <time>2026-05-05T13:31:04Z</time>
    <extensions>
     <gpxdata:hr>116</gpxdata:hr>
     <gpxdata:distance>5304.00</gpxdata:distance>
     <gpxdata:speed>9.381</gpxdata:speed>
    </extensions>
   </trkpt>
   <trkpt lat="51.0490809" lon="13.8123479">
    <ele>103</ele>
    <time>2026-05-05T13:31:05Z</time>
    <extensions>
     <gpxdata:hr>116</gpxdata:hr>
     <gpxdata:distance>5313.50</gpxdata:distance>
     <gpxdata:speed>9.389</gpxdata:speed>
    </extensions>
   </trkpt>
   <trkpt lat="51.0490066" lon="13.8124111">
    <ele>103</ele>
    <time>2026-05-05T13:31:06Z</time>
    <extensions>
     <gpxdata:hr>117</gpxdata:hr>
     <gpxdata:distance>5323.00</gpxdata:distance>
     <gpxdata:speed>9.394</gpxdata:speed>
    </extensions>
   </trkpt>
   <trkpt lat="51.0489314" lon="13.8124704">
    <ele>103</ele>
    <time>2026-05-05T13:31:07Z</time>
    <extensions>
     <gpxdata:hr>118</gpxdata:hr>
     <gpxdata:distance>5332.00</gpxdata:distance>
     <gpxdata:speed>9.392</gpxdata:speed>
    </extensions>
   </trkpt>
   <trkpt lat="51.0488549" lon="13.8125254">
    <ele>103</ele>
    <time>2026-05-05T13:31:08Z</time>
    <extensions>
     <gpxdata:hr>118</gpxdata:hr>
     <gpxdata:distance>5341.00</gpxdata:distance>
     <gpxdata:speed>9.378</gpxdata:speed>
    </extensions>
   </trkpt>
   <trkpt lat="51.0487781" lon="13.8125780">
    <ele>103</ele>
    <time>2026-05-05T13:31:09Z</time>
    <extensions>
     <gpxdata:hr>119</gpxdata:hr>
     <gpxdata:distance>5350.50</gpxdata:distance>
     <gpxdata:speed>9.369</gpxdata:speed>
    </extensions>
   </trkpt>
   <trkpt lat="51.0487023" lon="13.8126314">
    <ele>103</ele>
    <time>2026-05-05T13:31:10Z</time>
    <extensions>
     <gpxdata:hr>119</gpxdata:hr>
     <gpxdata:distance>5360.00</gpxdata:distance>
     <gpxdata:speed>9.344</gpxdata:speed>
    </extensions>
   </trkpt>
   <trkpt lat="51.0486280" lon="13.8126870">
    <ele>103</ele>
    <time>2026-05-05T13:31:11Z</time>
    <extensions>
     <gpxdata:hr>120</gpxdata:hr>
     <gpxdata:distance>5369.00</gpxdata:distance>
     <gpxdata:speed>9.297</gpxdata:speed>
    </extensions>
   </trkpt>
   <trkpt lat="51.0485545" lon="13.8127452">
    <ele>103</ele>
    <time>2026-05-05T13:31:12Z</time>
    <extensions>
     <gpxdata:hr>120</gpxdata:hr>
     <gpxdata:distance>5378.00</gpxdata:distance>
     <gpxdata:speed>9.244</gpxdata:speed>
    </extensions>
   </trkpt>
   <trkpt lat="51.0484812" lon="13.8128039">
    <ele>104</ele>
    <time>2026-05-05T13:31:13Z</time>
    <extensions>
     <gpxdata:hr>121</gpxdata:hr>
     <gpxdata:distance>5387.50</gpxdata:distance>
     <gpxdata:speed>9.211</gpxdata:speed>
    </extensions>
   </trkpt>
   <trkpt lat="51.0484080" lon="13.8128625">
    <ele>104</ele>
    <time>2026-05-05T13:31:14Z</time>
    <extensions>
     <gpxdata:hr>122</gpxdata:hr>
     <gpxdata:distance>5397.00</gpxdata:distance>
     <gpxdata:speed>9.183</gpxdata:speed>
    </extensions>
   </trkpt>
   <trkpt lat="51.0483346" lon="13.8129213">
    <ele>104</ele>
    <time>2026-05-05T13:31:15Z</time>
    <extensions>
     <gpxdata:hr>123</gpxdata:hr>
     <gpxdata:distance>5406.00</gpxdata:distance>
     <gpxdata:speed>9.161</gpxdata:speed>
    </extensions>
   </trkpt>
   <trkpt lat="51.0482612" lon="13.8129798">
    <ele>104</ele>
    <time>2026-05-05T13:31:16Z</time>
    <extensions>
     <gpxdata:hr>123</gpxdata:hr>
     <gpxdata:distance>5415.00</gpxdata:distance>
     <gpxdata:speed>9.156</gpxdata:speed>
    </extensions>
   </trkpt>
   <trkpt lat="51.0481882" lon="13.8130382">
    <ele>104</ele>
    <time>2026-05-05T13:31:17Z</time>
    <extensions>
     <gpxdata:hr>123</gpxdata:hr>
     <gpxdata:distance>5424.00</gpxdata:distance>
     <gpxdata:speed>9.147</gpxdata:speed>
    </extensions>
   </trkpt>
   <trkpt lat="51.0481159" lon="13.8130968">
    <ele>104</ele>
    <time>2026-05-05T13:31:18Z</time>
    <extensions>
     <gpxdata:hr>124</gpxdata:hr>
     <gpxdata:distance>5433.00</gpxdata:distance>
     <gpxdata:speed>9.122</gpxdata:speed>
    </extensions>
   </trkpt>
   <trkpt lat="51.0480439" lon="13.8131562">
    <ele>104</ele>
    <time>2026-05-05T13:31:19Z</time>
    <extensions>
     <gpxdata:hr>124</gpxdata:hr>
     <gpxdata:distance>5442.00</gpxdata:distance>
     <gpxdata:speed>9.083</gpxdata:speed>
    </extensions>
   </trkpt>
   <trkpt lat="51.0479716" lon="13.8132129">
    <ele>104</ele>
    <time>2026-05-05T13:31:20Z</time>
    <extensions>
     <gpxdata:hr>123</gpxdata:hr>
     <gpxdata:distance>5451.00</gpxdata:distance>
     <gpxdata:speed>9.072</gpxdata:speed>
    </extensions>
   </trkpt>
   <trkpt lat="51.0478991" lon="13.8132709">
    <ele>104</ele>
    <time>2026-05-05T13:31:21Z</time>
    <extensions>
     <gpxdata:hr>124</gpxdata:hr>
     <gpxdata:distance>5460.00</gpxdata:distance>
     <gpxdata:speed>9.036</gpxdata:speed>
    </extensions>
   </trkpt>
   <trkpt lat="51.0478266" lon="13.8133289">
    <ele>104</ele>
    <time>2026-05-05T13:31:22Z</time>
    <extensions>
     <gpxdata:hr>124</gpxdata:hr>
     <gpxdata:distance>5469.00</gpxdata:distance>
     <gpxdata:speed>9.044</gpxdata:speed>
    </extensions>
   </trkpt>
   <trkpt lat="51.0477550" lon="13.8133899">
    <ele>104</ele>
    <time>2026-05-05T13:31:23Z</time>
    <extensions>
     <gpxdata:hr>125</gpxdata:hr>
     <gpxdata:distance>5478.00</gpxdata:distance>
     <gpxdata:speed>9.039</gpxdata:speed>
    </extensions>
   </trkpt>
   <trkpt lat="51.0476839" lon="13.8134523">
    <ele>104</ele>
    <time>2026-05-05T13:31:24Z</time>
    <extensions>
     <gpxdata:hr>125</gpxdata:hr>
     <gpxdata:distance>5487.00</gpxdata:distance>
     <gpxdata:speed>9.042</gpxdata:speed>
    </extensions>
   </trkpt>
   <trkpt lat="51.0476120" lon="13.8135139">
    <ele>104</ele>
    <time>2026-05-05T13:31:25Z</time>
    <extensions>
     <gpxdata:hr>125</gpxdata:hr>
     <gpxdata:distance>5496.00</gpxdata:distance>
     <gpxdata:speed>9.042</gpxdata:speed>
    </extensions>
   </trkpt>
   <trkpt lat="51.0475390" lon="13.8135746">
    <ele>104</ele>
    <time>2026-05-05T13:31:26Z</time>
    <extensions>
     <gpxdata:hr>125</gpxdata:hr>
     <gpxdata:distance>5505.00</gpxdata:distance>
     <gpxdata:speed>9.058</gpxdata:speed>
    </extensions>
   </trkpt>
   <trkpt lat="51.0474656" lon="13.8136360">
    <ele>104</ele>
    <time>2026-05-05T13:31:27Z</time>
    <extensions>
     <gpxdata:hr>124</gpxdata:hr>
     <gpxdata:distance>5514.50</gpxdata:distance>
     <gpxdata:speed>9.103</gpxdata:speed>
    </extensions>
   </trkpt>
   <trkpt lat="51.0473927" lon="13.8137001">
    <ele>104</ele>
    <time>2026-05-05T13:31:28Z</time>
    <extensions>
     <gpxdata:hr>124</gpxdata:hr>
     <gpxdata:distance>5524.00</gpxdata:distance>
     <gpxdata:speed>9.144</gpxdata:speed>
    </extensions>
   </trkpt>
   <trkpt lat="51.0473197" lon="13.8137664">
    <ele>104</ele>
    <time>2026-05-05T13:31:29Z</time>
    <extensions>
     <gpxdata:hr>124</gpxdata:hr>
     <gpxdata:distance>5533.50</gpxdata:distance>
     <gpxdata:speed>9.192</gpxdata:speed>
    </extensions>
   </trkpt>
   <trkpt lat="51.0472468" lon="13.8138340">
    <ele>104</ele>
    <time>2026-05-05T13:31:30Z</time>
    <extensions>
     <gpxdata:hr>124</gpxdata:hr>
     <gpxdata:distance>5543.00</gpxdata:distance>
     <gpxdata:speed>9.244</gpxdata:speed>
    </extensions>
   </trkpt>
   <trkpt lat="51.0471739" lon="13.8139030">
    <ele>104</ele>
    <time>2026-05-05T13:31:31Z</time>
    <extensions>
     <gpxdata:hr>124</gpxdata:hr>
     <gpxdata:distance>5552.50</gpxdata:distance>
     <gpxdata:speed>9.294</gpxdata:speed>
    </extensions>
   </trkpt>
   <trkpt lat="51.0471004" lon="13.8139724">
    <ele>104</ele>
    <time>2026-05-05T13:31:32Z</time>
    <extensions>
     <gpxdata:hr>124</gpxdata:hr>
     <gpxdata:distance>5562.00</gpxdata:distance>
     <gpxdata:speed>9.347</gpxdata:speed>
    </extensions>
   </trkpt>
   <trkpt lat="51.0470271" lon="13.8140406">
    <ele>104</ele>
    <time>2026-05-05T13:31:33Z</time>
    <extensions>
     <gpxdata:hr>124</gpxdata:hr>
     <gpxdata:distance>5571.00</gpxdata:distance>
     <gpxdata:speed>9.403</gpxdata:speed>
    </extensions>
   </trkpt>
   <trkpt lat="51.0469532" lon="13.8141089">
    <ele>103</ele>
    <time>2026-05-05T13:31:34Z</time>
    <extensions>
     <gpxdata:hr>125</gpxdata:hr>
     <gpxdata:distance>5580.00</gpxdata:distance>
     <gpxdata:speed>9.414</gpxdata:speed>
    </extensions>
   </trkpt>
   <trkpt lat="51.0468782" lon="13.8141776">
    <ele>103</ele>
    <time>2026-05-05T13:31:35Z</time>
    <extensions>
     <gpxdata:hr>126</gpxdata:hr>
     <gpxdata:distance>5590.00</gpxdata:distance>
     <gpxdata:speed>9.456</gpxdata:speed>
    </extensions>
   </trkpt>
   <trkpt lat="51.0468029" lon="13.8142459">
    <ele>103</ele>
    <time>2026-05-05T13:31:36Z</time>
    <extensions>
     <gpxdata:hr>127</gpxdata:hr>
     <gpxdata:distance>5600.00</gpxdata:distance>
     <gpxdata:speed>9.531</gpxdata:speed>
    </extensions>
   </trkpt>
   <trkpt lat="51.0467275" lon="13.8143139">
    <ele>103</ele>
    <time>2026-05-05T13:31:37Z</time>
    <extensions>
     <gpxdata:hr>128</gpxdata:hr>
     <gpxdata:distance>5609.50</gpxdata:distance>
     <gpxdata:speed>9.567</gpxdata:speed>
    </extensions>
   </trkpt>
   <trkpt lat="51.0466520" lon="13.8143802">
    <ele>103</ele>
    <time>2026-05-05T13:31:38Z</time>
    <extensions>
     <gpxdata:hr>129</gpxdata:hr>
     <gpxdata:distance>5619.00</gpxdata:distance>
     <gpxdata:speed>9.594</gpxdata:speed>
    </extensions>
   </trkpt>
   <trkpt lat="51.0465774" lon="13.8144445">
    <ele>103</ele>
    <time>2026-05-05T13:31:39Z</time>
    <extensions>
     <gpxdata:hr>129</gpxdata:hr>
     <gpxdata:distance>5628.50</gpxdata:distance>
     <gpxdata:speed>9.594</gpxdata:speed>
    </extensions>
   </trkpt>
   <trkpt lat="51.0465049" lon="13.8145088">
    <ele>103</ele>
    <time>2026-05-05T13:31:40Z</time>
    <extensions>
     <gpxdata:hr>129</gpxdata:hr>
     <gpxdata:distance>5638.00</gpxdata:distance>
     <gpxdata:speed>9.533</gpxdata:speed>
    </extensions>
   </trkpt>
   <trkpt lat="51.0464372" lon="13.8145682">
    <ele>103</ele>
    <time>2026-05-05T13:31:41Z</time>
    <extensions>
     <gpxdata:hr>129</gpxdata:hr>
     <gpxdata:distance>5646.50</gpxdata:distance>
     <gpxdata:speed>9.425</gpxdata:speed>
    </extensions>
   </trkpt>
   <trkpt lat="51.0463746" lon="13.8146194">
    <ele>103</ele>
    <time>2026-05-05T13:31:42Z</time>
    <extensions>
     <gpxdata:hr>129</gpxdata:hr>
     <gpxdata:distance>5655.00</gpxdata:distance>
     <gpxdata:speed>8.711</gpxdata:speed>
    </extensions>
   </trkpt>
   <trkpt lat="51.0463150" lon="13.8146613">
    <ele>103</ele>
    <time>2026-05-05T13:31:43Z</time>
    <extensions>
     <gpxdata:hr>129</gpxdata:hr>
     <gpxdata:distance>5662.00</gpxdata:distance>
     <gpxdata:speed>7.992</gpxdata:speed>
    </extensions>
   </trkpt>
   <trkpt lat="51.0462566" lon="13.8146973">
    <ele>103</ele>
    <time>2026-05-05T13:31:44Z</time>
    <extensions>
     <gpxdata:hr>127</gpxdata:hr>
     <gpxdata:distance>5669.00</gpxdata:distance>
     <gpxdata:speed>7.489</gpxdata:speed>
    </extensions>
   </trkpt>
   <trkpt lat="51.0461975" lon="13.8147329">
    <ele>103</ele>
    <time>2026-05-05T13:31:45Z</time>
    <extensions>
     <gpxdata:hr>127</gpxdata:hr>
     <gpxdata:distance>5676.00</gpxdata:distance>
     <gpxdata:speed>7.211</gpxdata:speed>
    </extensions>
   </trkpt>
   <trkpt lat="51.0461359" lon="13.8147713">
    <ele>103</ele>
    <time>2026-05-05T13:31:46Z</time>
    <extensions>
     <gpxdata:hr>126</gpxdata:hr>
     <gpxdata:distance>5683.00</gpxdata:distance>
     <gpxdata:speed>7.228</gpxdata:speed>
    </extensions>
   </trkpt>
   <trkpt lat="51.0460709" lon="13.8148148">
    <ele>102</ele>
    <time>2026-05-05T13:31:47Z</time>
    <extensions>
     <gpxdata:hr>123</gpxdata:hr>
     <gpxdata:distance>5691.00</gpxdata:distance>
     <gpxdata:speed>7.481</gpxdata:speed>
    </extensions>
   </trkpt>
   <trkpt lat="51.0460023" lon="13.8148623">
    <ele>102</ele>
    <time>2026-05-05T13:31:48Z</time>
    <extensions>
     <gpxdata:hr>123</gpxdata:hr>
     <gpxdata:distance>5699.00</gpxdata:distance>
     <gpxdata:speed>7.831</gpxdata:speed>
    </extensions>
   </trkpt>
   <trkpt lat="51.0459312" lon="13.8149131">
    <ele>102</ele>
    <time>2026-05-05T13:31:49Z</time>
    <extensions>
     <gpxdata:hr>123</gpxdata:hr>
     <gpxdata:distance>5708.00</gpxdata:distance>
     <gpxdata:speed>8.042</gpxdata:speed>
    </extensions>
   </trkpt>
   <trkpt lat="51.0458587" lon="13.8149649">
    <ele>102</ele>
    <time>2026-05-05T13:31:50Z</time>
    <extensions>
     <gpxdata:hr>122</gpxdata:hr>
     <gpxdata:distance>5717.00</gpxdata:distance>
     <gpxdata:speed>8.253</gpxdata:speed>
    </extensions>
   </trkpt>
   <trkpt lat="51.0457851" lon="13.8150150">
    <ele>102</ele>
    <time>2026-05-05T13:31:51Z</time>
    <extensions>
     <gpxdata:hr>122</gpxdata:hr>
     <gpxdata:distance>5726.00</gpxdata:distance>
     <gpxdata:speed>8.422</gpxdata:speed>
    </extensions>
   </trkpt>
   <trkpt lat="51.0457102" lon="13.8150610">
    <ele>102</ele>
    <time>2026-05-05T13:31:52Z</time>
    <extensions>
     <gpxdata:hr>123</gpxdata:hr>
     <gpxdata:distance>5735.00</gpxdata:distance>
     <gpxdata:speed>8.750</gpxdata:speed>
    </extensions>
   </trkpt>
   <trkpt lat="51.0456346" lon="13.8151038">
    <ele>102</ele>
    <time>2026-05-05T13:31:53Z</time>
    <extensions>
     <gpxdata:hr>122</gpxdata:hr>
     <gpxdata:distance>5743.50</gpxdata:distance>
     <gpxdata:speed>8.850</gpxdata:speed>
    </extensions>
   </trkpt>
   <trkpt lat="51.0455597" lon="13.8151444">
    <ele>102</ele>
    <time>2026-05-05T13:31:54Z</time>
    <extensions>
     <gpxdata:hr>122</gpxdata:hr>
     <gpxdata:distance>5752.00</gpxdata:distance>
     <gpxdata:speed>8.883</gpxdata:speed>
    </extensions>
   </trkpt>
   <trkpt lat="51.0454854" lon="13.8151869">
    <ele>102</ele>
    <time>2026-05-05T13:31:55Z</time>
    <extensions>
     <gpxdata:hr>121</gpxdata:hr>
     <gpxdata:distance>5761.00</gpxdata:distance>
     <gpxdata:speed>8.792</gpxdata:speed>
    </extensions>
   </trkpt>
   <trkpt lat="51.0454094" lon="13.8152328">
    <ele>102</ele>
    <time>2026-05-05T13:31:56Z</time>
    <extensions>
     <gpxdata:hr>124</gpxdata:hr>
     <gpxdata:distance>5770.00</gpxdata:distance>
     <gpxdata:speed>8.803</gpxdata:speed>
    </extensions>
   </trkpt>
   <trkpt lat="51.0453317" lon="13.8152810">
    <ele>102</ele>
    <time>2026-05-05T13:31:57Z</time>
    <extensions>
     <gpxdata:hr>124</gpxdata:hr>
     <gpxdata:distance>5779.50</gpxdata:distance>
     <gpxdata:speed>9.064</gpxdata:speed>
    </extensions>
   </trkpt>
   <trkpt lat="51.0452535" lon="13.8153280">
    <ele>102</ele>
    <time>2026-05-05T13:31:58Z</time>
    <extensions>
     <gpxdata:hr>124</gpxdata:hr>
     <gpxdata:distance>5789.00</gpxdata:distance>
     <gpxdata:speed>9.258</gpxdata:speed>
    </extensions>
   </trkpt>
   <trkpt lat="51.0451752" lon="13.8153733">
    <ele>102</ele>
    <time>2026-05-05T13:31:59Z</time>
    <extensions>
     <gpxdata:hr>125</gpxdata:hr>
     <gpxdata:distance>5798.00</gpxdata:distance>
     <gpxdata:speed>9.261</gpxdata:speed>
    </extensions>
   </trkpt>
   <trkpt lat="51.0450967" lon="13.8154166">
    <ele>102</ele>
    <time>2026-05-05T13:32:00Z</time>
    <extensions>
     <gpxdata:hr>125</gpxdata:hr>
     <gpxdata:distance>5807.00</gpxdata:distance>
     <gpxdata:speed>9.261</gpxdata:speed>
    </extensions>
   </trkpt>
   <trkpt lat="51.0450180" lon="13.8154583">
    <ele>103</ele>
    <time>2026-05-05T13:32:01Z</time>
    <extensions>
     <gpxdata:hr>126</gpxdata:hr>
     <gpxdata:distance>5816.50</gpxdata:distance>
     <gpxdata:speed>9.256</gpxdata:speed>
    </extensions>
   </trkpt>
   <trkpt lat="51.0449391" lon="13.8154986">
    <ele>103</ele>
    <time>2026-05-05T13:32:02Z</time>
    <extensions>
     <gpxdata:hr>126</gpxdata:hr>
     <gpxdata:distance>5826.00</gpxdata:distance>
     <gpxdata:speed>9.247</gpxdata:speed>
    </extensions>
   </trkpt>
   <trkpt lat="51.0448603" lon="13.8155382">
    <ele>103</ele>
    <time>2026-05-05T13:32:03Z</time>
    <extensions>
     <gpxdata:hr>126</gpxdata:hr>
     <gpxdata:distance>5835.00</gpxdata:distance>
     <gpxdata:speed>9.242</gpxdata:speed>
    </extensions>
   </trkpt>
   <trkpt lat="51.0447819" lon="13.8155778">
    <ele>103</ele>
    <time>2026-05-05T13:32:04Z</time>
    <extensions>
     <gpxdata:hr>127</gpxdata:hr>
     <gpxdata:distance>5844.00</gpxdata:distance>
     <gpxdata:speed>9.233</gpxdata:speed>
    </extensions>
   </trkpt>
   <trkpt lat="51.0447025" lon="13.8156183">
    <ele>103</ele>
    <time>2026-05-05T13:32:05Z</time>
    <extensions>
     <gpxdata:hr>128</gpxdata:hr>
     <gpxdata:distance>5853.50</gpxdata:distance>
     <gpxdata:speed>9.206</gpxdata:speed>
    </extensions>
   </trkpt>
   <trkpt lat="51.0446219" lon="13.8156597">
    <ele>102</ele>
    <time>2026-05-05T13:32:06Z</time>
    <extensions>
     <gpxdata:hr>128</gpxdata:hr>
     <gpxdata:distance>5863.00</gpxdata:distance>
     <gpxdata:speed>9.258</gpxdata:speed>
    </extensions>
   </trkpt>
   <trkpt lat="51.0445404" lon="13.8157024">
    <ele>102</ele>
    <time>2026-05-05T13:32:07Z</time>
    <extensions>
     <gpxdata:hr>128</gpxdata:hr>
     <gpxdata:distance>5872.50</gpxdata:distance>
     <gpxdata:speed>9.319</gpxdata:speed>
    </extensions>
   </trkpt>
   <trkpt lat="51.0444574" lon="13.8157479">
    <ele>102</ele>
    <time>2026-05-05T13:32:08Z</time>
    <extensions>
     <gpxdata:hr>128</gpxdata:hr>
     <gpxdata:distance>5882.00</gpxdata:distance>
     <gpxdata:speed>9.403</gpxdata:speed>
    </extensions>
   </trkpt>
   <trkpt lat="51.0443729" lon="13.8157992">
    <ele>102</ele>
    <time>2026-05-05T13:32:09Z</time>
    <extensions>
     <gpxdata:hr>128</gpxdata:hr>
     <gpxdata:distance>5892.00</gpxdata:distance>
     <gpxdata:speed>9.539</gpxdata:speed>
    </extensions>
   </trkpt>
   <trkpt lat="51.0442869" lon="13.8158564">
    <ele>102</ele>
    <time>2026-05-05T13:32:10Z</time>
    <extensions>
     <gpxdata:hr>127</gpxdata:hr>
     <gpxdata:distance>5902.00</gpxdata:distance>
     <gpxdata:speed>9.983</gpxdata:speed>
    </extensions>
   </trkpt>
   <trkpt lat="51.0441996" lon="13.8159159">
    <ele>102</ele>
    <time>2026-05-05T13:32:11Z</time>
    <extensions>
     <gpxdata:hr>127</gpxdata:hr>
     <gpxdata:distance>5912.50</gpxdata:distance>
     <gpxdata:speed>10.275</gpxdata:speed>
    </extensions>
   </trkpt>
   <trkpt lat="51.0441108" lon="13.8159767">
    <ele>102</ele>
    <time>2026-05-05T13:32:12Z</time>
    <extensions>
     <gpxdata:hr>128</gpxdata:hr>
     <gpxdata:distance>5923.00</gpxdata:distance>
     <gpxdata:speed>10.458</gpxdata:speed>
    </extensions>
   </trkpt>
   <trkpt lat="51.0440204" lon="13.8160400">
    <ele>102</ele>
    <time>2026-05-05T13:32:13Z</time>
    <extensions>
     <gpxdata:hr>129</gpxdata:hr>
     <gpxdata:distance>5934.00</gpxdata:distance>
     <gpxdata:speed>10.669</gpxdata:speed>
    </extensions>
   </trkpt>
   <trkpt lat="51.0439290" lon="13.8161048">
    <ele>103</ele>
    <time>2026-05-05T13:32:14Z</time>
    <extensions>
     <gpxdata:hr>129</gpxdata:hr>
     <gpxdata:distance>5945.00</gpxdata:distance>
     <gpxdata:speed>10.900</gpxdata:speed>
    </extensions>
   </trkpt>
   <trkpt lat="51.0438368" lon="13.8161704">
    <ele>103</ele>
    <time>2026-05-05T13:32:15Z</time>
    <extensions>
     <gpxdata:hr>130</gpxdata:hr>
     <gpxdata:distance>5956.50</gpxdata:distance>
     <gpxdata:speed>11.050</gpxdata:speed>
    </extensions>
   </trkpt>
   <trkpt lat="51.0437445" lon="13.8162374">
    <ele>103</ele>
    <time>2026-05-05T13:32:16Z</time>
    <extensions>
     <gpxdata:hr>130</gpxdata:hr>
     <gpxdata:distance>5968.00</gpxdata:distance>
     <gpxdata:speed>11.161</gpxdata:speed>
    </extensions>
   </trkpt>
   <trkpt lat="51.0436522" lon="13.8163066">
    <ele>103</ele>
    <time>2026-05-05T13:32:17Z</time>
    <extensions>
     <gpxdata:hr>131</gpxdata:hr>
     <gpxdata:distance>5979.00</gpxdata:distance>
     <gpxdata:speed>11.228</gpxdata:speed>
    </extensions>
   </trkpt>
   <trkpt lat="51.0435599" lon="13.8163764">
    <ele>102</ele>
    <time>2026-05-05T13:32:18Z</time>
    <extensions>
     <gpxdata:hr>132</gpxdata:hr>
     <gpxdata:distance>5990.00</gpxdata:distance>
     <gpxdata:speed>11.317</gpxdata:speed>
    </extensions>
   </trkpt>
   <trkpt lat="51.0434675" lon="13.8164454">
    <ele>102</ele>
    <time>2026-05-05T13:32:19Z</time>
    <extensions>
     <gpxdata:hr>133</gpxdata:hr>
     <gpxdata:distance>6001.50</gpxdata:distance>
     <gpxdata:speed>11.342</gpxdata:speed>
    </extensions>
   </trkpt>
   <trkpt lat="51.0433745" lon="13.8165119">
    <ele>102</ele>
    <time>2026-05-05T13:32:20Z</time>
    <extensions>
     <gpxdata:hr>134</gpxdata:hr>
     <gpxdata:distance>6013.00</gpxdata:distance>
     <gpxdata:speed>11.364</gpxdata:speed>
    </extensions>
   </trkpt>
   <trkpt lat="51.0432811" lon="13.8165756">
    <ele>102</ele>
    <time>2026-05-05T13:32:21Z</time>
    <extensions>
     <gpxdata:hr>136</gpxdata:hr>
     <gpxdata:distance>6024.50</gpxdata:distance>
     <gpxdata:speed>11.369</gpxdata:speed>
    </extensions>
   </trkpt>
   <trkpt lat="51.0431880" lon="13.8166388">
    <ele>102</ele>
    <time>2026-05-05T13:32:22Z</time>
    <extensions>
     <gpxdata:hr>136</gpxdata:hr>
     <gpxdata:distance>6036.00</gpxdata:distance>
     <gpxdata:speed>11.356</gpxdata:speed>
    </extensions>
   </trkpt>
   <trkpt lat="51.0430955" lon="13.8167031">
    <ele>102</ele>
    <time>2026-05-05T13:32:23Z</time>
    <extensions>
     <gpxdata:hr>136</gpxdata:hr>
     <gpxdata:distance>6047.00</gpxdata:distance>
     <gpxdata:speed>11.333</gpxdata:speed>
    </extensions>
   </trkpt>
   <trkpt lat="51.0430034" lon="13.8167690">
    <ele>102</ele>
    <time>2026-05-05T13:32:24Z</time>
    <extensions>
     <gpxdata:hr>137</gpxdata:hr>
     <gpxdata:distance>6058.00</gpxdata:distance>
     <gpxdata:speed>11.306</gpxdata:speed>
    </extensions>
   </trkpt>
   <trkpt lat="51.0429115" lon="13.8168359">
    <ele>102</ele>
    <time>2026-05-05T13:32:25Z</time>
    <extensions>
     <gpxdata:hr>138</gpxdata:hr>
     <gpxdata:distance>6069.50</gpxdata:distance>
     <gpxdata:speed>11.292</gpxdata:speed>
    </extensions>
   </trkpt>
   <trkpt lat="51.0428195" lon="13.8169030">
    <ele>102</ele>
    <time>2026-05-05T13:32:26Z</time>
    <extensions>
     <gpxdata:hr>139</gpxdata:hr>
     <gpxdata:distance>6081.00</gpxdata:distance>
     <gpxdata:speed>11.281</gpxdata:speed>
    </extensions>
   </trkpt>
   <trkpt lat="51.0427279" lon="13.8169701">
    <ele>102</ele>
    <time>2026-05-05T13:32:27Z</time>
    <extensions>
     <gpxdata:hr>140</gpxdata:hr>
     <gpxdata:distance>6092.00</gpxdata:distance>
     <gpxdata:speed>11.275</gpxdata:speed>
    </extensions>
   </trkpt>
   <trkpt lat="51.0426358" lon="13.8170370">
    <ele>102</ele>
    <time>2026-05-05T13:32:28Z</time>
    <extensions>
     <gpxdata:hr>140</gpxdata:hr>
     <gpxdata:distance>6103.00</gpxdata:distance>
     <gpxdata:speed>11.256</gpxdata:speed>
    </extensions>
   </trkpt>
   <trkpt lat="51.0425424" lon="13.8171013">
    <ele>102</ele>
    <time>2026-05-05T13:32:29Z</time>
    <extensions>
     <gpxdata:hr>140</gpxdata:hr>
     <gpxdata:distance>6114.50</gpxdata:distance>
     <gpxdata:speed>11.264</gpxdata:speed>
    </extensions>
   </trkpt>
   <trkpt lat="51.0424472" lon="13.8171629">
    <ele>102</ele>
    <time>2026-05-05T13:32:30Z</time>
    <extensions>
     <gpxdata:hr>141</gpxdata:hr>
     <gpxdata:distance>6126.00</gpxdata:distance>
     <gpxdata:speed>11.289</gpxdata:speed>
    </extensions>
   </trkpt>
   <trkpt lat="51.0423507" lon="13.8172238">
    <ele>102</ele>
    <time>2026-05-05T13:32:31Z</time>
    <extensions>
     <gpxdata:hr>140</gpxdata:hr>
     <gpxdata:distance>6137.50</gpxdata:distance>
     <gpxdata:speed>11.347</gpxdata:speed>
    </extensions>
   </trkpt>
   <trkpt lat="51.0422533" lon="13.8172872">
    <ele>102</ele>
    <time>2026-05-05T13:32:32Z</time>
    <extensions>
     <gpxdata:hr>140</gpxdata:hr>
     <gpxdata:distance>6149.00</gpxdata:distance>
     <gpxdata:speed>11.422</gpxdata:speed>
    </extensions>
   </trkpt>
   <trkpt lat="51.0421548" lon="13.8173543">
    <ele>102</ele>
    <time>2026-05-05T13:32:33Z</time>
    <extensions>
     <gpxdata:hr>140</gpxdata:hr>
     <gpxdata:distance>6161.00</gpxdata:distance>
     <gpxdata:speed>11.533</gpxdata:speed>
    </extensions>
   </trkpt>
   <trkpt lat="51.0420561" lon="13.8174252">
    <ele>102</ele>
    <time>2026-05-05T13:32:34Z</time>
    <extensions>
     <gpxdata:hr>141</gpxdata:hr>
     <gpxdata:distance>6173.00</gpxdata:distance>
     <gpxdata:speed>11.675</gpxdata:speed>
    </extensions>
   </trkpt>
   <trkpt lat="51.0419569" lon="13.8174991">
    <ele>102</ele>
    <time>2026-05-05T13:32:35Z</time>
    <extensions>
     <gpxdata:hr>141</gpxdata:hr>
     <gpxdata:distance>6185.00</gpxdata:distance>
     <gpxdata:speed>11.814</gpxdata:speed>
    </extensions>
   </trkpt>
   <trkpt lat="51.0418576" lon="13.8175755">
    <ele>102</ele>
    <time>2026-05-05T13:32:36Z</time>
    <extensions>
     <gpxdata:hr>141</gpxdata:hr>
     <gpxdata:distance>6197.00</gpxdata:distance>
     <gpxdata:speed>12.033</gpxdata:speed>
    </extensions>
   </trkpt>
   <trkpt lat="51.0417588" lon="13.8176562">
    <ele>102</ele>
    <time>2026-05-05T13:32:37Z</time>
    <extensions>
     <gpxdata:hr>142</gpxdata:hr>
     <gpxdata:distance>6209.50</gpxdata:distance>
     <gpxdata:speed>12.211</gpxdata:speed>
    </extensions>
   </trkpt>
   <trkpt lat="51.0416611" lon="13.8177419">
    <ele>102</ele>
    <time>2026-05-05T13:32:38Z</time>
    <extensions>
     <gpxdata:hr>144</gpxdata:hr>
     <gpxdata:distance>6222.00</gpxdata:distance>
     <gpxdata:speed>12.306</gpxdata:speed>
    </extensions>
   </trkpt>
   <trkpt lat="51.0415644" lon="13.8178312">
    <ele>102</ele>
    <time>2026-05-05T13:32:39Z</time>
    <extensions>
     <gpxdata:hr>145</gpxdata:hr>
     <gpxdata:distance>6234.50</gpxdata:distance>
     <gpxdata:speed>12.378</gpxdata:speed>
    </extensions>
   </trkpt>
   <trkpt lat="51.0414692" lon="13.8179221">
    <ele>102</ele>
    <time>2026-05-05T13:32:40Z</time>
    <extensions>
     <gpxdata:hr>145</gpxdata:hr>
     <gpxdata:distance>6247.00</gpxdata:distance>
     <gpxdata:speed>12.408</gpxdata:speed>
    </extensions>
   </trkpt>
   <trkpt lat="51.0413748" lon="13.8180144">
    <ele>102</ele>
    <time>2026-05-05T13:32:41Z</time>
    <extensions>
     <gpxdata:hr>146</gpxdata:hr>
     <gpxdata:distance>6259.00</gpxdata:distance>
     <gpxdata:speed>12.344</gpxdata:speed>
    </extensions>
   </trkpt>
   <trkpt lat="51.0412811" lon="13.8181086">
    <ele>102</ele>
    <time>2026-05-05T13:32:42Z</time>
    <extensions>
     <gpxdata:hr>146</gpxdata:hr>
     <gpxdata:distance>6271.00</gpxdata:distance>
     <gpxdata:speed>12.331</gpxdata:speed>
    </extensions>
   </trkpt>
   <trkpt lat="51.0411877" lon="13.8182037">
    <ele>102</ele>
    <time>2026-05-05T13:32:43Z</time>
    <extensions>
     <gpxdata:hr>146</gpxdata:hr>
     <gpxdata:distance>6283.50</gpxdata:distance>
     <gpxdata:speed>12.347</gpxdata:speed>
    </extensions>
   </trkpt>
   <trkpt lat="51.0410946" lon="13.8182985">
    <ele>102</ele>
    <time>2026-05-05T13:32:44Z</time>
    <extensions>
     <gpxdata:hr>146</gpxdata:hr>
     <gpxdata:distance>6296.00</gpxdata:distance>
     <gpxdata:speed>12.350</gpxdata:speed>
    </extensions>
   </trkpt>
   <trkpt lat="51.0410013" lon="13.8183929">
    <ele>102</ele>
    <time>2026-05-05T13:32:45Z</time>
    <extensions>
     <gpxdata:hr>147</gpxdata:hr>
     <gpxdata:distance>6308.50</gpxdata:distance>
     <gpxdata:speed>12.333</gpxdata:speed>
    </extensions>
   </trkpt>
   <trkpt lat="51.0409081" lon="13.8184859">
    <ele>102</ele>
    <time>2026-05-05T13:32:46Z</time>
    <extensions>
     <gpxdata:hr>146</gpxdata:hr>
     <gpxdata:distance>6321.00</gpxdata:distance>
     <gpxdata:speed>12.325</gpxdata:speed>
    </extensions>
   </trkpt>
   <trkpt lat="51.0408146" lon="13.8185789">
    <ele>102</ele>
    <time>2026-05-05T13:32:47Z</time>
    <extensions>
     <gpxdata:hr>146</gpxdata:hr>
     <gpxdata:distance>6333.00</gpxdata:distance>
     <gpxdata:speed>12.294</gpxdata:speed>
    </extensions>
   </trkpt>
   <trkpt lat="51.0407195" lon="13.8186680">
    <ele>102</ele>
    <time>2026-05-05T13:32:48Z</time>
    <extensions>
     <gpxdata:hr>146</gpxdata:hr>
     <gpxdata:distance>6345.00</gpxdata:distance>
     <gpxdata:speed>12.289</gpxdata:speed>
    </extensions>
   </trkpt>
   <trkpt lat="51.0406230" lon="13.8187532">
    <ele>102</ele>
    <time>2026-05-05T13:32:49Z</time>
    <extensions>
     <gpxdata:hr>146</gpxdata:hr>
     <gpxdata:distance>6357.50</gpxdata:distance>
     <gpxdata:speed>12.292</gpxdata:speed>
    </extensions>
   </trkpt>
   <trkpt lat="51.0405270" lon="13.8188403">
    <ele>102</ele>
    <time>2026-05-05T13:32:50Z</time>
    <extensions>
     <gpxdata:hr>146</gpxdata:hr>
     <gpxdata:distance>6370.00</gpxdata:distance>
     <gpxdata:speed>12.289</gpxdata:speed>
    </extensions>
   </trkpt>
   <trkpt lat="51.0404333" lon="13.8189351">
    <ele>102</ele>
    <time>2026-05-05T13:32:51Z</time>
    <extensions>
     <gpxdata:hr>146</gpxdata:hr>
     <gpxdata:distance>6382.50</gpxdata:distance>
     <gpxdata:speed>12.297</gpxdata:speed>
    </extensions>
   </trkpt>
   <trkpt lat="51.0403424" lon="13.8190383">
    <ele>102</ele>
    <time>2026-05-05T13:32:52Z</time>
    <extensions>
     <gpxdata:hr>147</gpxdata:hr>
     <gpxdata:distance>6395.00</gpxdata:distance>
     <gpxdata:speed>12.328</gpxdata:speed>
    </extensions>
   </trkpt>
   <trkpt lat="51.0402536" lon="13.8191478">
    <ele>102</ele>
    <time>2026-05-05T13:32:53Z</time>
    <extensions>
     <gpxdata:hr>148</gpxdata:hr>
     <gpxdata:distance>6407.50</gpxdata:distance>
     <gpxdata:speed>12.372</gpxdata:speed>
    </extensions>
   </trkpt>
   <trkpt lat="51.0401670" lon="13.8192600">
    <ele>102</ele>
    <time>2026-05-05T13:32:54Z</time>
    <extensions>
     <gpxdata:hr>148</gpxdata:hr>
     <gpxdata:distance>6420.00</gpxdata:distance>
     <gpxdata:speed>12.419</gpxdata:speed>
    </extensions>
   </trkpt>
   <trkpt lat="51.0400822" lon="13.8193740">
    <ele>102</ele>
    <time>2026-05-05T13:32:55Z</time>
    <extensions>
     <gpxdata:hr>148</gpxdata:hr>
     <gpxdata:distance>6432.00</gpxdata:distance>
     <gpxdata:speed>12.411</gpxdata:speed>
    </extensions>
   </trkpt>
   <trkpt lat="51.0399970" lon="13.8194851">
    <ele>102</ele>
    <time>2026-05-05T13:32:56Z</time>
    <extensions>
     <gpxdata:hr>149</gpxdata:hr>
     <gpxdata:distance>6444.00</gpxdata:distance>
     <gpxdata:speed>12.386</gpxdata:speed>
    </extensions>
   </trkpt>
   <trkpt lat="51.0399086" lon="13.8195875">
    <ele>102</ele>
    <time>2026-05-05T13:32:57Z</time>
    <extensions>
     <gpxdata:hr>148</gpxdata:hr>
     <gpxdata:distance>6456.50</gpxdata:distance>
     <gpxdata:speed>12.339</gpxdata:speed>
    </extensions>
   </trkpt>
   <trkpt lat="51.0398190" lon="13.8196845">
    <ele>102</ele>
    <time>2026-05-05T13:32:58Z</time>
    <extensions>
     <gpxdata:hr>149</gpxdata:hr>
     <gpxdata:distance>6469.00</gpxdata:distance>
     <gpxdata:speed>12.286</gpxdata:speed>
    </extensions>
   </trkpt>
   <trkpt lat="51.0397317" lon="13.8197842">
    <ele>102</ele>
    <time>2026-05-05T13:32:59Z</time>
    <extensions>
     <gpxdata:hr>149</gpxdata:hr>
     <gpxdata:distance>6480.50</gpxdata:distance>
     <gpxdata:speed>12.214</gpxdata:speed>
    </extensions>
   </trkpt>
   <trkpt lat="51.0396480" lon="13.8198887">
    <ele>103</ele>
    <time>2026-05-05T13:33:00Z</time>
    <extensions>
     <gpxdata:hr>150</gpxdata:hr>
     <gpxdata:distance>6492.00</gpxdata:distance>
     <gpxdata:speed>12.128</gpxdata:speed>
    </extensions>
   </trkpt>
   <trkpt lat="51.0395678" lon="13.8199984">
    <ele>103</ele>
    <time>2026-05-05T13:33:01Z</time>
    <extensions>
     <gpxdata:hr>150</gpxdata:hr>
     <gpxdata:distance>6504.00</gpxdata:distance>
     <gpxdata:speed>12.033</gpxdata:speed>
    </extensions>
   </trkpt>
   <trkpt lat="51.0394919" lon="13.8201134">
    <ele>103</ele>
    <time>2026-05-05T13:33:02Z</time>
    <extensions>
     <gpxdata:hr>149</gpxdata:hr>
     <gpxdata:distance>6516.00</gpxdata:distance>
     <gpxdata:speed>11.942</gpxdata:speed>
    </extensions>
   </trkpt>
   <trkpt lat="51.0394199" lon="13.8202331">
    <ele>103</ele>
    <time>2026-05-05T13:33:03Z</time>
    <extensions>
     <gpxdata:hr>150</gpxdata:hr>
     <gpxdata:distance>6527.50</gpxdata:distance>
     <gpxdata:speed>11.819</gpxdata:speed>
    </extensions>
   </trkpt>
   <trkpt lat="51.0393512" lon="13.8203566">
    <ele>103</ele>
    <time>2026-05-05T13:33:04Z</time>
    <extensions>
     <gpxdata:hr>150</gpxdata:hr>
     <gpxdata:distance>6539.00</gpxdata:distance>
     <gpxdata:speed>11.681</gpxdata:speed>
    </extensions>
   </trkpt>
   <trkpt lat="51.0392849" lon="13.8204827">
    <ele>103</ele>
    <time>2026-05-05T13:33:05Z</time>
    <extensions>
     <gpxdata:hr>151</gpxdata:hr>
     <gpxdata:distance>6550.50</gpxdata:distance>
     <gpxdata:speed>11.603</gpxdata:speed>
    </extensions>
   </trkpt>
   <trkpt lat="51.0392190" lon="13.8206097">
    <ele>103</ele>
    <time>2026-05-05T13:33:06Z</time>
    <extensions>
     <gpxdata:hr>150</gpxdata:hr>
     <gpxdata:distance>6562.00</gpxdata:distance>
     <gpxdata:speed>11.542</gpxdata:speed>
    </extensions>
   </trkpt>
   <trkpt lat="51.0391529" lon="13.8207357">
    <ele>103</ele>
    <time>2026-05-05T13:33:07Z</time>
    <extensions>
     <gpxdata:hr>150</gpxdata:hr>
     <gpxdata:distance>6573.50</gpxdata:distance>
     <gpxdata:speed>11.539</gpxdata:speed>
    </extensions>
   </trkpt>
   <trkpt lat="51.0390873" lon="13.8208615">
    <ele>103</ele>
    <time>2026-05-05T13:33:08Z</time>
    <extensions>
     <gpxdata:hr>151</gpxdata:hr>
     <gpxdata:distance>6585.00</gpxdata:distance>
     <gpxdata:speed>11.500</gpxdata:speed>
    </extensions>
   </trkpt>
   <trkpt lat="51.0390233" lon="13.8209884">
    <ele>103</ele>
    <time>2026-05-05T13:33:09Z</time>
    <extensions>
     <gpxdata:hr>150</gpxdata:hr>
     <gpxdata:distance>6596.50</gpxdata:distance>
     <gpxdata:speed>11.450</gpxdata:speed>
    </extensions>
   </trkpt>
   <trkpt lat="51.0389614" lon="13.8211166">
    <ele>103</ele>
    <time>2026-05-05T13:33:10Z</time>
    <extensions>
     <gpxdata:hr>150</gpxdata:hr>
     <gpxdata:distance>6608.00</gpxdata:distance>
     <gpxdata:speed>11.414</gpxdata:speed>
    </extensions>
   </trkpt>
   <trkpt lat="51.0389017" lon="13.8212451">
    <ele>103</ele>
    <time>2026-05-05T13:33:11Z</time>
    <extensions>
     <gpxdata:hr>150</gpxdata:hr>
     <gpxdata:distance>6619.00</gpxdata:distance>
     <gpxdata:speed>11.353</gpxdata:speed>
    </extensions>
   </trkpt>
   <trkpt lat="51.0388435" lon="13.8213720">
    <ele>103</ele>
    <time>2026-05-05T13:33:12Z</time>
    <extensions>
     <gpxdata:hr>150</gpxdata:hr>
     <gpxdata:distance>6630.00</gpxdata:distance>
     <gpxdata:speed>11.236</gpxdata:speed>
    </extensions>
   </trkpt>
   <trkpt lat="51.0387854" lon="13.8214966">
    <ele>103</ele>
    <time>2026-05-05T13:33:13Z</time>
    <extensions>
     <gpxdata:hr>150</gpxdata:hr>
     <gpxdata:distance>6641.00</gpxdata:distance>
     <gpxdata:speed>11.081</gpxdata:speed>
    </extensions>
   </trkpt>
   <trkpt lat="51.0387280" lon="13.8216201">
    <ele>103</ele>
    <time>2026-05-05T13:33:14Z</time>
    <extensions>
     <gpxdata:hr>150</gpxdata:hr>
     <gpxdata:distance>6652.00</gpxdata:distance>
     <gpxdata:speed>10.939</gpxdata:speed>
    </extensions>
   </trkpt>
   <trkpt lat="51.0386718" lon="13.8217438">
    <ele>102</ele>
    <time>2026-05-05T13:33:15Z</time>
    <extensions>
     <gpxdata:hr>149</gpxdata:hr>
     <gpxdata:distance>6662.50</gpxdata:distance>
     <gpxdata:speed>10.831</gpxdata:speed>
    </extensions>
   </trkpt>
   <trkpt lat="51.0386174" lon="13.8218677">
    <ele>102</ele>
    <time>2026-05-05T13:33:16Z</time>
    <extensions>
     <gpxdata:hr>149</gpxdata:hr>
     <gpxdata:distance>6673.00</gpxdata:distance>
     <gpxdata:speed>10.747</gpxdata:speed>
    </extensions>
   </trkpt>
   <trkpt lat="51.0385645" lon="13.8219916">
    <ele>102</ele>
    <time>2026-05-05T13:33:17Z</time>
    <extensions>
     <gpxdata:hr>148</gpxdata:hr>
     <gpxdata:distance>6683.50</gpxdata:distance>
     <gpxdata:speed>10.628</gpxdata:speed>
    </extensions>
   </trkpt>
   <trkpt lat="51.0385121" lon="13.8221153">
    <ele>102</ele>
    <time>2026-05-05T13:33:18Z</time>
    <extensions>
     <gpxdata:hr>148</gpxdata:hr>
     <gpxdata:distance>6694.00</gpxdata:distance>
     <gpxdata:speed>10.536</gpxdata:speed>
    </extensions>
   </trkpt>
   <trkpt lat="51.0384595" lon="13.8222391">
    <ele>102</ele>
    <time>2026-05-05T13:33:19Z</time>
    <extensions>
     <gpxdata:hr>148</gpxdata:hr>
     <gpxdata:distance>6704.50</gpxdata:distance>
     <gpxdata:speed>10.478</gpxdata:speed>
    </extensions>
   </trkpt>
   <trkpt lat="51.0384060" lon="13.8223624">
    <ele>102</ele>
    <time>2026-05-05T13:33:20Z</time>
    <extensions>
     <gpxdata:hr>149</gpxdata:hr>
     <gpxdata:distance>6715.00</gpxdata:distance>
     <gpxdata:speed>10.492</gpxdata:speed>
    </extensions>
   </trkpt>
   <trkpt lat="51.0383521" lon="13.8224858">
    <ele>103</ele>
    <time>2026-05-05T13:33:21Z</time>
    <extensions>
     <gpxdata:hr>148</gpxdata:hr>
     <gpxdata:distance>6725.50</gpxdata:distance>
     <gpxdata:speed>10.494</gpxdata:speed>
    </extensions>
   </trkpt>
   <trkpt lat="51.0382989" lon="13.8226112">
    <ele>103</ele>
    <time>2026-05-05T13:33:22Z</time>
    <extensions>
     <gpxdata:hr>148</gpxdata:hr>
     <gpxdata:distance>6736.00</gpxdata:distance>
     <gpxdata:speed>10.508</gpxdata:speed>
    </extensions>
   </trkpt>
   <trkpt lat="51.0382468" lon="13.8227389">
    <ele>104</ele>
    <time>2026-05-05T13:33:23Z</time>
    <extensions>
     <gpxdata:hr>148</gpxdata:hr>
     <gpxdata:distance>6747.00</gpxdata:distance>
     <gpxdata:speed>10.544</gpxdata:speed>
    </extensions>
   </trkpt>
   <trkpt lat="51.0381952" lon="13.8228671">
    <ele>104</ele>
    <time>2026-05-05T13:33:24Z</time>
    <extensions>
     <gpxdata:hr>145</gpxdata:hr>
     <gpxdata:distance>6758.00</gpxdata:distance>
     <gpxdata:speed>10.586</gpxdata:speed>
    </extensions>
   </trkpt>
   <trkpt lat="51.0381429" lon="13.8229942">
    <ele>104</ele>
    <time>2026-05-05T13:33:25Z</time>
    <extensions>
     <gpxdata:hr>145</gpxdata:hr>
     <gpxdata:distance>6768.50</gpxdata:distance>
     <gpxdata:speed>10.600</gpxdata:speed>
    </extensions>
   </trkpt>
   <trkpt lat="51.0380894" lon="13.8231199">
    <ele>104</ele>
    <time>2026-05-05T13:33:26Z</time>
    <extensions>
     <gpxdata:hr>145</gpxdata:hr>
     <gpxdata:distance>6779.00</gpxdata:distance>
     <gpxdata:speed>10.608</gpxdata:speed>
    </extensions>
   </trkpt>
   <trkpt lat="51.0380360" lon="13.8232449">
    <ele>104</ele>
    <time>2026-05-05T13:33:27Z</time>
    <extensions>
     <gpxdata:hr>146</gpxdata:hr>
     <gpxdata:distance>6789.50</gpxdata:distance>
     <gpxdata:speed>10.611</gpxdata:speed>
    </extensions>
   </trkpt>
   <trkpt lat="51.0379837" lon="13.8233695">
    <ele>104</ele>
    <time>2026-05-05T13:33:28Z</time>
    <extensions>
     <gpxdata:hr>146</gpxdata:hr>
     <gpxdata:distance>6800.00</gpxdata:distance>
     <gpxdata:speed>10.597</gpxdata:speed>
    </extensions>
   </trkpt>
   <trkpt lat="51.0379324" lon="13.8234933">
    <ele>104</ele>
    <time>2026-05-05T13:33:29Z</time>
    <extensions>
     <gpxdata:hr>147</gpxdata:hr>
     <gpxdata:distance>6810.50</gpxdata:distance>
     <gpxdata:speed>10.556</gpxdata:speed>
    </extensions>
   </trkpt>
   <trkpt lat="51.0378815" lon="13.8236161">
    <ele>104</ele>
    <time>2026-05-05T13:33:30Z</time>
    <extensions>
     <gpxdata:hr>148</gpxdata:hr>
     <gpxdata:distance>6821.00</gpxdata:distance>
     <gpxdata:speed>10.486</gpxdata:speed>
    </extensions>
   </trkpt>
   <trkpt lat="51.0378313" lon="13.8237382">
    <ele>104</ele>
    <time>2026-05-05T13:33:31Z</time>
    <extensions>
     <gpxdata:hr>148</gpxdata:hr>
     <gpxdata:distance>6831.00</gpxdata:distance>
     <gpxdata:speed>10.417</gpxdata:speed>
    </extensions>
   </trkpt>
   <trkpt lat="51.0377820" lon="13.8238602">
    <ele>104</ele>
    <time>2026-05-05T13:33:32Z</time>
    <extensions>
     <gpxdata:hr>148</gpxdata:hr>
     <gpxdata:distance>6841.00</gpxdata:distance>
     <gpxdata:speed>10.347</gpxdata:speed>
    </extensions>
   </trkpt>
   <trkpt lat="51.0377327" lon="13.8239812">
    <ele>104</ele>
    <time>2026-05-05T13:33:33Z</time>
    <extensions>
     <gpxdata:hr>147</gpxdata:hr>
     <gpxdata:distance>6851.00</gpxdata:distance>
     <gpxdata:speed>10.275</gpxdata:speed>
    </extensions>
   </trkpt>
   <trkpt lat="51.0376817" lon="13.8240999">
    <ele>104</ele>
    <time>2026-05-05T13:33:34Z</time>
    <extensions>
     <gpxdata:hr>147</gpxdata:hr>
     <gpxdata:distance>6861.00</gpxdata:distance>
     <gpxdata:speed>10.211</gpxdata:speed>
    </extensions>
   </trkpt>
   <trkpt lat="51.0376287" lon="13.8242165">
    <ele>104</ele>
    <time>2026-05-05T13:33:35Z</time>
    <extensions>
     <gpxdata:hr>147</gpxdata:hr>
     <gpxdata:distance>6871.00</gpxdata:distance>
     <gpxdata:speed>10.153</gpxdata:speed>
    </extensions>
   </trkpt>
   <trkpt lat="51.0375743" lon="13.8243329">
    <ele>104</ele>
    <time>2026-05-05T13:33:36Z</time>
    <extensions>
     <gpxdata:hr>146</gpxdata:hr>
     <gpxdata:distance>6881.00</gpxdata:distance>
     <gpxdata:speed>10.125</gpxdata:speed>
    </extensions>
   </trkpt>
   <trkpt lat="51.0375202" lon="13.8244495">
    <ele>104</ele>
    <time>2026-05-05T13:33:37Z</time>
    <extensions>
     <gpxdata:hr>146</gpxdata:hr>
     <gpxdata:distance>6891.50</gpxdata:distance>
     <gpxdata:speed>10.136</gpxdata:speed>
    </extensions>
   </trkpt>
   <trkpt lat="51.0374660" lon="13.8245680">
    <ele>104</ele>
    <time>2026-05-05T13:33:38Z</time>
    <extensions>
     <gpxdata:hr>146</gpxdata:hr>
     <gpxdata:distance>6902.00</gpxdata:distance>
     <gpxdata:speed>10.133</gpxdata:speed>
    </extensions>
   </trkpt>
   <trkpt lat="51.0374118" lon="13.8246881">
    <ele>104</ele>
    <time>2026-05-05T13:33:39Z</time>
    <extensions>
     <gpxdata:hr>145</gpxdata:hr>
     <gpxdata:distance>6912.50</gpxdata:distance>
     <gpxdata:speed>10.183</gpxdata:speed>
    </extensions>
   </trkpt>
   <trkpt lat="51.0373579" lon="13.8248099">
    <ele>103</ele>
    <time>2026-05-05T13:33:40Z</time>
    <extensions>
     <gpxdata:hr>145</gpxdata:hr>
     <gpxdata:distance>6923.00</gpxdata:distance>
     <gpxdata:speed>10.242</gpxdata:speed>
    </extensions>
   </trkpt>
   <trkpt lat="51.0373044" lon="13.8249331">
    <ele>103</ele>
    <time>2026-05-05T13:33:41Z</time>
    <extensions>
     <gpxdata:hr>145</gpxdata:hr>
     <gpxdata:distance>6933.00</gpxdata:distance>
     <gpxdata:speed>10.306</gpxdata:speed>
    </extensions>
   </trkpt>
   <trkpt lat="51.0372504" lon="13.8250571">
    <ele>103</ele>
    <time>2026-05-05T13:33:42Z</time>
    <extensions>
     <gpxdata:hr>146</gpxdata:hr>
     <gpxdata:distance>6943.00</gpxdata:distance>
     <gpxdata:speed>10.364</gpxdata:speed>
    </extensions>
   </trkpt>
   <trkpt lat="51.0371958" lon="13.8251820">
    <ele>103</ele>
    <time>2026-05-05T13:33:43Z</time>
    <extensions>
     <gpxdata:hr>148</gpxdata:hr>
     <gpxdata:distance>6954.00</gpxdata:distance>
     <gpxdata:speed>10.436</gpxdata:speed>
    </extensions>
   </trkpt>
   <trkpt lat="51.0371412" lon="13.8253076">
    <ele>103</ele>
    <time>2026-05-05T13:33:44Z</time>
    <extensions>
     <gpxdata:hr>148</gpxdata:hr>
     <gpxdata:distance>6965.00</gpxdata:distance>
     <gpxdata:speed>10.514</gpxdata:speed>
    </extensions>
   </trkpt>
   <trkpt lat="51.0370873" lon="13.8254334">
    <ele>103</ele>
    <time>2026-05-05T13:33:45Z</time>
    <extensions>
     <gpxdata:hr>149</gpxdata:hr>
     <gpxdata:distance>6975.50</gpxdata:distance>
     <gpxdata:speed>10.572</gpxdata:speed>
    </extensions>
   </trkpt>
   <trkpt lat="51.0370332" lon="13.8255588">
    <ele>103</ele>
    <time>2026-05-05T13:33:46Z</time>
    <extensions>
     <gpxdata:hr>149</gpxdata:hr>
     <gpxdata:distance>6986.00</gpxdata:distance>
     <gpxdata:speed>10.603</gpxdata:speed>
    </extensions>
   </trkpt>
   <trkpt lat="51.0369791" lon="13.8256839">
    <ele>103</ele>
    <time>2026-05-05T13:33:47Z</time>
    <extensions>
     <gpxdata:hr>149</gpxdata:hr>
     <gpxdata:distance>6996.50</gpxdata:distance>
     <gpxdata:speed>10.619</gpxdata:speed>
    </extensions>
   </trkpt>
   <trkpt lat="51.0369253" lon="13.8258092">
    <ele>103</ele>
    <time>2026-05-05T13:33:48Z</time>
    <extensions>
     <gpxdata:hr>148</gpxdata:hr>
     <gpxdata:distance>7007.00</gpxdata:distance>
     <gpxdata:speed>10.622</gpxdata:speed>
    </extensions>
   </trkpt>
   <trkpt lat="51.0368722" lon="13.8259339">
    <ele>103</ele>
    <time>2026-05-05T13:33:49Z</time>
    <extensions>
     <gpxdata:hr>148</gpxdata:hr>
     <gpxdata:distance>7017.50</gpxdata:distance>
     <gpxdata:speed>10.622</gpxdata:speed>
    </extensions>
   </trkpt>
   <trkpt lat="51.0368188" lon="13.8260583">
    <ele>103</ele>
    <time>2026-05-05T13:33:50Z</time>
    <extensions>
     <gpxdata:hr>147</gpxdata:hr>
     <gpxdata:distance>7028.00</gpxdata:distance>
     <gpxdata:speed>10.592</gpxdata:speed>
    </extensions>
   </trkpt>
   <trkpt lat="51.0367642" lon="13.8261828">
    <ele>103</ele>
    <time>2026-05-05T13:33:51Z</time>
    <extensions>
     <gpxdata:hr>148</gpxdata:hr>
     <gpxdata:distance>7039.00</gpxdata:distance>
     <gpxdata:speed>10.575</gpxdata:speed>
    </extensions>
   </trkpt>
   <trkpt lat="51.0367077" lon="13.8263073">
    <ele>103</ele>
    <time>2026-05-05T13:33:52Z</time>
    <extensions>
     <gpxdata:hr>148</gpxdata:hr>
     <gpxdata:distance>7050.00</gpxdata:distance>
     <gpxdata:speed>10.606</gpxdata:speed>
    </extensions>
   </trkpt>
   <trkpt lat="51.0366501" lon="13.8264322">
    <ele>103</ele>
    <time>2026-05-05T13:33:53Z</time>
    <extensions>
     <gpxdata:hr>148</gpxdata:hr>
     <gpxdata:distance>7060.50</gpxdata:distance>
     <gpxdata:speed>10.661</gpxdata:speed>
    </extensions>
   </trkpt>
   <trkpt lat="51.0365926" lon="13.8265573">
    <ele>103</ele>
    <time>2026-05-05T13:33:54Z</time>
    <extensions>
     <gpxdata:hr>147</gpxdata:hr>
     <gpxdata:distance>7071.00</gpxdata:distance>
     <gpxdata:speed>10.722</gpxdata:speed>
    </extensions>
   </trkpt>
   <trkpt lat="51.0365357" lon="13.8266821">
    <ele>103</ele>
    <time>2026-05-05T13:33:55Z</time>
    <extensions>
     <gpxdata:hr>147</gpxdata:hr>
     <gpxdata:distance>7082.00</gpxdata:distance>
     <gpxdata:speed>10.758</gpxdata:speed>
    </extensions>
   </trkpt>
   <trkpt lat="51.0364791" lon="13.8268061">
    <ele>103</ele>
    <time>2026-05-05T13:33:56Z</time>
    <extensions>
     <gpxdata:hr>148</gpxdata:hr>
     <gpxdata:distance>7093.00</gpxdata:distance>
     <gpxdata:speed>10.761</gpxdata:speed>
    </extensions>
   </trkpt>
   <trkpt lat="51.0364226" lon="13.8269292">
    <ele>103</ele>
    <time>2026-05-05T13:33:57Z</time>
    <extensions>
     <gpxdata:hr>147</gpxdata:hr>
     <gpxdata:distance>7103.50</gpxdata:distance>
     <gpxdata:speed>10.744</gpxdata:speed>
    </extensions>
   </trkpt>
   <trkpt lat="51.0363663" lon="13.8270520">
    <ele>103</ele>
    <time>2026-05-05T13:33:58Z</time>
    <extensions>
     <gpxdata:hr>146</gpxdata:hr>
     <gpxdata:distance>7114.00</gpxdata:distance>
     <gpxdata:speed>10.717</gpxdata:speed>
    </extensions>
   </trkpt>
   <trkpt lat="51.0363104" lon="13.8271742">
    <ele>103</ele>
    <time>2026-05-05T13:33:59Z</time>
    <extensions>
     <gpxdata:hr>146</gpxdata:hr>
     <gpxdata:distance>7124.50</gpxdata:distance>
     <gpxdata:speed>10.692</gpxdata:speed>
    </extensions>
   </trkpt>
   <trkpt lat="51.0362548" lon="13.8272949">
    <ele>103</ele>
    <time>2026-05-05T13:34:00Z</time>
    <extensions>
     <gpxdata:hr>146</gpxdata:hr>
     <gpxdata:distance>7135.00</gpxdata:distance>
     <gpxdata:speed>10.653</gpxdata:speed>
    </extensions>
   </trkpt>
   <trkpt lat="51.0361996" lon="13.8274155">
    <ele>103</ele>
    <time>2026-05-05T13:34:01Z</time>
    <extensions>
     <gpxdata:hr>146</gpxdata:hr>
     <gpxdata:distance>7145.50</gpxdata:distance>
     <gpxdata:speed>10.586</gpxdata:speed>
    </extensions>
   </trkpt>
   <trkpt lat="51.0361449" lon="13.8275374">
    <ele>103</ele>
    <time>2026-05-05T13:34:02Z</time>
    <extensions>
     <gpxdata:hr>145</gpxdata:hr>
     <gpxdata:distance>7156.00</gpxdata:distance>
     <gpxdata:speed>10.539</gpxdata:speed>
    </extensions>
   </trkpt>
   <trkpt lat="51.0360925" lon="13.8276622">
    <ele>103</ele>
    <time>2026-05-05T13:34:03Z</time>
    <extensions>
     <gpxdata:hr>145</gpxdata:hr>
     <gpxdata:distance>7166.50</gpxdata:distance>
     <gpxdata:speed>10.528</gpxdata:speed>
    </extensions>
   </trkpt>
   <trkpt lat="51.0360456" lon="13.8277925">
    <ele>103</ele>
    <time>2026-05-05T13:34:04Z</time>
    <extensions>
     <gpxdata:hr>145</gpxdata:hr>
     <gpxdata:distance>7177.00</gpxdata:distance>
     <gpxdata:speed>10.519</gpxdata:speed>
    </extensions>
   </trkpt>
   <trkpt lat="51.0360038" lon="13.8279287">
    <ele>103</ele>
    <time>2026-05-05T13:34:05Z</time>
    <extensions>
     <gpxdata:hr>145</gpxdata:hr>
     <gpxdata:distance>7188.00</gpxdata:distance>
     <gpxdata:speed>10.519</gpxdata:speed>
    </extensions>
   </trkpt>
   <trkpt lat="51.0359650" lon="13.8280688">
    <ele>103</ele>
    <time>2026-05-05T13:34:06Z</time>
    <extensions>
     <gpxdata:hr>145</gpxdata:hr>
     <gpxdata:distance>7199.00</gpxdata:distance>
     <gpxdata:speed>10.558</gpxdata:speed>
    </extensions>
   </trkpt>
   <trkpt lat="51.0359276" lon="13.8282107">
    <ele>103</ele>
    <time>2026-05-05T13:34:07Z</time>
    <extensions>
     <gpxdata:hr>145</gpxdata:hr>
     <gpxdata:distance>7209.50</gpxdata:distance>
     <gpxdata:speed>10.614</gpxdata:speed>
    </extensions>
   </trkpt>
   <trkpt lat="51.0358906" lon="13.8283531">
    <ele>103</ele>
    <time>2026-05-05T13:34:08Z</time>
    <extensions>
     <gpxdata:hr>145</gpxdata:hr>
     <gpxdata:distance>7220.00</gpxdata:distance>
     <gpxdata:speed>10.661</gpxdata:speed>
    </extensions>
   </trkpt>
   <trkpt lat="51.0358535" lon="13.8284957">
    <ele>103</ele>
    <time>2026-05-05T13:34:09Z</time>
    <extensions>
     <gpxdata:hr>144</gpxdata:hr>
     <gpxdata:distance>7231.00</gpxdata:distance>
     <gpxdata:speed>10.697</gpxdata:speed>
    </extensions>
   </trkpt>
   <trkpt lat="51.0358163" lon="13.8286379">
    <ele>103</ele>
    <time>2026-05-05T13:34:10Z</time>
    <extensions>
     <gpxdata:hr>144</gpxdata:hr>
     <gpxdata:distance>7242.00</gpxdata:distance>
     <gpxdata:speed>10.731</gpxdata:speed>
    </extensions>
   </trkpt>
   <trkpt lat="51.0357789" lon="13.8287790">
    <ele>103</ele>
    <time>2026-05-05T13:34:11Z</time>
    <extensions>
     <gpxdata:hr>144</gpxdata:hr>
     <gpxdata:distance>7252.50</gpxdata:distance>
     <gpxdata:speed>10.744</gpxdata:speed>
    </extensions>
   </trkpt>
   <trkpt lat="51.0357410" lon="13.8289189">
    <ele>103</ele>
    <time>2026-05-05T13:34:12Z</time>
    <extensions>
     <gpxdata:hr>144</gpxdata:hr>
     <gpxdata:distance>7263.00</gpxdata:distance>
     <gpxdata:speed>10.731</gpxdata:speed>
    </extensions>
   </trkpt>
   <trkpt lat="51.0357028" lon="13.8290581">
    <ele>103</ele>
    <time>2026-05-05T13:34:13Z</time>
    <extensions>
     <gpxdata:hr>143</gpxdata:hr>
     <gpxdata:distance>7273.50</gpxdata:distance>
     <gpxdata:speed>10.706</gpxdata:speed>
    </extensions>
   </trkpt>
   <trkpt lat="51.0356638" lon="13.8291974">
    <ele>103</ele>
    <time>2026-05-05T13:34:14Z</time>
    <extensions>
     <gpxdata:hr>144</gpxdata:hr>
     <gpxdata:distance>7284.00</gpxdata:distance>
     <gpxdata:speed>10.686</gpxdata:speed>
    </extensions>
   </trkpt>
   <trkpt lat="51.0356246" lon="13.8293369">
    <ele>102</ele>
    <time>2026-05-05T13:34:15Z</time>
    <extensions>
     <gpxdata:hr>143</gpxdata:hr>
     <gpxdata:distance>7295.00</gpxdata:distance>
     <gpxdata:speed>10.689</gpxdata:speed>
    </extensions>
   </trkpt>
   <trkpt lat="51.0355861" lon="13.8294766">
    <ele>102</ele>
    <time>2026-05-05T13:34:16Z</time>
    <extensions>
     <gpxdata:hr>143</gpxdata:hr>
     <gpxdata:distance>7306.00</gpxdata:distance>
     <gpxdata:speed>10.694</gpxdata:speed>
    </extensions>
   </trkpt>
   <trkpt lat="51.0355484" lon="13.8296168">
    <ele>102</ele>
    <time>2026-05-05T13:34:17Z</time>
    <extensions>
     <gpxdata:hr>143</gpxdata:hr>
     <gpxdata:distance>7316.50</gpxdata:distance>
     <gpxdata:speed>10.686</gpxdata:speed>
    </extensions>
   </trkpt>
   <trkpt lat="51.0355113" lon="13.8297566">
    <ele>102</ele>
    <time>2026-05-05T13:34:18Z</time>
    <extensions>
     <gpxdata:hr>142</gpxdata:hr>
     <gpxdata:distance>7327.00</gpxdata:distance>
     <gpxdata:speed>10.681</gpxdata:speed>
    </extensions>
   </trkpt>
   <trkpt lat="51.0354740" lon="13.8298952">
    <ele>102</ele>
    <time>2026-05-05T13:34:19Z</time>
    <extensions>
     <gpxdata:hr>142</gpxdata:hr>
     <gpxdata:distance>7337.50</gpxdata:distance>
     <gpxdata:speed>10.653</gpxdata:speed>
    </extensions>
   </trkpt>
   <trkpt lat="51.0354364" lon="13.8300329">
    <ele>102</ele>
    <time>2026-05-05T13:34:20Z</time>
    <extensions>
     <gpxdata:hr>142</gpxdata:hr>
     <gpxdata:distance>7348.00</gpxdata:distance>
     <gpxdata:speed>10.619</gpxdata:speed>
    </extensions>
   </trkpt>
   <trkpt lat="51.0353991" lon="13.8301702">
    <ele>102</ele>
    <time>2026-05-05T13:34:21Z</time>
    <extensions>
     <gpxdata:hr>143</gpxdata:hr>
     <gpxdata:distance>7358.50</gpxdata:distance>
     <gpxdata:speed>10.578</gpxdata:speed>
    </extensions>
   </trkpt>
   <trkpt lat="51.0353623" lon="13.8303068">
    <ele>102</ele>
    <time>2026-05-05T13:34:22Z</time>
    <extensions>
     <gpxdata:hr>143</gpxdata:hr>
     <gpxdata:distance>7369.00</gpxdata:distance>
     <gpxdata:speed>10.542</gpxdata:speed>
    </extensions>
   </trkpt>
   <trkpt lat="51.0353254" lon="13.8304426">
    <ele>103</ele>
    <time>2026-05-05T13:34:23Z</time>
    <extensions>
     <gpxdata:hr>142</gpxdata:hr>
     <gpxdata:distance>7379.50</gpxdata:distance>
     <gpxdata:speed>10.492</gpxdata:speed>
    </extensions>
   </trkpt>
   <trkpt lat="51.0352879" lon="13.8305776">
    <ele>103</ele>
    <time>2026-05-05T13:34:24Z</time>
    <extensions>
     <gpxdata:hr>142</gpxdata:hr>
     <gpxdata:distance>7390.00</gpxdata:distance>
     <gpxdata:speed>10.444</gpxdata:speed>
    </extensions>
   </trkpt>
   <trkpt lat="51.0352507" lon="13.8307116">
    <ele>103</ele>
    <time>2026-05-05T13:34:25Z</time>
    <extensions>
     <gpxdata:hr>142</gpxdata:hr>
     <gpxdata:distance>7400.00</gpxdata:distance>
     <gpxdata:speed>10.406</gpxdata:speed>
    </extensions>
   </trkpt>
   <trkpt lat="51.0352144" lon="13.8308454">
    <ele>103</ele>
    <time>2026-05-05T13:34:26Z</time>
    <extensions>
     <gpxdata:hr>141</gpxdata:hr>
     <gpxdata:distance>7410.00</gpxdata:distance>
     <gpxdata:speed>10.347</gpxdata:speed>
    </extensions>
   </trkpt>
   <trkpt lat="51.0351776" lon="13.8309784">
    <ele>103</ele>
    <time>2026-05-05T13:34:27Z</time>
    <extensions>
     <gpxdata:hr>141</gpxdata:hr>
     <gpxdata:distance>7420.50</gpxdata:distance>
     <gpxdata:speed>10.294</gpxdata:speed>
    </extensions>
   </trkpt>
   <trkpt lat="51.0351400" lon="13.8311106">
    <ele>103</ele>
    <time>2026-05-05T13:34:28Z</time>
    <extensions>
     <gpxdata:hr>141</gpxdata:hr>
     <gpxdata:distance>7431.00</gpxdata:distance>
     <gpxdata:speed>10.250</gpxdata:speed>
    </extensions>
   </trkpt>
   <trkpt lat="51.0351015" lon="13.8312425">
    <ele>103</ele>
    <time>2026-05-05T13:34:29Z</time>
    <extensions>
     <gpxdata:hr>141</gpxdata:hr>
     <gpxdata:distance>7441.00</gpxdata:distance>
     <gpxdata:speed>10.217</gpxdata:speed>
    </extensions>
   </trkpt>
   <trkpt lat="51.0350623" lon="13.8313739">
    <ele>103</ele>
    <time>2026-05-05T13:34:30Z</time>
    <extensions>
     <gpxdata:hr>141</gpxdata:hr>
     <gpxdata:distance>7451.00</gpxdata:distance>
     <gpxdata:speed>10.203</gpxdata:speed>
    </extensions>
   </trkpt>
   <trkpt lat="51.0350222" lon="13.8315043">
    <ele>103</ele>
    <time>2026-05-05T13:34:31Z</time>
    <extensions>
     <gpxdata:hr>141</gpxdata:hr>
     <gpxdata:distance>7461.00</gpxdata:distance>
     <gpxdata:speed>10.192</gpxdata:speed>
    </extensions>
   </trkpt>
   <trkpt lat="51.0349805" lon="13.8316324">
    <ele>103</ele>
    <time>2026-05-05T13:34:32Z</time>
    <extensions>
     <gpxdata:hr>141</gpxdata:hr>
     <gpxdata:distance>7471.00</gpxdata:distance>
     <gpxdata:speed>10.175</gpxdata:speed>
    </extensions>
   </trkpt>
   <trkpt lat="51.0349368" lon="13.8317578">
    <ele>103</ele>
    <time>2026-05-05T13:34:33Z</time>
    <extensions>
     <gpxdata:hr>140</gpxdata:hr>
     <gpxdata:distance>7481.00</gpxdata:distance>
     <gpxdata:speed>10.139</gpxdata:speed>
    </extensions>
   </trkpt>
   <trkpt lat="51.0348911" lon="13.8318811">
    <ele>103</ele>
    <time>2026-05-05T13:34:34Z</time>
    <extensions>
     <gpxdata:hr>140</gpxdata:hr>
     <gpxdata:distance>7491.00</gpxdata:distance>
     <gpxdata:speed>10.100</gpxdata:speed>
    </extensions>
   </trkpt>
   <trkpt lat="51.0348437" lon="13.8320021">
    <ele>103</ele>
    <time>2026-05-05T13:34:35Z</time>
    <extensions>
     <gpxdata:hr>140</gpxdata:hr>
     <gpxdata:distance>7501.00</gpxdata:distance>
     <gpxdata:speed>10.069</gpxdata:speed>
    </extensions>
   </trkpt>
   <trkpt lat="51.0347956" lon="13.8321216">
    <ele>103</ele>
    <time>2026-05-05T13:34:36Z</time>
    <extensions>
     <gpxdata:hr>139</gpxdata:hr>
     <gpxdata:distance>7511.00</gpxdata:distance>
     <gpxdata:speed>10.033</gpxdata:speed>
    </extensions>
   </trkpt>
   <trkpt lat="51.0347490" lon="13.8322409">
    <ele>103</ele>
    <time>2026-05-05T13:34:37Z</time>
    <extensions>
     <gpxdata:hr>138</gpxdata:hr>
     <gpxdata:distance>7521.00</gpxdata:distance>
     <gpxdata:speed>9.994</gpxdata:speed>
    </extensions>
   </trkpt>
   <trkpt lat="51.0347061" lon="13.8323612">
    <ele>103</ele>
    <time>2026-05-05T13:34:38Z</time>
    <extensions>
     <gpxdata:hr>137</gpxdata:hr>
     <gpxdata:distance>7531.00</gpxdata:distance>
     <gpxdata:speed>9.931</gpxdata:speed>
    </extensions>
   </trkpt>
   <trkpt lat="51.0346673" lon="13.8324815">
    <ele>102</ele>
    <time>2026-05-05T13:34:39Z</time>
    <extensions>
     <gpxdata:hr>137</gpxdata:hr>
     <gpxdata:distance>7540.50</gpxdata:distance>
     <gpxdata:speed>9.836</gpxdata:speed>
    </extensions>
   </trkpt>
   <trkpt lat="51.0346317" lon="13.8326012">
    <ele>102</ele>
    <time>2026-05-05T13:34:40Z</time>
    <extensions>
     <gpxdata:hr>136</gpxdata:hr>
     <gpxdata:distance>7550.00</gpxdata:distance>
     <gpxdata:speed>9.697</gpxdata:speed>
    </extensions>
   </trkpt>
   <trkpt lat="51.0345960" lon="13.8327169">
    <ele>102</ele>
    <time>2026-05-05T13:34:41Z</time>
    <extensions>
     <gpxdata:hr>135</gpxdata:hr>
     <gpxdata:distance>7559.00</gpxdata:distance>
     <gpxdata:speed>9.353</gpxdata:speed>
    </extensions>
   </trkpt>
   <trkpt lat="51.0345579" lon="13.8328266">
    <ele>103</ele>
    <time>2026-05-05T13:34:42Z</time>
    <extensions>
     <gpxdata:hr>135</gpxdata:hr>
     <gpxdata:distance>7568.00</gpxdata:distance>
     <gpxdata:speed>9.106</gpxdata:speed>
    </extensions>
   </trkpt>
   <trkpt lat="51.0345184" lon="13.8329312">
    <ele>103</ele>
    <time>2026-05-05T13:34:43Z</time>
    <extensions>
     <gpxdata:hr>134</gpxdata:hr>
     <gpxdata:distance>7576.50</gpxdata:distance>
     <gpxdata:speed>8.867</gpxdata:speed>
    </extensions>
   </trkpt>
   <trkpt lat="51.0344763" lon="13.8330297">
    <ele>103</ele>
    <time>2026-05-05T13:34:44Z</time>
    <extensions>
     <gpxdata:hr>134</gpxdata:hr>
     <gpxdata:distance>7585.00</gpxdata:distance>
     <gpxdata:speed>8.633</gpxdata:speed>
    </extensions>
   </trkpt>
   <trkpt lat="51.0344316" lon="13.8331227">
    <ele>103</ele>
    <time>2026-05-05T13:34:45Z</time>
    <extensions>
     <gpxdata:hr>132</gpxdata:hr>
     <gpxdata:distance>7593.00</gpxdata:distance>
     <gpxdata:speed>8.439</gpxdata:speed>
    </extensions>
   </trkpt>
   <trkpt lat="51.0343863" lon="13.8332126">
    <ele>103</ele>
    <time>2026-05-05T13:34:46Z</time>
    <extensions>
     <gpxdata:hr>132</gpxdata:hr>
     <gpxdata:distance>7601.00</gpxdata:distance>
     <gpxdata:speed>8.286</gpxdata:speed>
    </extensions>
   </trkpt>
   <trkpt lat="51.0343418" lon="13.8332974">
    <ele>104</ele>
    <time>2026-05-05T13:34:47Z</time>
    <extensions>
     <gpxdata:hr>132</gpxdata:hr>
     <gpxdata:distance>7609.00</gpxdata:distance>
     <gpxdata:speed>8.139</gpxdata:speed>
    </extensions>
   </trkpt>
   <trkpt lat="51.0343009" lon="13.8333713">
    <ele>104</ele>
    <time>2026-05-05T13:34:48Z</time>
    <extensions>
     <gpxdata:hr>131</gpxdata:hr>
     <gpxdata:distance>7617.00</gpxdata:distance>
     <gpxdata:speed>7.803</gpxdata:speed>
    </extensions>
   </trkpt>
   <trkpt lat="51.0342668" lon="13.8334306">
    <ele>104</ele>
    <time>2026-05-05T13:34:49Z</time>
    <extensions>
     <gpxdata:hr>130</gpxdata:hr>
     <gpxdata:distance>7622.00</gpxdata:distance>
     <gpxdata:speed>7.011</gpxdata:speed>
    </extensions>
   </trkpt>
   <trkpt lat="51.0342473" lon="13.8334648">
    <ele>104</ele>
    <time>2026-05-05T13:34:50Z</time>
    <extensions>
     <gpxdata:hr>129</gpxdata:hr>
     <gpxdata:distance>7627.00</gpxdata:distance>
     <gpxdata:speed>5.786</gpxdata:speed>
    </extensions>
   </trkpt>
   <trkpt lat="51.0342262" lon="13.8335001">
    <ele>104</ele>
    <time>2026-05-05T13:34:51Z</time>
    <extensions>
     <gpxdata:hr>127</gpxdata:hr>
     <gpxdata:distance>7630.50</gpxdata:distance>
     <gpxdata:speed>5.483</gpxdata:speed>
    </extensions>
   </trkpt>
   <trkpt lat="51.0342068" lon="13.8335296">
    <ele>104</ele>
    <time>2026-05-05T13:34:52Z</time>
    <extensions>
     <gpxdata:hr>126</gpxdata:hr>
     <gpxdata:distance>7634.00</gpxdata:distance>
     <gpxdata:speed>3.914</gpxdata:speed>
    </extensions>
   </trkpt>
   <trkpt lat="51.0341886" lon="13.8335577">
    <ele>104</ele>
    <time>2026-05-05T13:34:53Z</time>
    <extensions>
     <gpxdata:hr>126</gpxdata:hr>
     <gpxdata:distance>7637.00</gpxdata:distance>
     <gpxdata:speed>3.264</gpxdata:speed>
    </extensions>
   </trkpt>
   <trkpt lat="51.0341683" lon="13.8335908">
    <ele>103</ele>
    <time>2026-05-05T13:34:54Z</time>
    <extensions>
     <gpxdata:hr>125</gpxdata:hr>
     <gpxdata:distance>7640.00</gpxdata:distance>
     <gpxdata:speed>3.264</gpxdata:speed>
    </extensions>
   </trkpt>
   <trkpt lat="51.0341438" lon="13.8336316">
    <ele>103</ele>
    <time>2026-05-05T13:34:55Z</time>
    <extensions>
     <gpxdata:hr>124</gpxdata:hr>
     <gpxdata:distance>7644.50</gpxdata:distance>
     <gpxdata:speed>3.592</gpxdata:speed>
    </extensions>
   </trkpt>
   <trkpt lat="51.0341144" lon="13.8336807">
    <ele>103</ele>
    <time>2026-05-05T13:34:56Z</time>
    <extensions>
     <gpxdata:hr>123</gpxdata:hr>
     <gpxdata:distance>7649.00</gpxdata:distance>
     <gpxdata:speed>4.239</gpxdata:speed>
    </extensions>
   </trkpt>
   <trkpt lat="51.0340811" lon="13.8337374">
    <ele>103</ele>
    <time>2026-05-05T13:34:57Z</time>
    <extensions>
     <gpxdata:hr>122</gpxdata:hr>
     <gpxdata:distance>7654.50</gpxdata:distance>
     <gpxdata:speed>4.914</gpxdata:speed>
    </extensions>
   </trkpt>
   <trkpt lat="51.0340445" lon="13.8337999">
    <ele>103</ele>
    <time>2026-05-05T13:34:58Z</time>
    <extensions>
     <gpxdata:hr>122</gpxdata:hr>
     <gpxdata:distance>7660.00</gpxdata:distance>
     <gpxdata:speed>5.469</gpxdata:speed>
    </extensions>
   </trkpt>
   <trkpt lat="51.0340053" lon="13.8338658">
    <ele>103</ele>
    <time>2026-05-05T13:34:59Z</time>
    <extensions>
     <gpxdata:hr>122</gpxdata:hr>
     <gpxdata:distance>7666.50</gpxdata:distance>
     <gpxdata:speed>5.931</gpxdata:speed>
    </extensions>
   </trkpt>
   <trkpt lat="51.0339504" lon="13.8339561">
    <ele>103</ele>
    <time>2026-05-05T13:35:00Z</time>
    <extensions>
     <gpxdata:hr>123</gpxdata:hr>
     <gpxdata:distance>7673.00</gpxdata:distance>
     <gpxdata:speed>6.256</gpxdata:speed>
    </extensions>
   </trkpt>
   <trkpt lat="51.0339064" lon="13.8340278">
    <ele>103</ele>
    <time>2026-05-05T13:35:01Z</time>
    <extensions>
     <gpxdata:hr>123</gpxdata:hr>
     <gpxdata:distance>7680.00</gpxdata:distance>
     <gpxdata:speed>6.256</gpxdata:speed>
    </extensions>
   </trkpt>
   <trkpt lat="51.0338638" lon="13.8340975">
    <ele>103</ele>
    <time>2026-05-05T13:35:02Z</time>
    <extensions>
     <gpxdata:hr>124</gpxdata:hr>
     <gpxdata:distance>7687.00</gpxdata:distance>
     <gpxdata:speed>6.611</gpxdata:speed>
    </extensions>
   </trkpt>
   <trkpt lat="51.0338218" lon="13.8341670">
    <ele>103</ele>
    <time>2026-05-05T13:35:03Z</time>
    <extensions>
     <gpxdata:hr>124</gpxdata:hr>
     <gpxdata:distance>7693.50</gpxdata:distance>
     <gpxdata:speed>6.683</gpxdata:speed>
    </extensions>
   </trkpt>
   <trkpt lat="51.0337807" lon="13.8342358">
    <ele>103</ele>
    <time>2026-05-05T13:35:04Z</time>
    <extensions>
     <gpxdata:hr>124</gpxdata:hr>
     <gpxdata:distance>7700.00</gpxdata:distance>
     <gpxdata:speed>6.706</gpxdata:speed>
    </extensions>
   </trkpt>
   <trkpt lat="51.0337407" lon="13.8343031">
    <ele>103</ele>
    <time>2026-05-05T13:35:05Z</time>
    <extensions>
     <gpxdata:hr>125</gpxdata:hr>
     <gpxdata:distance>7706.50</gpxdata:distance>
     <gpxdata:speed>6.628</gpxdata:speed>
    </extensions>
   </trkpt>
   <trkpt lat="51.0337019" lon="13.8343682">
    <ele>103</ele>
    <time>2026-05-05T13:35:06Z</time>
    <extensions>
     <gpxdata:hr>124</gpxdata:hr>
     <gpxdata:distance>7713.00</gpxdata:distance>
     <gpxdata:speed>6.494</gpxdata:speed>
    </extensions>
   </trkpt>
   <trkpt lat="51.0336655" lon="13.8344303">
    <ele>103</ele>
    <time>2026-05-05T13:35:07Z</time>
    <extensions>
     <gpxdata:hr>123</gpxdata:hr>
     <gpxdata:distance>7719.00</gpxdata:distance>
     <gpxdata:speed>6.397</gpxdata:speed>
    </extensions>
   </trkpt>
   <trkpt lat="51.0336312" lon="13.8344905">
    <ele>103</ele>
    <time>2026-05-05T13:35:08Z</time>
    <extensions>
     <gpxdata:hr>123</gpxdata:hr>
     <gpxdata:distance>7725.00</gpxdata:distance>
     <gpxdata:speed>6.206</gpxdata:speed>
    </extensions>
   </trkpt>
   <trkpt lat="51.0335975" lon="13.8345526">
    <ele>103</ele>
    <time>2026-05-05T13:35:09Z</time>
    <extensions>
     <gpxdata:hr>122</gpxdata:hr>
     <gpxdata:distance>7730.50</gpxdata:distance>
     <gpxdata:speed>6.008</gpxdata:speed>
    </extensions>
   </trkpt>
   <trkpt lat="51.0335723" lon="13.8345991">
    <ele>103</ele>
    <time>2026-05-05T13:35:10Z</time>
    <extensions>
     <gpxdata:hr>121</gpxdata:hr>
     <gpxdata:distance>7736.00</gpxdata:distance>
     <gpxdata:speed>5.933</gpxdata:speed>
    </extensions>
   </trkpt>
   <trkpt lat="51.0335383" lon="13.8346576">
    <ele>103</ele>
    <time>2026-05-05T13:35:11Z</time>
    <extensions>
     <gpxdata:hr>121</gpxdata:hr>
     <gpxdata:distance>7742.50</gpxdata:distance>
     <gpxdata:speed>5.956</gpxdata:speed>
    </extensions>
   </trkpt>
   <trkpt lat="51.0335000" lon="13.8347184">
    <ele>103</ele>
    <time>2026-05-05T13:35:12Z</time>
    <extensions>
     <gpxdata:hr>120</gpxdata:hr>
     <gpxdata:distance>7749.00</gpxdata:distance>
     <gpxdata:speed>5.994</gpxdata:speed>
    </extensions>
   </trkpt>
   <trkpt lat="51.0334457" lon="13.8348011">
    <ele>103</ele>
    <time>2026-05-05T13:35:13Z</time>
    <extensions>
     <gpxdata:hr>119</gpxdata:hr>
     <gpxdata:distance>7755.00</gpxdata:distance>
     <gpxdata:speed>6.053</gpxdata:speed>
    </extensions>
   </trkpt>
   <trkpt lat="51.0334009" lon="13.8348680">
    <ele>103</ele>
    <time>2026-05-05T13:35:14Z</time>
    <extensions>
     <gpxdata:hr>119</gpxdata:hr>
     <gpxdata:distance>7761.00</gpxdata:distance>
     <gpxdata:speed>6.161</gpxdata:speed>
    </extensions>
   </trkpt>
   <trkpt lat="51.0333558" lon="13.8349346">
    <ele>104</ele>
    <time>2026-05-05T13:35:15Z</time>
    <extensions>
     <gpxdata:hr>118</gpxdata:hr>
     <gpxdata:distance>7768.00</gpxdata:distance>
     <gpxdata:speed>6.317</gpxdata:speed>
    </extensions>
   </trkpt>
   <trkpt lat="51.0333101" lon="13.8350037">
    <ele>104</ele>
    <time>2026-05-05T13:35:16Z</time>
    <extensions>
     <gpxdata:hr>119</gpxdata:hr>
     <gpxdata:distance>7775.00</gpxdata:distance>
     <gpxdata:speed>6.497</gpxdata:speed>
    </extensions>
   </trkpt>
   <trkpt lat="51.0332644" lon="13.8350752">
    <ele>104</ele>
    <time>2026-05-05T13:35:17Z</time>
    <extensions>
     <gpxdata:hr>120</gpxdata:hr>
     <gpxdata:distance>7782.50</gpxdata:distance>
     <gpxdata:speed>6.894</gpxdata:speed>
    </extensions>
   </trkpt>
   <trkpt lat="51.0332185" lon="13.8351483">
    <ele>104</ele>
    <time>2026-05-05T13:35:18Z</time>
    <extensions>
     <gpxdata:hr>120</gpxdata:hr>
     <gpxdata:distance>7790.00</gpxdata:distance>
     <gpxdata:speed>7.039</gpxdata:speed>
    </extensions>
   </trkpt>
   <trkpt lat="51.0331713" lon="13.8352232">
    <ele>104</ele>
    <time>2026-05-05T13:35:19Z</time>
    <extensions>
     <gpxdata:hr>118</gpxdata:hr>
     <gpxdata:distance>7797.00</gpxdata:distance>
     <gpxdata:speed>7.167</gpxdata:speed>
    </extensions>
   </trkpt>
   <trkpt lat="51.0331234" lon="13.8352998">
    <ele>104</ele>
    <time>2026-05-05T13:35:20Z</time>
    <extensions>
     <gpxdata:hr>118</gpxdata:hr>
     <gpxdata:distance>7804.00</gpxdata:distance>
     <gpxdata:speed>7.358</gpxdata:speed>
    </extensions>
   </trkpt>
   <trkpt lat="51.0330746" lon="13.8353779">
    <ele>104</ele>
    <time>2026-05-05T13:35:21Z</time>
    <extensions>
     <gpxdata:hr>119</gpxdata:hr>
     <gpxdata:distance>7812.00</gpxdata:distance>
     <gpxdata:speed>7.506</gpxdata:speed>
    </extensions>
   </trkpt>
   <trkpt lat="51.0330242" lon="13.8354556">
    <ele>104</ele>
    <time>2026-05-05T13:35:22Z</time>
    <extensions>
     <gpxdata:hr>120</gpxdata:hr>
     <gpxdata:distance>7820.00</gpxdata:distance>
     <gpxdata:speed>7.644</gpxdata:speed>
    </extensions>
   </trkpt>
   <trkpt lat="51.0329725" lon="13.8355318">
    <ele>104</ele>
    <time>2026-05-05T13:35:23Z</time>
    <extensions>
     <gpxdata:hr>121</gpxdata:hr>
     <gpxdata:distance>7827.50</gpxdata:distance>
     <gpxdata:speed>7.756</gpxdata:speed>
    </extensions>
   </trkpt>
   <trkpt lat="51.0329200" lon="13.8356065">
    <ele>104</ele>
    <time>2026-05-05T13:35:24Z</time>
    <extensions>
     <gpxdata:hr>121</gpxdata:hr>
     <gpxdata:distance>7835.00</gpxdata:distance>
     <gpxdata:speed>7.797</gpxdata:speed>
    </extensions>
   </trkpt>
   <trkpt lat="51.0328672" lon="13.8356798">
    <ele>104</ele>
    <time>2026-05-05T13:35:25Z</time>
    <extensions>
     <gpxdata:hr>122</gpxdata:hr>
     <gpxdata:distance>7843.00</gpxdata:distance>
     <gpxdata:speed>7.819</gpxdata:speed>
    </extensions>
   </trkpt>
   <trkpt lat="51.0328140" lon="13.8357522">
    <ele>104</ele>
    <time>2026-05-05T13:35:26Z</time>
    <extensions>
     <gpxdata:hr>122</gpxdata:hr>
     <gpxdata:distance>7851.00</gpxdata:distance>
     <gpxdata:speed>7.817</gpxdata:speed>
    </extensions>
   </trkpt>
   <trkpt lat="51.0327600" lon="13.8358232">
    <ele>104</ele>
    <time>2026-05-05T13:35:27Z</time>
    <extensions>
     <gpxdata:hr>122</gpxdata:hr>
     <gpxdata:distance>7859.00</gpxdata:distance>
     <gpxdata:speed>7.817</gpxdata:speed>
    </extensions>
   </trkpt>
   <trkpt lat="51.0327052" lon="13.8358923">
    <ele>104</ele>
    <time>2026-05-05T13:35:28Z</time>
    <extensions>
     <gpxdata:hr>122</gpxdata:hr>
     <gpxdata:distance>7867.00</gpxdata:distance>
     <gpxdata:speed>7.819</gpxdata:speed>
    </extensions>
   </trkpt>
   <trkpt lat="51.0326501" lon="13.8359595">
    <ele>104</ele>
    <time>2026-05-05T13:35:29Z</time>
    <extensions>
     <gpxdata:hr>122</gpxdata:hr>
     <gpxdata:distance>7874.50</gpxdata:distance>
     <gpxdata:speed>7.811</gpxdata:speed>
    </extensions>
   </trkpt>
   <trkpt lat="51.0325955" lon="13.8360245">
    <ele>104</ele>
    <time>2026-05-05T13:35:30Z</time>
    <extensions>
     <gpxdata:hr>121</gpxdata:hr>
     <gpxdata:distance>7882.00</gpxdata:distance>
     <gpxdata:speed>7.781</gpxdata:speed>
    </extensions>
   </trkpt>
   <trkpt lat="51.0325416" lon="13.8360867">
    <ele>104</ele>
    <time>2026-05-05T13:35:31Z</time>
    <extensions>
     <gpxdata:hr>121</gpxdata:hr>
     <gpxdata:distance>7889.50</gpxdata:distance>
     <gpxdata:speed>7.708</gpxdata:speed>
    </extensions>
   </trkpt>
   <trkpt lat="51.0324888" lon="13.8361466">
    <ele>104</ele>
    <time>2026-05-05T13:35:32Z</time>
    <extensions>
     <gpxdata:hr>121</gpxdata:hr>
     <gpxdata:distance>7897.00</gpxdata:distance>
     <gpxdata:speed>7.592</gpxdata:speed>
    </extensions>
   </trkpt>
   <trkpt lat="51.0324380" lon="13.8362045">
    <ele>104</ele>
    <time>2026-05-05T13:35:33Z</time>
    <extensions>
     <gpxdata:hr>120</gpxdata:hr>
     <gpxdata:distance>7904.00</gpxdata:distance>
     <gpxdata:speed>7.458</gpxdata:speed>
    </extensions>
   </trkpt>
   <trkpt lat="51.0323878" lon="13.8362598">
    <ele>104</ele>
    <time>2026-05-05T13:35:34Z</time>
    <extensions>
     <gpxdata:hr>119</gpxdata:hr>
     <gpxdata:distance>7911.00</gpxdata:distance>
     <gpxdata:speed>7.056</gpxdata:speed>
    </extensions>
   </trkpt>
   <trkpt lat="51.0323378" lon="13.8363118">
    <ele>104</ele>
    <time>2026-05-05T13:35:35Z</time>
    <extensions>
     <gpxdata:hr>118</gpxdata:hr>
     <gpxdata:distance>7917.50</gpxdata:distance>
     <gpxdata:speed>6.944</gpxdata:speed>
    </extensions>
   </trkpt>
   <trkpt lat="51.0322919" lon="13.8363601">
    <ele>104</ele>
    <time>2026-05-05T13:35:36Z</time>
    <extensions>
     <gpxdata:hr>117</gpxdata:hr>
     <gpxdata:distance>7924.00</gpxdata:distance>
     <gpxdata:speed>6.733</gpxdata:speed>
    </extensions>
   </trkpt>
   <trkpt lat="51.0322556" lon="13.8364031">
    <ele>104</ele>
    <time>2026-05-05T13:35:37Z</time>
    <extensions>
     <gpxdata:hr>117</gpxdata:hr>
     <gpxdata:distance>7929.00</gpxdata:distance>
     <gpxdata:speed>6.197</gpxdata:speed>
    </extensions>
   </trkpt>
   <trkpt lat="51.0322380" lon="13.8364287">
    <ele>104</ele>
    <time>2026-05-05T13:35:38Z</time>
    <extensions>
     <gpxdata:hr>116</gpxdata:hr>
     <gpxdata:distance>7934.00</gpxdata:distance>
     <gpxdata:speed>5.142</gpxdata:speed>
    </extensions>
   </trkpt>
   <trkpt lat="51.0322232" lon="13.8364533">
    <ele>103</ele>
    <time>2026-05-05T13:35:39Z</time>
    <extensions>
     <gpxdata:hr>116</gpxdata:hr>
     <gpxdata:distance>7936.00</gpxdata:distance>
     <gpxdata:speed>4.892</gpxdata:speed>
    </extensions>
   </trkpt>
   <trkpt lat="51.0321303" lon="13.8364966">
    <ele>103</ele>
    <time>2026-05-05T13:43:36Z</time>
    <extensions>
     <gpxdata:hr>98</gpxdata:hr>
     <gpxdata:distance>7956.00</gpxdata:distance>
     <gpxdata:speed>2.556</gpxdata:speed>
    </extensions>
   </trkpt>
   <trkpt lat="51.0320810" lon="13.8365370">
    <ele>103</ele>
    <time>2026-05-05T13:43:37Z</time>
    <extensions>
     <gpxdata:hr>98</gpxdata:hr>
     <gpxdata:distance>7956.00</gpxdata:distance>
     <gpxdata:speed>3.394</gpxdata:speed>
    </extensions>
   </trkpt>
   <trkpt lat="51.0320574" lon="13.8365566">
    <ele>103</ele>
    <time>2026-05-05T13:43:38Z</time>
    <extensions>
     <gpxdata:hr>99</gpxdata:hr>
     <gpxdata:distance>7961.00</gpxdata:distance>
     <gpxdata:speed>2.700</gpxdata:speed>
    </extensions>
   </trkpt>
   <trkpt lat="51.0319993" lon="13.8366049">
    <ele>103</ele>
    <time>2026-05-05T13:43:39Z</time>
    <extensions>
     <gpxdata:hr>100</gpxdata:hr>
     <gpxdata:distance>7966.00</gpxdata:distance>
     <gpxdata:speed>3.239</gpxdata:speed>
    </extensions>
   </trkpt>
   <trkpt lat="51.0319456" lon="13.8366503">
    <ele>103</ele>
    <time>2026-05-05T13:43:40Z</time>
    <extensions>
     <gpxdata:hr>101</gpxdata:hr>
     <gpxdata:distance>7973.00</gpxdata:distance>
     <gpxdata:speed>3.931</gpxdata:speed>
    </extensions>
   </trkpt>
   <trkpt lat="51.0318885" lon="13.8367006">
    <ele>103</ele>
    <time>2026-05-05T13:43:41Z</time>
    <extensions>
     <gpxdata:hr>101</gpxdata:hr>
     <gpxdata:distance>7980.00</gpxdata:distance>
     <gpxdata:speed>4.747</gpxdata:speed>
    </extensions>
   </trkpt>
   <trkpt lat="51.0318290" lon="13.8367546">
    <ele>103</ele>
    <time>2026-05-05T13:43:42Z</time>
    <extensions>
     <gpxdata:hr>101</gpxdata:hr>
     <gpxdata:distance>7988.00</gpxdata:distance>
     <gpxdata:speed>5.458</gpxdata:speed>
    </extensions>
   </trkpt>
   <trkpt lat="51.0317690" lon="13.8368101">
    <ele>103</ele>
    <time>2026-05-05T13:43:43Z</time>
    <extensions>
     <gpxdata:hr>102</gpxdata:hr>
     <gpxdata:distance>7996.00</gpxdata:distance>
     <gpxdata:speed>5.975</gpxdata:speed>
    </extensions>
   </trkpt>
   <trkpt lat="51.0316876" lon="13.8368858">
    <ele>103</ele>
    <time>2026-05-05T13:43:44Z</time>
    <extensions>
     <gpxdata:hr>103</gpxdata:hr>
     <gpxdata:distance>8003.50</gpxdata:distance>
     <gpxdata:speed>7.547</gpxdata:speed>
    </extensions>
   </trkpt>
   <trkpt lat="51.0316216" lon="13.8369474">
    <ele>103</ele>
    <time>2026-05-05T13:43:45Z</time>
    <extensions>
     <gpxdata:hr>110</gpxdata:hr>
     <gpxdata:distance>8011.00</gpxdata:distance>
     <gpxdata:speed>7.811</gpxdata:speed>
    </extensions>
   </trkpt>
   <trkpt lat="51.0315566" lon="13.8370083">
    <ele>103</ele>
    <time>2026-05-05T13:43:46Z</time>
    <extensions>
     <gpxdata:hr>119</gpxdata:hr>
     <gpxdata:distance>8019.50</gpxdata:distance>
     <gpxdata:speed>8.136</gpxdata:speed>
    </extensions>
   </trkpt>
   <trkpt lat="51.0314920" lon="13.8370704">
    <ele>103</ele>
    <time>2026-05-05T13:43:47Z</time>
    <extensions>
     <gpxdata:hr>125</gpxdata:hr>
     <gpxdata:distance>8028.00</gpxdata:distance>
     <gpxdata:speed>8.275</gpxdata:speed>
    </extensions>
   </trkpt>
   <trkpt lat="51.0314269" lon="13.8371315">
    <ele>103</ele>
    <time>2026-05-05T13:43:48Z</time>
    <extensions>
     <gpxdata:hr>126</gpxdata:hr>
     <gpxdata:distance>8036.50</gpxdata:distance>
     <gpxdata:speed>8.322</gpxdata:speed>
    </extensions>
   </trkpt>
   <trkpt lat="51.0313589" lon="13.8371854">
    <ele>103</ele>
    <time>2026-05-05T13:43:49Z</time>
    <extensions>
     <gpxdata:hr>127</gpxdata:hr>
     <gpxdata:distance>8045.00</gpxdata:distance>
     <gpxdata:speed>8.367</gpxdata:speed>
    </extensions>
   </trkpt>
   <trkpt lat="51.0312874" lon="13.8372252">
    <ele>103</ele>
    <time>2026-05-05T13:43:50Z</time>
    <extensions>
     <gpxdata:hr>127</gpxdata:hr>
     <gpxdata:distance>8053.50</gpxdata:distance>
     <gpxdata:speed>8.456</gpxdata:speed>
    </extensions>
   </trkpt>
   <trkpt lat="51.0312137" lon="13.8372533">
    <ele>103</ele>
    <time>2026-05-05T13:43:51Z</time>
    <extensions>
     <gpxdata:hr>127</gpxdata:hr>
     <gpxdata:distance>8062.00</gpxdata:distance>
     <gpxdata:speed>8.500</gpxdata:speed>
    </extensions>
   </trkpt>
   <trkpt lat="51.0311392" lon="13.8372764">
    <ele>103</ele>
    <time>2026-05-05T13:43:52Z</time>
    <extensions>
     <gpxdata:hr>126</gpxdata:hr>
     <gpxdata:distance>8070.50</gpxdata:distance>
     <gpxdata:speed>8.486</gpxdata:speed>
    </extensions>
   </trkpt>
   <trkpt lat="51.0310651" lon="13.8372988">
    <ele>103</ele>
    <time>2026-05-05T13:43:53Z</time>
    <extensions>
     <gpxdata:hr>126</gpxdata:hr>
     <gpxdata:distance>8079.00</gpxdata:distance>
     <gpxdata:speed>8.475</gpxdata:speed>
    </extensions>
   </trkpt>
   <trkpt lat="51.0309918" lon="13.8373228">
    <ele>103</ele>
    <time>2026-05-05T13:43:54Z</time>
    <extensions>
     <gpxdata:hr>125</gpxdata:hr>
     <gpxdata:distance>8087.00</gpxdata:distance>
     <gpxdata:speed>8.450</gpxdata:speed>
    </extensions>
   </trkpt>
   <trkpt lat="51.0309195" lon="13.8373488">
    <ele>103</ele>
    <time>2026-05-05T13:43:55Z</time>
    <extensions>
     <gpxdata:hr>125</gpxdata:hr>
     <gpxdata:distance>8095.00</gpxdata:distance>
     <gpxdata:speed>8.400</gpxdata:speed>
    </extensions>
   </trkpt>
   <trkpt lat="51.0308482" lon="13.8373762">
    <ele>103</ele>
    <time>2026-05-05T13:43:56Z</time>
    <extensions>
     <gpxdata:hr>124</gpxdata:hr>
     <gpxdata:distance>8103.50</gpxdata:distance>
     <gpxdata:speed>8.344</gpxdata:speed>
    </extensions>
   </trkpt>
   <trkpt lat="51.0307774" lon="13.8374041">
    <ele>103</ele>
    <time>2026-05-05T13:43:57Z</time>
    <extensions>
     <gpxdata:hr>124</gpxdata:hr>
     <gpxdata:distance>8112.00</gpxdata:distance>
     <gpxdata:speed>8.275</gpxdata:speed>
    </extensions>
   </trkpt>
   <trkpt lat="51.0307068" lon="13.8374321">
    <ele>103</ele>
    <time>2026-05-05T13:43:58Z</time>
    <extensions>
     <gpxdata:hr>125</gpxdata:hr>
     <gpxdata:distance>8120.00</gpxdata:distance>
     <gpxdata:speed>8.222</gpxdata:speed>
    </extensions>
   </trkpt>
   <trkpt lat="51.0306364" lon="13.8374612">
    <ele>103</ele>
    <time>2026-05-05T13:43:59Z</time>
    <extensions>
     <gpxdata:hr>126</gpxdata:hr>
     <gpxdata:distance>8128.00</gpxdata:distance>
     <gpxdata:speed>8.181</gpxdata:speed>
    </extensions>
   </trkpt>
   <trkpt lat="51.0305661" lon="13.8374924">
    <ele>103</ele>
    <time>2026-05-05T13:44:00Z</time>
    <extensions>
     <gpxdata:hr>127</gpxdata:hr>
     <gpxdata:distance>8136.00</gpxdata:distance>
     <gpxdata:speed>8.153</gpxdata:speed>
    </extensions>
   </trkpt>
   <trkpt lat="51.0304956" lon="13.8375244">
    <ele>103</ele>
    <time>2026-05-05T13:44:01Z</time>
    <extensions>
     <gpxdata:hr>126</gpxdata:hr>
     <gpxdata:distance>8144.00</gpxdata:distance>
     <gpxdata:speed>8.142</gpxdata:speed>
    </extensions>
   </trkpt>
   <trkpt lat="51.0304245" lon="13.8375566">
    <ele>103</ele>
    <time>2026-05-05T13:44:02Z</time>
    <extensions>
     <gpxdata:hr>125</gpxdata:hr>
     <gpxdata:distance>8152.50</gpxdata:distance>
     <gpxdata:speed>8.147</gpxdata:speed>
    </extensions>
   </trkpt>
   <trkpt lat="51.0303528" lon="13.8375885">
    <ele>103</ele>
    <time>2026-05-05T13:44:03Z</time>
    <extensions>
     <gpxdata:hr>124</gpxdata:hr>
     <gpxdata:distance>8161.00</gpxdata:distance>
     <gpxdata:speed>8.178</gpxdata:speed>
    </extensions>
   </trkpt>
   <trkpt lat="51.0302806" lon="13.8376204">
    <ele>103</ele>
    <time>2026-05-05T13:44:04Z</time>
    <extensions>
     <gpxdata:hr>124</gpxdata:hr>
     <gpxdata:distance>8169.00</gpxdata:distance>
     <gpxdata:speed>8.219</gpxdata:speed>
    </extensions>
   </trkpt>
   <trkpt lat="51.0302077" lon="13.8376526">
    <ele>103</ele>
    <time>2026-05-05T13:44:05Z</time>
    <extensions>
     <gpxdata:hr>123</gpxdata:hr>
     <gpxdata:distance>8177.00</gpxdata:distance>
     <gpxdata:speed>8.258</gpxdata:speed>
    </extensions>
   </trkpt>
   <trkpt lat="51.0301342" lon="13.8376855">
    <ele>103</ele>
    <time>2026-05-05T13:44:06Z</time>
    <extensions>
     <gpxdata:hr>123</gpxdata:hr>
     <gpxdata:distance>8185.50</gpxdata:distance>
     <gpxdata:speed>8.319</gpxdata:speed>
    </extensions>
   </trkpt>
   <trkpt lat="51.0300600" lon="13.8377194">
    <ele>103</ele>
    <time>2026-05-05T13:44:07Z</time>
    <extensions>
     <gpxdata:hr>123</gpxdata:hr>
     <gpxdata:distance>8194.00</gpxdata:distance>
     <gpxdata:speed>8.386</gpxdata:speed>
    </extensions>
   </trkpt>
   <trkpt lat="51.0299848" lon="13.8377536">
    <ele>104</ele>
    <time>2026-05-05T13:44:08Z</time>
    <extensions>
     <gpxdata:hr>123</gpxdata:hr>
     <gpxdata:distance>8203.00</gpxdata:distance>
     <gpxdata:speed>8.461</gpxdata:speed>
    </extensions>
   </trkpt>
   <trkpt lat="51.0299085" lon="13.8377887">
    <ele>104</ele>
    <time>2026-05-05T13:44:09Z</time>
    <extensions>
     <gpxdata:hr>123</gpxdata:hr>
     <gpxdata:distance>8212.00</gpxdata:distance>
     <gpxdata:speed>8.556</gpxdata:speed>
    </extensions>
   </trkpt>
   <trkpt lat="51.0298314" lon="13.8378252">
    <ele>104</ele>
    <time>2026-05-05T13:44:10Z</time>
    <extensions>
     <gpxdata:hr>122</gpxdata:hr>
     <gpxdata:distance>8221.00</gpxdata:distance>
     <gpxdata:speed>8.725</gpxdata:speed>
    </extensions>
   </trkpt>
   <trkpt lat="51.0297536" lon="13.8378633">
    <ele>104</ele>
    <time>2026-05-05T13:44:11Z</time>
    <extensions>
     <gpxdata:hr>123</gpxdata:hr>
     <gpxdata:distance>8230.00</gpxdata:distance>
     <gpxdata:speed>8.883</gpxdata:speed>
    </extensions>
   </trkpt>
   <trkpt lat="51.0296755" lon="13.8379009">
    <ele>105</ele>
    <time>2026-05-05T13:44:12Z</time>
    <extensions>
     <gpxdata:hr>124</gpxdata:hr>
     <gpxdata:distance>8239.00</gpxdata:distance>
     <gpxdata:speed>8.992</gpxdata:speed>
    </extensions>
   </trkpt>
   <trkpt lat="51.0295968" lon="13.8379371">
    <ele>105</ele>
    <time>2026-05-05T13:44:13Z</time>
    <extensions>
     <gpxdata:hr>124</gpxdata:hr>
     <gpxdata:distance>8248.00</gpxdata:distance>
     <gpxdata:speed>9.028</gpxdata:speed>
    </extensions>
   </trkpt>
   <trkpt lat="51.0295183" lon="13.8379719">
    <ele>105</ele>
    <time>2026-05-05T13:44:14Z</time>
    <extensions>
     <gpxdata:hr>124</gpxdata:hr>
     <gpxdata:distance>8257.00</gpxdata:distance>
     <gpxdata:speed>9.083</gpxdata:speed>
    </extensions>
   </trkpt>
   <trkpt lat="51.0294403" lon="13.8380080">
    <ele>105</ele>
    <time>2026-05-05T13:44:15Z</time>
    <extensions>
     <gpxdata:hr>125</gpxdata:hr>
     <gpxdata:distance>8266.00</gpxdata:distance>
     <gpxdata:speed>9.061</gpxdata:speed>
    </extensions>
   </trkpt>
   <trkpt lat="51.0293624" lon="13.8380443">
    <ele>105</ele>
    <time>2026-05-05T13:44:16Z</time>
    <extensions>
     <gpxdata:hr>125</gpxdata:hr>
     <gpxdata:distance>8275.00</gpxdata:distance>
     <gpxdata:speed>9.044</gpxdata:speed>
    </extensions>
   </trkpt>
   <trkpt lat="51.0292837" lon="13.8380807">
    <ele>105</ele>
    <time>2026-05-05T13:44:17Z</time>
    <extensions>
     <gpxdata:hr>126</gpxdata:hr>
     <gpxdata:distance>8284.00</gpxdata:distance>
     <gpxdata:speed>9.047</gpxdata:speed>
    </extensions>
   </trkpt>
   <trkpt lat="51.0292040" lon="13.8381183">
    <ele>104</ele>
    <time>2026-05-05T13:44:18Z</time>
    <extensions>
     <gpxdata:hr>127</gpxdata:hr>
     <gpxdata:distance>8293.50</gpxdata:distance>
     <gpxdata:speed>9.097</gpxdata:speed>
    </extensions>
   </trkpt>
   <trkpt lat="51.0291233" lon="13.8381573">
    <ele>104</ele>
    <time>2026-05-05T13:44:19Z</time>
    <extensions>
     <gpxdata:hr>128</gpxdata:hr>
     <gpxdata:distance>8303.00</gpxdata:distance>
     <gpxdata:speed>9.175</gpxdata:speed>
    </extensions>
   </trkpt>
   <trkpt lat="51.0290413" lon="13.8381975">
    <ele>104</ele>
    <time>2026-05-05T13:44:20Z</time>
    <extensions>
     <gpxdata:hr>129</gpxdata:hr>
     <gpxdata:distance>8312.50</gpxdata:distance>
     <gpxdata:speed>9.261</gpxdata:speed>
    </extensions>
   </trkpt>
   <trkpt lat="51.0289585" lon="13.8382377">
    <ele>104</ele>
    <time>2026-05-05T13:44:21Z</time>
    <extensions>
     <gpxdata:hr>129</gpxdata:hr>
     <gpxdata:distance>8322.00</gpxdata:distance>
     <gpxdata:speed>9.397</gpxdata:speed>
    </extensions>
   </trkpt>
   <trkpt lat="51.0288757" lon="13.8382776">
    <ele>104</ele>
    <time>2026-05-05T13:44:22Z</time>
    <extensions>
     <gpxdata:hr>129</gpxdata:hr>
     <gpxdata:distance>8331.50</gpxdata:distance>
     <gpxdata:speed>9.519</gpxdata:speed>
    </extensions>
   </trkpt>
   <trkpt lat="51.0287936" lon="13.8383183">
    <ele>104</ele>
    <time>2026-05-05T13:44:23Z</time>
    <extensions>
     <gpxdata:hr>129</gpxdata:hr>
     <gpxdata:distance>8341.00</gpxdata:distance>
     <gpxdata:speed>9.572</gpxdata:speed>
    </extensions>
   </trkpt>
   <trkpt lat="51.0287130" lon="13.8383585">
    <ele>104</ele>
    <time>2026-05-05T13:44:24Z</time>
    <extensions>
     <gpxdata:hr>130</gpxdata:hr>
     <gpxdata:distance>8350.50</gpxdata:distance>
     <gpxdata:speed>9.556</gpxdata:speed>
    </extensions>
   </trkpt>
   <trkpt lat="51.0286338" lon="13.8383954">
    <ele>105</ele>
    <time>2026-05-05T13:44:25Z</time>
    <extensions>
     <gpxdata:hr>130</gpxdata:hr>
     <gpxdata:distance>8360.00</gpxdata:distance>
     <gpxdata:speed>9.486</gpxdata:speed>
    </extensions>
   </trkpt>
   <trkpt lat="51.0285547" lon="13.8384320">
    <ele>105</ele>
    <time>2026-05-05T13:44:26Z</time>
    <extensions>
     <gpxdata:hr>131</gpxdata:hr>
     <gpxdata:distance>8369.00</gpxdata:distance>
     <gpxdata:speed>9.369</gpxdata:speed>
    </extensions>
   </trkpt>
   <trkpt lat="51.0284749" lon="13.8384675">
    <ele>105</ele>
    <time>2026-05-05T13:44:27Z</time>
    <extensions>
     <gpxdata:hr>131</gpxdata:hr>
     <gpxdata:distance>8378.00</gpxdata:distance>
     <gpxdata:speed>9.317</gpxdata:speed>
    </extensions>
   </trkpt>
   <trkpt lat="51.0283946" lon="13.8385032">
    <ele>105</ele>
    <time>2026-05-05T13:44:28Z</time>
    <extensions>
     <gpxdata:hr>131</gpxdata:hr>
     <gpxdata:distance>8387.50</gpxdata:distance>
     <gpxdata:speed>9.300</gpxdata:speed>
    </extensions>
   </trkpt>
   <trkpt lat="51.0283154" lon="13.8385444">
    <ele>105</ele>
    <time>2026-05-05T13:44:29Z</time>
    <extensions>
     <gpxdata:hr>131</gpxdata:hr>
     <gpxdata:distance>8397.00</gpxdata:distance>
     <gpxdata:speed>9.300</gpxdata:speed>
    </extensions>
   </trkpt>
   <trkpt lat="51.0282390" lon="13.8385962">
    <ele>105</ele>
    <time>2026-05-05T13:44:30Z</time>
    <extensions>
     <gpxdata:hr>131</gpxdata:hr>
     <gpxdata:distance>8406.00</gpxdata:distance>
     <gpxdata:speed>9.289</gpxdata:speed>
    </extensions>
   </trkpt>
   <trkpt lat="51.0281641" lon="13.8386567">
    <ele>105</ele>
    <time>2026-05-05T13:44:31Z</time>
    <extensions>
     <gpxdata:hr>132</gpxdata:hr>
     <gpxdata:distance>8415.00</gpxdata:distance>
     <gpxdata:speed>9.281</gpxdata:speed>
    </extensions>
   </trkpt>
   <trkpt lat="51.0280888" lon="13.8387199">
    <ele>105</ele>
    <time>2026-05-05T13:44:32Z</time>
    <extensions>
     <gpxdata:hr>132</gpxdata:hr>
     <gpxdata:distance>8424.50</gpxdata:distance>
     <gpxdata:speed>9.308</gpxdata:speed>
    </extensions>
   </trkpt>
   <trkpt lat="51.0280108" lon="13.8387804">
    <ele>105</ele>
    <time>2026-05-05T13:44:33Z</time>
    <extensions>
     <gpxdata:hr>132</gpxdata:hr>
     <gpxdata:distance>8434.00</gpxdata:distance>
     <gpxdata:speed>9.372</gpxdata:speed>
    </extensions>
   </trkpt>
   <trkpt lat="51.0279297" lon="13.8388324">
    <ele>105</ele>
    <time>2026-05-05T13:44:34Z</time>
    <extensions>
     <gpxdata:hr>132</gpxdata:hr>
     <gpxdata:distance>8444.00</gpxdata:distance>
     <gpxdata:speed>9.481</gpxdata:speed>
    </extensions>
   </trkpt>
   <trkpt lat="51.0278461" lon="13.8388769">
    <ele>105</ele>
    <time>2026-05-05T13:44:35Z</time>
    <extensions>
     <gpxdata:hr>132</gpxdata:hr>
     <gpxdata:distance>8454.00</gpxdata:distance>
     <gpxdata:speed>9.575</gpxdata:speed>
    </extensions>
   </trkpt>
   <trkpt lat="51.0277617" lon="13.8389171">
    <ele>105</ele>
    <time>2026-05-05T13:44:36Z</time>
    <extensions>
     <gpxdata:hr>132</gpxdata:hr>
     <gpxdata:distance>8464.00</gpxdata:distance>
     <gpxdata:speed>9.667</gpxdata:speed>
    </extensions>
   </trkpt>
   <trkpt lat="51.0276769" lon="13.8389540">
    <ele>105</ele>
    <time>2026-05-05T13:44:37Z</time>
    <extensions>
     <gpxdata:hr>132</gpxdata:hr>
     <gpxdata:distance>8474.00</gpxdata:distance>
     <gpxdata:speed>9.714</gpxdata:speed>
    </extensions>
   </trkpt>
   <trkpt lat="51.0275923" lon="13.8389903">
    <ele>105</ele>
    <time>2026-05-05T13:44:38Z</time>
    <extensions>
     <gpxdata:hr>131</gpxdata:hr>
     <gpxdata:distance>8483.50</gpxdata:distance>
     <gpxdata:speed>9.736</gpxdata:speed>
    </extensions>
   </trkpt>
   <trkpt lat="51.0275086" lon="13.8390280">
    <ele>105</ele>
    <time>2026-05-05T13:44:39Z</time>
    <extensions>
     <gpxdata:hr>131</gpxdata:hr>
     <gpxdata:distance>8493.00</gpxdata:distance>
     <gpxdata:speed>9.742</gpxdata:speed>
    </extensions>
   </trkpt>
   <trkpt lat="51.0274256" lon="13.8390670">
    <ele>105</ele>
    <time>2026-05-05T13:44:40Z</time>
    <extensions>
     <gpxdata:hr>131</gpxdata:hr>
     <gpxdata:distance>8502.50</gpxdata:distance>
     <gpxdata:speed>9.725</gpxdata:speed>
    </extensions>
   </trkpt>
   <trkpt lat="51.0273427" lon="13.8391053">
    <ele>105</ele>
    <time>2026-05-05T13:44:41Z</time>
    <extensions>
     <gpxdata:hr>131</gpxdata:hr>
     <gpxdata:distance>8512.00</gpxdata:distance>
     <gpxdata:speed>9.697</gpxdata:speed>
    </extensions>
   </trkpt>
   <trkpt lat="51.0272602" lon="13.8391405">
    <ele>105</ele>
    <time>2026-05-05T13:44:42Z</time>
    <extensions>
     <gpxdata:hr>131</gpxdata:hr>
     <gpxdata:distance>8521.50</gpxdata:distance>
     <gpxdata:speed>9.669</gpxdata:speed>
    </extensions>
   </trkpt>
   <trkpt lat="51.0271784" lon="13.8391746">
    <ele>105</ele>
    <time>2026-05-05T13:44:43Z</time>
    <extensions>
     <gpxdata:hr>131</gpxdata:hr>
     <gpxdata:distance>8531.00</gpxdata:distance>
     <gpxdata:speed>9.614</gpxdata:speed>
    </extensions>
   </trkpt>
   <trkpt lat="51.0270983" lon="13.8392093">
    <ele>105</ele>
    <time>2026-05-05T13:44:44Z</time>
    <extensions>
     <gpxdata:hr>130</gpxdata:hr>
     <gpxdata:distance>8540.50</gpxdata:distance>
     <gpxdata:speed>9.539</gpxdata:speed>
    </extensions>
   </trkpt>
   <trkpt lat="51.0270201" lon="13.8392428">
    <ele>105</ele>
    <time>2026-05-05T13:44:45Z</time>
    <extensions>
     <gpxdata:hr>129</gpxdata:hr>
     <gpxdata:distance>8550.00</gpxdata:distance>
     <gpxdata:speed>9.422</gpxdata:speed>
    </extensions>
   </trkpt>
   <trkpt lat="51.0269424" lon="13.8392771">
    <ele>105</ele>
    <time>2026-05-05T13:44:46Z</time>
    <extensions>
     <gpxdata:hr>129</gpxdata:hr>
     <gpxdata:distance>8559.00</gpxdata:distance>
     <gpxdata:speed>9.264</gpxdata:speed>
    </extensions>
   </trkpt>
   <trkpt lat="51.0268633" lon="13.8393129">
    <ele>105</ele>
    <time>2026-05-05T13:44:47Z</time>
    <extensions>
     <gpxdata:hr>129</gpxdata:hr>
     <gpxdata:distance>8568.00</gpxdata:distance>
     <gpxdata:speed>9.169</gpxdata:speed>
    </extensions>
   </trkpt>
   <trkpt lat="51.0267821" lon="13.8393495">
    <ele>105</ele>
    <time>2026-05-05T13:44:48Z</time>
    <extensions>
     <gpxdata:hr>128</gpxdata:hr>
     <gpxdata:distance>8577.50</gpxdata:distance>
     <gpxdata:speed>9.181</gpxdata:speed>
    </extensions>
   </trkpt>
   <trkpt lat="51.0266994" lon="13.8393863">
    <ele>105</ele>
    <time>2026-05-05T13:44:49Z</time>
    <extensions>
     <gpxdata:hr>128</gpxdata:hr>
     <gpxdata:distance>8587.00</gpxdata:distance>
     <gpxdata:speed>9.267</gpxdata:speed>
    </extensions>
   </trkpt>
   <trkpt lat="51.0266154" lon="13.8394207">
    <ele>105</ele>
    <time>2026-05-05T13:44:50Z</time>
    <extensions>
     <gpxdata:hr>127</gpxdata:hr>
     <gpxdata:distance>8596.50</gpxdata:distance>
     <gpxdata:speed>9.369</gpxdata:speed>
    </extensions>
   </trkpt>
   <trkpt lat="51.0265302" lon="13.8394528">
    <ele>105</ele>
    <time>2026-05-05T13:44:51Z</time>
    <extensions>
     <gpxdata:hr>127</gpxdata:hr>
     <gpxdata:distance>8606.00</gpxdata:distance>
     <gpxdata:speed>9.458</gpxdata:speed>
    </extensions>
   </trkpt>
   <trkpt lat="51.0264442" lon="13.8394852">
    <ele>105</ele>
    <time>2026-05-05T13:44:52Z</time>
    <extensions>
     <gpxdata:hr>127</gpxdata:hr>
     <gpxdata:distance>8616.00</gpxdata:distance>
     <gpxdata:speed>9.556</gpxdata:speed>
    </extensions>
   </trkpt>
   <trkpt lat="51.0263583" lon="13.8395189">
    <ele>105</ele>
    <time>2026-05-05T13:44:53Z</time>
    <extensions>
     <gpxdata:hr>127</gpxdata:hr>
     <gpxdata:distance>8626.00</gpxdata:distance>
     <gpxdata:speed>9.656</gpxdata:speed>
    </extensions>
   </trkpt>
   <trkpt lat="51.0262736" lon="13.8395534">
    <ele>105</ele>
    <time>2026-05-05T13:44:54Z</time>
    <extensions>
     <gpxdata:hr>127</gpxdata:hr>
     <gpxdata:distance>8635.50</gpxdata:distance>
     <gpxdata:speed>9.714</gpxdata:speed>
    </extensions>
   </trkpt>
   <trkpt lat="51.0261903" lon="13.8395883">
    <ele>105</ele>
    <time>2026-05-05T13:44:55Z</time>
    <extensions>
     <gpxdata:hr>128</gpxdata:hr>
     <gpxdata:distance>8645.00</gpxdata:distance>
     <gpxdata:speed>9.714</gpxdata:speed>
    </extensions>
   </trkpt>
   <trkpt lat="51.0261081" lon="13.8396234">
    <ele>105</ele>
    <time>2026-05-05T13:44:56Z</time>
    <extensions>
     <gpxdata:hr>129</gpxdata:hr>
     <gpxdata:distance>8654.50</gpxdata:distance>
     <gpxdata:speed>9.672</gpxdata:speed>
    </extensions>
   </trkpt>
   <trkpt lat="51.0260255" lon="13.8396590">
    <ele>105</ele>
    <time>2026-05-05T13:44:57Z</time>
    <extensions>
     <gpxdata:hr>129</gpxdata:hr>
     <gpxdata:distance>8664.00</gpxdata:distance>
     <gpxdata:speed>9.611</gpxdata:speed>
    </extensions>
   </trkpt>
   <trkpt lat="51.0259417" lon="13.8396928">
    <ele>105</ele>
    <time>2026-05-05T13:44:58Z</time>
    <extensions>
     <gpxdata:hr>129</gpxdata:hr>
     <gpxdata:distance>8673.50</gpxdata:distance>
     <gpxdata:speed>9.600</gpxdata:speed>
    </extensions>
   </trkpt>
   <trkpt lat="51.0258575" lon="13.8397237">
    <ele>105</ele>
    <time>2026-05-05T13:44:59Z</time>
    <extensions>
     <gpxdata:hr>129</gpxdata:hr>
     <gpxdata:distance>8683.00</gpxdata:distance>
     <gpxdata:speed>9.617</gpxdata:speed>
    </extensions>
   </trkpt>
   <trkpt lat="51.0257745" lon="13.8397536">
    <ele>105</ele>
    <time>2026-05-05T13:45:00Z</time>
    <extensions>
     <gpxdata:hr>128</gpxdata:hr>
     <gpxdata:distance>8692.50</gpxdata:distance>
     <gpxdata:speed>9.611</gpxdata:speed>
    </extensions>
   </trkpt>
   <trkpt lat="51.0256940" lon="13.8397858">
    <ele>105</ele>
    <time>2026-05-05T13:45:01Z</time>
    <extensions>
     <gpxdata:hr>128</gpxdata:hr>
     <gpxdata:distance>8702.00</gpxdata:distance>
     <gpxdata:speed>9.550</gpxdata:speed>
    </extensions>
   </trkpt>
   <trkpt lat="51.0256162" lon="13.8398258">
    <ele>105</ele>
    <time>2026-05-05T13:45:02Z</time>
    <extensions>
     <gpxdata:hr>127</gpxdata:hr>
     <gpxdata:distance>8711.00</gpxdata:distance>
     <gpxdata:speed>9.422</gpxdata:speed>
    </extensions>
   </trkpt>
   <trkpt lat="51.0255395" lon="13.8398716">
    <ele>105</ele>
    <time>2026-05-05T13:45:03Z</time>
    <extensions>
     <gpxdata:hr>126</gpxdata:hr>
     <gpxdata:distance>8720.00</gpxdata:distance>
     <gpxdata:speed>9.311</gpxdata:speed>
    </extensions>
   </trkpt>
   <trkpt lat="51.0254628" lon="13.8399155">
    <ele>105</ele>
    <time>2026-05-05T13:45:04Z</time>
    <extensions>
     <gpxdata:hr>126</gpxdata:hr>
     <gpxdata:distance>8729.00</gpxdata:distance>
     <gpxdata:speed>9.253</gpxdata:speed>
    </extensions>
   </trkpt>
   <trkpt lat="51.0253865" lon="13.8399531">
    <ele>105</ele>
    <time>2026-05-05T13:45:05Z</time>
    <extensions>
     <gpxdata:hr>125</gpxdata:hr>
     <gpxdata:distance>8738.00</gpxdata:distance>
     <gpxdata:speed>9.183</gpxdata:speed>
    </extensions>
   </trkpt>
   <trkpt lat="51.0253116" lon="13.8399854">
    <ele>105</ele>
    <time>2026-05-05T13:45:06Z</time>
    <extensions>
     <gpxdata:hr>125</gpxdata:hr>
     <gpxdata:distance>8747.00</gpxdata:distance>
     <gpxdata:speed>8.983</gpxdata:speed>
    </extensions>
   </trkpt>
   <trkpt lat="51.0252371" lon="13.8400117">
    <ele>105</ele>
    <time>2026-05-05T13:45:07Z</time>
    <extensions>
     <gpxdata:hr>125</gpxdata:hr>
     <gpxdata:distance>8756.00</gpxdata:distance>
     <gpxdata:speed>8.694</gpxdata:speed>
    </extensions>
   </trkpt>
   <trkpt lat="51.0251616" lon="13.8400333">
    <ele>105</ele>
    <time>2026-05-05T13:45:08Z</time>
    <extensions>
     <gpxdata:hr>124</gpxdata:hr>
     <gpxdata:distance>8764.50</gpxdata:distance>
     <gpxdata:speed>8.569</gpxdata:speed>
    </extensions>
   </trkpt>
   <trkpt lat="51.0250834" lon="13.8400527">
    <ele>105</ele>
    <time>2026-05-05T13:45:09Z</time>
    <extensions>
     <gpxdata:hr>123</gpxdata:hr>
     <gpxdata:distance>8773.00</gpxdata:distance>
     <gpxdata:speed>8.603</gpxdata:speed>
    </extensions>
   </trkpt>
   <trkpt lat="51.0250027" lon="13.8400720">
    <ele>105</ele>
    <time>2026-05-05T13:45:10Z</time>
    <extensions>
     <gpxdata:hr>123</gpxdata:hr>
     <gpxdata:distance>8782.00</gpxdata:distance>
     <gpxdata:speed>8.808</gpxdata:speed>
    </extensions>
   </trkpt>
   <trkpt lat="51.0249206" lon="13.8400933">
    <ele>105</ele>
    <time>2026-05-05T13:45:11Z</time>
    <extensions>
     <gpxdata:hr>123</gpxdata:hr>
     <gpxdata:distance>8791.00</gpxdata:distance>
     <gpxdata:speed>8.997</gpxdata:speed>
    </extensions>
   </trkpt>
   <trkpt lat="51.0248382" lon="13.8401159">
    <ele>105</ele>
    <time>2026-05-05T13:45:12Z</time>
    <extensions>
     <gpxdata:hr>123</gpxdata:hr>
     <gpxdata:distance>8800.50</gpxdata:distance>
     <gpxdata:speed>9.100</gpxdata:speed>
    </extensions>
   </trkpt>
   <trkpt lat="51.0247564" lon="13.8401374">
    <ele>105</ele>
    <time>2026-05-05T13:45:13Z</time>
    <extensions>
     <gpxdata:hr>124</gpxdata:hr>
     <gpxdata:distance>8810.00</gpxdata:distance>
     <gpxdata:speed>9.161</gpxdata:speed>
    </extensions>
   </trkpt>
   <trkpt lat="51.0246766" lon="13.8401580">
    <ele>105</ele>
    <time>2026-05-05T13:45:14Z</time>
    <extensions>
     <gpxdata:hr>126</gpxdata:hr>
     <gpxdata:distance>8819.00</gpxdata:distance>
     <gpxdata:speed>9.164</gpxdata:speed>
    </extensions>
   </trkpt>
   <trkpt lat="51.0245999" lon="13.8401719">
    <ele>105</ele>
    <time>2026-05-05T13:45:15Z</time>
    <extensions>
     <gpxdata:hr>127</gpxdata:hr>
     <gpxdata:distance>8828.00</gpxdata:distance>
     <gpxdata:speed>9.083</gpxdata:speed>
    </extensions>
   </trkpt>
   <trkpt lat="51.0245249" lon="13.8401808">
    <ele>106</ele>
    <time>2026-05-05T13:45:16Z</time>
    <extensions>
     <gpxdata:hr>128</gpxdata:hr>
     <gpxdata:distance>8836.00</gpxdata:distance>
     <gpxdata:speed>8.894</gpxdata:speed>
    </extensions>
   </trkpt>
   <trkpt lat="51.0244528" lon="13.8401928">
    <ele>106</ele>
    <time>2026-05-05T13:45:17Z</time>
    <extensions>
     <gpxdata:hr>127</gpxdata:hr>
     <gpxdata:distance>8844.00</gpxdata:distance>
     <gpxdata:speed>8.719</gpxdata:speed>
    </extensions>
   </trkpt>
   <trkpt lat="51.0243850" lon="13.8402209">
    <ele>106</ele>
    <time>2026-05-05T13:45:18Z</time>
    <extensions>
     <gpxdata:hr>127</gpxdata:hr>
     <gpxdata:distance>8852.00</gpxdata:distance>
     <gpxdata:speed>8.214</gpxdata:speed>
    </extensions>
   </trkpt>
   <trkpt lat="51.0243197" lon="13.8402672">
    <ele>106</ele>
    <time>2026-05-05T13:45:19Z</time>
    <extensions>
     <gpxdata:hr>125</gpxdata:hr>
     <gpxdata:distance>8860.00</gpxdata:distance>
     <gpxdata:speed>8.022</gpxdata:speed>
    </extensions>
   </trkpt>
   <trkpt lat="51.0242546" lon="13.8403207">
    <ele>106</ele>
    <time>2026-05-05T13:45:20Z</time>
    <extensions>
     <gpxdata:hr>124</gpxdata:hr>
     <gpxdata:distance>8868.00</gpxdata:distance>
     <gpxdata:speed>8.119</gpxdata:speed>
    </extensions>
   </trkpt>
   <trkpt lat="51.0241882" lon="13.8403727">
    <ele>106</ele>
    <time>2026-05-05T13:45:21Z</time>
    <extensions>
     <gpxdata:hr>123</gpxdata:hr>
     <gpxdata:distance>8876.00</gpxdata:distance>
     <gpxdata:speed>8.186</gpxdata:speed>
    </extensions>
   </trkpt>
   <trkpt lat="51.0241187" lon="13.8404230">
    <ele>106</ele>
    <time>2026-05-05T13:45:22Z</time>
    <extensions>
     <gpxdata:hr>122</gpxdata:hr>
     <gpxdata:distance>8884.50</gpxdata:distance>
     <gpxdata:speed>8.222</gpxdata:speed>
    </extensions>
   </trkpt>
   <trkpt lat="51.0240469" lon="13.8404642">
    <ele>106</ele>
    <time>2026-05-05T13:45:23Z</time>
    <extensions>
     <gpxdata:hr>122</gpxdata:hr>
     <gpxdata:distance>8893.00</gpxdata:distance>
     <gpxdata:speed>8.450</gpxdata:speed>
    </extensions>
   </trkpt>
   <trkpt lat="51.0239713" lon="13.8405072">
    <ele>106</ele>
    <time>2026-05-05T13:45:24Z</time>
    <extensions>
     <gpxdata:hr>122</gpxdata:hr>
     <gpxdata:distance>8902.00</gpxdata:distance>
     <gpxdata:speed>8.458</gpxdata:speed>
    </extensions>
   </trkpt>
   <trkpt lat="51.0238930" lon="13.8405527">
    <ele>106</ele>
    <time>2026-05-05T13:45:25Z</time>
    <extensions>
     <gpxdata:hr>124</gpxdata:hr>
     <gpxdata:distance>8911.00</gpxdata:distance>
     <gpxdata:speed>8.708</gpxdata:speed>
    </extensions>
   </trkpt>
   <trkpt lat="51.0238135" lon="13.8405993">
    <ele>106</ele>
    <time>2026-05-05T13:45:26Z</time>
    <extensions>
     <gpxdata:hr>125</gpxdata:hr>
     <gpxdata:distance>8920.50</gpxdata:distance>
     <gpxdata:speed>8.931</gpxdata:speed>
    </extensions>
   </trkpt>
   <trkpt lat="51.0237341" lon="13.8406470">
    <ele>106</ele>
    <time>2026-05-05T13:45:27Z</time>
    <extensions>
     <gpxdata:hr>126</gpxdata:hr>
     <gpxdata:distance>8930.00</gpxdata:distance>
     <gpxdata:speed>9.278</gpxdata:speed>
    </extensions>
   </trkpt>
   <trkpt lat="51.0236555" lon="13.8406904">
    <ele>106</ele>
    <time>2026-05-05T13:45:28Z</time>
    <extensions>
     <gpxdata:hr>127</gpxdata:hr>
     <gpxdata:distance>8939.00</gpxdata:distance>
     <gpxdata:speed>9.339</gpxdata:speed>
    </extensions>
   </trkpt>
   <trkpt lat="51.0235765" lon="13.8407361">
    <ele>106</ele>
    <time>2026-05-05T13:45:29Z</time>
    <extensions>
     <gpxdata:hr>127</gpxdata:hr>
     <gpxdata:distance>8948.00</gpxdata:distance>
     <gpxdata:speed>9.208</gpxdata:speed>
    </extensions>
   </trkpt>
   <trkpt lat="51.0234978" lon="13.8407858">
    <ele>106</ele>
    <time>2026-05-05T13:45:30Z</time>
    <extensions>
     <gpxdata:hr>127</gpxdata:hr>
     <gpxdata:distance>8957.50</gpxdata:distance>
     <gpxdata:speed>9.369</gpxdata:speed>
    </extensions>
   </trkpt>
   <trkpt lat="51.0234207" lon="13.8408373">
    <ele>106</ele>
    <time>2026-05-05T13:45:31Z</time>
    <extensions>
     <gpxdata:hr>126</gpxdata:hr>
     <gpxdata:distance>8967.00</gpxdata:distance>
     <gpxdata:speed>9.419</gpxdata:speed>
    </extensions>
   </trkpt>
   <trkpt lat="51.0233448" lon="13.8408907">
    <ele>106</ele>
    <time>2026-05-05T13:45:32Z</time>
    <extensions>
     <gpxdata:hr>125</gpxdata:hr>
     <gpxdata:distance>8976.50</gpxdata:distance>
     <gpxdata:speed>9.286</gpxdata:speed>
    </extensions>
   </trkpt>
   <trkpt lat="51.0232690" lon="13.8409475">
    <ele>106</ele>
    <time>2026-05-05T13:45:33Z</time>
    <extensions>
     <gpxdata:hr>124</gpxdata:hr>
     <gpxdata:distance>8986.00</gpxdata:distance>
     <gpxdata:speed>9.253</gpxdata:speed>
    </extensions>
   </trkpt>
   <trkpt lat="51.0231919" lon="13.8410063">
    <ele>106</ele>
    <time>2026-05-05T13:45:34Z</time>
    <extensions>
     <gpxdata:hr>124</gpxdata:hr>
     <gpxdata:distance>8995.50</gpxdata:distance>
     <gpxdata:speed>9.322</gpxdata:speed>
    </extensions>
   </trkpt>
   <trkpt lat="51.0231142" lon="13.8410633">
    <ele>106</ele>
    <time>2026-05-05T13:45:35Z</time>
    <extensions>
     <gpxdata:hr>124</gpxdata:hr>
     <gpxdata:distance>9005.00</gpxdata:distance>
     <gpxdata:speed>9.414</gpxdata:speed>
    </extensions>
   </trkpt>
   <trkpt lat="51.0230366" lon="13.8411180">
    <ele>106</ele>
    <time>2026-05-05T13:45:36Z</time>
    <extensions>
     <gpxdata:hr>125</gpxdata:hr>
     <gpxdata:distance>9014.50</gpxdata:distance>
     <gpxdata:speed>9.450</gpxdata:speed>
    </extensions>
   </trkpt>
   <trkpt lat="51.0229588" lon="13.8411726">
    <ele>106</ele>
    <time>2026-05-05T13:45:37Z</time>
    <extensions>
     <gpxdata:hr>125</gpxdata:hr>
     <gpxdata:distance>9024.00</gpxdata:distance>
     <gpxdata:speed>9.442</gpxdata:speed>
    </extensions>
   </trkpt>
   <trkpt lat="51.0228807" lon="13.8412257">
    <ele>106</ele>
    <time>2026-05-05T13:45:38Z</time>
    <extensions>
     <gpxdata:hr>125</gpxdata:hr>
     <gpxdata:distance>9033.50</gpxdata:distance>
     <gpxdata:speed>9.450</gpxdata:speed>
    </extensions>
   </trkpt>
   <trkpt lat="51.0228016" lon="13.8412776">
    <ele>106</ele>
    <time>2026-05-05T13:45:39Z</time>
    <extensions>
     <gpxdata:hr>124</gpxdata:hr>
     <gpxdata:distance>9043.00</gpxdata:distance>
     <gpxdata:speed>9.453</gpxdata:speed>
    </extensions>
   </trkpt>
   <trkpt lat="51.0227209" lon="13.8413291">
    <ele>106</ele>
    <time>2026-05-05T13:45:40Z</time>
    <extensions>
     <gpxdata:hr>125</gpxdata:hr>
     <gpxdata:distance>9052.50</gpxdata:distance>
     <gpxdata:speed>9.481</gpxdata:speed>
    </extensions>
   </trkpt>
   <trkpt lat="51.0226402" lon="13.8413813">
    <ele>106</ele>
    <time>2026-05-05T13:45:41Z</time>
    <extensions>
     <gpxdata:hr>126</gpxdata:hr>
     <gpxdata:distance>9062.00</gpxdata:distance>
     <gpxdata:speed>9.564</gpxdata:speed>
    </extensions>
   </trkpt>
   <trkpt lat="51.0225600" lon="13.8414344">
    <ele>106</ele>
    <time>2026-05-05T13:45:42Z</time>
    <extensions>
     <gpxdata:hr>126</gpxdata:hr>
     <gpxdata:distance>9071.50</gpxdata:distance>
     <gpxdata:speed>9.603</gpxdata:speed>
    </extensions>
   </trkpt>
   <trkpt lat="51.0224794" lon="13.8414897">
    <ele>106</ele>
    <time>2026-05-05T13:45:43Z</time>
    <extensions>
     <gpxdata:hr>127</gpxdata:hr>
     <gpxdata:distance>9081.00</gpxdata:distance>
     <gpxdata:speed>9.625</gpxdata:speed>
    </extensions>
   </trkpt>
   <trkpt lat="51.0223989" lon="13.8415463">
    <ele>106</ele>
    <time>2026-05-05T13:45:44Z</time>
    <extensions>
     <gpxdata:hr>127</gpxdata:hr>
     <gpxdata:distance>9091.00</gpxdata:distance>
     <gpxdata:speed>9.678</gpxdata:speed>
    </extensions>
   </trkpt>
   <trkpt lat="51.0223193" lon="13.8416053">
    <ele>106</ele>
    <time>2026-05-05T13:45:45Z</time>
    <extensions>
     <gpxdata:hr>128</gpxdata:hr>
     <gpxdata:distance>9101.00</gpxdata:distance>
     <gpxdata:speed>9.719</gpxdata:speed>
    </extensions>
   </trkpt>
   <trkpt lat="51.0222414" lon="13.8416666">
    <ele>106</ele>
    <time>2026-05-05T13:45:46Z</time>
    <extensions>
     <gpxdata:hr>127</gpxdata:hr>
     <gpxdata:distance>9110.50</gpxdata:distance>
     <gpxdata:speed>9.736</gpxdata:speed>
    </extensions>
   </trkpt>
   <trkpt lat="51.0221650" lon="13.8417315">
    <ele>106</ele>
    <time>2026-05-05T13:45:47Z</time>
    <extensions>
     <gpxdata:hr>128</gpxdata:hr>
     <gpxdata:distance>9120.00</gpxdata:distance>
     <gpxdata:speed>9.706</gpxdata:speed>
    </extensions>
   </trkpt>
   <trkpt lat="51.0220884" lon="13.8418002">
    <ele>106</ele>
    <time>2026-05-05T13:45:48Z</time>
    <extensions>
     <gpxdata:hr>129</gpxdata:hr>
     <gpxdata:distance>9130.00</gpxdata:distance>
     <gpxdata:speed>9.689</gpxdata:speed>
    </extensions>
   </trkpt>
   <trkpt lat="51.0220119" lon="13.8418705">
    <ele>106</ele>
    <time>2026-05-05T13:45:49Z</time>
    <extensions>
     <gpxdata:hr>128</gpxdata:hr>
     <gpxdata:distance>9140.00</gpxdata:distance>
     <gpxdata:speed>9.736</gpxdata:speed>
    </extensions>
   </trkpt>
   <trkpt lat="51.0219341" lon="13.8419390">
    <ele>106</ele>
    <time>2026-05-05T13:45:50Z</time>
    <extensions>
     <gpxdata:hr>128</gpxdata:hr>
     <gpxdata:distance>9150.00</gpxdata:distance>
     <gpxdata:speed>9.769</gpxdata:speed>
    </extensions>
   </trkpt>
   <trkpt lat="51.0218556" lon="13.8420056">
    <ele>106</ele>
    <time>2026-05-05T13:45:51Z</time>
    <extensions>
     <gpxdata:hr>129</gpxdata:hr>
     <gpxdata:distance>9160.00</gpxdata:distance>
     <gpxdata:speed>9.817</gpxdata:speed>
    </extensions>
   </trkpt>
   <trkpt lat="51.0217771" lon="13.8420746">
    <ele>106</ele>
    <time>2026-05-05T13:45:52Z</time>
    <extensions>
     <gpxdata:hr>129</gpxdata:hr>
     <gpxdata:distance>9170.00</gpxdata:distance>
     <gpxdata:speed>9.842</gpxdata:speed>
    </extensions>
   </trkpt>
   <trkpt lat="51.0216985" lon="13.8421475">
    <ele>106</ele>
    <time>2026-05-05T13:45:53Z</time>
    <extensions>
     <gpxdata:hr>130</gpxdata:hr>
     <gpxdata:distance>9180.00</gpxdata:distance>
     <gpxdata:speed>9.897</gpxdata:speed>
    </extensions>
   </trkpt>
   <trkpt lat="51.0216192" lon="13.8422205">
    <ele>106</ele>
    <time>2026-05-05T13:45:54Z</time>
    <extensions>
     <gpxdata:hr>131</gpxdata:hr>
     <gpxdata:distance>9190.00</gpxdata:distance>
     <gpxdata:speed>9.986</gpxdata:speed>
    </extensions>
   </trkpt>
   <trkpt lat="51.0215394" lon="13.8422912">
    <ele>106</ele>
    <time>2026-05-05T13:45:55Z</time>
    <extensions>
     <gpxdata:hr>133</gpxdata:hr>
     <gpxdata:distance>9200.00</gpxdata:distance>
     <gpxdata:speed>10.058</gpxdata:speed>
    </extensions>
   </trkpt>
   <trkpt lat="51.0214594" lon="13.8423613">
    <ele>106</ele>
    <time>2026-05-05T13:45:56Z</time>
    <extensions>
     <gpxdata:hr>132</gpxdata:hr>
     <gpxdata:distance>9210.00</gpxdata:distance>
     <gpxdata:speed>10.086</gpxdata:speed>
    </extensions>
   </trkpt>
   <trkpt lat="51.0213789" lon="13.8424291">
    <ele>106</ele>
    <time>2026-05-05T13:45:57Z</time>
    <extensions>
     <gpxdata:hr>133</gpxdata:hr>
     <gpxdata:distance>9220.00</gpxdata:distance>
     <gpxdata:speed>10.114</gpxdata:speed>
    </extensions>
   </trkpt>
   <trkpt lat="51.0212974" lon="13.8424947">
    <ele>106</ele>
    <time>2026-05-05T13:45:58Z</time>
    <extensions>
     <gpxdata:hr>133</gpxdata:hr>
     <gpxdata:distance>9230.50</gpxdata:distance>
     <gpxdata:speed>10.125</gpxdata:speed>
    </extensions>
   </trkpt>
   <trkpt lat="51.0212161" lon="13.8425606">
    <ele>106</ele>
    <time>2026-05-05T13:45:59Z</time>
    <extensions>
     <gpxdata:hr>134</gpxdata:hr>
     <gpxdata:distance>9241.00</gpxdata:distance>
     <gpxdata:speed>10.142</gpxdata:speed>
    </extensions>
   </trkpt>
   <trkpt lat="51.0211354" lon="13.8426273">
    <ele>106</ele>
    <time>2026-05-05T13:46:00Z</time>
    <extensions>
     <gpxdata:hr>136</gpxdata:hr>
     <gpxdata:distance>9251.00</gpxdata:distance>
     <gpxdata:speed>10.150</gpxdata:speed>
    </extensions>
   </trkpt>
   <trkpt lat="51.0210547" lon="13.8426917">
    <ele>106</ele>
    <time>2026-05-05T13:46:01Z</time>
    <extensions>
     <gpxdata:hr>135</gpxdata:hr>
     <gpxdata:distance>9261.00</gpxdata:distance>
     <gpxdata:speed>10.139</gpxdata:speed>
    </extensions>
   </trkpt>
   <trkpt lat="51.0209725" lon="13.8427520">
    <ele>106</ele>
    <time>2026-05-05T13:46:02Z</time>
    <extensions>
     <gpxdata:hr>135</gpxdata:hr>
     <gpxdata:distance>9271.00</gpxdata:distance>
     <gpxdata:speed>10.108</gpxdata:speed>
    </extensions>
   </trkpt>
   <trkpt lat="51.0208898" lon="13.8428074">
    <ele>106</ele>
    <time>2026-05-05T13:46:03Z</time>
    <extensions>
     <gpxdata:hr>135</gpxdata:hr>
     <gpxdata:distance>9281.00</gpxdata:distance>
     <gpxdata:speed>10.106</gpxdata:speed>
    </extensions>
   </trkpt>
   <trkpt lat="51.0208080" lon="13.8428630">
    <ele>106</ele>
    <time>2026-05-05T13:46:04Z</time>
    <extensions>
     <gpxdata:hr>135</gpxdata:hr>
     <gpxdata:distance>9291.00</gpxdata:distance>
     <gpxdata:speed>10.061</gpxdata:speed>
    </extensions>
   </trkpt>
   <trkpt lat="51.0207294" lon="13.8429185">
    <ele>106</ele>
    <time>2026-05-05T13:46:05Z</time>
    <extensions>
     <gpxdata:hr>135</gpxdata:hr>
     <gpxdata:distance>9301.00</gpxdata:distance>
     <gpxdata:speed>10.003</gpxdata:speed>
    </extensions>
   </trkpt>
   <trkpt lat="51.0206539" lon="13.8429739">
    <ele>106</ele>
    <time>2026-05-05T13:46:06Z</time>
    <extensions>
     <gpxdata:hr>134</gpxdata:hr>
     <gpxdata:distance>9310.00</gpxdata:distance>
     <gpxdata:speed>9.828</gpxdata:speed>
    </extensions>
   </trkpt>
   <trkpt lat="51.0205819" lon="13.8430299">
    <ele>106</ele>
    <time>2026-05-05T13:46:07Z</time>
    <extensions>
     <gpxdata:hr>132</gpxdata:hr>
     <gpxdata:distance>9319.00</gpxdata:distance>
     <gpxdata:speed>9.625</gpxdata:speed>
    </extensions>
   </trkpt>
   <trkpt lat="51.0205131" lon="13.8430860">
    <ele>106</ele>
    <time>2026-05-05T13:46:08Z</time>
    <extensions>
     <gpxdata:hr>131</gpxdata:hr>
     <gpxdata:distance>9327.50</gpxdata:distance>
     <gpxdata:speed>9.375</gpxdata:speed>
    </extensions>
   </trkpt>
   <trkpt lat="51.0204478" lon="13.8431420">
    <ele>106</ele>
    <time>2026-05-05T13:46:09Z</time>
    <extensions>
     <gpxdata:hr>129</gpxdata:hr>
     <gpxdata:distance>9336.00</gpxdata:distance>
     <gpxdata:speed>9.108</gpxdata:speed>
    </extensions>
   </trkpt>
   <trkpt lat="51.0203884" lon="13.8431967">
    <ele>106</ele>
    <time>2026-05-05T13:46:10Z</time>
    <extensions>
     <gpxdata:hr>129</gpxdata:hr>
     <gpxdata:distance>9343.50</gpxdata:distance>
     <gpxdata:speed>8.811</gpxdata:speed>
    </extensions>
   </trkpt>
   <trkpt lat="51.0203384" lon="13.8432449">
    <ele>106</ele>
    <time>2026-05-05T13:46:11Z</time>
    <extensions>
     <gpxdata:hr>128</gpxdata:hr>
     <gpxdata:distance>9351.00</gpxdata:distance>
     <gpxdata:speed>8.381</gpxdata:speed>
    </extensions>
   </trkpt>
   <trkpt lat="51.0202977" lon="13.8432754">
    <ele>106</ele>
    <time>2026-05-05T13:46:12Z</time>
    <extensions>
     <gpxdata:hr>128</gpxdata:hr>
     <gpxdata:distance>9356.00</gpxdata:distance>
     <gpxdata:speed>6.678</gpxdata:speed>
    </extensions>
   </trkpt>
   <trkpt lat="51.0202696" lon="13.8432735">
    <ele>106</ele>
    <time>2026-05-05T13:46:13Z</time>
    <extensions>
     <gpxdata:hr>127</gpxdata:hr>
     <gpxdata:distance>9361.00</gpxdata:distance>
     <gpxdata:speed>6.397</gpxdata:speed>
    </extensions>
   </trkpt>
   <trkpt lat="51.0202586" lon="13.8432452">
    <ele>106</ele>
    <time>2026-05-05T13:46:14Z</time>
    <extensions>
     <gpxdata:hr>125</gpxdata:hr>
     <gpxdata:distance>9364.50</gpxdata:distance>
     <gpxdata:speed>4.131</gpxdata:speed>
    </extensions>
   </trkpt>
   <trkpt lat="51.0202487" lon="13.8431886">
    <ele>106</ele>
    <time>2026-05-05T13:46:15Z</time>
    <extensions>
     <gpxdata:hr>124</gpxdata:hr>
     <gpxdata:distance>9368.00</gpxdata:distance>
     <gpxdata:speed>4.406</gpxdata:speed>
    </extensions>
   </trkpt>
   <trkpt lat="51.0202357" lon="13.8431170">
    <ele>106</ele>
    <time>2026-05-05T13:46:16Z</time>
    <extensions>
     <gpxdata:hr>123</gpxdata:hr>
     <gpxdata:distance>9373.50</gpxdata:distance>
     <gpxdata:speed>4.961</gpxdata:speed>
    </extensions>
   </trkpt>
   <trkpt lat="51.0202178" lon="13.8430390">
    <ele>106</ele>
    <time>2026-05-05T13:46:17Z</time>
    <extensions>
     <gpxdata:hr>122</gpxdata:hr>
     <gpxdata:distance>9379.00</gpxdata:distance>
     <gpxdata:speed>5.422</gpxdata:speed>
    </extensions>
   </trkpt>
   <trkpt lat="51.0201946" lon="13.8429581">
    <ele>106</ele>
    <time>2026-05-05T13:46:18Z</time>
    <extensions>
     <gpxdata:hr>122</gpxdata:hr>
     <gpxdata:distance>9385.50</gpxdata:distance>
     <gpxdata:speed>5.756</gpxdata:speed>
    </extensions>
   </trkpt>
   <trkpt lat="51.0201588" lon="13.8428490">
    <ele>106</ele>
    <time>2026-05-05T13:46:19Z</time>
    <extensions>
     <gpxdata:hr>122</gpxdata:hr>
     <gpxdata:distance>9392.00</gpxdata:distance>
     <gpxdata:speed>6.167</gpxdata:speed>
    </extensions>
   </trkpt>
   <trkpt lat="51.0201280" lon="13.8427631">
    <ele>106</ele>
    <time>2026-05-05T13:46:20Z</time>
    <extensions>
     <gpxdata:hr>122</gpxdata:hr>
     <gpxdata:distance>9398.50</gpxdata:distance>
     <gpxdata:speed>6.267</gpxdata:speed>
    </extensions>
   </trkpt>
   <trkpt lat="51.0200966" lon="13.8426798">
    <ele>106</ele>
    <time>2026-05-05T13:46:21Z</time>
    <extensions>
     <gpxdata:hr>122</gpxdata:hr>
     <gpxdata:distance>9405.00</gpxdata:distance>
     <gpxdata:speed>6.497</gpxdata:speed>
    </extensions>
   </trkpt>
   <trkpt lat="51.0200633" lon="13.8425977">
    <ele>106</ele>
    <time>2026-05-05T13:46:22Z</time>
    <extensions>
     <gpxdata:hr>124</gpxdata:hr>
     <gpxdata:distance>9412.00</gpxdata:distance>
     <gpxdata:speed>6.647</gpxdata:speed>
    </extensions>
   </trkpt>
   <trkpt lat="51.0200315" lon="13.8425162">
    <ele>106</ele>
    <time>2026-05-05T13:46:23Z</time>
    <extensions>
     <gpxdata:hr>125</gpxdata:hr>
     <gpxdata:distance>9419.00</gpxdata:distance>
     <gpxdata:speed>6.647</gpxdata:speed>
    </extensions>
   </trkpt>
   <trkpt lat="51.0199998" lon="13.8424349">
    <ele>107</ele>
    <time>2026-05-05T13:46:24Z</time>
    <extensions>
     <gpxdata:hr>127</gpxdata:hr>
     <gpxdata:distance>9425.50</gpxdata:distance>
     <gpxdata:speed>6.644</gpxdata:speed>
    </extensions>
   </trkpt>
   <trkpt lat="51.0199669" lon="13.8423534">
    <ele>107</ele>
    <time>2026-05-05T13:46:25Z</time>
    <extensions>
     <gpxdata:hr>129</gpxdata:hr>
     <gpxdata:distance>9432.00</gpxdata:distance>
     <gpxdata:speed>6.700</gpxdata:speed>
    </extensions>
   </trkpt>
   <trkpt lat="51.0199329" lon="13.8422716">
    <ele>107</ele>
    <time>2026-05-05T13:46:26Z</time>
    <extensions>
     <gpxdata:hr>131</gpxdata:hr>
     <gpxdata:distance>9439.00</gpxdata:distance>
     <gpxdata:speed>6.786</gpxdata:speed>
    </extensions>
   </trkpt>
   <trkpt lat="51.0198998" lon="13.8421877">
    <ele>107</ele>
    <time>2026-05-05T13:46:27Z</time>
    <extensions>
     <gpxdata:hr>130</gpxdata:hr>
     <gpxdata:distance>9446.00</gpxdata:distance>
     <gpxdata:speed>6.858</gpxdata:speed>
    </extensions>
   </trkpt>
   <trkpt lat="51.0198658" lon="13.8421039">
    <ele>108</ele>
    <time>2026-05-05T13:46:28Z</time>
    <extensions>
     <gpxdata:hr>131</gpxdata:hr>
     <gpxdata:distance>9453.00</gpxdata:distance>
     <gpxdata:speed>6.925</gpxdata:speed>
    </extensions>
   </trkpt>
   <trkpt lat="51.0198332" lon="13.8420209">
    <ele>108</ele>
    <time>2026-05-05T13:46:29Z</time>
    <extensions>
     <gpxdata:hr>131</gpxdata:hr>
     <gpxdata:distance>9460.00</gpxdata:distance>
     <gpxdata:speed>6.956</gpxdata:speed>
    </extensions>
   </trkpt>
   <trkpt lat="51.0198024" lon="13.8419419">
    <ele>108</ele>
    <time>2026-05-05T13:46:30Z</time>
    <extensions>
     <gpxdata:hr>131</gpxdata:hr>
     <gpxdata:distance>9466.50</gpxdata:distance>
     <gpxdata:speed>6.900</gpxdata:speed>
    </extensions>
   </trkpt>
   <trkpt lat="51.0197711" lon="13.8418752">
    <ele>108</ele>
    <time>2026-05-05T13:46:31Z</time>
    <extensions>
     <gpxdata:hr>130</gpxdata:hr>
     <gpxdata:distance>9473.00</gpxdata:distance>
     <gpxdata:speed>6.733</gpxdata:speed>
    </extensions>
   </trkpt>
   <trkpt lat="51.0197449" lon="13.8418444">
    <ele>108</ele>
    <time>2026-05-05T13:46:32Z</time>
    <extensions>
     <gpxdata:hr>129</gpxdata:hr>
     <gpxdata:distance>9477.50</gpxdata:distance>
     <gpxdata:speed>5.978</gpxdata:speed>
    </extensions>
   </trkpt>
   <trkpt lat="51.0197071" lon="13.8418294">
    <ele>108</ele>
    <time>2026-05-05T13:46:33Z</time>
    <extensions>
     <gpxdata:hr>128</gpxdata:hr>
     <gpxdata:distance>9482.00</gpxdata:distance>
     <gpxdata:speed>5.414</gpxdata:speed>
    </extensions>
   </trkpt>
   <trkpt lat="51.0196637" lon="13.8418358">
    <ele>109</ele>
    <time>2026-05-05T13:46:34Z</time>
    <extensions>
     <gpxdata:hr>127</gpxdata:hr>
     <gpxdata:distance>9487.50</gpxdata:distance>
     <gpxdata:speed>5.306</gpxdata:speed>
    </extensions>
   </trkpt>
   <trkpt lat="51.0196171" lon="13.8418564">
    <ele>109</ele>
    <time>2026-05-05T13:46:35Z</time>
    <extensions>
     <gpxdata:hr>126</gpxdata:hr>
     <gpxdata:distance>9493.00</gpxdata:distance>
     <gpxdata:speed>5.389</gpxdata:speed>
    </extensions>
   </trkpt>
   <trkpt lat="51.0195691" lon="13.8418834">
    <ele>109</ele>
    <time>2026-05-05T13:46:36Z</time>
    <extensions>
     <gpxdata:hr>126</gpxdata:hr>
     <gpxdata:distance>9498.50</gpxdata:distance>
     <gpxdata:speed>5.581</gpxdata:speed>
    </extensions>
   </trkpt>
   <trkpt lat="51.0195208" lon="13.8419099">
    <ele>109</ele>
    <time>2026-05-05T13:46:37Z</time>
    <extensions>
     <gpxdata:hr>127</gpxdata:hr>
     <gpxdata:distance>9504.00</gpxdata:distance>
     <gpxdata:speed>5.642</gpxdata:speed>
    </extensions>
   </trkpt>
   <trkpt lat="51.0194718" lon="13.8419329">
    <ele>109</ele>
    <time>2026-05-05T13:46:38Z</time>
    <extensions>
     <gpxdata:hr>127</gpxdata:hr>
     <gpxdata:distance>9510.00</gpxdata:distance>
     <gpxdata:speed>5.594</gpxdata:speed>
    </extensions>
   </trkpt>
   <trkpt lat="51.0194216" lon="13.8419528">
    <ele>109</ele>
    <time>2026-05-05T13:46:39Z</time>
    <extensions>
     <gpxdata:hr>126</gpxdata:hr>
     <gpxdata:distance>9516.00</gpxdata:distance>
     <gpxdata:speed>5.631</gpxdata:speed>
    </extensions>
   </trkpt>
   <trkpt lat="51.0193705" lon="13.8419727">
    <ele>109</ele>
    <time>2026-05-05T13:46:40Z</time>
    <extensions>
     <gpxdata:hr>126</gpxdata:hr>
     <gpxdata:distance>9521.50</gpxdata:distance>
     <gpxdata:speed>5.733</gpxdata:speed>
    </extensions>
   </trkpt>
   <trkpt lat="51.0193192" lon="13.8419980">
    <ele>109</ele>
    <time>2026-05-05T13:46:41Z</time>
    <extensions>
     <gpxdata:hr>126</gpxdata:hr>
     <gpxdata:distance>9527.00</gpxdata:distance>
     <gpxdata:speed>5.825</gpxdata:speed>
    </extensions>
   </trkpt>
   <trkpt lat="51.0192684" lon="13.8420318">
    <ele>109</ele>
    <time>2026-05-05T13:46:42Z</time>
    <extensions>
     <gpxdata:hr>125</gpxdata:hr>
     <gpxdata:distance>9533.50</gpxdata:distance>
     <gpxdata:speed>5.989</gpxdata:speed>
    </extensions>
   </trkpt>
   <trkpt lat="51.0192011" lon="13.8420867">
    <ele>110</ele>
    <time>2026-05-05T13:46:43Z</time>
    <extensions>
     <gpxdata:hr>125</gpxdata:hr>
     <gpxdata:distance>9540.00</gpxdata:distance>
     <gpxdata:speed>6.178</gpxdata:speed>
    </extensions>
   </trkpt>
   <trkpt lat="51.0191482" lon="13.8421353">
    <ele>110</ele>
    <time>2026-05-05T13:46:44Z</time>
    <extensions>
     <gpxdata:hr>125</gpxdata:hr>
     <gpxdata:distance>9546.50</gpxdata:distance>
     <gpxdata:speed>6.336</gpxdata:speed>
    </extensions>
   </trkpt>
   <trkpt lat="51.0190971" lon="13.8421842">
    <ele>110</ele>
    <time>2026-05-05T13:46:45Z</time>
    <extensions>
     <gpxdata:hr>125</gpxdata:hr>
     <gpxdata:distance>9553.00</gpxdata:distance>
     <gpxdata:speed>6.444</gpxdata:speed>
    </extensions>
   </trkpt>
   <trkpt lat="51.0190471" lon="13.8422344">
    <ele>110</ele>
    <time>2026-05-05T13:46:46Z</time>
    <extensions>
     <gpxdata:hr>125</gpxdata:hr>
     <gpxdata:distance>9559.50</gpxdata:distance>
     <gpxdata:speed>6.506</gpxdata:speed>
    </extensions>
   </trkpt>
   <trkpt lat="51.0189987" lon="13.8422838">
    <ele>110</ele>
    <time>2026-05-05T13:46:47Z</time>
    <extensions>
     <gpxdata:hr>124</gpxdata:hr>
     <gpxdata:distance>9566.00</gpxdata:distance>
     <gpxdata:speed>6.531</gpxdata:speed>
    </extensions>
   </trkpt>
   <trkpt lat="51.0189510" lon="13.8423342">
    <ele>110</ele>
    <time>2026-05-05T13:46:48Z</time>
    <extensions>
     <gpxdata:hr>124</gpxdata:hr>
     <gpxdata:distance>9572.50</gpxdata:distance>
     <gpxdata:speed>6.400</gpxdata:speed>
    </extensions>
   </trkpt>
   <trkpt lat="51.0189016" lon="13.8423853">
    <ele>110</ele>
    <time>2026-05-05T13:46:49Z</time>
    <extensions>
     <gpxdata:hr>123</gpxdata:hr>
     <gpxdata:distance>9579.00</gpxdata:distance>
     <gpxdata:speed>6.406</gpxdata:speed>
    </extensions>
   </trkpt>
   <trkpt lat="51.0188502" lon="13.8424372">
    <ele>110</ele>
    <time>2026-05-05T13:46:50Z</time>
    <extensions>
     <gpxdata:hr>122</gpxdata:hr>
     <gpxdata:distance>9585.50</gpxdata:distance>
     <gpxdata:speed>6.494</gpxdata:speed>
    </extensions>
   </trkpt>
   <trkpt lat="51.0187968" lon="13.8424905">
    <ele>110</ele>
    <time>2026-05-05T13:46:51Z</time>
    <extensions>
     <gpxdata:hr>121</gpxdata:hr>
     <gpxdata:distance>9592.00</gpxdata:distance>
     <gpxdata:speed>6.622</gpxdata:speed>
    </extensions>
   </trkpt>
   <trkpt lat="51.0187424" lon="13.8425453">
    <ele>110</ele>
    <time>2026-05-05T13:46:52Z</time>
    <extensions>
     <gpxdata:hr>120</gpxdata:hr>
     <gpxdata:distance>9599.50</gpxdata:distance>
     <gpxdata:speed>6.867</gpxdata:speed>
    </extensions>
   </trkpt>
   <trkpt lat="51.0186872" lon="13.8426011">
    <ele>110</ele>
    <time>2026-05-05T13:46:53Z</time>
    <extensions>
     <gpxdata:hr>120</gpxdata:hr>
     <gpxdata:distance>9607.00</gpxdata:distance>
     <gpxdata:speed>7.047</gpxdata:speed>
    </extensions>
   </trkpt>
   <trkpt lat="51.0186311" lon="13.8426586">
    <ele>110</ele>
    <time>2026-05-05T13:46:54Z</time>
    <extensions>
     <gpxdata:hr>120</gpxdata:hr>
     <gpxdata:distance>9614.50</gpxdata:distance>
     <gpxdata:speed>7.181</gpxdata:speed>
    </extensions>
   </trkpt>
   <trkpt lat="51.0185739" lon="13.8427182">
    <ele>110</ele>
    <time>2026-05-05T13:46:55Z</time>
    <extensions>
     <gpxdata:hr>120</gpxdata:hr>
     <gpxdata:distance>9622.00</gpxdata:distance>
     <gpxdata:speed>7.364</gpxdata:speed>
    </extensions>
   </trkpt>
   <trkpt lat="51.0185159" lon="13.8427804">
    <ele>110</ele>
    <time>2026-05-05T13:46:56Z</time>
    <extensions>
     <gpxdata:hr>120</gpxdata:hr>
     <gpxdata:distance>9629.50</gpxdata:distance>
     <gpxdata:speed>7.553</gpxdata:speed>
    </extensions>
   </trkpt>
   <trkpt lat="51.0184582" lon="13.8428455">
    <ele>110</ele>
    <time>2026-05-05T13:46:57Z</time>
    <extensions>
     <gpxdata:hr>120</gpxdata:hr>
     <gpxdata:distance>9637.00</gpxdata:distance>
     <gpxdata:speed>7.719</gpxdata:speed>
    </extensions>
   </trkpt>
   <trkpt lat="51.0184001" lon="13.8429134">
    <ele>110</ele>
    <time>2026-05-05T13:46:58Z</time>
    <extensions>
     <gpxdata:hr>121</gpxdata:hr>
     <gpxdata:distance>9645.00</gpxdata:distance>
     <gpxdata:speed>7.811</gpxdata:speed>
    </extensions>
   </trkpt>
   <trkpt lat="51.0183412" lon="13.8429827">
    <ele>110</ele>
    <time>2026-05-05T13:46:59Z</time>
    <extensions>
     <gpxdata:hr>120</gpxdata:hr>
     <gpxdata:distance>9653.00</gpxdata:distance>
     <gpxdata:speed>7.969</gpxdata:speed>
    </extensions>
   </trkpt>
   <trkpt lat="51.0182808" lon="13.8430530">
    <ele>110</ele>
    <time>2026-05-05T13:47:00Z</time>
    <extensions>
     <gpxdata:hr>120</gpxdata:hr>
     <gpxdata:distance>9661.50</gpxdata:distance>
     <gpxdata:speed>8.103</gpxdata:speed>
    </extensions>
   </trkpt>
   <trkpt lat="51.0182189" lon="13.8431250">
    <ele>110</ele>
    <time>2026-05-05T13:47:01Z</time>
    <extensions>
     <gpxdata:hr>121</gpxdata:hr>
     <gpxdata:distance>9670.00</gpxdata:distance>
     <gpxdata:speed>8.281</gpxdata:speed>
    </extensions>
   </trkpt>
   <trkpt lat="51.0181566" lon="13.8431988">
    <ele>110</ele>
    <time>2026-05-05T13:47:02Z</time>
    <extensions>
     <gpxdata:hr>120</gpxdata:hr>
     <gpxdata:distance>9678.50</gpxdata:distance>
     <gpxdata:speed>8.472</gpxdata:speed>
    </extensions>
   </trkpt>
   <trkpt lat="51.0180937" lon="13.8432744">
    <ele>110</ele>
    <time>2026-05-05T13:47:03Z</time>
    <extensions>
     <gpxdata:hr>120</gpxdata:hr>
     <gpxdata:distance>9687.00</gpxdata:distance>
     <gpxdata:speed>8.578</gpxdata:speed>
    </extensions>
   </trkpt>
   <trkpt lat="51.0180303" lon="13.8433515">
    <ele>110</ele>
    <time>2026-05-05T13:47:04Z</time>
    <extensions>
     <gpxdata:hr>120</gpxdata:hr>
     <gpxdata:distance>9696.00</gpxdata:distance>
     <gpxdata:speed>8.719</gpxdata:speed>
    </extensions>
   </trkpt>
   <trkpt lat="51.0179670" lon="13.8434299">
    <ele>110</ele>
    <time>2026-05-05T13:47:05Z</time>
    <extensions>
     <gpxdata:hr>120</gpxdata:hr>
     <gpxdata:distance>9705.00</gpxdata:distance>
     <gpxdata:speed>8.828</gpxdata:speed>
    </extensions>
   </trkpt>
   <trkpt lat="51.0179045" lon="13.8435095">
    <ele>110</ele>
    <time>2026-05-05T13:47:06Z</time>
    <extensions>
     <gpxdata:hr>120</gpxdata:hr>
     <gpxdata:distance>9714.00</gpxdata:distance>
     <gpxdata:speed>8.878</gpxdata:speed>
    </extensions>
   </trkpt>
   <trkpt lat="51.0178441" lon="13.8435906">
    <ele>110</ele>
    <time>2026-05-05T13:47:07Z</time>
    <extensions>
     <gpxdata:hr>120</gpxdata:hr>
     <gpxdata:distance>9723.00</gpxdata:distance>
     <gpxdata:speed>8.875</gpxdata:speed>
    </extensions>
   </trkpt>
   <trkpt lat="51.0177886" lon="13.8436750">
    <ele>110</ele>
    <time>2026-05-05T13:47:08Z</time>
    <extensions>
     <gpxdata:hr>120</gpxdata:hr>
     <gpxdata:distance>9731.50</gpxdata:distance>
     <gpxdata:speed>8.783</gpxdata:speed>
    </extensions>
   </trkpt>
   <trkpt lat="51.0177395" lon="13.8437661">
    <ele>110</ele>
    <time>2026-05-05T13:47:09Z</time>
    <extensions>
     <gpxdata:hr>119</gpxdata:hr>
     <gpxdata:distance>9740.00</gpxdata:distance>
     <gpxdata:speed>8.597</gpxdata:speed>
    </extensions>
   </trkpt>
   <trkpt lat="51.0176969" lon="13.8438639">
    <ele>110</ele>
    <time>2026-05-05T13:47:10Z</time>
    <extensions>
     <gpxdata:hr>119</gpxdata:hr>
     <gpxdata:distance>9748.50</gpxdata:distance>
     <gpxdata:speed>8.500</gpxdata:speed>
    </extensions>
   </trkpt>
   <trkpt lat="51.0176608" lon="13.8439662">
    <ele>111</ele>
    <time>2026-05-05T13:47:11Z</time>
    <extensions>
     <gpxdata:hr>119</gpxdata:hr>
     <gpxdata:distance>9757.00</gpxdata:distance>
     <gpxdata:speed>8.456</gpxdata:speed>
    </extensions>
   </trkpt>
   <trkpt lat="51.0176311" lon="13.8440718">
    <ele>110</ele>
    <time>2026-05-05T13:47:12Z</time>
    <extensions>
     <gpxdata:hr>119</gpxdata:hr>
     <gpxdata:distance>9765.00</gpxdata:distance>
     <gpxdata:speed>8.369</gpxdata:speed>
    </extensions>
   </trkpt>
   <trkpt lat="51.0176070" lon="13.8441785">
    <ele>110</ele>
    <time>2026-05-05T13:47:13Z</time>
    <extensions>
     <gpxdata:hr>119</gpxdata:hr>
     <gpxdata:distance>9773.00</gpxdata:distance>
     <gpxdata:speed>8.267</gpxdata:speed>
    </extensions>
   </trkpt>
   <trkpt lat="51.0175877" lon="13.8442858">
    <ele>110</ele>
    <time>2026-05-05T13:47:14Z</time>
    <extensions>
     <gpxdata:hr>120</gpxdata:hr>
     <gpxdata:distance>9780.50</gpxdata:distance>
     <gpxdata:speed>7.992</gpxdata:speed>
    </extensions>
   </trkpt>
   <trkpt lat="51.0175718" lon="13.8443949">
    <ele>110</ele>
    <time>2026-05-05T13:47:15Z</time>
    <extensions>
     <gpxdata:hr>119</gpxdata:hr>
     <gpxdata:distance>9788.00</gpxdata:distance>
     <gpxdata:speed>7.856</gpxdata:speed>
    </extensions>
   </trkpt>
   <trkpt lat="51.0175589" lon="13.8445071">
    <ele>110</ele>
    <time>2026-05-05T13:47:16Z</time>
    <extensions>
     <gpxdata:hr>120</gpxdata:hr>
     <gpxdata:distance>9796.50</gpxdata:distance>
     <gpxdata:speed>7.861</gpxdata:speed>
    </extensions>
   </trkpt>
   <trkpt lat="51.0175489" lon="13.8446224">
    <ele>110</ele>
    <time>2026-05-05T13:47:17Z</time>
    <extensions>
     <gpxdata:hr>121</gpxdata:hr>
     <gpxdata:distance>9805.00</gpxdata:distance>
     <gpxdata:speed>7.958</gpxdata:speed>
    </extensions>
   </trkpt>
   <trkpt lat="51.0175415" lon="13.8447409">
    <ele>111</ele>
    <time>2026-05-05T13:47:18Z</time>
    <extensions>
     <gpxdata:hr>119</gpxdata:hr>
     <gpxdata:distance>9813.00</gpxdata:distance>
     <gpxdata:speed>8.097</gpxdata:speed>
    </extensions>
   </trkpt>
   <trkpt lat="51.0175356" lon="13.8448616">
    <ele>111</ele>
    <time>2026-05-05T13:47:19Z</time>
    <extensions>
     <gpxdata:hr>118</gpxdata:hr>
     <gpxdata:distance>9821.00</gpxdata:distance>
     <gpxdata:speed>8.206</gpxdata:speed>
    </extensions>
   </trkpt>
   <trkpt lat="51.0175316" lon="13.8449830">
    <ele>111</ele>
    <time>2026-05-05T13:47:20Z</time>
    <extensions>
     <gpxdata:hr>118</gpxdata:hr>
     <gpxdata:distance>9829.50</gpxdata:distance>
     <gpxdata:speed>8.300</gpxdata:speed>
    </extensions>
   </trkpt>
   <trkpt lat="51.0175297" lon="13.8451048">
    <ele>111</ele>
    <time>2026-05-05T13:47:21Z</time>
    <extensions>
     <gpxdata:hr>119</gpxdata:hr>
     <gpxdata:distance>9838.00</gpxdata:distance>
     <gpxdata:speed>8.364</gpxdata:speed>
    </extensions>
   </trkpt>
   <trkpt lat="51.0175293" lon="13.8452266">
    <ele>111</ele>
    <time>2026-05-05T13:47:22Z</time>
    <extensions>
     <gpxdata:hr>119</gpxdata:hr>
     <gpxdata:distance>9846.50</gpxdata:distance>
     <gpxdata:speed>8.411</gpxdata:speed>
    </extensions>
   </trkpt>
   <trkpt lat="51.0175302" lon="13.8453488">
    <ele>111</ele>
    <time>2026-05-05T13:47:23Z</time>
    <extensions>
     <gpxdata:hr>118</gpxdata:hr>
     <gpxdata:distance>9855.00</gpxdata:distance>
     <gpxdata:speed>8.447</gpxdata:speed>
    </extensions>
   </trkpt>
   <trkpt lat="51.0175320" lon="13.8454729">
    <ele>111</ele>
    <time>2026-05-05T13:47:24Z</time>
    <extensions>
     <gpxdata:hr>117</gpxdata:hr>
     <gpxdata:distance>9864.00</gpxdata:distance>
     <gpxdata:speed>8.492</gpxdata:speed>
    </extensions>
   </trkpt>
   <trkpt lat="51.0175336" lon="13.8455990">
    <ele>110</ele>
    <time>2026-05-05T13:47:25Z</time>
    <extensions>
     <gpxdata:hr>117</gpxdata:hr>
     <gpxdata:distance>9873.00</gpxdata:distance>
     <gpxdata:speed>8.667</gpxdata:speed>
    </extensions>
   </trkpt>
   <trkpt lat="51.0175345" lon="13.8457281">
    <ele>110</ele>
    <time>2026-05-05T13:47:26Z</time>
    <extensions>
     <gpxdata:hr>116</gpxdata:hr>
     <gpxdata:distance>9882.00</gpxdata:distance>
     <gpxdata:speed>8.800</gpxdata:speed>
    </extensions>
   </trkpt>
   <trkpt lat="51.0175360" lon="13.8458583">
    <ele>110</ele>
    <time>2026-05-05T13:47:27Z</time>
    <extensions>
     <gpxdata:hr>116</gpxdata:hr>
     <gpxdata:distance>9891.00</gpxdata:distance>
     <gpxdata:speed>8.997</gpxdata:speed>
    </extensions>
   </trkpt>
   <trkpt lat="51.0175369" lon="13.8459876">
    <ele>110</ele>
    <time>2026-05-05T13:47:28Z</time>
    <extensions>
     <gpxdata:hr>115</gpxdata:hr>
     <gpxdata:distance>9900.00</gpxdata:distance>
     <gpxdata:speed>9.058</gpxdata:speed>
    </extensions>
   </trkpt>
   <trkpt lat="51.0175307" lon="13.8461149">
    <ele>110</ele>
    <time>2026-05-05T13:47:29Z</time>
    <extensions>
     <gpxdata:hr>113</gpxdata:hr>
     <gpxdata:distance>9909.00</gpxdata:distance>
     <gpxdata:speed>9.006</gpxdata:speed>
    </extensions>
   </trkpt>
   <trkpt lat="51.0175118" lon="13.8462375">
    <ele>110</ele>
    <time>2026-05-05T13:47:30Z</time>
    <extensions>
     <gpxdata:hr>113</gpxdata:hr>
     <gpxdata:distance>9918.00</gpxdata:distance>
     <gpxdata:speed>8.969</gpxdata:speed>
    </extensions>
   </trkpt>
   <trkpt lat="51.0174785" lon="13.8463546">
    <ele>110</ele>
    <time>2026-05-05T13:47:31Z</time>
    <extensions>
     <gpxdata:hr>113</gpxdata:hr>
     <gpxdata:distance>9927.00</gpxdata:distance>
     <gpxdata:speed>8.947</gpxdata:speed>
    </extensions>
   </trkpt>
   <trkpt lat="51.0174327" lon="13.8464682">
    <ele>110</ele>
    <time>2026-05-05T13:47:32Z</time>
    <extensions>
     <gpxdata:hr>114</gpxdata:hr>
     <gpxdata:distance>9936.50</gpxdata:distance>
     <gpxdata:speed>9.103</gpxdata:speed>
    </extensions>
   </trkpt>
   <trkpt lat="51.0173769" lon="13.8465804">
    <ele>109</ele>
    <time>2026-05-05T13:47:33Z</time>
    <extensions>
     <gpxdata:hr>115</gpxdata:hr>
     <gpxdata:distance>9946.00</gpxdata:distance>
     <gpxdata:speed>9.453</gpxdata:speed>
    </extensions>
   </trkpt>
   <trkpt lat="51.0173147" lon="13.8466921">
    <ele>109</ele>
    <time>2026-05-05T13:47:34Z</time>
    <extensions>
     <gpxdata:hr>115</gpxdata:hr>
     <gpxdata:distance>9956.50</gpxdata:distance>
     <gpxdata:speed>9.739</gpxdata:speed>
    </extensions>
   </trkpt>
   <trkpt lat="51.0172490" lon="13.8468051">
    <ele>108</ele>
    <time>2026-05-05T13:47:35Z</time>
    <extensions>
     <gpxdata:hr>116</gpxdata:hr>
     <gpxdata:distance>9967.00</gpxdata:distance>
     <gpxdata:speed>10.006</gpxdata:speed>
    </extensions>
   </trkpt>
   <trkpt lat="51.0171806" lon="13.8469194">
    <ele>108</ele>
    <time>2026-05-05T13:47:36Z</time>
    <extensions>
     <gpxdata:hr>117</gpxdata:hr>
     <gpxdata:distance>9978.00</gpxdata:distance>
     <gpxdata:speed>10.264</gpxdata:speed>
    </extensions>
   </trkpt>
   <trkpt lat="51.0171106" lon="13.8470334">
    <ele>108</ele>
    <time>2026-05-05T13:47:37Z</time>
    <extensions>
     <gpxdata:hr>117</gpxdata:hr>
     <gpxdata:distance>9989.00</gpxdata:distance>
     <gpxdata:speed>10.525</gpxdata:speed>
    </extensions>
   </trkpt>
   <trkpt lat="51.0170390" lon="13.8471464">
    <ele>108</ele>
    <time>2026-05-05T13:47:38Z</time>
    <extensions>
     <gpxdata:hr>117</gpxdata:hr>
     <gpxdata:distance>10000.00</gpxdata:distance>
     <gpxdata:speed>10.725</gpxdata:speed>
    </extensions>
   </trkpt>
   <trkpt lat="51.0169653" lon="13.8472564">
    <ele>107</ele>
    <time>2026-05-05T13:47:39Z</time>
    <extensions>
     <gpxdata:hr>118</gpxdata:hr>
     <gpxdata:distance>10011.00</gpxdata:distance>
     <gpxdata:speed>10.897</gpxdata:speed>
    </extensions>
   </trkpt>
   <trkpt lat="51.0168893" lon="13.8473636">
    <ele>107</ele>
    <time>2026-05-05T13:47:40Z</time>
    <extensions>
     <gpxdata:hr>119</gpxdata:hr>
     <gpxdata:distance>10022.50</gpxdata:distance>
     <gpxdata:speed>11.022</gpxdata:speed>
    </extensions>
   </trkpt>
   <trkpt lat="51.0168121" lon="13.8474688">
    <ele>107</ele>
    <time>2026-05-05T13:47:41Z</time>
    <extensions>
     <gpxdata:hr>118</gpxdata:hr>
     <gpxdata:distance>10034.00</gpxdata:distance>
     <gpxdata:speed>11.131</gpxdata:speed>
    </extensions>
   </trkpt>
   <trkpt lat="51.0167345" lon="13.8475721">
    <ele>106</ele>
    <time>2026-05-05T13:47:42Z</time>
    <extensions>
     <gpxdata:hr>118</gpxdata:hr>
     <gpxdata:distance>10045.00</gpxdata:distance>
     <gpxdata:speed>11.203</gpxdata:speed>
    </extensions>
   </trkpt>
   <trkpt lat="51.0166585" lon="13.8476747">
    <ele>106</ele>
    <time>2026-05-05T13:47:43Z</time>
    <extensions>
     <gpxdata:hr>118</gpxdata:hr>
     <gpxdata:distance>10056.00</gpxdata:distance>
     <gpxdata:speed>11.225</gpxdata:speed>
    </extensions>
   </trkpt>
   <trkpt lat="51.0165845" lon="13.8477786">
    <ele>106</ele>
    <time>2026-05-05T13:47:44Z</time>
    <extensions>
     <gpxdata:hr>119</gpxdata:hr>
     <gpxdata:distance>10067.00</gpxdata:distance>
     <gpxdata:speed>11.172</gpxdata:speed>
    </extensions>
   </trkpt>
   <trkpt lat="51.0165118" lon="13.8478816">
    <ele>106</ele>
    <time>2026-05-05T13:47:45Z</time>
    <extensions>
     <gpxdata:hr>119</gpxdata:hr>
     <gpxdata:distance>10078.00</gpxdata:distance>
     <gpxdata:speed>11.111</gpxdata:speed>
    </extensions>
   </trkpt>
   <trkpt lat="51.0164402" lon="13.8479836">
    <ele>106</ele>
    <time>2026-05-05T13:47:46Z</time>
    <extensions>
     <gpxdata:hr>120</gpxdata:hr>
     <gpxdata:distance>10089.00</gpxdata:distance>
     <gpxdata:speed>11.014</gpxdata:speed>
    </extensions>
   </trkpt>
   <trkpt lat="51.0163695" lon="13.8480836">
    <ele>106</ele>
    <time>2026-05-05T13:47:47Z</time>
    <extensions>
     <gpxdata:hr>120</gpxdata:hr>
     <gpxdata:distance>10100.00</gpxdata:distance>
     <gpxdata:speed>10.908</gpxdata:speed>
    </extensions>
   </trkpt>
   <trkpt lat="51.0163003" lon="13.8481801">
    <ele>106</ele>
    <time>2026-05-05T13:47:48Z</time>
    <extensions>
     <gpxdata:hr>121</gpxdata:hr>
     <gpxdata:distance>10110.00</gpxdata:distance>
     <gpxdata:speed>10.778</gpxdata:speed>
    </extensions>
   </trkpt>
   <trkpt lat="51.0162319" lon="13.8482699">
    <ele>106</ele>
    <time>2026-05-05T13:47:49Z</time>
    <extensions>
     <gpxdata:hr>121</gpxdata:hr>
     <gpxdata:distance>10120.00</gpxdata:distance>
     <gpxdata:speed>10.583</gpxdata:speed>
    </extensions>
   </trkpt>
   <trkpt lat="51.0161620" lon="13.8483473">
    <ele>106</ele>
    <time>2026-05-05T13:47:50Z</time>
    <extensions>
     <gpxdata:hr>122</gpxdata:hr>
     <gpxdata:distance>10129.50</gpxdata:distance>
     <gpxdata:speed>10.328</gpxdata:speed>
    </extensions>
   </trkpt>
   <trkpt lat="51.0160897" lon="13.8484106">
    <ele>106</ele>
    <time>2026-05-05T13:47:51Z</time>
    <extensions>
     <gpxdata:hr>121</gpxdata:hr>
     <gpxdata:distance>10139.00</gpxdata:distance>
     <gpxdata:speed>10.039</gpxdata:speed>
    </extensions>
   </trkpt>
   <trkpt lat="51.0160184" lon="13.8484674">
    <ele>106</ele>
    <time>2026-05-05T13:47:52Z</time>
    <extensions>
     <gpxdata:hr>123</gpxdata:hr>
     <gpxdata:distance>10148.00</gpxdata:distance>
     <gpxdata:speed>9.761</gpxdata:speed>
    </extensions>
   </trkpt>
   <trkpt lat="51.0159514" lon="13.8485305">
    <ele>106</ele>
    <time>2026-05-05T13:47:53Z</time>
    <extensions>
     <gpxdata:hr>123</gpxdata:hr>
     <gpxdata:distance>10157.00</gpxdata:distance>
     <gpxdata:speed>9.450</gpxdata:speed>
    </extensions>
   </trkpt>
   <trkpt lat="51.0158904" lon="13.8486054">
    <ele>106</ele>
    <time>2026-05-05T13:47:54Z</time>
    <extensions>
     <gpxdata:hr>123</gpxdata:hr>
     <gpxdata:distance>10165.50</gpxdata:distance>
     <gpxdata:speed>9.197</gpxdata:speed>
    </extensions>
   </trkpt>
   <trkpt lat="51.0158344" lon="13.8486914">
    <ele>106</ele>
    <time>2026-05-05T13:47:55Z</time>
    <extensions>
     <gpxdata:hr>124</gpxdata:hr>
     <gpxdata:distance>10174.00</gpxdata:distance>
     <gpxdata:speed>9.017</gpxdata:speed>
    </extensions>
   </trkpt>
   <trkpt lat="51.0157812" lon="13.8487852">
    <ele>107</ele>
    <time>2026-05-05T13:47:56Z</time>
    <extensions>
     <gpxdata:hr>125</gpxdata:hr>
     <gpxdata:distance>10183.00</gpxdata:distance>
     <gpxdata:speed>8.919</gpxdata:speed>
    </extensions>
   </trkpt>
   <trkpt lat="51.0157288" lon="13.8488818">
    <ele>107</ele>
    <time>2026-05-05T13:47:57Z</time>
    <extensions>
     <gpxdata:hr>126</gpxdata:hr>
     <gpxdata:distance>10192.00</gpxdata:distance>
     <gpxdata:speed>8.894</gpxdata:speed>
    </extensions>
   </trkpt>
   <trkpt lat="51.0156761" lon="13.8489778">
    <ele>107</ele>
    <time>2026-05-05T13:47:58Z</time>
    <extensions>
     <gpxdata:hr>126</gpxdata:hr>
     <gpxdata:distance>10200.50</gpxdata:distance>
     <gpxdata:speed>8.897</gpxdata:speed>
    </extensions>
   </trkpt>
   <trkpt lat="51.0156226" lon="13.8490720">
    <ele>107</ele>
    <time>2026-05-05T13:47:59Z</time>
    <extensions>
     <gpxdata:hr>127</gpxdata:hr>
     <gpxdata:distance>10209.00</gpxdata:distance>
     <gpxdata:speed>8.869</gpxdata:speed>
    </extensions>
   </trkpt>
   <trkpt lat="51.0155698" lon="13.8491657">
    <ele>107</ele>
    <time>2026-05-05T13:48:00Z</time>
    <extensions>
     <gpxdata:hr>127</gpxdata:hr>
     <gpxdata:distance>10218.00</gpxdata:distance>
     <gpxdata:speed>8.847</gpxdata:speed>
    </extensions>
   </trkpt>
   <trkpt lat="51.0155183" lon="13.8492608">
    <ele>107</ele>
    <time>2026-05-05T13:48:01Z</time>
    <extensions>
     <gpxdata:hr>127</gpxdata:hr>
     <gpxdata:distance>10227.00</gpxdata:distance>
     <gpxdata:speed>8.814</gpxdata:speed>
    </extensions>
   </trkpt>
   <trkpt lat="51.0154661" lon="13.8493552">
    <ele>107</ele>
    <time>2026-05-05T13:48:02Z</time>
    <extensions>
     <gpxdata:hr>127</gpxdata:hr>
     <gpxdata:distance>10236.00</gpxdata:distance>
     <gpxdata:speed>8.797</gpxdata:speed>
    </extensions>
   </trkpt>
   <trkpt lat="51.0154127" lon="13.8494462">
    <ele>107</ele>
    <time>2026-05-05T13:48:03Z</time>
    <extensions>
     <gpxdata:hr>126</gpxdata:hr>
     <gpxdata:distance>10245.00</gpxdata:distance>
     <gpxdata:speed>8.800</gpxdata:speed>
    </extensions>
   </trkpt>
   <trkpt lat="51.0153584" lon="13.8495331">
    <ele>107</ele>
    <time>2026-05-05T13:48:04Z</time>
    <extensions>
     <gpxdata:hr>125</gpxdata:hr>
     <gpxdata:distance>10253.50</gpxdata:distance>
     <gpxdata:speed>8.775</gpxdata:speed>
    </extensions>
   </trkpt>
   <trkpt lat="51.0153045" lon="13.8496177">
    <ele>107</ele>
    <time>2026-05-05T13:48:05Z</time>
    <extensions>
     <gpxdata:hr>125</gpxdata:hr>
     <gpxdata:distance>10262.00</gpxdata:distance>
     <gpxdata:speed>8.700</gpxdata:speed>
    </extensions>
   </trkpt>
   <trkpt lat="51.0152516" lon="13.8497019">
    <ele>107</ele>
    <time>2026-05-05T13:48:06Z</time>
    <extensions>
     <gpxdata:hr>124</gpxdata:hr>
     <gpxdata:distance>10270.00</gpxdata:distance>
     <gpxdata:speed>8.603</gpxdata:speed>
    </extensions>
   </trkpt>
   <trkpt lat="51.0152004" lon="13.8497867">
    <ele>107</ele>
    <time>2026-05-05T13:48:07Z</time>
    <extensions>
     <gpxdata:hr>124</gpxdata:hr>
     <gpxdata:distance>10278.00</gpxdata:distance>
     <gpxdata:speed>8.506</gpxdata:speed>
    </extensions>
   </trkpt>
   <trkpt lat="51.0151500" lon="13.8498721">
    <ele>107</ele>
    <time>2026-05-05T13:48:08Z</time>
    <extensions>
     <gpxdata:hr>124</gpxdata:hr>
     <gpxdata:distance>10286.50</gpxdata:distance>
     <gpxdata:speed>8.406</gpxdata:speed>
    </extensions>
   </trkpt>
   <trkpt lat="51.0150999" lon="13.8499572">
    <ele>107</ele>
    <time>2026-05-05T13:48:09Z</time>
    <extensions>
     <gpxdata:hr>123</gpxdata:hr>
     <gpxdata:distance>10295.00</gpxdata:distance>
     <gpxdata:speed>8.331</gpxdata:speed>
    </extensions>
   </trkpt>
   <trkpt lat="51.0150495" lon="13.8500421">
    <ele>107</ele>
    <time>2026-05-05T13:48:10Z</time>
    <extensions>
     <gpxdata:hr>123</gpxdata:hr>
     <gpxdata:distance>10303.00</gpxdata:distance>
     <gpxdata:speed>8.269</gpxdata:speed>
    </extensions>
   </trkpt>
   <trkpt lat="51.0149977" lon="13.8501259">
    <ele>107</ele>
    <time>2026-05-05T13:48:11Z</time>
    <extensions>
     <gpxdata:hr>122</gpxdata:hr>
     <gpxdata:distance>10311.00</gpxdata:distance>
     <gpxdata:speed>8.225</gpxdata:speed>
    </extensions>
   </trkpt>
   <trkpt lat="51.0149446" lon="13.8502088">
    <ele>107</ele>
    <time>2026-05-05T13:48:12Z</time>
    <extensions>
     <gpxdata:hr>121</gpxdata:hr>
     <gpxdata:distance>10319.50</gpxdata:distance>
     <gpxdata:speed>8.231</gpxdata:speed>
    </extensions>
   </trkpt>
   <trkpt lat="51.0148909" lon="13.8502924">
    <ele>107</ele>
    <time>2026-05-05T13:48:13Z</time>
    <extensions>
     <gpxdata:hr>120</gpxdata:hr>
     <gpxdata:distance>10328.00</gpxdata:distance>
     <gpxdata:speed>8.244</gpxdata:speed>
    </extensions>
   </trkpt>
   <trkpt lat="51.0148378" lon="13.8503774">
    <ele>108</ele>
    <time>2026-05-05T13:48:14Z</time>
    <extensions>
     <gpxdata:hr>121</gpxdata:hr>
     <gpxdata:distance>10336.00</gpxdata:distance>
     <gpxdata:speed>8.286</gpxdata:speed>
    </extensions>
   </trkpt>
   <trkpt lat="51.0147851" lon="13.8504641">
    <ele>108</ele>
    <time>2026-05-05T13:48:15Z</time>
    <extensions>
     <gpxdata:hr>121</gpxdata:hr>
     <gpxdata:distance>10344.00</gpxdata:distance>
     <gpxdata:speed>8.317</gpxdata:speed>
    </extensions>
   </trkpt>
   <trkpt lat="51.0147319" lon="13.8505500">
    <ele>108</ele>
    <time>2026-05-05T13:48:16Z</time>
    <extensions>
     <gpxdata:hr>122</gpxdata:hr>
     <gpxdata:distance>10352.50</gpxdata:distance>
     <gpxdata:speed>8.361</gpxdata:speed>
    </extensions>
   </trkpt>
   <trkpt lat="51.0146777" lon="13.8506346">
    <ele>108</ele>
    <time>2026-05-05T13:48:17Z</time>
    <extensions>
     <gpxdata:hr>122</gpxdata:hr>
     <gpxdata:distance>10361.00</gpxdata:distance>
     <gpxdata:speed>8.389</gpxdata:speed>
    </extensions>
   </trkpt>
   <trkpt lat="51.0146230" lon="13.8507184">
    <ele>108</ele>
    <time>2026-05-05T13:48:18Z</time>
    <extensions>
     <gpxdata:hr>123</gpxdata:hr>
     <gpxdata:distance>10369.50</gpxdata:distance>
     <gpxdata:speed>8.411</gpxdata:speed>
    </extensions>
   </trkpt>
   <trkpt lat="51.0145681" lon="13.8508019">
    <ele>108</ele>
    <time>2026-05-05T13:48:19Z</time>
    <extensions>
     <gpxdata:hr>123</gpxdata:hr>
     <gpxdata:distance>10378.00</gpxdata:distance>
     <gpxdata:speed>8.431</gpxdata:speed>
    </extensions>
   </trkpt>
   <trkpt lat="51.0145134" lon="13.8508856">
    <ele>108</ele>
    <time>2026-05-05T13:48:20Z</time>
    <extensions>
     <gpxdata:hr>123</gpxdata:hr>
     <gpxdata:distance>10386.50</gpxdata:distance>
     <gpxdata:speed>8.439</gpxdata:speed>
    </extensions>
   </trkpt>
   <trkpt lat="51.0144584" lon="13.8509683">
    <ele>108</ele>
    <time>2026-05-05T13:48:21Z</time>
    <extensions>
     <gpxdata:hr>122</gpxdata:hr>
     <gpxdata:distance>10395.00</gpxdata:distance>
     <gpxdata:speed>8.442</gpxdata:speed>
    </extensions>
   </trkpt>
   <trkpt lat="51.0144031" lon="13.8510498">
    <ele>108</ele>
    <time>2026-05-05T13:48:22Z</time>
    <extensions>
     <gpxdata:hr>122</gpxdata:hr>
     <gpxdata:distance>10403.50</gpxdata:distance>
     <gpxdata:speed>8.436</gpxdata:speed>
    </extensions>
   </trkpt>
   <trkpt lat="51.0143481" lon="13.8511306">
    <ele>108</ele>
    <time>2026-05-05T13:48:23Z</time>
    <extensions>
     <gpxdata:hr>121</gpxdata:hr>
     <gpxdata:distance>10412.00</gpxdata:distance>
     <gpxdata:speed>8.422</gpxdata:speed>
    </extensions>
   </trkpt>
   <trkpt lat="51.0142939" lon="13.8512107">
    <ele>108</ele>
    <time>2026-05-05T13:48:24Z</time>
    <extensions>
     <gpxdata:hr>119</gpxdata:hr>
     <gpxdata:distance>10420.00</gpxdata:distance>
     <gpxdata:speed>8.389</gpxdata:speed>
    </extensions>
   </trkpt>
   <trkpt lat="51.0142406" lon="13.8512903">
    <ele>108</ele>
    <time>2026-05-05T13:48:25Z</time>
    <extensions>
     <gpxdata:hr>119</gpxdata:hr>
     <gpxdata:distance>10428.00</gpxdata:distance>
     <gpxdata:speed>8.333</gpxdata:speed>
    </extensions>
   </trkpt>
   <trkpt lat="51.0141884" lon="13.8513688">
    <ele>108</ele>
    <time>2026-05-05T13:48:26Z</time>
    <extensions>
     <gpxdata:hr>119</gpxdata:hr>
     <gpxdata:distance>10436.00</gpxdata:distance>
     <gpxdata:speed>8.261</gpxdata:speed>
    </extensions>
   </trkpt>
   <trkpt lat="51.0141363" lon="13.8514457">
    <ele>108</ele>
    <time>2026-05-05T13:48:27Z</time>
    <extensions>
     <gpxdata:hr>119</gpxdata:hr>
     <gpxdata:distance>10444.00</gpxdata:distance>
     <gpxdata:speed>8.167</gpxdata:speed>
    </extensions>
   </trkpt>
   <trkpt lat="51.0140841" lon="13.8515203">
    <ele>108</ele>
    <time>2026-05-05T13:48:28Z</time>
    <extensions>
     <gpxdata:hr>119</gpxdata:hr>
     <gpxdata:distance>10452.00</gpxdata:distance>
     <gpxdata:speed>8.075</gpxdata:speed>
    </extensions>
   </trkpt>
   <trkpt lat="51.0140307" lon="13.8515919">
    <ele>108</ele>
    <time>2026-05-05T13:48:29Z</time>
    <extensions>
     <gpxdata:hr>120</gpxdata:hr>
     <gpxdata:distance>10460.00</gpxdata:distance>
     <gpxdata:speed>7.981</gpxdata:speed>
    </extensions>
   </trkpt>
   <trkpt lat="51.0139766" lon="13.8516621">
    <ele>108</ele>
    <time>2026-05-05T13:48:30Z</time>
    <extensions>
     <gpxdata:hr>121</gpxdata:hr>
     <gpxdata:distance>10468.00</gpxdata:distance>
     <gpxdata:speed>7.908</gpxdata:speed>
    </extensions>
   </trkpt>
   <trkpt lat="51.0139223" lon="13.8517324">
    <ele>108</ele>
    <time>2026-05-05T13:48:31Z</time>
    <extensions>
     <gpxdata:hr>122</gpxdata:hr>
     <gpxdata:distance>10476.00</gpxdata:distance>
     <gpxdata:speed>7.864</gpxdata:speed>
    </extensions>
   </trkpt>
   <trkpt lat="51.0138674" lon="13.8518021">
    <ele>108</ele>
    <time>2026-05-05T13:48:32Z</time>
    <extensions>
     <gpxdata:hr>123</gpxdata:hr>
     <gpxdata:distance>10483.50</gpxdata:distance>
     <gpxdata:speed>7.836</gpxdata:speed>
    </extensions>
   </trkpt>
   <trkpt lat="51.0138121" lon="13.8518713">
    <ele>108</ele>
    <time>2026-05-05T13:48:33Z</time>
    <extensions>
     <gpxdata:hr>122</gpxdata:hr>
     <gpxdata:distance>10491.00</gpxdata:distance>
     <gpxdata:speed>7.828</gpxdata:speed>
    </extensions>
   </trkpt>
   <trkpt lat="51.0137569" lon="13.8519403">
    <ele>108</ele>
    <time>2026-05-05T13:48:34Z</time>
    <extensions>
     <gpxdata:hr>122</gpxdata:hr>
     <gpxdata:distance>10499.00</gpxdata:distance>
     <gpxdata:speed>7.819</gpxdata:speed>
    </extensions>
   </trkpt>
   <trkpt lat="51.0137021" lon="13.8520074">
    <ele>108</ele>
    <time>2026-05-05T13:48:35Z</time>
    <extensions>
     <gpxdata:hr>122</gpxdata:hr>
     <gpxdata:distance>10507.00</gpxdata:distance>
     <gpxdata:speed>7.811</gpxdata:speed>
    </extensions>
   </trkpt>
   <trkpt lat="51.0136478" lon="13.8520738">
    <ele>108</ele>
    <time>2026-05-05T13:48:36Z</time>
    <extensions>
     <gpxdata:hr>121</gpxdata:hr>
     <gpxdata:distance>10514.50</gpxdata:distance>
     <gpxdata:speed>7.761</gpxdata:speed>
    </extensions>
   </trkpt>
   <trkpt lat="51.0135936" lon="13.8521428">
    <ele>108</ele>
    <time>2026-05-05T13:48:37Z</time>
    <extensions>
     <gpxdata:hr>121</gpxdata:hr>
     <gpxdata:distance>10522.00</gpxdata:distance>
     <gpxdata:speed>7.700</gpxdata:speed>
    </extensions>
   </trkpt>
   <trkpt lat="51.0135395" lon="13.8522158">
    <ele>108</ele>
    <time>2026-05-05T13:48:38Z</time>
    <extensions>
     <gpxdata:hr>121</gpxdata:hr>
     <gpxdata:distance>10530.00</gpxdata:distance>
     <gpxdata:speed>7.728</gpxdata:speed>
    </extensions>
   </trkpt>
   <trkpt lat="51.0134856" lon="13.8522934">
    <ele>108</ele>
    <time>2026-05-05T13:48:39Z</time>
    <extensions>
     <gpxdata:hr>122</gpxdata:hr>
     <gpxdata:distance>10538.00</gpxdata:distance>
     <gpxdata:speed>7.800</gpxdata:speed>
    </extensions>
   </trkpt>
   <trkpt lat="51.0134320" lon="13.8523718">
    <ele>108</ele>
    <time>2026-05-05T13:48:40Z</time>
    <extensions>
     <gpxdata:hr>122</gpxdata:hr>
     <gpxdata:distance>10546.00</gpxdata:distance>
     <gpxdata:speed>7.911</gpxdata:speed>
    </extensions>
   </trkpt>
   <trkpt lat="51.0133795" lon="13.8524494">
    <ele>109</ele>
    <time>2026-05-05T13:48:41Z</time>
    <extensions>
     <gpxdata:hr>122</gpxdata:hr>
     <gpxdata:distance>10554.00</gpxdata:distance>
     <gpxdata:speed>7.964</gpxdata:speed>
    </extensions>
   </trkpt>
   <trkpt lat="51.0133282" lon="13.8525256">
    <ele>109</ele>
    <time>2026-05-05T13:48:42Z</time>
    <extensions>
     <gpxdata:hr>122</gpxdata:hr>
     <gpxdata:distance>10562.00</gpxdata:distance>
     <gpxdata:speed>7.953</gpxdata:speed>
    </extensions>
   </trkpt>
   <trkpt lat="51.0132783" lon="13.8525994">
    <ele>109</ele>
    <time>2026-05-05T13:48:43Z</time>
    <extensions>
     <gpxdata:hr>122</gpxdata:hr>
     <gpxdata:distance>10570.00</gpxdata:distance>
     <gpxdata:speed>7.892</gpxdata:speed>
    </extensions>
   </trkpt>
   <trkpt lat="51.0132293" lon="13.8526710">
    <ele>110</ele>
    <time>2026-05-05T13:48:44Z</time>
    <extensions>
     <gpxdata:hr>122</gpxdata:hr>
     <gpxdata:distance>10577.00</gpxdata:distance>
     <gpxdata:speed>7.783</gpxdata:speed>
    </extensions>
   </trkpt>
   <trkpt lat="51.0131804" lon="13.8527436">
    <ele>110</ele>
    <time>2026-05-05T13:48:45Z</time>
    <extensions>
     <gpxdata:hr>120</gpxdata:hr>
     <gpxdata:distance>10584.00</gpxdata:distance>
     <gpxdata:speed>7.653</gpxdata:speed>
    </extensions>
   </trkpt>
   <trkpt lat="51.0131314" lon="13.8528164">
    <ele>110</ele>
    <time>2026-05-05T13:48:46Z</time>
    <extensions>
     <gpxdata:hr>119</gpxdata:hr>
     <gpxdata:distance>10592.00</gpxdata:distance>
     <gpxdata:speed>7.606</gpxdata:speed>
    </extensions>
   </trkpt>
   <trkpt lat="51.0130831" lon="13.8528892">
    <ele>110</ele>
    <time>2026-05-05T13:48:47Z</time>
    <extensions>
     <gpxdata:hr>118</gpxdata:hr>
     <gpxdata:distance>10600.00</gpxdata:distance>
     <gpxdata:speed>7.561</gpxdata:speed>
    </extensions>
   </trkpt>
   <trkpt lat="51.0130366" lon="13.8529631">
    <ele>110</ele>
    <time>2026-05-05T13:48:48Z</time>
    <extensions>
     <gpxdata:hr>117</gpxdata:hr>
     <gpxdata:distance>10607.00</gpxdata:distance>
     <gpxdata:speed>7.506</gpxdata:speed>
    </extensions>
   </trkpt>
   <trkpt lat="51.0129909" lon="13.8530377">
    <ele>110</ele>
    <time>2026-05-05T13:48:49Z</time>
    <extensions>
     <gpxdata:hr>117</gpxdata:hr>
     <gpxdata:distance>10614.00</gpxdata:distance>
     <gpxdata:speed>7.433</gpxdata:speed>
    </extensions>
   </trkpt>
   <trkpt lat="51.0129457" lon="13.8531112">
    <ele>109</ele>
    <time>2026-05-05T13:48:50Z</time>
    <extensions>
     <gpxdata:hr>115</gpxdata:hr>
     <gpxdata:distance>10621.50</gpxdata:distance>
     <gpxdata:speed>7.375</gpxdata:speed>
    </extensions>
   </trkpt>
   <trkpt lat="51.0129005" lon="13.8531817">
    <ele>109</ele>
    <time>2026-05-05T13:48:51Z</time>
    <extensions>
     <gpxdata:hr>114</gpxdata:hr>
     <gpxdata:distance>10629.00</gpxdata:distance>
     <gpxdata:speed>7.256</gpxdata:speed>
    </extensions>
   </trkpt>
   <trkpt lat="51.0128557" lon="13.8532486">
    <ele>109</ele>
    <time>2026-05-05T13:48:52Z</time>
    <extensions>
     <gpxdata:hr>112</gpxdata:hr>
     <gpxdata:distance>10635.50</gpxdata:distance>
     <gpxdata:speed>7.094</gpxdata:speed>
    </extensions>
   </trkpt>
   <trkpt lat="51.0128118" lon="13.8533131">
    <ele>109</ele>
    <time>2026-05-05T13:48:53Z</time>
    <extensions>
     <gpxdata:hr>111</gpxdata:hr>
     <gpxdata:distance>10642.00</gpxdata:distance>
     <gpxdata:speed>6.889</gpxdata:speed>
    </extensions>
   </trkpt>
   <trkpt lat="51.0127690" lon="13.8533763">
    <ele>109</ele>
    <time>2026-05-05T13:48:54Z</time>
    <extensions>
     <gpxdata:hr>110</gpxdata:hr>
     <gpxdata:distance>10648.50</gpxdata:distance>
     <gpxdata:speed>6.714</gpxdata:speed>
    </extensions>
   </trkpt>
   <trkpt lat="51.0127267" lon="13.8534381">
    <ele>109</ele>
    <time>2026-05-05T13:48:55Z</time>
    <extensions>
     <gpxdata:hr>109</gpxdata:hr>
     <gpxdata:distance>10655.00</gpxdata:distance>
     <gpxdata:speed>6.572</gpxdata:speed>
    </extensions>
   </trkpt>
   <trkpt lat="51.0126843" lon="13.8534985">
    <ele>109</ele>
    <time>2026-05-05T13:48:56Z</time>
    <extensions>
     <gpxdata:hr>108</gpxdata:hr>
     <gpxdata:distance>10661.50</gpxdata:distance>
     <gpxdata:speed>6.461</gpxdata:speed>
    </extensions>
   </trkpt>
   <trkpt lat="51.0126420" lon="13.8535579">
    <ele>109</ele>
    <time>2026-05-05T13:48:57Z</time>
    <extensions>
     <gpxdata:hr>106</gpxdata:hr>
     <gpxdata:distance>10668.00</gpxdata:distance>
     <gpxdata:speed>6.394</gpxdata:speed>
    </extensions>
   </trkpt>
   <trkpt lat="51.0126007" lon="13.8536177">
    <ele>108</ele>
    <time>2026-05-05T13:48:58Z</time>
    <extensions>
     <gpxdata:hr>105</gpxdata:hr>
     <gpxdata:distance>10674.00</gpxdata:distance>
     <gpxdata:speed>6.328</gpxdata:speed>
    </extensions>
   </trkpt>
   <trkpt lat="51.0125609" lon="13.8536785">
    <ele>108</ele>
    <time>2026-05-05T13:48:59Z</time>
    <extensions>
     <gpxdata:hr>105</gpxdata:hr>
     <gpxdata:distance>10680.00</gpxdata:distance>
     <gpxdata:speed>6.261</gpxdata:speed>
    </extensions>
   </trkpt>
   <trkpt lat="51.0125225" lon="13.8537400">
    <ele>108</ele>
    <time>2026-05-05T13:49:00Z</time>
    <extensions>
     <gpxdata:hr>104</gpxdata:hr>
     <gpxdata:distance>10686.00</gpxdata:distance>
     <gpxdata:speed>6.178</gpxdata:speed>
    </extensions>
   </trkpt>
   <trkpt lat="51.0124850" lon="13.8538009">
    <ele>108</ele>
    <time>2026-05-05T13:49:01Z</time>
    <extensions>
     <gpxdata:hr>104</gpxdata:hr>
     <gpxdata:distance>10692.00</gpxdata:distance>
     <gpxdata:speed>6.111</gpxdata:speed>
    </extensions>
   </trkpt>
   <trkpt lat="51.0124479" lon="13.8538596">
    <ele>108</ele>
    <time>2026-05-05T13:49:02Z</time>
    <extensions>
     <gpxdata:hr>103</gpxdata:hr>
     <gpxdata:distance>10698.00</gpxdata:distance>
     <gpxdata:speed>6.042</gpxdata:speed>
    </extensions>
   </trkpt>
   <trkpt lat="51.0124210" lon="13.8539002">
    <ele>108</ele>
    <time>2026-05-05T13:49:03Z</time>
    <extensions>
     <gpxdata:hr>103</gpxdata:hr>
     <gpxdata:distance>10704.00</gpxdata:distance>
     <gpxdata:speed>5.950</gpxdata:speed>
    </extensions>
   </trkpt>
   <trkpt lat="51.0123873" lon="13.8539510">
    <ele>108</ele>
    <time>2026-05-05T13:49:04Z</time>
    <extensions>
     <gpxdata:hr>102</gpxdata:hr>
     <gpxdata:distance>10709.50</gpxdata:distance>
     <gpxdata:speed>5.856</gpxdata:speed>
    </extensions>
   </trkpt>
   <trkpt lat="51.0123522" lon="13.8540047">
    <ele>108</ele>
    <time>2026-05-05T13:49:05Z</time>
    <extensions>
     <gpxdata:hr>102</gpxdata:hr>
     <gpxdata:distance>10715.00</gpxdata:distance>
     <gpxdata:speed>5.753</gpxdata:speed>
    </extensions>
   </trkpt>
   <trkpt lat="51.0123180" lon="13.8540597">
    <ele>108</ele>
    <time>2026-05-05T13:49:06Z</time>
    <extensions>
     <gpxdata:hr>101</gpxdata:hr>
     <gpxdata:distance>10720.50</gpxdata:distance>
     <gpxdata:speed>5.664</gpxdata:speed>
    </extensions>
   </trkpt>
   <trkpt lat="51.0122850" lon="13.8541165">
    <ele>108</ele>
    <time>2026-05-05T13:49:07Z</time>
    <extensions>
     <gpxdata:hr>101</gpxdata:hr>
     <gpxdata:distance>10726.00</gpxdata:distance>
     <gpxdata:speed>5.492</gpxdata:speed>
    </extensions>
   </trkpt>
   <trkpt lat="51.0122526" lon="13.8541753">
    <ele>108</ele>
    <time>2026-05-05T13:49:08Z</time>
    <extensions>
     <gpxdata:hr>100</gpxdata:hr>
     <gpxdata:distance>10731.50</gpxdata:distance>
     <gpxdata:speed>5.458</gpxdata:speed>
    </extensions>
   </trkpt>
   <trkpt lat="51.0122203" lon="13.8542363">
    <ele>108</ele>
    <time>2026-05-05T13:49:09Z</time>
    <extensions>
     <gpxdata:hr>100</gpxdata:hr>
     <gpxdata:distance>10737.00</gpxdata:distance>
     <gpxdata:speed>5.494</gpxdata:speed>
    </extensions>
   </trkpt>
   <trkpt lat="51.0121873" lon="13.8542991">
    <ele>108</ele>
    <time>2026-05-05T13:49:10Z</time>
    <extensions>
     <gpxdata:hr>99</gpxdata:hr>
     <gpxdata:distance>10743.00</gpxdata:distance>
     <gpxdata:speed>5.575</gpxdata:speed>
    </extensions>
   </trkpt>
   <trkpt lat="51.0121532" lon="13.8543629">
    <ele>108</ele>
    <time>2026-05-05T13:49:11Z</time>
    <extensions>
     <gpxdata:hr>98</gpxdata:hr>
     <gpxdata:distance>10749.00</gpxdata:distance>
     <gpxdata:speed>5.661</gpxdata:speed>
    </extensions>
   </trkpt>
   <trkpt lat="51.0121185" lon="13.8544269">
    <ele>108</ele>
    <time>2026-05-05T13:49:12Z</time>
    <extensions>
     <gpxdata:hr>97</gpxdata:hr>
     <gpxdata:distance>10755.00</gpxdata:distance>
     <gpxdata:speed>5.744</gpxdata:speed>
    </extensions>
   </trkpt>
   <trkpt lat="51.0120832" lon="13.8544911">
    <ele>108</ele>
    <time>2026-05-05T13:49:13Z</time>
    <extensions>
     <gpxdata:hr>97</gpxdata:hr>
     <gpxdata:distance>10761.00</gpxdata:distance>
     <gpxdata:speed>5.811</gpxdata:speed>
    </extensions>
   </trkpt>
   <trkpt lat="51.0120485" lon="13.8545553">
    <ele>108</ele>
    <time>2026-05-05T13:49:14Z</time>
    <extensions>
     <gpxdata:hr>97</gpxdata:hr>
     <gpxdata:distance>10766.50</gpxdata:distance>
     <gpxdata:speed>5.864</gpxdata:speed>
    </extensions>
   </trkpt>
   <trkpt lat="51.0120142" lon="13.8546190">
    <ele>108</ele>
    <time>2026-05-05T13:49:15Z</time>
    <extensions>
     <gpxdata:hr>97</gpxdata:hr>
     <gpxdata:distance>10772.00</gpxdata:distance>
     <gpxdata:speed>5.883</gpxdata:speed>
    </extensions>
   </trkpt>
   <trkpt lat="51.0119794" lon="13.8546812">
    <ele>108</ele>
    <time>2026-05-05T13:49:16Z</time>
    <extensions>
     <gpxdata:hr>98</gpxdata:hr>
     <gpxdata:distance>10778.00</gpxdata:distance>
     <gpxdata:speed>5.869</gpxdata:speed>
    </extensions>
   </trkpt>
   <trkpt lat="51.0119448" lon="13.8547419">
    <ele>108</ele>
    <time>2026-05-05T13:49:17Z</time>
    <extensions>
     <gpxdata:hr>97</gpxdata:hr>
     <gpxdata:distance>10784.00</gpxdata:distance>
     <gpxdata:speed>5.856</gpxdata:speed>
    </extensions>
   </trkpt>
   <trkpt lat="51.0119123" lon="13.8548029">
    <ele>108</ele>
    <time>2026-05-05T13:49:18Z</time>
    <extensions>
     <gpxdata:hr>96</gpxdata:hr>
     <gpxdata:distance>10789.50</gpxdata:distance>
     <gpxdata:speed>5.803</gpxdata:speed>
    </extensions>
   </trkpt>
   <trkpt lat="51.0118814" lon="13.8548629">
    <ele>108</ele>
    <time>2026-05-05T13:49:19Z</time>
    <extensions>
     <gpxdata:hr>96</gpxdata:hr>
     <gpxdata:distance>10795.00</gpxdata:distance>
     <gpxdata:speed>5.714</gpxdata:speed>
    </extensions>
   </trkpt>
   <trkpt lat="51.0118509" lon="13.8549207">
    <ele>108</ele>
    <time>2026-05-05T13:49:20Z</time>
    <extensions>
     <gpxdata:hr>95</gpxdata:hr>
     <gpxdata:distance>10800.00</gpxdata:distance>
     <gpxdata:speed>5.594</gpxdata:speed>
    </extensions>
   </trkpt>
   <trkpt lat="51.0118219" lon="13.8549751">
    <ele>108</ele>
    <time>2026-05-05T13:49:21Z</time>
    <extensions>
     <gpxdata:hr>95</gpxdata:hr>
     <gpxdata:distance>10805.00</gpxdata:distance>
     <gpxdata:speed>5.458</gpxdata:speed>
    </extensions>
   </trkpt>
   <trkpt lat="51.0117951" lon="13.8550236">
    <ele>108</ele>
    <time>2026-05-05T13:49:22Z</time>
    <extensions>
     <gpxdata:hr>95</gpxdata:hr>
     <gpxdata:distance>10809.50</gpxdata:distance>
     <gpxdata:speed>5.008</gpxdata:speed>
    </extensions>
   </trkpt>
   <trkpt lat="51.0117752" lon="13.8550647">
    <ele>108</ele>
    <time>2026-05-05T13:49:23Z</time>
    <extensions>
     <gpxdata:hr>95</gpxdata:hr>
     <gpxdata:distance>10814.00</gpxdata:distance>
     <gpxdata:speed>4.472</gpxdata:speed>
    </extensions>
   </trkpt>
   <trkpt lat="51.0117674" lon="13.8550967">
    <ele>108</ele>
    <time>2026-05-05T13:49:24Z</time>
    <extensions>
     <gpxdata:hr>96</gpxdata:hr>
     <gpxdata:distance>10816.00</gpxdata:distance>
     <gpxdata:speed>3.508</gpxdata:speed>
    </extensions>
   </trkpt>
   <trkpt lat="51.0117702" lon="13.8551037">
    <ele>108</ele>
    <time>2026-05-05T13:49:25Z</time>
    <extensions>
     <gpxdata:hr>97</gpxdata:hr>
     <gpxdata:distance>10818.00</gpxdata:distance>
     <gpxdata:speed>2.625</gpxdata:speed>
    </extensions>
   </trkpt>
   <trkpt lat="51.0117875" lon="13.8550922">
    <ele>108</ele>
    <time>2026-05-05T13:49:26Z</time>
    <extensions>
     <gpxdata:hr>97</gpxdata:hr>
     <gpxdata:distance>10818.00</gpxdata:distance>
     <gpxdata:speed>2.625</gpxdata:speed>
    </extensions>
   </trkpt>
   <trkpt lat="51.0118083" lon="13.8550611">
    <ele>108</ele>
    <time>2026-05-05T13:49:27Z</time>
    <extensions>
     <gpxdata:hr>98</gpxdata:hr>
     <gpxdata:distance>10818.00</gpxdata:distance>
     <gpxdata:speed>2.625</gpxdata:speed>
    </extensions>
   </trkpt>
   <trkpt lat="51.0118309" lon="13.8550177">
    <ele>107</ele>
    <time>2026-05-05T13:49:28Z</time>
    <extensions>
     <gpxdata:hr>98</gpxdata:hr>
     <gpxdata:distance>10824.00</gpxdata:distance>
     <gpxdata:speed>3.600</gpxdata:speed>
    </extensions>
   </trkpt>
   <trkpt lat="51.0118556" lon="13.8549676">
    <ele>108</ele>
    <time>2026-05-05T13:49:29Z</time>
    <extensions>
     <gpxdata:hr>98</gpxdata:hr>
     <gpxdata:distance>10830.00</gpxdata:distance>
     <gpxdata:speed>4.028</gpxdata:speed>
    </extensions>
   </trkpt>
   <trkpt lat="51.0118829" lon="13.8549121">
    <ele>108</ele>
    <time>2026-05-05T13:49:30Z</time>
    <extensions>
     <gpxdata:hr>97</gpxdata:hr>
     <gpxdata:distance>10835.00</gpxdata:distance>
     <gpxdata:speed>4.211</gpxdata:speed>
    </extensions>
   </trkpt>
   <trkpt lat="51.0119123" lon="13.8548511">
    <ele>108</ele>
    <time>2026-05-05T13:49:31Z</time>
    <extensions>
     <gpxdata:hr>97</gpxdata:hr>
     <gpxdata:distance>10840.00</gpxdata:distance>
     <gpxdata:speed>4.514</gpxdata:speed>
    </extensions>
   </trkpt>
   <trkpt lat="51.0119440" lon="13.8547861">
    <ele>108</ele>
    <time>2026-05-05T13:49:32Z</time>
    <extensions>
     <gpxdata:hr>97</gpxdata:hr>
     <gpxdata:distance>10846.00</gpxdata:distance>
     <gpxdata:speed>5.267</gpxdata:speed>
    </extensions>
   </trkpt>
   <trkpt lat="51.0119777" lon="13.8547187">
    <ele>108</ele>
    <time>2026-05-05T13:49:33Z</time>
    <extensions>
     <gpxdata:hr>97</gpxdata:hr>
     <gpxdata:distance>10852.00</gpxdata:distance>
     <gpxdata:speed>5.667</gpxdata:speed>
    </extensions>
   </trkpt>
   <trkpt lat="51.0120127" lon="13.8546507">
    <ele>108</ele>
    <time>2026-05-05T13:49:34Z</time>
    <extensions>
     <gpxdata:hr>99</gpxdata:hr>
     <gpxdata:distance>10858.50</gpxdata:distance>
     <gpxdata:speed>5.950</gpxdata:speed>
    </extensions>
   </trkpt>
   <trkpt lat="51.0120614" lon="13.8545604">
    <ele>108</ele>
    <time>2026-05-05T13:49:35Z</time>
    <extensions>
     <gpxdata:hr>100</gpxdata:hr>
     <gpxdata:distance>10865.00</gpxdata:distance>
     <gpxdata:speed>6.083</gpxdata:speed>
    </extensions>
   </trkpt>
   <trkpt lat="51.0121001" lon="13.8544884">
    <ele>108</ele>
    <time>2026-05-05T13:49:36Z</time>
    <extensions>
     <gpxdata:hr>102</gpxdata:hr>
     <gpxdata:distance>10871.00</gpxdata:distance>
     <gpxdata:speed>6.194</gpxdata:speed>
    </extensions>
   </trkpt>
   <trkpt lat="51.0121373" lon="13.8544174">
    <ele>109</ele>
    <time>2026-05-05T13:49:37Z</time>
    <extensions>
     <gpxdata:hr>106</gpxdata:hr>
     <gpxdata:distance>10877.00</gpxdata:distance>
     <gpxdata:speed>6.322</gpxdata:speed>
    </extensions>
   </trkpt>
   <trkpt lat="51.0121747" lon="13.8543461">
    <ele>109</ele>
    <time>2026-05-05T13:49:38Z</time>
    <extensions>
     <gpxdata:hr>108</gpxdata:hr>
     <gpxdata:distance>10883.50</gpxdata:distance>
     <gpxdata:speed>6.394</gpxdata:speed>
    </extensions>
   </trkpt>
   <trkpt lat="51.0122129" lon="13.8542758">
    <ele>109</ele>
    <time>2026-05-05T13:49:39Z</time>
    <extensions>
     <gpxdata:hr>109</gpxdata:hr>
     <gpxdata:distance>10890.00</gpxdata:distance>
     <gpxdata:speed>6.472</gpxdata:speed>
    </extensions>
   </trkpt>
   <trkpt lat="51.0122517" lon="13.8542065">
    <ele>109</ele>
    <time>2026-05-05T13:49:40Z</time>
    <extensions>
     <gpxdata:hr>108</gpxdata:hr>
     <gpxdata:distance>10896.50</gpxdata:distance>
     <gpxdata:speed>6.483</gpxdata:speed>
    </extensions>
   </trkpt>
   <trkpt lat="51.0122904" lon="13.8541376">
    <ele>109</ele>
    <time>2026-05-05T13:49:41Z</time>
    <extensions>
     <gpxdata:hr>107</gpxdata:hr>
     <gpxdata:distance>10903.00</gpxdata:distance>
     <gpxdata:speed>6.517</gpxdata:speed>
    </extensions>
   </trkpt>
   <trkpt lat="51.0123284" lon="13.8540680">
    <ele>109</ele>
    <time>2026-05-05T13:49:42Z</time>
    <extensions>
     <gpxdata:hr>107</gpxdata:hr>
     <gpxdata:distance>10909.50</gpxdata:distance>
     <gpxdata:speed>6.508</gpxdata:speed>
    </extensions>
   </trkpt>
   <trkpt lat="51.0123668" lon="13.8539988">
    <ele>109</ele>
    <time>2026-05-05T13:49:43Z</time>
    <extensions>
     <gpxdata:hr>106</gpxdata:hr>
     <gpxdata:distance>10916.00</gpxdata:distance>
     <gpxdata:speed>6.497</gpxdata:speed>
    </extensions>
   </trkpt>
   <trkpt lat="51.0124073" lon="13.8539325">
    <ele>109</ele>
    <time>2026-05-05T13:49:44Z</time>
    <extensions>
     <gpxdata:hr>107</gpxdata:hr>
     <gpxdata:distance>10922.50</gpxdata:distance>
     <gpxdata:speed>6.492</gpxdata:speed>
    </extensions>
   </trkpt>
   <trkpt lat="51.0124493" lon="13.8538687">
    <ele>109</ele>
    <time>2026-05-05T13:49:45Z</time>
    <extensions>
     <gpxdata:hr>107</gpxdata:hr>
     <gpxdata:distance>10929.00</gpxdata:distance>
     <gpxdata:speed>6.497</gpxdata:speed>
    </extensions>
   </trkpt>
   <trkpt lat="51.0124913" lon="13.8538054">
    <ele>109</ele>
    <time>2026-05-05T13:49:46Z</time>
    <extensions>
     <gpxdata:hr>107</gpxdata:hr>
     <gpxdata:distance>10935.50</gpxdata:distance>
     <gpxdata:speed>6.486</gpxdata:speed>
    </extensions>
   </trkpt>
   <trkpt lat="51.0125332" lon="13.8537428">
    <ele>109</ele>
    <time>2026-05-05T13:49:47Z</time>
    <extensions>
     <gpxdata:hr>107</gpxdata:hr>
     <gpxdata:distance>10942.00</gpxdata:distance>
     <gpxdata:speed>6.472</gpxdata:speed>
    </extensions>
   </trkpt>
   <trkpt lat="51.0125751" lon="13.8536821">
    <ele>109</ele>
    <time>2026-05-05T13:49:48Z</time>
    <extensions>
     <gpxdata:hr>107</gpxdata:hr>
     <gpxdata:distance>10948.50</gpxdata:distance>
     <gpxdata:speed>6.444</gpxdata:speed>
    </extensions>
   </trkpt>
   <trkpt lat="51.0126161" lon="13.8536226">
    <ele>109</ele>
    <time>2026-05-05T13:49:49Z</time>
    <extensions>
     <gpxdata:hr>106</gpxdata:hr>
     <gpxdata:distance>10955.00</gpxdata:distance>
     <gpxdata:speed>6.392</gpxdata:speed>
    </extensions>
   </trkpt>
   <trkpt lat="51.0126557" lon="13.8535639">
    <ele>109</ele>
    <time>2026-05-05T13:49:50Z</time>
    <extensions>
     <gpxdata:hr>106</gpxdata:hr>
     <gpxdata:distance>10961.00</gpxdata:distance>
     <gpxdata:speed>6.311</gpxdata:speed>
    </extensions>
   </trkpt>
   <trkpt lat="51.0126938" lon="13.8535059">
    <ele>109</ele>
    <time>2026-05-05T13:49:51Z</time>
    <extensions>
     <gpxdata:hr>105</gpxdata:hr>
     <gpxdata:distance>10967.00</gpxdata:distance>
     <gpxdata:speed>6.206</gpxdata:speed>
    </extensions>
   </trkpt>
   <trkpt lat="51.0127306" lon="13.8534481">
    <ele>109</ele>
    <time>2026-05-05T13:49:52Z</time>
    <extensions>
     <gpxdata:hr>105</gpxdata:hr>
     <gpxdata:distance>10972.50</gpxdata:distance>
     <gpxdata:speed>6.089</gpxdata:speed>
    </extensions>
   </trkpt>
   <trkpt lat="51.0127566" lon="13.8534070">
    <ele>109</ele>
    <time>2026-05-05T13:49:53Z</time>
    <extensions>
     <gpxdata:hr>104</gpxdata:hr>
     <gpxdata:distance>10978.00</gpxdata:distance>
     <gpxdata:speed>5.967</gpxdata:speed>
    </extensions>
   </trkpt>
   <trkpt lat="51.0127904" lon="13.8533561">
    <ele>109</ele>
    <time>2026-05-05T13:49:54Z</time>
    <extensions>
     <gpxdata:hr>105</gpxdata:hr>
     <gpxdata:distance>10983.50</gpxdata:distance>
     <gpxdata:speed>5.850</gpxdata:speed>
    </extensions>
   </trkpt>
   <trkpt lat="51.0128264" lon="13.8533025">
    <ele>109</ele>
    <time>2026-05-05T13:49:55Z</time>
    <extensions>
     <gpxdata:hr>106</gpxdata:hr>
     <gpxdata:distance>10989.00</gpxdata:distance>
     <gpxdata:speed>5.769</gpxdata:speed>
    </extensions>
   </trkpt>
   <trkpt lat="51.0128627" lon="13.8532482">
    <ele>109</ele>
    <time>2026-05-05T13:49:56Z</time>
    <extensions>
     <gpxdata:hr>106</gpxdata:hr>
     <gpxdata:distance>10994.50</gpxdata:distance>
     <gpxdata:speed>5.708</gpxdata:speed>
    </extensions>
   </trkpt>
   <trkpt lat="51.0128983" lon="13.8531933">
    <ele>109</ele>
    <time>2026-05-05T13:49:57Z</time>
    <extensions>
     <gpxdata:hr>107</gpxdata:hr>
     <gpxdata:distance>11000.00</gpxdata:distance>
     <gpxdata:speed>5.658</gpxdata:speed>
    </extensions>
   </trkpt>
   <trkpt lat="51.0129332" lon="13.8531391">
    <ele>109</ele>
    <time>2026-05-05T13:49:58Z</time>
    <extensions>
     <gpxdata:hr>107</gpxdata:hr>
     <gpxdata:distance>11005.50</gpxdata:distance>
     <gpxdata:speed>5.600</gpxdata:speed>
    </extensions>
   </trkpt>
   <trkpt lat="51.0129670" lon="13.8530865">
    <ele>109</ele>
    <time>2026-05-05T13:49:59Z</time>
    <extensions>
     <gpxdata:hr>107</gpxdata:hr>
     <gpxdata:distance>11011.00</gpxdata:distance>
     <gpxdata:speed>5.519</gpxdata:speed>
    </extensions>
   </trkpt>
   <trkpt lat="51.0130000" lon="13.8530361">
    <ele>109</ele>
    <time>2026-05-05T13:50:00Z</time>
    <extensions>
     <gpxdata:hr>105</gpxdata:hr>
     <gpxdata:distance>11016.00</gpxdata:distance>
     <gpxdata:speed>5.408</gpxdata:speed>
    </extensions>
   </trkpt>
   <trkpt lat="51.0130319" lon="13.8529879">
    <ele>109</ele>
    <time>2026-05-05T13:50:01Z</time>
    <extensions>
     <gpxdata:hr>105</gpxdata:hr>
     <gpxdata:distance>11021.00</gpxdata:distance>
     <gpxdata:speed>5.269</gpxdata:speed>
    </extensions>
   </trkpt>
   <trkpt lat="51.0130632" lon="13.8529422">
    <ele>109</ele>
    <time>2026-05-05T13:50:02Z</time>
    <extensions>
     <gpxdata:hr>105</gpxdata:hr>
     <gpxdata:distance>11025.50</gpxdata:distance>
     <gpxdata:speed>5.114</gpxdata:speed>
    </extensions>
   </trkpt>
   <trkpt lat="51.0130934" lon="13.8528996">
    <ele>109</ele>
    <time>2026-05-05T13:50:03Z</time>
    <extensions>
     <gpxdata:hr>104</gpxdata:hr>
     <gpxdata:distance>11030.00</gpxdata:distance>
     <gpxdata:speed>4.956</gpxdata:speed>
    </extensions>
   </trkpt>
   <trkpt lat="51.0131202" lon="13.8528641">
    <ele>109</ele>
    <time>2026-05-05T13:50:04Z</time>
    <extensions>
     <gpxdata:hr>103</gpxdata:hr>
     <gpxdata:distance>11034.00</gpxdata:distance>
     <gpxdata:speed>4.758</gpxdata:speed>
    </extensions>
   </trkpt>
   <trkpt lat="51.0132336" lon="13.8526940">
    <ele>108</ele>
    <time>2026-05-05T13:50:43Z</time>
    <extensions>
     <gpxdata:hr>98</gpxdata:hr>
     <gpxdata:distance>11056.00</gpxdata:distance>
     <gpxdata:speed>3.322</gpxdata:speed>
    </extensions>
   </trkpt>
   <trkpt lat="51.0132621" lon="13.8526468">
    <ele>108</ele>
    <time>2026-05-05T13:50:44Z</time>
    <extensions>
     <gpxdata:hr>99</gpxdata:hr>
     <gpxdata:distance>11056.00</gpxdata:distance>
     <gpxdata:speed>3.792</gpxdata:speed>
    </extensions>
   </trkpt>
   <trkpt lat="51.0132925" lon="13.8525997">
    <ele>108</ele>
    <time>2026-05-05T13:50:45Z</time>
    <extensions>
     <gpxdata:hr>97</gpxdata:hr>
     <gpxdata:distance>11061.00</gpxdata:distance>
     <gpxdata:speed>4.261</gpxdata:speed>
    </extensions>
   </trkpt>
   <trkpt lat="51.0133253" lon="13.8525508">
    <ele>108</ele>
    <time>2026-05-05T13:50:46Z</time>
    <extensions>
     <gpxdata:hr>97</gpxdata:hr>
     <gpxdata:distance>11066.00</gpxdata:distance>
     <gpxdata:speed>4.672</gpxdata:speed>
    </extensions>
   </trkpt>
   <trkpt lat="51.0133591" lon="13.8524992">
    <ele>108</ele>
    <time>2026-05-05T13:50:47Z</time>
    <extensions>
     <gpxdata:hr>96</gpxdata:hr>
     <gpxdata:distance>11071.50</gpxdata:distance>
     <gpxdata:speed>4.969</gpxdata:speed>
    </extensions>
   </trkpt>
   <trkpt lat="51.0133935" lon="13.8524458">
    <ele>108</ele>
    <time>2026-05-05T13:50:48Z</time>
    <extensions>
     <gpxdata:hr>97</gpxdata:hr>
     <gpxdata:distance>11077.00</gpxdata:distance>
     <gpxdata:speed>5.189</gpxdata:speed>
    </extensions>
   </trkpt>
   <trkpt lat="51.0134279" lon="13.8523915">
    <ele>108</ele>
    <time>2026-05-05T13:50:49Z</time>
    <extensions>
     <gpxdata:hr>98</gpxdata:hr>
     <gpxdata:distance>11082.00</gpxdata:distance>
     <gpxdata:speed>5.306</gpxdata:speed>
    </extensions>
   </trkpt>
   <trkpt lat="51.0134625" lon="13.8523376">
    <ele>108</ele>
    <time>2026-05-05T13:50:50Z</time>
    <extensions>
     <gpxdata:hr>100</gpxdata:hr>
     <gpxdata:distance>11087.00</gpxdata:distance>
     <gpxdata:speed>5.358</gpxdata:speed>
    </extensions>
   </trkpt>
   <trkpt lat="51.0134975" lon="13.8522842">
    <ele>108</ele>
    <time>2026-05-05T13:50:51Z</time>
    <extensions>
     <gpxdata:hr>100</gpxdata:hr>
     <gpxdata:distance>11092.50</gpxdata:distance>
     <gpxdata:speed>5.364</gpxdata:speed>
    </extensions>
   </trkpt>
   <trkpt lat="51.0135328" lon="13.8522316">
    <ele>108</ele>
    <time>2026-05-05T13:50:52Z</time>
    <extensions>
     <gpxdata:hr>102</gpxdata:hr>
     <gpxdata:distance>11098.00</gpxdata:distance>
     <gpxdata:speed>5.389</gpxdata:speed>
    </extensions>
   </trkpt>
   <trkpt lat="51.0135688" lon="13.8521801">
    <ele>109</ele>
    <time>2026-05-05T13:50:53Z</time>
    <extensions>
     <gpxdata:hr>104</gpxdata:hr>
     <gpxdata:distance>11103.50</gpxdata:distance>
     <gpxdata:speed>5.375</gpxdata:speed>
    </extensions>
   </trkpt>
   <trkpt lat="51.0136055" lon="13.8521291">
    <ele>109</ele>
    <time>2026-05-05T13:50:54Z</time>
    <extensions>
     <gpxdata:hr>104</gpxdata:hr>
     <gpxdata:distance>11109.00</gpxdata:distance>
     <gpxdata:speed>5.400</gpxdata:speed>
    </extensions>
   </trkpt>
   <trkpt lat="51.0136434" lon="13.8520792">
    <ele>109</ele>
    <time>2026-05-05T13:50:55Z</time>
    <extensions>
     <gpxdata:hr>103</gpxdata:hr>
     <gpxdata:distance>11114.50</gpxdata:distance>
     <gpxdata:speed>5.431</gpxdata:speed>
    </extensions>
   </trkpt>
   <trkpt lat="51.0136830" lon="13.8520307">
    <ele>109</ele>
    <time>2026-05-05T13:50:56Z</time>
    <extensions>
     <gpxdata:hr>103</gpxdata:hr>
     <gpxdata:distance>11120.00</gpxdata:distance>
     <gpxdata:speed>5.486</gpxdata:speed>
    </extensions>
   </trkpt>
   <trkpt lat="51.0137236" lon="13.8519839">
    <ele>109</ele>
    <time>2026-05-05T13:50:57Z</time>
    <extensions>
     <gpxdata:hr>103</gpxdata:hr>
     <gpxdata:distance>11125.50</gpxdata:distance>
     <gpxdata:speed>5.536</gpxdata:speed>
    </extensions>
   </trkpt>
   <trkpt lat="51.0137641" lon="13.8519377">
    <ele>109</ele>
    <time>2026-05-05T13:50:58Z</time>
    <extensions>
     <gpxdata:hr>102</gpxdata:hr>
     <gpxdata:distance>11131.00</gpxdata:distance>
     <gpxdata:speed>5.558</gpxdata:speed>
    </extensions>
   </trkpt>
   <trkpt lat="51.0138031" lon="13.8518928">
    <ele>109</ele>
    <time>2026-05-05T13:50:59Z</time>
    <extensions>
     <gpxdata:hr>102</gpxdata:hr>
     <gpxdata:distance>11136.50</gpxdata:distance>
     <gpxdata:speed>5.550</gpxdata:speed>
    </extensions>
   </trkpt>
   <trkpt lat="51.0138391" lon="13.8518498">
    <ele>109</ele>
    <time>2026-05-05T13:51:00Z</time>
    <extensions>
     <gpxdata:hr>101</gpxdata:hr>
     <gpxdata:distance>11142.00</gpxdata:distance>
     <gpxdata:speed>5.450</gpxdata:speed>
    </extensions>
   </trkpt>
   <trkpt lat="51.0138699" lon="13.8518119">
    <ele>109</ele>
    <time>2026-05-05T13:51:01Z</time>
    <extensions>
     <gpxdata:hr>101</gpxdata:hr>
     <gpxdata:distance>11146.00</gpxdata:distance>
     <gpxdata:speed>4.972</gpxdata:speed>
    </extensions>
   </trkpt>
   <trkpt lat="51.0138945" lon="13.8517815">
    <ele>109</ele>
    <time>2026-05-05T13:51:02Z</time>
    <extensions>
     <gpxdata:hr>100</gpxdata:hr>
     <gpxdata:distance>11150.00</gpxdata:distance>
     <gpxdata:speed>4.258</gpxdata:speed>
    </extensions>
   </trkpt>
   <trkpt lat="51.0139130" lon="13.8517594">
    <ele>109</ele>
    <time>2026-05-05T13:51:03Z</time>
    <extensions>
     <gpxdata:hr>99</gpxdata:hr>
     <gpxdata:distance>11152.00</gpxdata:distance>
     <gpxdata:speed>3.400</gpxdata:speed>
    </extensions>
   </trkpt>
   <trkpt lat="51.0140214" lon="13.8516107">
    <ele>107</ele>
    <time>2026-05-05T13:51:34Z</time>
    <extensions>
     <gpxdata:hr>98</gpxdata:hr>
     <gpxdata:distance>11172.00</gpxdata:distance>
     <gpxdata:speed>3.189</gpxdata:speed>
    </extensions>
   </trkpt>
   <trkpt lat="51.0140519" lon="13.8515651">
    <ele>107</ele>
    <time>2026-05-05T13:51:35Z</time>
    <extensions>
     <gpxdata:hr>99</gpxdata:hr>
     <gpxdata:distance>11172.00</gpxdata:distance>
     <gpxdata:speed>3.778</gpxdata:speed>
    </extensions>
   </trkpt>
   <trkpt lat="51.0140837" lon="13.8515162">
    <ele>107</ele>
    <time>2026-05-05T13:51:36Z</time>
    <extensions>
     <gpxdata:hr>99</gpxdata:hr>
     <gpxdata:distance>11177.50</gpxdata:distance>
     <gpxdata:speed>4.375</gpxdata:speed>
    </extensions>
   </trkpt>
   <trkpt lat="51.0141181" lon="13.8514639">
    <ele>108</ele>
    <time>2026-05-05T13:51:37Z</time>
    <extensions>
     <gpxdata:hr>99</gpxdata:hr>
     <gpxdata:distance>11183.00</gpxdata:distance>
     <gpxdata:speed>4.917</gpxdata:speed>
    </extensions>
   </trkpt>
   <trkpt lat="51.0141550" lon="13.8514106">
    <ele>108</ele>
    <time>2026-05-05T13:51:38Z</time>
    <extensions>
     <gpxdata:hr>101</gpxdata:hr>
     <gpxdata:distance>11188.50</gpxdata:distance>
     <gpxdata:speed>5.289</gpxdata:speed>
    </extensions>
   </trkpt>
   <trkpt lat="51.0141934" lon="13.8513563">
    <ele>108</ele>
    <time>2026-05-05T13:51:39Z</time>
    <extensions>
     <gpxdata:hr>102</gpxdata:hr>
     <gpxdata:distance>11194.00</gpxdata:distance>
     <gpxdata:speed>5.519</gpxdata:speed>
    </extensions>
   </trkpt>
   <trkpt lat="51.0142326" lon="13.8513001">
    <ele>108</ele>
    <time>2026-05-05T13:51:40Z</time>
    <extensions>
     <gpxdata:hr>103</gpxdata:hr>
     <gpxdata:distance>11200.00</gpxdata:distance>
     <gpxdata:speed>5.683</gpxdata:speed>
    </extensions>
   </trkpt>
   <trkpt lat="51.0142719" lon="13.8512413">
    <ele>108</ele>
    <time>2026-05-05T13:51:41Z</time>
    <extensions>
     <gpxdata:hr>105</gpxdata:hr>
     <gpxdata:distance>11206.00</gpxdata:distance>
     <gpxdata:speed>5.844</gpxdata:speed>
    </extensions>
   </trkpt>
   <trkpt lat="51.0143115" lon="13.8511799">
    <ele>108</ele>
    <time>2026-05-05T13:51:42Z</time>
    <extensions>
     <gpxdata:hr>106</gpxdata:hr>
     <gpxdata:distance>11212.00</gpxdata:distance>
     <gpxdata:speed>5.989</gpxdata:speed>
    </extensions>
   </trkpt>
   <trkpt lat="51.0143645" lon="13.8510949">
    <ele>108</ele>
    <time>2026-05-05T13:51:43Z</time>
    <extensions>
     <gpxdata:hr>107</gpxdata:hr>
     <gpxdata:distance>11218.00</gpxdata:distance>
     <gpxdata:speed>6.144</gpxdata:speed>
    </extensions>
   </trkpt>
   <trkpt lat="51.0144064" lon="13.8510274">
    <ele>108</ele>
    <time>2026-05-05T13:51:44Z</time>
    <extensions>
     <gpxdata:hr>106</gpxdata:hr>
     <gpxdata:distance>11224.50</gpxdata:distance>
     <gpxdata:speed>6.281</gpxdata:speed>
    </extensions>
   </trkpt>
   <trkpt lat="51.0144479" lon="13.8509629">
    <ele>108</ele>
    <time>2026-05-05T13:51:45Z</time>
    <extensions>
     <gpxdata:hr>106</gpxdata:hr>
     <gpxdata:distance>11231.00</gpxdata:distance>
     <gpxdata:speed>6.331</gpxdata:speed>
    </extensions>
   </trkpt>
   <trkpt lat="51.0144906" lon="13.8508996">
    <ele>108</ele>
    <time>2026-05-05T13:51:46Z</time>
    <extensions>
     <gpxdata:hr>105</gpxdata:hr>
     <gpxdata:distance>11237.50</gpxdata:distance>
     <gpxdata:speed>6.400</gpxdata:speed>
    </extensions>
   </trkpt>
   <trkpt lat="51.0145333" lon="13.8508365">
    <ele>108</ele>
    <time>2026-05-05T13:51:47Z</time>
    <extensions>
     <gpxdata:hr>107</gpxdata:hr>
     <gpxdata:distance>11244.00</gpxdata:distance>
     <gpxdata:speed>6.467</gpxdata:speed>
    </extensions>
   </trkpt>
   <trkpt lat="51.0145778" lon="13.8507724">
    <ele>108</ele>
    <time>2026-05-05T13:51:48Z</time>
    <extensions>
     <gpxdata:hr>105</gpxdata:hr>
     <gpxdata:distance>11250.50</gpxdata:distance>
     <gpxdata:speed>6.483</gpxdata:speed>
    </extensions>
   </trkpt>
   <trkpt lat="51.0146229" lon="13.8507063">
    <ele>108</ele>
    <time>2026-05-05T13:51:49Z</time>
    <extensions>
     <gpxdata:hr>105</gpxdata:hr>
     <gpxdata:distance>11257.00</gpxdata:distance>
     <gpxdata:speed>6.578</gpxdata:speed>
    </extensions>
   </trkpt>
   <trkpt lat="51.0146681" lon="13.8506397">
    <ele>108</ele>
    <time>2026-05-05T13:51:50Z</time>
    <extensions>
     <gpxdata:hr>105</gpxdata:hr>
     <gpxdata:distance>11264.00</gpxdata:distance>
     <gpxdata:speed>6.681</gpxdata:speed>
    </extensions>
   </trkpt>
   <trkpt lat="51.0147135" lon="13.8505727">
    <ele>108</ele>
    <time>2026-05-05T13:51:51Z</time>
    <extensions>
     <gpxdata:hr>106</gpxdata:hr>
     <gpxdata:distance>11271.00</gpxdata:distance>
     <gpxdata:speed>6.747</gpxdata:speed>
    </extensions>
   </trkpt>
   <trkpt lat="51.0147574" lon="13.8505048">
    <ele>108</ele>
    <time>2026-05-05T13:51:52Z</time>
    <extensions>
     <gpxdata:hr>105</gpxdata:hr>
     <gpxdata:distance>11278.00</gpxdata:distance>
     <gpxdata:speed>6.806</gpxdata:speed>
    </extensions>
   </trkpt>
   <trkpt lat="51.0148001" lon="13.8504368">
    <ele>108</ele>
    <time>2026-05-05T13:51:53Z</time>
    <extensions>
     <gpxdata:hr>105</gpxdata:hr>
     <gpxdata:distance>11285.00</gpxdata:distance>
     <gpxdata:speed>6.806</gpxdata:speed>
    </extensions>
   </trkpt>
   <trkpt lat="51.0148422" lon="13.8503696">
    <ele>108</ele>
    <time>2026-05-05T13:51:54Z</time>
    <extensions>
     <gpxdata:hr>105</gpxdata:hr>
     <gpxdata:distance>11291.50</gpxdata:distance>
     <gpxdata:speed>6.775</gpxdata:speed>
    </extensions>
   </trkpt>
   <trkpt lat="51.0148847" lon="13.8503049">
    <ele>108</ele>
    <time>2026-05-05T13:51:55Z</time>
    <extensions>
     <gpxdata:hr>105</gpxdata:hr>
     <gpxdata:distance>11298.00</gpxdata:distance>
     <gpxdata:speed>6.728</gpxdata:speed>
    </extensions>
   </trkpt>
   <trkpt lat="51.0149268" lon="13.8502420">
    <ele>108</ele>
    <time>2026-05-05T13:51:56Z</time>
    <extensions>
     <gpxdata:hr>106</gpxdata:hr>
     <gpxdata:distance>11304.50</gpxdata:distance>
     <gpxdata:speed>6.667</gpxdata:speed>
    </extensions>
   </trkpt>
   <trkpt lat="51.0149679" lon="13.8501792">
    <ele>108</ele>
    <time>2026-05-05T13:51:57Z</time>
    <extensions>
     <gpxdata:hr>106</gpxdata:hr>
     <gpxdata:distance>11311.00</gpxdata:distance>
     <gpxdata:speed>6.586</gpxdata:speed>
    </extensions>
   </trkpt>
   <trkpt lat="51.0150078" lon="13.8501157">
    <ele>108</ele>
    <time>2026-05-05T13:51:58Z</time>
    <extensions>
     <gpxdata:hr>105</gpxdata:hr>
     <gpxdata:distance>11317.00</gpxdata:distance>
     <gpxdata:speed>6.503</gpxdata:speed>
    </extensions>
   </trkpt>
   <trkpt lat="51.0150493" lon="13.8500515">
    <ele>108</ele>
    <time>2026-05-05T13:51:59Z</time>
    <extensions>
     <gpxdata:hr>105</gpxdata:hr>
     <gpxdata:distance>11323.00</gpxdata:distance>
     <gpxdata:speed>6.431</gpxdata:speed>
    </extensions>
   </trkpt>
   <trkpt lat="51.0150921" lon="13.8499869">
    <ele>108</ele>
    <time>2026-05-05T13:52:00Z</time>
    <extensions>
     <gpxdata:hr>104</gpxdata:hr>
     <gpxdata:distance>11330.00</gpxdata:distance>
     <gpxdata:speed>6.453</gpxdata:speed>
    </extensions>
   </trkpt>
   <trkpt lat="51.0151349" lon="13.8499218">
    <ele>108</ele>
    <time>2026-05-05T13:52:01Z</time>
    <extensions>
     <gpxdata:hr>103</gpxdata:hr>
     <gpxdata:distance>11337.00</gpxdata:distance>
     <gpxdata:speed>6.494</gpxdata:speed>
    </extensions>
   </trkpt>
   <trkpt lat="51.0151770" lon="13.8498570">
    <ele>108</ele>
    <time>2026-05-05T13:52:02Z</time>
    <extensions>
     <gpxdata:hr>103</gpxdata:hr>
     <gpxdata:distance>11343.50</gpxdata:distance>
     <gpxdata:speed>6.519</gpxdata:speed>
    </extensions>
   </trkpt>
   <trkpt lat="51.0152173" lon="13.8497930">
    <ele>108</ele>
    <time>2026-05-05T13:52:03Z</time>
    <extensions>
     <gpxdata:hr>103</gpxdata:hr>
     <gpxdata:distance>11350.00</gpxdata:distance>
     <gpxdata:speed>6.508</gpxdata:speed>
    </extensions>
   </trkpt>
   <trkpt lat="51.0152562" lon="13.8497299">
    <ele>108</ele>
    <time>2026-05-05T13:52:04Z</time>
    <extensions>
     <gpxdata:hr>103</gpxdata:hr>
     <gpxdata:distance>11356.00</gpxdata:distance>
     <gpxdata:speed>6.439</gpxdata:speed>
    </extensions>
   </trkpt>
   <trkpt lat="51.0152941" lon="13.8496678">
    <ele>108</ele>
    <time>2026-05-05T13:52:05Z</time>
    <extensions>
     <gpxdata:hr>102</gpxdata:hr>
     <gpxdata:distance>11362.00</gpxdata:distance>
     <gpxdata:speed>6.342</gpxdata:speed>
    </extensions>
   </trkpt>
   <trkpt lat="51.0153308" lon="13.8496068">
    <ele>108</ele>
    <time>2026-05-05T13:52:06Z</time>
    <extensions>
     <gpxdata:hr>102</gpxdata:hr>
     <gpxdata:distance>11368.00</gpxdata:distance>
     <gpxdata:speed>6.242</gpxdata:speed>
    </extensions>
   </trkpt>
   <trkpt lat="51.0153662" lon="13.8495467">
    <ele>108</ele>
    <time>2026-05-05T13:52:07Z</time>
    <extensions>
     <gpxdata:hr>101</gpxdata:hr>
     <gpxdata:distance>11374.00</gpxdata:distance>
     <gpxdata:speed>6.125</gpxdata:speed>
    </extensions>
   </trkpt>
   <trkpt lat="51.0154003" lon="13.8494876">
    <ele>108</ele>
    <time>2026-05-05T13:52:08Z</time>
    <extensions>
     <gpxdata:hr>100</gpxdata:hr>
     <gpxdata:distance>11379.50</gpxdata:distance>
     <gpxdata:speed>6.000</gpxdata:speed>
    </extensions>
   </trkpt>
   <trkpt lat="51.0154226" lon="13.8494486">
    <ele>108</ele>
    <time>2026-05-05T13:52:09Z</time>
    <extensions>
     <gpxdata:hr>99</gpxdata:hr>
     <gpxdata:distance>11385.00</gpxdata:distance>
     <gpxdata:speed>5.861</gpxdata:speed>
    </extensions>
   </trkpt>
   <trkpt lat="51.0154454" lon="13.8494069">
    <ele>108</ele>
    <time>2026-05-05T13:52:10Z</time>
    <extensions>
     <gpxdata:hr>98</gpxdata:hr>
     <gpxdata:distance>11389.00</gpxdata:distance>
     <gpxdata:speed>5.178</gpxdata:speed>
    </extensions>
   </trkpt>
   <trkpt lat="51.0155432" lon="13.8492143">
    <ele>106</ele>
    <time>2026-05-05T13:52:39Z</time>
    <extensions>
     <gpxdata:hr>95</gpxdata:hr>
     <gpxdata:distance>11411.00</gpxdata:distance>
     <gpxdata:speed>3.114</gpxdata:speed>
    </extensions>
   </trkpt>
   <trkpt lat="51.0155707" lon="13.8491675">
    <ele>107</ele>
    <time>2026-05-05T13:52:40Z</time>
    <extensions>
     <gpxdata:hr>93</gpxdata:hr>
     <gpxdata:distance>11411.00</gpxdata:distance>
     <gpxdata:speed>3.681</gpxdata:speed>
    </extensions>
   </trkpt>
   <trkpt lat="51.0155993" lon="13.8491206">
    <ele>107</ele>
    <time>2026-05-05T13:52:41Z</time>
    <extensions>
     <gpxdata:hr>93</gpxdata:hr>
     <gpxdata:distance>11415.50</gpxdata:distance>
     <gpxdata:speed>4.150</gpxdata:speed>
    </extensions>
   </trkpt>
   <trkpt lat="51.0156297" lon="13.8490709">
    <ele>107</ele>
    <time>2026-05-05T13:52:42Z</time>
    <extensions>
     <gpxdata:hr>94</gpxdata:hr>
     <gpxdata:distance>11420.00</gpxdata:distance>
     <gpxdata:speed>4.517</gpxdata:speed>
    </extensions>
   </trkpt>
   <trkpt lat="51.0156611" lon="13.8490179">
    <ele>107</ele>
    <time>2026-05-05T13:52:43Z</time>
    <extensions>
     <gpxdata:hr>96</gpxdata:hr>
     <gpxdata:distance>11425.50</gpxdata:distance>
     <gpxdata:speed>4.836</gpxdata:speed>
    </extensions>
   </trkpt>
   <trkpt lat="51.0156925" lon="13.8489622">
    <ele>107</ele>
    <time>2026-05-05T13:52:44Z</time>
    <extensions>
     <gpxdata:hr>96</gpxdata:hr>
     <gpxdata:distance>11431.00</gpxdata:distance>
     <gpxdata:speed>5.069</gpxdata:speed>
    </extensions>
   </trkpt>
   <trkpt lat="51.0157244" lon="13.8489048">
    <ele>107</ele>
    <time>2026-05-05T13:52:45Z</time>
    <extensions>
     <gpxdata:hr>97</gpxdata:hr>
     <gpxdata:distance>11436.50</gpxdata:distance>
     <gpxdata:speed>5.203</gpxdata:speed>
    </extensions>
   </trkpt>
   <trkpt lat="51.0157572" lon="13.8488460">
    <ele>107</ele>
    <time>2026-05-05T13:52:46Z</time>
    <extensions>
     <gpxdata:hr>97</gpxdata:hr>
     <gpxdata:distance>11442.00</gpxdata:distance>
     <gpxdata:speed>5.336</gpxdata:speed>
    </extensions>
   </trkpt>
   <trkpt lat="51.0157921" lon="13.8487861">
    <ele>107</ele>
    <time>2026-05-05T13:52:47Z</time>
    <extensions>
     <gpxdata:hr>98</gpxdata:hr>
     <gpxdata:distance>11447.50</gpxdata:distance>
     <gpxdata:speed>5.500</gpxdata:speed>
    </extensions>
   </trkpt>
   <trkpt lat="51.0158277" lon="13.8487249">
    <ele>107</ele>
    <time>2026-05-05T13:52:48Z</time>
    <extensions>
     <gpxdata:hr>98</gpxdata:hr>
     <gpxdata:distance>11453.00</gpxdata:distance>
     <gpxdata:speed>5.728</gpxdata:speed>
    </extensions>
   </trkpt>
   <trkpt lat="51.0158637" lon="13.8486630">
    <ele>107</ele>
    <time>2026-05-05T13:52:49Z</time>
    <extensions>
     <gpxdata:hr>99</gpxdata:hr>
     <gpxdata:distance>11459.00</gpxdata:distance>
     <gpxdata:speed>5.822</gpxdata:speed>
    </extensions>
   </trkpt>
   <trkpt lat="51.0159004" lon="13.8486010">
    <ele>107</ele>
    <time>2026-05-05T13:52:50Z</time>
    <extensions>
     <gpxdata:hr>100</gpxdata:hr>
     <gpxdata:distance>11465.00</gpxdata:distance>
     <gpxdata:speed>5.878</gpxdata:speed>
    </extensions>
   </trkpt>
   <trkpt lat="51.0159377" lon="13.8485393">
    <ele>107</ele>
    <time>2026-05-05T13:52:51Z</time>
    <extensions>
     <gpxdata:hr>101</gpxdata:hr>
     <gpxdata:distance>11471.00</gpxdata:distance>
     <gpxdata:speed>5.953</gpxdata:speed>
    </extensions>
   </trkpt>
   <trkpt lat="51.0159767" lon="13.8484819">
    <ele>107</ele>
    <time>2026-05-05T13:52:52Z</time>
    <extensions>
     <gpxdata:hr>102</gpxdata:hr>
     <gpxdata:distance>11477.00</gpxdata:distance>
     <gpxdata:speed>5.981</gpxdata:speed>
    </extensions>
   </trkpt>
   <trkpt lat="51.0160196" lon="13.8484313">
    <ele>107</ele>
    <time>2026-05-05T13:52:53Z</time>
    <extensions>
     <gpxdata:hr>102</gpxdata:hr>
     <gpxdata:distance>11483.00</gpxdata:distance>
     <gpxdata:speed>5.961</gpxdata:speed>
    </extensions>
   </trkpt>
   <trkpt lat="51.0160822" lon="13.8483758">
    <ele>108</ele>
    <time>2026-05-05T13:52:54Z</time>
    <extensions>
     <gpxdata:hr>102</gpxdata:hr>
     <gpxdata:distance>11489.00</gpxdata:distance>
     <gpxdata:speed>6.000</gpxdata:speed>
    </extensions>
   </trkpt>
   <trkpt lat="51.0161352" lon="13.8483402">
    <ele>108</ele>
    <time>2026-05-05T13:52:55Z</time>
    <extensions>
     <gpxdata:hr>102</gpxdata:hr>
     <gpxdata:distance>11495.00</gpxdata:distance>
     <gpxdata:speed>6.033</gpxdata:speed>
    </extensions>
   </trkpt>
   <trkpt lat="51.0161863" lon="13.8483012">
    <ele>108</ele>
    <time>2026-05-05T13:52:56Z</time>
    <extensions>
     <gpxdata:hr>101</gpxdata:hr>
     <gpxdata:distance>11501.00</gpxdata:distance>
     <gpxdata:speed>6.094</gpxdata:speed>
    </extensions>
   </trkpt>
   <trkpt lat="51.0162347" lon="13.8482509">
    <ele>108</ele>
    <time>2026-05-05T13:52:57Z</time>
    <extensions>
     <gpxdata:hr>101</gpxdata:hr>
     <gpxdata:distance>11507.50</gpxdata:distance>
     <gpxdata:speed>6.175</gpxdata:speed>
    </extensions>
   </trkpt>
   <trkpt lat="51.0162808" lon="13.8481910">
    <ele>108</ele>
    <time>2026-05-05T13:52:58Z</time>
    <extensions>
     <gpxdata:hr>101</gpxdata:hr>
     <gpxdata:distance>11514.00</gpxdata:distance>
     <gpxdata:speed>6.294</gpxdata:speed>
    </extensions>
   </trkpt>
   <trkpt lat="51.0163271" lon="13.8481243">
    <ele>108</ele>
    <time>2026-05-05T13:52:59Z</time>
    <extensions>
     <gpxdata:hr>102</gpxdata:hr>
     <gpxdata:distance>11521.00</gpxdata:distance>
     <gpxdata:speed>6.536</gpxdata:speed>
    </extensions>
   </trkpt>
   <trkpt lat="51.0163757" lon="13.8480537">
    <ele>108</ele>
    <time>2026-05-05T13:53:00Z</time>
    <extensions>
     <gpxdata:hr>102</gpxdata:hr>
     <gpxdata:distance>11528.00</gpxdata:distance>
     <gpxdata:speed>6.883</gpxdata:speed>
    </extensions>
   </trkpt>
   <trkpt lat="51.0164266" lon="13.8479811">
    <ele>108</ele>
    <time>2026-05-05T13:53:01Z</time>
    <extensions>
     <gpxdata:hr>103</gpxdata:hr>
     <gpxdata:distance>11535.50</gpxdata:distance>
     <gpxdata:speed>7.222</gpxdata:speed>
    </extensions>
   </trkpt>
   <trkpt lat="51.0164792" lon="13.8479075">
    <ele>107</ele>
    <time>2026-05-05T13:53:02Z</time>
    <extensions>
     <gpxdata:hr>103</gpxdata:hr>
     <gpxdata:distance>11543.00</gpxdata:distance>
     <gpxdata:speed>7.494</gpxdata:speed>
    </extensions>
   </trkpt>
   <trkpt lat="51.0165320" lon="13.8478322">
    <ele>107</ele>
    <time>2026-05-05T13:53:03Z</time>
    <extensions>
     <gpxdata:hr>103</gpxdata:hr>
     <gpxdata:distance>11551.00</gpxdata:distance>
     <gpxdata:speed>7.678</gpxdata:speed>
    </extensions>
   </trkpt>
   <trkpt lat="51.0165844" lon="13.8477558">
    <ele>107</ele>
    <time>2026-05-05T13:53:04Z</time>
    <extensions>
     <gpxdata:hr>103</gpxdata:hr>
     <gpxdata:distance>11559.00</gpxdata:distance>
     <gpxdata:speed>7.789</gpxdata:speed>
    </extensions>
   </trkpt>
   <trkpt lat="51.0166366" lon="13.8476796">
    <ele>107</ele>
    <time>2026-05-05T13:53:05Z</time>
    <extensions>
     <gpxdata:hr>103</gpxdata:hr>
     <gpxdata:distance>11567.00</gpxdata:distance>
     <gpxdata:speed>7.831</gpxdata:speed>
    </extensions>
   </trkpt>
   <trkpt lat="51.0166887" lon="13.8476042">
    <ele>107</ele>
    <time>2026-05-05T13:53:06Z</time>
    <extensions>
     <gpxdata:hr>103</gpxdata:hr>
     <gpxdata:distance>11575.00</gpxdata:distance>
     <gpxdata:speed>7.842</gpxdata:speed>
    </extensions>
   </trkpt>
   <trkpt lat="51.0167404" lon="13.8475288">
    <ele>106</ele>
    <time>2026-05-05T13:53:07Z</time>
    <extensions>
     <gpxdata:hr>102</gpxdata:hr>
     <gpxdata:distance>11583.00</gpxdata:distance>
     <gpxdata:speed>7.814</gpxdata:speed>
    </extensions>
   </trkpt>
   <trkpt lat="51.0167915" lon="13.8474534">
    <ele>106</ele>
    <time>2026-05-05T13:53:08Z</time>
    <extensions>
     <gpxdata:hr>102</gpxdata:hr>
     <gpxdata:distance>11591.00</gpxdata:distance>
     <gpxdata:speed>7.808</gpxdata:speed>
    </extensions>
   </trkpt>
   <trkpt lat="51.0168427" lon="13.8473789">
    <ele>106</ele>
    <time>2026-05-05T13:53:09Z</time>
    <extensions>
     <gpxdata:hr>101</gpxdata:hr>
     <gpxdata:distance>11598.50</gpxdata:distance>
     <gpxdata:speed>7.772</gpxdata:speed>
    </extensions>
   </trkpt>
   <trkpt lat="51.0168933" lon="13.8473048">
    <ele>106</ele>
    <time>2026-05-05T13:53:10Z</time>
    <extensions>
     <gpxdata:hr>101</gpxdata:hr>
     <gpxdata:distance>11606.00</gpxdata:distance>
     <gpxdata:speed>7.736</gpxdata:speed>
    </extensions>
   </trkpt>
   <trkpt lat="51.0169434" lon="13.8472322">
    <ele>106</ele>
    <time>2026-05-05T13:53:11Z</time>
    <extensions>
     <gpxdata:hr>101</gpxdata:hr>
     <gpxdata:distance>11613.50</gpxdata:distance>
     <gpxdata:speed>7.678</gpxdata:speed>
    </extensions>
   </trkpt>
   <trkpt lat="51.0169927" lon="13.8471615">
    <ele>106</ele>
    <time>2026-05-05T13:53:12Z</time>
    <extensions>
     <gpxdata:hr>101</gpxdata:hr>
     <gpxdata:distance>11621.00</gpxdata:distance>
     <gpxdata:speed>7.611</gpxdata:speed>
    </extensions>
   </trkpt>
   <trkpt lat="51.0170401" lon="13.8470910">
    <ele>106</ele>
    <time>2026-05-05T13:53:13Z</time>
    <extensions>
     <gpxdata:hr>102</gpxdata:hr>
     <gpxdata:distance>11628.00</gpxdata:distance>
     <gpxdata:speed>7.522</gpxdata:speed>
    </extensions>
   </trkpt>
   <trkpt lat="51.0170853" lon="13.8470198">
    <ele>106</ele>
    <time>2026-05-05T13:53:14Z</time>
    <extensions>
     <gpxdata:hr>102</gpxdata:hr>
     <gpxdata:distance>11635.00</gpxdata:distance>
     <gpxdata:speed>7.408</gpxdata:speed>
    </extensions>
   </trkpt>
   <trkpt lat="51.0171282" lon="13.8469477">
    <ele>106</ele>
    <time>2026-05-05T13:53:15Z</time>
    <extensions>
     <gpxdata:hr>102</gpxdata:hr>
     <gpxdata:distance>11642.00</gpxdata:distance>
     <gpxdata:speed>7.289</gpxdata:speed>
    </extensions>
   </trkpt>
   <trkpt lat="51.0171691" lon="13.8468754">
    <ele>106</ele>
    <time>2026-05-05T13:53:16Z</time>
    <extensions>
     <gpxdata:hr>102</gpxdata:hr>
     <gpxdata:distance>11649.00</gpxdata:distance>
     <gpxdata:speed>7.164</gpxdata:speed>
    </extensions>
   </trkpt>
   <trkpt lat="51.0172078" lon="13.8468026">
    <ele>106</ele>
    <time>2026-05-05T13:53:17Z</time>
    <extensions>
     <gpxdata:hr>102</gpxdata:hr>
     <gpxdata:distance>11656.00</gpxdata:distance>
     <gpxdata:speed>6.892</gpxdata:speed>
    </extensions>
   </trkpt>
   <trkpt lat="51.0172450" lon="13.8467302">
    <ele>106</ele>
    <time>2026-05-05T13:53:18Z</time>
    <extensions>
     <gpxdata:hr>102</gpxdata:hr>
     <gpxdata:distance>11663.00</gpxdata:distance>
     <gpxdata:speed>6.739</gpxdata:speed>
    </extensions>
   </trkpt>
   <trkpt lat="51.0172817" lon="13.8466606">
    <ele>106</ele>
    <time>2026-05-05T13:53:19Z</time>
    <extensions>
     <gpxdata:hr>102</gpxdata:hr>
     <gpxdata:distance>11669.00</gpxdata:distance>
     <gpxdata:speed>6.597</gpxdata:speed>
    </extensions>
   </trkpt>
   <trkpt lat="51.0173176" lon="13.8465947">
    <ele>106</ele>
    <time>2026-05-05T13:53:20Z</time>
    <extensions>
     <gpxdata:hr>102</gpxdata:hr>
     <gpxdata:distance>11675.00</gpxdata:distance>
     <gpxdata:speed>6.411</gpxdata:speed>
    </extensions>
   </trkpt>
   <trkpt lat="51.0173518" lon="13.8465308">
    <ele>106</ele>
    <time>2026-05-05T13:53:21Z</time>
    <extensions>
     <gpxdata:hr>102</gpxdata:hr>
     <gpxdata:distance>11681.00</gpxdata:distance>
     <gpxdata:speed>6.167</gpxdata:speed>
    </extensions>
   </trkpt>
   <trkpt lat="51.0173752" lon="13.8464853">
    <ele>106</ele>
    <time>2026-05-05T13:53:22Z</time>
    <extensions>
     <gpxdata:hr>103</gpxdata:hr>
     <gpxdata:distance>11687.00</gpxdata:distance>
     <gpxdata:speed>5.953</gpxdata:speed>
    </extensions>
   </trkpt>
   <trkpt lat="51.0174030" lon="13.8464279">
    <ele>107</ele>
    <time>2026-05-05T13:53:23Z</time>
    <extensions>
     <gpxdata:hr>105</gpxdata:hr>
     <gpxdata:distance>11692.50</gpxdata:distance>
     <gpxdata:speed>5.775</gpxdata:speed>
    </extensions>
   </trkpt>
   <trkpt lat="51.0174303" lon="13.8463681">
    <ele>107</ele>
    <time>2026-05-05T13:53:24Z</time>
    <extensions>
     <gpxdata:hr>106</gpxdata:hr>
     <gpxdata:distance>11698.00</gpxdata:distance>
     <gpxdata:speed>5.561</gpxdata:speed>
    </extensions>
   </trkpt>
   <trkpt lat="51.0174560" lon="13.8463091">
    <ele>107</ele>
    <time>2026-05-05T13:53:25Z</time>
    <extensions>
     <gpxdata:hr>107</gpxdata:hr>
     <gpxdata:distance>11703.00</gpxdata:distance>
     <gpxdata:speed>5.311</gpxdata:speed>
    </extensions>
   </trkpt>
   <trkpt lat="51.0174789" lon="13.8462503">
    <ele>107</ele>
    <time>2026-05-05T13:53:26Z</time>
    <extensions>
     <gpxdata:hr>106</gpxdata:hr>
     <gpxdata:distance>11708.00</gpxdata:distance>
     <gpxdata:speed>5.083</gpxdata:speed>
    </extensions>
   </trkpt>
   <trkpt lat="51.0174985" lon="13.8461898">
    <ele>107</ele>
    <time>2026-05-05T13:53:27Z</time>
    <extensions>
     <gpxdata:hr>107</gpxdata:hr>
     <gpxdata:distance>11712.50</gpxdata:distance>
     <gpxdata:speed>4.886</gpxdata:speed>
    </extensions>
   </trkpt>
   <trkpt lat="51.0175148" lon="13.8461249">
    <ele>108</ele>
    <time>2026-05-05T13:53:28Z</time>
    <extensions>
     <gpxdata:hr>108</gpxdata:hr>
     <gpxdata:distance>11717.00</gpxdata:distance>
     <gpxdata:speed>4.828</gpxdata:speed>
    </extensions>
   </trkpt>
   <trkpt lat="51.0175276" lon="13.8460560">
    <ele>108</ele>
    <time>2026-05-05T13:53:29Z</time>
    <extensions>
     <gpxdata:hr>108</gpxdata:hr>
     <gpxdata:distance>11722.00</gpxdata:distance>
     <gpxdata:speed>4.981</gpxdata:speed>
    </extensions>
   </trkpt>
   <trkpt lat="51.0175362" lon="13.8459834">
    <ele>108</ele>
    <time>2026-05-05T13:53:30Z</time>
    <extensions>
     <gpxdata:hr>109</gpxdata:hr>
     <gpxdata:distance>11727.00</gpxdata:distance>
     <gpxdata:speed>5.031</gpxdata:speed>
    </extensions>
   </trkpt>
   <trkpt lat="51.0175403" lon="13.8459082">
    <ele>108</ele>
    <time>2026-05-05T13:53:31Z</time>
    <extensions>
     <gpxdata:hr>111</gpxdata:hr>
     <gpxdata:distance>11732.50</gpxdata:distance>
     <gpxdata:speed>5.097</gpxdata:speed>
    </extensions>
   </trkpt>
   <trkpt lat="51.0175411" lon="13.8458310">
    <ele>109</ele>
    <time>2026-05-05T13:53:32Z</time>
    <extensions>
     <gpxdata:hr>112</gpxdata:hr>
     <gpxdata:distance>11738.00</gpxdata:distance>
     <gpxdata:speed>5.175</gpxdata:speed>
    </extensions>
   </trkpt>
   <trkpt lat="51.0175394" lon="13.8457513">
    <ele>109</ele>
    <time>2026-05-05T13:53:33Z</time>
    <extensions>
     <gpxdata:hr>113</gpxdata:hr>
     <gpxdata:distance>11744.00</gpxdata:distance>
     <gpxdata:speed>5.272</gpxdata:speed>
    </extensions>
   </trkpt>
   <trkpt lat="51.0175358" lon="13.8456693">
    <ele>109</ele>
    <time>2026-05-05T13:53:34Z</time>
    <extensions>
     <gpxdata:hr>113</gpxdata:hr>
     <gpxdata:distance>11750.00</gpxdata:distance>
     <gpxdata:speed>5.406</gpxdata:speed>
    </extensions>
   </trkpt>
   <trkpt lat="51.0175324" lon="13.8455853">
    <ele>109</ele>
    <time>2026-05-05T13:53:35Z</time>
    <extensions>
     <gpxdata:hr>114</gpxdata:hr>
     <gpxdata:distance>11755.50</gpxdata:distance>
     <gpxdata:speed>5.722</gpxdata:speed>
    </extensions>
   </trkpt>
   <trkpt lat="51.0175306" lon="13.8455006">
    <ele>109</ele>
    <time>2026-05-05T13:53:36Z</time>
    <extensions>
     <gpxdata:hr>115</gpxdata:hr>
     <gpxdata:distance>11761.00</gpxdata:distance>
     <gpxdata:speed>5.875</gpxdata:speed>
    </extensions>
   </trkpt>
   <trkpt lat="51.0175313" lon="13.8454170">
    <ele>109</ele>
    <time>2026-05-05T13:53:37Z</time>
    <extensions>
     <gpxdata:hr>115</gpxdata:hr>
     <gpxdata:distance>11767.00</gpxdata:distance>
     <gpxdata:speed>5.906</gpxdata:speed>
    </extensions>
   </trkpt>
   <trkpt lat="51.0175335" lon="13.8453369">
    <ele>109</ele>
    <time>2026-05-05T13:53:38Z</time>
    <extensions>
     <gpxdata:hr>115</gpxdata:hr>
     <gpxdata:distance>11773.00</gpxdata:distance>
     <gpxdata:speed>5.858</gpxdata:speed>
    </extensions>
   </trkpt>
   <trkpt lat="51.0175356" lon="13.8452621">
    <ele>109</ele>
    <time>2026-05-05T13:53:39Z</time>
    <extensions>
     <gpxdata:hr>114</gpxdata:hr>
     <gpxdata:distance>11778.00</gpxdata:distance>
     <gpxdata:speed>5.700</gpxdata:speed>
    </extensions>
   </trkpt>
   <trkpt lat="51.0175369" lon="13.8451918">
    <ele>109</ele>
    <time>2026-05-05T13:53:40Z</time>
    <extensions>
     <gpxdata:hr>113</gpxdata:hr>
     <gpxdata:distance>11783.00</gpxdata:distance>
     <gpxdata:speed>5.467</gpxdata:speed>
    </extensions>
   </trkpt>
   <trkpt lat="51.0175379" lon="13.8451232">
    <ele>109</ele>
    <time>2026-05-05T13:53:41Z</time>
    <extensions>
     <gpxdata:hr>112</gpxdata:hr>
     <gpxdata:distance>11788.00</gpxdata:distance>
     <gpxdata:speed>5.228</gpxdata:speed>
    </extensions>
   </trkpt>
   <trkpt lat="51.0175385" lon="13.8450539">
    <ele>109</ele>
    <time>2026-05-05T13:53:42Z</time>
    <extensions>
     <gpxdata:hr>112</gpxdata:hr>
     <gpxdata:distance>11793.00</gpxdata:distance>
     <gpxdata:speed>5.069</gpxdata:speed>
    </extensions>
   </trkpt>
   <trkpt lat="51.0175384" lon="13.8449829">
    <ele>109</ele>
    <time>2026-05-05T13:53:43Z</time>
    <extensions>
     <gpxdata:hr>111</gpxdata:hr>
     <gpxdata:distance>11798.00</gpxdata:distance>
     <gpxdata:speed>5.008</gpxdata:speed>
    </extensions>
   </trkpt>
   <trkpt lat="51.0175389" lon="13.8449095">
    <ele>109</ele>
    <time>2026-05-05T13:53:44Z</time>
    <extensions>
     <gpxdata:hr>110</gpxdata:hr>
     <gpxdata:distance>11803.00</gpxdata:distance>
     <gpxdata:speed>5.008</gpxdata:speed>
    </extensions>
   </trkpt>
   <trkpt lat="51.0175416" lon="13.8448326">
    <ele>110</ele>
    <time>2026-05-05T13:53:45Z</time>
    <extensions>
     <gpxdata:hr>110</gpxdata:hr>
     <gpxdata:distance>11808.50</gpxdata:distance>
     <gpxdata:speed>5.069</gpxdata:speed>
    </extensions>
   </trkpt>
   <trkpt lat="51.0175465" lon="13.8447531">
    <ele>110</ele>
    <time>2026-05-05T13:53:46Z</time>
    <extensions>
     <gpxdata:hr>110</gpxdata:hr>
     <gpxdata:distance>11814.00</gpxdata:distance>
     <gpxdata:speed>5.214</gpxdata:speed>
    </extensions>
   </trkpt>
   <trkpt lat="51.0175522" lon="13.8446722">
    <ele>110</ele>
    <time>2026-05-05T13:53:47Z</time>
    <extensions>
     <gpxdata:hr>111</gpxdata:hr>
     <gpxdata:distance>11819.50</gpxdata:distance>
     <gpxdata:speed>5.367</gpxdata:speed>
    </extensions>
   </trkpt>
   <trkpt lat="51.0175577" lon="13.8445898">
    <ele>110</ele>
    <time>2026-05-05T13:53:48Z</time>
    <extensions>
     <gpxdata:hr>112</gpxdata:hr>
     <gpxdata:distance>11825.00</gpxdata:distance>
     <gpxdata:speed>5.489</gpxdata:speed>
    </extensions>
   </trkpt>
   <trkpt lat="51.0175636" lon="13.8445065">
    <ele>110</ele>
    <time>2026-05-05T13:53:49Z</time>
    <extensions>
     <gpxdata:hr>112</gpxdata:hr>
     <gpxdata:distance>11831.00</gpxdata:distance>
     <gpxdata:speed>5.608</gpxdata:speed>
    </extensions>
   </trkpt>
   <trkpt lat="51.0175706" lon="13.8444224">
    <ele>110</ele>
    <time>2026-05-05T13:53:50Z</time>
    <extensions>
     <gpxdata:hr>113</gpxdata:hr>
     <gpxdata:distance>11837.00</gpxdata:distance>
     <gpxdata:speed>5.706</gpxdata:speed>
    </extensions>
   </trkpt>
   <trkpt lat="51.0175803" lon="13.8443376">
    <ele>111</ele>
    <time>2026-05-05T13:53:51Z</time>
    <extensions>
     <gpxdata:hr>114</gpxdata:hr>
     <gpxdata:distance>11843.00</gpxdata:distance>
     <gpxdata:speed>5.806</gpxdata:speed>
    </extensions>
   </trkpt>
   <trkpt lat="51.0175926" lon="13.8442515">
    <ele>111</ele>
    <time>2026-05-05T13:53:52Z</time>
    <extensions>
     <gpxdata:hr>114</gpxdata:hr>
     <gpxdata:distance>11849.00</gpxdata:distance>
     <gpxdata:speed>5.911</gpxdata:speed>
    </extensions>
   </trkpt>
   <trkpt lat="51.0176114" lon="13.8441367">
    <ele>111</ele>
    <time>2026-05-05T13:53:53Z</time>
    <extensions>
     <gpxdata:hr>114</gpxdata:hr>
     <gpxdata:distance>11855.50</gpxdata:distance>
     <gpxdata:speed>6.033</gpxdata:speed>
    </extensions>
   </trkpt>
   <trkpt lat="51.0176294" lon="13.8440503">
    <ele>111</ele>
    <time>2026-05-05T13:53:54Z</time>
    <extensions>
     <gpxdata:hr>114</gpxdata:hr>
     <gpxdata:distance>11862.00</gpxdata:distance>
     <gpxdata:speed>6.108</gpxdata:speed>
    </extensions>
   </trkpt>
   <trkpt lat="51.0176510" lon="13.8439720">
    <ele>111</ele>
    <time>2026-05-05T13:53:55Z</time>
    <extensions>
     <gpxdata:hr>114</gpxdata:hr>
     <gpxdata:distance>11868.00</gpxdata:distance>
     <gpxdata:speed>6.103</gpxdata:speed>
    </extensions>
   </trkpt>
   <trkpt lat="51.0176755" lon="13.8438974">
    <ele>111</ele>
    <time>2026-05-05T13:53:56Z</time>
    <extensions>
     <gpxdata:hr>113</gpxdata:hr>
     <gpxdata:distance>11874.00</gpxdata:distance>
     <gpxdata:speed>6.047</gpxdata:speed>
    </extensions>
   </trkpt>
   <trkpt lat="51.0176940" lon="13.8438445">
    <ele>111</ele>
    <time>2026-05-05T13:53:57Z</time>
    <extensions>
     <gpxdata:hr>113</gpxdata:hr>
     <gpxdata:distance>11879.50</gpxdata:distance>
     <gpxdata:speed>5.997</gpxdata:speed>
    </extensions>
   </trkpt>
   <trkpt lat="51.0177188" lon="13.8437777">
    <ele>111</ele>
    <time>2026-05-05T13:53:58Z</time>
    <extensions>
     <gpxdata:hr>112</gpxdata:hr>
     <gpxdata:distance>11885.00</gpxdata:distance>
     <gpxdata:speed>5.956</gpxdata:speed>
    </extensions>
   </trkpt>
   <trkpt lat="51.0177476" lon="13.8437079">
    <ele>111</ele>
    <time>2026-05-05T13:53:59Z</time>
    <extensions>
     <gpxdata:hr>112</gpxdata:hr>
     <gpxdata:distance>11891.00</gpxdata:distance>
     <gpxdata:speed>5.939</gpxdata:speed>
    </extensions>
   </trkpt>
   <trkpt lat="51.0177797" lon="13.8436385">
    <ele>111</ele>
    <time>2026-05-05T13:54:00Z</time>
    <extensions>
     <gpxdata:hr>113</gpxdata:hr>
     <gpxdata:distance>11897.00</gpxdata:distance>
     <gpxdata:speed>5.964</gpxdata:speed>
    </extensions>
   </trkpt>
   <trkpt lat="51.0178257" lon="13.8435480">
    <ele>111</ele>
    <time>2026-05-05T13:54:01Z</time>
    <extensions>
     <gpxdata:hr>113</gpxdata:hr>
     <gpxdata:distance>11903.50</gpxdata:distance>
     <gpxdata:speed>6.017</gpxdata:speed>
    </extensions>
   </trkpt>
   <trkpt lat="51.0178648" lon="13.8434808">
    <ele>111</ele>
    <time>2026-05-05T13:54:02Z</time>
    <extensions>
     <gpxdata:hr>112</gpxdata:hr>
     <gpxdata:distance>11910.00</gpxdata:distance>
     <gpxdata:speed>6.053</gpxdata:speed>
    </extensions>
   </trkpt>
   <trkpt lat="51.0179063" lon="13.8434203">
    <ele>111</ele>
    <time>2026-05-05T13:54:03Z</time>
    <extensions>
     <gpxdata:hr>112</gpxdata:hr>
     <gpxdata:distance>11916.00</gpxdata:distance>
     <gpxdata:speed>6.092</gpxdata:speed>
    </extensions>
   </trkpt>
   <trkpt lat="51.0179504" lon="13.8433644">
    <ele>111</ele>
    <time>2026-05-05T13:54:04Z</time>
    <extensions>
     <gpxdata:hr>113</gpxdata:hr>
     <gpxdata:distance>11922.00</gpxdata:distance>
     <gpxdata:speed>6.142</gpxdata:speed>
    </extensions>
   </trkpt>
   <trkpt lat="51.0179957" lon="13.8433102">
    <ele>111</ele>
    <time>2026-05-05T13:54:05Z</time>
    <extensions>
     <gpxdata:hr>113</gpxdata:hr>
     <gpxdata:distance>11928.50</gpxdata:distance>
     <gpxdata:speed>6.186</gpxdata:speed>
    </extensions>
   </trkpt>
   <trkpt lat="51.0180410" lon="13.8432559">
    <ele>111</ele>
    <time>2026-05-05T13:54:06Z</time>
    <extensions>
     <gpxdata:hr>112</gpxdata:hr>
     <gpxdata:distance>11935.00</gpxdata:distance>
     <gpxdata:speed>6.222</gpxdata:speed>
    </extensions>
   </trkpt>
   <trkpt lat="51.0180862" lon="13.8432014">
    <ele>111</ele>
    <time>2026-05-05T13:54:07Z</time>
    <extensions>
     <gpxdata:hr>112</gpxdata:hr>
     <gpxdata:distance>11941.00</gpxdata:distance>
     <gpxdata:speed>6.250</gpxdata:speed>
    </extensions>
   </trkpt>
   <trkpt lat="51.0181312" lon="13.8431462">
    <ele>111</ele>
    <time>2026-05-05T13:54:08Z</time>
    <extensions>
     <gpxdata:hr>111</gpxdata:hr>
     <gpxdata:distance>11947.00</gpxdata:distance>
     <gpxdata:speed>6.272</gpxdata:speed>
    </extensions>
   </trkpt>
   <trkpt lat="51.0181759" lon="13.8430907">
    <ele>111</ele>
    <time>2026-05-05T13:54:09Z</time>
    <extensions>
     <gpxdata:hr>110</gpxdata:hr>
     <gpxdata:distance>11953.50</gpxdata:distance>
     <gpxdata:speed>6.292</gpxdata:speed>
    </extensions>
   </trkpt>
   <trkpt lat="51.0182201" lon="13.8430344">
    <ele>111</ele>
    <time>2026-05-05T13:54:10Z</time>
    <extensions>
     <gpxdata:hr>110</gpxdata:hr>
     <gpxdata:distance>11960.00</gpxdata:distance>
     <gpxdata:speed>6.297</gpxdata:speed>
    </extensions>
   </trkpt>
   <trkpt lat="51.0182656" lon="13.8429797">
    <ele>111</ele>
    <time>2026-05-05T13:54:11Z</time>
    <extensions>
     <gpxdata:hr>109</gpxdata:hr>
     <gpxdata:distance>11966.50</gpxdata:distance>
     <gpxdata:speed>6.300</gpxdata:speed>
    </extensions>
   </trkpt>
   <trkpt lat="51.0183127" lon="13.8429278">
    <ele>111</ele>
    <time>2026-05-05T13:54:12Z</time>
    <extensions>
     <gpxdata:hr>108</gpxdata:hr>
     <gpxdata:distance>11973.00</gpxdata:distance>
     <gpxdata:speed>6.322</gpxdata:speed>
    </extensions>
   </trkpt>
   <trkpt lat="51.0183608" lon="13.8428781">
    <ele>111</ele>
    <time>2026-05-05T13:54:13Z</time>
    <extensions>
     <gpxdata:hr>108</gpxdata:hr>
     <gpxdata:distance>11979.00</gpxdata:distance>
     <gpxdata:speed>6.344</gpxdata:speed>
    </extensions>
   </trkpt>
   <trkpt lat="51.0184089" lon="13.8428287">
    <ele>111</ele>
    <time>2026-05-05T13:54:14Z</time>
    <extensions>
     <gpxdata:hr>108</gpxdata:hr>
     <gpxdata:distance>11985.00</gpxdata:distance>
     <gpxdata:speed>6.361</gpxdata:speed>
    </extensions>
   </trkpt>
   <trkpt lat="51.0184566" lon="13.8427780">
    <ele>111</ele>
    <time>2026-05-05T13:54:15Z</time>
    <extensions>
     <gpxdata:hr>107</gpxdata:hr>
     <gpxdata:distance>11991.50</gpxdata:distance>
     <gpxdata:speed>6.361</gpxdata:speed>
    </extensions>
   </trkpt>
   <trkpt lat="51.0185038" lon="13.8427265">
    <ele>111</ele>
    <time>2026-05-05T13:54:16Z</time>
    <extensions>
     <gpxdata:hr>107</gpxdata:hr>
     <gpxdata:distance>11998.00</gpxdata:distance>
     <gpxdata:speed>6.372</gpxdata:speed>
    </extensions>
   </trkpt>
   <trkpt lat="51.0185504" lon="13.8426753">
    <ele>111</ele>
    <time>2026-05-05T13:54:17Z</time>
    <extensions>
     <gpxdata:hr>107</gpxdata:hr>
     <gpxdata:distance>12004.50</gpxdata:distance>
     <gpxdata:speed>6.372</gpxdata:speed>
    </extensions>
   </trkpt>
   <trkpt lat="51.0185972" lon="13.8426264">
    <ele>111</ele>
    <time>2026-05-05T13:54:18Z</time>
    <extensions>
     <gpxdata:hr>108</gpxdata:hr>
     <gpxdata:distance>12011.00</gpxdata:distance>
     <gpxdata:speed>6.342</gpxdata:speed>
    </extensions>
   </trkpt>
   <trkpt lat="51.0186448" lon="13.8425804">
    <ele>111</ele>
    <time>2026-05-05T13:54:19Z</time>
    <extensions>
     <gpxdata:hr>107</gpxdata:hr>
     <gpxdata:distance>12017.00</gpxdata:distance>
     <gpxdata:speed>6.308</gpxdata:speed>
    </extensions>
   </trkpt>
   <trkpt lat="51.0186923" lon="13.8425361">
    <ele>111</ele>
    <time>2026-05-05T13:54:20Z</time>
    <extensions>
     <gpxdata:hr>108</gpxdata:hr>
     <gpxdata:distance>12023.00</gpxdata:distance>
     <gpxdata:speed>6.269</gpxdata:speed>
    </extensions>
   </trkpt>
   <trkpt lat="51.0187401" lon="13.8424923">
    <ele>111</ele>
    <time>2026-05-05T13:54:21Z</time>
    <extensions>
     <gpxdata:hr>108</gpxdata:hr>
     <gpxdata:distance>12029.00</gpxdata:distance>
     <gpxdata:speed>6.222</gpxdata:speed>
    </extensions>
   </trkpt>
   <trkpt lat="51.0187884" lon="13.8424490">
    <ele>111</ele>
    <time>2026-05-05T13:54:22Z</time>
    <extensions>
     <gpxdata:hr>107</gpxdata:hr>
     <gpxdata:distance>12035.00</gpxdata:distance>
     <gpxdata:speed>6.200</gpxdata:speed>
    </extensions>
   </trkpt>
   <trkpt lat="51.0188368" lon="13.8424053">
    <ele>111</ele>
    <time>2026-05-05T13:54:23Z</time>
    <extensions>
     <gpxdata:hr>107</gpxdata:hr>
     <gpxdata:distance>12041.50</gpxdata:distance>
     <gpxdata:speed>6.192</gpxdata:speed>
    </extensions>
   </trkpt>
   <trkpt lat="51.0188852" lon="13.8423612">
    <ele>111</ele>
    <time>2026-05-05T13:54:24Z</time>
    <extensions>
     <gpxdata:hr>107</gpxdata:hr>
     <gpxdata:distance>12048.00</gpxdata:distance>
     <gpxdata:speed>6.194</gpxdata:speed>
    </extensions>
   </trkpt>
   <trkpt lat="51.0189336" lon="13.8423168">
    <ele>111</ele>
    <time>2026-05-05T13:54:25Z</time>
    <extensions>
     <gpxdata:hr>106</gpxdata:hr>
     <gpxdata:distance>12054.00</gpxdata:distance>
     <gpxdata:speed>6.200</gpxdata:speed>
    </extensions>
   </trkpt>
   <trkpt lat="51.0189819" lon="13.8422717">
    <ele>111</ele>
    <time>2026-05-05T13:54:26Z</time>
    <extensions>
     <gpxdata:hr>106</gpxdata:hr>
     <gpxdata:distance>12060.00</gpxdata:distance>
     <gpxdata:speed>6.203</gpxdata:speed>
    </extensions>
   </trkpt>
   <trkpt lat="51.0190302" lon="13.8422259">
    <ele>111</ele>
    <time>2026-05-05T13:54:27Z</time>
    <extensions>
     <gpxdata:hr>106</gpxdata:hr>
     <gpxdata:distance>12066.50</gpxdata:distance>
     <gpxdata:speed>6.214</gpxdata:speed>
    </extensions>
   </trkpt>
   <trkpt lat="51.0190787" lon="13.8421808">
    <ele>111</ele>
    <time>2026-05-05T13:54:28Z</time>
    <extensions>
     <gpxdata:hr>106</gpxdata:hr>
     <gpxdata:distance>12073.00</gpxdata:distance>
     <gpxdata:speed>6.228</gpxdata:speed>
    </extensions>
   </trkpt>
   <trkpt lat="51.0191282" lon="13.8421375">
    <ele>111</ele>
    <time>2026-05-05T13:54:29Z</time>
    <extensions>
     <gpxdata:hr>106</gpxdata:hr>
     <gpxdata:distance>12079.00</gpxdata:distance>
     <gpxdata:speed>6.236</gpxdata:speed>
    </extensions>
   </trkpt>
   <trkpt lat="51.0191786" lon="13.8420956">
    <ele>111</ele>
    <time>2026-05-05T13:54:30Z</time>
    <extensions>
     <gpxdata:hr>107</gpxdata:hr>
     <gpxdata:distance>12085.00</gpxdata:distance>
     <gpxdata:speed>6.256</gpxdata:speed>
    </extensions>
   </trkpt>
   <trkpt lat="51.0192297" lon="13.8420556">
    <ele>111</ele>
    <time>2026-05-05T13:54:31Z</time>
    <extensions>
     <gpxdata:hr>107</gpxdata:hr>
     <gpxdata:distance>12091.50</gpxdata:distance>
     <gpxdata:speed>6.286</gpxdata:speed>
    </extensions>
   </trkpt>
   <trkpt lat="51.0192812" lon="13.8420192">
    <ele>111</ele>
    <time>2026-05-05T13:54:32Z</time>
    <extensions>
     <gpxdata:hr>107</gpxdata:hr>
     <gpxdata:distance>12098.00</gpxdata:distance>
     <gpxdata:speed>6.300</gpxdata:speed>
    </extensions>
   </trkpt>
   <trkpt lat="51.0193330" lon="13.8419882">
    <ele>111</ele>
    <time>2026-05-05T13:54:33Z</time>
    <extensions>
     <gpxdata:hr>107</gpxdata:hr>
     <gpxdata:distance>12104.00</gpxdata:distance>
     <gpxdata:speed>6.289</gpxdata:speed>
    </extensions>
   </trkpt>
   <trkpt lat="51.0193846" lon="13.8419640">
    <ele>111</ele>
    <time>2026-05-05T13:54:34Z</time>
    <extensions>
     <gpxdata:hr>107</gpxdata:hr>
     <gpxdata:distance>12110.00</gpxdata:distance>
     <gpxdata:speed>6.239</gpxdata:speed>
    </extensions>
   </trkpt>
   <trkpt lat="51.0194353" lon="13.8419443">
    <ele>111</ele>
    <time>2026-05-05T13:54:35Z</time>
    <extensions>
     <gpxdata:hr>106</gpxdata:hr>
     <gpxdata:distance>12116.00</gpxdata:distance>
     <gpxdata:speed>6.147</gpxdata:speed>
    </extensions>
   </trkpt>
   <trkpt lat="51.0194847" lon="13.8419264">
    <ele>111</ele>
    <time>2026-05-05T13:54:36Z</time>
    <extensions>
     <gpxdata:hr>106</gpxdata:hr>
     <gpxdata:distance>12122.00</gpxdata:distance>
     <gpxdata:speed>6.025</gpxdata:speed>
    </extensions>
   </trkpt>
   <trkpt lat="51.0195198" lon="13.8419127">
    <ele>111</ele>
    <time>2026-05-05T13:54:37Z</time>
    <extensions>
     <gpxdata:hr>105</gpxdata:hr>
     <gpxdata:distance>12127.50</gpxdata:distance>
     <gpxdata:speed>5.889</gpxdata:speed>
    </extensions>
   </trkpt>
   <trkpt lat="51.0195641" lon="13.8418931">
    <ele>111</ele>
    <time>2026-05-05T13:54:38Z</time>
    <extensions>
     <gpxdata:hr>104</gpxdata:hr>
     <gpxdata:distance>12133.00</gpxdata:distance>
     <gpxdata:speed>5.781</gpxdata:speed>
    </extensions>
   </trkpt>
   <trkpt lat="51.0196103" lon="13.8418696">
    <ele>111</ele>
    <time>2026-05-05T13:54:39Z</time>
    <extensions>
     <gpxdata:hr>103</gpxdata:hr>
     <gpxdata:distance>12138.50</gpxdata:distance>
     <gpxdata:speed>5.711</gpxdata:speed>
    </extensions>
   </trkpt>
   <trkpt lat="51.0196549" lon="13.8418459">
    <ele>111</ele>
    <time>2026-05-05T13:54:40Z</time>
    <extensions>
     <gpxdata:hr>103</gpxdata:hr>
     <gpxdata:distance>12144.00</gpxdata:distance>
     <gpxdata:speed>5.642</gpxdata:speed>
    </extensions>
   </trkpt>
   <trkpt lat="51.0196970" lon="13.8418281">
    <ele>111</ele>
    <time>2026-05-05T13:54:41Z</time>
    <extensions>
     <gpxdata:hr>102</gpxdata:hr>
     <gpxdata:distance>12148.50</gpxdata:distance>
     <gpxdata:speed>5.464</gpxdata:speed>
    </extensions>
   </trkpt>
   <trkpt lat="51.0197380" lon="13.8418270">
    <ele>111</ele>
    <time>2026-05-05T13:54:42Z</time>
    <extensions>
     <gpxdata:hr>101</gpxdata:hr>
     <gpxdata:distance>12153.00</gpxdata:distance>
     <gpxdata:speed>5.197</gpxdata:speed>
    </extensions>
   </trkpt>
   <trkpt lat="51.0197756" lon="13.8418494">
    <ele>111</ele>
    <time>2026-05-05T13:54:43Z</time>
    <extensions>
     <gpxdata:hr>101</gpxdata:hr>
     <gpxdata:distance>12157.50</gpxdata:distance>
     <gpxdata:speed>5.042</gpxdata:speed>
    </extensions>
   </trkpt>
   <trkpt lat="51.0198073" lon="13.8418941">
    <ele>111</ele>
    <time>2026-05-05T13:54:44Z</time>
    <extensions>
     <gpxdata:hr>100</gpxdata:hr>
     <gpxdata:distance>12162.00</gpxdata:distance>
     <gpxdata:speed>5.003</gpxdata:speed>
    </extensions>
   </trkpt>
   <trkpt lat="51.0198338" lon="13.8419543">
    <ele>110</ele>
    <time>2026-05-05T13:54:45Z</time>
    <extensions>
     <gpxdata:hr>99</gpxdata:hr>
     <gpxdata:distance>12167.50</gpxdata:distance>
     <gpxdata:speed>5.142</gpxdata:speed>
    </extensions>
   </trkpt>
   <trkpt lat="51.0198587" lon="13.8420218">
    <ele>110</ele>
    <time>2026-05-05T13:54:46Z</time>
    <extensions>
     <gpxdata:hr>98</gpxdata:hr>
     <gpxdata:distance>12173.00</gpxdata:distance>
     <gpxdata:speed>5.253</gpxdata:speed>
    </extensions>
   </trkpt>
   <trkpt lat="51.0198844" lon="13.8420924">
    <ele>110</ele>
    <time>2026-05-05T13:54:47Z</time>
    <extensions>
     <gpxdata:hr>97</gpxdata:hr>
     <gpxdata:distance>12179.00</gpxdata:distance>
     <gpxdata:speed>5.353</gpxdata:speed>
    </extensions>
   </trkpt>
   <trkpt lat="51.0199111" lon="13.8421637">
    <ele>110</ele>
    <time>2026-05-05T13:54:48Z</time>
    <extensions>
     <gpxdata:hr>96</gpxdata:hr>
     <gpxdata:distance>12185.00</gpxdata:distance>
     <gpxdata:speed>5.489</gpxdata:speed>
    </extensions>
   </trkpt>
   <trkpt lat="51.0199390" lon="13.8422349">
    <ele>110</ele>
    <time>2026-05-05T13:54:49Z</time>
    <extensions>
     <gpxdata:hr>95</gpxdata:hr>
     <gpxdata:distance>12190.50</gpxdata:distance>
     <gpxdata:speed>5.586</gpxdata:speed>
    </extensions>
   </trkpt>
   <trkpt lat="51.0199668" lon="13.8423056">
    <ele>109</ele>
    <time>2026-05-05T13:54:50Z</time>
    <extensions>
     <gpxdata:hr>94</gpxdata:hr>
     <gpxdata:distance>12196.00</gpxdata:distance>
     <gpxdata:speed>5.683</gpxdata:speed>
    </extensions>
   </trkpt>
   <trkpt lat="51.0199940" lon="13.8423761">
    <ele>109</ele>
    <time>2026-05-05T13:54:51Z</time>
    <extensions>
     <gpxdata:hr>93</gpxdata:hr>
     <gpxdata:distance>12202.00</gpxdata:distance>
     <gpxdata:speed>5.772</gpxdata:speed>
    </extensions>
   </trkpt>
   <trkpt lat="51.0200220" lon="13.8424458">
    <ele>109</ele>
    <time>2026-05-05T13:54:52Z</time>
    <extensions>
     <gpxdata:hr>92</gpxdata:hr>
     <gpxdata:distance>12208.00</gpxdata:distance>
     <gpxdata:speed>5.761</gpxdata:speed>
    </extensions>
   </trkpt>
   <trkpt lat="51.0200503" lon="13.8425160">
    <ele>109</ele>
    <time>2026-05-05T13:54:53Z</time>
    <extensions>
     <gpxdata:hr>91</gpxdata:hr>
     <gpxdata:distance>12214.00</gpxdata:distance>
     <gpxdata:speed>5.797</gpxdata:speed>
    </extensions>
   </trkpt>
   <trkpt lat="51.0200792" lon="13.8425875">
    <ele>109</ele>
    <time>2026-05-05T13:54:54Z</time>
    <extensions>
     <gpxdata:hr>90</gpxdata:hr>
     <gpxdata:distance>12220.00</gpxdata:distance>
     <gpxdata:speed>5.833</gpxdata:speed>
    </extensions>
   </trkpt>
   <trkpt lat="51.0201083" lon="13.8426611">
    <ele>109</ele>
    <time>2026-05-05T13:54:55Z</time>
    <extensions>
     <gpxdata:hr>89</gpxdata:hr>
     <gpxdata:distance>12226.00</gpxdata:distance>
     <gpxdata:speed>5.947</gpxdata:speed>
    </extensions>
   </trkpt>
   <trkpt lat="51.0201473" lon="13.8427629">
    <ele>108</ele>
    <time>2026-05-05T13:54:56Z</time>
    <extensions>
     <gpxdata:hr>89</gpxdata:hr>
     <gpxdata:distance>12232.00</gpxdata:distance>
     <gpxdata:speed>6.092</gpxdata:speed>
    </extensions>
   </trkpt>
   <trkpt lat="51.0201780" lon="13.8428448">
    <ele>108</ele>
    <time>2026-05-05T13:54:57Z</time>
    <extensions>
     <gpxdata:hr>89</gpxdata:hr>
     <gpxdata:distance>12238.50</gpxdata:distance>
     <gpxdata:speed>6.247</gpxdata:speed>
    </extensions>
   </trkpt>
   <trkpt lat="51.0202062" lon="13.8429278">
    <ele>108</ele>
    <time>2026-05-05T13:54:58Z</time>
    <extensions>
     <gpxdata:hr>90</gpxdata:hr>
     <gpxdata:distance>12245.00</gpxdata:distance>
     <gpxdata:speed>6.361</gpxdata:speed>
    </extensions>
   </trkpt>
   <trkpt lat="51.0202348" lon="13.8430114">
    <ele>108</ele>
    <time>2026-05-05T13:54:59Z</time>
    <extensions>
     <gpxdata:hr>90</gpxdata:hr>
     <gpxdata:distance>12251.50</gpxdata:distance>
     <gpxdata:speed>6.500</gpxdata:speed>
    </extensions>
   </trkpt>
   <trkpt lat="51.0202637" lon="13.8430938">
    <ele>108</ele>
    <time>2026-05-05T13:55:00Z</time>
    <extensions>
     <gpxdata:hr>90</gpxdata:hr>
     <gpxdata:distance>12258.00</gpxdata:distance>
     <gpxdata:speed>6.594</gpxdata:speed>
    </extensions>
   </trkpt>
   <trkpt lat="51.0202909" lon="13.8431709">
    <ele>108</ele>
    <time>2026-05-05T13:55:01Z</time>
    <extensions>
     <gpxdata:hr>90</gpxdata:hr>
     <gpxdata:distance>12264.00</gpxdata:distance>
     <gpxdata:speed>6.569</gpxdata:speed>
    </extensions>
   </trkpt>
   <trkpt lat="51.0203142" lon="13.8432343">
    <ele>108</ele>
    <time>2026-05-05T13:55:02Z</time>
    <extensions>
     <gpxdata:hr>89</gpxdata:hr>
     <gpxdata:distance>12270.00</gpxdata:distance>
     <gpxdata:speed>6.350</gpxdata:speed>
    </extensions>
   </trkpt>
   <trkpt lat="51.0203288" lon="13.8432659">
    <ele>108</ele>
    <time>2026-05-05T13:55:03Z</time>
    <extensions>
     <gpxdata:hr>87</gpxdata:hr>
     <gpxdata:distance>12273.50</gpxdata:distance>
     <gpxdata:speed>5.272</gpxdata:speed>
    </extensions>
   </trkpt>
   <trkpt lat="51.0203493" lon="13.8432886">
    <ele>108</ele>
    <time>2026-05-05T13:55:04Z</time>
    <extensions>
     <gpxdata:hr>86</gpxdata:hr>
     <gpxdata:distance>12277.00</gpxdata:distance>
     <gpxdata:speed>4.097</gpxdata:speed>
    </extensions>
   </trkpt>
   <trkpt lat="51.0203732" lon="13.8432888">
    <ele>108</ele>
    <time>2026-05-05T13:55:05Z</time>
    <extensions>
     <gpxdata:hr>85</gpxdata:hr>
     <gpxdata:distance>12280.00</gpxdata:distance>
     <gpxdata:speed>3.517</gpxdata:speed>
    </extensions>
   </trkpt>
   <trkpt lat="51.0203977" lon="13.8432701">
    <ele>107</ele>
    <time>2026-05-05T13:55:06Z</time>
    <extensions>
     <gpxdata:hr>84</gpxdata:hr>
     <gpxdata:distance>12283.00</gpxdata:distance>
     <gpxdata:speed>3.508</gpxdata:speed>
    </extensions>
   </trkpt>
   <trkpt lat="51.0204254" lon="13.8432408">
    <ele>107</ele>
    <time>2026-05-05T13:55:07Z</time>
    <extensions>
     <gpxdata:hr>84</gpxdata:hr>
     <gpxdata:distance>12287.00</gpxdata:distance>
     <gpxdata:speed>3.525</gpxdata:speed>
    </extensions>
   </trkpt>
   <trkpt lat="51.0204576" lon="13.8432066">
    <ele>107</ele>
    <time>2026-05-05T13:55:08Z</time>
    <extensions>
     <gpxdata:hr>84</gpxdata:hr>
     <gpxdata:distance>12291.00</gpxdata:distance>
     <gpxdata:speed>3.933</gpxdata:speed>
    </extensions>
   </trkpt>
   <trkpt lat="51.0204934" lon="13.8431706">
    <ele>107</ele>
    <time>2026-05-05T13:55:09Z</time>
    <extensions>
     <gpxdata:hr>84</gpxdata:hr>
     <gpxdata:distance>12296.00</gpxdata:distance>
     <gpxdata:speed>4.333</gpxdata:speed>
    </extensions>
   </trkpt>
   <trkpt lat="51.0205316" lon="13.8431322">
    <ele>107</ele>
    <time>2026-05-05T13:55:10Z</time>
    <extensions>
     <gpxdata:hr>85</gpxdata:hr>
     <gpxdata:distance>12301.00</gpxdata:distance>
     <gpxdata:speed>4.656</gpxdata:speed>
    </extensions>
   </trkpt>
   <trkpt lat="51.0205716" lon="13.8430918">
    <ele>106</ele>
    <time>2026-05-05T13:55:11Z</time>
    <extensions>
     <gpxdata:hr>85</gpxdata:hr>
     <gpxdata:distance>12306.50</gpxdata:distance>
     <gpxdata:speed>4.939</gpxdata:speed>
    </extensions>
   </trkpt>
   <trkpt lat="51.0206123" lon="13.8430517">
    <ele>106</ele>
    <time>2026-05-05T13:55:12Z</time>
    <extensions>
     <gpxdata:hr>86</gpxdata:hr>
     <gpxdata:distance>12312.00</gpxdata:distance>
     <gpxdata:speed>5.092</gpxdata:speed>
    </extensions>
   </trkpt>
   <trkpt lat="51.0206545" lon="13.8430116">
    <ele>106</ele>
    <time>2026-05-05T13:55:13Z</time>
    <extensions>
     <gpxdata:hr>89</gpxdata:hr>
     <gpxdata:distance>12317.50</gpxdata:distance>
     <gpxdata:speed>5.233</gpxdata:speed>
    </extensions>
   </trkpt>
   <trkpt lat="51.0206996" lon="13.8429703">
    <ele>106</ele>
    <time>2026-05-05T13:55:14Z</time>
    <extensions>
     <gpxdata:hr>91</gpxdata:hr>
     <gpxdata:distance>12323.00</gpxdata:distance>
     <gpxdata:speed>5.439</gpxdata:speed>
    </extensions>
   </trkpt>
   <trkpt lat="51.0207469" lon="13.8429274">
    <ele>107</ele>
    <time>2026-05-05T13:55:15Z</time>
    <extensions>
     <gpxdata:hr>94</gpxdata:hr>
     <gpxdata:distance>12329.00</gpxdata:distance>
     <gpxdata:speed>5.814</gpxdata:speed>
    </extensions>
   </trkpt>
   <trkpt lat="51.0208118" lon="13.8428715">
    <ele>107</ele>
    <time>2026-05-05T13:55:16Z</time>
    <extensions>
     <gpxdata:hr>97</gpxdata:hr>
     <gpxdata:distance>12335.00</gpxdata:distance>
     <gpxdata:speed>6.056</gpxdata:speed>
    </extensions>
   </trkpt>
   <trkpt lat="51.0208647" lon="13.8428307">
    <ele>107</ele>
    <time>2026-05-05T13:55:17Z</time>
    <extensions>
     <gpxdata:hr>98</gpxdata:hr>
     <gpxdata:distance>12341.50</gpxdata:distance>
     <gpxdata:speed>6.117</gpxdata:speed>
    </extensions>
   </trkpt>
   <trkpt lat="51.0209164" lon="13.8427936">
    <ele>107</ele>
    <time>2026-05-05T13:55:18Z</time>
    <extensions>
     <gpxdata:hr>98</gpxdata:hr>
     <gpxdata:distance>12348.00</gpxdata:distance>
     <gpxdata:speed>6.242</gpxdata:speed>
    </extensions>
   </trkpt>
   <trkpt lat="51.0209674" lon="13.8427591">
    <ele>107</ele>
    <time>2026-05-05T13:55:19Z</time>
    <extensions>
     <gpxdata:hr>97</gpxdata:hr>
     <gpxdata:distance>12354.00</gpxdata:distance>
     <gpxdata:speed>6.222</gpxdata:speed>
    </extensions>
   </trkpt>
   <trkpt lat="51.0210169" lon="13.8427270">
    <ele>107</ele>
    <time>2026-05-05T13:55:20Z</time>
    <extensions>
     <gpxdata:hr>96</gpxdata:hr>
     <gpxdata:distance>12360.00</gpxdata:distance>
     <gpxdata:speed>6.203</gpxdata:speed>
    </extensions>
   </trkpt>
   <trkpt lat="51.0210646" lon="13.8426948">
    <ele>107</ele>
    <time>2026-05-05T13:55:21Z</time>
    <extensions>
     <gpxdata:hr>95</gpxdata:hr>
     <gpxdata:distance>12365.50</gpxdata:distance>
     <gpxdata:speed>6.103</gpxdata:speed>
    </extensions>
   </trkpt>
   <trkpt lat="51.0210972" lon="13.8426703">
    <ele>107</ele>
    <time>2026-05-05T13:55:22Z</time>
    <extensions>
     <gpxdata:hr>94</gpxdata:hr>
     <gpxdata:distance>12371.00</gpxdata:distance>
     <gpxdata:speed>5.978</gpxdata:speed>
    </extensions>
   </trkpt>
   <trkpt lat="51.0211358" lon="13.8426377">
    <ele>107</ele>
    <time>2026-05-05T13:55:23Z</time>
    <extensions>
     <gpxdata:hr>94</gpxdata:hr>
     <gpxdata:distance>12376.50</gpxdata:distance>
     <gpxdata:speed>5.822</gpxdata:speed>
    </extensions>
   </trkpt>
   <trkpt lat="51.0211733" lon="13.8426039">
    <ele>107</ele>
    <time>2026-05-05T13:55:24Z</time>
    <extensions>
     <gpxdata:hr>95</gpxdata:hr>
     <gpxdata:distance>12382.00</gpxdata:distance>
     <gpxdata:speed>5.364</gpxdata:speed>
    </extensions>
   </trkpt>
   <trkpt lat="51.0212070" lon="13.8425734">
    <ele>107</ele>
    <time>2026-05-05T13:55:25Z</time>
    <extensions>
     <gpxdata:hr>95</gpxdata:hr>
     <gpxdata:distance>12386.00</gpxdata:distance>
     <gpxdata:speed>4.925</gpxdata:speed>
    </extensions>
   </trkpt>
   <trkpt lat="51.0212360" lon="13.8425471">
    <ele>107</ele>
    <time>2026-05-05T13:55:26Z</time>
    <extensions>
     <gpxdata:hr>94</gpxdata:hr>
     <gpxdata:distance>12390.00</gpxdata:distance>
     <gpxdata:speed>4.322</gpxdata:speed>
    </extensions>
   </trkpt>
   <trkpt lat="51.0212599" lon="13.8425250">
    <ele>107</ele>
    <time>2026-05-05T13:55:27Z</time>
    <extensions>
     <gpxdata:hr>94</gpxdata:hr>
     <gpxdata:distance>12392.50</gpxdata:distance>
     <gpxdata:speed>3.731</gpxdata:speed>
    </extensions>
   </trkpt>
   <trkpt lat="51.0212803" lon="13.8425095">
    <ele>107</ele>
    <time>2026-05-05T13:55:28Z</time>
    <extensions>
     <gpxdata:hr>94</gpxdata:hr>
     <gpxdata:distance>12395.00</gpxdata:distance>
     <gpxdata:speed>3.094</gpxdata:speed>
    </extensions>
   </trkpt>
   <trkpt lat="51.0212896" lon="13.8425050">
    <ele>107</ele>
    <time>2026-05-05T13:55:29Z</time>
    <extensions>
     <gpxdata:hr>94</gpxdata:hr>
     <gpxdata:distance>12397.00</gpxdata:distance>
     <gpxdata:speed>2.567</gpxdata:speed>
    </extensions>
   </trkpt>
  </trkseg>
 </trk>
</gpx>
