<?xml version="1.0" encoding="UTF-8"?>
<gpx xmlns="http://www.topografix.com/GPX/1/1" xmlns:gpxdata="http://www.cluetrust.com/XML/GPXDATA/1/0" xmlns:xsi="http://www.w3.org/2001/XMLSchema-instance" xsi:schemaLocation="http://www.topografix.com/GPX/1/1 https://www.topografix.com/GPX/1/1/gpx.xsd http://www.cluetrust.com/XML/GPXDATA/1/0 https://www.cluetrust.com/Schemas/gpxdata10.xsd" creator="COROS Wearables" version="1.1">
 <metadata>
  <link href="https://www.coros.com">
   <text>COROS</text>
  </link>
  <time>2026-06-06T10:28:26Z</time>
 </metadata>
 <trk>
  <name>Dresden Rennrad</name>
  <type>cycling</type>
  <trkseg>
   <trkpt lat="51.0542442" lon="13.7501535">
    <ele>104</ele>
    <time>2026-06-06T10:28:26Z</time>
    <extensions>
     <gpxdata:hr>107</gpxdata:hr>
     <gpxdata:distance>0.00</gpxdata:distance>
    </extensions>
   </trkpt>
   <trkpt lat="51.0542555" lon="13.7501913">
    <ele>104</ele>
    <time>2026-06-06T10:28:27Z</time>
    <extensions>
     <gpxdata:hr>107</gpxdata:hr>
     <gpxdata:distance>0.00</gpxdata:distance>
    </extensions>
   </trkpt>
   <trkpt lat="51.0542659" lon="13.7502256">
    <ele>104</ele>
    <time>2026-06-06T10:28:28Z</time>
    <extensions>
     <gpxdata:hr>112</gpxdata:hr>
     <gpxdata:distance>0.00</gpxdata:distance>
    </extensions>
   </trkpt>
   <trkpt lat="51.0542785" lon="13.7502685">
    <ele>104</ele>
    <time>2026-06-06T10:28:29Z</time>
    <extensions>
     <gpxdata:hr>112</gpxdata:hr>
     <gpxdata:distance>0.00</gpxdata:distance>
    </extensions>
   </trkpt>
   <trkpt lat="51.0542933" lon="13.7503196">
    <ele>104</ele>
    <time>2026-06-06T10:28:30Z</time>
    <extensions>
     <gpxdata:hr>112</gpxdata:hr>
     <gpxdata:distance>0.00</gpxdata:distance>
    </extensions>
   </trkpt>
   <trkpt lat="51.0543101" lon="13.7503765">
    <ele>104</ele>
    <time>2026-06-06T10:28:31Z</time>
    <extensions>
     <gpxdata:hr>112</gpxdata:hr>
     <gpxdata:distance>10.50</gpxdata:distance>
     <gpxdata:speed>4.222</gpxdata:speed>
    </extensions>
   </trkpt>
   <trkpt lat="51.0543280" lon="13.7504273">
    <ele>104</ele>
    <time>2026-06-06T10:28:32Z</time>
    <extensions>
     <gpxdata:hr>112</gpxdata:hr>
     <gpxdata:distance>21.00</gpxdata:distance>
     <gpxdata:speed>4.494</gpxdata:speed>
    </extensions>
   </trkpt>
   <trkpt lat="51.0543459" lon="13.7504826">
    <ele>104</ele>
    <time>2026-06-06T10:28:33Z</time>
    <extensions>
     <gpxdata:hr>111</gpxdata:hr>
     <gpxdata:distance>25.50</gpxdata:distance>
     <gpxdata:speed>4.367</gpxdata:speed>
    </extensions>
   </trkpt>
   <trkpt lat="51.0543645" lon="13.7505446">
    <ele>104</ele>
    <time>2026-06-06T10:28:34Z</time>
    <extensions>
     <gpxdata:hr>111</gpxdata:hr>
     <gpxdata:distance>30.00</gpxdata:distance>
     <gpxdata:speed>4.514</gpxdata:speed>
    </extensions>
   </trkpt>
   <trkpt lat="51.0543836" lon="13.7506112">
    <ele>104</ele>
    <time>2026-06-06T10:28:35Z</time>
    <extensions>
     <gpxdata:hr>111</gpxdata:hr>
     <gpxdata:distance>35.00</gpxdata:distance>
     <gpxdata:speed>4.772</gpxdata:speed>
    </extensions>
   </trkpt>
   <trkpt lat="51.0544031" lon="13.7506800">
    <ele>104</ele>
    <time>2026-06-06T10:28:36Z</time>
    <extensions>
     <gpxdata:hr>111</gpxdata:hr>
     <gpxdata:distance>40.00</gpxdata:distance>
     <gpxdata:speed>5.003</gpxdata:speed>
    </extensions>
   </trkpt>
   <trkpt lat="51.0544226" lon="13.7507463">
    <ele>104</ele>
    <time>2026-06-06T10:28:37Z</time>
    <extensions>
     <gpxdata:hr>112</gpxdata:hr>
     <gpxdata:distance>45.50</gpxdata:distance>
     <gpxdata:speed>5.167</gpxdata:speed>
    </extensions>
   </trkpt>
   <trkpt lat="51.0544414" lon="13.7508050">
    <ele>104</ele>
    <time>2026-06-06T10:28:38Z</time>
    <extensions>
     <gpxdata:hr>118</gpxdata:hr>
     <gpxdata:distance>51.00</gpxdata:distance>
     <gpxdata:speed>5.117</gpxdata:speed>
    </extensions>
   </trkpt>
   <trkpt lat="51.0544586" lon="13.7508541">
    <ele>105</ele>
    <time>2026-06-06T10:28:39Z</time>
    <extensions>
     <gpxdata:hr>120</gpxdata:hr>
     <gpxdata:distance>54.50</gpxdata:distance>
     <gpxdata:speed>4.867</gpxdata:speed>
    </extensions>
   </trkpt>
   <trkpt lat="51.0544733" lon="13.7508931">
    <ele>104</ele>
    <time>2026-06-06T10:28:40Z</time>
    <extensions>
     <gpxdata:hr>122</gpxdata:hr>
     <gpxdata:distance>58.00</gpxdata:distance>
     <gpxdata:speed>4.419</gpxdata:speed>
    </extensions>
   </trkpt>
   <trkpt lat="51.0544869" lon="13.7509250">
    <ele>104</ele>
    <time>2026-06-06T10:28:41Z</time>
    <extensions>
     <gpxdata:hr>121</gpxdata:hr>
     <gpxdata:distance>60.00</gpxdata:distance>
     <gpxdata:speed>3.831</gpxdata:speed>
    </extensions>
   </trkpt>
   <trkpt lat="51.0545012" lon="13.7509572">
    <ele>104</ele>
    <time>2026-06-06T10:28:42Z</time>
    <extensions>
     <gpxdata:hr>119</gpxdata:hr>
     <gpxdata:distance>62.00</gpxdata:distance>
     <gpxdata:speed>3.308</gpxdata:speed>
    </extensions>
   </trkpt>
   <trkpt lat="51.0545162" lon="13.7509951">
    <ele>104</ele>
    <time>2026-06-06T10:28:43Z</time>
    <extensions>
     <gpxdata:hr>118</gpxdata:hr>
     <gpxdata:distance>65.50</gpxdata:distance>
     <gpxdata:speed>3.106</gpxdata:speed>
    </extensions>
   </trkpt>
   <trkpt lat="51.0545317" lon="13.7510384">
    <ele>104</ele>
    <time>2026-06-06T10:28:44Z</time>
    <extensions>
     <gpxdata:hr>117</gpxdata:hr>
     <gpxdata:distance>69.00</gpxdata:distance>
     <gpxdata:speed>3.181</gpxdata:speed>
    </extensions>
   </trkpt>
   <trkpt lat="51.0545487" lon="13.7510861">
    <ele>104</ele>
    <time>2026-06-06T10:28:45Z</time>
    <extensions>
     <gpxdata:hr>117</gpxdata:hr>
     <gpxdata:distance>73.00</gpxdata:distance>
     <gpxdata:speed>3.317</gpxdata:speed>
    </extensions>
   </trkpt>
   <trkpt lat="51.0545677" lon="13.7511393">
    <ele>104</ele>
    <time>2026-06-06T10:28:46Z</time>
    <extensions>
     <gpxdata:hr>116</gpxdata:hr>
     <gpxdata:distance>77.00</gpxdata:distance>
     <gpxdata:speed>3.442</gpxdata:speed>
    </extensions>
   </trkpt>
   <trkpt lat="51.0545893" lon="13.7511978">
    <ele>104</ele>
    <time>2026-06-06T10:28:47Z</time>
    <extensions>
     <gpxdata:hr>116</gpxdata:hr>
     <gpxdata:distance>82.00</gpxdata:distance>
     <gpxdata:speed>3.633</gpxdata:speed>
    </extensions>
   </trkpt>
   <trkpt lat="51.0546129" lon="13.7512611">
    <ele>104</ele>
    <time>2026-06-06T10:28:48Z</time>
    <extensions>
     <gpxdata:hr>115</gpxdata:hr>
     <gpxdata:distance>87.00</gpxdata:distance>
     <gpxdata:speed>3.931</gpxdata:speed>
    </extensions>
   </trkpt>
   <trkpt lat="51.0546381" lon="13.7513291">
    <ele>104</ele>
    <time>2026-06-06T10:28:49Z</time>
    <extensions>
     <gpxdata:hr>115</gpxdata:hr>
     <gpxdata:distance>93.00</gpxdata:distance>
     <gpxdata:speed>4.386</gpxdata:speed>
    </extensions>
   </trkpt>
   <trkpt lat="51.0546641" lon="13.7514008">
    <ele>104</ele>
    <time>2026-06-06T10:28:50Z</time>
    <extensions>
     <gpxdata:hr>115</gpxdata:hr>
     <gpxdata:distance>99.00</gpxdata:distance>
     <gpxdata:speed>4.883</gpxdata:speed>
    </extensions>
   </trkpt>
   <trkpt lat="51.0546904" lon="13.7514758">
    <ele>104</ele>
    <time>2026-06-06T10:28:51Z</time>
    <extensions>
     <gpxdata:hr>116</gpxdata:hr>
     <gpxdata:distance>105.00</gpxdata:distance>
     <gpxdata:speed>5.314</gpxdata:speed>
    </extensions>
   </trkpt>
   <trkpt lat="51.0547174" lon="13.7515537">
    <ele>104</ele>
    <time>2026-06-06T10:28:52Z</time>
    <extensions>
     <gpxdata:hr>118</gpxdata:hr>
     <gpxdata:distance>111.00</gpxdata:distance>
     <gpxdata:speed>5.686</gpxdata:speed>
    </extensions>
   </trkpt>
   <trkpt lat="51.0547458" lon="13.7516342">
    <ele>104</ele>
    <time>2026-06-06T10:28:53Z</time>
    <extensions>
     <gpxdata:hr>121</gpxdata:hr>
     <gpxdata:distance>117.50</gpxdata:distance>
     <gpxdata:speed>5.992</gpxdata:speed>
    </extensions>
   </trkpt>
   <trkpt lat="51.0547857" lon="13.7517450">
    <ele>104</ele>
    <time>2026-06-06T10:28:54Z</time>
    <extensions>
     <gpxdata:hr>122</gpxdata:hr>
     <gpxdata:distance>124.00</gpxdata:distance>
     <gpxdata:speed>6.258</gpxdata:speed>
    </extensions>
   </trkpt>
   <trkpt lat="51.0548181" lon="13.7518343">
    <ele>104</ele>
    <time>2026-06-06T10:28:55Z</time>
    <extensions>
     <gpxdata:hr>123</gpxdata:hr>
     <gpxdata:distance>131.00</gpxdata:distance>
     <gpxdata:speed>6.697</gpxdata:speed>
    </extensions>
   </trkpt>
   <trkpt lat="51.0548502" lon="13.7519225">
    <ele>104</ele>
    <time>2026-06-06T10:28:56Z</time>
    <extensions>
     <gpxdata:hr>124</gpxdata:hr>
     <gpxdata:distance>138.00</gpxdata:distance>
     <gpxdata:speed>6.839</gpxdata:speed>
    </extensions>
   </trkpt>
   <trkpt lat="51.0548824" lon="13.7520118">
    <ele>104</ele>
    <time>2026-06-06T10:28:57Z</time>
    <extensions>
     <gpxdata:hr>125</gpxdata:hr>
     <gpxdata:distance>145.00</gpxdata:distance>
     <gpxdata:speed>6.975</gpxdata:speed>
    </extensions>
   </trkpt>
   <trkpt lat="51.0549144" lon="13.7521030">
    <ele>104</ele>
    <time>2026-06-06T10:28:58Z</time>
    <extensions>
     <gpxdata:hr>125</gpxdata:hr>
     <gpxdata:distance>152.00</gpxdata:distance>
     <gpxdata:speed>7.094</gpxdata:speed>
    </extensions>
   </trkpt>
   <trkpt lat="51.0549465" lon="13.7521963">
    <ele>104</ele>
    <time>2026-06-06T10:28:59Z</time>
    <extensions>
     <gpxdata:hr>124</gpxdata:hr>
     <gpxdata:distance>159.50</gpxdata:distance>
     <gpxdata:speed>7.208</gpxdata:speed>
    </extensions>
   </trkpt>
   <trkpt lat="51.0549789" lon="13.7522915">
    <ele>104</ele>
    <time>2026-06-06T10:29:00Z</time>
    <extensions>
     <gpxdata:hr>124</gpxdata:hr>
     <gpxdata:distance>167.00</gpxdata:distance>
     <gpxdata:speed>7.328</gpxdata:speed>
    </extensions>
   </trkpt>
   <trkpt lat="51.0550115" lon="13.7523876">
    <ele>104</ele>
    <time>2026-06-06T10:29:01Z</time>
    <extensions>
     <gpxdata:hr>124</gpxdata:hr>
     <gpxdata:distance>175.00</gpxdata:distance>
     <gpxdata:speed>7.447</gpxdata:speed>
    </extensions>
   </trkpt>
   <trkpt lat="51.0550447" lon="13.7524837">
    <ele>104</ele>
    <time>2026-06-06T10:29:02Z</time>
    <extensions>
     <gpxdata:hr>124</gpxdata:hr>
     <gpxdata:distance>183.00</gpxdata:distance>
     <gpxdata:speed>7.542</gpxdata:speed>
    </extensions>
   </trkpt>
   <trkpt lat="51.0550784" lon="13.7525795">
    <ele>104</ele>
    <time>2026-06-06T10:29:03Z</time>
    <extensions>
     <gpxdata:hr>123</gpxdata:hr>
     <gpxdata:distance>190.50</gpxdata:distance>
     <gpxdata:speed>7.611</gpxdata:speed>
    </extensions>
   </trkpt>
   <trkpt lat="51.0551122" lon="13.7526746">
    <ele>104</ele>
    <time>2026-06-06T10:29:04Z</time>
    <extensions>
     <gpxdata:hr>123</gpxdata:hr>
     <gpxdata:distance>198.00</gpxdata:distance>
     <gpxdata:speed>7.653</gpxdata:speed>
    </extensions>
   </trkpt>
   <trkpt lat="51.0551463" lon="13.7527682">
    <ele>104</ele>
    <time>2026-06-06T10:29:05Z</time>
    <extensions>
     <gpxdata:hr>123</gpxdata:hr>
     <gpxdata:distance>205.50</gpxdata:distance>
     <gpxdata:speed>7.667</gpxdata:speed>
    </extensions>
   </trkpt>
   <trkpt lat="51.0551799" lon="13.7528599">
    <ele>104</ele>
    <time>2026-06-06T10:29:06Z</time>
    <extensions>
     <gpxdata:hr>123</gpxdata:hr>
     <gpxdata:distance>213.00</gpxdata:distance>
     <gpxdata:speed>7.658</gpxdata:speed>
    </extensions>
   </trkpt>
   <trkpt lat="51.0552131" lon="13.7529499">
    <ele>104</ele>
    <time>2026-06-06T10:29:07Z</time>
    <extensions>
     <gpxdata:hr>123</gpxdata:hr>
     <gpxdata:distance>220.00</gpxdata:distance>
     <gpxdata:speed>7.628</gpxdata:speed>
    </extensions>
   </trkpt>
   <trkpt lat="51.0552459" lon="13.7530377">
    <ele>104</ele>
    <time>2026-06-06T10:29:08Z</time>
    <extensions>
     <gpxdata:hr>122</gpxdata:hr>
     <gpxdata:distance>227.00</gpxdata:distance>
     <gpxdata:speed>7.581</gpxdata:speed>
    </extensions>
   </trkpt>
   <trkpt lat="51.0552786" lon="13.7531231">
    <ele>104</ele>
    <time>2026-06-06T10:29:09Z</time>
    <extensions>
     <gpxdata:hr>121</gpxdata:hr>
     <gpxdata:distance>234.00</gpxdata:distance>
     <gpxdata:speed>7.275</gpxdata:speed>
    </extensions>
   </trkpt>
   <trkpt lat="51.0553108" lon="13.7532068">
    <ele>104</ele>
    <time>2026-06-06T10:29:10Z</time>
    <extensions>
     <gpxdata:hr>121</gpxdata:hr>
     <gpxdata:distance>241.00</gpxdata:distance>
     <gpxdata:speed>7.167</gpxdata:speed>
    </extensions>
   </trkpt>
   <trkpt lat="51.0553420" lon="13.7532890">
    <ele>103</ele>
    <time>2026-06-06T10:29:11Z</time>
    <extensions>
     <gpxdata:hr>119</gpxdata:hr>
     <gpxdata:distance>248.00</gpxdata:distance>
     <gpxdata:speed>7.056</gpxdata:speed>
    </extensions>
   </trkpt>
   <trkpt lat="51.0553728" lon="13.7533691">
    <ele>103</ele>
    <time>2026-06-06T10:29:12Z</time>
    <extensions>
     <gpxdata:hr>118</gpxdata:hr>
     <gpxdata:distance>255.00</gpxdata:distance>
     <gpxdata:speed>6.944</gpxdata:speed>
    </extensions>
   </trkpt>
   <trkpt lat="51.0554028" lon="13.7534464">
    <ele>103</ele>
    <time>2026-06-06T10:29:13Z</time>
    <extensions>
     <gpxdata:hr>118</gpxdata:hr>
     <gpxdata:distance>261.50</gpxdata:distance>
     <gpxdata:speed>6.658</gpxdata:speed>
    </extensions>
   </trkpt>
   <trkpt lat="51.0554309" lon="13.7535191">
    <ele>103</ele>
    <time>2026-06-06T10:29:14Z</time>
    <extensions>
     <gpxdata:hr>118</gpxdata:hr>
     <gpxdata:distance>268.00</gpxdata:distance>
     <gpxdata:speed>6.428</gpxdata:speed>
    </extensions>
   </trkpt>
   <trkpt lat="51.0554577" lon="13.7535867">
    <ele>103</ele>
    <time>2026-06-06T10:29:15Z</time>
    <extensions>
     <gpxdata:hr>116</gpxdata:hr>
     <gpxdata:distance>273.50</gpxdata:distance>
     <gpxdata:speed>6.072</gpxdata:speed>
    </extensions>
   </trkpt>
   <trkpt lat="51.0554764" lon="13.7536339">
    <ele>103</ele>
    <time>2026-06-06T10:29:16Z</time>
    <extensions>
     <gpxdata:hr>113</gpxdata:hr>
     <gpxdata:distance>279.00</gpxdata:distance>
     <gpxdata:speed>5.731</gpxdata:speed>
    </extensions>
   </trkpt>
   <trkpt lat="51.0554999" lon="13.7536936">
    <ele>103</ele>
    <time>2026-06-06T10:29:17Z</time>
    <extensions>
     <gpxdata:hr>111</gpxdata:hr>
     <gpxdata:distance>284.00</gpxdata:distance>
     <gpxdata:speed>5.539</gpxdata:speed>
    </extensions>
   </trkpt>
   <trkpt lat="51.0555250" lon="13.7537569">
    <ele>103</ele>
    <time>2026-06-06T10:29:18Z</time>
    <extensions>
     <gpxdata:hr>110</gpxdata:hr>
     <gpxdata:distance>289.00</gpxdata:distance>
     <gpxdata:speed>5.458</gpxdata:speed>
    </extensions>
   </trkpt>
   <trkpt lat="51.0555507" lon="13.7538210">
    <ele>103</ele>
    <time>2026-06-06T10:29:19Z</time>
    <extensions>
     <gpxdata:hr>107</gpxdata:hr>
     <gpxdata:distance>294.50</gpxdata:distance>
     <gpxdata:speed>5.419</gpxdata:speed>
    </extensions>
   </trkpt>
   <trkpt lat="51.0555759" lon="13.7538852">
    <ele>103</ele>
    <time>2026-06-06T10:29:20Z</time>
    <extensions>
     <gpxdata:hr>103</gpxdata:hr>
     <gpxdata:distance>300.00</gpxdata:distance>
     <gpxdata:speed>5.383</gpxdata:speed>
    </extensions>
   </trkpt>
   <trkpt lat="51.0556003" lon="13.7539479">
    <ele>103</ele>
    <time>2026-06-06T10:29:21Z</time>
    <extensions>
     <gpxdata:hr>101</gpxdata:hr>
     <gpxdata:distance>305.00</gpxdata:distance>
     <gpxdata:speed>5.317</gpxdata:speed>
    </extensions>
   </trkpt>
   <trkpt lat="51.0556236" lon="13.7540074">
    <ele>103</ele>
    <time>2026-06-06T10:29:22Z</time>
    <extensions>
     <gpxdata:hr>101</gpxdata:hr>
     <gpxdata:distance>310.00</gpxdata:distance>
     <gpxdata:speed>5.150</gpxdata:speed>
    </extensions>
   </trkpt>
   <trkpt lat="51.0556460" lon="13.7540639">
    <ele>103</ele>
    <time>2026-06-06T10:29:23Z</time>
    <extensions>
     <gpxdata:hr>101</gpxdata:hr>
     <gpxdata:distance>314.50</gpxdata:distance>
     <gpxdata:speed>4.878</gpxdata:speed>
    </extensions>
   </trkpt>
   <trkpt lat="51.0556678" lon="13.7541182">
    <ele>103</ele>
    <time>2026-06-06T10:29:24Z</time>
    <extensions>
     <gpxdata:hr>101</gpxdata:hr>
     <gpxdata:distance>319.00</gpxdata:distance>
     <gpxdata:speed>4.667</gpxdata:speed>
    </extensions>
   </trkpt>
   <trkpt lat="51.0556894" lon="13.7541709">
    <ele>103</ele>
    <time>2026-06-06T10:29:25Z</time>
    <extensions>
     <gpxdata:hr>101</gpxdata:hr>
     <gpxdata:distance>323.50</gpxdata:distance>
     <gpxdata:speed>4.536</gpxdata:speed>
    </extensions>
   </trkpt>
   <trkpt lat="51.0557101" lon="13.7542225">
    <ele>103</ele>
    <time>2026-06-06T10:29:26Z</time>
    <extensions>
     <gpxdata:hr>101</gpxdata:hr>
     <gpxdata:distance>328.00</gpxdata:distance>
     <gpxdata:speed>4.425</gpxdata:speed>
    </extensions>
   </trkpt>
   <trkpt lat="51.0557306" lon="13.7542745">
    <ele>103</ele>
    <time>2026-06-06T10:29:27Z</time>
    <extensions>
     <gpxdata:hr>102</gpxdata:hr>
     <gpxdata:distance>332.50</gpxdata:distance>
     <gpxdata:speed>4.308</gpxdata:speed>
    </extensions>
   </trkpt>
   <trkpt lat="51.0557519" lon="13.7543283">
    <ele>103</ele>
    <time>2026-06-06T10:29:28Z</time>
    <extensions>
     <gpxdata:hr>102</gpxdata:hr>
     <gpxdata:distance>337.00</gpxdata:distance>
     <gpxdata:speed>4.333</gpxdata:speed>
    </extensions>
   </trkpt>
   <trkpt lat="51.0557737" lon="13.7543824">
    <ele>103</ele>
    <time>2026-06-06T10:29:29Z</time>
    <extensions>
     <gpxdata:hr>101</gpxdata:hr>
     <gpxdata:distance>341.50</gpxdata:distance>
     <gpxdata:speed>4.419</gpxdata:speed>
    </extensions>
   </trkpt>
   <trkpt lat="51.0557947" lon="13.7544346">
    <ele>103</ele>
    <time>2026-06-06T10:29:30Z</time>
    <extensions>
     <gpxdata:hr>97</gpxdata:hr>
     <gpxdata:distance>346.00</gpxdata:distance>
     <gpxdata:speed>4.489</gpxdata:speed>
    </extensions>
   </trkpt>
   <trkpt lat="51.0558150" lon="13.7544849">
    <ele>103</ele>
    <time>2026-06-06T10:29:31Z</time>
    <extensions>
     <gpxdata:hr>96</gpxdata:hr>
     <gpxdata:distance>350.00</gpxdata:distance>
     <gpxdata:speed>4.286</gpxdata:speed>
    </extensions>
   </trkpt>
   <trkpt lat="51.0558352" lon="13.7545334">
    <ele>103</ele>
    <time>2026-06-06T10:29:32Z</time>
    <extensions>
     <gpxdata:hr>96</gpxdata:hr>
     <gpxdata:distance>354.00</gpxdata:distance>
     <gpxdata:speed>4.189</gpxdata:speed>
    </extensions>
   </trkpt>
   <trkpt lat="51.0558558" lon="13.7545804">
    <ele>103</ele>
    <time>2026-06-06T10:29:33Z</time>
    <extensions>
     <gpxdata:hr>96</gpxdata:hr>
     <gpxdata:distance>358.00</gpxdata:distance>
     <gpxdata:speed>4.125</gpxdata:speed>
    </extensions>
   </trkpt>
   <trkpt lat="51.0558761" lon="13.7546267">
    <ele>103</ele>
    <time>2026-06-06T10:29:34Z</time>
    <extensions>
     <gpxdata:hr>96</gpxdata:hr>
     <gpxdata:distance>362.00</gpxdata:distance>
     <gpxdata:speed>4.075</gpxdata:speed>
    </extensions>
   </trkpt>
   <trkpt lat="51.0558951" lon="13.7546721">
    <ele>103</ele>
    <time>2026-06-06T10:29:35Z</time>
    <extensions>
     <gpxdata:hr>96</gpxdata:hr>
     <gpxdata:distance>365.50</gpxdata:distance>
     <gpxdata:speed>4.019</gpxdata:speed>
    </extensions>
   </trkpt>
   <trkpt lat="51.0559132" lon="13.7547150">
    <ele>103</ele>
    <time>2026-06-06T10:29:36Z</time>
    <extensions>
     <gpxdata:hr>96</gpxdata:hr>
     <gpxdata:distance>369.00</gpxdata:distance>
     <gpxdata:speed>3.922</gpxdata:speed>
    </extensions>
   </trkpt>
   <trkpt lat="51.0559310" lon="13.7547558">
    <ele>103</ele>
    <time>2026-06-06T10:29:37Z</time>
    <extensions>
     <gpxdata:hr>96</gpxdata:hr>
     <gpxdata:distance>372.50</gpxdata:distance>
     <gpxdata:speed>3.775</gpxdata:speed>
    </extensions>
   </trkpt>
   <trkpt lat="51.0559481" lon="13.7547960">
    <ele>103</ele>
    <time>2026-06-06T10:29:38Z</time>
    <extensions>
     <gpxdata:hr>96</gpxdata:hr>
     <gpxdata:distance>376.00</gpxdata:distance>
     <gpxdata:speed>3.494</gpxdata:speed>
    </extensions>
   </trkpt>
   <trkpt lat="51.0559647" lon="13.7548371">
    <ele>103</ele>
    <time>2026-06-06T10:29:39Z</time>
    <extensions>
     <gpxdata:hr>95</gpxdata:hr>
     <gpxdata:distance>379.50</gpxdata:distance>
     <gpxdata:speed>3.425</gpxdata:speed>
    </extensions>
   </trkpt>
   <trkpt lat="51.0559814" lon="13.7548793">
    <ele>103</ele>
    <time>2026-06-06T10:29:40Z</time>
    <extensions>
     <gpxdata:hr>95</gpxdata:hr>
     <gpxdata:distance>383.00</gpxdata:distance>
     <gpxdata:speed>3.453</gpxdata:speed>
    </extensions>
   </trkpt>
   <trkpt lat="51.0559987" lon="13.7549220">
    <ele>103</ele>
    <time>2026-06-06T10:29:41Z</time>
    <extensions>
     <gpxdata:hr>95</gpxdata:hr>
     <gpxdata:distance>386.50</gpxdata:distance>
     <gpxdata:speed>3.511</gpxdata:speed>
    </extensions>
   </trkpt>
   <trkpt lat="51.0560164" lon="13.7549645">
    <ele>103</ele>
    <time>2026-06-06T10:29:42Z</time>
    <extensions>
     <gpxdata:hr>95</gpxdata:hr>
     <gpxdata:distance>390.00</gpxdata:distance>
     <gpxdata:speed>3.569</gpxdata:speed>
    </extensions>
   </trkpt>
   <trkpt lat="51.0560333" lon="13.7550050">
    <ele>103</ele>
    <time>2026-06-06T10:29:43Z</time>
    <extensions>
     <gpxdata:hr>95</gpxdata:hr>
     <gpxdata:distance>393.50</gpxdata:distance>
     <gpxdata:speed>3.547</gpxdata:speed>
    </extensions>
   </trkpt>
   <trkpt lat="51.0560497" lon="13.7550441">
    <ele>103</ele>
    <time>2026-06-06T10:29:44Z</time>
    <extensions>
     <gpxdata:hr>95</gpxdata:hr>
     <gpxdata:distance>397.00</gpxdata:distance>
     <gpxdata:speed>3.394</gpxdata:speed>
    </extensions>
   </trkpt>
   <trkpt lat="51.0560674" lon="13.7550836">
    <ele>103</ele>
    <time>2026-06-06T10:29:45Z</time>
    <extensions>
     <gpxdata:hr>93</gpxdata:hr>
     <gpxdata:distance>400.50</gpxdata:distance>
     <gpxdata:speed>3.314</gpxdata:speed>
    </extensions>
   </trkpt>
   <trkpt lat="51.0560870" lon="13.7551244">
    <ele>103</ele>
    <time>2026-06-06T10:29:46Z</time>
    <extensions>
     <gpxdata:hr>91</gpxdata:hr>
     <gpxdata:distance>404.00</gpxdata:distance>
     <gpxdata:speed>3.375</gpxdata:speed>
    </extensions>
   </trkpt>
   <trkpt lat="51.0561075" lon="13.7551670">
    <ele>103</ele>
    <time>2026-06-06T10:29:47Z</time>
    <extensions>
     <gpxdata:hr>90</gpxdata:hr>
     <gpxdata:distance>407.50</gpxdata:distance>
     <gpxdata:speed>3.500</gpxdata:speed>
    </extensions>
   </trkpt>
   <trkpt lat="51.0561264" lon="13.7552075">
    <ele>103</ele>
    <time>2026-06-06T10:29:48Z</time>
    <extensions>
     <gpxdata:hr>89</gpxdata:hr>
     <gpxdata:distance>411.00</gpxdata:distance>
     <gpxdata:speed>3.619</gpxdata:speed>
    </extensions>
   </trkpt>
   <trkpt lat="51.0561419" lon="13.7552411">
    <ele>103</ele>
    <time>2026-06-06T10:29:49Z</time>
    <extensions>
     <gpxdata:hr>90</gpxdata:hr>
     <gpxdata:distance>413.50</gpxdata:distance>
     <gpxdata:speed>3.439</gpxdata:speed>
    </extensions>
   </trkpt>
   <trkpt lat="51.0561498" lon="13.7552573">
    <ele>103</ele>
    <time>2026-06-06T10:29:50Z</time>
    <extensions>
     <gpxdata:hr>91</gpxdata:hr>
     <gpxdata:distance>416.00</gpxdata:distance>
     <gpxdata:speed>2.803</gpxdata:speed>
    </extensions>
   </trkpt>
   <trkpt lat="51.0561619" lon="13.7552801">
    <ele>103</ele>
    <time>2026-06-06T10:29:51Z</time>
    <extensions>
     <gpxdata:hr>96</gpxdata:hr>
     <gpxdata:distance>419.00</gpxdata:distance>
     <gpxdata:speed>2.500</gpxdata:speed>
    </extensions>
   </trkpt>
   <trkpt lat="51.0561777" lon="13.7553103">
    <ele>103</ele>
    <time>2026-06-06T10:29:52Z</time>
    <extensions>
     <gpxdata:hr>100</gpxdata:hr>
     <gpxdata:distance>422.00</gpxdata:distance>
     <gpxdata:speed>2.678</gpxdata:speed>
    </extensions>
   </trkpt>
   <trkpt lat="51.0562092" lon="13.7553730">
    <ele>103</ele>
    <time>2026-06-06T10:29:53Z</time>
    <extensions>
     <gpxdata:hr>102</gpxdata:hr>
     <gpxdata:distance>426.00</gpxdata:distance>
     <gpxdata:speed>3.006</gpxdata:speed>
    </extensions>
   </trkpt>
   <trkpt lat="51.0562348" lon="13.7554272">
    <ele>103</ele>
    <time>2026-06-06T10:29:54Z</time>
    <extensions>
     <gpxdata:hr>101</gpxdata:hr>
     <gpxdata:distance>430.00</gpxdata:distance>
     <gpxdata:speed>3.894</gpxdata:speed>
    </extensions>
   </trkpt>
   <trkpt lat="51.0562606" lon="13.7554851">
    <ele>103</ele>
    <time>2026-06-06T10:29:55Z</time>
    <extensions>
     <gpxdata:hr>102</gpxdata:hr>
     <gpxdata:distance>435.50</gpxdata:distance>
     <gpxdata:speed>4.436</gpxdata:speed>
    </extensions>
   </trkpt>
   <trkpt lat="51.0562883" lon="13.7555468">
    <ele>103</ele>
    <time>2026-06-06T10:29:56Z</time>
    <extensions>
     <gpxdata:hr>102</gpxdata:hr>
     <gpxdata:distance>441.00</gpxdata:distance>
     <gpxdata:speed>4.894</gpxdata:speed>
    </extensions>
   </trkpt>
   <trkpt lat="51.0563184" lon="13.7556115">
    <ele>103</ele>
    <time>2026-06-06T10:29:57Z</time>
    <extensions>
     <gpxdata:hr>103</gpxdata:hr>
     <gpxdata:distance>446.50</gpxdata:distance>
     <gpxdata:speed>5.239</gpxdata:speed>
    </extensions>
   </trkpt>
   <trkpt lat="51.0563487" lon="13.7556812">
    <ele>103</ele>
    <time>2026-06-06T10:29:58Z</time>
    <extensions>
     <gpxdata:hr>103</gpxdata:hr>
     <gpxdata:distance>452.00</gpxdata:distance>
     <gpxdata:speed>5.614</gpxdata:speed>
    </extensions>
   </trkpt>
   <trkpt lat="51.0563771" lon="13.7557562">
    <ele>103</ele>
    <time>2026-06-06T10:29:59Z</time>
    <extensions>
     <gpxdata:hr>104</gpxdata:hr>
     <gpxdata:distance>458.50</gpxdata:distance>
     <gpxdata:speed>5.908</gpxdata:speed>
    </extensions>
   </trkpt>
   <trkpt lat="51.0564137" lon="13.7558603">
    <ele>103</ele>
    <time>2026-06-06T10:30:00Z</time>
    <extensions>
     <gpxdata:hr>107</gpxdata:hr>
     <gpxdata:distance>465.00</gpxdata:distance>
     <gpxdata:speed>6.108</gpxdata:speed>
    </extensions>
   </trkpt>
   <trkpt lat="51.0564429" lon="13.7559413">
    <ele>103</ele>
    <time>2026-06-06T10:30:01Z</time>
    <extensions>
     <gpxdata:hr>110</gpxdata:hr>
     <gpxdata:distance>471.00</gpxdata:distance>
     <gpxdata:speed>6.239</gpxdata:speed>
    </extensions>
   </trkpt>
   <trkpt lat="51.0564735" lon="13.7560173">
    <ele>104</ele>
    <time>2026-06-06T10:30:02Z</time>
    <extensions>
     <gpxdata:hr>114</gpxdata:hr>
     <gpxdata:distance>477.00</gpxdata:distance>
     <gpxdata:speed>6.239</gpxdata:speed>
    </extensions>
   </trkpt>
   <trkpt lat="51.0565064" lon="13.7560898">
    <ele>104</ele>
    <time>2026-06-06T10:30:03Z</time>
    <extensions>
     <gpxdata:hr>114</gpxdata:hr>
     <gpxdata:distance>483.50</gpxdata:distance>
     <gpxdata:speed>6.261</gpxdata:speed>
    </extensions>
   </trkpt>
   <trkpt lat="51.0565409" lon="13.7561611">
    <ele>104</ele>
    <time>2026-06-06T10:30:04Z</time>
    <extensions>
     <gpxdata:hr>113</gpxdata:hr>
     <gpxdata:distance>490.00</gpxdata:distance>
     <gpxdata:speed>6.250</gpxdata:speed>
    </extensions>
   </trkpt>
   <trkpt lat="51.0565755" lon="13.7562331">
    <ele>104</ele>
    <time>2026-06-06T10:30:05Z</time>
    <extensions>
     <gpxdata:hr>115</gpxdata:hr>
     <gpxdata:distance>496.50</gpxdata:distance>
     <gpxdata:speed>6.303</gpxdata:speed>
    </extensions>
   </trkpt>
   <trkpt lat="51.0566101" lon="13.7563059">
    <ele>104</ele>
    <time>2026-06-06T10:30:06Z</time>
    <extensions>
     <gpxdata:hr>115</gpxdata:hr>
     <gpxdata:distance>503.00</gpxdata:distance>
     <gpxdata:speed>6.333</gpxdata:speed>
    </extensions>
   </trkpt>
   <trkpt lat="51.0566452" lon="13.7563785">
    <ele>104</ele>
    <time>2026-06-06T10:30:07Z</time>
    <extensions>
     <gpxdata:hr>114</gpxdata:hr>
     <gpxdata:distance>509.00</gpxdata:distance>
     <gpxdata:speed>6.364</gpxdata:speed>
    </extensions>
   </trkpt>
   <trkpt lat="51.0566802" lon="13.7564508">
    <ele>104</ele>
    <time>2026-06-06T10:30:08Z</time>
    <extensions>
     <gpxdata:hr>114</gpxdata:hr>
     <gpxdata:distance>515.00</gpxdata:distance>
     <gpxdata:speed>6.383</gpxdata:speed>
    </extensions>
   </trkpt>
   <trkpt lat="51.0567154" lon="13.7565223">
    <ele>104</ele>
    <time>2026-06-06T10:30:09Z</time>
    <extensions>
     <gpxdata:hr>115</gpxdata:hr>
     <gpxdata:distance>521.50</gpxdata:distance>
     <gpxdata:speed>6.381</gpxdata:speed>
    </extensions>
   </trkpt>
   <trkpt lat="51.0567515" lon="13.7565932">
    <ele>104</ele>
    <time>2026-06-06T10:30:10Z</time>
    <extensions>
     <gpxdata:hr>116</gpxdata:hr>
     <gpxdata:distance>528.00</gpxdata:distance>
     <gpxdata:speed>6.369</gpxdata:speed>
    </extensions>
   </trkpt>
   <trkpt lat="51.0567885" lon="13.7566642">
    <ele>104</ele>
    <time>2026-06-06T10:30:11Z</time>
    <extensions>
     <gpxdata:hr>115</gpxdata:hr>
     <gpxdata:distance>534.50</gpxdata:distance>
     <gpxdata:speed>6.381</gpxdata:speed>
    </extensions>
   </trkpt>
   <trkpt lat="51.0568254" lon="13.7567367">
    <ele>104</ele>
    <time>2026-06-06T10:30:12Z</time>
    <extensions>
     <gpxdata:hr>114</gpxdata:hr>
     <gpxdata:distance>541.00</gpxdata:distance>
     <gpxdata:speed>6.411</gpxdata:speed>
    </extensions>
   </trkpt>
   <trkpt lat="51.0568610" lon="13.7568109">
    <ele>104</ele>
    <time>2026-06-06T10:30:13Z</time>
    <extensions>
     <gpxdata:hr>114</gpxdata:hr>
     <gpxdata:distance>547.50</gpxdata:distance>
     <gpxdata:speed>6.453</gpxdata:speed>
    </extensions>
   </trkpt>
   <trkpt lat="51.0568960" lon="13.7568868">
    <ele>104</ele>
    <time>2026-06-06T10:30:14Z</time>
    <extensions>
     <gpxdata:hr>115</gpxdata:hr>
     <gpxdata:distance>554.00</gpxdata:distance>
     <gpxdata:speed>6.483</gpxdata:speed>
    </extensions>
   </trkpt>
   <trkpt lat="51.0569304" lon="13.7569636">
    <ele>104</ele>
    <time>2026-06-06T10:30:15Z</time>
    <extensions>
     <gpxdata:hr>114</gpxdata:hr>
     <gpxdata:distance>560.50</gpxdata:distance>
     <gpxdata:speed>6.522</gpxdata:speed>
    </extensions>
   </trkpt>
   <trkpt lat="51.0569644" lon="13.7570414">
    <ele>104</ele>
    <time>2026-06-06T10:30:16Z</time>
    <extensions>
     <gpxdata:hr>114</gpxdata:hr>
     <gpxdata:distance>567.00</gpxdata:distance>
     <gpxdata:speed>6.547</gpxdata:speed>
    </extensions>
   </trkpt>
   <trkpt lat="51.0569988" lon="13.7571199">
    <ele>104</ele>
    <time>2026-06-06T10:30:17Z</time>
    <extensions>
     <gpxdata:hr>114</gpxdata:hr>
     <gpxdata:distance>574.00</gpxdata:distance>
     <gpxdata:speed>6.581</gpxdata:speed>
    </extensions>
   </trkpt>
   <trkpt lat="51.0570345" lon="13.7571980">
    <ele>104</ele>
    <time>2026-06-06T10:30:18Z</time>
    <extensions>
     <gpxdata:hr>117</gpxdata:hr>
     <gpxdata:distance>581.00</gpxdata:distance>
     <gpxdata:speed>6.625</gpxdata:speed>
    </extensions>
   </trkpt>
   <trkpt lat="51.0570714" lon="13.7572755">
    <ele>104</ele>
    <time>2026-06-06T10:30:19Z</time>
    <extensions>
     <gpxdata:hr>117</gpxdata:hr>
     <gpxdata:distance>587.50</gpxdata:distance>
     <gpxdata:speed>6.675</gpxdata:speed>
    </extensions>
   </trkpt>
   <trkpt lat="51.0571074" lon="13.7573548">
    <ele>104</ele>
    <time>2026-06-06T10:30:20Z</time>
    <extensions>
     <gpxdata:hr>117</gpxdata:hr>
     <gpxdata:distance>594.00</gpxdata:distance>
     <gpxdata:speed>6.725</gpxdata:speed>
    </extensions>
   </trkpt>
   <trkpt lat="51.0571408" lon="13.7574366">
    <ele>104</ele>
    <time>2026-06-06T10:30:21Z</time>
    <extensions>
     <gpxdata:hr>117</gpxdata:hr>
     <gpxdata:distance>601.00</gpxdata:distance>
     <gpxdata:speed>6.772</gpxdata:speed>
    </extensions>
   </trkpt>
   <trkpt lat="51.0571731" lon="13.7575185">
    <ele>104</ele>
    <time>2026-06-06T10:30:22Z</time>
    <extensions>
     <gpxdata:hr>117</gpxdata:hr>
     <gpxdata:distance>608.00</gpxdata:distance>
     <gpxdata:speed>6.797</gpxdata:speed>
    </extensions>
   </trkpt>
   <trkpt lat="51.0572065" lon="13.7575971">
    <ele>104</ele>
    <time>2026-06-06T10:30:23Z</time>
    <extensions>
     <gpxdata:hr>117</gpxdata:hr>
     <gpxdata:distance>614.50</gpxdata:distance>
     <gpxdata:speed>6.781</gpxdata:speed>
    </extensions>
   </trkpt>
   <trkpt lat="51.0572411" lon="13.7576720">
    <ele>104</ele>
    <time>2026-06-06T10:30:24Z</time>
    <extensions>
     <gpxdata:hr>115</gpxdata:hr>
     <gpxdata:distance>621.00</gpxdata:distance>
     <gpxdata:speed>6.731</gpxdata:speed>
    </extensions>
   </trkpt>
   <trkpt lat="51.0572766" lon="13.7577432">
    <ele>104</ele>
    <time>2026-06-06T10:30:25Z</time>
    <extensions>
     <gpxdata:hr>115</gpxdata:hr>
     <gpxdata:distance>627.50</gpxdata:distance>
     <gpxdata:speed>6.647</gpxdata:speed>
    </extensions>
   </trkpt>
   <trkpt lat="51.0573133" lon="13.7578108">
    <ele>104</ele>
    <time>2026-06-06T10:30:26Z</time>
    <extensions>
     <gpxdata:hr>115</gpxdata:hr>
     <gpxdata:distance>634.00</gpxdata:distance>
     <gpxdata:speed>6.544</gpxdata:speed>
    </extensions>
   </trkpt>
   <trkpt lat="51.0573502" lon="13.7578765">
    <ele>104</ele>
    <time>2026-06-06T10:30:27Z</time>
    <extensions>
     <gpxdata:hr>114</gpxdata:hr>
     <gpxdata:distance>640.00</gpxdata:distance>
     <gpxdata:speed>6.447</gpxdata:speed>
    </extensions>
   </trkpt>
   <trkpt lat="51.0573859" lon="13.7579428">
    <ele>104</ele>
    <time>2026-06-06T10:30:28Z</time>
    <extensions>
     <gpxdata:hr>114</gpxdata:hr>
     <gpxdata:distance>646.00</gpxdata:distance>
     <gpxdata:speed>6.347</gpxdata:speed>
    </extensions>
   </trkpt>
   <trkpt lat="51.0574186" lon="13.7580088">
    <ele>104</ele>
    <time>2026-06-06T10:30:29Z</time>
    <extensions>
     <gpxdata:hr>112</gpxdata:hr>
     <gpxdata:distance>652.00</gpxdata:distance>
     <gpxdata:speed>6.264</gpxdata:speed>
    </extensions>
   </trkpt>
   <trkpt lat="51.0574389" lon="13.7580544">
    <ele>104</ele>
    <time>2026-06-06T10:30:30Z</time>
    <extensions>
     <gpxdata:hr>110</gpxdata:hr>
     <gpxdata:distance>658.00</gpxdata:distance>
     <gpxdata:speed>5.936</gpxdata:speed>
    </extensions>
   </trkpt>
   <trkpt lat="51.0574625" lon="13.7581102">
    <ele>104</ele>
    <time>2026-06-06T10:30:31Z</time>
    <extensions>
     <gpxdata:hr>110</gpxdata:hr>
     <gpxdata:distance>663.00</gpxdata:distance>
     <gpxdata:speed>5.475</gpxdata:speed>
    </extensions>
   </trkpt>
   <trkpt lat="51.0574881" lon="13.7581674">
    <ele>104</ele>
    <time>2026-06-06T10:30:32Z</time>
    <extensions>
     <gpxdata:hr>110</gpxdata:hr>
     <gpxdata:distance>668.00</gpxdata:distance>
     <gpxdata:speed>5.164</gpxdata:speed>
    </extensions>
   </trkpt>
   <trkpt lat="51.0575154" lon="13.7582243">
    <ele>104</ele>
    <time>2026-06-06T10:30:33Z</time>
    <extensions>
     <gpxdata:hr>109</gpxdata:hr>
     <gpxdata:distance>673.00</gpxdata:distance>
     <gpxdata:speed>5.114</gpxdata:speed>
    </extensions>
   </trkpt>
   <trkpt lat="51.0575424" lon="13.7582801">
    <ele>104</ele>
    <time>2026-06-06T10:30:34Z</time>
    <extensions>
     <gpxdata:hr>109</gpxdata:hr>
     <gpxdata:distance>678.00</gpxdata:distance>
     <gpxdata:speed>5.133</gpxdata:speed>
    </extensions>
   </trkpt>
   <trkpt lat="51.0575677" lon="13.7583335">
    <ele>104</ele>
    <time>2026-06-06T10:30:35Z</time>
    <extensions>
     <gpxdata:hr>108</gpxdata:hr>
     <gpxdata:distance>682.50</gpxdata:distance>
     <gpxdata:speed>4.944</gpxdata:speed>
    </extensions>
   </trkpt>
   <trkpt lat="51.0575918" lon="13.7583850">
    <ele>104</ele>
    <time>2026-06-06T10:30:36Z</time>
    <extensions>
     <gpxdata:hr>109</gpxdata:hr>
     <gpxdata:distance>687.00</gpxdata:distance>
     <gpxdata:speed>4.664</gpxdata:speed>
    </extensions>
   </trkpt>
   <trkpt lat="51.0576157" lon="13.7584351">
    <ele>104</ele>
    <time>2026-06-06T10:30:37Z</time>
    <extensions>
     <gpxdata:hr>109</gpxdata:hr>
     <gpxdata:distance>691.50</gpxdata:distance>
     <gpxdata:speed>4.508</gpxdata:speed>
    </extensions>
   </trkpt>
   <trkpt lat="51.0576396" lon="13.7584841">
    <ele>104</ele>
    <time>2026-06-06T10:30:38Z</time>
    <extensions>
     <gpxdata:hr>105</gpxdata:hr>
     <gpxdata:distance>696.00</gpxdata:distance>
     <gpxdata:speed>4.425</gpxdata:speed>
    </extensions>
   </trkpt>
   <trkpt lat="51.0576641" lon="13.7585322">
    <ele>103</ele>
    <time>2026-06-06T10:30:39Z</time>
    <extensions>
     <gpxdata:hr>103</gpxdata:hr>
     <gpxdata:distance>700.00</gpxdata:distance>
     <gpxdata:speed>4.372</gpxdata:speed>
    </extensions>
   </trkpt>
   <trkpt lat="51.0576894" lon="13.7585801">
    <ele>103</ele>
    <time>2026-06-06T10:30:40Z</time>
    <extensions>
     <gpxdata:hr>103</gpxdata:hr>
     <gpxdata:distance>704.00</gpxdata:distance>
     <gpxdata:speed>4.328</gpxdata:speed>
    </extensions>
   </trkpt>
   <trkpt lat="51.0577157" lon="13.7586299">
    <ele>103</ele>
    <time>2026-06-06T10:30:41Z</time>
    <extensions>
     <gpxdata:hr>104</gpxdata:hr>
     <gpxdata:distance>709.00</gpxdata:distance>
     <gpxdata:speed>4.347</gpxdata:speed>
    </extensions>
   </trkpt>
   <trkpt lat="51.0577422" lon="13.7586839">
    <ele>103</ele>
    <time>2026-06-06T10:30:42Z</time>
    <extensions>
     <gpxdata:hr>105</gpxdata:hr>
     <gpxdata:distance>714.00</gpxdata:distance>
     <gpxdata:speed>4.453</gpxdata:speed>
    </extensions>
   </trkpt>
   <trkpt lat="51.0577691" lon="13.7587424">
    <ele>103</ele>
    <time>2026-06-06T10:30:43Z</time>
    <extensions>
     <gpxdata:hr>105</gpxdata:hr>
     <gpxdata:distance>719.00</gpxdata:distance>
     <gpxdata:speed>4.614</gpxdata:speed>
    </extensions>
   </trkpt>
   <trkpt lat="51.0577969" lon="13.7588038">
    <ele>103</ele>
    <time>2026-06-06T10:30:44Z</time>
    <extensions>
     <gpxdata:hr>105</gpxdata:hr>
     <gpxdata:distance>724.00</gpxdata:distance>
     <gpxdata:speed>4.808</gpxdata:speed>
    </extensions>
   </trkpt>
   <trkpt lat="51.0578254" lon="13.7588663">
    <ele>103</ele>
    <time>2026-06-06T10:30:45Z</time>
    <extensions>
     <gpxdata:hr>103</gpxdata:hr>
     <gpxdata:distance>729.50</gpxdata:distance>
     <gpxdata:speed>5.006</gpxdata:speed>
    </extensions>
   </trkpt>
   <trkpt lat="51.0578540" lon="13.7589280">
    <ele>103</ele>
    <time>2026-06-06T10:30:46Z</time>
    <extensions>
     <gpxdata:hr>103</gpxdata:hr>
     <gpxdata:distance>735.00</gpxdata:distance>
     <gpxdata:speed>5.331</gpxdata:speed>
    </extensions>
   </trkpt>
   <trkpt lat="51.0578825" lon="13.7589885">
    <ele>103</ele>
    <time>2026-06-06T10:30:47Z</time>
    <extensions>
     <gpxdata:hr>103</gpxdata:hr>
     <gpxdata:distance>740.50</gpxdata:distance>
     <gpxdata:speed>5.328</gpxdata:speed>
    </extensions>
   </trkpt>
   <trkpt lat="51.0579109" lon="13.7590487">
    <ele>103</ele>
    <time>2026-06-06T10:30:48Z</time>
    <extensions>
     <gpxdata:hr>103</gpxdata:hr>
     <gpxdata:distance>746.00</gpxdata:distance>
     <gpxdata:speed>5.303</gpxdata:speed>
    </extensions>
   </trkpt>
   <trkpt lat="51.0579399" lon="13.7591091">
    <ele>103</ele>
    <time>2026-06-06T10:30:49Z</time>
    <extensions>
     <gpxdata:hr>103</gpxdata:hr>
     <gpxdata:distance>751.00</gpxdata:distance>
     <gpxdata:speed>5.272</gpxdata:speed>
    </extensions>
   </trkpt>
   <trkpt lat="51.0579700" lon="13.7591695">
    <ele>103</ele>
    <time>2026-06-06T10:30:50Z</time>
    <extensions>
     <gpxdata:hr>103</gpxdata:hr>
     <gpxdata:distance>756.00</gpxdata:distance>
     <gpxdata:speed>5.333</gpxdata:speed>
    </extensions>
   </trkpt>
   <trkpt lat="51.0580017" lon="13.7592289">
    <ele>103</ele>
    <time>2026-06-06T10:30:51Z</time>
    <extensions>
     <gpxdata:hr>102</gpxdata:hr>
     <gpxdata:distance>761.50</gpxdata:distance>
     <gpxdata:speed>5.411</gpxdata:speed>
    </extensions>
   </trkpt>
   <trkpt lat="51.0580347" lon="13.7592867">
    <ele>103</ele>
    <time>2026-06-06T10:30:52Z</time>
    <extensions>
     <gpxdata:hr>102</gpxdata:hr>
     <gpxdata:distance>767.00</gpxdata:distance>
     <gpxdata:speed>5.453</gpxdata:speed>
    </extensions>
   </trkpt>
   <trkpt lat="51.0580687" lon="13.7593433">
    <ele>103</ele>
    <time>2026-06-06T10:30:53Z</time>
    <extensions>
     <gpxdata:hr>102</gpxdata:hr>
     <gpxdata:distance>772.50</gpxdata:distance>
     <gpxdata:speed>5.461</gpxdata:speed>
    </extensions>
   </trkpt>
   <trkpt lat="51.0581035" lon="13.7594001">
    <ele>103</ele>
    <time>2026-06-06T10:30:54Z</time>
    <extensions>
     <gpxdata:hr>101</gpxdata:hr>
     <gpxdata:distance>778.00</gpxdata:distance>
     <gpxdata:speed>5.478</gpxdata:speed>
    </extensions>
   </trkpt>
   <trkpt lat="51.0581385" lon="13.7594585">
    <ele>103</ele>
    <time>2026-06-06T10:30:55Z</time>
    <extensions>
     <gpxdata:hr>101</gpxdata:hr>
     <gpxdata:distance>784.00</gpxdata:distance>
     <gpxdata:speed>5.517</gpxdata:speed>
    </extensions>
   </trkpt>
   <trkpt lat="51.0581728" lon="13.7595197">
    <ele>103</ele>
    <time>2026-06-06T10:30:56Z</time>
    <extensions>
     <gpxdata:hr>100</gpxdata:hr>
     <gpxdata:distance>790.00</gpxdata:distance>
     <gpxdata:speed>5.583</gpxdata:speed>
    </extensions>
   </trkpt>
   <trkpt lat="51.0582064" lon="13.7595830">
    <ele>103</ele>
    <time>2026-06-06T10:30:57Z</time>
    <extensions>
     <gpxdata:hr>98</gpxdata:hr>
     <gpxdata:distance>795.50</gpxdata:distance>
     <gpxdata:speed>5.658</gpxdata:speed>
    </extensions>
   </trkpt>
   <trkpt lat="51.0582387" lon="13.7596474">
    <ele>103</ele>
    <time>2026-06-06T10:30:58Z</time>
    <extensions>
     <gpxdata:hr>98</gpxdata:hr>
     <gpxdata:distance>801.00</gpxdata:distance>
     <gpxdata:speed>5.719</gpxdata:speed>
    </extensions>
   </trkpt>
   <trkpt lat="51.0582697" lon="13.7597115">
    <ele>103</ele>
    <time>2026-06-06T10:30:59Z</time>
    <extensions>
     <gpxdata:hr>98</gpxdata:hr>
     <gpxdata:distance>806.50</gpxdata:distance>
     <gpxdata:speed>5.733</gpxdata:speed>
    </extensions>
   </trkpt>
   <trkpt lat="51.0583002" lon="13.7597742">
    <ele>103</ele>
    <time>2026-06-06T10:31:00Z</time>
    <extensions>
     <gpxdata:hr>99</gpxdata:hr>
     <gpxdata:distance>812.00</gpxdata:distance>
     <gpxdata:speed>5.697</gpxdata:speed>
    </extensions>
   </trkpt>
   <trkpt lat="51.0583302" lon="13.7598352">
    <ele>103</ele>
    <time>2026-06-06T10:31:01Z</time>
    <extensions>
     <gpxdata:hr>99</gpxdata:hr>
     <gpxdata:distance>817.50</gpxdata:distance>
     <gpxdata:speed>5.625</gpxdata:speed>
    </extensions>
   </trkpt>
   <trkpt lat="51.0583598" lon="13.7598951">
    <ele>103</ele>
    <time>2026-06-06T10:31:02Z</time>
    <extensions>
     <gpxdata:hr>99</gpxdata:hr>
     <gpxdata:distance>823.00</gpxdata:distance>
     <gpxdata:speed>5.539</gpxdata:speed>
    </extensions>
   </trkpt>
   <trkpt lat="51.0583895" lon="13.7599538">
    <ele>103</ele>
    <time>2026-06-06T10:31:03Z</time>
    <extensions>
     <gpxdata:hr>99</gpxdata:hr>
     <gpxdata:distance>828.50</gpxdata:distance>
     <gpxdata:speed>5.458</gpxdata:speed>
    </extensions>
   </trkpt>
   <trkpt lat="51.0584197" lon="13.7600113">
    <ele>103</ele>
    <time>2026-06-06T10:31:04Z</time>
    <extensions>
     <gpxdata:hr>99</gpxdata:hr>
     <gpxdata:distance>834.00</gpxdata:distance>
     <gpxdata:speed>5.389</gpxdata:speed>
    </extensions>
   </trkpt>
   <trkpt lat="51.0584493" lon="13.7600687">
    <ele>103</ele>
    <time>2026-06-06T10:31:05Z</time>
    <extensions>
     <gpxdata:hr>99</gpxdata:hr>
     <gpxdata:distance>839.00</gpxdata:distance>
     <gpxdata:speed>5.336</gpxdata:speed>
    </extensions>
   </trkpt>
   <trkpt lat="51.0584779" lon="13.7601258">
    <ele>103</ele>
    <time>2026-06-06T10:31:06Z</time>
    <extensions>
     <gpxdata:hr>99</gpxdata:hr>
     <gpxdata:distance>844.00</gpxdata:distance>
     <gpxdata:speed>5.272</gpxdata:speed>
    </extensions>
   </trkpt>
   <trkpt lat="51.0585056" lon="13.7601822">
    <ele>103</ele>
    <time>2026-06-06T10:31:07Z</time>
    <extensions>
     <gpxdata:hr>99</gpxdata:hr>
     <gpxdata:distance>849.00</gpxdata:distance>
     <gpxdata:speed>5.194</gpxdata:speed>
    </extensions>
   </trkpt>
   <trkpt lat="51.0585324" lon="13.7602380">
    <ele>103</ele>
    <time>2026-06-06T10:31:08Z</time>
    <extensions>
     <gpxdata:hr>98</gpxdata:hr>
     <gpxdata:distance>854.00</gpxdata:distance>
     <gpxdata:speed>5.064</gpxdata:speed>
    </extensions>
   </trkpt>
   <trkpt lat="51.0585592" lon="13.7602943">
    <ele>103</ele>
    <time>2026-06-06T10:31:09Z</time>
    <extensions>
     <gpxdata:hr>97</gpxdata:hr>
     <gpxdata:distance>859.00</gpxdata:distance>
     <gpxdata:speed>4.942</gpxdata:speed>
    </extensions>
   </trkpt>
   <trkpt lat="51.0585884" lon="13.7603517">
    <ele>103</ele>
    <time>2026-06-06T10:31:10Z</time>
    <extensions>
     <gpxdata:hr>97</gpxdata:hr>
     <gpxdata:distance>864.00</gpxdata:distance>
     <gpxdata:speed>4.961</gpxdata:speed>
    </extensions>
   </trkpt>
   <trkpt lat="51.0586213" lon="13.7604123">
    <ele>103</ele>
    <time>2026-06-06T10:31:11Z</time>
    <extensions>
     <gpxdata:hr>95</gpxdata:hr>
     <gpxdata:distance>869.50</gpxdata:distance>
     <gpxdata:speed>5.106</gpxdata:speed>
    </extensions>
   </trkpt>
   <trkpt lat="51.0586573" lon="13.7604787">
    <ele>103</ele>
    <time>2026-06-06T10:31:12Z</time>
    <extensions>
     <gpxdata:hr>95</gpxdata:hr>
     <gpxdata:distance>875.00</gpxdata:distance>
     <gpxdata:speed>5.667</gpxdata:speed>
    </extensions>
   </trkpt>
   <trkpt lat="51.0587080" lon="13.7605746">
    <ele>103</ele>
    <time>2026-06-06T10:31:13Z</time>
    <extensions>
     <gpxdata:hr>95</gpxdata:hr>
     <gpxdata:distance>882.00</gpxdata:distance>
     <gpxdata:speed>6.175</gpxdata:speed>
    </extensions>
   </trkpt>
   <trkpt lat="51.0587491" lon="13.7606547">
    <ele>103</ele>
    <time>2026-06-06T10:31:14Z</time>
    <extensions>
     <gpxdata:hr>96</gpxdata:hr>
     <gpxdata:distance>889.00</gpxdata:distance>
     <gpxdata:speed>6.553</gpxdata:speed>
    </extensions>
   </trkpt>
   <trkpt lat="51.0587902" lon="13.7607345">
    <ele>103</ele>
    <time>2026-06-06T10:31:15Z</time>
    <extensions>
     <gpxdata:hr>98</gpxdata:hr>
     <gpxdata:distance>896.50</gpxdata:distance>
     <gpxdata:speed>6.842</gpxdata:speed>
    </extensions>
   </trkpt>
   <trkpt lat="51.0588313" lon="13.7608154">
    <ele>104</ele>
    <time>2026-06-06T10:31:16Z</time>
    <extensions>
     <gpxdata:hr>98</gpxdata:hr>
     <gpxdata:distance>904.00</gpxdata:distance>
     <gpxdata:speed>7.042</gpxdata:speed>
    </extensions>
   </trkpt>
   <trkpt lat="51.0588716" lon="13.7608980">
    <ele>104</ele>
    <time>2026-06-06T10:31:17Z</time>
    <extensions>
     <gpxdata:hr>100</gpxdata:hr>
     <gpxdata:distance>911.00</gpxdata:distance>
     <gpxdata:speed>7.164</gpxdata:speed>
    </extensions>
   </trkpt>
   <trkpt lat="51.0589115" lon="13.7609807">
    <ele>104</ele>
    <time>2026-06-06T10:31:18Z</time>
    <extensions>
     <gpxdata:hr>101</gpxdata:hr>
     <gpxdata:distance>918.00</gpxdata:distance>
     <gpxdata:speed>7.233</gpxdata:speed>
    </extensions>
   </trkpt>
   <trkpt lat="51.0589511" lon="13.7610630">
    <ele>104</ele>
    <time>2026-06-06T10:31:19Z</time>
    <extensions>
     <gpxdata:hr>101</gpxdata:hr>
     <gpxdata:distance>925.50</gpxdata:distance>
     <gpxdata:speed>7.247</gpxdata:speed>
    </extensions>
   </trkpt>
   <trkpt lat="51.0589910" lon="13.7611450">
    <ele>104</ele>
    <time>2026-06-06T10:31:20Z</time>
    <extensions>
     <gpxdata:hr>105</gpxdata:hr>
     <gpxdata:distance>933.00</gpxdata:distance>
     <gpxdata:speed>7.239</gpxdata:speed>
    </extensions>
   </trkpt>
   <trkpt lat="51.0590316" lon="13.7612273">
    <ele>104</ele>
    <time>2026-06-06T10:31:21Z</time>
    <extensions>
     <gpxdata:hr>112</gpxdata:hr>
     <gpxdata:distance>940.00</gpxdata:distance>
     <gpxdata:speed>7.256</gpxdata:speed>
    </extensions>
   </trkpt>
   <trkpt lat="51.0590722" lon="13.7613098">
    <ele>104</ele>
    <time>2026-06-06T10:31:22Z</time>
    <extensions>
     <gpxdata:hr>112</gpxdata:hr>
     <gpxdata:distance>947.00</gpxdata:distance>
     <gpxdata:speed>7.322</gpxdata:speed>
    </extensions>
   </trkpt>
   <trkpt lat="51.0591121" lon="13.7613923">
    <ele>104</ele>
    <time>2026-06-06T10:31:23Z</time>
    <extensions>
     <gpxdata:hr>113</gpxdata:hr>
     <gpxdata:distance>954.50</gpxdata:distance>
     <gpxdata:speed>7.339</gpxdata:speed>
    </extensions>
   </trkpt>
   <trkpt lat="51.0591514" lon="13.7614742">
    <ele>104</ele>
    <time>2026-06-06T10:31:24Z</time>
    <extensions>
     <gpxdata:hr>115</gpxdata:hr>
     <gpxdata:distance>962.00</gpxdata:distance>
     <gpxdata:speed>7.319</gpxdata:speed>
    </extensions>
   </trkpt>
   <trkpt lat="51.0591894" lon="13.7615538">
    <ele>104</ele>
    <time>2026-06-06T10:31:25Z</time>
    <extensions>
     <gpxdata:hr>115</gpxdata:hr>
     <gpxdata:distance>969.00</gpxdata:distance>
     <gpxdata:speed>7.272</gpxdata:speed>
    </extensions>
   </trkpt>
   <trkpt lat="51.0592260" lon="13.7616301">
    <ele>104</ele>
    <time>2026-06-06T10:31:26Z</time>
    <extensions>
     <gpxdata:hr>115</gpxdata:hr>
     <gpxdata:distance>976.00</gpxdata:distance>
     <gpxdata:speed>7.164</gpxdata:speed>
    </extensions>
   </trkpt>
   <trkpt lat="51.0592636" lon="13.7617039">
    <ele>104</ele>
    <time>2026-06-06T10:31:27Z</time>
    <extensions>
     <gpxdata:hr>113</gpxdata:hr>
     <gpxdata:distance>982.50</gpxdata:distance>
     <gpxdata:speed>6.992</gpxdata:speed>
    </extensions>
   </trkpt>
   <trkpt lat="51.0593034" lon="13.7617783">
    <ele>104</ele>
    <time>2026-06-06T10:31:28Z</time>
    <extensions>
     <gpxdata:hr>113</gpxdata:hr>
     <gpxdata:distance>989.00</gpxdata:distance>
     <gpxdata:speed>6.878</gpxdata:speed>
    </extensions>
   </trkpt>
   <trkpt lat="51.0593438" lon="13.7618526">
    <ele>104</ele>
    <time>2026-06-06T10:31:29Z</time>
    <extensions>
     <gpxdata:hr>113</gpxdata:hr>
     <gpxdata:distance>996.00</gpxdata:distance>
     <gpxdata:speed>6.886</gpxdata:speed>
    </extensions>
   </trkpt>
   <trkpt lat="51.0593807" lon="13.7619216">
    <ele>104</ele>
    <time>2026-06-06T10:31:30Z</time>
    <extensions>
     <gpxdata:hr>112</gpxdata:hr>
     <gpxdata:distance>1003.00</gpxdata:distance>
     <gpxdata:speed>6.881</gpxdata:speed>
    </extensions>
   </trkpt>
   <trkpt lat="51.0594129" lon="13.7619848">
    <ele>104</ele>
    <time>2026-06-06T10:31:31Z</time>
    <extensions>
     <gpxdata:hr>112</gpxdata:hr>
     <gpxdata:distance>1008.50</gpxdata:distance>
     <gpxdata:speed>6.347</gpxdata:speed>
    </extensions>
   </trkpt>
   <trkpt lat="51.0594346" lon="13.7620295">
    <ele>104</ele>
    <time>2026-06-06T10:31:32Z</time>
    <extensions>
     <gpxdata:hr>113</gpxdata:hr>
     <gpxdata:distance>1014.00</gpxdata:distance>
     <gpxdata:speed>5.772</gpxdata:speed>
    </extensions>
   </trkpt>
   <trkpt lat="51.0594627" lon="13.7620878">
    <ele>104</ele>
    <time>2026-06-06T10:31:33Z</time>
    <extensions>
     <gpxdata:hr>116</gpxdata:hr>
     <gpxdata:distance>1019.50</gpxdata:distance>
     <gpxdata:speed>5.628</gpxdata:speed>
    </extensions>
   </trkpt>
   <trkpt lat="51.0594935" lon="13.7621514">
    <ele>104</ele>
    <time>2026-06-06T10:31:34Z</time>
    <extensions>
     <gpxdata:hr>118</gpxdata:hr>
     <gpxdata:distance>1025.00</gpxdata:distance>
     <gpxdata:speed>5.750</gpxdata:speed>
    </extensions>
   </trkpt>
   <trkpt lat="51.0595260" lon="13.7622173">
    <ele>104</ele>
    <time>2026-06-06T10:31:35Z</time>
    <extensions>
     <gpxdata:hr>118</gpxdata:hr>
     <gpxdata:distance>1031.00</gpxdata:distance>
     <gpxdata:speed>5.844</gpxdata:speed>
    </extensions>
   </trkpt>
   <trkpt lat="51.0595597" lon="13.7622840">
    <ele>104</ele>
    <time>2026-06-06T10:31:36Z</time>
    <extensions>
     <gpxdata:hr>118</gpxdata:hr>
     <gpxdata:distance>1037.00</gpxdata:distance>
     <gpxdata:speed>5.942</gpxdata:speed>
    </extensions>
   </trkpt>
   <trkpt lat="51.0595938" lon="13.7623506">
    <ele>104</ele>
    <time>2026-06-06T10:31:37Z</time>
    <extensions>
     <gpxdata:hr>119</gpxdata:hr>
     <gpxdata:distance>1043.00</gpxdata:distance>
     <gpxdata:speed>5.969</gpxdata:speed>
    </extensions>
   </trkpt>
   <trkpt lat="51.0596273" lon="13.7624164">
    <ele>104</ele>
    <time>2026-06-06T10:31:38Z</time>
    <extensions>
     <gpxdata:hr>119</gpxdata:hr>
     <gpxdata:distance>1049.00</gpxdata:distance>
     <gpxdata:speed>5.992</gpxdata:speed>
    </extensions>
   </trkpt>
   <trkpt lat="51.0596592" lon="13.7624815">
    <ele>104</ele>
    <time>2026-06-06T10:31:39Z</time>
    <extensions>
     <gpxdata:hr>119</gpxdata:hr>
     <gpxdata:distance>1055.00</gpxdata:distance>
     <gpxdata:speed>5.886</gpxdata:speed>
    </extensions>
   </trkpt>
   <trkpt lat="51.0596894" lon="13.7625462">
    <ele>104</ele>
    <time>2026-06-06T10:31:40Z</time>
    <extensions>
     <gpxdata:hr>118</gpxdata:hr>
     <gpxdata:distance>1061.00</gpxdata:distance>
     <gpxdata:speed>5.783</gpxdata:speed>
    </extensions>
   </trkpt>
   <trkpt lat="51.0597186" lon="13.7626093">
    <ele>104</ele>
    <time>2026-06-06T10:31:41Z</time>
    <extensions>
     <gpxdata:hr>118</gpxdata:hr>
     <gpxdata:distance>1066.00</gpxdata:distance>
     <gpxdata:speed>5.706</gpxdata:speed>
    </extensions>
   </trkpt>
   <trkpt lat="51.0597483" lon="13.7626703">
    <ele>104</ele>
    <time>2026-06-06T10:31:42Z</time>
    <extensions>
     <gpxdata:hr>115</gpxdata:hr>
     <gpxdata:distance>1071.00</gpxdata:distance>
     <gpxdata:speed>5.619</gpxdata:speed>
    </extensions>
   </trkpt>
   <trkpt lat="51.0597781" lon="13.7627296">
    <ele>104</ele>
    <time>2026-06-06T10:31:43Z</time>
    <extensions>
     <gpxdata:hr>115</gpxdata:hr>
     <gpxdata:distance>1076.50</gpxdata:distance>
     <gpxdata:speed>5.536</gpxdata:speed>
    </extensions>
   </trkpt>
   <trkpt lat="51.0598076" lon="13.7627886">
    <ele>104</ele>
    <time>2026-06-06T10:31:44Z</time>
    <extensions>
     <gpxdata:hr>115</gpxdata:hr>
     <gpxdata:distance>1082.00</gpxdata:distance>
     <gpxdata:speed>5.447</gpxdata:speed>
    </extensions>
   </trkpt>
   <trkpt lat="51.0598364" lon="13.7628495">
    <ele>104</ele>
    <time>2026-06-06T10:31:45Z</time>
    <extensions>
     <gpxdata:hr>112</gpxdata:hr>
     <gpxdata:distance>1087.50</gpxdata:distance>
     <gpxdata:speed>5.372</gpxdata:speed>
    </extensions>
   </trkpt>
   <trkpt lat="51.0598645" lon="13.7629132">
    <ele>103</ele>
    <time>2026-06-06T10:31:46Z</time>
    <extensions>
     <gpxdata:hr>111</gpxdata:hr>
     <gpxdata:distance>1093.00</gpxdata:distance>
     <gpxdata:speed>5.364</gpxdata:speed>
    </extensions>
   </trkpt>
   <trkpt lat="51.0598930" lon="13.7629792">
    <ele>103</ele>
    <time>2026-06-06T10:31:47Z</time>
    <extensions>
     <gpxdata:hr>111</gpxdata:hr>
     <gpxdata:distance>1098.50</gpxdata:distance>
     <gpxdata:speed>5.406</gpxdata:speed>
    </extensions>
   </trkpt>
   <trkpt lat="51.0599216" lon="13.7630461">
    <ele>103</ele>
    <time>2026-06-06T10:31:48Z</time>
    <extensions>
     <gpxdata:hr>110</gpxdata:hr>
     <gpxdata:distance>1104.00</gpxdata:distance>
     <gpxdata:speed>5.486</gpxdata:speed>
    </extensions>
   </trkpt>
   <trkpt lat="51.0599500" lon="13.7631133">
    <ele>103</ele>
    <time>2026-06-06T10:31:49Z</time>
    <extensions>
     <gpxdata:hr>109</gpxdata:hr>
     <gpxdata:distance>1109.50</gpxdata:distance>
     <gpxdata:speed>5.553</gpxdata:speed>
    </extensions>
   </trkpt>
   <trkpt lat="51.0599775" lon="13.7631804">
    <ele>104</ele>
    <time>2026-06-06T10:31:50Z</time>
    <extensions>
     <gpxdata:hr>109</gpxdata:hr>
     <gpxdata:distance>1115.00</gpxdata:distance>
     <gpxdata:speed>5.583</gpxdata:speed>
    </extensions>
   </trkpt>
   <trkpt lat="51.0600042" lon="13.7632470">
    <ele>104</ele>
    <time>2026-06-06T10:31:51Z</time>
    <extensions>
     <gpxdata:hr>108</gpxdata:hr>
     <gpxdata:distance>1120.50</gpxdata:distance>
     <gpxdata:speed>5.581</gpxdata:speed>
    </extensions>
   </trkpt>
   <trkpt lat="51.0600306" lon="13.7633124">
    <ele>104</ele>
    <time>2026-06-06T10:31:52Z</time>
    <extensions>
     <gpxdata:hr>106</gpxdata:hr>
     <gpxdata:distance>1126.00</gpxdata:distance>
     <gpxdata:speed>5.547</gpxdata:speed>
    </extensions>
   </trkpt>
   <trkpt lat="51.0600582" lon="13.7633762">
    <ele>104</ele>
    <time>2026-06-06T10:31:53Z</time>
    <extensions>
     <gpxdata:hr>106</gpxdata:hr>
     <gpxdata:distance>1131.50</gpxdata:distance>
     <gpxdata:speed>5.503</gpxdata:speed>
    </extensions>
   </trkpt>
   <trkpt lat="51.0600868" lon="13.7634388">
    <ele>104</ele>
    <time>2026-06-06T10:31:54Z</time>
    <extensions>
     <gpxdata:hr>105</gpxdata:hr>
     <gpxdata:distance>1137.00</gpxdata:distance>
     <gpxdata:speed>5.475</gpxdata:speed>
    </extensions>
   </trkpt>
   <trkpt lat="51.0601159" lon="13.7635015">
    <ele>104</ele>
    <time>2026-06-06T10:31:55Z</time>
    <extensions>
     <gpxdata:hr>105</gpxdata:hr>
     <gpxdata:distance>1142.50</gpxdata:distance>
     <gpxdata:speed>5.464</gpxdata:speed>
    </extensions>
   </trkpt>
   <trkpt lat="51.0601442" lon="13.7635648">
    <ele>104</ele>
    <time>2026-06-06T10:31:56Z</time>
    <extensions>
     <gpxdata:hr>105</gpxdata:hr>
     <gpxdata:distance>1148.00</gpxdata:distance>
     <gpxdata:speed>5.464</gpxdata:speed>
    </extensions>
   </trkpt>
   <trkpt lat="51.0601721" lon="13.7636284">
    <ele>104</ele>
    <time>2026-06-06T10:31:57Z</time>
    <extensions>
     <gpxdata:hr>106</gpxdata:hr>
     <gpxdata:distance>1153.50</gpxdata:distance>
     <gpxdata:speed>5.450</gpxdata:speed>
    </extensions>
   </trkpt>
   <trkpt lat="51.0601994" lon="13.7636911">
    <ele>104</ele>
    <time>2026-06-06T10:31:58Z</time>
    <extensions>
     <gpxdata:hr>106</gpxdata:hr>
     <gpxdata:distance>1159.00</gpxdata:distance>
     <gpxdata:speed>5.436</gpxdata:speed>
    </extensions>
   </trkpt>
   <trkpt lat="51.0602264" lon="13.7637524">
    <ele>104</ele>
    <time>2026-06-06T10:31:59Z</time>
    <extensions>
     <gpxdata:hr>106</gpxdata:hr>
     <gpxdata:distance>1164.00</gpxdata:distance>
     <gpxdata:speed>5.383</gpxdata:speed>
    </extensions>
   </trkpt>
   <trkpt lat="51.0602526" lon="13.7638119">
    <ele>104</ele>
    <time>2026-06-06T10:32:00Z</time>
    <extensions>
     <gpxdata:hr>104</gpxdata:hr>
     <gpxdata:distance>1169.00</gpxdata:distance>
     <gpxdata:speed>5.314</gpxdata:speed>
    </extensions>
   </trkpt>
   <trkpt lat="51.0602769" lon="13.7638703">
    <ele>104</ele>
    <time>2026-06-06T10:32:01Z</time>
    <extensions>
     <gpxdata:hr>103</gpxdata:hr>
     <gpxdata:distance>1174.00</gpxdata:distance>
     <gpxdata:speed>5.208</gpxdata:speed>
    </extensions>
   </trkpt>
   <trkpt lat="51.0602990" lon="13.7639264">
    <ele>104</ele>
    <time>2026-06-06T10:32:02Z</time>
    <extensions>
     <gpxdata:hr>103</gpxdata:hr>
     <gpxdata:distance>1179.00</gpxdata:distance>
     <gpxdata:speed>5.072</gpxdata:speed>
    </extensions>
   </trkpt>
   <trkpt lat="51.0603201" lon="13.7639781">
    <ele>104</ele>
    <time>2026-06-06T10:32:03Z</time>
    <extensions>
     <gpxdata:hr>103</gpxdata:hr>
     <gpxdata:distance>1183.00</gpxdata:distance>
     <gpxdata:speed>4.633</gpxdata:speed>
    </extensions>
   </trkpt>
   <trkpt lat="51.0603408" lon="13.7640264">
    <ele>104</ele>
    <time>2026-06-06T10:32:04Z</time>
    <extensions>
     <gpxdata:hr>102</gpxdata:hr>
     <gpxdata:distance>1187.00</gpxdata:distance>
     <gpxdata:speed>4.300</gpxdata:speed>
    </extensions>
   </trkpt>
   <trkpt lat="51.0603617" lon="13.7640748">
    <ele>104</ele>
    <time>2026-06-06T10:32:05Z</time>
    <extensions>
     <gpxdata:hr>102</gpxdata:hr>
     <gpxdata:distance>1191.00</gpxdata:distance>
     <gpxdata:speed>4.111</gpxdata:speed>
    </extensions>
   </trkpt>
   <trkpt lat="51.0603828" lon="13.7641244">
    <ele>104</ele>
    <time>2026-06-06T10:32:06Z</time>
    <extensions>
     <gpxdata:hr>103</gpxdata:hr>
     <gpxdata:distance>1195.00</gpxdata:distance>
     <gpxdata:speed>4.183</gpxdata:speed>
    </extensions>
   </trkpt>
   <trkpt lat="51.0604044" lon="13.7641741">
    <ele>104</ele>
    <time>2026-06-06T10:32:07Z</time>
    <extensions>
     <gpxdata:hr>103</gpxdata:hr>
     <gpxdata:distance>1199.50</gpxdata:distance>
     <gpxdata:speed>4.261</gpxdata:speed>
    </extensions>
   </trkpt>
   <trkpt lat="51.0604262" lon="13.7642227">
    <ele>104</ele>
    <time>2026-06-06T10:32:08Z</time>
    <extensions>
     <gpxdata:hr>103</gpxdata:hr>
     <gpxdata:distance>1204.00</gpxdata:distance>
     <gpxdata:speed>4.239</gpxdata:speed>
    </extensions>
   </trkpt>
   <trkpt lat="51.0604472" lon="13.7642698">
    <ele>104</ele>
    <time>2026-06-06T10:32:09Z</time>
    <extensions>
     <gpxdata:hr>102</gpxdata:hr>
     <gpxdata:distance>1208.00</gpxdata:distance>
     <gpxdata:speed>4.158</gpxdata:speed>
    </extensions>
   </trkpt>
   <trkpt lat="51.0604673" lon="13.7643161">
    <ele>104</ele>
    <time>2026-06-06T10:32:10Z</time>
    <extensions>
     <gpxdata:hr>100</gpxdata:hr>
     <gpxdata:distance>1212.00</gpxdata:distance>
     <gpxdata:speed>4.022</gpxdata:speed>
    </extensions>
   </trkpt>
   <trkpt lat="51.0604869" lon="13.7643616">
    <ele>104</ele>
    <time>2026-06-06T10:32:11Z</time>
    <extensions>
     <gpxdata:hr>100</gpxdata:hr>
     <gpxdata:distance>1215.50</gpxdata:distance>
     <gpxdata:speed>3.928</gpxdata:speed>
    </extensions>
   </trkpt>
   <trkpt lat="51.0605062" lon="13.7644072">
    <ele>104</ele>
    <time>2026-06-06T10:32:12Z</time>
    <extensions>
     <gpxdata:hr>99</gpxdata:hr>
     <gpxdata:distance>1219.00</gpxdata:distance>
     <gpxdata:speed>3.875</gpxdata:speed>
    </extensions>
   </trkpt>
   <trkpt lat="51.0605257" lon="13.7644548">
    <ele>104</ele>
    <time>2026-06-06T10:32:13Z</time>
    <extensions>
     <gpxdata:hr>97</gpxdata:hr>
     <gpxdata:distance>1223.00</gpxdata:distance>
     <gpxdata:speed>3.856</gpxdata:speed>
    </extensions>
   </trkpt>
   <trkpt lat="51.0605460" lon="13.7645052">
    <ele>104</ele>
    <time>2026-06-06T10:32:14Z</time>
    <extensions>
     <gpxdata:hr>97</gpxdata:hr>
     <gpxdata:distance>1227.00</gpxdata:distance>
     <gpxdata:speed>3.928</gpxdata:speed>
    </extensions>
   </trkpt>
   <trkpt lat="51.0605676" lon="13.7645590">
    <ele>104</ele>
    <time>2026-06-06T10:32:15Z</time>
    <extensions>
     <gpxdata:hr>96</gpxdata:hr>
     <gpxdata:distance>1232.00</gpxdata:distance>
     <gpxdata:speed>4.061</gpxdata:speed>
    </extensions>
   </trkpt>
   <trkpt lat="51.0605909" lon="13.7646174">
    <ele>104</ele>
    <time>2026-06-06T10:32:16Z</time>
    <extensions>
     <gpxdata:hr>96</gpxdata:hr>
     <gpxdata:distance>1237.00</gpxdata:distance>
     <gpxdata:speed>4.253</gpxdata:speed>
    </extensions>
   </trkpt>
   <trkpt lat="51.0606164" lon="13.7646803">
    <ele>104</ele>
    <time>2026-06-06T10:32:17Z</time>
    <extensions>
     <gpxdata:hr>96</gpxdata:hr>
     <gpxdata:distance>1242.50</gpxdata:distance>
     <gpxdata:speed>4.511</gpxdata:speed>
    </extensions>
   </trkpt>
   <trkpt lat="51.0606436" lon="13.7647469">
    <ele>104</ele>
    <time>2026-06-06T10:32:18Z</time>
    <extensions>
     <gpxdata:hr>97</gpxdata:hr>
     <gpxdata:distance>1248.00</gpxdata:distance>
     <gpxdata:speed>4.822</gpxdata:speed>
    </extensions>
   </trkpt>
   <trkpt lat="51.0606716" lon="13.7648159">
    <ele>104</ele>
    <time>2026-06-06T10:32:19Z</time>
    <extensions>
     <gpxdata:hr>97</gpxdata:hr>
     <gpxdata:distance>1253.50</gpxdata:distance>
     <gpxdata:speed>5.128</gpxdata:speed>
    </extensions>
   </trkpt>
   <trkpt lat="51.0606996" lon="13.7648859">
    <ele>104</ele>
    <time>2026-06-06T10:32:20Z</time>
    <extensions>
     <gpxdata:hr>97</gpxdata:hr>
     <gpxdata:distance>1259.00</gpxdata:distance>
     <gpxdata:speed>5.367</gpxdata:speed>
    </extensions>
   </trkpt>
   <trkpt lat="51.0607265" lon="13.7649548">
    <ele>104</ele>
    <time>2026-06-06T10:32:21Z</time>
    <extensions>
     <gpxdata:hr>97</gpxdata:hr>
     <gpxdata:distance>1264.50</gpxdata:distance>
     <gpxdata:speed>5.528</gpxdata:speed>
    </extensions>
   </trkpt>
   <trkpt lat="51.0607508" lon="13.7650198">
    <ele>104</ele>
    <time>2026-06-06T10:32:22Z</time>
    <extensions>
     <gpxdata:hr>97</gpxdata:hr>
     <gpxdata:distance>1270.00</gpxdata:distance>
     <gpxdata:speed>5.581</gpxdata:speed>
    </extensions>
   </trkpt>
   <trkpt lat="51.0607715" lon="13.7650794">
    <ele>104</ele>
    <time>2026-06-06T10:32:23Z</time>
    <extensions>
     <gpxdata:hr>97</gpxdata:hr>
     <gpxdata:distance>1274.50</gpxdata:distance>
     <gpxdata:speed>5.375</gpxdata:speed>
    </extensions>
   </trkpt>
   <trkpt lat="51.0607886" lon="13.7651310">
    <ele>104</ele>
    <time>2026-06-06T10:32:24Z</time>
    <extensions>
     <gpxdata:hr>98</gpxdata:hr>
     <gpxdata:distance>1279.00</gpxdata:distance>
     <gpxdata:speed>5.056</gpxdata:speed>
    </extensions>
   </trkpt>
   <trkpt lat="51.0608026" lon="13.7651736">
    <ele>104</ele>
    <time>2026-06-06T10:32:25Z</time>
    <extensions>
     <gpxdata:hr>100</gpxdata:hr>
     <gpxdata:distance>1282.00</gpxdata:distance>
     <gpxdata:speed>4.092</gpxdata:speed>
    </extensions>
   </trkpt>
   <trkpt lat="51.0608151" lon="13.7652101">
    <ele>104</ele>
    <time>2026-06-06T10:32:26Z</time>
    <extensions>
     <gpxdata:hr>100</gpxdata:hr>
     <gpxdata:distance>1285.00</gpxdata:distance>
     <gpxdata:speed>3.364</gpxdata:speed>
    </extensions>
   </trkpt>
   <trkpt lat="51.0608226" lon="13.7652304">
    <ele>104</ele>
    <time>2026-06-06T10:32:27Z</time>
    <extensions>
     <gpxdata:hr>101</gpxdata:hr>
     <gpxdata:distance>1288.00</gpxdata:distance>
     <gpxdata:speed>2.992</gpxdata:speed>
    </extensions>
   </trkpt>
   <trkpt lat="51.0608419" lon="13.7652811">
    <ele>104</ele>
    <time>2026-06-06T10:32:28Z</time>
    <extensions>
     <gpxdata:hr>101</gpxdata:hr>
     <gpxdata:distance>1291.00</gpxdata:distance>
     <gpxdata:speed>3.031</gpxdata:speed>
    </extensions>
   </trkpt>
   <trkpt lat="51.0608586" lon="13.7653272">
    <ele>104</ele>
    <time>2026-06-06T10:32:29Z</time>
    <extensions>
     <gpxdata:hr>101</gpxdata:hr>
     <gpxdata:distance>1295.00</gpxdata:distance>
     <gpxdata:speed>3.314</gpxdata:speed>
    </extensions>
   </trkpt>
   <trkpt lat="51.0608753" lon="13.7653746">
    <ele>104</ele>
    <time>2026-06-06T10:32:30Z</time>
    <extensions>
     <gpxdata:hr>101</gpxdata:hr>
     <gpxdata:distance>1299.00</gpxdata:distance>
     <gpxdata:speed>3.592</gpxdata:speed>
    </extensions>
   </trkpt>
   <trkpt lat="51.0608929" lon="13.7654227">
    <ele>104</ele>
    <time>2026-06-06T10:32:31Z</time>
    <extensions>
     <gpxdata:hr>99</gpxdata:hr>
     <gpxdata:distance>1302.50</gpxdata:distance>
     <gpxdata:speed>3.764</gpxdata:speed>
    </extensions>
   </trkpt>
   <trkpt lat="51.0609107" lon="13.7654698">
    <ele>104</ele>
    <time>2026-06-06T10:32:32Z</time>
    <extensions>
     <gpxdata:hr>99</gpxdata:hr>
     <gpxdata:distance>1306.00</gpxdata:distance>
     <gpxdata:speed>3.869</gpxdata:speed>
    </extensions>
   </trkpt>
   <trkpt lat="51.0609276" lon="13.7655159">
    <ele>104</ele>
    <time>2026-06-06T10:32:33Z</time>
    <extensions>
     <gpxdata:hr>99</gpxdata:hr>
     <gpxdata:distance>1310.00</gpxdata:distance>
     <gpxdata:speed>3.783</gpxdata:speed>
    </extensions>
   </trkpt>
   <trkpt lat="51.0609436" lon="13.7655644">
    <ele>104</ele>
    <time>2026-06-06T10:32:34Z</time>
    <extensions>
     <gpxdata:hr>99</gpxdata:hr>
     <gpxdata:distance>1314.00</gpxdata:distance>
     <gpxdata:speed>3.717</gpxdata:speed>
    </extensions>
   </trkpt>
   <trkpt lat="51.0609605" lon="13.7656180">
    <ele>104</ele>
    <time>2026-06-06T10:32:35Z</time>
    <extensions>
     <gpxdata:hr>100</gpxdata:hr>
     <gpxdata:distance>1318.00</gpxdata:distance>
     <gpxdata:speed>3.864</gpxdata:speed>
    </extensions>
   </trkpt>
   <trkpt lat="51.0609802" lon="13.7656767">
    <ele>104</ele>
    <time>2026-06-06T10:32:36Z</time>
    <extensions>
     <gpxdata:hr>99</gpxdata:hr>
     <gpxdata:distance>1322.00</gpxdata:distance>
     <gpxdata:speed>4.256</gpxdata:speed>
    </extensions>
   </trkpt>
   <trkpt lat="51.0610025" lon="13.7657386">
    <ele>104</ele>
    <time>2026-06-06T10:32:37Z</time>
    <extensions>
     <gpxdata:hr>102</gpxdata:hr>
     <gpxdata:distance>1327.50</gpxdata:distance>
     <gpxdata:speed>4.708</gpxdata:speed>
    </extensions>
   </trkpt>
   <trkpt lat="51.0610259" lon="13.7658017">
    <ele>104</ele>
    <time>2026-06-06T10:32:38Z</time>
    <extensions>
     <gpxdata:hr>104</gpxdata:hr>
     <gpxdata:distance>1333.00</gpxdata:distance>
     <gpxdata:speed>4.981</gpxdata:speed>
    </extensions>
   </trkpt>
   <trkpt lat="51.0610491" lon="13.7658645">
    <ele>104</ele>
    <time>2026-06-06T10:32:39Z</time>
    <extensions>
     <gpxdata:hr>107</gpxdata:hr>
     <gpxdata:distance>1338.00</gpxdata:distance>
     <gpxdata:speed>5.064</gpxdata:speed>
    </extensions>
   </trkpt>
   <trkpt lat="51.0610718" lon="13.7659271">
    <ele>104</ele>
    <time>2026-06-06T10:32:40Z</time>
    <extensions>
     <gpxdata:hr>108</gpxdata:hr>
     <gpxdata:distance>1343.00</gpxdata:distance>
     <gpxdata:speed>5.058</gpxdata:speed>
    </extensions>
   </trkpt>
   <trkpt lat="51.0610933" lon="13.7659899">
    <ele>104</ele>
    <time>2026-06-06T10:32:41Z</time>
    <extensions>
     <gpxdata:hr>108</gpxdata:hr>
     <gpxdata:distance>1348.00</gpxdata:distance>
     <gpxdata:speed>5.011</gpxdata:speed>
    </extensions>
   </trkpt>
   <trkpt lat="51.0611142" lon="13.7660557">
    <ele>104</ele>
    <time>2026-06-06T10:32:42Z</time>
    <extensions>
     <gpxdata:hr>107</gpxdata:hr>
     <gpxdata:distance>1353.00</gpxdata:distance>
     <gpxdata:speed>4.983</gpxdata:speed>
    </extensions>
   </trkpt>
   <trkpt lat="51.0611363" lon="13.7661276">
    <ele>104</ele>
    <time>2026-06-06T10:32:43Z</time>
    <extensions>
     <gpxdata:hr>107</gpxdata:hr>
     <gpxdata:distance>1359.00</gpxdata:distance>
     <gpxdata:speed>5.192</gpxdata:speed>
    </extensions>
   </trkpt>
   <trkpt lat="51.0611607" lon="13.7662074">
    <ele>104</ele>
    <time>2026-06-06T10:32:44Z</time>
    <extensions>
     <gpxdata:hr>106</gpxdata:hr>
     <gpxdata:distance>1365.00</gpxdata:distance>
     <gpxdata:speed>5.678</gpxdata:speed>
    </extensions>
   </trkpt>
   <trkpt lat="51.0611965" lon="13.7663248">
    <ele>104</ele>
    <time>2026-06-06T10:32:45Z</time>
    <extensions>
     <gpxdata:hr>105</gpxdata:hr>
     <gpxdata:distance>1372.00</gpxdata:distance>
     <gpxdata:speed>6.275</gpxdata:speed>
    </extensions>
   </trkpt>
   <trkpt lat="51.0612258" lon="13.7664263">
    <ele>104</ele>
    <time>2026-06-06T10:32:46Z</time>
    <extensions>
     <gpxdata:hr>106</gpxdata:hr>
     <gpxdata:distance>1379.00</gpxdata:distance>
     <gpxdata:speed>6.864</gpxdata:speed>
    </extensions>
   </trkpt>
   <trkpt lat="51.0612533" lon="13.7665305">
    <ele>104</ele>
    <time>2026-06-06T10:32:47Z</time>
    <extensions>
     <gpxdata:hr>107</gpxdata:hr>
     <gpxdata:distance>1387.00</gpxdata:distance>
     <gpxdata:speed>7.364</gpxdata:speed>
    </extensions>
   </trkpt>
   <trkpt lat="51.0612798" lon="13.7666361">
    <ele>104</ele>
    <time>2026-06-06T10:32:48Z</time>
    <extensions>
     <gpxdata:hr>108</gpxdata:hr>
     <gpxdata:distance>1395.00</gpxdata:distance>
     <gpxdata:speed>7.656</gpxdata:speed>
    </extensions>
   </trkpt>
   <trkpt lat="51.0613068" lon="13.7667406">
    <ele>104</ele>
    <time>2026-06-06T10:32:49Z</time>
    <extensions>
     <gpxdata:hr>108</gpxdata:hr>
     <gpxdata:distance>1403.00</gpxdata:distance>
     <gpxdata:speed>7.764</gpxdata:speed>
    </extensions>
   </trkpt>
   <trkpt lat="51.0613352" lon="13.7668438">
    <ele>105</ele>
    <time>2026-06-06T10:32:50Z</time>
    <extensions>
     <gpxdata:hr>109</gpxdata:hr>
     <gpxdata:distance>1411.00</gpxdata:distance>
     <gpxdata:speed>7.789</gpxdata:speed>
    </extensions>
   </trkpt>
   <trkpt lat="51.0613636" lon="13.7669461">
    <ele>105</ele>
    <time>2026-06-06T10:32:51Z</time>
    <extensions>
     <gpxdata:hr>112</gpxdata:hr>
     <gpxdata:distance>1418.50</gpxdata:distance>
     <gpxdata:speed>7.831</gpxdata:speed>
    </extensions>
   </trkpt>
   <trkpt lat="51.0613907" lon="13.7670480">
    <ele>105</ele>
    <time>2026-06-06T10:32:52Z</time>
    <extensions>
     <gpxdata:hr>117</gpxdata:hr>
     <gpxdata:distance>1426.00</gpxdata:distance>
     <gpxdata:speed>7.792</gpxdata:speed>
    </extensions>
   </trkpt>
   <trkpt lat="51.0614161" lon="13.7671480">
    <ele>105</ele>
    <time>2026-06-06T10:32:53Z</time>
    <extensions>
     <gpxdata:hr>121</gpxdata:hr>
     <gpxdata:distance>1433.50</gpxdata:distance>
     <gpxdata:speed>7.753</gpxdata:speed>
    </extensions>
   </trkpt>
   <trkpt lat="51.0614407" lon="13.7672442">
    <ele>105</ele>
    <time>2026-06-06T10:32:54Z</time>
    <extensions>
     <gpxdata:hr>120</gpxdata:hr>
     <gpxdata:distance>1441.00</gpxdata:distance>
     <gpxdata:speed>7.686</gpxdata:speed>
    </extensions>
   </trkpt>
   <trkpt lat="51.0614650" lon="13.7673366">
    <ele>105</ele>
    <time>2026-06-06T10:32:55Z</time>
    <extensions>
     <gpxdata:hr>119</gpxdata:hr>
     <gpxdata:distance>1448.00</gpxdata:distance>
     <gpxdata:speed>7.514</gpxdata:speed>
    </extensions>
   </trkpt>
   <trkpt lat="51.0614872" lon="13.7674279">
    <ele>105</ele>
    <time>2026-06-06T10:32:56Z</time>
    <extensions>
     <gpxdata:hr>119</gpxdata:hr>
     <gpxdata:distance>1455.00</gpxdata:distance>
     <gpxdata:speed>7.331</gpxdata:speed>
    </extensions>
   </trkpt>
   <trkpt lat="51.0615070" lon="13.7675190">
    <ele>105</ele>
    <time>2026-06-06T10:32:57Z</time>
    <extensions>
     <gpxdata:hr>119</gpxdata:hr>
     <gpxdata:distance>1462.00</gpxdata:distance>
     <gpxdata:speed>6.981</gpxdata:speed>
    </extensions>
   </trkpt>
   <trkpt lat="51.0615253" lon="13.7676089">
    <ele>105</ele>
    <time>2026-06-06T10:32:58Z</time>
    <extensions>
     <gpxdata:hr>119</gpxdata:hr>
     <gpxdata:distance>1469.00</gpxdata:distance>
     <gpxdata:speed>6.836</gpxdata:speed>
    </extensions>
   </trkpt>
   <trkpt lat="51.0615443" lon="13.7676976">
    <ele>105</ele>
    <time>2026-06-06T10:32:59Z</time>
    <extensions>
     <gpxdata:hr>118</gpxdata:hr>
     <gpxdata:distance>1475.50</gpxdata:distance>
     <gpxdata:speed>6.689</gpxdata:speed>
    </extensions>
   </trkpt>
   <trkpt lat="51.0615651" lon="13.7677861">
    <ele>105</ele>
    <time>2026-06-06T10:33:00Z</time>
    <extensions>
     <gpxdata:hr>118</gpxdata:hr>
     <gpxdata:distance>1482.00</gpxdata:distance>
     <gpxdata:speed>6.631</gpxdata:speed>
    </extensions>
   </trkpt>
   <trkpt lat="51.0615870" lon="13.7678765">
    <ele>106</ele>
    <time>2026-06-06T10:33:01Z</time>
    <extensions>
     <gpxdata:hr>118</gpxdata:hr>
     <gpxdata:distance>1488.50</gpxdata:distance>
     <gpxdata:speed>6.628</gpxdata:speed>
    </extensions>
   </trkpt>
   <trkpt lat="51.0616104" lon="13.7679701">
    <ele>106</ele>
    <time>2026-06-06T10:33:02Z</time>
    <extensions>
     <gpxdata:hr>119</gpxdata:hr>
     <gpxdata:distance>1495.00</gpxdata:distance>
     <gpxdata:speed>6.769</gpxdata:speed>
    </extensions>
   </trkpt>
   <trkpt lat="51.0616353" lon="13.7680646">
    <ele>106</ele>
    <time>2026-06-06T10:33:03Z</time>
    <extensions>
     <gpxdata:hr>119</gpxdata:hr>
     <gpxdata:distance>1502.50</gpxdata:distance>
     <gpxdata:speed>6.986</gpxdata:speed>
    </extensions>
   </trkpt>
   <trkpt lat="51.0616625" lon="13.7681598">
    <ele>106</ele>
    <time>2026-06-06T10:33:04Z</time>
    <extensions>
     <gpxdata:hr>119</gpxdata:hr>
     <gpxdata:distance>1510.00</gpxdata:distance>
     <gpxdata:speed>7.056</gpxdata:speed>
    </extensions>
   </trkpt>
   <trkpt lat="51.0616899" lon="13.7682570">
    <ele>106</ele>
    <time>2026-06-06T10:33:05Z</time>
    <extensions>
     <gpxdata:hr>120</gpxdata:hr>
     <gpxdata:distance>1517.50</gpxdata:distance>
     <gpxdata:speed>7.150</gpxdata:speed>
    </extensions>
   </trkpt>
   <trkpt lat="51.0617145" lon="13.7683570">
    <ele>106</ele>
    <time>2026-06-06T10:33:06Z</time>
    <extensions>
     <gpxdata:hr>124</gpxdata:hr>
     <gpxdata:distance>1525.00</gpxdata:distance>
     <gpxdata:speed>7.256</gpxdata:speed>
    </extensions>
   </trkpt>
   <trkpt lat="51.0617359" lon="13.7684592">
    <ele>106</ele>
    <time>2026-06-06T10:33:07Z</time>
    <extensions>
     <gpxdata:hr>127</gpxdata:hr>
     <gpxdata:distance>1532.50</gpxdata:distance>
     <gpxdata:speed>7.350</gpxdata:speed>
    </extensions>
   </trkpt>
   <trkpt lat="51.0617563" lon="13.7685624">
    <ele>106</ele>
    <time>2026-06-06T10:33:08Z</time>
    <extensions>
     <gpxdata:hr>129</gpxdata:hr>
     <gpxdata:distance>1540.00</gpxdata:distance>
     <gpxdata:speed>7.417</gpxdata:speed>
    </extensions>
   </trkpt>
   <trkpt lat="51.0617767" lon="13.7686661">
    <ele>106</ele>
    <time>2026-06-06T10:33:09Z</time>
    <extensions>
     <gpxdata:hr>129</gpxdata:hr>
     <gpxdata:distance>1547.50</gpxdata:distance>
     <gpxdata:speed>7.481</gpxdata:speed>
    </extensions>
   </trkpt>
   <trkpt lat="51.0617969" lon="13.7687699">
    <ele>106</ele>
    <time>2026-06-06T10:33:10Z</time>
    <extensions>
     <gpxdata:hr>128</gpxdata:hr>
     <gpxdata:distance>1555.00</gpxdata:distance>
     <gpxdata:speed>7.556</gpxdata:speed>
    </extensions>
   </trkpt>
   <trkpt lat="51.0618172" lon="13.7688733">
    <ele>106</ele>
    <time>2026-06-06T10:33:11Z</time>
    <extensions>
     <gpxdata:hr>128</gpxdata:hr>
     <gpxdata:distance>1562.50</gpxdata:distance>
     <gpxdata:speed>7.581</gpxdata:speed>
    </extensions>
   </trkpt>
   <trkpt lat="51.0618377" lon="13.7689758">
    <ele>106</ele>
    <time>2026-06-06T10:33:12Z</time>
    <extensions>
     <gpxdata:hr>128</gpxdata:hr>
     <gpxdata:distance>1570.00</gpxdata:distance>
     <gpxdata:speed>7.575</gpxdata:speed>
    </extensions>
   </trkpt>
   <trkpt lat="51.0618583" lon="13.7690779">
    <ele>106</ele>
    <time>2026-06-06T10:33:13Z</time>
    <extensions>
     <gpxdata:hr>129</gpxdata:hr>
     <gpxdata:distance>1577.50</gpxdata:distance>
     <gpxdata:speed>7.533</gpxdata:speed>
    </extensions>
   </trkpt>
   <trkpt lat="51.0618792" lon="13.7691805">
    <ele>106</ele>
    <time>2026-06-06T10:33:14Z</time>
    <extensions>
     <gpxdata:hr>129</gpxdata:hr>
     <gpxdata:distance>1585.00</gpxdata:distance>
     <gpxdata:speed>7.522</gpxdata:speed>
    </extensions>
   </trkpt>
   <trkpt lat="51.0618999" lon="13.7692838">
    <ele>106</ele>
    <time>2026-06-06T10:33:15Z</time>
    <extensions>
     <gpxdata:hr>129</gpxdata:hr>
     <gpxdata:distance>1592.50</gpxdata:distance>
     <gpxdata:speed>7.544</gpxdata:speed>
    </extensions>
   </trkpt>
   <trkpt lat="51.0619213" lon="13.7693870">
    <ele>106</ele>
    <time>2026-06-06T10:33:16Z</time>
    <extensions>
     <gpxdata:hr>130</gpxdata:hr>
     <gpxdata:distance>1600.00</gpxdata:distance>
     <gpxdata:speed>7.567</gpxdata:speed>
    </extensions>
   </trkpt>
   <trkpt lat="51.0619435" lon="13.7694896">
    <ele>106</ele>
    <time>2026-06-06T10:33:17Z</time>
    <extensions>
     <gpxdata:hr>130</gpxdata:hr>
     <gpxdata:distance>1608.00</gpxdata:distance>
     <gpxdata:speed>7.581</gpxdata:speed>
    </extensions>
   </trkpt>
   <trkpt lat="51.0619667" lon="13.7695919">
    <ele>106</ele>
    <time>2026-06-06T10:33:18Z</time>
    <extensions>
     <gpxdata:hr>130</gpxdata:hr>
     <gpxdata:distance>1616.00</gpxdata:distance>
     <gpxdata:speed>7.586</gpxdata:speed>
    </extensions>
   </trkpt>
   <trkpt lat="51.0619908" lon="13.7696941">
    <ele>106</ele>
    <time>2026-06-06T10:33:19Z</time>
    <extensions>
     <gpxdata:hr>130</gpxdata:hr>
     <gpxdata:distance>1623.50</gpxdata:distance>
     <gpxdata:speed>7.594</gpxdata:speed>
    </extensions>
   </trkpt>
   <trkpt lat="51.0620156" lon="13.7697964">
    <ele>106</ele>
    <time>2026-06-06T10:33:20Z</time>
    <extensions>
     <gpxdata:hr>130</gpxdata:hr>
     <gpxdata:distance>1631.00</gpxdata:distance>
     <gpxdata:speed>7.611</gpxdata:speed>
    </extensions>
   </trkpt>
   <trkpt lat="51.0620413" lon="13.7698990">
    <ele>106</ele>
    <time>2026-06-06T10:33:21Z</time>
    <extensions>
     <gpxdata:hr>130</gpxdata:hr>
     <gpxdata:distance>1638.50</gpxdata:distance>
     <gpxdata:speed>7.636</gpxdata:speed>
    </extensions>
   </trkpt>
   <trkpt lat="51.0620670" lon="13.7700026">
    <ele>106</ele>
    <time>2026-06-06T10:33:22Z</time>
    <extensions>
     <gpxdata:hr>129</gpxdata:hr>
     <gpxdata:distance>1646.00</gpxdata:distance>
     <gpxdata:speed>7.667</gpxdata:speed>
    </extensions>
   </trkpt>
   <trkpt lat="51.0620914" lon="13.7701072">
    <ele>106</ele>
    <time>2026-06-06T10:33:23Z</time>
    <extensions>
     <gpxdata:hr>129</gpxdata:hr>
     <gpxdata:distance>1654.00</gpxdata:distance>
     <gpxdata:speed>7.714</gpxdata:speed>
    </extensions>
   </trkpt>
   <trkpt lat="51.0621148" lon="13.7702121">
    <ele>106</ele>
    <time>2026-06-06T10:33:24Z</time>
    <extensions>
     <gpxdata:hr>129</gpxdata:hr>
     <gpxdata:distance>1662.00</gpxdata:distance>
     <gpxdata:speed>7.744</gpxdata:speed>
    </extensions>
   </trkpt>
   <trkpt lat="51.0621380" lon="13.7703161">
    <ele>106</ele>
    <time>2026-06-06T10:33:25Z</time>
    <extensions>
     <gpxdata:hr>129</gpxdata:hr>
     <gpxdata:distance>1669.50</gpxdata:distance>
     <gpxdata:speed>7.758</gpxdata:speed>
    </extensions>
   </trkpt>
   <trkpt lat="51.0621608" lon="13.7704190">
    <ele>106</ele>
    <time>2026-06-06T10:33:26Z</time>
    <extensions>
     <gpxdata:hr>130</gpxdata:hr>
     <gpxdata:distance>1677.00</gpxdata:distance>
     <gpxdata:speed>7.739</gpxdata:speed>
    </extensions>
   </trkpt>
   <trkpt lat="51.0621834" lon="13.7705200">
    <ele>106</ele>
    <time>2026-06-06T10:33:27Z</time>
    <extensions>
     <gpxdata:hr>130</gpxdata:hr>
     <gpxdata:distance>1684.50</gpxdata:distance>
     <gpxdata:speed>7.697</gpxdata:speed>
    </extensions>
   </trkpt>
   <trkpt lat="51.0622050" lon="13.7706191">
    <ele>106</ele>
    <time>2026-06-06T10:33:28Z</time>
    <extensions>
     <gpxdata:hr>130</gpxdata:hr>
     <gpxdata:distance>1692.00</gpxdata:distance>
     <gpxdata:speed>7.625</gpxdata:speed>
    </extensions>
   </trkpt>
   <trkpt lat="51.0622234" lon="13.7707176">
    <ele>106</ele>
    <time>2026-06-06T10:33:29Z</time>
    <extensions>
     <gpxdata:hr>130</gpxdata:hr>
     <gpxdata:distance>1699.50</gpxdata:distance>
     <gpxdata:speed>7.519</gpxdata:speed>
    </extensions>
   </trkpt>
   <trkpt lat="51.0622392" lon="13.7708142">
    <ele>106</ele>
    <time>2026-06-06T10:33:30Z</time>
    <extensions>
     <gpxdata:hr>129</gpxdata:hr>
     <gpxdata:distance>1707.00</gpxdata:distance>
     <gpxdata:speed>7.403</gpxdata:speed>
    </extensions>
   </trkpt>
   <trkpt lat="51.0622537" lon="13.7709082">
    <ele>106</ele>
    <time>2026-06-06T10:33:31Z</time>
    <extensions>
     <gpxdata:hr>129</gpxdata:hr>
     <gpxdata:distance>1713.50</gpxdata:distance>
     <gpxdata:speed>7.250</gpxdata:speed>
    </extensions>
   </trkpt>
   <trkpt lat="51.0622677" lon="13.7710012">
    <ele>106</ele>
    <time>2026-06-06T10:33:32Z</time>
    <extensions>
     <gpxdata:hr>128</gpxdata:hr>
     <gpxdata:distance>1720.00</gpxdata:distance>
     <gpxdata:speed>6.869</gpxdata:speed>
    </extensions>
   </trkpt>
   <trkpt lat="51.0622817" lon="13.7710953">
    <ele>106</ele>
    <time>2026-06-06T10:33:33Z</time>
    <extensions>
     <gpxdata:hr>126</gpxdata:hr>
     <gpxdata:distance>1727.00</gpxdata:distance>
     <gpxdata:speed>6.769</gpxdata:speed>
    </extensions>
   </trkpt>
   <trkpt lat="51.0622963" lon="13.7711923">
    <ele>106</ele>
    <time>2026-06-06T10:33:34Z</time>
    <extensions>
     <gpxdata:hr>124</gpxdata:hr>
     <gpxdata:distance>1734.00</gpxdata:distance>
     <gpxdata:speed>6.819</gpxdata:speed>
    </extensions>
   </trkpt>
   <trkpt lat="51.0623115" lon="13.7712921">
    <ele>106</ele>
    <time>2026-06-06T10:33:35Z</time>
    <extensions>
     <gpxdata:hr>123</gpxdata:hr>
     <gpxdata:distance>1741.00</gpxdata:distance>
     <gpxdata:speed>6.978</gpxdata:speed>
    </extensions>
   </trkpt>
   <trkpt lat="51.0623277" lon="13.7713946">
    <ele>105</ele>
    <time>2026-06-06T10:33:36Z</time>
    <extensions>
     <gpxdata:hr>124</gpxdata:hr>
     <gpxdata:distance>1748.00</gpxdata:distance>
     <gpxdata:speed>7.128</gpxdata:speed>
    </extensions>
   </trkpt>
   <trkpt lat="51.0623444" lon="13.7714996">
    <ele>105</ele>
    <time>2026-06-06T10:33:37Z</time>
    <extensions>
     <gpxdata:hr>125</gpxdata:hr>
     <gpxdata:distance>1755.50</gpxdata:distance>
     <gpxdata:speed>7.242</gpxdata:speed>
    </extensions>
   </trkpt>
   <trkpt lat="51.0623617" lon="13.7716070">
    <ele>105</ele>
    <time>2026-06-06T10:33:38Z</time>
    <extensions>
     <gpxdata:hr>125</gpxdata:hr>
     <gpxdata:distance>1763.00</gpxdata:distance>
     <gpxdata:speed>7.364</gpxdata:speed>
    </extensions>
   </trkpt>
   <trkpt lat="51.0623792" lon="13.7717162">
    <ele>105</ele>
    <time>2026-06-06T10:33:39Z</time>
    <extensions>
     <gpxdata:hr>125</gpxdata:hr>
     <gpxdata:distance>1771.00</gpxdata:distance>
     <gpxdata:speed>7.503</gpxdata:speed>
    </extensions>
   </trkpt>
   <trkpt lat="51.0623970" lon="13.7718273">
    <ele>105</ele>
    <time>2026-06-06T10:33:40Z</time>
    <extensions>
     <gpxdata:hr>126</gpxdata:hr>
     <gpxdata:distance>1779.00</gpxdata:distance>
     <gpxdata:speed>7.639</gpxdata:speed>
    </extensions>
   </trkpt>
   <trkpt lat="51.0624152" lon="13.7719402">
    <ele>105</ele>
    <time>2026-06-06T10:33:41Z</time>
    <extensions>
     <gpxdata:hr>127</gpxdata:hr>
     <gpxdata:distance>1787.50</gpxdata:distance>
     <gpxdata:speed>7.922</gpxdata:speed>
    </extensions>
   </trkpt>
   <trkpt lat="51.0624338" lon="13.7720543">
    <ele>105</ele>
    <time>2026-06-06T10:33:42Z</time>
    <extensions>
     <gpxdata:hr>125</gpxdata:hr>
     <gpxdata:distance>1796.00</gpxdata:distance>
     <gpxdata:speed>8.086</gpxdata:speed>
    </extensions>
   </trkpt>
   <trkpt lat="51.0624529" lon="13.7721691">
    <ele>105</ele>
    <time>2026-06-06T10:33:43Z</time>
    <extensions>
     <gpxdata:hr>124</gpxdata:hr>
     <gpxdata:distance>1804.00</gpxdata:distance>
     <gpxdata:speed>8.183</gpxdata:speed>
    </extensions>
   </trkpt>
   <trkpt lat="51.0624723" lon="13.7722852">
    <ele>105</ele>
    <time>2026-06-06T10:33:44Z</time>
    <extensions>
     <gpxdata:hr>124</gpxdata:hr>
     <gpxdata:distance>1812.00</gpxdata:distance>
     <gpxdata:speed>8.258</gpxdata:speed>
    </extensions>
   </trkpt>
   <trkpt lat="51.0624917" lon="13.7724019">
    <ele>105</ele>
    <time>2026-06-06T10:33:45Z</time>
    <extensions>
     <gpxdata:hr>125</gpxdata:hr>
     <gpxdata:distance>1820.50</gpxdata:distance>
     <gpxdata:speed>8.361</gpxdata:speed>
    </extensions>
   </trkpt>
   <trkpt lat="51.0625109" lon="13.7725170">
    <ele>104</ele>
    <time>2026-06-06T10:33:46Z</time>
    <extensions>
     <gpxdata:hr>126</gpxdata:hr>
     <gpxdata:distance>1829.00</gpxdata:distance>
     <gpxdata:speed>8.411</gpxdata:speed>
    </extensions>
   </trkpt>
   <trkpt lat="51.0625298" lon="13.7726302">
    <ele>104</ele>
    <time>2026-06-06T10:33:47Z</time>
    <extensions>
     <gpxdata:hr>125</gpxdata:hr>
     <gpxdata:distance>1837.00</gpxdata:distance>
     <gpxdata:speed>8.306</gpxdata:speed>
    </extensions>
   </trkpt>
   <trkpt lat="51.0625479" lon="13.7727428">
    <ele>104</ele>
    <time>2026-06-06T10:33:48Z</time>
    <extensions>
     <gpxdata:hr>126</gpxdata:hr>
     <gpxdata:distance>1845.00</gpxdata:distance>
     <gpxdata:speed>8.219</gpxdata:speed>
    </extensions>
   </trkpt>
   <trkpt lat="51.0625648" lon="13.7728554">
    <ele>104</ele>
    <time>2026-06-06T10:33:49Z</time>
    <extensions>
     <gpxdata:hr>127</gpxdata:hr>
     <gpxdata:distance>1853.50</gpxdata:distance>
     <gpxdata:speed>8.183</gpxdata:speed>
    </extensions>
   </trkpt>
   <trkpt lat="51.0625805" lon="13.7729693">
    <ele>104</ele>
    <time>2026-06-06T10:33:50Z</time>
    <extensions>
     <gpxdata:hr>127</gpxdata:hr>
     <gpxdata:distance>1862.00</gpxdata:distance>
     <gpxdata:speed>8.164</gpxdata:speed>
    </extensions>
   </trkpt>
   <trkpt lat="51.0625937" lon="13.7730844">
    <ele>104</ele>
    <time>2026-06-06T10:33:51Z</time>
    <extensions>
     <gpxdata:hr>128</gpxdata:hr>
     <gpxdata:distance>1870.00</gpxdata:distance>
     <gpxdata:speed>8.175</gpxdata:speed>
    </extensions>
   </trkpt>
   <trkpt lat="51.0626030" lon="13.7732005">
    <ele>104</ele>
    <time>2026-06-06T10:33:52Z</time>
    <extensions>
     <gpxdata:hr>128</gpxdata:hr>
     <gpxdata:distance>1878.00</gpxdata:distance>
     <gpxdata:speed>8.186</gpxdata:speed>
    </extensions>
   </trkpt>
   <trkpt lat="51.0626090" lon="13.7733174">
    <ele>104</ele>
    <time>2026-06-06T10:33:53Z</time>
    <extensions>
     <gpxdata:hr>128</gpxdata:hr>
     <gpxdata:distance>1886.00</gpxdata:distance>
     <gpxdata:speed>8.186</gpxdata:speed>
    </extensions>
   </trkpt>
   <trkpt lat="51.0626136" lon="13.7734348">
    <ele>104</ele>
    <time>2026-06-06T10:33:54Z</time>
    <extensions>
     <gpxdata:hr>128</gpxdata:hr>
     <gpxdata:distance>1894.00</gpxdata:distance>
     <gpxdata:speed>8.194</gpxdata:speed>
    </extensions>
   </trkpt>
   <trkpt lat="51.0626174" lon="13.7735524">
    <ele>104</ele>
    <time>2026-06-06T10:33:55Z</time>
    <extensions>
     <gpxdata:hr>128</gpxdata:hr>
     <gpxdata:distance>1902.50</gpxdata:distance>
     <gpxdata:speed>8.206</gpxdata:speed>
    </extensions>
   </trkpt>
   <trkpt lat="51.0626208" lon="13.7736698">
    <ele>104</ele>
    <time>2026-06-06T10:33:56Z</time>
    <extensions>
     <gpxdata:hr>128</gpxdata:hr>
     <gpxdata:distance>1911.00</gpxdata:distance>
     <gpxdata:speed>8.214</gpxdata:speed>
    </extensions>
   </trkpt>
   <trkpt lat="51.0626238" lon="13.7737869">
    <ele>104</ele>
    <time>2026-06-06T10:33:57Z</time>
    <extensions>
     <gpxdata:hr>129</gpxdata:hr>
     <gpxdata:distance>1919.00</gpxdata:distance>
     <gpxdata:speed>8.214</gpxdata:speed>
    </extensions>
   </trkpt>
   <trkpt lat="51.0626268" lon="13.7739037">
    <ele>104</ele>
    <time>2026-06-06T10:33:58Z</time>
    <extensions>
     <gpxdata:hr>129</gpxdata:hr>
     <gpxdata:distance>1927.00</gpxdata:distance>
     <gpxdata:speed>8.208</gpxdata:speed>
    </extensions>
   </trkpt>
   <trkpt lat="51.0626301" lon="13.7740202">
    <ele>104</ele>
    <time>2026-06-06T10:33:59Z</time>
    <extensions>
     <gpxdata:hr>128</gpxdata:hr>
     <gpxdata:distance>1935.50</gpxdata:distance>
     <gpxdata:speed>8.197</gpxdata:speed>
    </extensions>
   </trkpt>
   <trkpt lat="51.0626337" lon="13.7741367">
    <ele>104</ele>
    <time>2026-06-06T10:34:00Z</time>
    <extensions>
     <gpxdata:hr>128</gpxdata:hr>
     <gpxdata:distance>1944.00</gpxdata:distance>
     <gpxdata:speed>8.183</gpxdata:speed>
    </extensions>
   </trkpt>
   <trkpt lat="51.0626377" lon="13.7742536">
    <ele>104</ele>
    <time>2026-06-06T10:34:01Z</time>
    <extensions>
     <gpxdata:hr>128</gpxdata:hr>
     <gpxdata:distance>1952.00</gpxdata:distance>
     <gpxdata:speed>8.178</gpxdata:speed>
    </extensions>
   </trkpt>
   <trkpt lat="51.0626424" lon="13.7743705">
    <ele>104</ele>
    <time>2026-06-06T10:34:02Z</time>
    <extensions>
     <gpxdata:hr>127</gpxdata:hr>
     <gpxdata:distance>1960.00</gpxdata:distance>
     <gpxdata:speed>8.183</gpxdata:speed>
    </extensions>
   </trkpt>
   <trkpt lat="51.0626482" lon="13.7744867">
    <ele>104</ele>
    <time>2026-06-06T10:34:03Z</time>
    <extensions>
     <gpxdata:hr>126</gpxdata:hr>
     <gpxdata:distance>1968.00</gpxdata:distance>
     <gpxdata:speed>8.186</gpxdata:speed>
    </extensions>
   </trkpt>
   <trkpt lat="51.0626541" lon="13.7746020">
    <ele>104</ele>
    <time>2026-06-06T10:34:04Z</time>
    <extensions>
     <gpxdata:hr>126</gpxdata:hr>
     <gpxdata:distance>1976.00</gpxdata:distance>
     <gpxdata:speed>8.175</gpxdata:speed>
    </extensions>
   </trkpt>
   <trkpt lat="51.0626595" lon="13.7747163">
    <ele>104</ele>
    <time>2026-06-06T10:34:05Z</time>
    <extensions>
     <gpxdata:hr>127</gpxdata:hr>
     <gpxdata:distance>1984.00</gpxdata:distance>
     <gpxdata:speed>8.144</gpxdata:speed>
    </extensions>
   </trkpt>
   <trkpt lat="51.0626648" lon="13.7748301">
    <ele>104</ele>
    <time>2026-06-06T10:34:06Z</time>
    <extensions>
     <gpxdata:hr>127</gpxdata:hr>
     <gpxdata:distance>1992.00</gpxdata:distance>
     <gpxdata:speed>8.094</gpxdata:speed>
    </extensions>
   </trkpt>
   <trkpt lat="51.0626700" lon="13.7749437">
    <ele>104</ele>
    <time>2026-06-06T10:34:07Z</time>
    <extensions>
     <gpxdata:hr>127</gpxdata:hr>
     <gpxdata:distance>2000.00</gpxdata:distance>
     <gpxdata:speed>8.056</gpxdata:speed>
    </extensions>
   </trkpt>
   <trkpt lat="51.0626754" lon="13.7750576">
    <ele>104</ele>
    <time>2026-06-06T10:34:08Z</time>
    <extensions>
     <gpxdata:hr>127</gpxdata:hr>
     <gpxdata:distance>2008.00</gpxdata:distance>
     <gpxdata:speed>8.028</gpxdata:speed>
    </extensions>
   </trkpt>
   <trkpt lat="51.0626811" lon="13.7751714">
    <ele>104</ele>
    <time>2026-06-06T10:34:09Z</time>
    <extensions>
     <gpxdata:hr>127</gpxdata:hr>
     <gpxdata:distance>2016.00</gpxdata:distance>
     <gpxdata:speed>8.017</gpxdata:speed>
    </extensions>
   </trkpt>
   <trkpt lat="51.0626872" lon="13.7752854">
    <ele>104</ele>
    <time>2026-06-06T10:34:10Z</time>
    <extensions>
     <gpxdata:hr>126</gpxdata:hr>
     <gpxdata:distance>2024.00</gpxdata:distance>
     <gpxdata:speed>8.006</gpxdata:speed>
    </extensions>
   </trkpt>
   <trkpt lat="51.0626933" lon="13.7753998">
    <ele>105</ele>
    <time>2026-06-06T10:34:11Z</time>
    <extensions>
     <gpxdata:hr>126</gpxdata:hr>
     <gpxdata:distance>2032.00</gpxdata:distance>
     <gpxdata:speed>8.006</gpxdata:speed>
    </extensions>
   </trkpt>
   <trkpt lat="51.0626999" lon="13.7755137">
    <ele>105</ele>
    <time>2026-06-06T10:34:12Z</time>
    <extensions>
     <gpxdata:hr>125</gpxdata:hr>
     <gpxdata:distance>2040.00</gpxdata:distance>
     <gpxdata:speed>8.014</gpxdata:speed>
    </extensions>
   </trkpt>
   <trkpt lat="51.0627068" lon="13.7756264">
    <ele>105</ele>
    <time>2026-06-06T10:34:13Z</time>
    <extensions>
     <gpxdata:hr>126</gpxdata:hr>
     <gpxdata:distance>2048.00</gpxdata:distance>
     <gpxdata:speed>8.006</gpxdata:speed>
    </extensions>
   </trkpt>
   <trkpt lat="51.0627139" lon="13.7757392">
    <ele>105</ele>
    <time>2026-06-06T10:34:14Z</time>
    <extensions>
     <gpxdata:hr>126</gpxdata:hr>
     <gpxdata:distance>2056.00</gpxdata:distance>
     <gpxdata:speed>7.972</gpxdata:speed>
    </extensions>
   </trkpt>
   <trkpt lat="51.0627217" lon="13.7758527">
    <ele>105</ele>
    <time>2026-06-06T10:34:15Z</time>
    <extensions>
     <gpxdata:hr>126</gpxdata:hr>
     <gpxdata:distance>2064.00</gpxdata:distance>
     <gpxdata:speed>7.961</gpxdata:speed>
    </extensions>
   </trkpt>
   <trkpt lat="51.0627294" lon="13.7759663">
    <ele>104</ele>
    <time>2026-06-06T10:34:16Z</time>
    <extensions>
     <gpxdata:hr>127</gpxdata:hr>
     <gpxdata:distance>2072.00</gpxdata:distance>
     <gpxdata:speed>7.978</gpxdata:speed>
    </extensions>
   </trkpt>
   <trkpt lat="51.0627376" lon="13.7760804">
    <ele>104</ele>
    <time>2026-06-06T10:34:17Z</time>
    <extensions>
     <gpxdata:hr>127</gpxdata:hr>
     <gpxdata:distance>2080.00</gpxdata:distance>
     <gpxdata:speed>7.981</gpxdata:speed>
    </extensions>
   </trkpt>
   <trkpt lat="51.0627466" lon="13.7761950">
    <ele>105</ele>
    <time>2026-06-06T10:34:18Z</time>
    <extensions>
     <gpxdata:hr>127</gpxdata:hr>
     <gpxdata:distance>2088.00</gpxdata:distance>
     <gpxdata:speed>8.003</gpxdata:speed>
    </extensions>
   </trkpt>
   <trkpt lat="51.0627556" lon="13.7763102">
    <ele>105</ele>
    <time>2026-06-06T10:34:19Z</time>
    <extensions>
     <gpxdata:hr>128</gpxdata:hr>
     <gpxdata:distance>2096.00</gpxdata:distance>
     <gpxdata:speed>8.031</gpxdata:speed>
    </extensions>
   </trkpt>
   <trkpt lat="51.0627640" lon="13.7764259">
    <ele>105</ele>
    <time>2026-06-06T10:34:20Z</time>
    <extensions>
     <gpxdata:hr>128</gpxdata:hr>
     <gpxdata:distance>2104.00</gpxdata:distance>
     <gpxdata:speed>8.064</gpxdata:speed>
    </extensions>
   </trkpt>
   <trkpt lat="51.0627718" lon="13.7765420">
    <ele>105</ele>
    <time>2026-06-06T10:34:21Z</time>
    <extensions>
     <gpxdata:hr>128</gpxdata:hr>
     <gpxdata:distance>2112.50</gpxdata:distance>
     <gpxdata:speed>8.092</gpxdata:speed>
    </extensions>
   </trkpt>
   <trkpt lat="51.0627788" lon="13.7766582">
    <ele>105</ele>
    <time>2026-06-06T10:34:22Z</time>
    <extensions>
     <gpxdata:hr>129</gpxdata:hr>
     <gpxdata:distance>2121.00</gpxdata:distance>
     <gpxdata:speed>8.119</gpxdata:speed>
    </extensions>
   </trkpt>
   <trkpt lat="51.0627852" lon="13.7767736">
    <ele>105</ele>
    <time>2026-06-06T10:34:23Z</time>
    <extensions>
     <gpxdata:hr>129</gpxdata:hr>
     <gpxdata:distance>2129.00</gpxdata:distance>
     <gpxdata:speed>8.131</gpxdata:speed>
    </extensions>
   </trkpt>
   <trkpt lat="51.0627918" lon="13.7768879">
    <ele>105</ele>
    <time>2026-06-06T10:34:24Z</time>
    <extensions>
     <gpxdata:hr>129</gpxdata:hr>
     <gpxdata:distance>2137.00</gpxdata:distance>
     <gpxdata:speed>8.119</gpxdata:speed>
    </extensions>
   </trkpt>
   <trkpt lat="51.0627998" lon="13.7770003">
    <ele>104</ele>
    <time>2026-06-06T10:34:25Z</time>
    <extensions>
     <gpxdata:hr>129</gpxdata:hr>
     <gpxdata:distance>2145.00</gpxdata:distance>
     <gpxdata:speed>8.086</gpxdata:speed>
    </extensions>
   </trkpt>
   <trkpt lat="51.0628082" lon="13.7771137">
    <ele>104</ele>
    <time>2026-06-06T10:34:26Z</time>
    <extensions>
     <gpxdata:hr>129</gpxdata:hr>
     <gpxdata:distance>2153.00</gpxdata:distance>
     <gpxdata:speed>8.025</gpxdata:speed>
    </extensions>
   </trkpt>
   <trkpt lat="51.0628161" lon="13.7772290">
    <ele>104</ele>
    <time>2026-06-06T10:34:27Z</time>
    <extensions>
     <gpxdata:hr>129</gpxdata:hr>
     <gpxdata:distance>2161.00</gpxdata:distance>
     <gpxdata:speed>8.028</gpxdata:speed>
    </extensions>
   </trkpt>
   <trkpt lat="51.0628237" lon="13.7773448">
    <ele>104</ele>
    <time>2026-06-06T10:34:28Z</time>
    <extensions>
     <gpxdata:hr>129</gpxdata:hr>
     <gpxdata:distance>2169.00</gpxdata:distance>
     <gpxdata:speed>8.069</gpxdata:speed>
    </extensions>
   </trkpt>
   <trkpt lat="51.0628317" lon="13.7774622">
    <ele>105</ele>
    <time>2026-06-06T10:34:29Z</time>
    <extensions>
     <gpxdata:hr>129</gpxdata:hr>
     <gpxdata:distance>2177.50</gpxdata:distance>
     <gpxdata:speed>8.094</gpxdata:speed>
    </extensions>
   </trkpt>
   <trkpt lat="51.0628407" lon="13.7775810">
    <ele>105</ele>
    <time>2026-06-06T10:34:30Z</time>
    <extensions>
     <gpxdata:hr>130</gpxdata:hr>
     <gpxdata:distance>2186.00</gpxdata:distance>
     <gpxdata:speed>8.156</gpxdata:speed>
    </extensions>
   </trkpt>
   <trkpt lat="51.0628508" lon="13.7777011">
    <ele>105</ele>
    <time>2026-06-06T10:34:31Z</time>
    <extensions>
     <gpxdata:hr>130</gpxdata:hr>
     <gpxdata:distance>2194.50</gpxdata:distance>
     <gpxdata:speed>8.231</gpxdata:speed>
    </extensions>
   </trkpt>
   <trkpt lat="51.0628611" lon="13.7778224">
    <ele>105</ele>
    <time>2026-06-06T10:34:32Z</time>
    <extensions>
     <gpxdata:hr>130</gpxdata:hr>
     <gpxdata:distance>2203.00</gpxdata:distance>
     <gpxdata:speed>8.319</gpxdata:speed>
    </extensions>
   </trkpt>
   <trkpt lat="51.0628707" lon="13.7779449">
    <ele>105</ele>
    <time>2026-06-06T10:34:33Z</time>
    <extensions>
     <gpxdata:hr>129</gpxdata:hr>
     <gpxdata:distance>2211.50</gpxdata:distance>
     <gpxdata:speed>8.403</gpxdata:speed>
    </extensions>
   </trkpt>
   <trkpt lat="51.0628796" lon="13.7780678">
    <ele>105</ele>
    <time>2026-06-06T10:34:34Z</time>
    <extensions>
     <gpxdata:hr>129</gpxdata:hr>
     <gpxdata:distance>2220.00</gpxdata:distance>
     <gpxdata:speed>8.481</gpxdata:speed>
    </extensions>
   </trkpt>
   <trkpt lat="51.0628887" lon="13.7781909">
    <ele>105</ele>
    <time>2026-06-06T10:34:35Z</time>
    <extensions>
     <gpxdata:hr>130</gpxdata:hr>
     <gpxdata:distance>2228.50</gpxdata:distance>
     <gpxdata:speed>8.539</gpxdata:speed>
    </extensions>
   </trkpt>
   <trkpt lat="51.0628986" lon="13.7783138">
    <ele>104</ele>
    <time>2026-06-06T10:34:36Z</time>
    <extensions>
     <gpxdata:hr>130</gpxdata:hr>
     <gpxdata:distance>2237.00</gpxdata:distance>
     <gpxdata:speed>8.589</gpxdata:speed>
    </extensions>
   </trkpt>
   <trkpt lat="51.0629088" lon="13.7784356">
    <ele>104</ele>
    <time>2026-06-06T10:34:37Z</time>
    <extensions>
     <gpxdata:hr>129</gpxdata:hr>
     <gpxdata:distance>2245.50</gpxdata:distance>
     <gpxdata:speed>8.617</gpxdata:speed>
    </extensions>
   </trkpt>
   <trkpt lat="51.0629182" lon="13.7785512">
    <ele>104</ele>
    <time>2026-06-06T10:34:38Z</time>
    <extensions>
     <gpxdata:hr>129</gpxdata:hr>
     <gpxdata:distance>2254.00</gpxdata:distance>
     <gpxdata:speed>8.603</gpxdata:speed>
    </extensions>
   </trkpt>
   <trkpt lat="51.0629257" lon="13.7786519">
    <ele>104</ele>
    <time>2026-06-06T10:34:39Z</time>
    <extensions>
     <gpxdata:hr>129</gpxdata:hr>
     <gpxdata:distance>2261.00</gpxdata:distance>
     <gpxdata:speed>8.186</gpxdata:speed>
    </extensions>
   </trkpt>
   <trkpt lat="51.0629313" lon="13.7787360">
    <ele>104</ele>
    <time>2026-06-06T10:34:40Z</time>
    <extensions>
     <gpxdata:hr>129</gpxdata:hr>
     <gpxdata:distance>2268.00</gpxdata:distance>
     <gpxdata:speed>7.214</gpxdata:speed>
    </extensions>
   </trkpt>
   <trkpt lat="51.0629355" lon="13.7788129">
    <ele>104</ele>
    <time>2026-06-06T10:34:41Z</time>
    <extensions>
     <gpxdata:hr>129</gpxdata:hr>
     <gpxdata:distance>2273.50</gpxdata:distance>
     <gpxdata:speed>6.133</gpxdata:speed>
    </extensions>
   </trkpt>
   <trkpt lat="51.0629384" lon="13.7788697">
    <ele>105</ele>
    <time>2026-06-06T10:34:42Z</time>
    <extensions>
     <gpxdata:hr>129</gpxdata:hr>
     <gpxdata:distance>2279.00</gpxdata:distance>
     <gpxdata:speed>5.747</gpxdata:speed>
    </extensions>
   </trkpt>
   <trkpt lat="51.0629426" lon="13.7789462">
    <ele>105</ele>
    <time>2026-06-06T10:34:43Z</time>
    <extensions>
     <gpxdata:hr>129</gpxdata:hr>
     <gpxdata:distance>2285.00</gpxdata:distance>
     <gpxdata:speed>5.828</gpxdata:speed>
    </extensions>
   </trkpt>
   <trkpt lat="51.0629495" lon="13.7790620">
    <ele>105</ele>
    <time>2026-06-06T10:34:44Z</time>
    <extensions>
     <gpxdata:hr>129</gpxdata:hr>
     <gpxdata:distance>2291.00</gpxdata:distance>
     <gpxdata:speed>6.078</gpxdata:speed>
    </extensions>
   </trkpt>
   <trkpt lat="51.0629551" lon="13.7791603">
    <ele>105</ele>
    <time>2026-06-06T10:34:45Z</time>
    <extensions>
     <gpxdata:hr>129</gpxdata:hr>
     <gpxdata:distance>2297.50</gpxdata:distance>
     <gpxdata:speed>6.364</gpxdata:speed>
    </extensions>
   </trkpt>
   <trkpt lat="51.0629604" lon="13.7792602">
    <ele>106</ele>
    <time>2026-06-06T10:34:46Z</time>
    <extensions>
     <gpxdata:hr>129</gpxdata:hr>
     <gpxdata:distance>2304.00</gpxdata:distance>
     <gpxdata:speed>6.611</gpxdata:speed>
    </extensions>
   </trkpt>
   <trkpt lat="51.0629662" lon="13.7793632">
    <ele>106</ele>
    <time>2026-06-06T10:34:47Z</time>
    <extensions>
     <gpxdata:hr>128</gpxdata:hr>
     <gpxdata:distance>2311.50</gpxdata:distance>
     <gpxdata:speed>6.869</gpxdata:speed>
    </extensions>
   </trkpt>
   <trkpt lat="51.0629730" lon="13.7794691">
    <ele>106</ele>
    <time>2026-06-06T10:34:48Z</time>
    <extensions>
     <gpxdata:hr>128</gpxdata:hr>
     <gpxdata:distance>2319.00</gpxdata:distance>
     <gpxdata:speed>6.981</gpxdata:speed>
    </extensions>
   </trkpt>
   <trkpt lat="51.0629806" lon="13.7795781">
    <ele>106</ele>
    <time>2026-06-06T10:34:49Z</time>
    <extensions>
     <gpxdata:hr>129</gpxdata:hr>
     <gpxdata:distance>2326.50</gpxdata:distance>
     <gpxdata:speed>7.142</gpxdata:speed>
    </extensions>
   </trkpt>
   <trkpt lat="51.0629883" lon="13.7796897">
    <ele>106</ele>
    <time>2026-06-06T10:34:50Z</time>
    <extensions>
     <gpxdata:hr>128</gpxdata:hr>
     <gpxdata:distance>2334.00</gpxdata:distance>
     <gpxdata:speed>7.533</gpxdata:speed>
    </extensions>
   </trkpt>
   <trkpt lat="51.0629953" lon="13.7798028">
    <ele>106</ele>
    <time>2026-06-06T10:34:51Z</time>
    <extensions>
     <gpxdata:hr>128</gpxdata:hr>
     <gpxdata:distance>2342.00</gpxdata:distance>
     <gpxdata:speed>7.750</gpxdata:speed>
    </extensions>
   </trkpt>
   <trkpt lat="51.0630016" lon="13.7799171">
    <ele>106</ele>
    <time>2026-06-06T10:34:52Z</time>
    <extensions>
     <gpxdata:hr>128</gpxdata:hr>
     <gpxdata:distance>2350.00</gpxdata:distance>
     <gpxdata:speed>7.858</gpxdata:speed>
    </extensions>
   </trkpt>
   <trkpt lat="51.0630072" lon="13.7800330">
    <ele>106</ele>
    <time>2026-06-06T10:34:53Z</time>
    <extensions>
     <gpxdata:hr>129</gpxdata:hr>
     <gpxdata:distance>2358.00</gpxdata:distance>
     <gpxdata:speed>7.958</gpxdata:speed>
    </extensions>
   </trkpt>
   <trkpt lat="51.0630123" lon="13.7801500">
    <ele>106</ele>
    <time>2026-06-06T10:34:54Z</time>
    <extensions>
     <gpxdata:hr>129</gpxdata:hr>
     <gpxdata:distance>2366.00</gpxdata:distance>
     <gpxdata:speed>8.072</gpxdata:speed>
    </extensions>
   </trkpt>
   <trkpt lat="51.0630173" lon="13.7802678">
    <ele>106</ele>
    <time>2026-06-06T10:34:55Z</time>
    <extensions>
     <gpxdata:hr>130</gpxdata:hr>
     <gpxdata:distance>2374.50</gpxdata:distance>
     <gpxdata:speed>8.158</gpxdata:speed>
    </extensions>
   </trkpt>
   <trkpt lat="51.0630232" lon="13.7803857">
    <ele>106</ele>
    <time>2026-06-06T10:34:56Z</time>
    <extensions>
     <gpxdata:hr>131</gpxdata:hr>
     <gpxdata:distance>2383.00</gpxdata:distance>
     <gpxdata:speed>8.222</gpxdata:speed>
    </extensions>
   </trkpt>
   <trkpt lat="51.0630307" lon="13.7805032">
    <ele>106</ele>
    <time>2026-06-06T10:34:57Z</time>
    <extensions>
     <gpxdata:hr>134</gpxdata:hr>
     <gpxdata:distance>2391.00</gpxdata:distance>
     <gpxdata:speed>8.242</gpxdata:speed>
    </extensions>
   </trkpt>
   <trkpt lat="51.0630392" lon="13.7806200">
    <ele>106</ele>
    <time>2026-06-06T10:34:58Z</time>
    <extensions>
     <gpxdata:hr>134</gpxdata:hr>
     <gpxdata:distance>2399.00</gpxdata:distance>
     <gpxdata:speed>8.264</gpxdata:speed>
    </extensions>
   </trkpt>
   <trkpt lat="51.0630480" lon="13.7807372">
    <ele>106</ele>
    <time>2026-06-06T10:34:59Z</time>
    <extensions>
     <gpxdata:hr>135</gpxdata:hr>
     <gpxdata:distance>2407.50</gpxdata:distance>
     <gpxdata:speed>8.258</gpxdata:speed>
    </extensions>
   </trkpt>
   <trkpt lat="51.0630563" lon="13.7808551">
    <ele>106</ele>
    <time>2026-06-06T10:35:00Z</time>
    <extensions>
     <gpxdata:hr>135</gpxdata:hr>
     <gpxdata:distance>2416.00</gpxdata:distance>
     <gpxdata:speed>8.269</gpxdata:speed>
    </extensions>
   </trkpt>
   <trkpt lat="51.0630636" lon="13.7809736">
    <ele>106</ele>
    <time>2026-06-06T10:35:01Z</time>
    <extensions>
     <gpxdata:hr>135</gpxdata:hr>
     <gpxdata:distance>2424.50</gpxdata:distance>
     <gpxdata:speed>8.289</gpxdata:speed>
    </extensions>
   </trkpt>
   <trkpt lat="51.0630691" lon="13.7810921">
    <ele>106</ele>
    <time>2026-06-06T10:35:02Z</time>
    <extensions>
     <gpxdata:hr>135</gpxdata:hr>
     <gpxdata:distance>2433.00</gpxdata:distance>
     <gpxdata:speed>8.311</gpxdata:speed>
    </extensions>
   </trkpt>
   <trkpt lat="51.0630717" lon="13.7812091">
    <ele>106</ele>
    <time>2026-06-06T10:35:03Z</time>
    <extensions>
     <gpxdata:hr>135</gpxdata:hr>
     <gpxdata:distance>2441.00</gpxdata:distance>
     <gpxdata:speed>8.311</gpxdata:speed>
    </extensions>
   </trkpt>
   <trkpt lat="51.0630722" lon="13.7813224">
    <ele>106</ele>
    <time>2026-06-06T10:35:04Z</time>
    <extensions>
     <gpxdata:hr>135</gpxdata:hr>
     <gpxdata:distance>2449.00</gpxdata:distance>
     <gpxdata:speed>8.261</gpxdata:speed>
    </extensions>
   </trkpt>
   <trkpt lat="51.0630715" lon="13.7814254">
    <ele>106</ele>
    <time>2026-06-06T10:35:05Z</time>
    <extensions>
     <gpxdata:hr>134</gpxdata:hr>
     <gpxdata:distance>2456.00</gpxdata:distance>
     <gpxdata:speed>8.128</gpxdata:speed>
    </extensions>
   </trkpt>
   <trkpt lat="51.0630702" lon="13.7815109">
    <ele>105</ele>
    <time>2026-06-06T10:35:06Z</time>
    <extensions>
     <gpxdata:hr>134</gpxdata:hr>
     <gpxdata:distance>2463.00</gpxdata:distance>
     <gpxdata:speed>7.314</gpxdata:speed>
    </extensions>
   </trkpt>
   <trkpt lat="51.0630686" lon="13.7815774">
    <ele>105</ele>
    <time>2026-06-06T10:35:07Z</time>
    <extensions>
     <gpxdata:hr>133</gpxdata:hr>
     <gpxdata:distance>2467.50</gpxdata:distance>
     <gpxdata:speed>6.128</gpxdata:speed>
    </extensions>
   </trkpt>
   <trkpt lat="51.0630674" lon="13.7816147">
    <ele>105</ele>
    <time>2026-06-06T10:35:08Z</time>
    <extensions>
     <gpxdata:hr>133</gpxdata:hr>
     <gpxdata:distance>2472.00</gpxdata:distance>
     <gpxdata:speed>5.939</gpxdata:speed>
    </extensions>
   </trkpt>
   <trkpt lat="51.0630661" lon="13.7816551">
    <ele>105</ele>
    <time>2026-06-06T10:35:09Z</time>
    <extensions>
     <gpxdata:hr>133</gpxdata:hr>
     <gpxdata:distance>2475.00</gpxdata:distance>
     <gpxdata:speed>3.972</gpxdata:speed>
    </extensions>
   </trkpt>
   <trkpt lat="51.0630661" lon="13.7816951">
    <ele>105</ele>
    <time>2026-06-06T10:35:10Z</time>
    <extensions>
     <gpxdata:hr>132</gpxdata:hr>
     <gpxdata:distance>2478.00</gpxdata:distance>
     <gpxdata:speed>3.394</gpxdata:speed>
    </extensions>
   </trkpt>
   <trkpt lat="51.0630681" lon="13.7817396">
    <ele>105</ele>
    <time>2026-06-06T10:35:11Z</time>
    <extensions>
     <gpxdata:hr>132</gpxdata:hr>
     <gpxdata:distance>2481.00</gpxdata:distance>
     <gpxdata:speed>3.169</gpxdata:speed>
    </extensions>
   </trkpt>
   <trkpt lat="51.0630692" lon="13.7817941">
    <ele>105</ele>
    <time>2026-06-06T10:35:12Z</time>
    <extensions>
     <gpxdata:hr>132</gpxdata:hr>
     <gpxdata:distance>2484.00</gpxdata:distance>
     <gpxdata:speed>3.467</gpxdata:speed>
    </extensions>
   </trkpt>
   <trkpt lat="51.0630674" lon="13.7818602">
    <ele>105</ele>
    <time>2026-06-06T10:35:13Z</time>
    <extensions>
     <gpxdata:hr>132</gpxdata:hr>
     <gpxdata:distance>2489.50</gpxdata:distance>
     <gpxdata:speed>4.150</gpxdata:speed>
    </extensions>
   </trkpt>
   <trkpt lat="51.0630641" lon="13.7819367">
    <ele>105</ele>
    <time>2026-06-06T10:35:14Z</time>
    <extensions>
     <gpxdata:hr>132</gpxdata:hr>
     <gpxdata:distance>2495.00</gpxdata:distance>
     <gpxdata:speed>4.864</gpxdata:speed>
    </extensions>
   </trkpt>
   <trkpt lat="51.0630615" lon="13.7820212">
    <ele>105</ele>
    <time>2026-06-06T10:35:15Z</time>
    <extensions>
     <gpxdata:hr>132</gpxdata:hr>
     <gpxdata:distance>2501.00</gpxdata:distance>
     <gpxdata:speed>5.428</gpxdata:speed>
    </extensions>
   </trkpt>
   <trkpt lat="51.0630591" lon="13.7821118">
    <ele>105</ele>
    <time>2026-06-06T10:35:16Z</time>
    <extensions>
     <gpxdata:hr>131</gpxdata:hr>
     <gpxdata:distance>2507.00</gpxdata:distance>
     <gpxdata:speed>5.878</gpxdata:speed>
    </extensions>
   </trkpt>
   <trkpt lat="51.0630533" lon="13.7822389">
    <ele>106</ele>
    <time>2026-06-06T10:35:17Z</time>
    <extensions>
     <gpxdata:hr>131</gpxdata:hr>
     <gpxdata:distance>2514.00</gpxdata:distance>
     <gpxdata:speed>6.275</gpxdata:speed>
    </extensions>
   </trkpt>
   <trkpt lat="51.0630465" lon="13.7823422">
    <ele>106</ele>
    <time>2026-06-06T10:35:18Z</time>
    <extensions>
     <gpxdata:hr>131</gpxdata:hr>
     <gpxdata:distance>2521.00</gpxdata:distance>
     <gpxdata:speed>6.275</gpxdata:speed>
    </extensions>
   </trkpt>
   <trkpt lat="51.0630392" lon="13.7824445">
    <ele>106</ele>
    <time>2026-06-06T10:35:19Z</time>
    <extensions>
     <gpxdata:hr>130</gpxdata:hr>
     <gpxdata:distance>2528.00</gpxdata:distance>
     <gpxdata:speed>6.858</gpxdata:speed>
    </extensions>
   </trkpt>
   <trkpt lat="51.0630321" lon="13.7825478">
    <ele>106</ele>
    <time>2026-06-06T10:35:20Z</time>
    <extensions>
     <gpxdata:hr>131</gpxdata:hr>
     <gpxdata:distance>2535.00</gpxdata:distance>
     <gpxdata:speed>7.047</gpxdata:speed>
    </extensions>
   </trkpt>
   <trkpt lat="51.0630250" lon="13.7826525">
    <ele>106</ele>
    <time>2026-06-06T10:35:21Z</time>
    <extensions>
     <gpxdata:hr>131</gpxdata:hr>
     <gpxdata:distance>2542.50</gpxdata:distance>
     <gpxdata:speed>7.169</gpxdata:speed>
    </extensions>
   </trkpt>
   <trkpt lat="51.0630172" lon="13.7827603">
    <ele>106</ele>
    <time>2026-06-06T10:35:22Z</time>
    <extensions>
     <gpxdata:hr>132</gpxdata:hr>
     <gpxdata:distance>2550.00</gpxdata:distance>
     <gpxdata:speed>7.297</gpxdata:speed>
    </extensions>
   </trkpt>
   <trkpt lat="51.0630086" lon="13.7828723">
    <ele>106</ele>
    <time>2026-06-06T10:35:23Z</time>
    <extensions>
     <gpxdata:hr>132</gpxdata:hr>
     <gpxdata:distance>2558.00</gpxdata:distance>
     <gpxdata:speed>7.547</gpxdata:speed>
    </extensions>
   </trkpt>
   <trkpt lat="51.0629992" lon="13.7829880">
    <ele>106</ele>
    <time>2026-06-06T10:35:24Z</time>
    <extensions>
     <gpxdata:hr>134</gpxdata:hr>
     <gpxdata:distance>2566.00</gpxdata:distance>
     <gpxdata:speed>7.831</gpxdata:speed>
    </extensions>
   </trkpt>
   <trkpt lat="51.0629892" lon="13.7831064">
    <ele>106</ele>
    <time>2026-06-06T10:35:25Z</time>
    <extensions>
     <gpxdata:hr>134</gpxdata:hr>
     <gpxdata:distance>2574.50</gpxdata:distance>
     <gpxdata:speed>8.069</gpxdata:speed>
    </extensions>
   </trkpt>
   <trkpt lat="51.0629784" lon="13.7832267">
    <ele>106</ele>
    <time>2026-06-06T10:35:26Z</time>
    <extensions>
     <gpxdata:hr>134</gpxdata:hr>
     <gpxdata:distance>2583.00</gpxdata:distance>
     <gpxdata:speed>8.264</gpxdata:speed>
    </extensions>
   </trkpt>
   <trkpt lat="51.0629674" lon="13.7833475">
    <ele>106</ele>
    <time>2026-06-06T10:35:27Z</time>
    <extensions>
     <gpxdata:hr>135</gpxdata:hr>
     <gpxdata:distance>2591.50</gpxdata:distance>
     <gpxdata:speed>8.403</gpxdata:speed>
    </extensions>
   </trkpt>
   <trkpt lat="51.0629555" lon="13.7834677">
    <ele>105</ele>
    <time>2026-06-06T10:35:28Z</time>
    <extensions>
     <gpxdata:hr>135</gpxdata:hr>
     <gpxdata:distance>2600.00</gpxdata:distance>
     <gpxdata:speed>8.458</gpxdata:speed>
    </extensions>
   </trkpt>
   <trkpt lat="51.0629420" lon="13.7835872">
    <ele>105</ele>
    <time>2026-06-06T10:35:29Z</time>
    <extensions>
     <gpxdata:hr>135</gpxdata:hr>
     <gpxdata:distance>2608.50</gpxdata:distance>
     <gpxdata:speed>8.458</gpxdata:speed>
    </extensions>
   </trkpt>
   <trkpt lat="51.0629268" lon="13.7837061">
    <ele>105</ele>
    <time>2026-06-06T10:35:30Z</time>
    <extensions>
     <gpxdata:hr>135</gpxdata:hr>
     <gpxdata:distance>2617.00</gpxdata:distance>
     <gpxdata:speed>8.467</gpxdata:speed>
    </extensions>
   </trkpt>
   <trkpt lat="51.0629103" lon="13.7838249">
    <ele>105</ele>
    <time>2026-06-06T10:35:31Z</time>
    <extensions>
     <gpxdata:hr>136</gpxdata:hr>
     <gpxdata:distance>2625.50</gpxdata:distance>
     <gpxdata:speed>8.481</gpxdata:speed>
    </extensions>
   </trkpt>
   <trkpt lat="51.0628928" lon="13.7839449">
    <ele>104</ele>
    <time>2026-06-06T10:35:32Z</time>
    <extensions>
     <gpxdata:hr>136</gpxdata:hr>
     <gpxdata:distance>2634.00</gpxdata:distance>
     <gpxdata:speed>8.508</gpxdata:speed>
    </extensions>
   </trkpt>
   <trkpt lat="51.0628752" lon="13.7840665">
    <ele>104</ele>
    <time>2026-06-06T10:35:33Z</time>
    <extensions>
     <gpxdata:hr>137</gpxdata:hr>
     <gpxdata:distance>2642.50</gpxdata:distance>
     <gpxdata:speed>8.617</gpxdata:speed>
    </extensions>
   </trkpt>
   <trkpt lat="51.0628583" lon="13.7841889">
    <ele>104</ele>
    <time>2026-06-06T10:35:34Z</time>
    <extensions>
     <gpxdata:hr>140</gpxdata:hr>
     <gpxdata:distance>2651.00</gpxdata:distance>
     <gpxdata:speed>8.706</gpxdata:speed>
    </extensions>
   </trkpt>
   <trkpt lat="51.0628425" lon="13.7843130">
    <ele>104</ele>
    <time>2026-06-06T10:35:35Z</time>
    <extensions>
     <gpxdata:hr>141</gpxdata:hr>
     <gpxdata:distance>2660.00</gpxdata:distance>
     <gpxdata:speed>8.736</gpxdata:speed>
    </extensions>
   </trkpt>
   <trkpt lat="51.0628277" lon="13.7844386">
    <ele>104</ele>
    <time>2026-06-06T10:35:36Z</time>
    <extensions>
     <gpxdata:hr>142</gpxdata:hr>
     <gpxdata:distance>2669.00</gpxdata:distance>
     <gpxdata:speed>8.819</gpxdata:speed>
    </extensions>
   </trkpt>
   <trkpt lat="51.0628138" lon="13.7845655">
    <ele>104</ele>
    <time>2026-06-06T10:35:37Z</time>
    <extensions>
     <gpxdata:hr>142</gpxdata:hr>
     <gpxdata:distance>2678.00</gpxdata:distance>
     <gpxdata:speed>8.886</gpxdata:speed>
    </extensions>
   </trkpt>
   <trkpt lat="51.0628005" lon="13.7846934">
    <ele>104</ele>
    <time>2026-06-06T10:35:38Z</time>
    <extensions>
     <gpxdata:hr>141</gpxdata:hr>
     <gpxdata:distance>2687.00</gpxdata:distance>
     <gpxdata:speed>8.936</gpxdata:speed>
    </extensions>
   </trkpt>
   <trkpt lat="51.0627883" lon="13.7848226">
    <ele>104</ele>
    <time>2026-06-06T10:35:39Z</time>
    <extensions>
     <gpxdata:hr>141</gpxdata:hr>
     <gpxdata:distance>2696.00</gpxdata:distance>
     <gpxdata:speed>8.992</gpxdata:speed>
    </extensions>
   </trkpt>
   <trkpt lat="51.0627773" lon="13.7849529">
    <ele>104</ele>
    <time>2026-06-06T10:35:40Z</time>
    <extensions>
     <gpxdata:hr>141</gpxdata:hr>
     <gpxdata:distance>2705.00</gpxdata:distance>
     <gpxdata:speed>9.061</gpxdata:speed>
    </extensions>
   </trkpt>
   <trkpt lat="51.0627663" lon="13.7850832">
    <ele>104</ele>
    <time>2026-06-06T10:35:41Z</time>
    <extensions>
     <gpxdata:hr>142</gpxdata:hr>
     <gpxdata:distance>2714.00</gpxdata:distance>
     <gpxdata:speed>9.139</gpxdata:speed>
    </extensions>
   </trkpt>
   <trkpt lat="51.0627535" lon="13.7852135">
    <ele>104</ele>
    <time>2026-06-06T10:35:42Z</time>
    <extensions>
     <gpxdata:hr>143</gpxdata:hr>
     <gpxdata:distance>2723.00</gpxdata:distance>
     <gpxdata:speed>9.161</gpxdata:speed>
    </extensions>
   </trkpt>
   <trkpt lat="51.0627388" lon="13.7853433">
    <ele>104</ele>
    <time>2026-06-06T10:35:43Z</time>
    <extensions>
     <gpxdata:hr>144</gpxdata:hr>
     <gpxdata:distance>2732.50</gpxdata:distance>
     <gpxdata:speed>9.206</gpxdata:speed>
    </extensions>
   </trkpt>
   <trkpt lat="51.0627234" lon="13.7854725">
    <ele>104</ele>
    <time>2026-06-06T10:35:44Z</time>
    <extensions>
     <gpxdata:hr>144</gpxdata:hr>
     <gpxdata:distance>2742.00</gpxdata:distance>
     <gpxdata:speed>9.214</gpxdata:speed>
    </extensions>
   </trkpt>
   <trkpt lat="51.0627075" lon="13.7856011">
    <ele>104</ele>
    <time>2026-06-06T10:35:45Z</time>
    <extensions>
     <gpxdata:hr>144</gpxdata:hr>
     <gpxdata:distance>2751.00</gpxdata:distance>
     <gpxdata:speed>9.208</gpxdata:speed>
    </extensions>
   </trkpt>
   <trkpt lat="51.0626919" lon="13.7857294">
    <ele>104</ele>
    <time>2026-06-06T10:35:46Z</time>
    <extensions>
     <gpxdata:hr>143</gpxdata:hr>
     <gpxdata:distance>2760.00</gpxdata:distance>
     <gpxdata:speed>9.200</gpxdata:speed>
    </extensions>
   </trkpt>
   <trkpt lat="51.0626773" lon="13.7858571">
    <ele>104</ele>
    <time>2026-06-06T10:35:47Z</time>
    <extensions>
     <gpxdata:hr>142</gpxdata:hr>
     <gpxdata:distance>2769.00</gpxdata:distance>
     <gpxdata:speed>9.178</gpxdata:speed>
    </extensions>
   </trkpt>
   <trkpt lat="51.0626625" lon="13.7859846">
    <ele>105</ele>
    <time>2026-06-06T10:35:48Z</time>
    <extensions>
     <gpxdata:hr>141</gpxdata:hr>
     <gpxdata:distance>2778.00</gpxdata:distance>
     <gpxdata:speed>9.144</gpxdata:speed>
    </extensions>
   </trkpt>
   <trkpt lat="51.0626473" lon="13.7861114">
    <ele>105</ele>
    <time>2026-06-06T10:35:49Z</time>
    <extensions>
     <gpxdata:hr>140</gpxdata:hr>
     <gpxdata:distance>2787.00</gpxdata:distance>
     <gpxdata:speed>9.122</gpxdata:speed>
    </extensions>
   </trkpt>
   <trkpt lat="51.0626319" lon="13.7862373">
    <ele>105</ele>
    <time>2026-06-06T10:35:50Z</time>
    <extensions>
     <gpxdata:hr>140</gpxdata:hr>
     <gpxdata:distance>2796.00</gpxdata:distance>
     <gpxdata:speed>9.089</gpxdata:speed>
    </extensions>
   </trkpt>
   <trkpt lat="51.0626152" lon="13.7863627">
    <ele>104</ele>
    <time>2026-06-06T10:35:51Z</time>
    <extensions>
     <gpxdata:hr>140</gpxdata:hr>
     <gpxdata:distance>2805.00</gpxdata:distance>
     <gpxdata:speed>9.047</gpxdata:speed>
    </extensions>
   </trkpt>
   <trkpt lat="51.0625954" lon="13.7864875">
    <ele>104</ele>
    <time>2026-06-06T10:35:52Z</time>
    <extensions>
     <gpxdata:hr>140</gpxdata:hr>
     <gpxdata:distance>2814.00</gpxdata:distance>
     <gpxdata:speed>9.022</gpxdata:speed>
    </extensions>
   </trkpt>
   <trkpt lat="51.0625722" lon="13.7866116">
    <ele>104</ele>
    <time>2026-06-06T10:35:53Z</time>
    <extensions>
     <gpxdata:hr>141</gpxdata:hr>
     <gpxdata:distance>2823.50</gpxdata:distance>
     <gpxdata:speed>9.022</gpxdata:speed>
    </extensions>
   </trkpt>
   <trkpt lat="51.0625462" lon="13.7867351">
    <ele>104</ele>
    <time>2026-06-06T10:35:54Z</time>
    <extensions>
     <gpxdata:hr>141</gpxdata:hr>
     <gpxdata:distance>2833.00</gpxdata:distance>
     <gpxdata:speed>9.039</gpxdata:speed>
    </extensions>
   </trkpt>
   <trkpt lat="51.0625191" lon="13.7868572">
    <ele>104</ele>
    <time>2026-06-06T10:35:55Z</time>
    <extensions>
     <gpxdata:hr>141</gpxdata:hr>
     <gpxdata:distance>2842.00</gpxdata:distance>
     <gpxdata:speed>9.064</gpxdata:speed>
    </extensions>
   </trkpt>
   <trkpt lat="51.0624919" lon="13.7869782">
    <ele>104</ele>
    <time>2026-06-06T10:35:56Z</time>
    <extensions>
     <gpxdata:hr>140</gpxdata:hr>
     <gpxdata:distance>2851.00</gpxdata:distance>
     <gpxdata:speed>9.053</gpxdata:speed>
    </extensions>
   </trkpt>
   <trkpt lat="51.0624654" lon="13.7870991">
    <ele>104</ele>
    <time>2026-06-06T10:35:57Z</time>
    <extensions>
     <gpxdata:hr>140</gpxdata:hr>
     <gpxdata:distance>2860.00</gpxdata:distance>
     <gpxdata:speed>9.022</gpxdata:speed>
    </extensions>
   </trkpt>
   <trkpt lat="51.0624416" lon="13.7872206">
    <ele>104</ele>
    <time>2026-06-06T10:35:58Z</time>
    <extensions>
     <gpxdata:hr>140</gpxdata:hr>
     <gpxdata:distance>2869.00</gpxdata:distance>
     <gpxdata:speed>9.000</gpxdata:speed>
    </extensions>
   </trkpt>
   <trkpt lat="51.0624226" lon="13.7873445">
    <ele>104</ele>
    <time>2026-06-06T10:35:59Z</time>
    <extensions>
     <gpxdata:hr>139</gpxdata:hr>
     <gpxdata:distance>2877.50</gpxdata:distance>
     <gpxdata:speed>8.967</gpxdata:speed>
    </extensions>
   </trkpt>
   <trkpt lat="51.0624085" lon="13.7874724">
    <ele>104</ele>
    <time>2026-06-06T10:36:00Z</time>
    <extensions>
     <gpxdata:hr>139</gpxdata:hr>
     <gpxdata:distance>2886.00</gpxdata:distance>
     <gpxdata:speed>8.964</gpxdata:speed>
    </extensions>
   </trkpt>
   <trkpt lat="51.0623971" lon="13.7876033">
    <ele>104</ele>
    <time>2026-06-06T10:36:01Z</time>
    <extensions>
     <gpxdata:hr>138</gpxdata:hr>
     <gpxdata:distance>2895.50</gpxdata:distance>
     <gpxdata:speed>9.022</gpxdata:speed>
    </extensions>
   </trkpt>
   <trkpt lat="51.0623867" lon="13.7877363">
    <ele>104</ele>
    <time>2026-06-06T10:36:02Z</time>
    <extensions>
     <gpxdata:hr>137</gpxdata:hr>
     <gpxdata:distance>2905.00</gpxdata:distance>
     <gpxdata:speed>9.106</gpxdata:speed>
    </extensions>
   </trkpt>
   <trkpt lat="51.0623768" lon="13.7878685">
    <ele>104</ele>
    <time>2026-06-06T10:36:03Z</time>
    <extensions>
     <gpxdata:hr>136</gpxdata:hr>
     <gpxdata:distance>2914.50</gpxdata:distance>
     <gpxdata:speed>9.197</gpxdata:speed>
    </extensions>
   </trkpt>
   <trkpt lat="51.0623672" lon="13.7879989">
    <ele>104</ele>
    <time>2026-06-06T10:36:04Z</time>
    <extensions>
     <gpxdata:hr>138</gpxdata:hr>
     <gpxdata:distance>2924.00</gpxdata:distance>
     <gpxdata:speed>9.225</gpxdata:speed>
    </extensions>
   </trkpt>
   <trkpt lat="51.0623583" lon="13.7881284">
    <ele>104</ele>
    <time>2026-06-06T10:36:05Z</time>
    <extensions>
     <gpxdata:hr>139</gpxdata:hr>
     <gpxdata:distance>2933.00</gpxdata:distance>
     <gpxdata:speed>9.197</gpxdata:speed>
    </extensions>
   </trkpt>
   <trkpt lat="51.0623497" lon="13.7882583">
    <ele>104</ele>
    <time>2026-06-06T10:36:06Z</time>
    <extensions>
     <gpxdata:hr>140</gpxdata:hr>
     <gpxdata:distance>2942.00</gpxdata:distance>
     <gpxdata:speed>9.167</gpxdata:speed>
    </extensions>
   </trkpt>
   <trkpt lat="51.0623415" lon="13.7883888">
    <ele>104</ele>
    <time>2026-06-06T10:36:07Z</time>
    <extensions>
     <gpxdata:hr>141</gpxdata:hr>
     <gpxdata:distance>2951.00</gpxdata:distance>
     <gpxdata:speed>9.169</gpxdata:speed>
    </extensions>
   </trkpt>
   <trkpt lat="51.0623332" lon="13.7885195">
    <ele>104</ele>
    <time>2026-06-06T10:36:08Z</time>
    <extensions>
     <gpxdata:hr>139</gpxdata:hr>
     <gpxdata:distance>2960.00</gpxdata:distance>
     <gpxdata:speed>9.178</gpxdata:speed>
    </extensions>
   </trkpt>
   <trkpt lat="51.0623244" lon="13.7886493">
    <ele>103</ele>
    <time>2026-06-06T10:36:09Z</time>
    <extensions>
     <gpxdata:hr>139</gpxdata:hr>
     <gpxdata:distance>2969.00</gpxdata:distance>
     <gpxdata:speed>9.181</gpxdata:speed>
    </extensions>
   </trkpt>
   <trkpt lat="51.0623151" lon="13.7887779">
    <ele>103</ele>
    <time>2026-06-06T10:36:10Z</time>
    <extensions>
     <gpxdata:hr>137</gpxdata:hr>
     <gpxdata:distance>2978.00</gpxdata:distance>
     <gpxdata:speed>9.161</gpxdata:speed>
    </extensions>
   </trkpt>
   <trkpt lat="51.0623056" lon="13.7889063">
    <ele>103</ele>
    <time>2026-06-06T10:36:11Z</time>
    <extensions>
     <gpxdata:hr>136</gpxdata:hr>
     <gpxdata:distance>2987.50</gpxdata:distance>
     <gpxdata:speed>9.119</gpxdata:speed>
    </extensions>
   </trkpt>
   <trkpt lat="51.0622964" lon="13.7890348">
    <ele>103</ele>
    <time>2026-06-06T10:36:12Z</time>
    <extensions>
     <gpxdata:hr>135</gpxdata:hr>
     <gpxdata:distance>2997.00</gpxdata:distance>
     <gpxdata:speed>9.092</gpxdata:speed>
    </extensions>
   </trkpt>
   <trkpt lat="51.0622868" lon="13.7891634">
    <ele>103</ele>
    <time>2026-06-06T10:36:13Z</time>
    <extensions>
     <gpxdata:hr>135</gpxdata:hr>
     <gpxdata:distance>3006.00</gpxdata:distance>
     <gpxdata:speed>9.078</gpxdata:speed>
    </extensions>
   </trkpt>
   <trkpt lat="51.0622770" lon="13.7892921">
    <ele>103</ele>
    <time>2026-06-06T10:36:14Z</time>
    <extensions>
     <gpxdata:hr>135</gpxdata:hr>
     <gpxdata:distance>3015.00</gpxdata:distance>
     <gpxdata:speed>9.069</gpxdata:speed>
    </extensions>
   </trkpt>
   <trkpt lat="51.0622670" lon="13.7894203">
    <ele>103</ele>
    <time>2026-06-06T10:36:15Z</time>
    <extensions>
     <gpxdata:hr>137</gpxdata:hr>
     <gpxdata:distance>3024.00</gpxdata:distance>
     <gpxdata:speed>9.072</gpxdata:speed>
    </extensions>
   </trkpt>
   <trkpt lat="51.0622578" lon="13.7895468">
    <ele>103</ele>
    <time>2026-06-06T10:36:16Z</time>
    <extensions>
     <gpxdata:hr>137</gpxdata:hr>
     <gpxdata:distance>3033.00</gpxdata:distance>
     <gpxdata:speed>9.058</gpxdata:speed>
    </extensions>
   </trkpt>
   <trkpt lat="51.0622488" lon="13.7896705">
    <ele>103</ele>
    <time>2026-06-06T10:36:17Z</time>
    <extensions>
     <gpxdata:hr>137</gpxdata:hr>
     <gpxdata:distance>3041.50</gpxdata:distance>
     <gpxdata:speed>8.997</gpxdata:speed>
    </extensions>
   </trkpt>
   <trkpt lat="51.0622389" lon="13.7897908">
    <ele>103</ele>
    <time>2026-06-06T10:36:18Z</time>
    <extensions>
     <gpxdata:hr>137</gpxdata:hr>
     <gpxdata:distance>3050.00</gpxdata:distance>
     <gpxdata:speed>8.886</gpxdata:speed>
    </extensions>
   </trkpt>
   <trkpt lat="51.0622281" lon="13.7899075">
    <ele>103</ele>
    <time>2026-06-06T10:36:19Z</time>
    <extensions>
     <gpxdata:hr>137</gpxdata:hr>
     <gpxdata:distance>3058.00</gpxdata:distance>
     <gpxdata:speed>8.739</gpxdata:speed>
    </extensions>
   </trkpt>
   <trkpt lat="51.0622159" lon="13.7900202">
    <ele>103</ele>
    <time>2026-06-06T10:36:20Z</time>
    <extensions>
     <gpxdata:hr>137</gpxdata:hr>
     <gpxdata:distance>3066.00</gpxdata:distance>
     <gpxdata:speed>8.561</gpxdata:speed>
    </extensions>
   </trkpt>
   <trkpt lat="51.0622025" lon="13.7901294">
    <ele>104</ele>
    <time>2026-06-06T10:36:21Z</time>
    <extensions>
     <gpxdata:hr>137</gpxdata:hr>
     <gpxdata:distance>3074.00</gpxdata:distance>
     <gpxdata:speed>8.114</gpxdata:speed>
    </extensions>
   </trkpt>
   <trkpt lat="51.0621883" lon="13.7902363">
    <ele>104</ele>
    <time>2026-06-06T10:36:22Z</time>
    <extensions>
     <gpxdata:hr>135</gpxdata:hr>
     <gpxdata:distance>3082.00</gpxdata:distance>
     <gpxdata:speed>7.883</gpxdata:speed>
    </extensions>
   </trkpt>
   <trkpt lat="51.0621730" lon="13.7903418">
    <ele>105</ele>
    <time>2026-06-06T10:36:23Z</time>
    <extensions>
     <gpxdata:hr>132</gpxdata:hr>
     <gpxdata:distance>3089.50</gpxdata:distance>
     <gpxdata:speed>7.736</gpxdata:speed>
    </extensions>
   </trkpt>
   <trkpt lat="51.0621571" lon="13.7904464">
    <ele>105</ele>
    <time>2026-06-06T10:36:24Z</time>
    <extensions>
     <gpxdata:hr>132</gpxdata:hr>
     <gpxdata:distance>3097.00</gpxdata:distance>
     <gpxdata:speed>7.656</gpxdata:speed>
    </extensions>
   </trkpt>
   <trkpt lat="51.0621407" lon="13.7905495">
    <ele>105</ele>
    <time>2026-06-06T10:36:25Z</time>
    <extensions>
     <gpxdata:hr>132</gpxdata:hr>
     <gpxdata:distance>3104.50</gpxdata:distance>
     <gpxdata:speed>7.589</gpxdata:speed>
    </extensions>
   </trkpt>
   <trkpt lat="51.0621250" lon="13.7906496">
    <ele>105</ele>
    <time>2026-06-06T10:36:26Z</time>
    <extensions>
     <gpxdata:hr>133</gpxdata:hr>
     <gpxdata:distance>3112.00</gpxdata:distance>
     <gpxdata:speed>7.478</gpxdata:speed>
    </extensions>
   </trkpt>
   <trkpt lat="51.0621097" lon="13.7907452">
    <ele>105</ele>
    <time>2026-06-06T10:36:27Z</time>
    <extensions>
     <gpxdata:hr>133</gpxdata:hr>
     <gpxdata:distance>3119.00</gpxdata:distance>
     <gpxdata:speed>7.256</gpxdata:speed>
    </extensions>
   </trkpt>
   <trkpt lat="51.0620945" lon="13.7908375">
    <ele>105</ele>
    <time>2026-06-06T10:36:28Z</time>
    <extensions>
     <gpxdata:hr>132</gpxdata:hr>
     <gpxdata:distance>3126.00</gpxdata:distance>
     <gpxdata:speed>6.972</gpxdata:speed>
    </extensions>
   </trkpt>
   <trkpt lat="51.0620795" lon="13.7909286">
    <ele>105</ele>
    <time>2026-06-06T10:36:29Z</time>
    <extensions>
     <gpxdata:hr>131</gpxdata:hr>
     <gpxdata:distance>3132.50</gpxdata:distance>
     <gpxdata:speed>6.772</gpxdata:speed>
    </extensions>
   </trkpt>
   <trkpt lat="51.0620650" lon="13.7910204">
    <ele>105</ele>
    <time>2026-06-06T10:36:30Z</time>
    <extensions>
     <gpxdata:hr>129</gpxdata:hr>
     <gpxdata:distance>3139.00</gpxdata:distance>
     <gpxdata:speed>6.689</gpxdata:speed>
    </extensions>
   </trkpt>
   <trkpt lat="51.0620514" lon="13.7911121">
    <ele>105</ele>
    <time>2026-06-06T10:36:31Z</time>
    <extensions>
     <gpxdata:hr>126</gpxdata:hr>
     <gpxdata:distance>3145.50</gpxdata:distance>
     <gpxdata:speed>6.689</gpxdata:speed>
    </extensions>
   </trkpt>
   <trkpt lat="51.0620397" lon="13.7912019">
    <ele>105</ele>
    <time>2026-06-06T10:36:32Z</time>
    <extensions>
     <gpxdata:hr>123</gpxdata:hr>
     <gpxdata:distance>3152.00</gpxdata:distance>
     <gpxdata:speed>6.636</gpxdata:speed>
    </extensions>
   </trkpt>
   <trkpt lat="51.0620292" lon="13.7912901">
    <ele>105</ele>
    <time>2026-06-06T10:36:33Z</time>
    <extensions>
     <gpxdata:hr>122</gpxdata:hr>
     <gpxdata:distance>3158.50</gpxdata:distance>
     <gpxdata:speed>6.444</gpxdata:speed>
    </extensions>
   </trkpt>
   <trkpt lat="51.0620170" lon="13.7913788">
    <ele>105</ele>
    <time>2026-06-06T10:36:34Z</time>
    <extensions>
     <gpxdata:hr>122</gpxdata:hr>
     <gpxdata:distance>3165.00</gpxdata:distance>
     <gpxdata:speed>6.325</gpxdata:speed>
    </extensions>
   </trkpt>
   <trkpt lat="51.0620017" lon="13.7914722">
    <ele>105</ele>
    <time>2026-06-06T10:36:35Z</time>
    <extensions>
     <gpxdata:hr>123</gpxdata:hr>
     <gpxdata:distance>3171.50</gpxdata:distance>
     <gpxdata:speed>6.353</gpxdata:speed>
    </extensions>
   </trkpt>
   <trkpt lat="51.0619846" lon="13.7915720">
    <ele>105</ele>
    <time>2026-06-06T10:36:36Z</time>
    <extensions>
     <gpxdata:hr>122</gpxdata:hr>
     <gpxdata:distance>3178.00</gpxdata:distance>
     <gpxdata:speed>6.733</gpxdata:speed>
    </extensions>
   </trkpt>
   <trkpt lat="51.0619663" lon="13.7916788">
    <ele>105</ele>
    <time>2026-06-06T10:36:37Z</time>
    <extensions>
     <gpxdata:hr>122</gpxdata:hr>
     <gpxdata:distance>3186.00</gpxdata:distance>
     <gpxdata:speed>6.986</gpxdata:speed>
    </extensions>
   </trkpt>
   <trkpt lat="51.0619467" lon="13.7917915">
    <ele>105</ele>
    <time>2026-06-06T10:36:38Z</time>
    <extensions>
     <gpxdata:hr>122</gpxdata:hr>
     <gpxdata:distance>3194.00</gpxdata:distance>
     <gpxdata:speed>7.583</gpxdata:speed>
    </extensions>
   </trkpt>
   <trkpt lat="51.0619260" lon="13.7919088">
    <ele>105</ele>
    <time>2026-06-06T10:36:39Z</time>
    <extensions>
     <gpxdata:hr>121</gpxdata:hr>
     <gpxdata:distance>3202.50</gpxdata:distance>
     <gpxdata:speed>7.994</gpxdata:speed>
    </extensions>
   </trkpt>
   <trkpt lat="51.0619037" lon="13.7920290">
    <ele>105</ele>
    <time>2026-06-06T10:36:40Z</time>
    <extensions>
     <gpxdata:hr>121</gpxdata:hr>
     <gpxdata:distance>3211.00</gpxdata:distance>
     <gpxdata:speed>8.333</gpxdata:speed>
    </extensions>
   </trkpt>
   <trkpt lat="51.0618809" lon="13.7921511">
    <ele>105</ele>
    <time>2026-06-06T10:36:41Z</time>
    <extensions>
     <gpxdata:hr>122</gpxdata:hr>
     <gpxdata:distance>3220.00</gpxdata:distance>
     <gpxdata:speed>8.592</gpxdata:speed>
    </extensions>
   </trkpt>
   <trkpt lat="51.0618585" lon="13.7922737">
    <ele>105</ele>
    <time>2026-06-06T10:36:42Z</time>
    <extensions>
     <gpxdata:hr>122</gpxdata:hr>
     <gpxdata:distance>3229.00</gpxdata:distance>
     <gpxdata:speed>8.761</gpxdata:speed>
    </extensions>
   </trkpt>
   <trkpt lat="51.0618366" lon="13.7923967">
    <ele>105</ele>
    <time>2026-06-06T10:36:43Z</time>
    <extensions>
     <gpxdata:hr>122</gpxdata:hr>
     <gpxdata:distance>3238.00</gpxdata:distance>
     <gpxdata:speed>8.825</gpxdata:speed>
    </extensions>
   </trkpt>
   <trkpt lat="51.0618152" lon="13.7925205">
    <ele>105</ele>
    <time>2026-06-06T10:36:44Z</time>
    <extensions>
     <gpxdata:hr>123</gpxdata:hr>
     <gpxdata:distance>3247.00</gpxdata:distance>
     <gpxdata:speed>8.881</gpxdata:speed>
    </extensions>
   </trkpt>
   <trkpt lat="51.0617941" lon="13.7926454">
    <ele>105</ele>
    <time>2026-06-06T10:36:45Z</time>
    <extensions>
     <gpxdata:hr>125</gpxdata:hr>
     <gpxdata:distance>3256.00</gpxdata:distance>
     <gpxdata:speed>8.947</gpxdata:speed>
    </extensions>
   </trkpt>
   <trkpt lat="51.0617730" lon="13.7927710">
    <ele>105</ele>
    <time>2026-06-06T10:36:46Z</time>
    <extensions>
     <gpxdata:hr>125</gpxdata:hr>
     <gpxdata:distance>3265.00</gpxdata:distance>
     <gpxdata:speed>9.017</gpxdata:speed>
    </extensions>
   </trkpt>
   <trkpt lat="51.0617513" lon="13.7928974">
    <ele>105</ele>
    <time>2026-06-06T10:36:47Z</time>
    <extensions>
     <gpxdata:hr>126</gpxdata:hr>
     <gpxdata:distance>3274.00</gpxdata:distance>
     <gpxdata:speed>9.078</gpxdata:speed>
    </extensions>
   </trkpt>
   <trkpt lat="51.0617287" lon="13.7930240">
    <ele>105</ele>
    <time>2026-06-06T10:36:48Z</time>
    <extensions>
     <gpxdata:hr>128</gpxdata:hr>
     <gpxdata:distance>3283.00</gpxdata:distance>
     <gpxdata:speed>9.147</gpxdata:speed>
    </extensions>
   </trkpt>
   <trkpt lat="51.0617055" lon="13.7931505">
    <ele>105</ele>
    <time>2026-06-06T10:36:49Z</time>
    <extensions>
     <gpxdata:hr>128</gpxdata:hr>
     <gpxdata:distance>3292.50</gpxdata:distance>
     <gpxdata:speed>9.181</gpxdata:speed>
    </extensions>
   </trkpt>
   <trkpt lat="51.0616817" lon="13.7932775">
    <ele>105</ele>
    <time>2026-06-06T10:36:50Z</time>
    <extensions>
     <gpxdata:hr>141</gpxdata:hr>
     <gpxdata:distance>3302.00</gpxdata:distance>
     <gpxdata:speed>9.200</gpxdata:speed>
    </extensions>
   </trkpt>
   <trkpt lat="51.0616580" lon="13.7934049">
    <ele>104</ele>
    <time>2026-06-06T10:36:51Z</time>
    <extensions>
     <gpxdata:hr>142</gpxdata:hr>
     <gpxdata:distance>3311.00</gpxdata:distance>
     <gpxdata:speed>9.231</gpxdata:speed>
    </extensions>
   </trkpt>
   <trkpt lat="51.0616344" lon="13.7935327">
    <ele>104</ele>
    <time>2026-06-06T10:36:52Z</time>
    <extensions>
     <gpxdata:hr>142</gpxdata:hr>
     <gpxdata:distance>3320.00</gpxdata:distance>
     <gpxdata:speed>9.258</gpxdata:speed>
    </extensions>
   </trkpt>
   <trkpt lat="51.0616108" lon="13.7936604">
    <ele>104</ele>
    <time>2026-06-06T10:36:53Z</time>
    <extensions>
     <gpxdata:hr>142</gpxdata:hr>
     <gpxdata:distance>3329.50</gpxdata:distance>
     <gpxdata:speed>9.283</gpxdata:speed>
    </extensions>
   </trkpt>
   <trkpt lat="51.0615871" lon="13.7937882">
    <ele>104</ele>
    <time>2026-06-06T10:36:54Z</time>
    <extensions>
     <gpxdata:hr>141</gpxdata:hr>
     <gpxdata:distance>3339.00</gpxdata:distance>
     <gpxdata:speed>9.294</gpxdata:speed>
    </extensions>
   </trkpt>
   <trkpt lat="51.0615634" lon="13.7939165">
    <ele>104</ele>
    <time>2026-06-06T10:36:55Z</time>
    <extensions>
     <gpxdata:hr>141</gpxdata:hr>
     <gpxdata:distance>3348.50</gpxdata:distance>
     <gpxdata:speed>9.308</gpxdata:speed>
    </extensions>
   </trkpt>
   <trkpt lat="51.0615398" lon="13.7940437">
    <ele>104</ele>
    <time>2026-06-06T10:36:56Z</time>
    <extensions>
     <gpxdata:hr>140</gpxdata:hr>
     <gpxdata:distance>3358.00</gpxdata:distance>
     <gpxdata:speed>9.333</gpxdata:speed>
    </extensions>
   </trkpt>
   <trkpt lat="51.0615169" lon="13.7941693">
    <ele>104</ele>
    <time>2026-06-06T10:36:57Z</time>
    <extensions>
     <gpxdata:hr>140</gpxdata:hr>
     <gpxdata:distance>3367.00</gpxdata:distance>
     <gpxdata:speed>9.306</gpxdata:speed>
    </extensions>
   </trkpt>
   <trkpt lat="51.0614940" lon="13.7942940">
    <ele>104</ele>
    <time>2026-06-06T10:36:58Z</time>
    <extensions>
     <gpxdata:hr>140</gpxdata:hr>
     <gpxdata:distance>3376.00</gpxdata:distance>
     <gpxdata:speed>9.242</gpxdata:speed>
    </extensions>
   </trkpt>
   <trkpt lat="51.0614705" lon="13.7944188">
    <ele>104</ele>
    <time>2026-06-06T10:36:59Z</time>
    <extensions>
     <gpxdata:hr>140</gpxdata:hr>
     <gpxdata:distance>3385.00</gpxdata:distance>
     <gpxdata:speed>9.192</gpxdata:speed>
    </extensions>
   </trkpt>
   <trkpt lat="51.0614470" lon="13.7945446">
    <ele>104</ele>
    <time>2026-06-06T10:37:00Z</time>
    <extensions>
     <gpxdata:hr>139</gpxdata:hr>
     <gpxdata:distance>3394.00</gpxdata:distance>
     <gpxdata:speed>9.172</gpxdata:speed>
    </extensions>
   </trkpt>
   <trkpt lat="51.0614239" lon="13.7946713">
    <ele>104</ele>
    <time>2026-06-06T10:37:01Z</time>
    <extensions>
     <gpxdata:hr>139</gpxdata:hr>
     <gpxdata:distance>3403.50</gpxdata:distance>
     <gpxdata:speed>9.183</gpxdata:speed>
    </extensions>
   </trkpt>
   <trkpt lat="51.0614015" lon="13.7947982">
    <ele>104</ele>
    <time>2026-06-06T10:37:02Z</time>
    <extensions>
     <gpxdata:hr>138</gpxdata:hr>
     <gpxdata:distance>3413.00</gpxdata:distance>
     <gpxdata:speed>9.203</gpxdata:speed>
    </extensions>
   </trkpt>
   <trkpt lat="51.0613813" lon="13.7949250">
    <ele>104</ele>
    <time>2026-06-06T10:37:03Z</time>
    <extensions>
     <gpxdata:hr>137</gpxdata:hr>
     <gpxdata:distance>3422.00</gpxdata:distance>
     <gpxdata:speed>9.203</gpxdata:speed>
    </extensions>
   </trkpt>
   <trkpt lat="51.0613678" lon="13.7950527">
    <ele>104</ele>
    <time>2026-06-06T10:37:04Z</time>
    <extensions>
     <gpxdata:hr>138</gpxdata:hr>
     <gpxdata:distance>3431.00</gpxdata:distance>
     <gpxdata:speed>9.178</gpxdata:speed>
    </extensions>
   </trkpt>
   <trkpt lat="51.0613671" lon="13.7951811">
    <ele>104</ele>
    <time>2026-06-06T10:37:05Z</time>
    <extensions>
     <gpxdata:hr>138</gpxdata:hr>
     <gpxdata:distance>3440.00</gpxdata:distance>
     <gpxdata:speed>9.144</gpxdata:speed>
    </extensions>
   </trkpt>
   <trkpt lat="51.0613811" lon="13.7953090">
    <ele>104</ele>
    <time>2026-06-06T10:37:06Z</time>
    <extensions>
     <gpxdata:hr>139</gpxdata:hr>
     <gpxdata:distance>3449.00</gpxdata:distance>
     <gpxdata:speed>9.122</gpxdata:speed>
    </extensions>
   </trkpt>
   <trkpt lat="51.0614059" lon="13.7954357">
    <ele>104</ele>
    <time>2026-06-06T10:37:07Z</time>
    <extensions>
     <gpxdata:hr>139</gpxdata:hr>
     <gpxdata:distance>3458.50</gpxdata:distance>
     <gpxdata:speed>9.150</gpxdata:speed>
    </extensions>
   </trkpt>
   <trkpt lat="51.0614350" lon="13.7955632">
    <ele>104</ele>
    <time>2026-06-06T10:37:08Z</time>
    <extensions>
     <gpxdata:hr>140</gpxdata:hr>
     <gpxdata:distance>3468.00</gpxdata:distance>
     <gpxdata:speed>9.208</gpxdata:speed>
    </extensions>
   </trkpt>
   <trkpt lat="51.0614616" lon="13.7956936">
    <ele>104</ele>
    <time>2026-06-06T10:37:09Z</time>
    <extensions>
     <gpxdata:hr>141</gpxdata:hr>
     <gpxdata:distance>3477.50</gpxdata:distance>
     <gpxdata:speed>9.297</gpxdata:speed>
    </extensions>
   </trkpt>
   <trkpt lat="51.0614798" lon="13.7958276">
    <ele>104</ele>
    <time>2026-06-06T10:37:10Z</time>
    <extensions>
     <gpxdata:hr>141</gpxdata:hr>
     <gpxdata:distance>3487.00</gpxdata:distance>
     <gpxdata:speed>9.389</gpxdata:speed>
    </extensions>
   </trkpt>
   <trkpt lat="51.0614867" lon="13.7959634">
    <ele>104</ele>
    <time>2026-06-06T10:37:11Z</time>
    <extensions>
     <gpxdata:hr>142</gpxdata:hr>
     <gpxdata:distance>3496.50</gpxdata:distance>
     <gpxdata:speed>9.467</gpxdata:speed>
    </extensions>
   </trkpt>
   <trkpt lat="51.0614806" lon="13.7960977">
    <ele>104</ele>
    <time>2026-06-06T10:37:12Z</time>
    <extensions>
     <gpxdata:hr>142</gpxdata:hr>
     <gpxdata:distance>3506.00</gpxdata:distance>
     <gpxdata:speed>9.506</gpxdata:speed>
    </extensions>
   </trkpt>
   <trkpt lat="51.0614628" lon="13.7962289">
    <ele>104</ele>
    <time>2026-06-06T10:37:13Z</time>
    <extensions>
     <gpxdata:hr>142</gpxdata:hr>
     <gpxdata:distance>3515.50</gpxdata:distance>
     <gpxdata:speed>9.489</gpxdata:speed>
    </extensions>
   </trkpt>
   <trkpt lat="51.0614388" lon="13.7963580">
    <ele>103</ele>
    <time>2026-06-06T10:37:14Z</time>
    <extensions>
     <gpxdata:hr>141</gpxdata:hr>
     <gpxdata:distance>3525.00</gpxdata:distance>
     <gpxdata:speed>9.464</gpxdata:speed>
    </extensions>
   </trkpt>
   <trkpt lat="51.0614123" lon="13.7964866">
    <ele>103</ele>
    <time>2026-06-06T10:37:15Z</time>
    <extensions>
     <gpxdata:hr>141</gpxdata:hr>
     <gpxdata:distance>3534.00</gpxdata:distance>
     <gpxdata:speed>9.444</gpxdata:speed>
    </extensions>
   </trkpt>
   <trkpt lat="51.0613844" lon="13.7966148">
    <ele>103</ele>
    <time>2026-06-06T10:37:16Z</time>
    <extensions>
     <gpxdata:hr>140</gpxdata:hr>
     <gpxdata:distance>3543.00</gpxdata:distance>
     <gpxdata:speed>9.442</gpxdata:speed>
    </extensions>
   </trkpt>
   <trkpt lat="51.0613542" lon="13.7967418">
    <ele>103</ele>
    <time>2026-06-06T10:37:17Z</time>
    <extensions>
     <gpxdata:hr>140</gpxdata:hr>
     <gpxdata:distance>3552.50</gpxdata:distance>
     <gpxdata:speed>9.453</gpxdata:speed>
    </extensions>
   </trkpt>
   <trkpt lat="51.0613226" lon="13.7968679">
    <ele>103</ele>
    <time>2026-06-06T10:37:18Z</time>
    <extensions>
     <gpxdata:hr>140</gpxdata:hr>
     <gpxdata:distance>3562.00</gpxdata:distance>
     <gpxdata:speed>9.461</gpxdata:speed>
    </extensions>
   </trkpt>
   <trkpt lat="51.0612904" lon="13.7969939">
    <ele>103</ele>
    <time>2026-06-06T10:37:19Z</time>
    <extensions>
     <gpxdata:hr>140</gpxdata:hr>
     <gpxdata:distance>3571.50</gpxdata:distance>
     <gpxdata:speed>9.467</gpxdata:speed>
    </extensions>
   </trkpt>
   <trkpt lat="51.0612576" lon="13.7971195">
    <ele>103</ele>
    <time>2026-06-06T10:37:20Z</time>
    <extensions>
     <gpxdata:hr>141</gpxdata:hr>
     <gpxdata:distance>3581.00</gpxdata:distance>
     <gpxdata:speed>9.481</gpxdata:speed>
    </extensions>
   </trkpt>
   <trkpt lat="51.0612243" lon="13.7972444">
    <ele>103</ele>
    <time>2026-06-06T10:37:21Z</time>
    <extensions>
     <gpxdata:hr>141</gpxdata:hr>
     <gpxdata:distance>3590.50</gpxdata:distance>
     <gpxdata:speed>9.486</gpxdata:speed>
    </extensions>
   </trkpt>
   <trkpt lat="51.0611910" lon="13.7973688">
    <ele>103</ele>
    <time>2026-06-06T10:37:22Z</time>
    <extensions>
     <gpxdata:hr>141</gpxdata:hr>
     <gpxdata:distance>3600.00</gpxdata:distance>
     <gpxdata:speed>9.483</gpxdata:speed>
    </extensions>
   </trkpt>
   <trkpt lat="51.0611576" lon="13.7974930">
    <ele>103</ele>
    <time>2026-06-06T10:37:23Z</time>
    <extensions>
     <gpxdata:hr>140</gpxdata:hr>
     <gpxdata:distance>3609.50</gpxdata:distance>
     <gpxdata:speed>9.475</gpxdata:speed>
    </extensions>
   </trkpt>
   <trkpt lat="51.0611245" lon="13.7976169">
    <ele>103</ele>
    <time>2026-06-06T10:37:24Z</time>
    <extensions>
     <gpxdata:hr>141</gpxdata:hr>
     <gpxdata:distance>3619.00</gpxdata:distance>
     <gpxdata:speed>9.467</gpxdata:speed>
    </extensions>
   </trkpt>
   <trkpt lat="51.0610913" lon="13.7977408">
    <ele>103</ele>
    <time>2026-06-06T10:37:25Z</time>
    <extensions>
     <gpxdata:hr>143</gpxdata:hr>
     <gpxdata:distance>3628.50</gpxdata:distance>
     <gpxdata:speed>9.450</gpxdata:speed>
    </extensions>
   </trkpt>
   <trkpt lat="51.0610580" lon="13.7978649">
    <ele>103</ele>
    <time>2026-06-06T10:37:26Z</time>
    <extensions>
     <gpxdata:hr>143</gpxdata:hr>
     <gpxdata:distance>3638.00</gpxdata:distance>
     <gpxdata:speed>9.442</gpxdata:speed>
    </extensions>
   </trkpt>
   <trkpt lat="51.0610241" lon="13.7979888">
    <ele>103</ele>
    <time>2026-06-06T10:37:27Z</time>
    <extensions>
     <gpxdata:hr>143</gpxdata:hr>
     <gpxdata:distance>3647.50</gpxdata:distance>
     <gpxdata:speed>9.444</gpxdata:speed>
    </extensions>
   </trkpt>
   <trkpt lat="51.0609901" lon="13.7981129">
    <ele>103</ele>
    <time>2026-06-06T10:37:28Z</time>
    <extensions>
     <gpxdata:hr>144</gpxdata:hr>
     <gpxdata:distance>3657.00</gpxdata:distance>
     <gpxdata:speed>9.447</gpxdata:speed>
    </extensions>
   </trkpt>
   <trkpt lat="51.0609558" lon="13.7982368">
    <ele>103</ele>
    <time>2026-06-06T10:37:29Z</time>
    <extensions>
     <gpxdata:hr>145</gpxdata:hr>
     <gpxdata:distance>3666.50</gpxdata:distance>
     <gpxdata:speed>9.458</gpxdata:speed>
    </extensions>
   </trkpt>
   <trkpt lat="51.0609210" lon="13.7983600">
    <ele>103</ele>
    <time>2026-06-06T10:37:30Z</time>
    <extensions>
     <gpxdata:hr>143</gpxdata:hr>
     <gpxdata:distance>3676.00</gpxdata:distance>
     <gpxdata:speed>9.458</gpxdata:speed>
    </extensions>
   </trkpt>
   <trkpt lat="51.0608856" lon="13.7984827">
    <ele>103</ele>
    <time>2026-06-06T10:37:31Z</time>
    <extensions>
     <gpxdata:hr>143</gpxdata:hr>
     <gpxdata:distance>3685.50</gpxdata:distance>
     <gpxdata:speed>9.456</gpxdata:speed>
    </extensions>
   </trkpt>
   <trkpt lat="51.0608494" lon="13.7986049">
    <ele>103</ele>
    <time>2026-06-06T10:37:32Z</time>
    <extensions>
     <gpxdata:hr>144</gpxdata:hr>
     <gpxdata:distance>3695.00</gpxdata:distance>
     <gpxdata:speed>9.453</gpxdata:speed>
    </extensions>
   </trkpt>
   <trkpt lat="51.0608123" lon="13.7987260">
    <ele>103</ele>
    <time>2026-06-06T10:37:33Z</time>
    <extensions>
     <gpxdata:hr>144</gpxdata:hr>
     <gpxdata:distance>3704.50</gpxdata:distance>
     <gpxdata:speed>9.450</gpxdata:speed>
    </extensions>
   </trkpt>
   <trkpt lat="51.0607741" lon="13.7988448">
    <ele>103</ele>
    <time>2026-06-06T10:37:34Z</time>
    <extensions>
     <gpxdata:hr>144</gpxdata:hr>
     <gpxdata:distance>3714.00</gpxdata:distance>
     <gpxdata:speed>9.442</gpxdata:speed>
    </extensions>
   </trkpt>
   <trkpt lat="51.0607355" lon="13.7989606">
    <ele>103</ele>
    <time>2026-06-06T10:37:35Z</time>
    <extensions>
     <gpxdata:hr>144</gpxdata:hr>
     <gpxdata:distance>3723.00</gpxdata:distance>
     <gpxdata:speed>9.400</gpxdata:speed>
    </extensions>
   </trkpt>
   <trkpt lat="51.0606968" lon="13.7990744">
    <ele>103</ele>
    <time>2026-06-06T10:37:36Z</time>
    <extensions>
     <gpxdata:hr>144</gpxdata:hr>
     <gpxdata:distance>3732.00</gpxdata:distance>
     <gpxdata:speed>9.311</gpxdata:speed>
    </extensions>
   </trkpt>
   <trkpt lat="51.0606580" lon="13.7991885">
    <ele>103</ele>
    <time>2026-06-06T10:37:37Z</time>
    <extensions>
     <gpxdata:hr>144</gpxdata:hr>
     <gpxdata:distance>3741.00</gpxdata:distance>
     <gpxdata:speed>9.219</gpxdata:speed>
    </extensions>
   </trkpt>
   <trkpt lat="51.0606195" lon="13.7993041">
    <ele>103</ele>
    <time>2026-06-06T10:37:38Z</time>
    <extensions>
     <gpxdata:hr>144</gpxdata:hr>
     <gpxdata:distance>3750.00</gpxdata:distance>
     <gpxdata:speed>9.178</gpxdata:speed>
    </extensions>
   </trkpt>
   <trkpt lat="51.0605814" lon="13.7994213">
    <ele>103</ele>
    <time>2026-06-06T10:37:39Z</time>
    <extensions>
     <gpxdata:hr>144</gpxdata:hr>
     <gpxdata:distance>3759.50</gpxdata:distance>
     <gpxdata:speed>9.181</gpxdata:speed>
    </extensions>
   </trkpt>
   <trkpt lat="51.0605437" lon="13.7995400">
    <ele>103</ele>
    <time>2026-06-06T10:37:40Z</time>
    <extensions>
     <gpxdata:hr>143</gpxdata:hr>
     <gpxdata:distance>3769.00</gpxdata:distance>
     <gpxdata:speed>9.203</gpxdata:speed>
    </extensions>
   </trkpt>
   <trkpt lat="51.0605063" lon="13.7996593">
    <ele>104</ele>
    <time>2026-06-06T10:37:41Z</time>
    <extensions>
     <gpxdata:hr>142</gpxdata:hr>
     <gpxdata:distance>3778.00</gpxdata:distance>
     <gpxdata:speed>9.236</gpxdata:speed>
    </extensions>
   </trkpt>
   <trkpt lat="51.0604686" lon="13.7997790">
    <ele>104</ele>
    <time>2026-06-06T10:37:42Z</time>
    <extensions>
     <gpxdata:hr>142</gpxdata:hr>
     <gpxdata:distance>3787.00</gpxdata:distance>
     <gpxdata:speed>9.267</gpxdata:speed>
    </extensions>
   </trkpt>
   <trkpt lat="51.0604307" lon="13.7998979">
    <ele>104</ele>
    <time>2026-06-06T10:37:43Z</time>
    <extensions>
     <gpxdata:hr>142</gpxdata:hr>
     <gpxdata:distance>3796.50</gpxdata:distance>
     <gpxdata:speed>9.294</gpxdata:speed>
    </extensions>
   </trkpt>
   <trkpt lat="51.0603923" lon="13.8000154">
    <ele>103</ele>
    <time>2026-06-06T10:37:44Z</time>
    <extensions>
     <gpxdata:hr>143</gpxdata:hr>
     <gpxdata:distance>3806.00</gpxdata:distance>
     <gpxdata:speed>9.300</gpxdata:speed>
    </extensions>
   </trkpt>
   <trkpt lat="51.0603528" lon="13.8001309">
    <ele>103</ele>
    <time>2026-06-06T10:37:45Z</time>
    <extensions>
     <gpxdata:hr>143</gpxdata:hr>
     <gpxdata:distance>3815.00</gpxdata:distance>
     <gpxdata:speed>9.283</gpxdata:speed>
    </extensions>
   </trkpt>
   <trkpt lat="51.0603125" lon="13.8002451">
    <ele>103</ele>
    <time>2026-06-06T10:37:46Z</time>
    <extensions>
     <gpxdata:hr>143</gpxdata:hr>
     <gpxdata:distance>3824.00</gpxdata:distance>
     <gpxdata:speed>9.256</gpxdata:speed>
    </extensions>
   </trkpt>
   <trkpt lat="51.0602723" lon="13.8003585">
    <ele>103</ele>
    <time>2026-06-06T10:37:47Z</time>
    <extensions>
     <gpxdata:hr>144</gpxdata:hr>
     <gpxdata:distance>3833.50</gpxdata:distance>
     <gpxdata:speed>9.225</gpxdata:speed>
    </extensions>
   </trkpt>
   <trkpt lat="51.0602321" lon="13.8004714">
    <ele>103</ele>
    <time>2026-06-06T10:37:48Z</time>
    <extensions>
     <gpxdata:hr>143</gpxdata:hr>
     <gpxdata:distance>3843.00</gpxdata:distance>
     <gpxdata:speed>9.189</gpxdata:speed>
    </extensions>
   </trkpt>
   <trkpt lat="51.0601930" lon="13.8005834">
    <ele>103</ele>
    <time>2026-06-06T10:37:49Z</time>
    <extensions>
     <gpxdata:hr>142</gpxdata:hr>
     <gpxdata:distance>3851.50</gpxdata:distance>
     <gpxdata:speed>9.150</gpxdata:speed>
    </extensions>
   </trkpt>
   <trkpt lat="51.0601550" lon="13.8006929">
    <ele>103</ele>
    <time>2026-06-06T10:37:50Z</time>
    <extensions>
     <gpxdata:hr>142</gpxdata:hr>
     <gpxdata:distance>3860.00</gpxdata:distance>
     <gpxdata:speed>9.081</gpxdata:speed>
    </extensions>
   </trkpt>
   <trkpt lat="51.0601185" lon="13.8007961">
    <ele>103</ele>
    <time>2026-06-06T10:37:51Z</time>
    <extensions>
     <gpxdata:hr>141</gpxdata:hr>
     <gpxdata:distance>3868.50</gpxdata:distance>
     <gpxdata:speed>8.794</gpxdata:speed>
    </extensions>
   </trkpt>
   <trkpt lat="51.0600841" lon="13.8008925">
    <ele>104</ele>
    <time>2026-06-06T10:37:52Z</time>
    <extensions>
     <gpxdata:hr>140</gpxdata:hr>
     <gpxdata:distance>3877.00</gpxdata:distance>
     <gpxdata:speed>8.364</gpxdata:speed>
    </extensions>
   </trkpt>
   <trkpt lat="51.0600531" lon="13.8009846">
    <ele>104</ele>
    <time>2026-06-06T10:37:53Z</time>
    <extensions>
     <gpxdata:hr>139</gpxdata:hr>
     <gpxdata:distance>3884.00</gpxdata:distance>
     <gpxdata:speed>7.861</gpxdata:speed>
    </extensions>
   </trkpt>
   <trkpt lat="51.0600253" lon="13.8010745">
    <ele>104</ele>
    <time>2026-06-06T10:37:54Z</time>
    <extensions>
     <gpxdata:hr>141</gpxdata:hr>
     <gpxdata:distance>3891.00</gpxdata:distance>
     <gpxdata:speed>7.469</gpxdata:speed>
    </extensions>
   </trkpt>
   <trkpt lat="51.0599982" lon="13.8011635">
    <ele>105</ele>
    <time>2026-06-06T10:37:55Z</time>
    <extensions>
     <gpxdata:hr>141</gpxdata:hr>
     <gpxdata:distance>3898.00</gpxdata:distance>
     <gpxdata:speed>7.189</gpxdata:speed>
    </extensions>
   </trkpt>
   <trkpt lat="51.0599681" lon="13.8012537">
    <ele>105</ele>
    <time>2026-06-06T10:37:56Z</time>
    <extensions>
     <gpxdata:hr>141</gpxdata:hr>
     <gpxdata:distance>3905.00</gpxdata:distance>
     <gpxdata:speed>7.078</gpxdata:speed>
    </extensions>
   </trkpt>
   <trkpt lat="51.0599324" lon="13.8013452">
    <ele>105</ele>
    <time>2026-06-06T10:37:57Z</time>
    <extensions>
     <gpxdata:hr>142</gpxdata:hr>
     <gpxdata:distance>3913.00</gpxdata:distance>
     <gpxdata:speed>7.253</gpxdata:speed>
    </extensions>
   </trkpt>
   <trkpt lat="51.0598929" lon="13.8014382">
    <ele>105</ele>
    <time>2026-06-06T10:37:58Z</time>
    <extensions>
     <gpxdata:hr>142</gpxdata:hr>
     <gpxdata:distance>3921.00</gpxdata:distance>
     <gpxdata:speed>7.553</gpxdata:speed>
    </extensions>
   </trkpt>
   <trkpt lat="51.0598540" lon="13.8015358">
    <ele>105</ele>
    <time>2026-06-06T10:37:59Z</time>
    <extensions>
     <gpxdata:hr>140</gpxdata:hr>
     <gpxdata:distance>3929.00</gpxdata:distance>
     <gpxdata:speed>7.675</gpxdata:speed>
    </extensions>
   </trkpt>
   <trkpt lat="51.0598160" lon="13.8016378">
    <ele>105</ele>
    <time>2026-06-06T10:38:00Z</time>
    <extensions>
     <gpxdata:hr>139</gpxdata:hr>
     <gpxdata:distance>3937.00</gpxdata:distance>
     <gpxdata:speed>7.806</gpxdata:speed>
    </extensions>
   </trkpt>
   <trkpt lat="51.0597765" lon="13.8017407">
    <ele>105</ele>
    <time>2026-06-06T10:38:01Z</time>
    <extensions>
     <gpxdata:hr>139</gpxdata:hr>
     <gpxdata:distance>3945.50</gpxdata:distance>
     <gpxdata:speed>7.972</gpxdata:speed>
    </extensions>
   </trkpt>
   <trkpt lat="51.0597356" lon="13.8018430">
    <ele>105</ele>
    <time>2026-06-06T10:38:02Z</time>
    <extensions>
     <gpxdata:hr>139</gpxdata:hr>
     <gpxdata:distance>3954.00</gpxdata:distance>
     <gpxdata:speed>8.125</gpxdata:speed>
    </extensions>
   </trkpt>
   <trkpt lat="51.0596938" lon="13.8019454">
    <ele>105</ele>
    <time>2026-06-06T10:38:03Z</time>
    <extensions>
     <gpxdata:hr>138</gpxdata:hr>
     <gpxdata:distance>3962.50</gpxdata:distance>
     <gpxdata:speed>8.378</gpxdata:speed>
    </extensions>
   </trkpt>
   <trkpt lat="51.0596517" lon="13.8020483">
    <ele>105</ele>
    <time>2026-06-06T10:38:04Z</time>
    <extensions>
     <gpxdata:hr>138</gpxdata:hr>
     <gpxdata:distance>3971.00</gpxdata:distance>
     <gpxdata:speed>8.478</gpxdata:speed>
    </extensions>
   </trkpt>
   <trkpt lat="51.0596087" lon="13.8021513">
    <ele>105</ele>
    <time>2026-06-06T10:38:05Z</time>
    <extensions>
     <gpxdata:hr>138</gpxdata:hr>
     <gpxdata:distance>3979.50</gpxdata:distance>
     <gpxdata:speed>8.550</gpxdata:speed>
    </extensions>
   </trkpt>
   <trkpt lat="51.0595642" lon="13.8022537">
    <ele>105</ele>
    <time>2026-06-06T10:38:06Z</time>
    <extensions>
     <gpxdata:hr>138</gpxdata:hr>
     <gpxdata:distance>3988.00</gpxdata:distance>
     <gpxdata:speed>8.622</gpxdata:speed>
    </extensions>
   </trkpt>
   <trkpt lat="51.0595180" lon="13.8023552">
    <ele>105</ele>
    <time>2026-06-06T10:38:07Z</time>
    <extensions>
     <gpxdata:hr>138</gpxdata:hr>
     <gpxdata:distance>3997.00</gpxdata:distance>
     <gpxdata:speed>8.681</gpxdata:speed>
    </extensions>
   </trkpt>
   <trkpt lat="51.0594703" lon="13.8024561">
    <ele>105</ele>
    <time>2026-06-06T10:38:08Z</time>
    <extensions>
     <gpxdata:hr>139</gpxdata:hr>
     <gpxdata:distance>4006.00</gpxdata:distance>
     <gpxdata:speed>8.747</gpxdata:speed>
    </extensions>
   </trkpt>
   <trkpt lat="51.0594213" lon="13.8025563">
    <ele>105</ele>
    <time>2026-06-06T10:38:09Z</time>
    <extensions>
     <gpxdata:hr>140</gpxdata:hr>
     <gpxdata:distance>4014.50</gpxdata:distance>
     <gpxdata:speed>8.806</gpxdata:speed>
    </extensions>
   </trkpt>
   <trkpt lat="51.0593711" lon="13.8026556">
    <ele>105</ele>
    <time>2026-06-06T10:38:10Z</time>
    <extensions>
     <gpxdata:hr>141</gpxdata:hr>
     <gpxdata:distance>4023.00</gpxdata:distance>
     <gpxdata:speed>8.847</gpxdata:speed>
    </extensions>
   </trkpt>
   <trkpt lat="51.0593205" lon="13.8027538">
    <ele>105</ele>
    <time>2026-06-06T10:38:11Z</time>
    <extensions>
     <gpxdata:hr>142</gpxdata:hr>
     <gpxdata:distance>4032.00</gpxdata:distance>
     <gpxdata:speed>8.878</gpxdata:speed>
    </extensions>
   </trkpt>
   <trkpt lat="51.0592693" lon="13.8028507">
    <ele>105</ele>
    <time>2026-06-06T10:38:12Z</time>
    <extensions>
     <gpxdata:hr>142</gpxdata:hr>
     <gpxdata:distance>4041.00</gpxdata:distance>
     <gpxdata:speed>8.878</gpxdata:speed>
    </extensions>
   </trkpt>
   <trkpt lat="51.0592167" lon="13.8029448">
    <ele>105</ele>
    <time>2026-06-06T10:38:13Z</time>
    <extensions>
     <gpxdata:hr>143</gpxdata:hr>
     <gpxdata:distance>4050.00</gpxdata:distance>
     <gpxdata:speed>8.872</gpxdata:speed>
    </extensions>
   </trkpt>
   <trkpt lat="51.0591627" lon="13.8030349">
    <ele>105</ele>
    <time>2026-06-06T10:38:14Z</time>
    <extensions>
     <gpxdata:hr>143</gpxdata:hr>
     <gpxdata:distance>4059.00</gpxdata:distance>
     <gpxdata:speed>8.853</gpxdata:speed>
    </extensions>
   </trkpt>
   <trkpt lat="51.0591067" lon="13.8031211">
    <ele>105</ele>
    <time>2026-06-06T10:38:15Z</time>
    <extensions>
     <gpxdata:hr>143</gpxdata:hr>
     <gpxdata:distance>4067.50</gpxdata:distance>
     <gpxdata:speed>8.797</gpxdata:speed>
    </extensions>
   </trkpt>
   <trkpt lat="51.0590481" lon="13.8032040">
    <ele>105</ele>
    <time>2026-06-06T10:38:16Z</time>
    <extensions>
     <gpxdata:hr>143</gpxdata:hr>
     <gpxdata:distance>4076.00</gpxdata:distance>
     <gpxdata:speed>8.758</gpxdata:speed>
    </extensions>
   </trkpt>
   <trkpt lat="51.0589869" lon="13.8032844">
    <ele>105</ele>
    <time>2026-06-06T10:38:17Z</time>
    <extensions>
     <gpxdata:hr>143</gpxdata:hr>
     <gpxdata:distance>4085.00</gpxdata:distance>
     <gpxdata:speed>8.758</gpxdata:speed>
    </extensions>
   </trkpt>
   <trkpt lat="51.0589244" lon="13.8033638">
    <ele>105</ele>
    <time>2026-06-06T10:38:18Z</time>
    <extensions>
     <gpxdata:hr>143</gpxdata:hr>
     <gpxdata:distance>4094.00</gpxdata:distance>
     <gpxdata:speed>8.794</gpxdata:speed>
    </extensions>
   </trkpt>
   <trkpt lat="51.0588614" lon="13.8034424">
    <ele>105</ele>
    <time>2026-06-06T10:38:19Z</time>
    <extensions>
     <gpxdata:hr>143</gpxdata:hr>
     <gpxdata:distance>4103.00</gpxdata:distance>
     <gpxdata:speed>8.831</gpxdata:speed>
    </extensions>
   </trkpt>
   <trkpt lat="51.0587979" lon="13.8035199">
    <ele>105</ele>
    <time>2026-06-06T10:38:20Z</time>
    <extensions>
     <gpxdata:hr>143</gpxdata:hr>
     <gpxdata:distance>4112.00</gpxdata:distance>
     <gpxdata:speed>8.853</gpxdata:speed>
    </extensions>
   </trkpt>
   <trkpt lat="51.0587334" lon="13.8035961">
    <ele>105</ele>
    <time>2026-06-06T10:38:21Z</time>
    <extensions>
     <gpxdata:hr>144</gpxdata:hr>
     <gpxdata:distance>4120.50</gpxdata:distance>
     <gpxdata:speed>8.867</gpxdata:speed>
    </extensions>
   </trkpt>
   <trkpt lat="51.0586683" lon="13.8036716">
    <ele>104</ele>
    <time>2026-06-06T10:38:22Z</time>
    <extensions>
     <gpxdata:hr>145</gpxdata:hr>
     <gpxdata:distance>4129.00</gpxdata:distance>
     <gpxdata:speed>8.894</gpxdata:speed>
    </extensions>
   </trkpt>
   <trkpt lat="51.0586027" lon="13.8037473">
    <ele>104</ele>
    <time>2026-06-06T10:38:23Z</time>
    <extensions>
     <gpxdata:hr>147</gpxdata:hr>
     <gpxdata:distance>4138.50</gpxdata:distance>
     <gpxdata:speed>8.919</gpxdata:speed>
    </extensions>
   </trkpt>
   <trkpt lat="51.0585366" lon="13.8038239">
    <ele>104</ele>
    <time>2026-06-06T10:38:24Z</time>
    <extensions>
     <gpxdata:hr>148</gpxdata:hr>
     <gpxdata:distance>4148.00</gpxdata:distance>
     <gpxdata:speed>8.958</gpxdata:speed>
    </extensions>
   </trkpt>
   <trkpt lat="51.0584701" lon="13.8039019">
    <ele>104</ele>
    <time>2026-06-06T10:38:25Z</time>
    <extensions>
     <gpxdata:hr>148</gpxdata:hr>
     <gpxdata:distance>4157.00</gpxdata:distance>
     <gpxdata:speed>9.014</gpxdata:speed>
    </extensions>
   </trkpt>
   <trkpt lat="51.0584038" lon="13.8039811">
    <ele>104</ele>
    <time>2026-06-06T10:38:26Z</time>
    <extensions>
     <gpxdata:hr>148</gpxdata:hr>
     <gpxdata:distance>4166.00</gpxdata:distance>
     <gpxdata:speed>9.081</gpxdata:speed>
    </extensions>
   </trkpt>
   <trkpt lat="51.0583373" lon="13.8040608">
    <ele>104</ele>
    <time>2026-06-06T10:38:27Z</time>
    <extensions>
     <gpxdata:hr>147</gpxdata:hr>
     <gpxdata:distance>4175.00</gpxdata:distance>
     <gpxdata:speed>9.136</gpxdata:speed>
    </extensions>
   </trkpt>
   <trkpt lat="51.0582705" lon="13.8041395">
    <ele>104</ele>
    <time>2026-06-06T10:38:28Z</time>
    <extensions>
     <gpxdata:hr>146</gpxdata:hr>
     <gpxdata:distance>4184.00</gpxdata:distance>
     <gpxdata:speed>9.181</gpxdata:speed>
    </extensions>
   </trkpt>
   <trkpt lat="51.0582023" lon="13.8042154">
    <ele>104</ele>
    <time>2026-06-06T10:38:29Z</time>
    <extensions>
     <gpxdata:hr>146</gpxdata:hr>
     <gpxdata:distance>4193.50</gpxdata:distance>
     <gpxdata:speed>9.208</gpxdata:speed>
    </extensions>
   </trkpt>
   <trkpt lat="51.0581327" lon="13.8042874">
    <ele>104</ele>
    <time>2026-06-06T10:38:30Z</time>
    <extensions>
     <gpxdata:hr>146</gpxdata:hr>
     <gpxdata:distance>4203.00</gpxdata:distance>
     <gpxdata:speed>9.233</gpxdata:speed>
    </extensions>
   </trkpt>
   <trkpt lat="51.0580626" lon="13.8043563">
    <ele>104</ele>
    <time>2026-06-06T10:38:31Z</time>
    <extensions>
     <gpxdata:hr>147</gpxdata:hr>
     <gpxdata:distance>4212.00</gpxdata:distance>
     <gpxdata:speed>9.239</gpxdata:speed>
    </extensions>
   </trkpt>
   <trkpt lat="51.0579926" lon="13.8044240">
    <ele>104</ele>
    <time>2026-06-06T10:38:32Z</time>
    <extensions>
     <gpxdata:hr>149</gpxdata:hr>
     <gpxdata:distance>4221.00</gpxdata:distance>
     <gpxdata:speed>9.214</gpxdata:speed>
    </extensions>
   </trkpt>
   <trkpt lat="51.0579232" lon="13.8044922">
    <ele>104</ele>
    <time>2026-06-06T10:38:33Z</time>
    <extensions>
     <gpxdata:hr>149</gpxdata:hr>
     <gpxdata:distance>4230.00</gpxdata:distance>
     <gpxdata:speed>9.183</gpxdata:speed>
    </extensions>
   </trkpt>
   <trkpt lat="51.0578552" lon="13.8045619">
    <ele>104</ele>
    <time>2026-06-06T10:38:34Z</time>
    <extensions>
     <gpxdata:hr>149</gpxdata:hr>
     <gpxdata:distance>4239.00</gpxdata:distance>
     <gpxdata:speed>9.144</gpxdata:speed>
    </extensions>
   </trkpt>
   <trkpt lat="51.0577885" lon="13.8046333">
    <ele>104</ele>
    <time>2026-06-06T10:38:35Z</time>
    <extensions>
     <gpxdata:hr>149</gpxdata:hr>
     <gpxdata:distance>4248.00</gpxdata:distance>
     <gpxdata:speed>9.100</gpxdata:speed>
    </extensions>
   </trkpt>
   <trkpt lat="51.0577230" lon="13.8047060">
    <ele>104</ele>
    <time>2026-06-06T10:38:36Z</time>
    <extensions>
     <gpxdata:hr>149</gpxdata:hr>
     <gpxdata:distance>4257.00</gpxdata:distance>
     <gpxdata:speed>9.044</gpxdata:speed>
    </extensions>
   </trkpt>
   <trkpt lat="51.0576588" lon="13.8047802">
    <ele>104</ele>
    <time>2026-06-06T10:38:37Z</time>
    <extensions>
     <gpxdata:hr>149</gpxdata:hr>
     <gpxdata:distance>4266.00</gpxdata:distance>
     <gpxdata:speed>8.989</gpxdata:speed>
    </extensions>
   </trkpt>
   <trkpt lat="51.0575965" lon="13.8048569">
    <ele>104</ele>
    <time>2026-06-06T10:38:38Z</time>
    <extensions>
     <gpxdata:hr>149</gpxdata:hr>
     <gpxdata:distance>4275.00</gpxdata:distance>
     <gpxdata:speed>8.936</gpxdata:speed>
    </extensions>
   </trkpt>
   <trkpt lat="51.0575358" lon="13.8049357">
    <ele>104</ele>
    <time>2026-06-06T10:38:39Z</time>
    <extensions>
     <gpxdata:hr>148</gpxdata:hr>
     <gpxdata:distance>4283.50</gpxdata:distance>
     <gpxdata:speed>8.872</gpxdata:speed>
    </extensions>
   </trkpt>
   <trkpt lat="51.0574757" lon="13.8050159">
    <ele>104</ele>
    <time>2026-06-06T10:38:40Z</time>
    <extensions>
     <gpxdata:hr>149</gpxdata:hr>
     <gpxdata:distance>4292.00</gpxdata:distance>
     <gpxdata:speed>8.817</gpxdata:speed>
    </extensions>
   </trkpt>
   <trkpt lat="51.0574152" lon="13.8050962">
    <ele>104</ele>
    <time>2026-06-06T10:38:41Z</time>
    <extensions>
     <gpxdata:hr>148</gpxdata:hr>
     <gpxdata:distance>4301.00</gpxdata:distance>
     <gpxdata:speed>8.783</gpxdata:speed>
    </extensions>
   </trkpt>
   <trkpt lat="51.0573535" lon="13.8051762">
    <ele>104</ele>
    <time>2026-06-06T10:38:42Z</time>
    <extensions>
     <gpxdata:hr>148</gpxdata:hr>
     <gpxdata:distance>4310.00</gpxdata:distance>
     <gpxdata:speed>8.783</gpxdata:speed>
    </extensions>
   </trkpt>
   <trkpt lat="51.0572907" lon="13.8052556">
    <ele>104</ele>
    <time>2026-06-06T10:38:43Z</time>
    <extensions>
     <gpxdata:hr>147</gpxdata:hr>
     <gpxdata:distance>4319.00</gpxdata:distance>
     <gpxdata:speed>8.811</gpxdata:speed>
    </extensions>
   </trkpt>
   <trkpt lat="51.0572270" lon="13.8053339">
    <ele>104</ele>
    <time>2026-06-06T10:38:44Z</time>
    <extensions>
     <gpxdata:hr>148</gpxdata:hr>
     <gpxdata:distance>4328.00</gpxdata:distance>
     <gpxdata:speed>8.850</gpxdata:speed>
    </extensions>
   </trkpt>
   <trkpt lat="51.0571630" lon="13.8054112">
    <ele>104</ele>
    <time>2026-06-06T10:38:45Z</time>
    <extensions>
     <gpxdata:hr>147</gpxdata:hr>
     <gpxdata:distance>4337.00</gpxdata:distance>
     <gpxdata:speed>8.886</gpxdata:speed>
    </extensions>
   </trkpt>
   <trkpt lat="51.0570985" lon="13.8054867">
    <ele>105</ele>
    <time>2026-06-06T10:38:46Z</time>
    <extensions>
     <gpxdata:hr>148</gpxdata:hr>
     <gpxdata:distance>4346.00</gpxdata:distance>
     <gpxdata:speed>8.897</gpxdata:speed>
    </extensions>
   </trkpt>
   <trkpt lat="51.0570332" lon="13.8055601">
    <ele>105</ele>
    <time>2026-06-06T10:38:47Z</time>
    <extensions>
     <gpxdata:hr>148</gpxdata:hr>
     <gpxdata:distance>4355.00</gpxdata:distance>
     <gpxdata:speed>8.900</gpxdata:speed>
    </extensions>
   </trkpt>
   <trkpt lat="51.0569668" lon="13.8056327">
    <ele>105</ele>
    <time>2026-06-06T10:38:48Z</time>
    <extensions>
     <gpxdata:hr>148</gpxdata:hr>
     <gpxdata:distance>4364.00</gpxdata:distance>
     <gpxdata:speed>8.903</gpxdata:speed>
    </extensions>
   </trkpt>
   <trkpt lat="51.0568984" lon="13.8057024">
    <ele>105</ele>
    <time>2026-06-06T10:38:49Z</time>
    <extensions>
     <gpxdata:hr>147</gpxdata:hr>
     <gpxdata:distance>4373.00</gpxdata:distance>
     <gpxdata:speed>8.933</gpxdata:speed>
    </extensions>
   </trkpt>
   <trkpt lat="51.0568278" lon="13.8057637">
    <ele>106</ele>
    <time>2026-06-06T10:38:50Z</time>
    <extensions>
     <gpxdata:hr>148</gpxdata:hr>
     <gpxdata:distance>4382.00</gpxdata:distance>
     <gpxdata:speed>8.975</gpxdata:speed>
    </extensions>
   </trkpt>
   <trkpt lat="51.0567565" lon="13.8058177">
    <ele>106</ele>
    <time>2026-06-06T10:38:51Z</time>
    <extensions>
     <gpxdata:hr>147</gpxdata:hr>
     <gpxdata:distance>4390.50</gpxdata:distance>
     <gpxdata:speed>8.961</gpxdata:speed>
    </extensions>
   </trkpt>
   <trkpt lat="51.0566861" lon="13.8058696">
    <ele>106</ele>
    <time>2026-06-06T10:38:52Z</time>
    <extensions>
     <gpxdata:hr>147</gpxdata:hr>
     <gpxdata:distance>4399.00</gpxdata:distance>
     <gpxdata:speed>8.892</gpxdata:speed>
    </extensions>
   </trkpt>
   <trkpt lat="51.0566163" lon="13.8059194">
    <ele>107</ele>
    <time>2026-06-06T10:38:53Z</time>
    <extensions>
     <gpxdata:hr>147</gpxdata:hr>
     <gpxdata:distance>4407.50</gpxdata:distance>
     <gpxdata:speed>8.800</gpxdata:speed>
    </extensions>
   </trkpt>
   <trkpt lat="51.0565483" lon="13.8059646">
    <ele>107</ele>
    <time>2026-06-06T10:38:54Z</time>
    <extensions>
     <gpxdata:hr>146</gpxdata:hr>
     <gpxdata:distance>4416.00</gpxdata:distance>
     <gpxdata:speed>8.697</gpxdata:speed>
    </extensions>
   </trkpt>
   <trkpt lat="51.0564822" lon="13.8060063">
    <ele>107</ele>
    <time>2026-06-06T10:38:55Z</time>
    <extensions>
     <gpxdata:hr>145</gpxdata:hr>
     <gpxdata:distance>4424.00</gpxdata:distance>
     <gpxdata:speed>8.286</gpxdata:speed>
    </extensions>
   </trkpt>
   <trkpt lat="51.0564165" lon="13.8060474">
    <ele>107</ele>
    <time>2026-06-06T10:38:56Z</time>
    <extensions>
     <gpxdata:hr>146</gpxdata:hr>
     <gpxdata:distance>4432.00</gpxdata:distance>
     <gpxdata:speed>8.006</gpxdata:speed>
    </extensions>
   </trkpt>
   <trkpt lat="51.0563489" lon="13.8060892">
    <ele>107</ele>
    <time>2026-06-06T10:38:57Z</time>
    <extensions>
     <gpxdata:hr>146</gpxdata:hr>
     <gpxdata:distance>4440.00</gpxdata:distance>
     <gpxdata:speed>7.961</gpxdata:speed>
    </extensions>
   </trkpt>
   <trkpt lat="51.0562795" lon="13.8061319">
    <ele>106</ele>
    <time>2026-06-06T10:38:58Z</time>
    <extensions>
     <gpxdata:hr>146</gpxdata:hr>
     <gpxdata:distance>4448.00</gpxdata:distance>
     <gpxdata:speed>8.122</gpxdata:speed>
    </extensions>
   </trkpt>
   <trkpt lat="51.0562085" lon="13.8061754">
    <ele>106</ele>
    <time>2026-06-06T10:38:59Z</time>
    <extensions>
     <gpxdata:hr>145</gpxdata:hr>
     <gpxdata:distance>4456.50</gpxdata:distance>
     <gpxdata:speed>8.272</gpxdata:speed>
    </extensions>
   </trkpt>
   <trkpt lat="51.0561364" lon="13.8062187">
    <ele>106</ele>
    <time>2026-06-06T10:39:00Z</time>
    <extensions>
     <gpxdata:hr>144</gpxdata:hr>
     <gpxdata:distance>4465.00</gpxdata:distance>
     <gpxdata:speed>8.397</gpxdata:speed>
    </extensions>
   </trkpt>
   <trkpt lat="51.0560634" lon="13.8062610">
    <ele>106</ele>
    <time>2026-06-06T10:39:01Z</time>
    <extensions>
     <gpxdata:hr>144</gpxdata:hr>
     <gpxdata:distance>4473.50</gpxdata:distance>
     <gpxdata:speed>8.458</gpxdata:speed>
    </extensions>
   </trkpt>
   <trkpt lat="51.0559898" lon="13.8063028">
    <ele>106</ele>
    <time>2026-06-06T10:39:02Z</time>
    <extensions>
     <gpxdata:hr>143</gpxdata:hr>
     <gpxdata:distance>4482.00</gpxdata:distance>
     <gpxdata:speed>8.522</gpxdata:speed>
    </extensions>
   </trkpt>
   <trkpt lat="51.0559156" lon="13.8063446">
    <ele>106</ele>
    <time>2026-06-06T10:39:03Z</time>
    <extensions>
     <gpxdata:hr>143</gpxdata:hr>
     <gpxdata:distance>4491.00</gpxdata:distance>
     <gpxdata:speed>8.578</gpxdata:speed>
    </extensions>
   </trkpt>
   <trkpt lat="51.0558413" lon="13.8063871">
    <ele>106</ele>
    <time>2026-06-06T10:39:04Z</time>
    <extensions>
     <gpxdata:hr>143</gpxdata:hr>
     <gpxdata:distance>4500.00</gpxdata:distance>
     <gpxdata:speed>8.639</gpxdata:speed>
    </extensions>
   </trkpt>
   <trkpt lat="51.0557671" lon="13.8064311">
    <ele>106</ele>
    <time>2026-06-06T10:39:05Z</time>
    <extensions>
     <gpxdata:hr>144</gpxdata:hr>
     <gpxdata:distance>4508.50</gpxdata:distance>
     <gpxdata:speed>8.747</gpxdata:speed>
    </extensions>
   </trkpt>
   <trkpt lat="51.0556932" lon="13.8064759">
    <ele>106</ele>
    <time>2026-06-06T10:39:06Z</time>
    <extensions>
     <gpxdata:hr>145</gpxdata:hr>
     <gpxdata:distance>4517.00</gpxdata:distance>
     <gpxdata:speed>8.792</gpxdata:speed>
    </extensions>
   </trkpt>
   <trkpt lat="51.0556196" lon="13.8065213">
    <ele>106</ele>
    <time>2026-06-06T10:39:07Z</time>
    <extensions>
     <gpxdata:hr>144</gpxdata:hr>
     <gpxdata:distance>4526.00</gpxdata:distance>
     <gpxdata:speed>8.806</gpxdata:speed>
    </extensions>
   </trkpt>
   <trkpt lat="51.0555464" lon="13.8065666">
    <ele>106</ele>
    <time>2026-06-06T10:39:08Z</time>
    <extensions>
     <gpxdata:hr>145</gpxdata:hr>
     <gpxdata:distance>4535.00</gpxdata:distance>
     <gpxdata:speed>8.794</gpxdata:speed>
    </extensions>
   </trkpt>
   <trkpt lat="51.0554735" lon="13.8066122">
    <ele>106</ele>
    <time>2026-06-06T10:39:09Z</time>
    <extensions>
     <gpxdata:hr>145</gpxdata:hr>
     <gpxdata:distance>4543.50</gpxdata:distance>
     <gpxdata:speed>8.761</gpxdata:speed>
    </extensions>
   </trkpt>
   <trkpt lat="51.0554013" lon="13.8066572">
    <ele>106</ele>
    <time>2026-06-06T10:39:10Z</time>
    <extensions>
     <gpxdata:hr>146</gpxdata:hr>
     <gpxdata:distance>4552.00</gpxdata:distance>
     <gpxdata:speed>8.744</gpxdata:speed>
    </extensions>
   </trkpt>
   <trkpt lat="51.0553292" lon="13.8067014">
    <ele>106</ele>
    <time>2026-06-06T10:39:11Z</time>
    <extensions>
     <gpxdata:hr>146</gpxdata:hr>
     <gpxdata:distance>4561.00</gpxdata:distance>
     <gpxdata:speed>8.697</gpxdata:speed>
    </extensions>
   </trkpt>
   <trkpt lat="51.0552570" lon="13.8067449">
    <ele>106</ele>
    <time>2026-06-06T10:39:12Z</time>
    <extensions>
     <gpxdata:hr>145</gpxdata:hr>
     <gpxdata:distance>4570.00</gpxdata:distance>
     <gpxdata:speed>8.669</gpxdata:speed>
    </extensions>
   </trkpt>
   <trkpt lat="51.0551855" lon="13.8067871">
    <ele>106</ele>
    <time>2026-06-06T10:39:13Z</time>
    <extensions>
     <gpxdata:hr>144</gpxdata:hr>
     <gpxdata:distance>4578.50</gpxdata:distance>
     <gpxdata:speed>8.647</gpxdata:speed>
    </extensions>
   </trkpt>
   <trkpt lat="51.0551151" lon="13.8068289">
    <ele>106</ele>
    <time>2026-06-06T10:39:14Z</time>
    <extensions>
     <gpxdata:hr>144</gpxdata:hr>
     <gpxdata:distance>4587.00</gpxdata:distance>
     <gpxdata:speed>8.583</gpxdata:speed>
    </extensions>
   </trkpt>
   <trkpt lat="51.0550456" lon="13.8068715">
    <ele>106</ele>
    <time>2026-06-06T10:39:15Z</time>
    <extensions>
     <gpxdata:hr>143</gpxdata:hr>
     <gpxdata:distance>4595.00</gpxdata:distance>
     <gpxdata:speed>8.500</gpxdata:speed>
    </extensions>
   </trkpt>
   <trkpt lat="51.0549763" lon="13.8069142">
    <ele>106</ele>
    <time>2026-06-06T10:39:16Z</time>
    <extensions>
     <gpxdata:hr>142</gpxdata:hr>
     <gpxdata:distance>4603.00</gpxdata:distance>
     <gpxdata:speed>8.425</gpxdata:speed>
    </extensions>
   </trkpt>
   <trkpt lat="51.0549071" lon="13.8069578">
    <ele>106</ele>
    <time>2026-06-06T10:39:17Z</time>
    <extensions>
     <gpxdata:hr>142</gpxdata:hr>
     <gpxdata:distance>4611.50</gpxdata:distance>
     <gpxdata:speed>8.372</gpxdata:speed>
    </extensions>
   </trkpt>
   <trkpt lat="51.0548382" lon="13.8070031">
    <ele>106</ele>
    <time>2026-06-06T10:39:18Z</time>
    <extensions>
     <gpxdata:hr>142</gpxdata:hr>
     <gpxdata:distance>4620.00</gpxdata:distance>
     <gpxdata:speed>8.342</gpxdata:speed>
    </extensions>
   </trkpt>
   <trkpt lat="51.0547688" lon="13.8070484">
    <ele>106</ele>
    <time>2026-06-06T10:39:19Z</time>
    <extensions>
     <gpxdata:hr>142</gpxdata:hr>
     <gpxdata:distance>4628.00</gpxdata:distance>
     <gpxdata:speed>8.328</gpxdata:speed>
    </extensions>
   </trkpt>
   <trkpt lat="51.0546991" lon="13.8070930">
    <ele>106</ele>
    <time>2026-06-06T10:39:20Z</time>
    <extensions>
     <gpxdata:hr>142</gpxdata:hr>
     <gpxdata:distance>4636.00</gpxdata:distance>
     <gpxdata:speed>8.333</gpxdata:speed>
    </extensions>
   </trkpt>
   <trkpt lat="51.0546296" lon="13.8071386">
    <ele>106</ele>
    <time>2026-06-06T10:39:21Z</time>
    <extensions>
     <gpxdata:hr>142</gpxdata:hr>
     <gpxdata:distance>4644.50</gpxdata:distance>
     <gpxdata:speed>8.342</gpxdata:speed>
    </extensions>
   </trkpt>
   <trkpt lat="51.0545611" lon="13.8071877">
    <ele>106</ele>
    <time>2026-06-06T10:39:22Z</time>
    <extensions>
     <gpxdata:hr>143</gpxdata:hr>
     <gpxdata:distance>4653.00</gpxdata:distance>
     <gpxdata:speed>8.344</gpxdata:speed>
    </extensions>
   </trkpt>
   <trkpt lat="51.0544924" lon="13.8072384">
    <ele>106</ele>
    <time>2026-06-06T10:39:23Z</time>
    <extensions>
     <gpxdata:hr>143</gpxdata:hr>
     <gpxdata:distance>4661.50</gpxdata:distance>
     <gpxdata:speed>8.347</gpxdata:speed>
    </extensions>
   </trkpt>
   <trkpt lat="51.0544227" lon="13.8072893">
    <ele>106</ele>
    <time>2026-06-06T10:39:24Z</time>
    <extensions>
     <gpxdata:hr>143</gpxdata:hr>
     <gpxdata:distance>4670.00</gpxdata:distance>
     <gpxdata:speed>8.383</gpxdata:speed>
    </extensions>
   </trkpt>
   <trkpt lat="51.0543525" lon="13.8073404">
    <ele>106</ele>
    <time>2026-06-06T10:39:25Z</time>
    <extensions>
     <gpxdata:hr>143</gpxdata:hr>
     <gpxdata:distance>4678.50</gpxdata:distance>
     <gpxdata:speed>8.442</gpxdata:speed>
    </extensions>
   </trkpt>
   <trkpt lat="51.0542822" lon="13.8073922">
    <ele>106</ele>
    <time>2026-06-06T10:39:26Z</time>
    <extensions>
     <gpxdata:hr>143</gpxdata:hr>
     <gpxdata:distance>4687.00</gpxdata:distance>
     <gpxdata:speed>8.494</gpxdata:speed>
    </extensions>
   </trkpt>
   <trkpt lat="51.0542123" lon="13.8074451">
    <ele>106</ele>
    <time>2026-06-06T10:39:27Z</time>
    <extensions>
     <gpxdata:hr>143</gpxdata:hr>
     <gpxdata:distance>4695.50</gpxdata:distance>
     <gpxdata:speed>8.536</gpxdata:speed>
    </extensions>
   </trkpt>
   <trkpt lat="51.0541430" lon="13.8075001">
    <ele>106</ele>
    <time>2026-06-06T10:39:28Z</time>
    <extensions>
     <gpxdata:hr>143</gpxdata:hr>
     <gpxdata:distance>4704.00</gpxdata:distance>
     <gpxdata:speed>8.567</gpxdata:speed>
    </extensions>
   </trkpt>
   <trkpt lat="51.0540743" lon="13.8075567">
    <ele>106</ele>
    <time>2026-06-06T10:39:29Z</time>
    <extensions>
     <gpxdata:hr>143</gpxdata:hr>
     <gpxdata:distance>4713.00</gpxdata:distance>
     <gpxdata:speed>8.586</gpxdata:speed>
    </extensions>
   </trkpt>
   <trkpt lat="51.0540065" lon="13.8076151">
    <ele>107</ele>
    <time>2026-06-06T10:39:30Z</time>
    <extensions>
     <gpxdata:hr>143</gpxdata:hr>
     <gpxdata:distance>4722.00</gpxdata:distance>
     <gpxdata:speed>8.594</gpxdata:speed>
    </extensions>
   </trkpt>
   <trkpt lat="51.0539396" lon="13.8076760">
    <ele>107</ele>
    <time>2026-06-06T10:39:31Z</time>
    <extensions>
     <gpxdata:hr>143</gpxdata:hr>
     <gpxdata:distance>4730.50</gpxdata:distance>
     <gpxdata:speed>8.592</gpxdata:speed>
    </extensions>
   </trkpt>
   <trkpt lat="51.0538740" lon="13.8077403">
    <ele>107</ele>
    <time>2026-06-06T10:39:32Z</time>
    <extensions>
     <gpxdata:hr>144</gpxdata:hr>
     <gpxdata:distance>4739.00</gpxdata:distance>
     <gpxdata:speed>8.592</gpxdata:speed>
    </extensions>
   </trkpt>
   <trkpt lat="51.0538097" lon="13.8078074">
    <ele>107</ele>
    <time>2026-06-06T10:39:33Z</time>
    <extensions>
     <gpxdata:hr>144</gpxdata:hr>
     <gpxdata:distance>4747.50</gpxdata:distance>
     <gpxdata:speed>8.589</gpxdata:speed>
    </extensions>
   </trkpt>
   <trkpt lat="51.0537462" lon="13.8078772">
    <ele>107</ele>
    <time>2026-06-06T10:39:34Z</time>
    <extensions>
     <gpxdata:hr>144</gpxdata:hr>
     <gpxdata:distance>4756.00</gpxdata:distance>
     <gpxdata:speed>8.581</gpxdata:speed>
    </extensions>
   </trkpt>
   <trkpt lat="51.0536831" lon="13.8079496">
    <ele>107</ele>
    <time>2026-06-06T10:39:35Z</time>
    <extensions>
     <gpxdata:hr>144</gpxdata:hr>
     <gpxdata:distance>4764.50</gpxdata:distance>
     <gpxdata:speed>8.586</gpxdata:speed>
    </extensions>
   </trkpt>
   <trkpt lat="51.0536208" lon="13.8080258">
    <ele>107</ele>
    <time>2026-06-06T10:39:36Z</time>
    <extensions>
     <gpxdata:hr>145</gpxdata:hr>
     <gpxdata:distance>4773.00</gpxdata:distance>
     <gpxdata:speed>8.617</gpxdata:speed>
    </extensions>
   </trkpt>
   <trkpt lat="51.0535593" lon="13.8081054">
    <ele>107</ele>
    <time>2026-06-06T10:39:37Z</time>
    <extensions>
     <gpxdata:hr>145</gpxdata:hr>
     <gpxdata:distance>4782.00</gpxdata:distance>
     <gpxdata:speed>8.669</gpxdata:speed>
    </extensions>
   </trkpt>
   <trkpt lat="51.0534973" lon="13.8081850">
    <ele>107</ele>
    <time>2026-06-06T10:39:38Z</time>
    <extensions>
     <gpxdata:hr>145</gpxdata:hr>
     <gpxdata:distance>4791.00</gpxdata:distance>
     <gpxdata:speed>8.722</gpxdata:speed>
    </extensions>
   </trkpt>
   <trkpt lat="51.0534321" lon="13.8082600">
    <ele>107</ele>
    <time>2026-06-06T10:39:39Z</time>
    <extensions>
     <gpxdata:hr>145</gpxdata:hr>
     <gpxdata:distance>4800.00</gpxdata:distance>
     <gpxdata:speed>8.775</gpxdata:speed>
    </extensions>
   </trkpt>
   <trkpt lat="51.0533636" lon="13.8083285">
    <ele>107</ele>
    <time>2026-06-06T10:39:40Z</time>
    <extensions>
     <gpxdata:hr>144</gpxdata:hr>
     <gpxdata:distance>4809.00</gpxdata:distance>
     <gpxdata:speed>8.844</gpxdata:speed>
    </extensions>
   </trkpt>
   <trkpt lat="51.0532938" lon="13.8083929">
    <ele>107</ele>
    <time>2026-06-06T10:39:41Z</time>
    <extensions>
     <gpxdata:hr>143</gpxdata:hr>
     <gpxdata:distance>4818.00</gpxdata:distance>
     <gpxdata:speed>8.911</gpxdata:speed>
    </extensions>
   </trkpt>
   <trkpt lat="51.0532245" lon="13.8084557">
    <ele>107</ele>
    <time>2026-06-06T10:39:42Z</time>
    <extensions>
     <gpxdata:hr>142</gpxdata:hr>
     <gpxdata:distance>4827.00</gpxdata:distance>
     <gpxdata:speed>8.931</gpxdata:speed>
    </extensions>
   </trkpt>
   <trkpt lat="51.0531557" lon="13.8085181">
    <ele>107</ele>
    <time>2026-06-06T10:39:43Z</time>
    <extensions>
     <gpxdata:hr>142</gpxdata:hr>
     <gpxdata:distance>4835.50</gpxdata:distance>
     <gpxdata:speed>8.908</gpxdata:speed>
    </extensions>
   </trkpt>
   <trkpt lat="51.0530875" lon="13.8085804">
    <ele>107</ele>
    <time>2026-06-06T10:39:44Z</time>
    <extensions>
     <gpxdata:hr>142</gpxdata:hr>
     <gpxdata:distance>4844.00</gpxdata:distance>
     <gpxdata:speed>8.875</gpxdata:speed>
    </extensions>
   </trkpt>
   <trkpt lat="51.0530206" lon="13.8086423">
    <ele>106</ele>
    <time>2026-06-06T10:39:45Z</time>
    <extensions>
     <gpxdata:hr>141</gpxdata:hr>
     <gpxdata:distance>4853.00</gpxdata:distance>
     <gpxdata:speed>8.833</gpxdata:speed>
    </extensions>
   </trkpt>
   <trkpt lat="51.0529550" lon="13.8087056">
    <ele>106</ele>
    <time>2026-06-06T10:39:46Z</time>
    <extensions>
     <gpxdata:hr>140</gpxdata:hr>
     <gpxdata:distance>4862.00</gpxdata:distance>
     <gpxdata:speed>8.758</gpxdata:speed>
    </extensions>
   </trkpt>
   <trkpt lat="51.0528930" lon="13.8087715">
    <ele>106</ele>
    <time>2026-06-06T10:39:47Z</time>
    <extensions>
     <gpxdata:hr>140</gpxdata:hr>
     <gpxdata:distance>4870.00</gpxdata:distance>
     <gpxdata:speed>8.683</gpxdata:speed>
    </extensions>
   </trkpt>
   <trkpt lat="51.0528327" lon="13.8088390">
    <ele>106</ele>
    <time>2026-06-06T10:39:48Z</time>
    <extensions>
     <gpxdata:hr>138</gpxdata:hr>
     <gpxdata:distance>4878.00</gpxdata:distance>
     <gpxdata:speed>8.547</gpxdata:speed>
    </extensions>
   </trkpt>
   <trkpt lat="51.0527737" lon="13.8089064">
    <ele>106</ele>
    <time>2026-06-06T10:39:49Z</time>
    <extensions>
     <gpxdata:hr>137</gpxdata:hr>
     <gpxdata:distance>4886.00</gpxdata:distance>
     <gpxdata:speed>8.428</gpxdata:speed>
    </extensions>
   </trkpt>
   <trkpt lat="51.0527156" lon="13.8089746">
    <ele>106</ele>
    <time>2026-06-06T10:39:50Z</time>
    <extensions>
     <gpxdata:hr>136</gpxdata:hr>
     <gpxdata:distance>4894.00</gpxdata:distance>
     <gpxdata:speed>8.306</gpxdata:speed>
    </extensions>
   </trkpt>
   <trkpt lat="51.0526593" lon="13.8090414">
    <ele>106</ele>
    <time>2026-06-06T10:39:51Z</time>
    <extensions>
     <gpxdata:hr>135</gpxdata:hr>
     <gpxdata:distance>4902.00</gpxdata:distance>
     <gpxdata:speed>8.111</gpxdata:speed>
    </extensions>
   </trkpt>
   <trkpt lat="51.0526066" lon="13.8091057">
    <ele>106</ele>
    <time>2026-06-06T10:39:52Z</time>
    <extensions>
     <gpxdata:hr>135</gpxdata:hr>
     <gpxdata:distance>4910.00</gpxdata:distance>
     <gpxdata:speed>7.836</gpxdata:speed>
    </extensions>
   </trkpt>
   <trkpt lat="51.0525602" lon="13.8091639">
    <ele>106</ele>
    <time>2026-06-06T10:39:53Z</time>
    <extensions>
     <gpxdata:hr>135</gpxdata:hr>
     <gpxdata:distance>4916.50</gpxdata:distance>
     <gpxdata:speed>7.439</gpxdata:speed>
    </extensions>
   </trkpt>
   <trkpt lat="51.0525198" lon="13.8092143">
    <ele>106</ele>
    <time>2026-06-06T10:39:54Z</time>
    <extensions>
     <gpxdata:hr>135</gpxdata:hr>
     <gpxdata:distance>4923.00</gpxdata:distance>
     <gpxdata:speed>6.656</gpxdata:speed>
    </extensions>
   </trkpt>
   <trkpt lat="51.0524932" lon="13.8092455">
    <ele>105</ele>
    <time>2026-06-06T10:39:55Z</time>
    <extensions>
     <gpxdata:hr>135</gpxdata:hr>
     <gpxdata:distance>4928.00</gpxdata:distance>
     <gpxdata:speed>5.906</gpxdata:speed>
    </extensions>
   </trkpt>
   <trkpt lat="51.0524609" lon="13.8092836">
    <ele>105</ele>
    <time>2026-06-06T10:39:56Z</time>
    <extensions>
     <gpxdata:hr>134</gpxdata:hr>
     <gpxdata:distance>4933.00</gpxdata:distance>
     <gpxdata:speed>5.364</gpxdata:speed>
    </extensions>
   </trkpt>
   <trkpt lat="51.0524263" lon="13.8093249">
    <ele>105</ele>
    <time>2026-06-06T10:39:57Z</time>
    <extensions>
     <gpxdata:hr>132</gpxdata:hr>
     <gpxdata:distance>4938.00</gpxdata:distance>
     <gpxdata:speed>5.106</gpxdata:speed>
    </extensions>
   </trkpt>
   <trkpt lat="51.0523897" lon="13.8093679">
    <ele>105</ele>
    <time>2026-06-06T10:39:58Z</time>
    <extensions>
     <gpxdata:hr>132</gpxdata:hr>
     <gpxdata:distance>4943.00</gpxdata:distance>
     <gpxdata:speed>5.133</gpxdata:speed>
    </extensions>
   </trkpt>
   <trkpt lat="51.0523510" lon="13.8094111">
    <ele>105</ele>
    <time>2026-06-06T10:39:59Z</time>
    <extensions>
     <gpxdata:hr>132</gpxdata:hr>
     <gpxdata:distance>4948.50</gpxdata:distance>
     <gpxdata:speed>5.236</gpxdata:speed>
    </extensions>
   </trkpt>
   <trkpt lat="51.0523111" lon="13.8094533">
    <ele>105</ele>
    <time>2026-06-06T10:40:00Z</time>
    <extensions>
     <gpxdata:hr>132</gpxdata:hr>
     <gpxdata:distance>4954.00</gpxdata:distance>
     <gpxdata:speed>5.339</gpxdata:speed>
    </extensions>
   </trkpt>
   <trkpt lat="51.0522697" lon="13.8094955">
    <ele>105</ele>
    <time>2026-06-06T10:40:01Z</time>
    <extensions>
     <gpxdata:hr>132</gpxdata:hr>
     <gpxdata:distance>4959.50</gpxdata:distance>
     <gpxdata:speed>5.353</gpxdata:speed>
    </extensions>
   </trkpt>
   <trkpt lat="51.0522258" lon="13.8095393">
    <ele>105</ele>
    <time>2026-06-06T10:40:02Z</time>
    <extensions>
     <gpxdata:hr>131</gpxdata:hr>
     <gpxdata:distance>4965.00</gpxdata:distance>
     <gpxdata:speed>5.478</gpxdata:speed>
    </extensions>
   </trkpt>
   <trkpt lat="51.0521788" lon="13.8095862">
    <ele>105</ele>
    <time>2026-06-06T10:40:03Z</time>
    <extensions>
     <gpxdata:hr>131</gpxdata:hr>
     <gpxdata:distance>4971.50</gpxdata:distance>
     <gpxdata:speed>5.636</gpxdata:speed>
    </extensions>
   </trkpt>
   <trkpt lat="51.0521158" lon="13.8096516">
    <ele>105</ele>
    <time>2026-06-06T10:40:04Z</time>
    <extensions>
     <gpxdata:hr>130</gpxdata:hr>
     <gpxdata:distance>4978.00</gpxdata:distance>
     <gpxdata:speed>6.183</gpxdata:speed>
    </extensions>
   </trkpt>
   <trkpt lat="51.0520703" lon="13.8096991">
    <ele>104</ele>
    <time>2026-06-06T10:40:05Z</time>
    <extensions>
     <gpxdata:hr>129</gpxdata:hr>
     <gpxdata:distance>4983.50</gpxdata:distance>
     <gpxdata:speed>6.225</gpxdata:speed>
    </extensions>
   </trkpt>
   <trkpt lat="51.0520408" lon="13.8097243">
    <ele>104</ele>
    <time>2026-06-06T10:40:06Z</time>
    <extensions>
     <gpxdata:hr>129</gpxdata:hr>
     <gpxdata:distance>4989.00</gpxdata:distance>
     <gpxdata:speed>5.967</gpxdata:speed>
    </extensions>
   </trkpt>
   <trkpt lat="51.0520039" lon="13.8097422">
    <ele>104</ele>
    <time>2026-06-06T10:40:07Z</time>
    <extensions>
     <gpxdata:hr>129</gpxdata:hr>
     <gpxdata:distance>4993.50</gpxdata:distance>
     <gpxdata:speed>5.619</gpxdata:speed>
    </extensions>
   </trkpt>
   <trkpt lat="51.0519648" lon="13.8097498">
    <ele>104</ele>
    <time>2026-06-06T10:40:08Z</time>
    <extensions>
     <gpxdata:hr>129</gpxdata:hr>
     <gpxdata:distance>4998.00</gpxdata:distance>
     <gpxdata:speed>5.292</gpxdata:speed>
    </extensions>
   </trkpt>
   <trkpt lat="51.0519242" lon="13.8097566">
    <ele>104</ele>
    <time>2026-06-06T10:40:09Z</time>
    <extensions>
     <gpxdata:hr>129</gpxdata:hr>
     <gpxdata:distance>5002.50</gpxdata:distance>
     <gpxdata:speed>5.028</gpxdata:speed>
    </extensions>
   </trkpt>
   <trkpt lat="51.0518818" lon="13.8097710">
    <ele>104</ele>
    <time>2026-06-06T10:40:10Z</time>
    <extensions>
     <gpxdata:hr>129</gpxdata:hr>
     <gpxdata:distance>5007.00</gpxdata:distance>
     <gpxdata:speed>4.900</gpxdata:speed>
    </extensions>
   </trkpt>
   <trkpt lat="51.0518378" lon="13.8097926">
    <ele>104</ele>
    <time>2026-06-06T10:40:11Z</time>
    <extensions>
     <gpxdata:hr>129</gpxdata:hr>
     <gpxdata:distance>5012.50</gpxdata:distance>
     <gpxdata:speed>4.947</gpxdata:speed>
    </extensions>
   </trkpt>
   <trkpt lat="51.0517921" lon="13.8098218">
    <ele>105</ele>
    <time>2026-06-06T10:40:12Z</time>
    <extensions>
     <gpxdata:hr>129</gpxdata:hr>
     <gpxdata:distance>5018.00</gpxdata:distance>
     <gpxdata:speed>5.064</gpxdata:speed>
    </extensions>
   </trkpt>
   <trkpt lat="51.0517448" lon="13.8098571">
    <ele>105</ele>
    <time>2026-06-06T10:40:13Z</time>
    <extensions>
     <gpxdata:hr>130</gpxdata:hr>
     <gpxdata:distance>5024.00</gpxdata:distance>
     <gpxdata:speed>5.261</gpxdata:speed>
    </extensions>
   </trkpt>
   <trkpt lat="51.0516963" lon="13.8098968">
    <ele>105</ele>
    <time>2026-06-06T10:40:14Z</time>
    <extensions>
     <gpxdata:hr>130</gpxdata:hr>
     <gpxdata:distance>5030.00</gpxdata:distance>
     <gpxdata:speed>5.489</gpxdata:speed>
    </extensions>
   </trkpt>
   <trkpt lat="51.0516473" lon="13.8099400">
    <ele>105</ele>
    <time>2026-06-06T10:40:15Z</time>
    <extensions>
     <gpxdata:hr>131</gpxdata:hr>
     <gpxdata:distance>5036.00</gpxdata:distance>
     <gpxdata:speed>5.708</gpxdata:speed>
    </extensions>
   </trkpt>
   <trkpt lat="51.0515808" lon="13.8100012">
    <ele>105</ele>
    <time>2026-06-06T10:40:16Z</time>
    <extensions>
     <gpxdata:hr>132</gpxdata:hr>
     <gpxdata:distance>5042.00</gpxdata:distance>
     <gpxdata:speed>6.158</gpxdata:speed>
    </extensions>
   </trkpt>
   <trkpt lat="51.0515284" lon="13.8100522">
    <ele>106</ele>
    <time>2026-06-06T10:40:17Z</time>
    <extensions>
     <gpxdata:hr>132</gpxdata:hr>
     <gpxdata:distance>5049.00</gpxdata:distance>
     <gpxdata:speed>6.372</gpxdata:speed>
    </extensions>
   </trkpt>
   <trkpt lat="51.0514778" lon="13.8101041">
    <ele>106</ele>
    <time>2026-06-06T10:40:18Z</time>
    <extensions>
     <gpxdata:hr>133</gpxdata:hr>
     <gpxdata:distance>5056.00</gpxdata:distance>
     <gpxdata:speed>6.511</gpxdata:speed>
    </extensions>
   </trkpt>
   <trkpt lat="51.0514271" lon="13.8101566">
    <ele>106</ele>
    <time>2026-06-06T10:40:19Z</time>
    <extensions>
     <gpxdata:hr>134</gpxdata:hr>
     <gpxdata:distance>5062.50</gpxdata:distance>
     <gpxdata:speed>6.611</gpxdata:speed>
    </extensions>
   </trkpt>
   <trkpt lat="51.0513759" lon="13.8102073">
    <ele>106</ele>
    <time>2026-06-06T10:40:20Z</time>
    <extensions>
     <gpxdata:hr>134</gpxdata:hr>
     <gpxdata:distance>5069.00</gpxdata:distance>
     <gpxdata:speed>6.672</gpxdata:speed>
    </extensions>
   </trkpt>
   <trkpt lat="51.0513235" lon="13.8102561">
    <ele>106</ele>
    <time>2026-06-06T10:40:21Z</time>
    <extensions>
     <gpxdata:hr>134</gpxdata:hr>
     <gpxdata:distance>5076.00</gpxdata:distance>
     <gpxdata:speed>6.683</gpxdata:speed>
    </extensions>
   </trkpt>
   <trkpt lat="51.0512703" lon="13.8103037">
    <ele>106</ele>
    <time>2026-06-06T10:40:22Z</time>
    <extensions>
     <gpxdata:hr>133</gpxdata:hr>
     <gpxdata:distance>5083.00</gpxdata:distance>
     <gpxdata:speed>6.739</gpxdata:speed>
    </extensions>
   </trkpt>
   <trkpt lat="51.0512170" lon="13.8103525">
    <ele>106</ele>
    <time>2026-06-06T10:40:23Z</time>
    <extensions>
     <gpxdata:hr>133</gpxdata:hr>
     <gpxdata:distance>5089.50</gpxdata:distance>
     <gpxdata:speed>6.789</gpxdata:speed>
    </extensions>
   </trkpt>
   <trkpt lat="51.0511643" lon="13.8104031">
    <ele>106</ele>
    <time>2026-06-06T10:40:24Z</time>
    <extensions>
     <gpxdata:hr>131</gpxdata:hr>
     <gpxdata:distance>5096.00</gpxdata:distance>
     <gpxdata:speed>6.819</gpxdata:speed>
    </extensions>
   </trkpt>
   <trkpt lat="51.0511117" lon="13.8104537">
    <ele>106</ele>
    <time>2026-06-06T10:40:25Z</time>
    <extensions>
     <gpxdata:hr>131</gpxdata:hr>
     <gpxdata:distance>5103.00</gpxdata:distance>
     <gpxdata:speed>6.842</gpxdata:speed>
    </extensions>
   </trkpt>
   <trkpt lat="51.0510589" lon="13.8105048">
    <ele>106</ele>
    <time>2026-06-06T10:40:26Z</time>
    <extensions>
     <gpxdata:hr>131</gpxdata:hr>
     <gpxdata:distance>5110.00</gpxdata:distance>
     <gpxdata:speed>6.844</gpxdata:speed>
    </extensions>
   </trkpt>
   <trkpt lat="51.0510058" lon="13.8105576">
    <ele>106</ele>
    <time>2026-06-06T10:40:27Z</time>
    <extensions>
     <gpxdata:hr>131</gpxdata:hr>
     <gpxdata:distance>5117.00</gpxdata:distance>
     <gpxdata:speed>6.861</gpxdata:speed>
    </extensions>
   </trkpt>
   <trkpt lat="51.0509516" lon="13.8106125">
    <ele>106</ele>
    <time>2026-06-06T10:40:28Z</time>
    <extensions>
     <gpxdata:hr>132</gpxdata:hr>
     <gpxdata:distance>5124.00</gpxdata:distance>
     <gpxdata:speed>6.911</gpxdata:speed>
    </extensions>
   </trkpt>
   <trkpt lat="51.0508962" lon="13.8106696">
    <ele>106</ele>
    <time>2026-06-06T10:40:29Z</time>
    <extensions>
     <gpxdata:hr>134</gpxdata:hr>
     <gpxdata:distance>5131.50</gpxdata:distance>
     <gpxdata:speed>7.008</gpxdata:speed>
    </extensions>
   </trkpt>
   <trkpt lat="51.0508393" lon="13.8107290">
    <ele>106</ele>
    <time>2026-06-06T10:40:30Z</time>
    <extensions>
     <gpxdata:hr>135</gpxdata:hr>
     <gpxdata:distance>5139.00</gpxdata:distance>
     <gpxdata:speed>7.136</gpxdata:speed>
    </extensions>
   </trkpt>
   <trkpt lat="51.0507806" lon="13.8107901">
    <ele>106</ele>
    <time>2026-06-06T10:40:31Z</time>
    <extensions>
     <gpxdata:hr>135</gpxdata:hr>
     <gpxdata:distance>5146.50</gpxdata:distance>
     <gpxdata:speed>7.489</gpxdata:speed>
    </extensions>
   </trkpt>
   <trkpt lat="51.0507201" lon="13.8108526">
    <ele>106</ele>
    <time>2026-06-06T10:40:32Z</time>
    <extensions>
     <gpxdata:hr>136</gpxdata:hr>
     <gpxdata:distance>5154.00</gpxdata:distance>
     <gpxdata:speed>7.742</gpxdata:speed>
    </extensions>
   </trkpt>
   <trkpt lat="51.0506586" lon="13.8109167">
    <ele>106</ele>
    <time>2026-06-06T10:40:33Z</time>
    <extensions>
     <gpxdata:hr>136</gpxdata:hr>
     <gpxdata:distance>5162.50</gpxdata:distance>
     <gpxdata:speed>7.942</gpxdata:speed>
    </extensions>
   </trkpt>
   <trkpt lat="51.0505964" lon="13.8109813">
    <ele>106</ele>
    <time>2026-06-06T10:40:34Z</time>
    <extensions>
     <gpxdata:hr>136</gpxdata:hr>
     <gpxdata:distance>5171.00</gpxdata:distance>
     <gpxdata:speed>8.094</gpxdata:speed>
    </extensions>
   </trkpt>
   <trkpt lat="51.0505335" lon="13.8110467">
    <ele>106</ele>
    <time>2026-06-06T10:40:35Z</time>
    <extensions>
     <gpxdata:hr>136</gpxdata:hr>
     <gpxdata:distance>5179.50</gpxdata:distance>
     <gpxdata:speed>8.192</gpxdata:speed>
    </extensions>
   </trkpt>
   <trkpt lat="51.0504702" lon="13.8111141">
    <ele>106</ele>
    <time>2026-06-06T10:40:36Z</time>
    <extensions>
     <gpxdata:hr>138</gpxdata:hr>
     <gpxdata:distance>5188.00</gpxdata:distance>
     <gpxdata:speed>8.300</gpxdata:speed>
    </extensions>
   </trkpt>
   <trkpt lat="51.0504065" lon="13.8111826">
    <ele>105</ele>
    <time>2026-06-06T10:40:37Z</time>
    <extensions>
     <gpxdata:hr>139</gpxdata:hr>
     <gpxdata:distance>5196.50</gpxdata:distance>
     <gpxdata:speed>8.433</gpxdata:speed>
    </extensions>
   </trkpt>
   <trkpt lat="51.0503421" lon="13.8112505">
    <ele>105</ele>
    <time>2026-06-06T10:40:38Z</time>
    <extensions>
     <gpxdata:hr>140</gpxdata:hr>
     <gpxdata:distance>5205.00</gpxdata:distance>
     <gpxdata:speed>8.517</gpxdata:speed>
    </extensions>
   </trkpt>
   <trkpt lat="51.0502770" lon="13.8113167">
    <ele>105</ele>
    <time>2026-06-06T10:40:39Z</time>
    <extensions>
     <gpxdata:hr>141</gpxdata:hr>
     <gpxdata:distance>5213.50</gpxdata:distance>
     <gpxdata:speed>8.558</gpxdata:speed>
    </extensions>
   </trkpt>
   <trkpt lat="51.0502108" lon="13.8113813">
    <ele>105</ele>
    <time>2026-06-06T10:40:40Z</time>
    <extensions>
     <gpxdata:hr>140</gpxdata:hr>
     <gpxdata:distance>5222.00</gpxdata:distance>
     <gpxdata:speed>8.569</gpxdata:speed>
    </extensions>
   </trkpt>
   <trkpt lat="51.0501433" lon="13.8114427">
    <ele>105</ele>
    <time>2026-06-06T10:40:41Z</time>
    <extensions>
     <gpxdata:hr>141</gpxdata:hr>
     <gpxdata:distance>5230.50</gpxdata:distance>
     <gpxdata:speed>8.622</gpxdata:speed>
    </extensions>
   </trkpt>
   <trkpt lat="51.0500748" lon="13.8115011">
    <ele>105</ele>
    <time>2026-06-06T10:40:42Z</time>
    <extensions>
     <gpxdata:hr>141</gpxdata:hr>
     <gpxdata:distance>5239.00</gpxdata:distance>
     <gpxdata:speed>8.647</gpxdata:speed>
    </extensions>
   </trkpt>
   <trkpt lat="51.0500058" lon="13.8115577">
    <ele>105</ele>
    <time>2026-06-06T10:40:43Z</time>
    <extensions>
     <gpxdata:hr>141</gpxdata:hr>
     <gpxdata:distance>5247.50</gpxdata:distance>
     <gpxdata:speed>8.656</gpxdata:speed>
    </extensions>
   </trkpt>
   <trkpt lat="51.0499364" lon="13.8116149">
    <ele>105</ele>
    <time>2026-06-06T10:40:44Z</time>
    <extensions>
     <gpxdata:hr>141</gpxdata:hr>
     <gpxdata:distance>5256.00</gpxdata:distance>
     <gpxdata:speed>8.656</gpxdata:speed>
    </extensions>
   </trkpt>
   <trkpt lat="51.0498666" lon="13.8116734">
    <ele>105</ele>
    <time>2026-06-06T10:40:45Z</time>
    <extensions>
     <gpxdata:hr>140</gpxdata:hr>
     <gpxdata:distance>5265.00</gpxdata:distance>
     <gpxdata:speed>8.681</gpxdata:speed>
    </extensions>
   </trkpt>
   <trkpt lat="51.0497971" lon="13.8117323">
    <ele>105</ele>
    <time>2026-06-06T10:40:46Z</time>
    <extensions>
     <gpxdata:hr>140</gpxdata:hr>
     <gpxdata:distance>5274.00</gpxdata:distance>
     <gpxdata:speed>8.722</gpxdata:speed>
    </extensions>
   </trkpt>
   <trkpt lat="51.0497280" lon="13.8117907">
    <ele>106</ele>
    <time>2026-06-06T10:40:47Z</time>
    <extensions>
     <gpxdata:hr>141</gpxdata:hr>
     <gpxdata:distance>5282.50</gpxdata:distance>
     <gpxdata:speed>8.736</gpxdata:speed>
    </extensions>
   </trkpt>
   <trkpt lat="51.0496593" lon="13.8118489">
    <ele>106</ele>
    <time>2026-06-06T10:40:48Z</time>
    <extensions>
     <gpxdata:hr>141</gpxdata:hr>
     <gpxdata:distance>5291.00</gpxdata:distance>
     <gpxdata:speed>8.722</gpxdata:speed>
    </extensions>
   </trkpt>
   <trkpt lat="51.0495908" lon="13.8119065">
    <ele>106</ele>
    <time>2026-06-06T10:40:49Z</time>
    <extensions>
     <gpxdata:hr>141</gpxdata:hr>
     <gpxdata:distance>5300.00</gpxdata:distance>
     <gpxdata:speed>8.703</gpxdata:speed>
    </extensions>
   </trkpt>
   <trkpt lat="51.0495227" lon="13.8119647">
    <ele>106</ele>
    <time>2026-06-06T10:40:50Z</time>
    <extensions>
     <gpxdata:hr>141</gpxdata:hr>
     <gpxdata:distance>5309.00</gpxdata:distance>
     <gpxdata:speed>8.672</gpxdata:speed>
    </extensions>
   </trkpt>
   <trkpt lat="51.0494549" lon="13.8120239">
    <ele>106</ele>
    <time>2026-06-06T10:40:51Z</time>
    <extensions>
     <gpxdata:hr>141</gpxdata:hr>
     <gpxdata:distance>5317.50</gpxdata:distance>
     <gpxdata:speed>8.653</gpxdata:speed>
    </extensions>
   </trkpt>
   <trkpt lat="51.0493873" lon="13.8120838">
    <ele>106</ele>
    <time>2026-06-06T10:40:52Z</time>
    <extensions>
     <gpxdata:hr>141</gpxdata:hr>
     <gpxdata:distance>5326.00</gpxdata:distance>
     <gpxdata:speed>8.639</gpxdata:speed>
    </extensions>
   </trkpt>
   <trkpt lat="51.0493194" lon="13.8121441">
    <ele>106</ele>
    <time>2026-06-06T10:40:53Z</time>
    <extensions>
     <gpxdata:hr>140</gpxdata:hr>
     <gpxdata:distance>5334.50</gpxdata:distance>
     <gpxdata:speed>8.631</gpxdata:speed>
    </extensions>
   </trkpt>
   <trkpt lat="51.0492515" lon="13.8122044">
    <ele>106</ele>
    <time>2026-06-06T10:40:54Z</time>
    <extensions>
     <gpxdata:hr>139</gpxdata:hr>
     <gpxdata:distance>5343.00</gpxdata:distance>
     <gpxdata:speed>8.644</gpxdata:speed>
    </extensions>
   </trkpt>
   <trkpt lat="51.0491836" lon="13.8122643">
    <ele>106</ele>
    <time>2026-06-06T10:40:55Z</time>
    <extensions>
     <gpxdata:hr>140</gpxdata:hr>
     <gpxdata:distance>5351.50</gpxdata:distance>
     <gpxdata:speed>8.647</gpxdata:speed>
    </extensions>
   </trkpt>
   <trkpt lat="51.0491158" lon="13.8123235">
    <ele>106</ele>
    <time>2026-06-06T10:40:56Z</time>
    <extensions>
     <gpxdata:hr>140</gpxdata:hr>
     <gpxdata:distance>5360.00</gpxdata:distance>
     <gpxdata:speed>8.642</gpxdata:speed>
    </extensions>
   </trkpt>
   <trkpt lat="51.0490478" lon="13.8123810">
    <ele>106</ele>
    <time>2026-06-06T10:40:57Z</time>
    <extensions>
     <gpxdata:hr>140</gpxdata:hr>
     <gpxdata:distance>5369.00</gpxdata:distance>
     <gpxdata:speed>8.628</gpxdata:speed>
    </extensions>
   </trkpt>
   <trkpt lat="51.0489791" lon="13.8124360">
    <ele>106</ele>
    <time>2026-06-06T10:40:58Z</time>
    <extensions>
     <gpxdata:hr>140</gpxdata:hr>
     <gpxdata:distance>5378.00</gpxdata:distance>
     <gpxdata:speed>8.608</gpxdata:speed>
    </extensions>
   </trkpt>
   <trkpt lat="51.0489090" lon="13.8124883">
    <ele>106</ele>
    <time>2026-06-06T10:40:59Z</time>
    <extensions>
     <gpxdata:hr>139</gpxdata:hr>
     <gpxdata:distance>5386.50</gpxdata:distance>
     <gpxdata:speed>8.597</gpxdata:speed>
    </extensions>
   </trkpt>
   <trkpt lat="51.0488378" lon="13.8125395">
    <ele>106</ele>
    <time>2026-06-06T10:41:00Z</time>
    <extensions>
     <gpxdata:hr>138</gpxdata:hr>
     <gpxdata:distance>5395.00</gpxdata:distance>
     <gpxdata:speed>8.611</gpxdata:speed>
    </extensions>
   </trkpt>
   <trkpt lat="51.0487659" lon="13.8125914">
    <ele>106</ele>
    <time>2026-06-06T10:41:01Z</time>
    <extensions>
     <gpxdata:hr>138</gpxdata:hr>
     <gpxdata:distance>5403.50</gpxdata:distance>
     <gpxdata:speed>8.642</gpxdata:speed>
    </extensions>
   </trkpt>
   <trkpt lat="51.0486937" lon="13.8126446">
    <ele>106</ele>
    <time>2026-06-06T10:41:02Z</time>
    <extensions>
     <gpxdata:hr>137</gpxdata:hr>
     <gpxdata:distance>5412.00</gpxdata:distance>
     <gpxdata:speed>8.700</gpxdata:speed>
    </extensions>
   </trkpt>
   <trkpt lat="51.0486217" lon="13.8126992">
    <ele>106</ele>
    <time>2026-06-06T10:41:03Z</time>
    <extensions>
     <gpxdata:hr>138</gpxdata:hr>
     <gpxdata:distance>5421.00</gpxdata:distance>
     <gpxdata:speed>8.756</gpxdata:speed>
    </extensions>
   </trkpt>
   <trkpt lat="51.0485500" lon="13.8127562">
    <ele>106</ele>
    <time>2026-06-06T10:41:04Z</time>
    <extensions>
     <gpxdata:hr>138</gpxdata:hr>
     <gpxdata:distance>5430.00</gpxdata:distance>
     <gpxdata:speed>8.792</gpxdata:speed>
    </extensions>
   </trkpt>
   <trkpt lat="51.0484781" lon="13.8128149">
    <ele>106</ele>
    <time>2026-06-06T10:41:05Z</time>
    <extensions>
     <gpxdata:hr>138</gpxdata:hr>
     <gpxdata:distance>5439.00</gpxdata:distance>
     <gpxdata:speed>8.839</gpxdata:speed>
    </extensions>
   </trkpt>
   <trkpt lat="51.0484060" lon="13.8128741">
    <ele>106</ele>
    <time>2026-06-06T10:41:06Z</time>
    <extensions>
     <gpxdata:hr>139</gpxdata:hr>
     <gpxdata:distance>5448.00</gpxdata:distance>
     <gpxdata:speed>8.894</gpxdata:speed>
    </extensions>
   </trkpt>
   <trkpt lat="51.0483339" lon="13.8129328">
    <ele>106</ele>
    <time>2026-06-06T10:41:07Z</time>
    <extensions>
     <gpxdata:hr>139</gpxdata:hr>
     <gpxdata:distance>5457.00</gpxdata:distance>
     <gpxdata:speed>8.942</gpxdata:speed>
    </extensions>
   </trkpt>
   <trkpt lat="51.0482620" lon="13.8129903">
    <ele>106</ele>
    <time>2026-06-06T10:41:08Z</time>
    <extensions>
     <gpxdata:hr>138</gpxdata:hr>
     <gpxdata:distance>5466.00</gpxdata:distance>
     <gpxdata:speed>8.967</gpxdata:speed>
    </extensions>
   </trkpt>
   <trkpt lat="51.0481911" lon="13.8130472">
    <ele>106</ele>
    <time>2026-06-06T10:41:09Z</time>
    <extensions>
     <gpxdata:hr>138</gpxdata:hr>
     <gpxdata:distance>5475.00</gpxdata:distance>
     <gpxdata:speed>8.958</gpxdata:speed>
    </extensions>
   </trkpt>
   <trkpt lat="51.0481215" lon="13.8131055">
    <ele>106</ele>
    <time>2026-06-06T10:41:10Z</time>
    <extensions>
     <gpxdata:hr>138</gpxdata:hr>
     <gpxdata:distance>5484.00</gpxdata:distance>
     <gpxdata:speed>8.911</gpxdata:speed>
    </extensions>
   </trkpt>
   <trkpt lat="51.0480527" lon="13.8131660">
    <ele>106</ele>
    <time>2026-06-06T10:41:11Z</time>
    <extensions>
     <gpxdata:hr>138</gpxdata:hr>
     <gpxdata:distance>5492.50</gpxdata:distance>
     <gpxdata:speed>8.861</gpxdata:speed>
    </extensions>
   </trkpt>
   <trkpt lat="51.0479840" lon="13.8132280">
    <ele>106</ele>
    <time>2026-06-06T10:41:12Z</time>
    <extensions>
     <gpxdata:hr>138</gpxdata:hr>
     <gpxdata:distance>5501.00</gpxdata:distance>
     <gpxdata:speed>8.831</gpxdata:speed>
    </extensions>
   </trkpt>
   <trkpt lat="51.0479150" lon="13.8132913">
    <ele>106</ele>
    <time>2026-06-06T10:41:13Z</time>
    <extensions>
     <gpxdata:hr>138</gpxdata:hr>
     <gpxdata:distance>5510.00</gpxdata:distance>
     <gpxdata:speed>8.822</gpxdata:speed>
    </extensions>
   </trkpt>
   <trkpt lat="51.0478457" lon="13.8133547">
    <ele>106</ele>
    <time>2026-06-06T10:41:14Z</time>
    <extensions>
     <gpxdata:hr>138</gpxdata:hr>
     <gpxdata:distance>5519.00</gpxdata:distance>
     <gpxdata:speed>8.844</gpxdata:speed>
    </extensions>
   </trkpt>
   <trkpt lat="51.0477765" lon="13.8134172">
    <ele>106</ele>
    <time>2026-06-06T10:41:15Z</time>
    <extensions>
     <gpxdata:hr>139</gpxdata:hr>
     <gpxdata:distance>5528.00</gpxdata:distance>
     <gpxdata:speed>8.861</gpxdata:speed>
    </extensions>
   </trkpt>
   <trkpt lat="51.0477073" lon="13.8134790">
    <ele>106</ele>
    <time>2026-06-06T10:41:16Z</time>
    <extensions>
     <gpxdata:hr>139</gpxdata:hr>
     <gpxdata:distance>5537.00</gpxdata:distance>
     <gpxdata:speed>8.853</gpxdata:speed>
    </extensions>
   </trkpt>
   <trkpt lat="51.0476372" lon="13.8135393">
    <ele>106</ele>
    <time>2026-06-06T10:41:17Z</time>
    <extensions>
     <gpxdata:hr>138</gpxdata:hr>
     <gpxdata:distance>5546.00</gpxdata:distance>
     <gpxdata:speed>8.844</gpxdata:speed>
    </extensions>
   </trkpt>
   <trkpt lat="51.0475661" lon="13.8135975">
    <ele>106</ele>
    <time>2026-06-06T10:41:18Z</time>
    <extensions>
     <gpxdata:hr>139</gpxdata:hr>
     <gpxdata:distance>5555.00</gpxdata:distance>
     <gpxdata:speed>8.858</gpxdata:speed>
    </extensions>
   </trkpt>
   <trkpt lat="51.0474948" lon="13.8136547">
    <ele>106</ele>
    <time>2026-06-06T10:41:19Z</time>
    <extensions>
     <gpxdata:hr>139</gpxdata:hr>
     <gpxdata:distance>5563.50</gpxdata:distance>
     <gpxdata:speed>8.872</gpxdata:speed>
    </extensions>
   </trkpt>
   <trkpt lat="51.0474241" lon="13.8137122">
    <ele>105</ele>
    <time>2026-06-06T10:41:20Z</time>
    <extensions>
     <gpxdata:hr>138</gpxdata:hr>
     <gpxdata:distance>5572.00</gpxdata:distance>
     <gpxdata:speed>8.875</gpxdata:speed>
    </extensions>
   </trkpt>
   <trkpt lat="51.0473539" lon="13.8137700">
    <ele>105</ele>
    <time>2026-06-06T10:41:21Z</time>
    <extensions>
     <gpxdata:hr>137</gpxdata:hr>
     <gpxdata:distance>5581.00</gpxdata:distance>
     <gpxdata:speed>8.858</gpxdata:speed>
    </extensions>
   </trkpt>
   <trkpt lat="51.0472842" lon="13.8138281">
    <ele>105</ele>
    <time>2026-06-06T10:41:22Z</time>
    <extensions>
     <gpxdata:hr>137</gpxdata:hr>
     <gpxdata:distance>5590.00</gpxdata:distance>
     <gpxdata:speed>8.842</gpxdata:speed>
    </extensions>
   </trkpt>
   <trkpt lat="51.0472145" lon="13.8138870">
    <ele>106</ele>
    <time>2026-06-06T10:41:23Z</time>
    <extensions>
     <gpxdata:hr>137</gpxdata:hr>
     <gpxdata:distance>5599.00</gpxdata:distance>
     <gpxdata:speed>8.811</gpxdata:speed>
    </extensions>
   </trkpt>
   <trkpt lat="51.0471453" lon="13.8139462">
    <ele>106</ele>
    <time>2026-06-06T10:41:24Z</time>
    <extensions>
     <gpxdata:hr>137</gpxdata:hr>
     <gpxdata:distance>5608.00</gpxdata:distance>
     <gpxdata:speed>8.808</gpxdata:speed>
    </extensions>
   </trkpt>
   <trkpt lat="51.0470769" lon="13.8140074">
    <ele>106</ele>
    <time>2026-06-06T10:41:25Z</time>
    <extensions>
     <gpxdata:hr>136</gpxdata:hr>
     <gpxdata:distance>5616.50</gpxdata:distance>
     <gpxdata:speed>8.786</gpxdata:speed>
    </extensions>
   </trkpt>
   <trkpt lat="51.0470096" lon="13.8140718">
    <ele>106</ele>
    <time>2026-06-06T10:41:26Z</time>
    <extensions>
     <gpxdata:hr>136</gpxdata:hr>
     <gpxdata:distance>5625.00</gpxdata:distance>
     <gpxdata:speed>8.767</gpxdata:speed>
    </extensions>
   </trkpt>
   <trkpt lat="51.0469429" lon="13.8141369">
    <ele>106</ele>
    <time>2026-06-06T10:41:27Z</time>
    <extensions>
     <gpxdata:hr>135</gpxdata:hr>
     <gpxdata:distance>5633.50</gpxdata:distance>
     <gpxdata:speed>8.761</gpxdata:speed>
    </extensions>
   </trkpt>
   <trkpt lat="51.0468760" lon="13.8142025">
    <ele>106</ele>
    <time>2026-06-06T10:41:28Z</time>
    <extensions>
     <gpxdata:hr>135</gpxdata:hr>
     <gpxdata:distance>5642.00</gpxdata:distance>
     <gpxdata:speed>8.742</gpxdata:speed>
    </extensions>
   </trkpt>
   <trkpt lat="51.0468078" lon="13.8142678">
    <ele>106</ele>
    <time>2026-06-06T10:41:29Z</time>
    <extensions>
     <gpxdata:hr>135</gpxdata:hr>
     <gpxdata:distance>5651.00</gpxdata:distance>
     <gpxdata:speed>8.753</gpxdata:speed>
    </extensions>
   </trkpt>
   <trkpt lat="51.0467381" lon="13.8143318">
    <ele>106</ele>
    <time>2026-06-06T10:41:30Z</time>
    <extensions>
     <gpxdata:hr>135</gpxdata:hr>
     <gpxdata:distance>5660.00</gpxdata:distance>
     <gpxdata:speed>8.794</gpxdata:speed>
    </extensions>
   </trkpt>
   <trkpt lat="51.0466675" lon="13.8143944">
    <ele>106</ele>
    <time>2026-06-06T10:41:31Z</time>
    <extensions>
     <gpxdata:hr>136</gpxdata:hr>
     <gpxdata:distance>5669.00</gpxdata:distance>
     <gpxdata:speed>8.853</gpxdata:speed>
    </extensions>
   </trkpt>
   <trkpt lat="51.0465974" lon="13.8144545">
    <ele>106</ele>
    <time>2026-06-06T10:41:32Z</time>
    <extensions>
     <gpxdata:hr>136</gpxdata:hr>
     <gpxdata:distance>5678.00</gpxdata:distance>
     <gpxdata:speed>8.900</gpxdata:speed>
    </extensions>
   </trkpt>
   <trkpt lat="51.0465298" lon="13.8145105">
    <ele>106</ele>
    <time>2026-06-06T10:41:33Z</time>
    <extensions>
     <gpxdata:hr>136</gpxdata:hr>
     <gpxdata:distance>5686.50</gpxdata:distance>
     <gpxdata:speed>8.872</gpxdata:speed>
    </extensions>
   </trkpt>
   <trkpt lat="51.0464678" lon="13.8145609">
    <ele>107</ele>
    <time>2026-06-06T10:41:34Z</time>
    <extensions>
     <gpxdata:hr>136</gpxdata:hr>
     <gpxdata:distance>5695.00</gpxdata:distance>
     <gpxdata:speed>8.714</gpxdata:speed>
    </extensions>
   </trkpt>
   <trkpt lat="51.0464143" lon="13.8146043">
    <ele>107</ele>
    <time>2026-06-06T10:41:35Z</time>
    <extensions>
     <gpxdata:hr>137</gpxdata:hr>
     <gpxdata:distance>5701.50</gpxdata:distance>
     <gpxdata:speed>7.867</gpxdata:speed>
    </extensions>
   </trkpt>
   <trkpt lat="51.0463679" lon="13.8146388">
    <ele>107</ele>
    <time>2026-06-06T10:41:36Z</time>
    <extensions>
     <gpxdata:hr>138</gpxdata:hr>
     <gpxdata:distance>5708.00</gpxdata:distance>
     <gpxdata:speed>6.850</gpxdata:speed>
    </extensions>
   </trkpt>
   <trkpt lat="51.0463369" lon="13.8146605">
    <ele>107</ele>
    <time>2026-06-06T10:41:37Z</time>
    <extensions>
     <gpxdata:hr>137</gpxdata:hr>
     <gpxdata:distance>5713.00</gpxdata:distance>
     <gpxdata:speed>5.967</gpxdata:speed>
    </extensions>
   </trkpt>
   <trkpt lat="51.0462986" lon="13.8146881">
    <ele>107</ele>
    <time>2026-06-06T10:41:38Z</time>
    <extensions>
     <gpxdata:hr>136</gpxdata:hr>
     <gpxdata:distance>5718.00</gpxdata:distance>
     <gpxdata:speed>5.544</gpxdata:speed>
    </extensions>
   </trkpt>
   <trkpt lat="51.0462568" lon="13.8147188">
    <ele>107</ele>
    <time>2026-06-06T10:41:39Z</time>
    <extensions>
     <gpxdata:hr>135</gpxdata:hr>
     <gpxdata:distance>5723.50</gpxdata:distance>
     <gpxdata:speed>5.369</gpxdata:speed>
    </extensions>
   </trkpt>
   <trkpt lat="51.0462115" lon="13.8147514">
    <ele>107</ele>
    <time>2026-06-06T10:41:40Z</time>
    <extensions>
     <gpxdata:hr>134</gpxdata:hr>
     <gpxdata:distance>5729.00</gpxdata:distance>
     <gpxdata:speed>5.442</gpxdata:speed>
    </extensions>
   </trkpt>
   <trkpt lat="51.0461619" lon="13.8147855">
    <ele>107</ele>
    <time>2026-06-06T10:41:41Z</time>
    <extensions>
     <gpxdata:hr>134</gpxdata:hr>
     <gpxdata:distance>5735.50</gpxdata:distance>
     <gpxdata:speed>5.722</gpxdata:speed>
    </extensions>
   </trkpt>
   <trkpt lat="51.0460898" lon="13.8148334">
    <ele>107</ele>
    <time>2026-06-06T10:41:42Z</time>
    <extensions>
     <gpxdata:hr>134</gpxdata:hr>
     <gpxdata:distance>5742.00</gpxdata:distance>
     <gpxdata:speed>6.108</gpxdata:speed>
    </extensions>
   </trkpt>
   <trkpt lat="51.0460284" lon="13.8148743">
    <ele>107</ele>
    <time>2026-06-06T10:41:43Z</time>
    <extensions>
     <gpxdata:hr>135</gpxdata:hr>
     <gpxdata:distance>5749.00</gpxdata:distance>
     <gpxdata:speed>6.567</gpxdata:speed>
    </extensions>
   </trkpt>
   <trkpt lat="51.0459653" lon="13.8149174">
    <ele>106</ele>
    <time>2026-06-06T10:41:44Z</time>
    <extensions>
     <gpxdata:hr>135</gpxdata:hr>
     <gpxdata:distance>5756.00</gpxdata:distance>
     <gpxdata:speed>6.808</gpxdata:speed>
    </extensions>
   </trkpt>
   <trkpt lat="51.0458997" lon="13.8149622">
    <ele>106</ele>
    <time>2026-06-06T10:41:45Z</time>
    <extensions>
     <gpxdata:hr>136</gpxdata:hr>
     <gpxdata:distance>5764.00</gpxdata:distance>
     <gpxdata:speed>7.400</gpxdata:speed>
    </extensions>
   </trkpt>
   <trkpt lat="51.0458321" lon="13.8150066">
    <ele>106</ele>
    <time>2026-06-06T10:41:46Z</time>
    <extensions>
     <gpxdata:hr>137</gpxdata:hr>
     <gpxdata:distance>5772.00</gpxdata:distance>
     <gpxdata:speed>7.742</gpxdata:speed>
    </extensions>
   </trkpt>
   <trkpt lat="51.0457626" lon="13.8150510">
    <ele>106</ele>
    <time>2026-06-06T10:41:47Z</time>
    <extensions>
     <gpxdata:hr>138</gpxdata:hr>
     <gpxdata:distance>5780.50</gpxdata:distance>
     <gpxdata:speed>7.972</gpxdata:speed>
    </extensions>
   </trkpt>
   <trkpt lat="51.0456912" lon="13.8150958">
    <ele>106</ele>
    <time>2026-06-06T10:41:48Z</time>
    <extensions>
     <gpxdata:hr>138</gpxdata:hr>
     <gpxdata:distance>5789.00</gpxdata:distance>
     <gpxdata:speed>8.200</gpxdata:speed>
    </extensions>
   </trkpt>
   <trkpt lat="51.0456179" lon="13.8151410">
    <ele>106</ele>
    <time>2026-06-06T10:41:49Z</time>
    <extensions>
     <gpxdata:hr>138</gpxdata:hr>
     <gpxdata:distance>5797.50</gpxdata:distance>
     <gpxdata:speed>8.436</gpxdata:speed>
    </extensions>
   </trkpt>
   <trkpt lat="51.0455422" lon="13.8151855">
    <ele>106</ele>
    <time>2026-06-06T10:41:50Z</time>
    <extensions>
     <gpxdata:hr>139</gpxdata:hr>
     <gpxdata:distance>5806.00</gpxdata:distance>
     <gpxdata:speed>8.661</gpxdata:speed>
    </extensions>
   </trkpt>
   <trkpt lat="51.0454646" lon="13.8152301">
    <ele>106</ele>
    <time>2026-06-06T10:41:51Z</time>
    <extensions>
     <gpxdata:hr>140</gpxdata:hr>
     <gpxdata:distance>5815.50</gpxdata:distance>
     <gpxdata:speed>8.900</gpxdata:speed>
    </extensions>
   </trkpt>
   <trkpt lat="51.0453857" lon="13.8152754">
    <ele>106</ele>
    <time>2026-06-06T10:41:52Z</time>
    <extensions>
     <gpxdata:hr>141</gpxdata:hr>
     <gpxdata:distance>5825.00</gpxdata:distance>
     <gpxdata:speed>9.097</gpxdata:speed>
    </extensions>
   </trkpt>
   <trkpt lat="51.0453059" lon="13.8153219">
    <ele>105</ele>
    <time>2026-06-06T10:41:53Z</time>
    <extensions>
     <gpxdata:hr>142</gpxdata:hr>
     <gpxdata:distance>5834.50</gpxdata:distance>
     <gpxdata:speed>9.242</gpxdata:speed>
    </extensions>
   </trkpt>
   <trkpt lat="51.0452250" lon="13.8153696">
    <ele>105</ele>
    <time>2026-06-06T10:41:54Z</time>
    <extensions>
     <gpxdata:hr>143</gpxdata:hr>
     <gpxdata:distance>5844.00</gpxdata:distance>
     <gpxdata:speed>9.386</gpxdata:speed>
    </extensions>
   </trkpt>
   <trkpt lat="51.0451432" lon="13.8154167">
    <ele>105</ele>
    <time>2026-06-06T10:41:55Z</time>
    <extensions>
     <gpxdata:hr>143</gpxdata:hr>
     <gpxdata:distance>5853.50</gpxdata:distance>
     <gpxdata:speed>9.519</gpxdata:speed>
    </extensions>
   </trkpt>
   <trkpt lat="51.0450607" lon="13.8154623">
    <ele>105</ele>
    <time>2026-06-06T10:41:56Z</time>
    <extensions>
     <gpxdata:hr>143</gpxdata:hr>
     <gpxdata:distance>5863.00</gpxdata:distance>
     <gpxdata:speed>9.617</gpxdata:speed>
    </extensions>
   </trkpt>
   <trkpt lat="51.0449782" lon="13.8155062">
    <ele>105</ele>
    <time>2026-06-06T10:41:57Z</time>
    <extensions>
     <gpxdata:hr>145</gpxdata:hr>
     <gpxdata:distance>5872.50</gpxdata:distance>
     <gpxdata:speed>9.681</gpxdata:speed>
    </extensions>
   </trkpt>
   <trkpt lat="51.0448960" lon="13.8155487">
    <ele>105</ele>
    <time>2026-06-06T10:41:58Z</time>
    <extensions>
     <gpxdata:hr>145</gpxdata:hr>
     <gpxdata:distance>5882.00</gpxdata:distance>
     <gpxdata:speed>9.639</gpxdata:speed>
    </extensions>
   </trkpt>
   <trkpt lat="51.0448144" lon="13.8155908">
    <ele>105</ele>
    <time>2026-06-06T10:41:59Z</time>
    <extensions>
     <gpxdata:hr>146</gpxdata:hr>
     <gpxdata:distance>5891.50</gpxdata:distance>
     <gpxdata:speed>9.642</gpxdata:speed>
    </extensions>
   </trkpt>
   <trkpt lat="51.0447331" lon="13.8156331">
    <ele>105</ele>
    <time>2026-06-06T10:42:00Z</time>
    <extensions>
     <gpxdata:hr>146</gpxdata:hr>
     <gpxdata:distance>5901.00</gpxdata:distance>
     <gpxdata:speed>9.617</gpxdata:speed>
    </extensions>
   </trkpt>
   <trkpt lat="51.0446526" lon="13.8156748">
    <ele>105</ele>
    <time>2026-06-06T10:42:01Z</time>
    <extensions>
     <gpxdata:hr>145</gpxdata:hr>
     <gpxdata:distance>5910.50</gpxdata:distance>
     <gpxdata:speed>9.542</gpxdata:speed>
    </extensions>
   </trkpt>
   <trkpt lat="51.0445720" lon="13.8157163">
    <ele>105</ele>
    <time>2026-06-06T10:42:02Z</time>
    <extensions>
     <gpxdata:hr>144</gpxdata:hr>
     <gpxdata:distance>5920.00</gpxdata:distance>
     <gpxdata:speed>9.494</gpxdata:speed>
    </extensions>
   </trkpt>
   <trkpt lat="51.0444920" lon="13.8157593">
    <ele>105</ele>
    <time>2026-06-06T10:42:03Z</time>
    <extensions>
     <gpxdata:hr>144</gpxdata:hr>
     <gpxdata:distance>5929.50</gpxdata:distance>
     <gpxdata:speed>9.478</gpxdata:speed>
    </extensions>
   </trkpt>
   <trkpt lat="51.0444128" lon="13.8158060">
    <ele>105</ele>
    <time>2026-06-06T10:42:04Z</time>
    <extensions>
     <gpxdata:hr>144</gpxdata:hr>
     <gpxdata:distance>5939.00</gpxdata:distance>
     <gpxdata:speed>9.456</gpxdata:speed>
    </extensions>
   </trkpt>
   <trkpt lat="51.0443346" lon="13.8158564">
    <ele>105</ele>
    <time>2026-06-06T10:42:05Z</time>
    <extensions>
     <gpxdata:hr>143</gpxdata:hr>
     <gpxdata:distance>5948.50</gpxdata:distance>
     <gpxdata:speed>9.436</gpxdata:speed>
    </extensions>
   </trkpt>
   <trkpt lat="51.0442571" lon="13.8159088">
    <ele>105</ele>
    <time>2026-06-06T10:42:06Z</time>
    <extensions>
     <gpxdata:hr>142</gpxdata:hr>
     <gpxdata:distance>5958.00</gpxdata:distance>
     <gpxdata:speed>9.425</gpxdata:speed>
    </extensions>
   </trkpt>
   <trkpt lat="51.0441801" lon="13.8159621">
    <ele>105</ele>
    <time>2026-06-06T10:42:07Z</time>
    <extensions>
     <gpxdata:hr>142</gpxdata:hr>
     <gpxdata:distance>5967.50</gpxdata:distance>
     <gpxdata:speed>9.406</gpxdata:speed>
    </extensions>
   </trkpt>
   <trkpt lat="51.0441032" lon="13.8160161">
    <ele>105</ele>
    <time>2026-06-06T10:42:08Z</time>
    <extensions>
     <gpxdata:hr>141</gpxdata:hr>
     <gpxdata:distance>5977.00</gpxdata:distance>
     <gpxdata:speed>9.381</gpxdata:speed>
    </extensions>
   </trkpt>
   <trkpt lat="51.0440265" lon="13.8160710">
    <ele>105</ele>
    <time>2026-06-06T10:42:09Z</time>
    <extensions>
     <gpxdata:hr>141</gpxdata:hr>
     <gpxdata:distance>5986.00</gpxdata:distance>
     <gpxdata:speed>9.375</gpxdata:speed>
    </extensions>
   </trkpt>
   <trkpt lat="51.0439499" lon="13.8161274">
    <ele>105</ele>
    <time>2026-06-06T10:42:10Z</time>
    <extensions>
     <gpxdata:hr>141</gpxdata:hr>
     <gpxdata:distance>5995.00</gpxdata:distance>
     <gpxdata:speed>9.372</gpxdata:speed>
    </extensions>
   </trkpt>
   <trkpt lat="51.0438739" lon="13.8161842">
    <ele>105</ele>
    <time>2026-06-06T10:42:11Z</time>
    <extensions>
     <gpxdata:hr>141</gpxdata:hr>
     <gpxdata:distance>6004.50</gpxdata:distance>
     <gpxdata:speed>9.378</gpxdata:speed>
    </extensions>
   </trkpt>
   <trkpt lat="51.0437983" lon="13.8162401">
    <ele>105</ele>
    <time>2026-06-06T10:42:12Z</time>
    <extensions>
     <gpxdata:hr>140</gpxdata:hr>
     <gpxdata:distance>6014.00</gpxdata:distance>
     <gpxdata:speed>9.361</gpxdata:speed>
    </extensions>
   </trkpt>
   <trkpt lat="51.0437230" lon="13.8162947">
    <ele>105</ele>
    <time>2026-06-06T10:42:13Z</time>
    <extensions>
     <gpxdata:hr>140</gpxdata:hr>
     <gpxdata:distance>6023.00</gpxdata:distance>
     <gpxdata:speed>9.331</gpxdata:speed>
    </extensions>
   </trkpt>
   <trkpt lat="51.0436473" lon="13.8163468">
    <ele>105</ele>
    <time>2026-06-06T10:42:14Z</time>
    <extensions>
     <gpxdata:hr>141</gpxdata:hr>
     <gpxdata:distance>6032.00</gpxdata:distance>
     <gpxdata:speed>9.286</gpxdata:speed>
    </extensions>
   </trkpt>
   <trkpt lat="51.0435708" lon="13.8163950">
    <ele>105</ele>
    <time>2026-06-06T10:42:15Z</time>
    <extensions>
     <gpxdata:hr>142</gpxdata:hr>
     <gpxdata:distance>6041.50</gpxdata:distance>
     <gpxdata:speed>9.256</gpxdata:speed>
    </extensions>
   </trkpt>
   <trkpt lat="51.0434940" lon="13.8164417">
    <ele>105</ele>
    <time>2026-06-06T10:42:16Z</time>
    <extensions>
     <gpxdata:hr>142</gpxdata:hr>
     <gpxdata:distance>6051.00</gpxdata:distance>
     <gpxdata:speed>9.219</gpxdata:speed>
    </extensions>
   </trkpt>
   <trkpt lat="51.0434177" lon="13.8164901">
    <ele>105</ele>
    <time>2026-06-06T10:42:17Z</time>
    <extensions>
     <gpxdata:hr>142</gpxdata:hr>
     <gpxdata:distance>6060.00</gpxdata:distance>
     <gpxdata:speed>9.197</gpxdata:speed>
    </extensions>
   </trkpt>
   <trkpt lat="51.0433423" lon="13.8165401">
    <ele>105</ele>
    <time>2026-06-06T10:42:18Z</time>
    <extensions>
     <gpxdata:hr>142</gpxdata:hr>
     <gpxdata:distance>6069.00</gpxdata:distance>
     <gpxdata:speed>9.181</gpxdata:speed>
    </extensions>
   </trkpt>
   <trkpt lat="51.0432676" lon="13.8165916">
    <ele>105</ele>
    <time>2026-06-06T10:42:19Z</time>
    <extensions>
     <gpxdata:hr>141</gpxdata:hr>
     <gpxdata:distance>6078.00</gpxdata:distance>
     <gpxdata:speed>9.144</gpxdata:speed>
    </extensions>
   </trkpt>
   <trkpt lat="51.0431939" lon="13.8166441">
    <ele>105</ele>
    <time>2026-06-06T10:42:20Z</time>
    <extensions>
     <gpxdata:hr>140</gpxdata:hr>
     <gpxdata:distance>6087.00</gpxdata:distance>
     <gpxdata:speed>9.114</gpxdata:speed>
    </extensions>
   </trkpt>
   <trkpt lat="51.0431203" lon="13.8166964">
    <ele>105</ele>
    <time>2026-06-06T10:42:21Z</time>
    <extensions>
     <gpxdata:hr>140</gpxdata:hr>
     <gpxdata:distance>6096.00</gpxdata:distance>
     <gpxdata:speed>9.069</gpxdata:speed>
    </extensions>
   </trkpt>
   <trkpt lat="51.0430468" lon="13.8167486">
    <ele>105</ele>
    <time>2026-06-06T10:42:22Z</time>
    <extensions>
     <gpxdata:hr>140</gpxdata:hr>
     <gpxdata:distance>6105.00</gpxdata:distance>
     <gpxdata:speed>9.036</gpxdata:speed>
    </extensions>
   </trkpt>
   <trkpt lat="51.0429736" lon="13.8168010">
    <ele>105</ele>
    <time>2026-06-06T10:42:23Z</time>
    <extensions>
     <gpxdata:hr>140</gpxdata:hr>
     <gpxdata:distance>6114.00</gpxdata:distance>
     <gpxdata:speed>9.008</gpxdata:speed>
    </extensions>
   </trkpt>
   <trkpt lat="51.0429011" lon="13.8168543">
    <ele>105</ele>
    <time>2026-06-06T10:42:24Z</time>
    <extensions>
     <gpxdata:hr>140</gpxdata:hr>
     <gpxdata:distance>6123.00</gpxdata:distance>
     <gpxdata:speed>8.978</gpxdata:speed>
    </extensions>
   </trkpt>
   <trkpt lat="51.0428283" lon="13.8169074">
    <ele>105</ele>
    <time>2026-06-06T10:42:25Z</time>
    <extensions>
     <gpxdata:hr>139</gpxdata:hr>
     <gpxdata:distance>6132.00</gpxdata:distance>
     <gpxdata:speed>8.944</gpxdata:speed>
    </extensions>
   </trkpt>
   <trkpt lat="51.0427551" lon="13.8169612">
    <ele>105</ele>
    <time>2026-06-06T10:42:26Z</time>
    <extensions>
     <gpxdata:hr>138</gpxdata:hr>
     <gpxdata:distance>6141.00</gpxdata:distance>
     <gpxdata:speed>8.936</gpxdata:speed>
    </extensions>
   </trkpt>
   <trkpt lat="51.0426815" lon="13.8170153">
    <ele>105</ele>
    <time>2026-06-06T10:42:27Z</time>
    <extensions>
     <gpxdata:hr>139</gpxdata:hr>
     <gpxdata:distance>6150.00</gpxdata:distance>
     <gpxdata:speed>8.953</gpxdata:speed>
    </extensions>
   </trkpt>
   <trkpt lat="51.0426074" lon="13.8170686">
    <ele>105</ele>
    <time>2026-06-06T10:42:28Z</time>
    <extensions>
     <gpxdata:hr>139</gpxdata:hr>
     <gpxdata:distance>6159.00</gpxdata:distance>
     <gpxdata:speed>8.978</gpxdata:speed>
    </extensions>
   </trkpt>
   <trkpt lat="51.0425328" lon="13.8171216">
    <ele>105</ele>
    <time>2026-06-06T10:42:29Z</time>
    <extensions>
     <gpxdata:hr>139</gpxdata:hr>
     <gpxdata:distance>6168.00</gpxdata:distance>
     <gpxdata:speed>9.003</gpxdata:speed>
    </extensions>
   </trkpt>
   <trkpt lat="51.0424583" lon="13.8171740">
    <ele>105</ele>
    <time>2026-06-06T10:42:30Z</time>
    <extensions>
     <gpxdata:hr>140</gpxdata:hr>
     <gpxdata:distance>6177.00</gpxdata:distance>
     <gpxdata:speed>9.033</gpxdata:speed>
    </extensions>
   </trkpt>
   <trkpt lat="51.0423847" lon="13.8172264">
    <ele>106</ele>
    <time>2026-06-06T10:42:31Z</time>
    <extensions>
     <gpxdata:hr>141</gpxdata:hr>
     <gpxdata:distance>6186.00</gpxdata:distance>
     <gpxdata:speed>9.039</gpxdata:speed>
    </extensions>
   </trkpt>
   <trkpt lat="51.0423108" lon="13.8172789">
    <ele>106</ele>
    <time>2026-06-06T10:42:32Z</time>
    <extensions>
     <gpxdata:hr>141</gpxdata:hr>
     <gpxdata:distance>6195.00</gpxdata:distance>
     <gpxdata:speed>9.008</gpxdata:speed>
    </extensions>
   </trkpt>
   <trkpt lat="51.0422362" lon="13.8173318">
    <ele>106</ele>
    <time>2026-06-06T10:42:33Z</time>
    <extensions>
     <gpxdata:hr>141</gpxdata:hr>
     <gpxdata:distance>6204.00</gpxdata:distance>
     <gpxdata:speed>9.017</gpxdata:speed>
    </extensions>
   </trkpt>
   <trkpt lat="51.0421619" lon="13.8173851">
    <ele>105</ele>
    <time>2026-06-06T10:42:34Z</time>
    <extensions>
     <gpxdata:hr>141</gpxdata:hr>
     <gpxdata:distance>6213.00</gpxdata:distance>
     <gpxdata:speed>9.047</gpxdata:speed>
    </extensions>
   </trkpt>
   <trkpt lat="51.0420881" lon="13.8174387">
    <ele>105</ele>
    <time>2026-06-06T10:42:35Z</time>
    <extensions>
     <gpxdata:hr>141</gpxdata:hr>
     <gpxdata:distance>6222.00</gpxdata:distance>
     <gpxdata:speed>9.056</gpxdata:speed>
    </extensions>
   </trkpt>
   <trkpt lat="51.0420150" lon="13.8174927">
    <ele>105</ele>
    <time>2026-06-06T10:42:36Z</time>
    <extensions>
     <gpxdata:hr>141</gpxdata:hr>
     <gpxdata:distance>6231.00</gpxdata:distance>
     <gpxdata:speed>9.042</gpxdata:speed>
    </extensions>
   </trkpt>
   <trkpt lat="51.0419418" lon="13.8175454">
    <ele>105</ele>
    <time>2026-06-06T10:42:37Z</time>
    <extensions>
     <gpxdata:hr>141</gpxdata:hr>
     <gpxdata:distance>6240.00</gpxdata:distance>
     <gpxdata:speed>9.014</gpxdata:speed>
    </extensions>
   </trkpt>
   <trkpt lat="51.0418685" lon="13.8175967">
    <ele>105</ele>
    <time>2026-06-06T10:42:38Z</time>
    <extensions>
     <gpxdata:hr>141</gpxdata:hr>
     <gpxdata:distance>6249.00</gpxdata:distance>
     <gpxdata:speed>8.989</gpxdata:speed>
    </extensions>
   </trkpt>
   <trkpt lat="51.0417953" lon="13.8176468">
    <ele>105</ele>
    <time>2026-06-06T10:42:39Z</time>
    <extensions>
     <gpxdata:hr>140</gpxdata:hr>
     <gpxdata:distance>6258.00</gpxdata:distance>
     <gpxdata:speed>8.964</gpxdata:speed>
    </extensions>
   </trkpt>
   <trkpt lat="51.0417231" lon="13.8176976">
    <ele>105</ele>
    <time>2026-06-06T10:42:40Z</time>
    <extensions>
     <gpxdata:hr>139</gpxdata:hr>
     <gpxdata:distance>6267.00</gpxdata:distance>
     <gpxdata:speed>8.933</gpxdata:speed>
    </extensions>
   </trkpt>
   <trkpt lat="51.0416534" lon="13.8177531">
    <ele>105</ele>
    <time>2026-06-06T10:42:41Z</time>
    <extensions>
     <gpxdata:hr>139</gpxdata:hr>
     <gpxdata:distance>6275.50</gpxdata:distance>
     <gpxdata:speed>8.881</gpxdata:speed>
    </extensions>
   </trkpt>
   <trkpt lat="51.0415864" lon="13.8178141">
    <ele>106</ele>
    <time>2026-06-06T10:42:42Z</time>
    <extensions>
     <gpxdata:hr>139</gpxdata:hr>
     <gpxdata:distance>6284.00</gpxdata:distance>
     <gpxdata:speed>8.808</gpxdata:speed>
    </extensions>
   </trkpt>
   <trkpt lat="51.0415199" lon="13.8178780">
    <ele>106</ele>
    <time>2026-06-06T10:42:43Z</time>
    <extensions>
     <gpxdata:hr>139</gpxdata:hr>
     <gpxdata:distance>6292.50</gpxdata:distance>
     <gpxdata:speed>8.736</gpxdata:speed>
    </extensions>
   </trkpt>
   <trkpt lat="51.0414521" lon="13.8179418">
    <ele>106</ele>
    <time>2026-06-06T10:42:44Z</time>
    <extensions>
     <gpxdata:hr>138</gpxdata:hr>
     <gpxdata:distance>6301.00</gpxdata:distance>
     <gpxdata:speed>8.719</gpxdata:speed>
    </extensions>
   </trkpt>
   <trkpt lat="51.0413837" lon="13.8180058">
    <ele>106</ele>
    <time>2026-06-06T10:42:45Z</time>
    <extensions>
     <gpxdata:hr>139</gpxdata:hr>
     <gpxdata:distance>6310.00</gpxdata:distance>
     <gpxdata:speed>8.744</gpxdata:speed>
    </extensions>
   </trkpt>
   <trkpt lat="51.0413156" lon="13.8180699">
    <ele>106</ele>
    <time>2026-06-06T10:42:46Z</time>
    <extensions>
     <gpxdata:hr>140</gpxdata:hr>
     <gpxdata:distance>6319.00</gpxdata:distance>
     <gpxdata:speed>8.769</gpxdata:speed>
    </extensions>
   </trkpt>
   <trkpt lat="51.0412475" lon="13.8181325">
    <ele>106</ele>
    <time>2026-06-06T10:42:47Z</time>
    <extensions>
     <gpxdata:hr>140</gpxdata:hr>
     <gpxdata:distance>6328.00</gpxdata:distance>
     <gpxdata:speed>8.772</gpxdata:speed>
    </extensions>
   </trkpt>
   <trkpt lat="51.0411800" lon="13.8181956">
    <ele>106</ele>
    <time>2026-06-06T10:42:48Z</time>
    <extensions>
     <gpxdata:hr>140</gpxdata:hr>
     <gpxdata:distance>6337.00</gpxdata:distance>
     <gpxdata:speed>8.764</gpxdata:speed>
    </extensions>
   </trkpt>
   <trkpt lat="51.0411137" lon="13.8182625">
    <ele>106</ele>
    <time>2026-06-06T10:42:49Z</time>
    <extensions>
     <gpxdata:hr>140</gpxdata:hr>
     <gpxdata:distance>6345.50</gpxdata:distance>
     <gpxdata:speed>8.742</gpxdata:speed>
    </extensions>
   </trkpt>
   <trkpt lat="51.0410481" lon="13.8183328">
    <ele>106</ele>
    <time>2026-06-06T10:42:50Z</time>
    <extensions>
     <gpxdata:hr>140</gpxdata:hr>
     <gpxdata:distance>6354.00</gpxdata:distance>
     <gpxdata:speed>8.750</gpxdata:speed>
    </extensions>
   </trkpt>
   <trkpt lat="51.0409826" lon="13.8184044">
    <ele>106</ele>
    <time>2026-06-06T10:42:51Z</time>
    <extensions>
     <gpxdata:hr>140</gpxdata:hr>
     <gpxdata:distance>6363.00</gpxdata:distance>
     <gpxdata:speed>8.772</gpxdata:speed>
    </extensions>
   </trkpt>
   <trkpt lat="51.0409164" lon="13.8184744">
    <ele>106</ele>
    <time>2026-06-06T10:42:52Z</time>
    <extensions>
     <gpxdata:hr>141</gpxdata:hr>
     <gpxdata:distance>6372.00</gpxdata:distance>
     <gpxdata:speed>8.800</gpxdata:speed>
    </extensions>
   </trkpt>
   <trkpt lat="51.0408489" lon="13.8185405">
    <ele>106</ele>
    <time>2026-06-06T10:42:53Z</time>
    <extensions>
     <gpxdata:hr>141</gpxdata:hr>
     <gpxdata:distance>6380.50</gpxdata:distance>
     <gpxdata:speed>8.814</gpxdata:speed>
    </extensions>
   </trkpt>
   <trkpt lat="51.0407799" lon="13.8186027">
    <ele>106</ele>
    <time>2026-06-06T10:42:54Z</time>
    <extensions>
     <gpxdata:hr>140</gpxdata:hr>
     <gpxdata:distance>6389.00</gpxdata:distance>
     <gpxdata:speed>8.819</gpxdata:speed>
    </extensions>
   </trkpt>
   <trkpt lat="51.0407099" lon="13.8186614">
    <ele>106</ele>
    <time>2026-06-06T10:42:55Z</time>
    <extensions>
     <gpxdata:hr>140</gpxdata:hr>
     <gpxdata:distance>6398.00</gpxdata:distance>
     <gpxdata:speed>8.819</gpxdata:speed>
    </extensions>
   </trkpt>
   <trkpt lat="51.0406394" lon="13.8187181">
    <ele>106</ele>
    <time>2026-06-06T10:42:56Z</time>
    <extensions>
     <gpxdata:hr>140</gpxdata:hr>
     <gpxdata:distance>6407.00</gpxdata:distance>
     <gpxdata:speed>8.819</gpxdata:speed>
    </extensions>
   </trkpt>
   <trkpt lat="51.0405703" lon="13.8187781">
    <ele>105</ele>
    <time>2026-06-06T10:42:57Z</time>
    <extensions>
     <gpxdata:hr>141</gpxdata:hr>
     <gpxdata:distance>6416.00</gpxdata:distance>
     <gpxdata:speed>8.808</gpxdata:speed>
    </extensions>
   </trkpt>
   <trkpt lat="51.0405040" lon="13.8188464">
    <ele>105</ele>
    <time>2026-06-06T10:42:58Z</time>
    <extensions>
     <gpxdata:hr>140</gpxdata:hr>
     <gpxdata:distance>6425.00</gpxdata:distance>
     <gpxdata:speed>8.794</gpxdata:speed>
    </extensions>
   </trkpt>
   <trkpt lat="51.0404404" lon="13.8189215">
    <ele>105</ele>
    <time>2026-06-06T10:42:59Z</time>
    <extensions>
     <gpxdata:hr>140</gpxdata:hr>
     <gpxdata:distance>6433.50</gpxdata:distance>
     <gpxdata:speed>8.808</gpxdata:speed>
    </extensions>
   </trkpt>
   <trkpt lat="51.0403789" lon="13.8190000">
    <ele>106</ele>
    <time>2026-06-06T10:43:00Z</time>
    <extensions>
     <gpxdata:hr>141</gpxdata:hr>
     <gpxdata:distance>6442.00</gpxdata:distance>
     <gpxdata:speed>8.817</gpxdata:speed>
    </extensions>
   </trkpt>
   <trkpt lat="51.0403190" lon="13.8190800">
    <ele>106</ele>
    <time>2026-06-06T10:43:01Z</time>
    <extensions>
     <gpxdata:hr>141</gpxdata:hr>
     <gpxdata:distance>6451.00</gpxdata:distance>
     <gpxdata:speed>8.800</gpxdata:speed>
    </extensions>
   </trkpt>
   <trkpt lat="51.0402611" lon="13.8191588">
    <ele>106</ele>
    <time>2026-06-06T10:43:02Z</time>
    <extensions>
     <gpxdata:hr>140</gpxdata:hr>
     <gpxdata:distance>6460.00</gpxdata:distance>
     <gpxdata:speed>8.758</gpxdata:speed>
    </extensions>
   </trkpt>
   <trkpt lat="51.0402041" lon="13.8192349">
    <ele>106</ele>
    <time>2026-06-06T10:43:03Z</time>
    <extensions>
     <gpxdata:hr>140</gpxdata:hr>
     <gpxdata:distance>6468.00</gpxdata:distance>
     <gpxdata:speed>8.644</gpxdata:speed>
    </extensions>
   </trkpt>
   <trkpt lat="51.0401474" lon="13.8193091">
    <ele>106</ele>
    <time>2026-06-06T10:43:04Z</time>
    <extensions>
     <gpxdata:hr>139</gpxdata:hr>
     <gpxdata:distance>6476.00</gpxdata:distance>
     <gpxdata:speed>8.514</gpxdata:speed>
    </extensions>
   </trkpt>
   <trkpt lat="51.0400914" lon="13.8193846">
    <ele>106</ele>
    <time>2026-06-06T10:43:05Z</time>
    <extensions>
     <gpxdata:hr>139</gpxdata:hr>
     <gpxdata:distance>6484.00</gpxdata:distance>
     <gpxdata:speed>8.394</gpxdata:speed>
    </extensions>
   </trkpt>
   <trkpt lat="51.0400360" lon="13.8194623">
    <ele>106</ele>
    <time>2026-06-06T10:43:06Z</time>
    <extensions>
     <gpxdata:hr>138</gpxdata:hr>
     <gpxdata:distance>6492.00</gpxdata:distance>
     <gpxdata:speed>8.308</gpxdata:speed>
    </extensions>
   </trkpt>
   <trkpt lat="51.0399786" lon="13.8195365">
    <ele>107</ele>
    <time>2026-06-06T10:43:07Z</time>
    <extensions>
     <gpxdata:hr>138</gpxdata:hr>
     <gpxdata:distance>6500.50</gpxdata:distance>
     <gpxdata:speed>8.275</gpxdata:speed>
    </extensions>
   </trkpt>
   <trkpt lat="51.0399176" lon="13.8196023">
    <ele>107</ele>
    <time>2026-06-06T10:43:08Z</time>
    <extensions>
     <gpxdata:hr>138</gpxdata:hr>
     <gpxdata:distance>6509.00</gpxdata:distance>
     <gpxdata:speed>8.256</gpxdata:speed>
    </extensions>
   </trkpt>
   <trkpt lat="51.0398543" lon="13.8196636">
    <ele>107</ele>
    <time>2026-06-06T10:43:09Z</time>
    <extensions>
     <gpxdata:hr>138</gpxdata:hr>
     <gpxdata:distance>6517.00</gpxdata:distance>
     <gpxdata:speed>8.247</gpxdata:speed>
    </extensions>
   </trkpt>
   <trkpt lat="51.0397914" lon="13.8197271">
    <ele>108</ele>
    <time>2026-06-06T10:43:10Z</time>
    <extensions>
     <gpxdata:hr>138</gpxdata:hr>
     <gpxdata:distance>6525.00</gpxdata:distance>
     <gpxdata:speed>8.244</gpxdata:speed>
    </extensions>
   </trkpt>
   <trkpt lat="51.0397301" lon="13.8197964">
    <ele>108</ele>
    <time>2026-06-06T10:43:11Z</time>
    <extensions>
     <gpxdata:hr>138</gpxdata:hr>
     <gpxdata:distance>6533.50</gpxdata:distance>
     <gpxdata:speed>8.264</gpxdata:speed>
    </extensions>
   </trkpt>
   <trkpt lat="51.0396706" lon="13.8198713">
    <ele>108</ele>
    <time>2026-06-06T10:43:12Z</time>
    <extensions>
     <gpxdata:hr>138</gpxdata:hr>
     <gpxdata:distance>6542.00</gpxdata:distance>
     <gpxdata:speed>8.311</gpxdata:speed>
    </extensions>
   </trkpt>
   <trkpt lat="51.0396129" lon="13.8199511">
    <ele>108</ele>
    <time>2026-06-06T10:43:13Z</time>
    <extensions>
     <gpxdata:hr>138</gpxdata:hr>
     <gpxdata:distance>6550.50</gpxdata:distance>
     <gpxdata:speed>8.361</gpxdata:speed>
    </extensions>
   </trkpt>
   <trkpt lat="51.0395563" lon="13.8200350">
    <ele>108</ele>
    <time>2026-06-06T10:43:14Z</time>
    <extensions>
     <gpxdata:hr>137</gpxdata:hr>
     <gpxdata:distance>6559.00</gpxdata:distance>
     <gpxdata:speed>8.419</gpxdata:speed>
    </extensions>
   </trkpt>
   <trkpt lat="51.0395010" lon="13.8201230">
    <ele>108</ele>
    <time>2026-06-06T10:43:15Z</time>
    <extensions>
     <gpxdata:hr>138</gpxdata:hr>
     <gpxdata:distance>6568.00</gpxdata:distance>
     <gpxdata:speed>8.494</gpxdata:speed>
    </extensions>
   </trkpt>
   <trkpt lat="51.0394469" lon="13.8202136">
    <ele>108</ele>
    <time>2026-06-06T10:43:16Z</time>
    <extensions>
     <gpxdata:hr>138</gpxdata:hr>
     <gpxdata:distance>6577.00</gpxdata:distance>
     <gpxdata:speed>8.575</gpxdata:speed>
    </extensions>
   </trkpt>
   <trkpt lat="51.0393939" lon="13.8203061">
    <ele>108</ele>
    <time>2026-06-06T10:43:17Z</time>
    <extensions>
     <gpxdata:hr>139</gpxdata:hr>
     <gpxdata:distance>6585.50</gpxdata:distance>
     <gpxdata:speed>8.639</gpxdata:speed>
    </extensions>
   </trkpt>
   <trkpt lat="51.0393407" lon="13.8204000">
    <ele>108</ele>
    <time>2026-06-06T10:43:18Z</time>
    <extensions>
     <gpxdata:hr>140</gpxdata:hr>
     <gpxdata:distance>6594.00</gpxdata:distance>
     <gpxdata:speed>8.681</gpxdata:speed>
    </extensions>
   </trkpt>
   <trkpt lat="51.0392882" lon="13.8204953">
    <ele>108</ele>
    <time>2026-06-06T10:43:19Z</time>
    <extensions>
     <gpxdata:hr>140</gpxdata:hr>
     <gpxdata:distance>6603.00</gpxdata:distance>
     <gpxdata:speed>8.744</gpxdata:speed>
    </extensions>
   </trkpt>
   <trkpt lat="51.0392368" lon="13.8205919">
    <ele>108</ele>
    <time>2026-06-06T10:43:20Z</time>
    <extensions>
     <gpxdata:hr>140</gpxdata:hr>
     <gpxdata:distance>6612.00</gpxdata:distance>
     <gpxdata:speed>8.806</gpxdata:speed>
    </extensions>
   </trkpt>
   <trkpt lat="51.0391859" lon="13.8206882">
    <ele>108</ele>
    <time>2026-06-06T10:43:21Z</time>
    <extensions>
     <gpxdata:hr>141</gpxdata:hr>
     <gpxdata:distance>6621.00</gpxdata:distance>
     <gpxdata:speed>8.828</gpxdata:speed>
    </extensions>
   </trkpt>
   <trkpt lat="51.0391357" lon="13.8207843">
    <ele>108</ele>
    <time>2026-06-06T10:43:22Z</time>
    <extensions>
     <gpxdata:hr>141</gpxdata:hr>
     <gpxdata:distance>6630.00</gpxdata:distance>
     <gpxdata:speed>8.819</gpxdata:speed>
    </extensions>
   </trkpt>
   <trkpt lat="51.0390867" lon="13.8208804">
    <ele>108</ele>
    <time>2026-06-06T10:43:23Z</time>
    <extensions>
     <gpxdata:hr>141</gpxdata:hr>
     <gpxdata:distance>6638.50</gpxdata:distance>
     <gpxdata:speed>8.792</gpxdata:speed>
    </extensions>
   </trkpt>
   <trkpt lat="51.0390392" lon="13.8209771">
    <ele>108</ele>
    <time>2026-06-06T10:43:24Z</time>
    <extensions>
     <gpxdata:hr>141</gpxdata:hr>
     <gpxdata:distance>6647.00</gpxdata:distance>
     <gpxdata:speed>8.742</gpxdata:speed>
    </extensions>
   </trkpt>
   <trkpt lat="51.0389938" lon="13.8210764">
    <ele>108</ele>
    <time>2026-06-06T10:43:25Z</time>
    <extensions>
     <gpxdata:hr>139</gpxdata:hr>
     <gpxdata:distance>6655.50</gpxdata:distance>
     <gpxdata:speed>8.692</gpxdata:speed>
    </extensions>
   </trkpt>
   <trkpt lat="51.0389499" lon="13.8211783">
    <ele>108</ele>
    <time>2026-06-06T10:43:26Z</time>
    <extensions>
     <gpxdata:hr>140</gpxdata:hr>
     <gpxdata:distance>6664.00</gpxdata:distance>
     <gpxdata:speed>8.664</gpxdata:speed>
    </extensions>
   </trkpt>
   <trkpt lat="51.0389068" lon="13.8212811">
    <ele>108</ele>
    <time>2026-06-06T10:43:27Z</time>
    <extensions>
     <gpxdata:hr>141</gpxdata:hr>
     <gpxdata:distance>6672.50</gpxdata:distance>
     <gpxdata:speed>8.664</gpxdata:speed>
    </extensions>
   </trkpt>
   <trkpt lat="51.0388627" lon="13.8213828">
    <ele>108</ele>
    <time>2026-06-06T10:43:28Z</time>
    <extensions>
     <gpxdata:hr>141</gpxdata:hr>
     <gpxdata:distance>6681.00</gpxdata:distance>
     <gpxdata:speed>8.656</gpxdata:speed>
    </extensions>
   </trkpt>
   <trkpt lat="51.0388171" lon="13.8214831">
    <ele>108</ele>
    <time>2026-06-06T10:43:29Z</time>
    <extensions>
     <gpxdata:hr>142</gpxdata:hr>
     <gpxdata:distance>6690.00</gpxdata:distance>
     <gpxdata:speed>8.653</gpxdata:speed>
    </extensions>
   </trkpt>
   <trkpt lat="51.0387699" lon="13.8215817">
    <ele>108</ele>
    <time>2026-06-06T10:43:30Z</time>
    <extensions>
     <gpxdata:hr>143</gpxdata:hr>
     <gpxdata:distance>6699.00</gpxdata:distance>
     <gpxdata:speed>8.653</gpxdata:speed>
    </extensions>
   </trkpt>
   <trkpt lat="51.0387215" lon="13.8216789">
    <ele>108</ele>
    <time>2026-06-06T10:43:31Z</time>
    <extensions>
     <gpxdata:hr>142</gpxdata:hr>
     <gpxdata:distance>6707.50</gpxdata:distance>
     <gpxdata:speed>8.661</gpxdata:speed>
    </extensions>
   </trkpt>
   <trkpt lat="51.0386732" lon="13.8217748">
    <ele>108</ele>
    <time>2026-06-06T10:43:32Z</time>
    <extensions>
     <gpxdata:hr>142</gpxdata:hr>
     <gpxdata:distance>6716.00</gpxdata:distance>
     <gpxdata:speed>8.664</gpxdata:speed>
    </extensions>
   </trkpt>
   <trkpt lat="51.0386260" lon="13.8218710">
    <ele>108</ele>
    <time>2026-06-06T10:43:33Z</time>
    <extensions>
     <gpxdata:hr>141</gpxdata:hr>
     <gpxdata:distance>6724.50</gpxdata:distance>
     <gpxdata:speed>8.636</gpxdata:speed>
    </extensions>
   </trkpt>
   <trkpt lat="51.0385802" lon="13.8219691">
    <ele>108</ele>
    <time>2026-06-06T10:43:34Z</time>
    <extensions>
     <gpxdata:hr>141</gpxdata:hr>
     <gpxdata:distance>6733.00</gpxdata:distance>
     <gpxdata:speed>8.600</gpxdata:speed>
    </extensions>
   </trkpt>
   <trkpt lat="51.0385356" lon="13.8220693">
    <ele>108</ele>
    <time>2026-06-06T10:43:35Z</time>
    <extensions>
     <gpxdata:hr>140</gpxdata:hr>
     <gpxdata:distance>6741.50</gpxdata:distance>
     <gpxdata:speed>8.589</gpxdata:speed>
    </extensions>
   </trkpt>
   <trkpt lat="51.0384913" lon="13.8221703">
    <ele>108</ele>
    <time>2026-06-06T10:43:36Z</time>
    <extensions>
     <gpxdata:hr>140</gpxdata:hr>
     <gpxdata:distance>6750.00</gpxdata:distance>
     <gpxdata:speed>8.597</gpxdata:speed>
    </extensions>
   </trkpt>
   <trkpt lat="51.0384473" lon="13.8222708">
    <ele>108</ele>
    <time>2026-06-06T10:43:37Z</time>
    <extensions>
     <gpxdata:hr>140</gpxdata:hr>
     <gpxdata:distance>6758.50</gpxdata:distance>
     <gpxdata:speed>8.606</gpxdata:speed>
    </extensions>
   </trkpt>
   <trkpt lat="51.0384047" lon="13.8223698">
    <ele>108</ele>
    <time>2026-06-06T10:43:38Z</time>
    <extensions>
     <gpxdata:hr>141</gpxdata:hr>
     <gpxdata:distance>6767.00</gpxdata:distance>
     <gpxdata:speed>8.589</gpxdata:speed>
    </extensions>
   </trkpt>
   <trkpt lat="51.0383634" lon="13.8224673">
    <ele>108</ele>
    <time>2026-06-06T10:43:39Z</time>
    <extensions>
     <gpxdata:hr>140</gpxdata:hr>
     <gpxdata:distance>6775.50</gpxdata:distance>
     <gpxdata:speed>8.508</gpxdata:speed>
    </extensions>
   </trkpt>
   <trkpt lat="51.0383235" lon="13.8225655">
    <ele>108</ele>
    <time>2026-06-06T10:43:40Z</time>
    <extensions>
     <gpxdata:hr>141</gpxdata:hr>
     <gpxdata:distance>6784.00</gpxdata:distance>
     <gpxdata:speed>8.400</gpxdata:speed>
    </extensions>
   </trkpt>
   <trkpt lat="51.0382855" lon="13.8226668">
    <ele>108</ele>
    <time>2026-06-06T10:43:41Z</time>
    <extensions>
     <gpxdata:hr>140</gpxdata:hr>
     <gpxdata:distance>6792.00</gpxdata:distance>
     <gpxdata:speed>8.331</gpxdata:speed>
    </extensions>
   </trkpt>
   <trkpt lat="51.0382486" lon="13.8227709">
    <ele>108</ele>
    <time>2026-06-06T10:43:42Z</time>
    <extensions>
     <gpxdata:hr>140</gpxdata:hr>
     <gpxdata:distance>6800.00</gpxdata:distance>
     <gpxdata:speed>8.322</gpxdata:speed>
    </extensions>
   </trkpt>
   <trkpt lat="51.0382099" lon="13.8228758">
    <ele>108</ele>
    <time>2026-06-06T10:43:43Z</time>
    <extensions>
     <gpxdata:hr>139</gpxdata:hr>
     <gpxdata:distance>6808.50</gpxdata:distance>
     <gpxdata:speed>8.342</gpxdata:speed>
    </extensions>
   </trkpt>
   <trkpt lat="51.0381680" lon="13.8229803">
    <ele>108</ele>
    <time>2026-06-06T10:43:44Z</time>
    <extensions>
     <gpxdata:hr>140</gpxdata:hr>
     <gpxdata:distance>6817.00</gpxdata:distance>
     <gpxdata:speed>8.411</gpxdata:speed>
    </extensions>
   </trkpt>
   <trkpt lat="51.0381232" lon="13.8230835">
    <ele>108</ele>
    <time>2026-06-06T10:43:45Z</time>
    <extensions>
     <gpxdata:hr>140</gpxdata:hr>
     <gpxdata:distance>6826.00</gpxdata:distance>
     <gpxdata:speed>8.506</gpxdata:speed>
    </extensions>
   </trkpt>
   <trkpt lat="51.0380776" lon="13.8231869">
    <ele>108</ele>
    <time>2026-06-06T10:43:46Z</time>
    <extensions>
     <gpxdata:hr>141</gpxdata:hr>
     <gpxdata:distance>6835.00</gpxdata:distance>
     <gpxdata:speed>8.600</gpxdata:speed>
    </extensions>
   </trkpt>
   <trkpt lat="51.0380316" lon="13.8232906">
    <ele>108</ele>
    <time>2026-06-06T10:43:47Z</time>
    <extensions>
     <gpxdata:hr>142</gpxdata:hr>
     <gpxdata:distance>6844.00</gpxdata:distance>
     <gpxdata:speed>8.681</gpxdata:speed>
    </extensions>
   </trkpt>
   <trkpt lat="51.0379855" lon="13.8233946">
    <ele>108</ele>
    <time>2026-06-06T10:43:48Z</time>
    <extensions>
     <gpxdata:hr>142</gpxdata:hr>
     <gpxdata:distance>6853.00</gpxdata:distance>
     <gpxdata:speed>8.747</gpxdata:speed>
    </extensions>
   </trkpt>
   <trkpt lat="51.0379401" lon="13.8234976">
    <ele>108</ele>
    <time>2026-06-06T10:43:49Z</time>
    <extensions>
     <gpxdata:hr>143</gpxdata:hr>
     <gpxdata:distance>6861.50</gpxdata:distance>
     <gpxdata:speed>8.806</gpxdata:speed>
    </extensions>
   </trkpt>
   <trkpt lat="51.0378952" lon="13.8235997">
    <ele>108</ele>
    <time>2026-06-06T10:43:50Z</time>
    <extensions>
     <gpxdata:hr>144</gpxdata:hr>
     <gpxdata:distance>6870.00</gpxdata:distance>
     <gpxdata:speed>8.806</gpxdata:speed>
    </extensions>
   </trkpt>
   <trkpt lat="51.0378507" lon="13.8237015">
    <ele>108</ele>
    <time>2026-06-06T10:43:51Z</time>
    <extensions>
     <gpxdata:hr>144</gpxdata:hr>
     <gpxdata:distance>6879.00</gpxdata:distance>
     <gpxdata:speed>8.778</gpxdata:speed>
    </extensions>
   </trkpt>
   <trkpt lat="51.0378067" lon="13.8238024">
    <ele>108</ele>
    <time>2026-06-06T10:43:52Z</time>
    <extensions>
     <gpxdata:hr>144</gpxdata:hr>
     <gpxdata:distance>6888.00</gpxdata:distance>
     <gpxdata:speed>8.750</gpxdata:speed>
    </extensions>
   </trkpt>
   <trkpt lat="51.0377636" lon="13.8239031">
    <ele>108</ele>
    <time>2026-06-06T10:43:53Z</time>
    <extensions>
     <gpxdata:hr>144</gpxdata:hr>
     <gpxdata:distance>6896.50</gpxdata:distance>
     <gpxdata:speed>8.694</gpxdata:speed>
    </extensions>
   </trkpt>
   <trkpt lat="51.0377210" lon="13.8240035">
    <ele>108</ele>
    <time>2026-06-06T10:43:54Z</time>
    <extensions>
     <gpxdata:hr>144</gpxdata:hr>
     <gpxdata:distance>6905.00</gpxdata:distance>
     <gpxdata:speed>8.639</gpxdata:speed>
    </extensions>
   </trkpt>
   <trkpt lat="51.0376785" lon="13.8241043">
    <ele>108</ele>
    <time>2026-06-06T10:43:55Z</time>
    <extensions>
     <gpxdata:hr>144</gpxdata:hr>
     <gpxdata:distance>6913.50</gpxdata:distance>
     <gpxdata:speed>8.581</gpxdata:speed>
    </extensions>
   </trkpt>
   <trkpt lat="51.0376362" lon="13.8242046">
    <ele>108</ele>
    <time>2026-06-06T10:43:56Z</time>
    <extensions>
     <gpxdata:hr>144</gpxdata:hr>
     <gpxdata:distance>6922.00</gpxdata:distance>
     <gpxdata:speed>8.558</gpxdata:speed>
    </extensions>
   </trkpt>
   <trkpt lat="51.0375936" lon="13.8243035">
    <ele>108</ele>
    <time>2026-06-06T10:43:57Z</time>
    <extensions>
     <gpxdata:hr>144</gpxdata:hr>
     <gpxdata:distance>6930.50</gpxdata:distance>
     <gpxdata:speed>8.517</gpxdata:speed>
    </extensions>
   </trkpt>
   <trkpt lat="51.0375513" lon="13.8244023">
    <ele>108</ele>
    <time>2026-06-06T10:43:58Z</time>
    <extensions>
     <gpxdata:hr>145</gpxdata:hr>
     <gpxdata:distance>6939.00</gpxdata:distance>
     <gpxdata:speed>8.464</gpxdata:speed>
    </extensions>
   </trkpt>
   <trkpt lat="51.0375103" lon="13.8245024">
    <ele>108</ele>
    <time>2026-06-06T10:43:59Z</time>
    <extensions>
     <gpxdata:hr>145</gpxdata:hr>
     <gpxdata:distance>6947.00</gpxdata:distance>
     <gpxdata:speed>8.425</gpxdata:speed>
    </extensions>
   </trkpt>
   <trkpt lat="51.0374705" lon="13.8246029">
    <ele>108</ele>
    <time>2026-06-06T10:44:00Z</time>
    <extensions>
     <gpxdata:hr>143</gpxdata:hr>
     <gpxdata:distance>6955.00</gpxdata:distance>
     <gpxdata:speed>8.397</gpxdata:speed>
    </extensions>
   </trkpt>
   <trkpt lat="51.0374307" lon="13.8247030">
    <ele>108</ele>
    <time>2026-06-06T10:44:01Z</time>
    <extensions>
     <gpxdata:hr>142</gpxdata:hr>
     <gpxdata:distance>6963.50</gpxdata:distance>
     <gpxdata:speed>8.364</gpxdata:speed>
    </extensions>
   </trkpt>
   <trkpt lat="51.0373905" lon="13.8248037">
    <ele>108</ele>
    <time>2026-06-06T10:44:02Z</time>
    <extensions>
     <gpxdata:hr>141</gpxdata:hr>
     <gpxdata:distance>6972.00</gpxdata:distance>
     <gpxdata:speed>8.336</gpxdata:speed>
    </extensions>
   </trkpt>
   <trkpt lat="51.0373496" lon="13.8249041">
    <ele>108</ele>
    <time>2026-06-06T10:44:03Z</time>
    <extensions>
     <gpxdata:hr>141</gpxdata:hr>
     <gpxdata:distance>6980.50</gpxdata:distance>
     <gpxdata:speed>8.344</gpxdata:speed>
    </extensions>
   </trkpt>
   <trkpt lat="51.0373077" lon="13.8250039">
    <ele>108</ele>
    <time>2026-06-06T10:44:04Z</time>
    <extensions>
     <gpxdata:hr>141</gpxdata:hr>
     <gpxdata:distance>6989.00</gpxdata:distance>
     <gpxdata:speed>8.356</gpxdata:speed>
    </extensions>
   </trkpt>
   <trkpt lat="51.0372644" lon="13.8251034">
    <ele>108</ele>
    <time>2026-06-06T10:44:05Z</time>
    <extensions>
     <gpxdata:hr>139</gpxdata:hr>
     <gpxdata:distance>6997.50</gpxdata:distance>
     <gpxdata:speed>8.369</gpxdata:speed>
    </extensions>
   </trkpt>
   <trkpt lat="51.0372197" lon="13.8252030">
    <ele>108</ele>
    <time>2026-06-06T10:44:06Z</time>
    <extensions>
     <gpxdata:hr>140</gpxdata:hr>
     <gpxdata:distance>7006.00</gpxdata:distance>
     <gpxdata:speed>8.408</gpxdata:speed>
    </extensions>
   </trkpt>
   <trkpt lat="51.0371744" lon="13.8253024">
    <ele>108</ele>
    <time>2026-06-06T10:44:07Z</time>
    <extensions>
     <gpxdata:hr>140</gpxdata:hr>
     <gpxdata:distance>7014.50</gpxdata:distance>
     <gpxdata:speed>8.464</gpxdata:speed>
    </extensions>
   </trkpt>
   <trkpt lat="51.0371301" lon="13.8254014">
    <ele>108</ele>
    <time>2026-06-06T10:44:08Z</time>
    <extensions>
     <gpxdata:hr>139</gpxdata:hr>
     <gpxdata:distance>7023.00</gpxdata:distance>
     <gpxdata:speed>8.508</gpxdata:speed>
    </extensions>
   </trkpt>
   <trkpt lat="51.0370878" lon="13.8254986">
    <ele>108</ele>
    <time>2026-06-06T10:44:09Z</time>
    <extensions>
     <gpxdata:hr>139</gpxdata:hr>
     <gpxdata:distance>7031.00</gpxdata:distance>
     <gpxdata:speed>8.494</gpxdata:speed>
    </extensions>
   </trkpt>
   <trkpt lat="51.0370461" lon="13.8255968">
    <ele>108</ele>
    <time>2026-06-06T10:44:10Z</time>
    <extensions>
     <gpxdata:hr>140</gpxdata:hr>
     <gpxdata:distance>7039.00</gpxdata:distance>
     <gpxdata:speed>8.406</gpxdata:speed>
    </extensions>
   </trkpt>
   <trkpt lat="51.0370032" lon="13.8256955">
    <ele>108</ele>
    <time>2026-06-06T10:44:11Z</time>
    <extensions>
     <gpxdata:hr>140</gpxdata:hr>
     <gpxdata:distance>7047.50</gpxdata:distance>
     <gpxdata:speed>8.381</gpxdata:speed>
    </extensions>
   </trkpt>
   <trkpt lat="51.0369598" lon="13.8257933">
    <ele>108</ele>
    <time>2026-06-06T10:44:12Z</time>
    <extensions>
     <gpxdata:hr>140</gpxdata:hr>
     <gpxdata:distance>7056.00</gpxdata:distance>
     <gpxdata:speed>8.400</gpxdata:speed>
    </extensions>
   </trkpt>
   <trkpt lat="51.0369174" lon="13.8258906">
    <ele>108</ele>
    <time>2026-06-06T10:44:13Z</time>
    <extensions>
     <gpxdata:hr>140</gpxdata:hr>
     <gpxdata:distance>7064.50</gpxdata:distance>
     <gpxdata:speed>8.386</gpxdata:speed>
    </extensions>
   </trkpt>
   <trkpt lat="51.0368753" lon="13.8259872">
    <ele>108</ele>
    <time>2026-06-06T10:44:14Z</time>
    <extensions>
     <gpxdata:hr>140</gpxdata:hr>
     <gpxdata:distance>7073.00</gpxdata:distance>
     <gpxdata:speed>8.344</gpxdata:speed>
    </extensions>
   </trkpt>
   <trkpt lat="51.0368319" lon="13.8260824">
    <ele>108</ele>
    <time>2026-06-06T10:44:15Z</time>
    <extensions>
     <gpxdata:hr>140</gpxdata:hr>
     <gpxdata:distance>7081.00</gpxdata:distance>
     <gpxdata:speed>8.300</gpxdata:speed>
    </extensions>
   </trkpt>
   <trkpt lat="51.0367876" lon="13.8261783">
    <ele>108</ele>
    <time>2026-06-06T10:44:16Z</time>
    <extensions>
     <gpxdata:hr>140</gpxdata:hr>
     <gpxdata:distance>7089.00</gpxdata:distance>
     <gpxdata:speed>8.283</gpxdata:speed>
    </extensions>
   </trkpt>
   <trkpt lat="51.0367425" lon="13.8262757">
    <ele>108</ele>
    <time>2026-06-06T10:44:17Z</time>
    <extensions>
     <gpxdata:hr>141</gpxdata:hr>
     <gpxdata:distance>7097.50</gpxdata:distance>
     <gpxdata:speed>8.306</gpxdata:speed>
    </extensions>
   </trkpt>
   <trkpt lat="51.0366961" lon="13.8263759">
    <ele>108</ele>
    <time>2026-06-06T10:44:18Z</time>
    <extensions>
     <gpxdata:hr>142</gpxdata:hr>
     <gpxdata:distance>7106.00</gpxdata:distance>
     <gpxdata:speed>8.369</gpxdata:speed>
    </extensions>
   </trkpt>
   <trkpt lat="51.0366475" lon="13.8264778">
    <ele>108</ele>
    <time>2026-06-06T10:44:19Z</time>
    <extensions>
     <gpxdata:hr>143</gpxdata:hr>
     <gpxdata:distance>7115.00</gpxdata:distance>
     <gpxdata:speed>8.494</gpxdata:speed>
    </extensions>
   </trkpt>
   <trkpt lat="51.0365972" lon="13.8265803">
    <ele>108</ele>
    <time>2026-06-06T10:44:20Z</time>
    <extensions>
     <gpxdata:hr>143</gpxdata:hr>
     <gpxdata:distance>7124.00</gpxdata:distance>
     <gpxdata:speed>8.867</gpxdata:speed>
    </extensions>
   </trkpt>
   <trkpt lat="51.0365471" lon="13.8266833">
    <ele>108</ele>
    <time>2026-06-06T10:44:21Z</time>
    <extensions>
     <gpxdata:hr>143</gpxdata:hr>
     <gpxdata:distance>7133.00</gpxdata:distance>
     <gpxdata:speed>8.967</gpxdata:speed>
    </extensions>
   </trkpt>
   <trkpt lat="51.0364982" lon="13.8267860">
    <ele>108</ele>
    <time>2026-06-06T10:44:22Z</time>
    <extensions>
     <gpxdata:hr>143</gpxdata:hr>
     <gpxdata:distance>7142.00</gpxdata:distance>
     <gpxdata:speed>9.006</gpxdata:speed>
    </extensions>
   </trkpt>
   <trkpt lat="51.0364503" lon="13.8268878">
    <ele>108</ele>
    <time>2026-06-06T10:44:23Z</time>
    <extensions>
     <gpxdata:hr>143</gpxdata:hr>
     <gpxdata:distance>7151.00</gpxdata:distance>
     <gpxdata:speed>8.994</gpxdata:speed>
    </extensions>
   </trkpt>
   <trkpt lat="51.0364032" lon="13.8269902">
    <ele>108</ele>
    <time>2026-06-06T10:44:24Z</time>
    <extensions>
     <gpxdata:hr>143</gpxdata:hr>
     <gpxdata:distance>7160.00</gpxdata:distance>
     <gpxdata:speed>8.925</gpxdata:speed>
    </extensions>
   </trkpt>
   <trkpt lat="51.0363561" lon="13.8270935">
    <ele>108</ele>
    <time>2026-06-06T10:44:25Z</time>
    <extensions>
     <gpxdata:hr>144</gpxdata:hr>
     <gpxdata:distance>7169.00</gpxdata:distance>
     <gpxdata:speed>8.906</gpxdata:speed>
    </extensions>
   </trkpt>
   <trkpt lat="51.0363089" lon="13.8271975">
    <ele>108</ele>
    <time>2026-06-06T10:44:26Z</time>
    <extensions>
     <gpxdata:hr>145</gpxdata:hr>
     <gpxdata:distance>7178.00</gpxdata:distance>
     <gpxdata:speed>8.947</gpxdata:speed>
    </extensions>
   </trkpt>
   <trkpt lat="51.0362617" lon="13.8273015">
    <ele>108</ele>
    <time>2026-06-06T10:44:27Z</time>
    <extensions>
     <gpxdata:hr>146</gpxdata:hr>
     <gpxdata:distance>7187.00</gpxdata:distance>
     <gpxdata:speed>8.981</gpxdata:speed>
    </extensions>
   </trkpt>
   <trkpt lat="51.0362142" lon="13.8274046">
    <ele>108</ele>
    <time>2026-06-06T10:44:28Z</time>
    <extensions>
     <gpxdata:hr>146</gpxdata:hr>
     <gpxdata:distance>7196.00</gpxdata:distance>
     <gpxdata:speed>8.975</gpxdata:speed>
    </extensions>
   </trkpt>
   <trkpt lat="51.0361669" lon="13.8275065">
    <ele>108</ele>
    <time>2026-06-06T10:44:29Z</time>
    <extensions>
     <gpxdata:hr>146</gpxdata:hr>
     <gpxdata:distance>7205.00</gpxdata:distance>
     <gpxdata:speed>8.961</gpxdata:speed>
    </extensions>
   </trkpt>
   <trkpt lat="51.0361214" lon="13.8276098">
    <ele>108</ele>
    <time>2026-06-06T10:44:30Z</time>
    <extensions>
     <gpxdata:hr>146</gpxdata:hr>
     <gpxdata:distance>7214.00</gpxdata:distance>
     <gpxdata:speed>8.917</gpxdata:speed>
    </extensions>
   </trkpt>
   <trkpt lat="51.0360795" lon="13.8277174">
    <ele>107</ele>
    <time>2026-06-06T10:44:31Z</time>
    <extensions>
     <gpxdata:hr>146</gpxdata:hr>
     <gpxdata:distance>7222.50</gpxdata:distance>
     <gpxdata:speed>8.883</gpxdata:speed>
    </extensions>
   </trkpt>
   <trkpt lat="51.0360426" lon="13.8278299">
    <ele>107</ele>
    <time>2026-06-06T10:44:32Z</time>
    <extensions>
     <gpxdata:hr>145</gpxdata:hr>
     <gpxdata:distance>7231.00</gpxdata:distance>
     <gpxdata:speed>8.883</gpxdata:speed>
    </extensions>
   </trkpt>
   <trkpt lat="51.0360099" lon="13.8279458">
    <ele>107</ele>
    <time>2026-06-06T10:44:33Z</time>
    <extensions>
     <gpxdata:hr>144</gpxdata:hr>
     <gpxdata:distance>7240.00</gpxdata:distance>
     <gpxdata:speed>8.889</gpxdata:speed>
    </extensions>
   </trkpt>
   <trkpt lat="51.0359788" lon="13.8280630">
    <ele>107</ele>
    <time>2026-06-06T10:44:34Z</time>
    <extensions>
     <gpxdata:hr>143</gpxdata:hr>
     <gpxdata:distance>7249.00</gpxdata:distance>
     <gpxdata:speed>8.889</gpxdata:speed>
    </extensions>
   </trkpt>
   <trkpt lat="51.0359478" lon="13.8281799">
    <ele>107</ele>
    <time>2026-06-06T10:44:35Z</time>
    <extensions>
     <gpxdata:hr>143</gpxdata:hr>
     <gpxdata:distance>7258.00</gpxdata:distance>
     <gpxdata:speed>8.894</gpxdata:speed>
    </extensions>
   </trkpt>
   <trkpt lat="51.0359174" lon="13.8282966">
    <ele>107</ele>
    <time>2026-06-06T10:44:36Z</time>
    <extensions>
     <gpxdata:hr>143</gpxdata:hr>
     <gpxdata:distance>7267.00</gpxdata:distance>
     <gpxdata:speed>8.881</gpxdata:speed>
    </extensions>
   </trkpt>
   <trkpt lat="51.0358872" lon="13.8284127">
    <ele>107</ele>
    <time>2026-06-06T10:44:37Z</time>
    <extensions>
     <gpxdata:hr>143</gpxdata:hr>
     <gpxdata:distance>7276.00</gpxdata:distance>
     <gpxdata:speed>8.864</gpxdata:speed>
    </extensions>
   </trkpt>
   <trkpt lat="51.0358568" lon="13.8285275">
    <ele>107</ele>
    <time>2026-06-06T10:44:38Z</time>
    <extensions>
     <gpxdata:hr>143</gpxdata:hr>
     <gpxdata:distance>7285.00</gpxdata:distance>
     <gpxdata:speed>8.839</gpxdata:speed>
    </extensions>
   </trkpt>
   <trkpt lat="51.0358265" lon="13.8286415">
    <ele>107</ele>
    <time>2026-06-06T10:44:39Z</time>
    <extensions>
     <gpxdata:hr>142</gpxdata:hr>
     <gpxdata:distance>7293.50</gpxdata:distance>
     <gpxdata:speed>8.794</gpxdata:speed>
    </extensions>
   </trkpt>
   <trkpt lat="51.0357967" lon="13.8287549">
    <ele>107</ele>
    <time>2026-06-06T10:44:40Z</time>
    <extensions>
     <gpxdata:hr>142</gpxdata:hr>
     <gpxdata:distance>7302.00</gpxdata:distance>
     <gpxdata:speed>8.747</gpxdata:speed>
    </extensions>
   </trkpt>
   <trkpt lat="51.0357670" lon="13.8288675">
    <ele>107</ele>
    <time>2026-06-06T10:44:41Z</time>
    <extensions>
     <gpxdata:hr>142</gpxdata:hr>
     <gpxdata:distance>7310.50</gpxdata:distance>
     <gpxdata:speed>8.700</gpxdata:speed>
    </extensions>
   </trkpt>
   <trkpt lat="51.0357367" lon="13.8289788">
    <ele>107</ele>
    <time>2026-06-06T10:44:42Z</time>
    <extensions>
     <gpxdata:hr>143</gpxdata:hr>
     <gpxdata:distance>7319.00</gpxdata:distance>
     <gpxdata:speed>8.647</gpxdata:speed>
    </extensions>
   </trkpt>
   <trkpt lat="51.0357066" lon="13.8290896">
    <ele>107</ele>
    <time>2026-06-06T10:44:43Z</time>
    <extensions>
     <gpxdata:hr>143</gpxdata:hr>
     <gpxdata:distance>7327.50</gpxdata:distance>
     <gpxdata:speed>8.592</gpxdata:speed>
    </extensions>
   </trkpt>
   <trkpt lat="51.0356778" lon="13.8292010">
    <ele>107</ele>
    <time>2026-06-06T10:44:44Z</time>
    <extensions>
     <gpxdata:hr>144</gpxdata:hr>
     <gpxdata:distance>7336.00</gpxdata:distance>
     <gpxdata:speed>8.542</gpxdata:speed>
    </extensions>
   </trkpt>
   <trkpt lat="51.0356492" lon="13.8293117">
    <ele>107</ele>
    <time>2026-06-06T10:44:45Z</time>
    <extensions>
     <gpxdata:hr>144</gpxdata:hr>
     <gpxdata:distance>7344.50</gpxdata:distance>
     <gpxdata:speed>8.503</gpxdata:speed>
    </extensions>
   </trkpt>
   <trkpt lat="51.0356191" lon="13.8294210">
    <ele>107</ele>
    <time>2026-06-06T10:44:46Z</time>
    <extensions>
     <gpxdata:hr>144</gpxdata:hr>
     <gpxdata:distance>7353.00</gpxdata:distance>
     <gpxdata:speed>8.456</gpxdata:speed>
    </extensions>
   </trkpt>
   <trkpt lat="51.0355878" lon="13.8295290">
    <ele>107</ele>
    <time>2026-06-06T10:44:47Z</time>
    <extensions>
     <gpxdata:hr>144</gpxdata:hr>
     <gpxdata:distance>7361.00</gpxdata:distance>
     <gpxdata:speed>8.414</gpxdata:speed>
    </extensions>
   </trkpt>
   <trkpt lat="51.0355563" lon="13.8296367">
    <ele>107</ele>
    <time>2026-06-06T10:44:48Z</time>
    <extensions>
     <gpxdata:hr>145</gpxdata:hr>
     <gpxdata:distance>7369.00</gpxdata:distance>
     <gpxdata:speed>8.381</gpxdata:speed>
    </extensions>
   </trkpt>
   <trkpt lat="51.0355253" lon="13.8297447">
    <ele>107</ele>
    <time>2026-06-06T10:44:49Z</time>
    <extensions>
     <gpxdata:hr>145</gpxdata:hr>
     <gpxdata:distance>7377.50</gpxdata:distance>
     <gpxdata:speed>8.350</gpxdata:speed>
    </extensions>
   </trkpt>
   <trkpt lat="51.0354941" lon="13.8298532">
    <ele>107</ele>
    <time>2026-06-06T10:44:50Z</time>
    <extensions>
     <gpxdata:hr>145</gpxdata:hr>
     <gpxdata:distance>7386.00</gpxdata:distance>
     <gpxdata:speed>8.339</gpxdata:speed>
    </extensions>
   </trkpt>
   <trkpt lat="51.0354630" lon="13.8299626">
    <ele>107</ele>
    <time>2026-06-06T10:44:51Z</time>
    <extensions>
     <gpxdata:hr>144</gpxdata:hr>
     <gpxdata:distance>7394.50</gpxdata:distance>
     <gpxdata:speed>8.344</gpxdata:speed>
    </extensions>
   </trkpt>
   <trkpt lat="51.0354317" lon="13.8300727">
    <ele>107</ele>
    <time>2026-06-06T10:44:52Z</time>
    <extensions>
     <gpxdata:hr>143</gpxdata:hr>
     <gpxdata:distance>7403.00</gpxdata:distance>
     <gpxdata:speed>8.367</gpxdata:speed>
    </extensions>
   </trkpt>
   <trkpt lat="51.0354005" lon="13.8301834">
    <ele>107</ele>
    <time>2026-06-06T10:44:53Z</time>
    <extensions>
     <gpxdata:hr>142</gpxdata:hr>
     <gpxdata:distance>7411.50</gpxdata:distance>
     <gpxdata:speed>8.400</gpxdata:speed>
    </extensions>
   </trkpt>
   <trkpt lat="51.0353695" lon="13.8302940">
    <ele>107</ele>
    <time>2026-06-06T10:44:54Z</time>
    <extensions>
     <gpxdata:hr>141</gpxdata:hr>
     <gpxdata:distance>7420.00</gpxdata:distance>
     <gpxdata:speed>8.431</gpxdata:speed>
    </extensions>
   </trkpt>
   <trkpt lat="51.0353386" lon="13.8304033">
    <ele>107</ele>
    <time>2026-06-06T10:44:55Z</time>
    <extensions>
     <gpxdata:hr>140</gpxdata:hr>
     <gpxdata:distance>7428.00</gpxdata:distance>
     <gpxdata:speed>8.442</gpxdata:speed>
    </extensions>
   </trkpt>
   <trkpt lat="51.0353077" lon="13.8305122">
    <ele>107</ele>
    <time>2026-06-06T10:44:56Z</time>
    <extensions>
     <gpxdata:hr>139</gpxdata:hr>
     <gpxdata:distance>7436.00</gpxdata:distance>
     <gpxdata:speed>8.417</gpxdata:speed>
    </extensions>
   </trkpt>
   <trkpt lat="51.0352773" lon="13.8306213">
    <ele>107</ele>
    <time>2026-06-06T10:44:57Z</time>
    <extensions>
     <gpxdata:hr>138</gpxdata:hr>
     <gpxdata:distance>7444.50</gpxdata:distance>
     <gpxdata:speed>8.400</gpxdata:speed>
    </extensions>
   </trkpt>
   <trkpt lat="51.0352473" lon="13.8307301">
    <ele>107</ele>
    <time>2026-06-06T10:44:58Z</time>
    <extensions>
     <gpxdata:hr>138</gpxdata:hr>
     <gpxdata:distance>7453.00</gpxdata:distance>
     <gpxdata:speed>8.386</gpxdata:speed>
    </extensions>
   </trkpt>
   <trkpt lat="51.0352175" lon="13.8308387">
    <ele>107</ele>
    <time>2026-06-06T10:44:59Z</time>
    <extensions>
     <gpxdata:hr>137</gpxdata:hr>
     <gpxdata:distance>7461.50</gpxdata:distance>
     <gpxdata:speed>8.364</gpxdata:speed>
    </extensions>
   </trkpt>
   <trkpt lat="51.0351874" lon="13.8309475">
    <ele>107</ele>
    <time>2026-06-06T10:45:00Z</time>
    <extensions>
     <gpxdata:hr>138</gpxdata:hr>
     <gpxdata:distance>7470.00</gpxdata:distance>
     <gpxdata:speed>8.342</gpxdata:speed>
    </extensions>
   </trkpt>
   <trkpt lat="51.0351566" lon="13.8310563">
    <ele>107</ele>
    <time>2026-06-06T10:45:01Z</time>
    <extensions>
     <gpxdata:hr>138</gpxdata:hr>
     <gpxdata:distance>7478.00</gpxdata:distance>
     <gpxdata:speed>8.336</gpxdata:speed>
    </extensions>
   </trkpt>
   <trkpt lat="51.0351249" lon="13.8311648">
    <ele>107</ele>
    <time>2026-06-06T10:45:02Z</time>
    <extensions>
     <gpxdata:hr>137</gpxdata:hr>
     <gpxdata:distance>7486.00</gpxdata:distance>
     <gpxdata:speed>8.347</gpxdata:speed>
    </extensions>
   </trkpt>
   <trkpt lat="51.0350924" lon="13.8312726">
    <ele>107</ele>
    <time>2026-06-06T10:45:03Z</time>
    <extensions>
     <gpxdata:hr>138</gpxdata:hr>
     <gpxdata:distance>7494.50</gpxdata:distance>
     <gpxdata:speed>8.356</gpxdata:speed>
    </extensions>
   </trkpt>
   <trkpt lat="51.0350601" lon="13.8313793">
    <ele>107</ele>
    <time>2026-06-06T10:45:04Z</time>
    <extensions>
     <gpxdata:hr>137</gpxdata:hr>
     <gpxdata:distance>7503.00</gpxdata:distance>
     <gpxdata:speed>8.356</gpxdata:speed>
    </extensions>
   </trkpt>
   <trkpt lat="51.0350279" lon="13.8314848">
    <ele>107</ele>
    <time>2026-06-06T10:45:05Z</time>
    <extensions>
     <gpxdata:hr>138</gpxdata:hr>
     <gpxdata:distance>7511.50</gpxdata:distance>
     <gpxdata:speed>8.322</gpxdata:speed>
    </extensions>
   </trkpt>
   <trkpt lat="51.0349954" lon="13.8315890">
    <ele>107</ele>
    <time>2026-06-06T10:45:06Z</time>
    <extensions>
     <gpxdata:hr>138</gpxdata:hr>
     <gpxdata:distance>7520.00</gpxdata:distance>
     <gpxdata:speed>8.281</gpxdata:speed>
    </extensions>
   </trkpt>
   <trkpt lat="51.0349636" lon="13.8316906">
    <ele>107</ele>
    <time>2026-06-06T10:45:07Z</time>
    <extensions>
     <gpxdata:hr>138</gpxdata:hr>
     <gpxdata:distance>7527.50</gpxdata:distance>
     <gpxdata:speed>8.233</gpxdata:speed>
    </extensions>
   </trkpt>
   <trkpt lat="51.0349311" lon="13.8317878">
    <ele>107</ele>
    <time>2026-06-06T10:45:08Z</time>
    <extensions>
     <gpxdata:hr>138</gpxdata:hr>
     <gpxdata:distance>7535.00</gpxdata:distance>
     <gpxdata:speed>8.122</gpxdata:speed>
    </extensions>
   </trkpt>
   <trkpt lat="51.0348977" lon="13.8318810">
    <ele>107</ele>
    <time>2026-06-06T10:45:09Z</time>
    <extensions>
     <gpxdata:hr>138</gpxdata:hr>
     <gpxdata:distance>7542.50</gpxdata:distance>
     <gpxdata:speed>7.967</gpxdata:speed>
    </extensions>
   </trkpt>
   <trkpt lat="51.0348656" lon="13.8319679">
    <ele>107</ele>
    <time>2026-06-06T10:45:10Z</time>
    <extensions>
     <gpxdata:hr>137</gpxdata:hr>
     <gpxdata:distance>7550.00</gpxdata:distance>
     <gpxdata:speed>7.606</gpxdata:speed>
    </extensions>
   </trkpt>
   <trkpt lat="51.0348366" lon="13.8320435">
    <ele>108</ele>
    <time>2026-06-06T10:45:11Z</time>
    <extensions>
     <gpxdata:hr>136</gpxdata:hr>
     <gpxdata:distance>7556.00</gpxdata:distance>
     <gpxdata:speed>7.136</gpxdata:speed>
    </extensions>
   </trkpt>
   <trkpt lat="51.0348109" lon="13.8321055">
    <ele>108</ele>
    <time>2026-06-06T10:45:12Z</time>
    <extensions>
     <gpxdata:hr>135</gpxdata:hr>
     <gpxdata:distance>7562.00</gpxdata:distance>
     <gpxdata:speed>6.300</gpxdata:speed>
    </extensions>
   </trkpt>
   <trkpt lat="51.0347948" lon="13.8321445">
    <ele>108</ele>
    <time>2026-06-06T10:45:13Z</time>
    <extensions>
     <gpxdata:hr>136</gpxdata:hr>
     <gpxdata:distance>7566.50</gpxdata:distance>
     <gpxdata:speed>5.394</gpxdata:speed>
    </extensions>
   </trkpt>
   <trkpt lat="51.0347765" lon="13.8321937">
    <ele>108</ele>
    <time>2026-06-06T10:45:14Z</time>
    <extensions>
     <gpxdata:hr>135</gpxdata:hr>
     <gpxdata:distance>7571.00</gpxdata:distance>
     <gpxdata:speed>4.800</gpxdata:speed>
    </extensions>
   </trkpt>
   <trkpt lat="51.0347587" lon="13.8322510">
    <ele>108</ele>
    <time>2026-06-06T10:45:15Z</time>
    <extensions>
     <gpxdata:hr>135</gpxdata:hr>
     <gpxdata:distance>7576.00</gpxdata:distance>
     <gpxdata:speed>4.625</gpxdata:speed>
    </extensions>
   </trkpt>
   <trkpt lat="51.0347405" lon="13.8323159">
    <ele>108</ele>
    <time>2026-06-06T10:45:16Z</time>
    <extensions>
     <gpxdata:hr>134</gpxdata:hr>
     <gpxdata:distance>7581.00</gpxdata:distance>
     <gpxdata:speed>4.825</gpxdata:speed>
    </extensions>
   </trkpt>
   <trkpt lat="51.0347202" lon="13.8323878">
    <ele>108</ele>
    <time>2026-06-06T10:45:17Z</time>
    <extensions>
     <gpxdata:hr>134</gpxdata:hr>
     <gpxdata:distance>7586.50</gpxdata:distance>
     <gpxdata:speed>5.186</gpxdata:speed>
    </extensions>
   </trkpt>
   <trkpt lat="51.0346968" lon="13.8324667">
    <ele>108</ele>
    <time>2026-06-06T10:45:18Z</time>
    <extensions>
     <gpxdata:hr>134</gpxdata:hr>
     <gpxdata:distance>7592.00</gpxdata:distance>
     <gpxdata:speed>5.617</gpxdata:speed>
    </extensions>
   </trkpt>
   <trkpt lat="51.0346697" lon="13.8325509">
    <ele>108</ele>
    <time>2026-06-06T10:45:19Z</time>
    <extensions>
     <gpxdata:hr>134</gpxdata:hr>
     <gpxdata:distance>7599.00</gpxdata:distance>
     <gpxdata:speed>5.917</gpxdata:speed>
    </extensions>
   </trkpt>
   <trkpt lat="51.0346285" lon="13.8326671">
    <ele>108</ele>
    <time>2026-06-06T10:45:20Z</time>
    <extensions>
     <gpxdata:hr>134</gpxdata:hr>
     <gpxdata:distance>7606.00</gpxdata:distance>
     <gpxdata:speed>6.233</gpxdata:speed>
    </extensions>
   </trkpt>
   <trkpt lat="51.0345918" lon="13.8327592">
    <ele>108</ele>
    <time>2026-06-06T10:45:21Z</time>
    <extensions>
     <gpxdata:hr>135</gpxdata:hr>
     <gpxdata:distance>7613.50</gpxdata:distance>
     <gpxdata:speed>6.908</gpxdata:speed>
    </extensions>
   </trkpt>
   <trkpt lat="51.0345538" lon="13.8328478">
    <ele>108</ele>
    <time>2026-06-06T10:45:22Z</time>
    <extensions>
     <gpxdata:hr>136</gpxdata:hr>
     <gpxdata:distance>7621.00</gpxdata:distance>
     <gpxdata:speed>7.194</gpxdata:speed>
    </extensions>
   </trkpt>
   <trkpt lat="51.0345151" lon="13.8329368">
    <ele>108</ele>
    <time>2026-06-06T10:45:23Z</time>
    <extensions>
     <gpxdata:hr>137</gpxdata:hr>
     <gpxdata:distance>7628.50</gpxdata:distance>
     <gpxdata:speed>7.333</gpxdata:speed>
    </extensions>
   </trkpt>
   <trkpt lat="51.0344760" lon="13.8330266">
    <ele>108</ele>
    <time>2026-06-06T10:45:24Z</time>
    <extensions>
     <gpxdata:hr>138</gpxdata:hr>
     <gpxdata:distance>7636.00</gpxdata:distance>
     <gpxdata:speed>7.472</gpxdata:speed>
    </extensions>
   </trkpt>
   <trkpt lat="51.0344368" lon="13.8331170">
    <ele>108</ele>
    <time>2026-06-06T10:45:25Z</time>
    <extensions>
     <gpxdata:hr>139</gpxdata:hr>
     <gpxdata:distance>7643.50</gpxdata:distance>
     <gpxdata:speed>7.581</gpxdata:speed>
    </extensions>
   </trkpt>
   <trkpt lat="51.0343968" lon="13.8332081">
    <ele>108</ele>
    <time>2026-06-06T10:45:26Z</time>
    <extensions>
     <gpxdata:hr>140</gpxdata:hr>
     <gpxdata:distance>7651.00</gpxdata:distance>
     <gpxdata:speed>7.633</gpxdata:speed>
    </extensions>
   </trkpt>
   <trkpt lat="51.0343551" lon="13.8332983">
    <ele>108</ele>
    <time>2026-06-06T10:45:27Z</time>
    <extensions>
     <gpxdata:hr>140</gpxdata:hr>
     <gpxdata:distance>7659.00</gpxdata:distance>
     <gpxdata:speed>7.742</gpxdata:speed>
    </extensions>
   </trkpt>
   <trkpt lat="51.0343100" lon="13.8333860">
    <ele>109</ele>
    <time>2026-06-06T10:45:28Z</time>
    <extensions>
     <gpxdata:hr>140</gpxdata:hr>
     <gpxdata:distance>7667.00</gpxdata:distance>
     <gpxdata:speed>7.811</gpxdata:speed>
    </extensions>
   </trkpt>
   <trkpt lat="51.0342617" lon="13.8334697">
    <ele>109</ele>
    <time>2026-06-06T10:45:29Z</time>
    <extensions>
     <gpxdata:hr>139</gpxdata:hr>
     <gpxdata:distance>7675.00</gpxdata:distance>
     <gpxdata:speed>7.889</gpxdata:speed>
    </extensions>
   </trkpt>
   <trkpt lat="51.0342114" lon="13.8335509">
    <ele>109</ele>
    <time>2026-06-06T10:45:30Z</time>
    <extensions>
     <gpxdata:hr>138</gpxdata:hr>
     <gpxdata:distance>7683.00</gpxdata:distance>
     <gpxdata:speed>7.925</gpxdata:speed>
    </extensions>
   </trkpt>
   <trkpt lat="51.0341606" lon="13.8336313">
    <ele>109</ele>
    <time>2026-06-06T10:45:31Z</time>
    <extensions>
     <gpxdata:hr>138</gpxdata:hr>
     <gpxdata:distance>7691.00</gpxdata:distance>
     <gpxdata:speed>7.947</gpxdata:speed>
    </extensions>
   </trkpt>
   <trkpt lat="51.0341103" lon="13.8337115">
    <ele>109</ele>
    <time>2026-06-06T10:45:32Z</time>
    <extensions>
     <gpxdata:hr>137</gpxdata:hr>
     <gpxdata:distance>7699.00</gpxdata:distance>
     <gpxdata:speed>7.961</gpxdata:speed>
    </extensions>
   </trkpt>
   <trkpt lat="51.0340607" lon="13.8337920">
    <ele>109</ele>
    <time>2026-06-06T10:45:33Z</time>
    <extensions>
     <gpxdata:hr>137</gpxdata:hr>
     <gpxdata:distance>7707.00</gpxdata:distance>
     <gpxdata:speed>7.950</gpxdata:speed>
    </extensions>
   </trkpt>
   <trkpt lat="51.0340112" lon="13.8338735">
    <ele>109</ele>
    <time>2026-06-06T10:45:34Z</time>
    <extensions>
     <gpxdata:hr>138</gpxdata:hr>
     <gpxdata:distance>7715.00</gpxdata:distance>
     <gpxdata:speed>7.933</gpxdata:speed>
    </extensions>
   </trkpt>
   <trkpt lat="51.0339616" lon="13.8339561">
    <ele>109</ele>
    <time>2026-06-06T10:45:35Z</time>
    <extensions>
     <gpxdata:hr>137</gpxdata:hr>
     <gpxdata:distance>7723.00</gpxdata:distance>
     <gpxdata:speed>7.939</gpxdata:speed>
    </extensions>
   </trkpt>
   <trkpt lat="51.0339115" lon="13.8340403">
    <ele>109</ele>
    <time>2026-06-06T10:45:36Z</time>
    <extensions>
     <gpxdata:hr>138</gpxdata:hr>
     <gpxdata:distance>7731.00</gpxdata:distance>
     <gpxdata:speed>7.972</gpxdata:speed>
    </extensions>
   </trkpt>
   <trkpt lat="51.0338611" lon="13.8341254">
    <ele>109</ele>
    <time>2026-06-06T10:45:37Z</time>
    <extensions>
     <gpxdata:hr>138</gpxdata:hr>
     <gpxdata:distance>7739.00</gpxdata:distance>
     <gpxdata:speed>8.031</gpxdata:speed>
    </extensions>
   </trkpt>
   <trkpt lat="51.0338098" lon="13.8342102">
    <ele>109</ele>
    <time>2026-06-06T10:45:38Z</time>
    <extensions>
     <gpxdata:hr>137</gpxdata:hr>
     <gpxdata:distance>7747.00</gpxdata:distance>
     <gpxdata:speed>8.086</gpxdata:speed>
    </extensions>
   </trkpt>
   <trkpt lat="51.0337581" lon="13.8342946">
    <ele>109</ele>
    <time>2026-06-06T10:45:39Z</time>
    <extensions>
     <gpxdata:hr>138</gpxdata:hr>
     <gpxdata:distance>7755.50</gpxdata:distance>
     <gpxdata:speed>8.136</gpxdata:speed>
    </extensions>
   </trkpt>
   <trkpt lat="51.0337059" lon="13.8343795">
    <ele>109</ele>
    <time>2026-06-06T10:45:40Z</time>
    <extensions>
     <gpxdata:hr>138</gpxdata:hr>
     <gpxdata:distance>7764.00</gpxdata:distance>
     <gpxdata:speed>8.178</gpxdata:speed>
    </extensions>
   </trkpt>
   <trkpt lat="51.0336534" lon="13.8344655">
    <ele>109</ele>
    <time>2026-06-06T10:45:41Z</time>
    <extensions>
     <gpxdata:hr>139</gpxdata:hr>
     <gpxdata:distance>7772.50</gpxdata:distance>
     <gpxdata:speed>8.231</gpxdata:speed>
    </extensions>
   </trkpt>
   <trkpt lat="51.0336009" lon="13.8345524">
    <ele>109</ele>
    <time>2026-06-06T10:45:42Z</time>
    <extensions>
     <gpxdata:hr>140</gpxdata:hr>
     <gpxdata:distance>7781.00</gpxdata:distance>
     <gpxdata:speed>8.294</gpxdata:speed>
    </extensions>
   </trkpt>
   <trkpt lat="51.0335483" lon="13.8346400">
    <ele>109</ele>
    <time>2026-06-06T10:45:43Z</time>
    <extensions>
     <gpxdata:hr>140</gpxdata:hr>
     <gpxdata:distance>7789.00</gpxdata:distance>
     <gpxdata:speed>8.350</gpxdata:speed>
    </extensions>
   </trkpt>
   <trkpt lat="51.0334951" lon="13.8347278">
    <ele>109</ele>
    <time>2026-06-06T10:45:44Z</time>
    <extensions>
     <gpxdata:hr>141</gpxdata:hr>
     <gpxdata:distance>7797.00</gpxdata:distance>
     <gpxdata:speed>8.414</gpxdata:speed>
    </extensions>
   </trkpt>
   <trkpt lat="51.0334413" lon="13.8348160">
    <ele>109</ele>
    <time>2026-06-06T10:45:45Z</time>
    <extensions>
     <gpxdata:hr>141</gpxdata:hr>
     <gpxdata:distance>7806.00</gpxdata:distance>
     <gpxdata:speed>8.486</gpxdata:speed>
    </extensions>
   </trkpt>
   <trkpt lat="51.0333872" lon="13.8349035">
    <ele>109</ele>
    <time>2026-06-06T10:45:46Z</time>
    <extensions>
     <gpxdata:hr>142</gpxdata:hr>
     <gpxdata:distance>7815.00</gpxdata:distance>
     <gpxdata:speed>8.550</gpxdata:speed>
    </extensions>
   </trkpt>
   <trkpt lat="51.0333324" lon="13.8349904">
    <ele>109</ele>
    <time>2026-06-06T10:45:47Z</time>
    <extensions>
     <gpxdata:hr>144</gpxdata:hr>
     <gpxdata:distance>7823.50</gpxdata:distance>
     <gpxdata:speed>8.564</gpxdata:speed>
    </extensions>
   </trkpt>
   <trkpt lat="51.0332763" lon="13.8350765">
    <ele>109</ele>
    <time>2026-06-06T10:45:48Z</time>
    <extensions>
     <gpxdata:hr>143</gpxdata:hr>
     <gpxdata:distance>7832.00</gpxdata:distance>
     <gpxdata:speed>8.592</gpxdata:speed>
    </extensions>
   </trkpt>
   <trkpt lat="51.0332199" lon="13.8351627">
    <ele>109</ele>
    <time>2026-06-06T10:45:49Z</time>
    <extensions>
     <gpxdata:hr>143</gpxdata:hr>
     <gpxdata:distance>7840.50</gpxdata:distance>
     <gpxdata:speed>8.631</gpxdata:speed>
    </extensions>
   </trkpt>
   <trkpt lat="51.0331636" lon="13.8352496">
    <ele>109</ele>
    <time>2026-06-06T10:45:50Z</time>
    <extensions>
     <gpxdata:hr>144</gpxdata:hr>
     <gpxdata:distance>7849.00</gpxdata:distance>
     <gpxdata:speed>8.661</gpxdata:speed>
    </extensions>
   </trkpt>
   <trkpt lat="51.0331074" lon="13.8353370">
    <ele>109</ele>
    <time>2026-06-06T10:45:51Z</time>
    <extensions>
     <gpxdata:hr>144</gpxdata:hr>
     <gpxdata:distance>7858.00</gpxdata:distance>
     <gpxdata:speed>8.692</gpxdata:speed>
    </extensions>
   </trkpt>
   <trkpt lat="51.0330506" lon="13.8354246">
    <ele>108</ele>
    <time>2026-06-06T10:45:52Z</time>
    <extensions>
     <gpxdata:hr>143</gpxdata:hr>
     <gpxdata:distance>7867.00</gpxdata:distance>
     <gpxdata:speed>8.711</gpxdata:speed>
    </extensions>
   </trkpt>
   <trkpt lat="51.0329929" lon="13.8355112">
    <ele>108</ele>
    <time>2026-06-06T10:45:53Z</time>
    <extensions>
     <gpxdata:hr>143</gpxdata:hr>
     <gpxdata:distance>7876.00</gpxdata:distance>
     <gpxdata:speed>8.750</gpxdata:speed>
    </extensions>
   </trkpt>
   <trkpt lat="51.0329340" lon="13.8355959">
    <ele>108</ele>
    <time>2026-06-06T10:45:54Z</time>
    <extensions>
     <gpxdata:hr>142</gpxdata:hr>
     <gpxdata:distance>7885.00</gpxdata:distance>
     <gpxdata:speed>8.778</gpxdata:speed>
    </extensions>
   </trkpt>
   <trkpt lat="51.0328749" lon="13.8356790">
    <ele>108</ele>
    <time>2026-06-06T10:45:55Z</time>
    <extensions>
     <gpxdata:hr>141</gpxdata:hr>
     <gpxdata:distance>7893.50</gpxdata:distance>
     <gpxdata:speed>8.800</gpxdata:speed>
    </extensions>
   </trkpt>
   <trkpt lat="51.0328161" lon="13.8357613">
    <ele>108</ele>
    <time>2026-06-06T10:45:56Z</time>
    <extensions>
     <gpxdata:hr>141</gpxdata:hr>
     <gpxdata:distance>7902.00</gpxdata:distance>
     <gpxdata:speed>8.786</gpxdata:speed>
    </extensions>
   </trkpt>
   <trkpt lat="51.0327585" lon="13.8358413">
    <ele>108</ele>
    <time>2026-06-06T10:45:57Z</time>
    <extensions>
     <gpxdata:hr>141</gpxdata:hr>
     <gpxdata:distance>7910.50</gpxdata:distance>
     <gpxdata:speed>8.764</gpxdata:speed>
    </extensions>
   </trkpt>
   <trkpt lat="51.0327028" lon="13.8359152">
    <ele>108</ele>
    <time>2026-06-06T10:45:58Z</time>
    <extensions>
     <gpxdata:hr>141</gpxdata:hr>
     <gpxdata:distance>7919.00</gpxdata:distance>
     <gpxdata:speed>8.664</gpxdata:speed>
    </extensions>
   </trkpt>
   <trkpt lat="51.0326503" lon="13.8359796">
    <ele>108</ele>
    <time>2026-06-06T10:45:59Z</time>
    <extensions>
     <gpxdata:hr>141</gpxdata:hr>
     <gpxdata:distance>7926.50</gpxdata:distance>
     <gpxdata:speed>8.153</gpxdata:speed>
    </extensions>
   </trkpt>
   <trkpt lat="51.0326020" lon="13.8360355">
    <ele>108</ele>
    <time>2026-06-06T10:46:00Z</time>
    <extensions>
     <gpxdata:hr>141</gpxdata:hr>
     <gpxdata:distance>7934.00</gpxdata:distance>
     <gpxdata:speed>7.508</gpxdata:speed>
    </extensions>
   </trkpt>
   <trkpt lat="51.0325566" lon="13.8360865">
    <ele>108</ele>
    <time>2026-06-06T10:46:01Z</time>
    <extensions>
     <gpxdata:hr>140</gpxdata:hr>
     <gpxdata:distance>7940.00</gpxdata:distance>
     <gpxdata:speed>6.828</gpxdata:speed>
    </extensions>
   </trkpt>
   <trkpt lat="51.0325117" lon="13.8361369">
    <ele>108</ele>
    <time>2026-06-06T10:46:02Z</time>
    <extensions>
     <gpxdata:hr>139</gpxdata:hr>
     <gpxdata:distance>7946.00</gpxdata:distance>
     <gpxdata:speed>6.428</gpxdata:speed>
    </extensions>
   </trkpt>
   <trkpt lat="51.0324660" lon="13.8361896">
    <ele>108</ele>
    <time>2026-06-06T10:46:03Z</time>
    <extensions>
     <gpxdata:hr>138</gpxdata:hr>
     <gpxdata:distance>7952.50</gpxdata:distance>
     <gpxdata:speed>6.347</gpxdata:speed>
    </extensions>
   </trkpt>
   <trkpt lat="51.0324175" lon="13.8362446">
    <ele>109</ele>
    <time>2026-06-06T10:46:04Z</time>
    <extensions>
     <gpxdata:hr>138</gpxdata:hr>
     <gpxdata:distance>7959.00</gpxdata:distance>
     <gpxdata:speed>6.436</gpxdata:speed>
    </extensions>
   </trkpt>
   <trkpt lat="51.0323646" lon="13.8363006">
    <ele>109</ele>
    <time>2026-06-06T10:46:05Z</time>
    <extensions>
     <gpxdata:hr>138</gpxdata:hr>
     <gpxdata:distance>7966.00</gpxdata:distance>
     <gpxdata:speed>6.681</gpxdata:speed>
    </extensions>
   </trkpt>
   <trkpt lat="51.0323078" lon="13.8363575">
    <ele>109</ele>
    <time>2026-06-06T10:46:06Z</time>
    <extensions>
     <gpxdata:hr>138</gpxdata:hr>
     <gpxdata:distance>7973.00</gpxdata:distance>
     <gpxdata:speed>7.019</gpxdata:speed>
    </extensions>
   </trkpt>
   <trkpt lat="51.0322482" lon="13.8364144">
    <ele>109</ele>
    <time>2026-06-06T10:46:07Z</time>
    <extensions>
     <gpxdata:hr>138</gpxdata:hr>
     <gpxdata:distance>7981.00</gpxdata:distance>
     <gpxdata:speed>7.200</gpxdata:speed>
    </extensions>
   </trkpt>
   <trkpt lat="51.0321863" lon="13.8364702">
    <ele>109</ele>
    <time>2026-06-06T10:46:08Z</time>
    <extensions>
     <gpxdata:hr>138</gpxdata:hr>
     <gpxdata:distance>7989.00</gpxdata:distance>
     <gpxdata:speed>7.372</gpxdata:speed>
    </extensions>
   </trkpt>
   <trkpt lat="51.0321226" lon="13.8365233">
    <ele>109</ele>
    <time>2026-06-06T10:46:09Z</time>
    <extensions>
     <gpxdata:hr>139</gpxdata:hr>
     <gpxdata:distance>7997.00</gpxdata:distance>
     <gpxdata:speed>7.544</gpxdata:speed>
    </extensions>
   </trkpt>
   <trkpt lat="51.0320584" lon="13.8365761">
    <ele>109</ele>
    <time>2026-06-06T10:46:10Z</time>
    <extensions>
     <gpxdata:hr>138</gpxdata:hr>
     <gpxdata:distance>8005.00</gpxdata:distance>
     <gpxdata:speed>7.864</gpxdata:speed>
    </extensions>
   </trkpt>
   <trkpt lat="51.0319956" lon="13.8366316">
    <ele>109</ele>
    <time>2026-06-06T10:46:11Z</time>
    <extensions>
     <gpxdata:hr>138</gpxdata:hr>
     <gpxdata:distance>8012.50</gpxdata:distance>
     <gpxdata:speed>7.953</gpxdata:speed>
    </extensions>
   </trkpt>
   <trkpt lat="51.0319344" lon="13.8366906">
    <ele>109</ele>
    <time>2026-06-06T10:46:12Z</time>
    <extensions>
     <gpxdata:hr>138</gpxdata:hr>
     <gpxdata:distance>8020.00</gpxdata:distance>
     <gpxdata:speed>7.961</gpxdata:speed>
    </extensions>
   </trkpt>
   <trkpt lat="51.0318748" lon="13.8367509">
    <ele>109</ele>
    <time>2026-06-06T10:46:13Z</time>
    <extensions>
     <gpxdata:hr>139</gpxdata:hr>
     <gpxdata:distance>8028.00</gpxdata:distance>
     <gpxdata:speed>7.950</gpxdata:speed>
    </extensions>
   </trkpt>
   <trkpt lat="51.0318163" lon="13.8368110">
    <ele>109</ele>
    <time>2026-06-06T10:46:14Z</time>
    <extensions>
     <gpxdata:hr>138</gpxdata:hr>
     <gpxdata:distance>8036.00</gpxdata:distance>
     <gpxdata:speed>7.878</gpxdata:speed>
    </extensions>
   </trkpt>
   <trkpt lat="51.0317585" lon="13.8368694">
    <ele>109</ele>
    <time>2026-06-06T10:46:15Z</time>
    <extensions>
     <gpxdata:hr>137</gpxdata:hr>
     <gpxdata:distance>8043.50</gpxdata:distance>
     <gpxdata:speed>7.769</gpxdata:speed>
    </extensions>
   </trkpt>
   <trkpt lat="51.0317010" lon="13.8369254">
    <ele>109</ele>
    <time>2026-06-06T10:46:16Z</time>
    <extensions>
     <gpxdata:hr>137</gpxdata:hr>
     <gpxdata:distance>8051.00</gpxdata:distance>
     <gpxdata:speed>7.667</gpxdata:speed>
    </extensions>
   </trkpt>
   <trkpt lat="51.0316424" lon="13.8369773">
    <ele>109</ele>
    <time>2026-06-06T10:46:17Z</time>
    <extensions>
     <gpxdata:hr>136</gpxdata:hr>
     <gpxdata:distance>8058.50</gpxdata:distance>
     <gpxdata:speed>7.600</gpxdata:speed>
    </extensions>
   </trkpt>
   <trkpt lat="51.0315826" lon="13.8370251">
    <ele>108</ele>
    <time>2026-06-06T10:46:18Z</time>
    <extensions>
     <gpxdata:hr>136</gpxdata:hr>
     <gpxdata:distance>8066.00</gpxdata:distance>
     <gpxdata:speed>7.556</gpxdata:speed>
    </extensions>
   </trkpt>
   <trkpt lat="51.0315237" lon="13.8370719">
    <ele>108</ele>
    <time>2026-06-06T10:46:19Z</time>
    <extensions>
     <gpxdata:hr>136</gpxdata:hr>
     <gpxdata:distance>8073.50</gpxdata:distance>
     <gpxdata:speed>7.525</gpxdata:speed>
    </extensions>
   </trkpt>
   <trkpt lat="51.0314666" lon="13.8371217">
    <ele>108</ele>
    <time>2026-06-06T10:46:20Z</time>
    <extensions>
     <gpxdata:hr>135</gpxdata:hr>
     <gpxdata:distance>8081.00</gpxdata:distance>
     <gpxdata:speed>7.444</gpxdata:speed>
    </extensions>
   </trkpt>
   <trkpt lat="51.0314083" lon="13.8371715">
    <ele>108</ele>
    <time>2026-06-06T10:46:21Z</time>
    <extensions>
     <gpxdata:hr>134</gpxdata:hr>
     <gpxdata:distance>8088.50</gpxdata:distance>
     <gpxdata:speed>7.367</gpxdata:speed>
    </extensions>
   </trkpt>
   <trkpt lat="51.0313453" lon="13.8372116">
    <ele>108</ele>
    <time>2026-06-06T10:46:22Z</time>
    <extensions>
     <gpxdata:hr>133</gpxdata:hr>
     <gpxdata:distance>8096.00</gpxdata:distance>
     <gpxdata:speed>7.378</gpxdata:speed>
    </extensions>
   </trkpt>
   <trkpt lat="51.0312768" lon="13.8372397">
    <ele>108</ele>
    <time>2026-06-06T10:46:23Z</time>
    <extensions>
     <gpxdata:hr>132</gpxdata:hr>
     <gpxdata:distance>8104.00</gpxdata:distance>
     <gpxdata:speed>7.475</gpxdata:speed>
    </extensions>
   </trkpt>
   <trkpt lat="51.0312044" lon="13.8372615">
    <ele>108</ele>
    <time>2026-06-06T10:46:24Z</time>
    <extensions>
     <gpxdata:hr>132</gpxdata:hr>
     <gpxdata:distance>8112.00</gpxdata:distance>
     <gpxdata:speed>7.647</gpxdata:speed>
    </extensions>
   </trkpt>
   <trkpt lat="51.0311303" lon="13.8372834">
    <ele>108</ele>
    <time>2026-06-06T10:46:25Z</time>
    <extensions>
     <gpxdata:hr>132</gpxdata:hr>
     <gpxdata:distance>8120.00</gpxdata:distance>
     <gpxdata:speed>7.856</gpxdata:speed>
    </extensions>
   </trkpt>
   <trkpt lat="51.0310557" lon="13.8373080">
    <ele>108</ele>
    <time>2026-06-06T10:46:26Z</time>
    <extensions>
     <gpxdata:hr>132</gpxdata:hr>
     <gpxdata:distance>8128.00</gpxdata:distance>
     <gpxdata:speed>8.236</gpxdata:speed>
    </extensions>
   </trkpt>
   <trkpt lat="51.0309812" lon="13.8373346">
    <ele>108</ele>
    <time>2026-06-06T10:46:27Z</time>
    <extensions>
     <gpxdata:hr>134</gpxdata:hr>
     <gpxdata:distance>8136.50</gpxdata:distance>
     <gpxdata:speed>8.375</gpxdata:speed>
    </extensions>
   </trkpt>
   <trkpt lat="51.0309068" lon="13.8373624">
    <ele>108</ele>
    <time>2026-06-06T10:46:28Z</time>
    <extensions>
     <gpxdata:hr>135</gpxdata:hr>
     <gpxdata:distance>8145.00</gpxdata:distance>
     <gpxdata:speed>8.417</gpxdata:speed>
    </extensions>
   </trkpt>
   <trkpt lat="51.0308328" lon="13.8373908">
    <ele>108</ele>
    <time>2026-06-06T10:46:29Z</time>
    <extensions>
     <gpxdata:hr>137</gpxdata:hr>
     <gpxdata:distance>8153.50</gpxdata:distance>
     <gpxdata:speed>8.458</gpxdata:speed>
    </extensions>
   </trkpt>
   <trkpt lat="51.0307595" lon="13.8374198">
    <ele>108</ele>
    <time>2026-06-06T10:46:30Z</time>
    <extensions>
     <gpxdata:hr>139</gpxdata:hr>
     <gpxdata:distance>8162.00</gpxdata:distance>
     <gpxdata:speed>8.444</gpxdata:speed>
    </extensions>
   </trkpt>
   <trkpt lat="51.0306865" lon="13.8374504">
    <ele>108</ele>
    <time>2026-06-06T10:46:31Z</time>
    <extensions>
     <gpxdata:hr>140</gpxdata:hr>
     <gpxdata:distance>8170.50</gpxdata:distance>
     <gpxdata:speed>8.408</gpxdata:speed>
    </extensions>
   </trkpt>
   <trkpt lat="51.0306137" lon="13.8374822">
    <ele>108</ele>
    <time>2026-06-06T10:46:32Z</time>
    <extensions>
     <gpxdata:hr>139</gpxdata:hr>
     <gpxdata:distance>8179.00</gpxdata:distance>
     <gpxdata:speed>8.408</gpxdata:speed>
    </extensions>
   </trkpt>
   <trkpt lat="51.0305405" lon="13.8375145">
    <ele>109</ele>
    <time>2026-06-06T10:46:33Z</time>
    <extensions>
     <gpxdata:hr>139</gpxdata:hr>
     <gpxdata:distance>8187.50</gpxdata:distance>
     <gpxdata:speed>8.419</gpxdata:speed>
    </extensions>
   </trkpt>
   <trkpt lat="51.0304667" lon="13.8375458">
    <ele>109</ele>
    <time>2026-06-06T10:46:34Z</time>
    <extensions>
     <gpxdata:hr>139</gpxdata:hr>
     <gpxdata:distance>8196.00</gpxdata:distance>
     <gpxdata:speed>8.450</gpxdata:speed>
    </extensions>
   </trkpt>
   <trkpt lat="51.0303925" lon="13.8375768">
    <ele>109</ele>
    <time>2026-06-06T10:46:35Z</time>
    <extensions>
     <gpxdata:hr>139</gpxdata:hr>
     <gpxdata:distance>8204.50</gpxdata:distance>
     <gpxdata:speed>8.483</gpxdata:speed>
    </extensions>
   </trkpt>
   <trkpt lat="51.0303180" lon="13.8376089">
    <ele>109</ele>
    <time>2026-06-06T10:46:36Z</time>
    <extensions>
     <gpxdata:hr>139</gpxdata:hr>
     <gpxdata:distance>8213.00</gpxdata:distance>
     <gpxdata:speed>8.508</gpxdata:speed>
    </extensions>
   </trkpt>
   <trkpt lat="51.0302433" lon="13.8376423">
    <ele>109</ele>
    <time>2026-06-06T10:46:37Z</time>
    <extensions>
     <gpxdata:hr>140</gpxdata:hr>
     <gpxdata:distance>8221.50</gpxdata:distance>
     <gpxdata:speed>8.536</gpxdata:speed>
    </extensions>
   </trkpt>
   <trkpt lat="51.0301688" lon="13.8376763">
    <ele>109</ele>
    <time>2026-06-06T10:46:38Z</time>
    <extensions>
     <gpxdata:hr>142</gpxdata:hr>
     <gpxdata:distance>8230.00</gpxdata:distance>
     <gpxdata:speed>8.572</gpxdata:speed>
    </extensions>
   </trkpt>
   <trkpt lat="51.0300940" lon="13.8377105">
    <ele>109</ele>
    <time>2026-06-06T10:46:39Z</time>
    <extensions>
     <gpxdata:hr>141</gpxdata:hr>
     <gpxdata:distance>8239.00</gpxdata:distance>
     <gpxdata:speed>8.589</gpxdata:speed>
    </extensions>
   </trkpt>
   <trkpt lat="51.0300196" lon="13.8377447">
    <ele>108</ele>
    <time>2026-06-06T10:46:40Z</time>
    <extensions>
     <gpxdata:hr>141</gpxdata:hr>
     <gpxdata:distance>8248.00</gpxdata:distance>
     <gpxdata:speed>8.614</gpxdata:speed>
    </extensions>
   </trkpt>
   <trkpt lat="51.0299462" lon="13.8377792">
    <ele>108</ele>
    <time>2026-06-06T10:46:41Z</time>
    <extensions>
     <gpxdata:hr>141</gpxdata:hr>
     <gpxdata:distance>8256.50</gpxdata:distance>
     <gpxdata:speed>8.617</gpxdata:speed>
    </extensions>
   </trkpt>
   <trkpt lat="51.0298729" lon="13.8378145">
    <ele>108</ele>
    <time>2026-06-06T10:46:42Z</time>
    <extensions>
     <gpxdata:hr>140</gpxdata:hr>
     <gpxdata:distance>8265.00</gpxdata:distance>
     <gpxdata:speed>8.572</gpxdata:speed>
    </extensions>
   </trkpt>
   <trkpt lat="51.0297979" lon="13.8378496">
    <ele>108</ele>
    <time>2026-06-06T10:46:43Z</time>
    <extensions>
     <gpxdata:hr>139</gpxdata:hr>
     <gpxdata:distance>8273.50</gpxdata:distance>
     <gpxdata:speed>8.564</gpxdata:speed>
    </extensions>
   </trkpt>
   <trkpt lat="51.0297219" lon="13.8378835">
    <ele>108</ele>
    <time>2026-06-06T10:46:44Z</time>
    <extensions>
     <gpxdata:hr>139</gpxdata:hr>
     <gpxdata:distance>8282.00</gpxdata:distance>
     <gpxdata:speed>8.631</gpxdata:speed>
    </extensions>
   </trkpt>
   <trkpt lat="51.0296463" lon="13.8379164">
    <ele>108</ele>
    <time>2026-06-06T10:46:45Z</time>
    <extensions>
     <gpxdata:hr>138</gpxdata:hr>
     <gpxdata:distance>8291.00</gpxdata:distance>
     <gpxdata:speed>8.689</gpxdata:speed>
    </extensions>
   </trkpt>
   <trkpt lat="51.0295714" lon="13.8379492">
    <ele>108</ele>
    <time>2026-06-06T10:46:46Z</time>
    <extensions>
     <gpxdata:hr>138</gpxdata:hr>
     <gpxdata:distance>8300.00</gpxdata:distance>
     <gpxdata:speed>8.689</gpxdata:speed>
    </extensions>
   </trkpt>
   <trkpt lat="51.0294972" lon="13.8379822">
    <ele>108</ele>
    <time>2026-06-06T10:46:47Z</time>
    <extensions>
     <gpxdata:hr>138</gpxdata:hr>
     <gpxdata:distance>8308.50</gpxdata:distance>
     <gpxdata:speed>8.667</gpxdata:speed>
    </extensions>
   </trkpt>
   <trkpt lat="51.0294235" lon="13.8380155">
    <ele>108</ele>
    <time>2026-06-06T10:46:48Z</time>
    <extensions>
     <gpxdata:hr>138</gpxdata:hr>
     <gpxdata:distance>8317.00</gpxdata:distance>
     <gpxdata:speed>8.636</gpxdata:speed>
    </extensions>
   </trkpt>
   <trkpt lat="51.0293502" lon="13.8380490">
    <ele>108</ele>
    <time>2026-06-06T10:46:49Z</time>
    <extensions>
     <gpxdata:hr>139</gpxdata:hr>
     <gpxdata:distance>8325.50</gpxdata:distance>
     <gpxdata:speed>8.600</gpxdata:speed>
    </extensions>
   </trkpt>
   <trkpt lat="51.0292772" lon="13.8380825">
    <ele>108</ele>
    <time>2026-06-06T10:46:50Z</time>
    <extensions>
     <gpxdata:hr>139</gpxdata:hr>
     <gpxdata:distance>8334.00</gpxdata:distance>
     <gpxdata:speed>8.561</gpxdata:speed>
    </extensions>
   </trkpt>
   <trkpt lat="51.0292042" lon="13.8381164">
    <ele>108</ele>
    <time>2026-06-06T10:46:51Z</time>
    <extensions>
     <gpxdata:hr>139</gpxdata:hr>
     <gpxdata:distance>8342.50</gpxdata:distance>
     <gpxdata:speed>8.531</gpxdata:speed>
    </extensions>
   </trkpt>
   <trkpt lat="51.0291313" lon="13.8381506">
    <ele>108</ele>
    <time>2026-06-06T10:46:52Z</time>
    <extensions>
     <gpxdata:hr>139</gpxdata:hr>
     <gpxdata:distance>8351.00</gpxdata:distance>
     <gpxdata:speed>8.508</gpxdata:speed>
    </extensions>
   </trkpt>
   <trkpt lat="51.0290580" lon="13.8381861">
    <ele>108</ele>
    <time>2026-06-06T10:46:53Z</time>
    <extensions>
     <gpxdata:hr>139</gpxdata:hr>
     <gpxdata:distance>8359.50</gpxdata:distance>
     <gpxdata:speed>8.497</gpxdata:speed>
    </extensions>
   </trkpt>
   <trkpt lat="51.0289846" lon="13.8382218">
    <ele>108</ele>
    <time>2026-06-06T10:46:54Z</time>
    <extensions>
     <gpxdata:hr>138</gpxdata:hr>
     <gpxdata:distance>8368.00</gpxdata:distance>
     <gpxdata:speed>8.514</gpxdata:speed>
    </extensions>
   </trkpt>
   <trkpt lat="51.0289119" lon="13.8382570">
    <ele>108</ele>
    <time>2026-06-06T10:46:55Z</time>
    <extensions>
     <gpxdata:hr>138</gpxdata:hr>
     <gpxdata:distance>8376.50</gpxdata:distance>
     <gpxdata:speed>8.519</gpxdata:speed>
    </extensions>
   </trkpt>
   <trkpt lat="51.0288405" lon="13.8382912">
    <ele>108</ele>
    <time>2026-06-06T10:46:56Z</time>
    <extensions>
     <gpxdata:hr>138</gpxdata:hr>
     <gpxdata:distance>8385.00</gpxdata:distance>
     <gpxdata:speed>8.492</gpxdata:speed>
    </extensions>
   </trkpt>
   <trkpt lat="51.0287711" lon="13.8383256">
    <ele>108</ele>
    <time>2026-06-06T10:46:57Z</time>
    <extensions>
     <gpxdata:hr>138</gpxdata:hr>
     <gpxdata:distance>8393.00</gpxdata:distance>
     <gpxdata:speed>8.411</gpxdata:speed>
    </extensions>
   </trkpt>
   <trkpt lat="51.0287027" lon="13.8383591">
    <ele>108</ele>
    <time>2026-06-06T10:46:58Z</time>
    <extensions>
     <gpxdata:hr>138</gpxdata:hr>
     <gpxdata:distance>8401.00</gpxdata:distance>
     <gpxdata:speed>8.289</gpxdata:speed>
    </extensions>
   </trkpt>
   <trkpt lat="51.0286343" lon="13.8383902">
    <ele>108</ele>
    <time>2026-06-06T10:46:59Z</time>
    <extensions>
     <gpxdata:hr>138</gpxdata:hr>
     <gpxdata:distance>8408.50</gpxdata:distance>
     <gpxdata:speed>8.175</gpxdata:speed>
    </extensions>
   </trkpt>
   <trkpt lat="51.0285655" lon="13.8384189">
    <ele>108</ele>
    <time>2026-06-06T10:47:00Z</time>
    <extensions>
     <gpxdata:hr>137</gpxdata:hr>
     <gpxdata:distance>8416.00</gpxdata:distance>
     <gpxdata:speed>8.089</gpxdata:speed>
    </extensions>
   </trkpt>
   <trkpt lat="51.0284963" lon="13.8384487">
    <ele>108</ele>
    <time>2026-06-06T10:47:01Z</time>
    <extensions>
     <gpxdata:hr>137</gpxdata:hr>
     <gpxdata:distance>8424.50</gpxdata:distance>
     <gpxdata:speed>8.028</gpxdata:speed>
    </extensions>
   </trkpt>
   <trkpt lat="51.0284274" lon="13.8384833">
    <ele>109</ele>
    <time>2026-06-06T10:47:02Z</time>
    <extensions>
     <gpxdata:hr>138</gpxdata:hr>
     <gpxdata:distance>8433.00</gpxdata:distance>
     <gpxdata:speed>8.014</gpxdata:speed>
    </extensions>
   </trkpt>
   <trkpt lat="51.0283596" lon="13.8385259">
    <ele>109</ele>
    <time>2026-06-06T10:47:03Z</time>
    <extensions>
     <gpxdata:hr>138</gpxdata:hr>
     <gpxdata:distance>8441.00</gpxdata:distance>
     <gpxdata:speed>8.025</gpxdata:speed>
    </extensions>
   </trkpt>
   <trkpt lat="51.0282931" lon="13.8385754">
    <ele>109</ele>
    <time>2026-06-06T10:47:04Z</time>
    <extensions>
     <gpxdata:hr>138</gpxdata:hr>
     <gpxdata:distance>8449.00</gpxdata:distance>
     <gpxdata:speed>8.058</gpxdata:speed>
    </extensions>
   </trkpt>
   <trkpt lat="51.0282271" lon="13.8386278">
    <ele>109</ele>
    <time>2026-06-06T10:47:05Z</time>
    <extensions>
     <gpxdata:hr>139</gpxdata:hr>
     <gpxdata:distance>8457.00</gpxdata:distance>
     <gpxdata:speed>8.097</gpxdata:speed>
    </extensions>
   </trkpt>
   <trkpt lat="51.0281606" lon="13.8386801">
    <ele>109</ele>
    <time>2026-06-06T10:47:06Z</time>
    <extensions>
     <gpxdata:hr>140</gpxdata:hr>
     <gpxdata:distance>8465.00</gpxdata:distance>
     <gpxdata:speed>8.131</gpxdata:speed>
    </extensions>
   </trkpt>
   <trkpt lat="51.0280924" lon="13.8387305">
    <ele>109</ele>
    <time>2026-06-06T10:47:07Z</time>
    <extensions>
     <gpxdata:hr>140</gpxdata:hr>
     <gpxdata:distance>8473.50</gpxdata:distance>
     <gpxdata:speed>8.172</gpxdata:speed>
    </extensions>
   </trkpt>
   <trkpt lat="51.0280230" lon="13.8387791">
    <ele>109</ele>
    <time>2026-06-06T10:47:08Z</time>
    <extensions>
     <gpxdata:hr>140</gpxdata:hr>
     <gpxdata:distance>8482.00</gpxdata:distance>
     <gpxdata:speed>8.247</gpxdata:speed>
    </extensions>
   </trkpt>
   <trkpt lat="51.0279523" lon="13.8388239">
    <ele>109</ele>
    <time>2026-06-06T10:47:09Z</time>
    <extensions>
     <gpxdata:hr>140</gpxdata:hr>
     <gpxdata:distance>8490.50</gpxdata:distance>
     <gpxdata:speed>8.322</gpxdata:speed>
    </extensions>
   </trkpt>
   <trkpt lat="51.0278805" lon="13.8388595">
    <ele>109</ele>
    <time>2026-06-06T10:47:10Z</time>
    <extensions>
     <gpxdata:hr>140</gpxdata:hr>
     <gpxdata:distance>8499.00</gpxdata:distance>
     <gpxdata:speed>8.375</gpxdata:speed>
    </extensions>
   </trkpt>
   <trkpt lat="51.0278083" lon="13.8388884">
    <ele>109</ele>
    <time>2026-06-06T10:47:11Z</time>
    <extensions>
     <gpxdata:hr>139</gpxdata:hr>
     <gpxdata:distance>8507.00</gpxdata:distance>
     <gpxdata:speed>8.375</gpxdata:speed>
    </extensions>
   </trkpt>
   <trkpt lat="51.0277367" lon="13.8389169">
    <ele>109</ele>
    <time>2026-06-06T10:47:12Z</time>
    <extensions>
     <gpxdata:hr>139</gpxdata:hr>
     <gpxdata:distance>8515.00</gpxdata:distance>
     <gpxdata:speed>8.344</gpxdata:speed>
    </extensions>
   </trkpt>
   <trkpt lat="51.0276661" lon="13.8389488">
    <ele>109</ele>
    <time>2026-06-06T10:47:13Z</time>
    <extensions>
     <gpxdata:hr>139</gpxdata:hr>
     <gpxdata:distance>8523.50</gpxdata:distance>
     <gpxdata:speed>8.297</gpxdata:speed>
    </extensions>
   </trkpt>
   <trkpt lat="51.0275962" lon="13.8389836">
    <ele>110</ele>
    <time>2026-06-06T10:47:14Z</time>
    <extensions>
     <gpxdata:hr>139</gpxdata:hr>
     <gpxdata:distance>8532.00</gpxdata:distance>
     <gpxdata:speed>8.264</gpxdata:speed>
    </extensions>
   </trkpt>
   <trkpt lat="51.0275265" lon="13.8390175">
    <ele>110</ele>
    <time>2026-06-06T10:47:15Z</time>
    <extensions>
     <gpxdata:hr>139</gpxdata:hr>
     <gpxdata:distance>8540.00</gpxdata:distance>
     <gpxdata:speed>8.225</gpxdata:speed>
    </extensions>
   </trkpt>
   <trkpt lat="51.0274566" lon="13.8390485">
    <ele>110</ele>
    <time>2026-06-06T10:47:16Z</time>
    <extensions>
     <gpxdata:hr>139</gpxdata:hr>
     <gpxdata:distance>8548.00</gpxdata:distance>
     <gpxdata:speed>8.186</gpxdata:speed>
    </extensions>
   </trkpt>
   <trkpt lat="51.0273866" lon="13.8390790">
    <ele>110</ele>
    <time>2026-06-06T10:47:17Z</time>
    <extensions>
     <gpxdata:hr>140</gpxdata:hr>
     <gpxdata:distance>8556.00</gpxdata:distance>
     <gpxdata:speed>8.156</gpxdata:speed>
    </extensions>
   </trkpt>
   <trkpt lat="51.0273170" lon="13.8391111">
    <ele>110</ele>
    <time>2026-06-06T10:47:18Z</time>
    <extensions>
     <gpxdata:hr>140</gpxdata:hr>
     <gpxdata:distance>8564.00</gpxdata:distance>
     <gpxdata:speed>8.128</gpxdata:speed>
    </extensions>
   </trkpt>
   <trkpt lat="51.0272475" lon="13.8391442">
    <ele>111</ele>
    <time>2026-06-06T10:47:19Z</time>
    <extensions>
     <gpxdata:hr>139</gpxdata:hr>
     <gpxdata:distance>8572.00</gpxdata:distance>
     <gpxdata:speed>8.106</gpxdata:speed>
    </extensions>
   </trkpt>
   <trkpt lat="51.0271785" lon="13.8391773">
    <ele>111</ele>
    <time>2026-06-06T10:47:20Z</time>
    <extensions>
     <gpxdata:hr>139</gpxdata:hr>
     <gpxdata:distance>8580.00</gpxdata:distance>
     <gpxdata:speed>8.092</gpxdata:speed>
    </extensions>
   </trkpt>
   <trkpt lat="51.0271101" lon="13.8392126">
    <ele>111</ele>
    <time>2026-06-06T10:47:21Z</time>
    <extensions>
     <gpxdata:hr>139</gpxdata:hr>
     <gpxdata:distance>8588.00</gpxdata:distance>
     <gpxdata:speed>8.064</gpxdata:speed>
    </extensions>
   </trkpt>
   <trkpt lat="51.0270414" lon="13.8392490">
    <ele>110</ele>
    <time>2026-06-06T10:47:22Z</time>
    <extensions>
     <gpxdata:hr>140</gpxdata:hr>
     <gpxdata:distance>8596.00</gpxdata:distance>
     <gpxdata:speed>8.042</gpxdata:speed>
    </extensions>
   </trkpt>
   <trkpt lat="51.0269719" lon="13.8392835">
    <ele>110</ele>
    <time>2026-06-06T10:47:23Z</time>
    <extensions>
     <gpxdata:hr>140</gpxdata:hr>
     <gpxdata:distance>8604.00</gpxdata:distance>
     <gpxdata:speed>8.053</gpxdata:speed>
    </extensions>
   </trkpt>
   <trkpt lat="51.0269014" lon="13.8393174">
    <ele>110</ele>
    <time>2026-06-06T10:47:24Z</time>
    <extensions>
     <gpxdata:hr>140</gpxdata:hr>
     <gpxdata:distance>8612.00</gpxdata:distance>
     <gpxdata:speed>8.069</gpxdata:speed>
    </extensions>
   </trkpt>
   <trkpt lat="51.0268294" lon="13.8393511">
    <ele>110</ele>
    <time>2026-06-06T10:47:25Z</time>
    <extensions>
     <gpxdata:hr>140</gpxdata:hr>
     <gpxdata:distance>8620.50</gpxdata:distance>
     <gpxdata:speed>8.122</gpxdata:speed>
    </extensions>
   </trkpt>
   <trkpt lat="51.0267560" lon="13.8393844">
    <ele>110</ele>
    <time>2026-06-06T10:47:26Z</time>
    <extensions>
     <gpxdata:hr>140</gpxdata:hr>
     <gpxdata:distance>8629.00</gpxdata:distance>
     <gpxdata:speed>8.208</gpxdata:speed>
    </extensions>
   </trkpt>
   <trkpt lat="51.0266817" lon="13.8394166">
    <ele>110</ele>
    <time>2026-06-06T10:47:27Z</time>
    <extensions>
     <gpxdata:hr>140</gpxdata:hr>
     <gpxdata:distance>8637.50</gpxdata:distance>
     <gpxdata:speed>8.314</gpxdata:speed>
    </extensions>
   </trkpt>
   <trkpt lat="51.0266076" lon="13.8394482">
    <ele>110</ele>
    <time>2026-06-06T10:47:28Z</time>
    <extensions>
     <gpxdata:hr>140</gpxdata:hr>
     <gpxdata:distance>8646.00</gpxdata:distance>
     <gpxdata:speed>8.403</gpxdata:speed>
    </extensions>
   </trkpt>
   <trkpt lat="51.0265338" lon="13.8394794">
    <ele>110</ele>
    <time>2026-06-06T10:47:29Z</time>
    <extensions>
     <gpxdata:hr>140</gpxdata:hr>
     <gpxdata:distance>8654.50</gpxdata:distance>
     <gpxdata:speed>8.442</gpxdata:speed>
    </extensions>
   </trkpt>
   <trkpt lat="51.0264599" lon="13.8395103">
    <ele>110</ele>
    <time>2026-06-06T10:47:30Z</time>
    <extensions>
     <gpxdata:hr>140</gpxdata:hr>
     <gpxdata:distance>8663.00</gpxdata:distance>
     <gpxdata:speed>8.461</gpxdata:speed>
    </extensions>
   </trkpt>
   <trkpt lat="51.0263865" lon="13.8395396">
    <ele>110</ele>
    <time>2026-06-06T10:47:31Z</time>
    <extensions>
     <gpxdata:hr>140</gpxdata:hr>
     <gpxdata:distance>8671.50</gpxdata:distance>
     <gpxdata:speed>8.481</gpxdata:speed>
    </extensions>
   </trkpt>
   <trkpt lat="51.0263137" lon="13.8395682">
    <ele>110</ele>
    <time>2026-06-06T10:47:32Z</time>
    <extensions>
     <gpxdata:hr>140</gpxdata:hr>
     <gpxdata:distance>8680.00</gpxdata:distance>
     <gpxdata:speed>8.464</gpxdata:speed>
    </extensions>
   </trkpt>
   <trkpt lat="51.0262420" lon="13.8395985">
    <ele>110</ele>
    <time>2026-06-06T10:47:33Z</time>
    <extensions>
     <gpxdata:hr>140</gpxdata:hr>
     <gpxdata:distance>8688.50</gpxdata:distance>
     <gpxdata:speed>8.419</gpxdata:speed>
    </extensions>
   </trkpt>
   <trkpt lat="51.0261709" lon="13.8396332">
    <ele>110</ele>
    <time>2026-06-06T10:47:34Z</time>
    <extensions>
     <gpxdata:hr>140</gpxdata:hr>
     <gpxdata:distance>8697.00</gpxdata:distance>
     <gpxdata:speed>8.367</gpxdata:speed>
    </extensions>
   </trkpt>
   <trkpt lat="51.0260995" lon="13.8396712">
    <ele>110</ele>
    <time>2026-06-06T10:47:35Z</time>
    <extensions>
     <gpxdata:hr>140</gpxdata:hr>
     <gpxdata:distance>8705.50</gpxdata:distance>
     <gpxdata:speed>8.350</gpxdata:speed>
    </extensions>
   </trkpt>
   <trkpt lat="51.0260273" lon="13.8397088">
    <ele>110</ele>
    <time>2026-06-06T10:47:36Z</time>
    <extensions>
     <gpxdata:hr>139</gpxdata:hr>
     <gpxdata:distance>8714.00</gpxdata:distance>
     <gpxdata:speed>8.369</gpxdata:speed>
    </extensions>
   </trkpt>
   <trkpt lat="51.0259545" lon="13.8397450">
    <ele>110</ele>
    <time>2026-06-06T10:47:37Z</time>
    <extensions>
     <gpxdata:hr>139</gpxdata:hr>
     <gpxdata:distance>8722.50</gpxdata:distance>
     <gpxdata:speed>8.400</gpxdata:speed>
    </extensions>
   </trkpt>
   <trkpt lat="51.0258823" lon="13.8397778">
    <ele>110</ele>
    <time>2026-06-06T10:47:38Z</time>
    <extensions>
     <gpxdata:hr>139</gpxdata:hr>
     <gpxdata:distance>8731.00</gpxdata:distance>
     <gpxdata:speed>8.428</gpxdata:speed>
    </extensions>
   </trkpt>
   <trkpt lat="51.0258123" lon="13.8398021">
    <ele>110</ele>
    <time>2026-06-06T10:47:39Z</time>
    <extensions>
     <gpxdata:hr>139</gpxdata:hr>
     <gpxdata:distance>8738.50</gpxdata:distance>
     <gpxdata:speed>8.392</gpxdata:speed>
    </extensions>
   </trkpt>
   <trkpt lat="51.0257456" lon="13.8398216">
    <ele>110</ele>
    <time>2026-06-06T10:47:40Z</time>
    <extensions>
     <gpxdata:hr>140</gpxdata:hr>
     <gpxdata:distance>8746.00</gpxdata:distance>
     <gpxdata:speed>8.017</gpxdata:speed>
    </extensions>
   </trkpt>
   <trkpt lat="51.0256808" lon="13.8398457">
    <ele>110</ele>
    <time>2026-06-06T10:47:41Z</time>
    <extensions>
     <gpxdata:hr>140</gpxdata:hr>
     <gpxdata:distance>8753.50</gpxdata:distance>
     <gpxdata:speed>7.647</gpxdata:speed>
    </extensions>
   </trkpt>
   <trkpt lat="51.0256155" lon="13.8398773">
    <ele>110</ele>
    <time>2026-06-06T10:47:42Z</time>
    <extensions>
     <gpxdata:hr>140</gpxdata:hr>
     <gpxdata:distance>8761.00</gpxdata:distance>
     <gpxdata:speed>7.558</gpxdata:speed>
    </extensions>
   </trkpt>
   <trkpt lat="51.0255487" lon="13.8399123">
    <ele>110</ele>
    <time>2026-06-06T10:47:43Z</time>
    <extensions>
     <gpxdata:hr>140</gpxdata:hr>
     <gpxdata:distance>8769.00</gpxdata:distance>
     <gpxdata:speed>7.672</gpxdata:speed>
    </extensions>
   </trkpt>
   <trkpt lat="51.0254810" lon="13.8399492">
    <ele>110</ele>
    <time>2026-06-06T10:47:44Z</time>
    <extensions>
     <gpxdata:hr>140</gpxdata:hr>
     <gpxdata:distance>8777.00</gpxdata:distance>
     <gpxdata:speed>7.806</gpxdata:speed>
    </extensions>
   </trkpt>
   <trkpt lat="51.0254128" lon="13.8399865">
    <ele>110</ele>
    <time>2026-06-06T10:47:45Z</time>
    <extensions>
     <gpxdata:hr>140</gpxdata:hr>
     <gpxdata:distance>8785.00</gpxdata:distance>
     <gpxdata:speed>7.881</gpxdata:speed>
    </extensions>
   </trkpt>
   <trkpt lat="51.0253452" lon="13.8400207">
    <ele>110</ele>
    <time>2026-06-06T10:47:46Z</time>
    <extensions>
     <gpxdata:hr>140</gpxdata:hr>
     <gpxdata:distance>8793.00</gpxdata:distance>
     <gpxdata:speed>7.922</gpxdata:speed>
    </extensions>
   </trkpt>
   <trkpt lat="51.0252783" lon="13.8400493">
    <ele>110</ele>
    <time>2026-06-06T10:47:47Z</time>
    <extensions>
     <gpxdata:hr>140</gpxdata:hr>
     <gpxdata:distance>8800.50</gpxdata:distance>
     <gpxdata:speed>7.886</gpxdata:speed>
    </extensions>
   </trkpt>
   <trkpt lat="51.0252113" lon="13.8400712">
    <ele>110</ele>
    <time>2026-06-06T10:47:48Z</time>
    <extensions>
     <gpxdata:hr>140</gpxdata:hr>
     <gpxdata:distance>8808.00</gpxdata:distance>
     <gpxdata:speed>7.808</gpxdata:speed>
    </extensions>
   </trkpt>
   <trkpt lat="51.0251433" lon="13.8400866">
    <ele>110</ele>
    <time>2026-06-06T10:47:49Z</time>
    <extensions>
     <gpxdata:hr>140</gpxdata:hr>
     <gpxdata:distance>8816.00</gpxdata:distance>
     <gpxdata:speed>7.731</gpxdata:speed>
    </extensions>
   </trkpt>
   <trkpt lat="51.0250740" lon="13.8400951">
    <ele>110</ele>
    <time>2026-06-06T10:47:50Z</time>
    <extensions>
     <gpxdata:hr>140</gpxdata:hr>
     <gpxdata:distance>8824.00</gpxdata:distance>
     <gpxdata:speed>7.717</gpxdata:speed>
    </extensions>
   </trkpt>
   <trkpt lat="51.0250036" lon="13.8401027">
    <ele>110</ele>
    <time>2026-06-06T10:47:51Z</time>
    <extensions>
     <gpxdata:hr>140</gpxdata:hr>
     <gpxdata:distance>8831.50</gpxdata:distance>
     <gpxdata:speed>7.747</gpxdata:speed>
    </extensions>
   </trkpt>
   <trkpt lat="51.0249327" lon="13.8401163">
    <ele>110</ele>
    <time>2026-06-06T10:47:52Z</time>
    <extensions>
     <gpxdata:hr>141</gpxdata:hr>
     <gpxdata:distance>8839.00</gpxdata:distance>
     <gpxdata:speed>7.794</gpxdata:speed>
    </extensions>
   </trkpt>
   <trkpt lat="51.0248621" lon="13.8401360">
    <ele>110</ele>
    <time>2026-06-06T10:47:53Z</time>
    <extensions>
     <gpxdata:hr>141</gpxdata:hr>
     <gpxdata:distance>8847.00</gpxdata:distance>
     <gpxdata:speed>7.861</gpxdata:speed>
    </extensions>
   </trkpt>
   <trkpt lat="51.0247924" lon="13.8401603">
    <ele>110</ele>
    <time>2026-06-06T10:47:54Z</time>
    <extensions>
     <gpxdata:hr>141</gpxdata:hr>
     <gpxdata:distance>8855.00</gpxdata:distance>
     <gpxdata:speed>7.897</gpxdata:speed>
    </extensions>
   </trkpt>
   <trkpt lat="51.0247239" lon="13.8401880">
    <ele>110</ele>
    <time>2026-06-06T10:47:55Z</time>
    <extensions>
     <gpxdata:hr>142</gpxdata:hr>
     <gpxdata:distance>8863.00</gpxdata:distance>
     <gpxdata:speed>7.906</gpxdata:speed>
    </extensions>
   </trkpt>
   <trkpt lat="51.0246577" lon="13.8402162">
    <ele>110</ele>
    <time>2026-06-06T10:47:56Z</time>
    <extensions>
     <gpxdata:hr>142</gpxdata:hr>
     <gpxdata:distance>8871.00</gpxdata:distance>
     <gpxdata:speed>7.881</gpxdata:speed>
    </extensions>
   </trkpt>
   <trkpt lat="51.0245946" lon="13.8402380">
    <ele>110</ele>
    <time>2026-06-06T10:47:57Z</time>
    <extensions>
     <gpxdata:hr>142</gpxdata:hr>
     <gpxdata:distance>8878.00</gpxdata:distance>
     <gpxdata:speed>7.772</gpxdata:speed>
    </extensions>
   </trkpt>
   <trkpt lat="51.0245368" lon="13.8402488">
    <ele>110</ele>
    <time>2026-06-06T10:47:58Z</time>
    <extensions>
     <gpxdata:hr>142</gpxdata:hr>
     <gpxdata:distance>8885.00</gpxdata:distance>
     <gpxdata:speed>7.281</gpxdata:speed>
    </extensions>
   </trkpt>
   <trkpt lat="51.0244843" lon="13.8402529">
    <ele>111</ele>
    <time>2026-06-06T10:47:59Z</time>
    <extensions>
     <gpxdata:hr>142</gpxdata:hr>
     <gpxdata:distance>8891.00</gpxdata:distance>
     <gpxdata:speed>6.622</gpxdata:speed>
    </extensions>
   </trkpt>
   <trkpt lat="51.0244340" lon="13.8402620">
    <ele>111</ele>
    <time>2026-06-06T10:48:00Z</time>
    <extensions>
     <gpxdata:hr>142</gpxdata:hr>
     <gpxdata:distance>8897.00</gpxdata:distance>
     <gpxdata:speed>6.033</gpxdata:speed>
    </extensions>
   </trkpt>
   <trkpt lat="51.0243972" lon="13.8402769">
    <ele>111</ele>
    <time>2026-06-06T10:48:01Z</time>
    <extensions>
     <gpxdata:hr>140</gpxdata:hr>
     <gpxdata:distance>8902.50</gpxdata:distance>
     <gpxdata:speed>5.889</gpxdata:speed>
    </extensions>
   </trkpt>
   <trkpt lat="51.0243315" lon="13.8403120">
    <ele>110</ele>
    <time>2026-06-06T10:48:02Z</time>
    <extensions>
     <gpxdata:hr>140</gpxdata:hr>
     <gpxdata:distance>8908.00</gpxdata:distance>
     <gpxdata:speed>6.078</gpxdata:speed>
    </extensions>
   </trkpt>
   <trkpt lat="51.0242741" lon="13.8403469">
    <ele>110</ele>
    <time>2026-06-06T10:48:03Z</time>
    <extensions>
     <gpxdata:hr>141</gpxdata:hr>
     <gpxdata:distance>8915.00</gpxdata:distance>
     <gpxdata:speed>6.392</gpxdata:speed>
    </extensions>
   </trkpt>
   <trkpt lat="51.0242167" lon="13.8403886">
    <ele>110</ele>
    <time>2026-06-06T10:48:04Z</time>
    <extensions>
     <gpxdata:hr>141</gpxdata:hr>
     <gpxdata:distance>8922.00</gpxdata:distance>
     <gpxdata:speed>6.508</gpxdata:speed>
    </extensions>
   </trkpt>
   <trkpt lat="51.0241590" lon="13.8404354">
    <ele>110</ele>
    <time>2026-06-06T10:48:05Z</time>
    <extensions>
     <gpxdata:hr>142</gpxdata:hr>
     <gpxdata:distance>8929.50</gpxdata:distance>
     <gpxdata:speed>6.675</gpxdata:speed>
    </extensions>
   </trkpt>
   <trkpt lat="51.0241002" lon="13.8404823">
    <ele>110</ele>
    <time>2026-06-06T10:48:06Z</time>
    <extensions>
     <gpxdata:hr>142</gpxdata:hr>
     <gpxdata:distance>8937.00</gpxdata:distance>
     <gpxdata:speed>6.844</gpxdata:speed>
    </extensions>
   </trkpt>
   <trkpt lat="51.0240399" lon="13.8405268">
    <ele>110</ele>
    <time>2026-06-06T10:48:07Z</time>
    <extensions>
     <gpxdata:hr>142</gpxdata:hr>
     <gpxdata:distance>8944.00</gpxdata:distance>
     <gpxdata:speed>6.989</gpxdata:speed>
    </extensions>
   </trkpt>
   <trkpt lat="51.0239778" lon="13.8405684">
    <ele>111</ele>
    <time>2026-06-06T10:48:08Z</time>
    <extensions>
     <gpxdata:hr>142</gpxdata:hr>
     <gpxdata:distance>8951.00</gpxdata:distance>
     <gpxdata:speed>7.122</gpxdata:speed>
    </extensions>
   </trkpt>
   <trkpt lat="51.0239137" lon="13.8406071">
    <ele>111</ele>
    <time>2026-06-06T10:48:09Z</time>
    <extensions>
     <gpxdata:hr>142</gpxdata:hr>
     <gpxdata:distance>8959.00</gpxdata:distance>
     <gpxdata:speed>7.406</gpxdata:speed>
    </extensions>
   </trkpt>
   <trkpt lat="51.0238484" lon="13.8406429">
    <ele>111</ele>
    <time>2026-06-06T10:48:10Z</time>
    <extensions>
     <gpxdata:hr>142</gpxdata:hr>
     <gpxdata:distance>8967.00</gpxdata:distance>
     <gpxdata:speed>7.575</gpxdata:speed>
    </extensions>
   </trkpt>
   <trkpt lat="51.0237833" lon="13.8406770">
    <ele>111</ele>
    <time>2026-06-06T10:48:11Z</time>
    <extensions>
     <gpxdata:hr>142</gpxdata:hr>
     <gpxdata:distance>8974.50</gpxdata:distance>
     <gpxdata:speed>7.644</gpxdata:speed>
    </extensions>
   </trkpt>
   <trkpt lat="51.0237191" lon="13.8407109">
    <ele>111</ele>
    <time>2026-06-06T10:48:12Z</time>
    <extensions>
     <gpxdata:hr>142</gpxdata:hr>
     <gpxdata:distance>8982.00</gpxdata:distance>
     <gpxdata:speed>7.631</gpxdata:speed>
    </extensions>
   </trkpt>
   <trkpt lat="51.0236554" lon="13.8407423">
    <ele>111</ele>
    <time>2026-06-06T10:48:13Z</time>
    <extensions>
     <gpxdata:hr>142</gpxdata:hr>
     <gpxdata:distance>8989.50</gpxdata:distance>
     <gpxdata:speed>7.522</gpxdata:speed>
    </extensions>
   </trkpt>
   <trkpt lat="51.0235910" lon="13.8407697">
    <ele>111</ele>
    <time>2026-06-06T10:48:14Z</time>
    <extensions>
     <gpxdata:hr>141</gpxdata:hr>
     <gpxdata:distance>8997.00</gpxdata:distance>
     <gpxdata:speed>7.442</gpxdata:speed>
    </extensions>
   </trkpt>
   <trkpt lat="51.0235273" lon="13.8407977">
    <ele>111</ele>
    <time>2026-06-06T10:48:15Z</time>
    <extensions>
     <gpxdata:hr>141</gpxdata:hr>
     <gpxdata:distance>9004.00</gpxdata:distance>
     <gpxdata:speed>7.450</gpxdata:speed>
    </extensions>
   </trkpt>
   <trkpt lat="51.0234659" lon="13.8408327">
    <ele>111</ele>
    <time>2026-06-06T10:48:16Z</time>
    <extensions>
     <gpxdata:hr>141</gpxdata:hr>
     <gpxdata:distance>9011.00</gpxdata:distance>
     <gpxdata:speed>7.417</gpxdata:speed>
    </extensions>
   </trkpt>
   <trkpt lat="51.0234072" lon="13.8408760">
    <ele>111</ele>
    <time>2026-06-06T10:48:17Z</time>
    <extensions>
     <gpxdata:hr>139</gpxdata:hr>
     <gpxdata:distance>9018.50</gpxdata:distance>
     <gpxdata:speed>7.369</gpxdata:speed>
    </extensions>
   </trkpt>
   <trkpt lat="51.0233495" lon="13.8409241">
    <ele>111</ele>
    <time>2026-06-06T10:48:18Z</time>
    <extensions>
     <gpxdata:hr>139</gpxdata:hr>
     <gpxdata:distance>9026.00</gpxdata:distance>
     <gpxdata:speed>7.322</gpxdata:speed>
    </extensions>
   </trkpt>
   <trkpt lat="51.0232904" lon="13.8409740">
    <ele>111</ele>
    <time>2026-06-06T10:48:19Z</time>
    <extensions>
     <gpxdata:hr>139</gpxdata:hr>
     <gpxdata:distance>9033.50</gpxdata:distance>
     <gpxdata:speed>7.306</gpxdata:speed>
    </extensions>
   </trkpt>
   <trkpt lat="51.0232294" lon="13.8410228">
    <ele>111</ele>
    <time>2026-06-06T10:48:20Z</time>
    <extensions>
     <gpxdata:hr>139</gpxdata:hr>
     <gpxdata:distance>9041.00</gpxdata:distance>
     <gpxdata:speed>7.372</gpxdata:speed>
    </extensions>
   </trkpt>
   <trkpt lat="51.0231671" lon="13.8410698">
    <ele>111</ele>
    <time>2026-06-06T10:48:21Z</time>
    <extensions>
     <gpxdata:hr>139</gpxdata:hr>
     <gpxdata:distance>9048.50</gpxdata:distance>
     <gpxdata:speed>7.450</gpxdata:speed>
    </extensions>
   </trkpt>
   <trkpt lat="51.0231039" lon="13.8411149">
    <ele>111</ele>
    <time>2026-06-06T10:48:22Z</time>
    <extensions>
     <gpxdata:hr>138</gpxdata:hr>
     <gpxdata:distance>9056.00</gpxdata:distance>
     <gpxdata:speed>7.525</gpxdata:speed>
    </extensions>
   </trkpt>
   <trkpt lat="51.0230407" lon="13.8411584">
    <ele>111</ele>
    <time>2026-06-06T10:48:23Z</time>
    <extensions>
     <gpxdata:hr>139</gpxdata:hr>
     <gpxdata:distance>9063.50</gpxdata:distance>
     <gpxdata:speed>7.583</gpxdata:speed>
    </extensions>
   </trkpt>
   <trkpt lat="51.0229774" lon="13.8412006">
    <ele>111</ele>
    <time>2026-06-06T10:48:24Z</time>
    <extensions>
     <gpxdata:hr>139</gpxdata:hr>
     <gpxdata:distance>9071.00</gpxdata:distance>
     <gpxdata:speed>7.608</gpxdata:speed>
    </extensions>
   </trkpt>
   <trkpt lat="51.0229138" lon="13.8412431">
    <ele>111</ele>
    <time>2026-06-06T10:48:25Z</time>
    <extensions>
     <gpxdata:hr>139</gpxdata:hr>
     <gpxdata:distance>9079.00</gpxdata:distance>
     <gpxdata:speed>7.617</gpxdata:speed>
    </extensions>
   </trkpt>
   <trkpt lat="51.0228495" lon="13.8412852">
    <ele>111</ele>
    <time>2026-06-06T10:48:26Z</time>
    <extensions>
     <gpxdata:hr>139</gpxdata:hr>
     <gpxdata:distance>9087.00</gpxdata:distance>
     <gpxdata:speed>7.647</gpxdata:speed>
    </extensions>
   </trkpt>
   <trkpt lat="51.0227847" lon="13.8413266">
    <ele>111</ele>
    <time>2026-06-06T10:48:27Z</time>
    <extensions>
     <gpxdata:hr>139</gpxdata:hr>
     <gpxdata:distance>9094.50</gpxdata:distance>
     <gpxdata:speed>7.686</gpxdata:speed>
    </extensions>
   </trkpt>
   <trkpt lat="51.0227201" lon="13.8413679">
    <ele>111</ele>
    <time>2026-06-06T10:48:28Z</time>
    <extensions>
     <gpxdata:hr>139</gpxdata:hr>
     <gpxdata:distance>9102.00</gpxdata:distance>
     <gpxdata:speed>7.722</gpxdata:speed>
    </extensions>
   </trkpt>
   <trkpt lat="51.0226575" lon="13.8414093">
    <ele>111</ele>
    <time>2026-06-06T10:48:29Z</time>
    <extensions>
     <gpxdata:hr>138</gpxdata:hr>
     <gpxdata:distance>9109.50</gpxdata:distance>
     <gpxdata:speed>7.731</gpxdata:speed>
    </extensions>
   </trkpt>
   <trkpt lat="51.0225975" lon="13.8414507">
    <ele>111</ele>
    <time>2026-06-06T10:48:30Z</time>
    <extensions>
     <gpxdata:hr>137</gpxdata:hr>
     <gpxdata:distance>9117.00</gpxdata:distance>
     <gpxdata:speed>7.656</gpxdata:speed>
    </extensions>
   </trkpt>
   <trkpt lat="51.0225401" lon="13.8414917">
    <ele>111</ele>
    <time>2026-06-06T10:48:31Z</time>
    <extensions>
     <gpxdata:hr>137</gpxdata:hr>
     <gpxdata:distance>9124.00</gpxdata:distance>
     <gpxdata:speed>7.508</gpxdata:speed>
    </extensions>
   </trkpt>
   <trkpt lat="51.0224843" lon="13.8415328">
    <ele>111</ele>
    <time>2026-06-06T10:48:32Z</time>
    <extensions>
     <gpxdata:hr>136</gpxdata:hr>
     <gpxdata:distance>9131.00</gpxdata:distance>
     <gpxdata:speed>7.322</gpxdata:speed>
    </extensions>
   </trkpt>
   <trkpt lat="51.0224275" lon="13.8415759">
    <ele>111</ele>
    <time>2026-06-06T10:48:33Z</time>
    <extensions>
     <gpxdata:hr>136</gpxdata:hr>
     <gpxdata:distance>9138.00</gpxdata:distance>
     <gpxdata:speed>7.150</gpxdata:speed>
    </extensions>
   </trkpt>
   <trkpt lat="51.0223688" lon="13.8416222">
    <ele>111</ele>
    <time>2026-06-06T10:48:34Z</time>
    <extensions>
     <gpxdata:hr>135</gpxdata:hr>
     <gpxdata:distance>9145.00</gpxdata:distance>
     <gpxdata:speed>7.136</gpxdata:speed>
    </extensions>
   </trkpt>
   <trkpt lat="51.0223095" lon="13.8416740">
    <ele>110</ele>
    <time>2026-06-06T10:48:35Z</time>
    <extensions>
     <gpxdata:hr>134</gpxdata:hr>
     <gpxdata:distance>9153.00</gpxdata:distance>
     <gpxdata:speed>7.214</gpxdata:speed>
    </extensions>
   </trkpt>
   <trkpt lat="51.0222494" lon="13.8417285">
    <ele>110</ele>
    <time>2026-06-06T10:48:36Z</time>
    <extensions>
     <gpxdata:hr>135</gpxdata:hr>
     <gpxdata:distance>9161.00</gpxdata:distance>
     <gpxdata:speed>7.331</gpxdata:speed>
    </extensions>
   </trkpt>
   <trkpt lat="51.0221873" lon="13.8417827">
    <ele>110</ele>
    <time>2026-06-06T10:48:37Z</time>
    <extensions>
     <gpxdata:hr>135</gpxdata:hr>
     <gpxdata:distance>9168.50</gpxdata:distance>
     <gpxdata:speed>7.453</gpxdata:speed>
    </extensions>
   </trkpt>
   <trkpt lat="51.0221236" lon="13.8418370">
    <ele>110</ele>
    <time>2026-06-06T10:48:38Z</time>
    <extensions>
     <gpxdata:hr>136</gpxdata:hr>
     <gpxdata:distance>9176.00</gpxdata:distance>
     <gpxdata:speed>7.600</gpxdata:speed>
    </extensions>
   </trkpt>
   <trkpt lat="51.0220590" lon="13.8418920">
    <ele>110</ele>
    <time>2026-06-06T10:48:39Z</time>
    <extensions>
     <gpxdata:hr>137</gpxdata:hr>
     <gpxdata:distance>9184.50</gpxdata:distance>
     <gpxdata:speed>7.750</gpxdata:speed>
    </extensions>
   </trkpt>
   <trkpt lat="51.0219948" lon="13.8419464">
    <ele>110</ele>
    <time>2026-06-06T10:48:40Z</time>
    <extensions>
     <gpxdata:hr>138</gpxdata:hr>
     <gpxdata:distance>9193.00</gpxdata:distance>
     <gpxdata:speed>7.892</gpxdata:speed>
    </extensions>
   </trkpt>
   <trkpt lat="51.0219311" lon="13.8420003">
    <ele>110</ele>
    <time>2026-06-06T10:48:41Z</time>
    <extensions>
     <gpxdata:hr>139</gpxdata:hr>
     <gpxdata:distance>9201.00</gpxdata:distance>
     <gpxdata:speed>7.956</gpxdata:speed>
    </extensions>
   </trkpt>
   <trkpt lat="51.0218684" lon="13.8420539">
    <ele>110</ele>
    <time>2026-06-06T10:48:42Z</time>
    <extensions>
     <gpxdata:hr>140</gpxdata:hr>
     <gpxdata:distance>9209.00</gpxdata:distance>
     <gpxdata:speed>8.006</gpxdata:speed>
    </extensions>
   </trkpt>
   <trkpt lat="51.0218063" lon="13.8421075">
    <ele>110</ele>
    <time>2026-06-06T10:48:43Z</time>
    <extensions>
     <gpxdata:hr>140</gpxdata:hr>
     <gpxdata:distance>9216.50</gpxdata:distance>
     <gpxdata:speed>7.939</gpxdata:speed>
    </extensions>
   </trkpt>
   <trkpt lat="51.0217459" lon="13.8421593">
    <ele>110</ele>
    <time>2026-06-06T10:48:44Z</time>
    <extensions>
     <gpxdata:hr>141</gpxdata:hr>
     <gpxdata:distance>9224.00</gpxdata:distance>
     <gpxdata:speed>7.906</gpxdata:speed>
    </extensions>
   </trkpt>
   <trkpt lat="51.0216890" lon="13.8422068">
    <ele>110</ele>
    <time>2026-06-06T10:48:45Z</time>
    <extensions>
     <gpxdata:hr>141</gpxdata:hr>
     <gpxdata:distance>9231.00</gpxdata:distance>
     <gpxdata:speed>7.772</gpxdata:speed>
    </extensions>
   </trkpt>
   <trkpt lat="51.0216386" lon="13.8422474">
    <ele>110</ele>
    <time>2026-06-06T10:48:46Z</time>
    <extensions>
     <gpxdata:hr>141</gpxdata:hr>
     <gpxdata:distance>9238.00</gpxdata:distance>
     <gpxdata:speed>7.233</gpxdata:speed>
    </extensions>
   </trkpt>
   <trkpt lat="51.0215949" lon="13.8422810">
    <ele>110</ele>
    <time>2026-06-06T10:48:47Z</time>
    <extensions>
     <gpxdata:hr>141</gpxdata:hr>
     <gpxdata:distance>9243.50</gpxdata:distance>
     <gpxdata:speed>6.431</gpxdata:speed>
    </extensions>
   </trkpt>
   <trkpt lat="51.0215660" lon="13.8423031">
    <ele>110</ele>
    <time>2026-06-06T10:48:48Z</time>
    <extensions>
     <gpxdata:hr>141</gpxdata:hr>
     <gpxdata:distance>9249.00</gpxdata:distance>
     <gpxdata:speed>5.606</gpxdata:speed>
    </extensions>
   </trkpt>
   <trkpt lat="51.0215305" lon="13.8423312">
    <ele>110</ele>
    <time>2026-06-06T10:48:49Z</time>
    <extensions>
     <gpxdata:hr>140</gpxdata:hr>
     <gpxdata:distance>9253.50</gpxdata:distance>
     <gpxdata:speed>5.222</gpxdata:speed>
    </extensions>
   </trkpt>
   <trkpt lat="51.0214930" lon="13.8423629">
    <ele>110</ele>
    <time>2026-06-06T10:48:50Z</time>
    <extensions>
     <gpxdata:hr>139</gpxdata:hr>
     <gpxdata:distance>9258.00</gpxdata:distance>
     <gpxdata:speed>5.028</gpxdata:speed>
    </extensions>
   </trkpt>
   <trkpt lat="51.0214533" lon="13.8423961">
    <ele>110</ele>
    <time>2026-06-06T10:48:51Z</time>
    <extensions>
     <gpxdata:hr>137</gpxdata:hr>
     <gpxdata:distance>9263.50</gpxdata:distance>
     <gpxdata:speed>5.011</gpxdata:speed>
    </extensions>
   </trkpt>
   <trkpt lat="51.0214103" lon="13.8424299">
    <ele>110</ele>
    <time>2026-06-06T10:48:52Z</time>
    <extensions>
     <gpxdata:hr>136</gpxdata:hr>
     <gpxdata:distance>9269.00</gpxdata:distance>
     <gpxdata:speed>5.183</gpxdata:speed>
    </extensions>
   </trkpt>
   <trkpt lat="51.0213637" lon="13.8424669">
    <ele>110</ele>
    <time>2026-06-06T10:48:53Z</time>
    <extensions>
     <gpxdata:hr>134</gpxdata:hr>
     <gpxdata:distance>9275.00</gpxdata:distance>
     <gpxdata:speed>5.428</gpxdata:speed>
    </extensions>
   </trkpt>
   <trkpt lat="51.0213148" lon="13.8425083">
    <ele>110</ele>
    <time>2026-06-06T10:48:54Z</time>
    <extensions>
     <gpxdata:hr>134</gpxdata:hr>
     <gpxdata:distance>9281.00</gpxdata:distance>
     <gpxdata:speed>5.850</gpxdata:speed>
    </extensions>
   </trkpt>
   <trkpt lat="51.0212462" lon="13.8425690">
    <ele>110</ele>
    <time>2026-06-06T10:48:55Z</time>
    <extensions>
     <gpxdata:hr>134</gpxdata:hr>
     <gpxdata:distance>9287.50</gpxdata:distance>
     <gpxdata:speed>6.014</gpxdata:speed>
    </extensions>
   </trkpt>
   <trkpt lat="51.0211890" lon="13.8426177">
    <ele>110</ele>
    <time>2026-06-06T10:48:56Z</time>
    <extensions>
     <gpxdata:hr>135</gpxdata:hr>
     <gpxdata:distance>9294.00</gpxdata:distance>
     <gpxdata:speed>6.261</gpxdata:speed>
    </extensions>
   </trkpt>
   <trkpt lat="51.0211314" lon="13.8426652">
    <ele>110</ele>
    <time>2026-06-06T10:48:57Z</time>
    <extensions>
     <gpxdata:hr>135</gpxdata:hr>
     <gpxdata:distance>9301.50</gpxdata:distance>
     <gpxdata:speed>6.803</gpxdata:speed>
    </extensions>
   </trkpt>
   <trkpt lat="51.0210720" lon="13.8427111">
    <ele>110</ele>
    <time>2026-06-06T10:48:58Z</time>
    <extensions>
     <gpxdata:hr>135</gpxdata:hr>
     <gpxdata:distance>9309.00</gpxdata:distance>
     <gpxdata:speed>7.058</gpxdata:speed>
    </extensions>
   </trkpt>
   <trkpt lat="51.0210104" lon="13.8427538">
    <ele>110</ele>
    <time>2026-06-06T10:48:59Z</time>
    <extensions>
     <gpxdata:hr>135</gpxdata:hr>
     <gpxdata:distance>9316.50</gpxdata:distance>
     <gpxdata:speed>7.236</gpxdata:speed>
    </extensions>
   </trkpt>
   <trkpt lat="51.0209476" lon="13.8427937">
    <ele>110</ele>
    <time>2026-06-06T10:49:00Z</time>
    <extensions>
     <gpxdata:hr>134</gpxdata:hr>
     <gpxdata:distance>9324.00</gpxdata:distance>
     <gpxdata:speed>7.383</gpxdata:speed>
    </extensions>
   </trkpt>
   <trkpt lat="51.0208846" lon="13.8428345">
    <ele>110</ele>
    <time>2026-06-06T10:49:01Z</time>
    <extensions>
     <gpxdata:hr>134</gpxdata:hr>
     <gpxdata:distance>9331.50</gpxdata:distance>
     <gpxdata:speed>7.456</gpxdata:speed>
    </extensions>
   </trkpt>
   <trkpt lat="51.0208222" lon="13.8428773">
    <ele>110</ele>
    <time>2026-06-06T10:49:02Z</time>
    <extensions>
     <gpxdata:hr>134</gpxdata:hr>
     <gpxdata:distance>9339.00</gpxdata:distance>
     <gpxdata:speed>7.519</gpxdata:speed>
    </extensions>
   </trkpt>
   <trkpt lat="51.0207605" lon="13.8429219">
    <ele>110</ele>
    <time>2026-06-06T10:49:03Z</time>
    <extensions>
     <gpxdata:hr>134</gpxdata:hr>
     <gpxdata:distance>9346.50</gpxdata:distance>
     <gpxdata:speed>7.536</gpxdata:speed>
    </extensions>
   </trkpt>
   <trkpt lat="51.0206995" lon="13.8429682">
    <ele>110</ele>
    <time>2026-06-06T10:49:04Z</time>
    <extensions>
     <gpxdata:hr>135</gpxdata:hr>
     <gpxdata:distance>9354.00</gpxdata:distance>
     <gpxdata:speed>7.531</gpxdata:speed>
    </extensions>
   </trkpt>
   <trkpt lat="51.0206398" lon="13.8430154">
    <ele>110</ele>
    <time>2026-06-06T10:49:05Z</time>
    <extensions>
     <gpxdata:hr>135</gpxdata:hr>
     <gpxdata:distance>9361.50</gpxdata:distance>
     <gpxdata:speed>7.547</gpxdata:speed>
    </extensions>
   </trkpt>
   <trkpt lat="51.0205819" lon="13.8430634">
    <ele>110</ele>
    <time>2026-06-06T10:49:06Z</time>
    <extensions>
     <gpxdata:hr>135</gpxdata:hr>
     <gpxdata:distance>9369.00</gpxdata:distance>
     <gpxdata:speed>7.506</gpxdata:speed>
    </extensions>
   </trkpt>
   <trkpt lat="51.0205265" lon="13.8431112">
    <ele>110</ele>
    <time>2026-06-06T10:49:07Z</time>
    <extensions>
     <gpxdata:hr>136</gpxdata:hr>
     <gpxdata:distance>9376.00</gpxdata:distance>
     <gpxdata:speed>7.419</gpxdata:speed>
    </extensions>
   </trkpt>
   <trkpt lat="51.0204729" lon="13.8431555">
    <ele>110</ele>
    <time>2026-06-06T10:49:08Z</time>
    <extensions>
     <gpxdata:hr>136</gpxdata:hr>
     <gpxdata:distance>9383.00</gpxdata:distance>
     <gpxdata:speed>7.267</gpxdata:speed>
    </extensions>
   </trkpt>
   <trkpt lat="51.0204228" lon="13.8431956">
    <ele>110</ele>
    <time>2026-06-06T10:49:09Z</time>
    <extensions>
     <gpxdata:hr>135</gpxdata:hr>
     <gpxdata:distance>9389.00</gpxdata:distance>
     <gpxdata:speed>7.067</gpxdata:speed>
    </extensions>
   </trkpt>
   <trkpt lat="51.0203797" lon="13.8432316">
    <ele>110</ele>
    <time>2026-06-06T10:49:10Z</time>
    <extensions>
     <gpxdata:hr>135</gpxdata:hr>
     <gpxdata:distance>9395.00</gpxdata:distance>
     <gpxdata:speed>6.386</gpxdata:speed>
    </extensions>
   </trkpt>
   <trkpt lat="51.0203554" lon="13.8432525">
    <ele>110</ele>
    <time>2026-06-06T10:49:11Z</time>
    <extensions>
     <gpxdata:hr>135</gpxdata:hr>
     <gpxdata:distance>9399.00</gpxdata:distance>
     <gpxdata:speed>5.592</gpxdata:speed>
    </extensions>
   </trkpt>
   <trkpt lat="51.0203295" lon="13.8432689">
    <ele>110</ele>
    <time>2026-06-06T10:49:12Z</time>
    <extensions>
     <gpxdata:hr>133</gpxdata:hr>
     <gpxdata:distance>9403.00</gpxdata:distance>
     <gpxdata:speed>4.522</gpxdata:speed>
    </extensions>
   </trkpt>
   <trkpt lat="51.0203061" lon="13.8432686">
    <ele>110</ele>
    <time>2026-06-06T10:49:13Z</time>
    <extensions>
     <gpxdata:hr>131</gpxdata:hr>
     <gpxdata:distance>9405.50</gpxdata:distance>
     <gpxdata:speed>4.261</gpxdata:speed>
    </extensions>
   </trkpt>
   <trkpt lat="51.0202873" lon="13.8432491">
    <ele>110</ele>
    <time>2026-06-06T10:49:14Z</time>
    <extensions>
     <gpxdata:hr>130</gpxdata:hr>
     <gpxdata:distance>9408.00</gpxdata:distance>
     <gpxdata:speed>3.847</gpxdata:speed>
    </extensions>
   </trkpt>
   <trkpt lat="51.0202718" lon="13.8432142">
    <ele>110</ele>
    <time>2026-06-06T10:49:15Z</time>
    <extensions>
     <gpxdata:hr>130</gpxdata:hr>
     <gpxdata:distance>9411.50</gpxdata:distance>
     <gpxdata:speed>3.192</gpxdata:speed>
    </extensions>
   </trkpt>
   <trkpt lat="51.0202545" lon="13.8431647">
    <ele>110</ele>
    <time>2026-06-06T10:49:16Z</time>
    <extensions>
     <gpxdata:hr>130</gpxdata:hr>
     <gpxdata:distance>9415.00</gpxdata:distance>
     <gpxdata:speed>3.361</gpxdata:speed>
    </extensions>
   </trkpt>
   <trkpt lat="51.0202341" lon="13.8431038">
    <ele>110</ele>
    <time>2026-06-06T10:49:17Z</time>
    <extensions>
     <gpxdata:hr>130</gpxdata:hr>
     <gpxdata:distance>9420.00</gpxdata:distance>
     <gpxdata:speed>3.192</gpxdata:speed>
    </extensions>
   </trkpt>
   <trkpt lat="51.0202128" lon="13.8430333">
    <ele>110</ele>
    <time>2026-06-06T10:49:18Z</time>
    <extensions>
     <gpxdata:hr>130</gpxdata:hr>
     <gpxdata:distance>9425.00</gpxdata:distance>
     <gpxdata:speed>4.828</gpxdata:speed>
    </extensions>
   </trkpt>
   <trkpt lat="51.0201899" lon="13.8429594">
    <ele>110</ele>
    <time>2026-06-06T10:49:19Z</time>
    <extensions>
     <gpxdata:hr>131</gpxdata:hr>
     <gpxdata:distance>9431.00</gpxdata:distance>
     <gpxdata:speed>5.392</gpxdata:speed>
    </extensions>
   </trkpt>
   <trkpt lat="51.0201654" lon="13.8428853">
    <ele>110</ele>
    <time>2026-06-06T10:49:20Z</time>
    <extensions>
     <gpxdata:hr>132</gpxdata:hr>
     <gpxdata:distance>9437.00</gpxdata:distance>
     <gpxdata:speed>5.531</gpxdata:speed>
    </extensions>
   </trkpt>
   <trkpt lat="51.0201393" lon="13.8428113">
    <ele>110</ele>
    <time>2026-06-06T10:49:21Z</time>
    <extensions>
     <gpxdata:hr>134</gpxdata:hr>
     <gpxdata:distance>9443.00</gpxdata:distance>
     <gpxdata:speed>5.708</gpxdata:speed>
    </extensions>
   </trkpt>
   <trkpt lat="51.0201123" lon="13.8427370">
    <ele>110</ele>
    <time>2026-06-06T10:49:22Z</time>
    <extensions>
     <gpxdata:hr>135</gpxdata:hr>
     <gpxdata:distance>9449.00</gpxdata:distance>
     <gpxdata:speed>5.853</gpxdata:speed>
    </extensions>
   </trkpt>
   <trkpt lat="51.0200840" lon="13.8426623">
    <ele>110</ele>
    <time>2026-06-06T10:49:23Z</time>
    <extensions>
     <gpxdata:hr>135</gpxdata:hr>
     <gpxdata:distance>9455.00</gpxdata:distance>
     <gpxdata:speed>5.972</gpxdata:speed>
    </extensions>
   </trkpt>
   <trkpt lat="51.0200461" lon="13.8425621">
    <ele>110</ele>
    <time>2026-06-06T10:49:24Z</time>
    <extensions>
     <gpxdata:hr>136</gpxdata:hr>
     <gpxdata:distance>9461.00</gpxdata:distance>
     <gpxdata:speed>6.092</gpxdata:speed>
    </extensions>
   </trkpt>
   <trkpt lat="51.0200167" lon="13.8424841">
    <ele>111</ele>
    <time>2026-06-06T10:49:25Z</time>
    <extensions>
     <gpxdata:hr>138</gpxdata:hr>
     <gpxdata:distance>9467.00</gpxdata:distance>
     <gpxdata:speed>6.117</gpxdata:speed>
    </extensions>
   </trkpt>
   <trkpt lat="51.0199882" lon="13.8424089">
    <ele>111</ele>
    <time>2026-06-06T10:49:26Z</time>
    <extensions>
     <gpxdata:hr>139</gpxdata:hr>
     <gpxdata:distance>9473.00</gpxdata:distance>
     <gpxdata:speed>6.092</gpxdata:speed>
    </extensions>
   </trkpt>
   <trkpt lat="51.0199591" lon="13.8423345">
    <ele>111</ele>
    <time>2026-06-06T10:49:27Z</time>
    <extensions>
     <gpxdata:hr>139</gpxdata:hr>
     <gpxdata:distance>9479.50</gpxdata:distance>
     <gpxdata:speed>6.106</gpxdata:speed>
    </extensions>
   </trkpt>
   <trkpt lat="51.0199301" lon="13.8422595">
    <ele>111</ele>
    <time>2026-06-06T10:49:28Z</time>
    <extensions>
     <gpxdata:hr>140</gpxdata:hr>
     <gpxdata:distance>9486.00</gpxdata:distance>
     <gpxdata:speed>6.133</gpxdata:speed>
    </extensions>
   </trkpt>
   <trkpt lat="51.0199014" lon="13.8421833">
    <ele>111</ele>
    <time>2026-06-06T10:49:29Z</time>
    <extensions>
     <gpxdata:hr>140</gpxdata:hr>
     <gpxdata:distance>9492.00</gpxdata:distance>
     <gpxdata:speed>6.161</gpxdata:speed>
    </extensions>
   </trkpt>
   <trkpt lat="51.0198735" lon="13.8421075">
    <ele>111</ele>
    <time>2026-06-06T10:49:30Z</time>
    <extensions>
     <gpxdata:hr>141</gpxdata:hr>
     <gpxdata:distance>9498.00</gpxdata:distance>
     <gpxdata:speed>6.211</gpxdata:speed>
    </extensions>
   </trkpt>
   <trkpt lat="51.0198464" lon="13.8420344">
    <ele>112</ele>
    <time>2026-06-06T10:49:31Z</time>
    <extensions>
     <gpxdata:hr>141</gpxdata:hr>
     <gpxdata:distance>9504.00</gpxdata:distance>
     <gpxdata:speed>6.153</gpxdata:speed>
    </extensions>
   </trkpt>
   <trkpt lat="51.0198198" lon="13.8419653">
    <ele>112</ele>
    <time>2026-06-06T10:49:32Z</time>
    <extensions>
     <gpxdata:hr>142</gpxdata:hr>
     <gpxdata:distance>9510.00</gpxdata:distance>
     <gpxdata:speed>6.039</gpxdata:speed>
    </extensions>
   </trkpt>
   <trkpt lat="51.0198000" lon="13.8419200">
    <ele>112</ele>
    <time>2026-06-06T10:49:33Z</time>
    <extensions>
     <gpxdata:hr>141</gpxdata:hr>
     <gpxdata:distance>9515.50</gpxdata:distance>
     <gpxdata:speed>5.889</gpxdata:speed>
    </extensions>
   </trkpt>
   <trkpt lat="51.0197722" lon="13.8418720">
    <ele>112</ele>
    <time>2026-06-06T10:49:34Z</time>
    <extensions>
     <gpxdata:hr>141</gpxdata:hr>
     <gpxdata:distance>9521.00</gpxdata:distance>
     <gpxdata:speed>5.450</gpxdata:speed>
    </extensions>
   </trkpt>
   <trkpt lat="51.0197383" lon="13.8418394">
    <ele>112</ele>
    <time>2026-06-06T10:49:35Z</time>
    <extensions>
     <gpxdata:hr>140</gpxdata:hr>
     <gpxdata:distance>9525.00</gpxdata:distance>
     <gpxdata:speed>5.078</gpxdata:speed>
    </extensions>
   </trkpt>
   <trkpt lat="51.0196996" lon="13.8418337">
    <ele>112</ele>
    <time>2026-06-06T10:49:36Z</time>
    <extensions>
     <gpxdata:hr>139</gpxdata:hr>
     <gpxdata:distance>9529.00</gpxdata:distance>
     <gpxdata:speed>4.811</gpxdata:speed>
    </extensions>
   </trkpt>
   <trkpt lat="51.0196583" lon="13.8418495">
    <ele>112</ele>
    <time>2026-06-06T10:49:37Z</time>
    <extensions>
     <gpxdata:hr>139</gpxdata:hr>
     <gpxdata:distance>9534.00</gpxdata:distance>
     <gpxdata:speed>4.964</gpxdata:speed>
    </extensions>
   </trkpt>
   <trkpt lat="51.0196145" lon="13.8418749">
    <ele>112</ele>
    <time>2026-06-06T10:49:38Z</time>
    <extensions>
     <gpxdata:hr>138</gpxdata:hr>
     <gpxdata:distance>9539.00</gpxdata:distance>
     <gpxdata:speed>5.111</gpxdata:speed>
    </extensions>
   </trkpt>
   <trkpt lat="51.0195669" lon="13.8419012">
    <ele>113</ele>
    <time>2026-06-06T10:49:39Z</time>
    <extensions>
     <gpxdata:hr>138</gpxdata:hr>
     <gpxdata:distance>9545.00</gpxdata:distance>
     <gpxdata:speed>5.294</gpxdata:speed>
    </extensions>
   </trkpt>
   <trkpt lat="51.0195158" lon="13.8419240">
    <ele>113</ele>
    <time>2026-06-06T10:49:40Z</time>
    <extensions>
     <gpxdata:hr>138</gpxdata:hr>
     <gpxdata:distance>9551.00</gpxdata:distance>
     <gpxdata:speed>5.594</gpxdata:speed>
    </extensions>
   </trkpt>
   <trkpt lat="51.0194624" lon="13.8419445">
    <ele>113</ele>
    <time>2026-06-06T10:49:41Z</time>
    <extensions>
     <gpxdata:hr>138</gpxdata:hr>
     <gpxdata:distance>9557.00</gpxdata:distance>
     <gpxdata:speed>5.772</gpxdata:speed>
    </extensions>
   </trkpt>
   <trkpt lat="51.0194079" lon="13.8419663">
    <ele>113</ele>
    <time>2026-06-06T10:49:42Z</time>
    <extensions>
     <gpxdata:hr>139</gpxdata:hr>
     <gpxdata:distance>9563.00</gpxdata:distance>
     <gpxdata:speed>5.922</gpxdata:speed>
    </extensions>
   </trkpt>
   <trkpt lat="51.0193339" lon="13.8420015">
    <ele>113</ele>
    <time>2026-06-06T10:49:43Z</time>
    <extensions>
     <gpxdata:hr>140</gpxdata:hr>
     <gpxdata:distance>9569.50</gpxdata:distance>
     <gpxdata:speed>6.183</gpxdata:speed>
    </extensions>
   </trkpt>
   <trkpt lat="51.0192758" lon="13.8420361">
    <ele>113</ele>
    <time>2026-06-06T10:49:44Z</time>
    <extensions>
     <gpxdata:hr>140</gpxdata:hr>
     <gpxdata:distance>9576.00</gpxdata:distance>
     <gpxdata:speed>6.428</gpxdata:speed>
    </extensions>
   </trkpt>
   <trkpt lat="51.0192200" lon="13.8420759">
    <ele>114</ele>
    <time>2026-06-06T10:49:45Z</time>
    <extensions>
     <gpxdata:hr>141</gpxdata:hr>
     <gpxdata:distance>9583.00</gpxdata:distance>
     <gpxdata:speed>6.592</gpxdata:speed>
    </extensions>
   </trkpt>
   <trkpt lat="51.0191657" lon="13.8421197">
    <ele>114</ele>
    <time>2026-06-06T10:49:46Z</time>
    <extensions>
     <gpxdata:hr>142</gpxdata:hr>
     <gpxdata:distance>9590.00</gpxdata:distance>
     <gpxdata:speed>6.717</gpxdata:speed>
    </extensions>
   </trkpt>
   <trkpt lat="51.0191133" lon="13.8421645">
    <ele>114</ele>
    <time>2026-06-06T10:49:47Z</time>
    <extensions>
     <gpxdata:hr>142</gpxdata:hr>
     <gpxdata:distance>9596.50</gpxdata:distance>
     <gpxdata:speed>6.711</gpxdata:speed>
    </extensions>
   </trkpt>
   <trkpt lat="51.0190624" lon="13.8422109">
    <ele>114</ele>
    <time>2026-06-06T10:49:48Z</time>
    <extensions>
     <gpxdata:hr>142</gpxdata:hr>
     <gpxdata:distance>9603.00</gpxdata:distance>
     <gpxdata:speed>6.578</gpxdata:speed>
    </extensions>
   </trkpt>
   <trkpt lat="51.0190124" lon="13.8422626">
    <ele>114</ele>
    <time>2026-06-06T10:49:49Z</time>
    <extensions>
     <gpxdata:hr>142</gpxdata:hr>
     <gpxdata:distance>9609.50</gpxdata:distance>
     <gpxdata:speed>6.533</gpxdata:speed>
    </extensions>
   </trkpt>
   <trkpt lat="51.0189620" lon="13.8423178">
    <ele>114</ele>
    <time>2026-06-06T10:49:50Z</time>
    <extensions>
     <gpxdata:hr>140</gpxdata:hr>
     <gpxdata:distance>9616.00</gpxdata:distance>
     <gpxdata:speed>6.669</gpxdata:speed>
    </extensions>
   </trkpt>
   <trkpt lat="51.0189106" lon="13.8423725">
    <ele>114</ele>
    <time>2026-06-06T10:49:51Z</time>
    <extensions>
     <gpxdata:hr>139</gpxdata:hr>
     <gpxdata:distance>9623.00</gpxdata:distance>
     <gpxdata:speed>6.767</gpxdata:speed>
    </extensions>
   </trkpt>
   <trkpt lat="51.0188587" lon="13.8424251">
    <ele>114</ele>
    <time>2026-06-06T10:49:52Z</time>
    <extensions>
     <gpxdata:hr>138</gpxdata:hr>
     <gpxdata:distance>9630.00</gpxdata:distance>
     <gpxdata:speed>6.814</gpxdata:speed>
    </extensions>
   </trkpt>
   <trkpt lat="51.0188059" lon="13.8424742">
    <ele>114</ele>
    <time>2026-06-06T10:49:53Z</time>
    <extensions>
     <gpxdata:hr>136</gpxdata:hr>
     <gpxdata:distance>9637.00</gpxdata:distance>
     <gpxdata:speed>6.822</gpxdata:speed>
    </extensions>
   </trkpt>
   <trkpt lat="51.0187529" lon="13.8425220">
    <ele>114</ele>
    <time>2026-06-06T10:49:54Z</time>
    <extensions>
     <gpxdata:hr>136</gpxdata:hr>
     <gpxdata:distance>9644.00</gpxdata:distance>
     <gpxdata:speed>6.811</gpxdata:speed>
    </extensions>
   </trkpt>
   <trkpt lat="51.0187004" lon="13.8425697">
    <ele>114</ele>
    <time>2026-06-06T10:49:55Z</time>
    <extensions>
     <gpxdata:hr>137</gpxdata:hr>
     <gpxdata:distance>9650.50</gpxdata:distance>
     <gpxdata:speed>6.800</gpxdata:speed>
    </extensions>
   </trkpt>
   <trkpt lat="51.0186487" lon="13.8426183">
    <ele>115</ele>
    <time>2026-06-06T10:49:56Z</time>
    <extensions>
     <gpxdata:hr>138</gpxdata:hr>
     <gpxdata:distance>9657.00</gpxdata:distance>
     <gpxdata:speed>6.769</gpxdata:speed>
    </extensions>
   </trkpt>
   <trkpt lat="51.0185978" lon="13.8426682">
    <ele>115</ele>
    <time>2026-06-06T10:49:57Z</time>
    <extensions>
     <gpxdata:hr>140</gpxdata:hr>
     <gpxdata:distance>9663.50</gpxdata:distance>
     <gpxdata:speed>6.739</gpxdata:speed>
    </extensions>
   </trkpt>
   <trkpt lat="51.0185479" lon="13.8427195">
    <ele>115</ele>
    <time>2026-06-06T10:49:58Z</time>
    <extensions>
     <gpxdata:hr>142</gpxdata:hr>
     <gpxdata:distance>9670.00</gpxdata:distance>
     <gpxdata:speed>6.714</gpxdata:speed>
    </extensions>
   </trkpt>
   <trkpt lat="51.0184994" lon="13.8427723">
    <ele>115</ele>
    <time>2026-06-06T10:49:59Z</time>
    <extensions>
     <gpxdata:hr>143</gpxdata:hr>
     <gpxdata:distance>9676.50</gpxdata:distance>
     <gpxdata:speed>6.678</gpxdata:speed>
    </extensions>
   </trkpt>
   <trkpt lat="51.0184515" lon="13.8428258">
    <ele>115</ele>
    <time>2026-06-06T10:50:00Z</time>
    <extensions>
     <gpxdata:hr>143</gpxdata:hr>
     <gpxdata:distance>9683.00</gpxdata:distance>
     <gpxdata:speed>6.633</gpxdata:speed>
    </extensions>
   </trkpt>
   <trkpt lat="51.0184035" lon="13.8428779">
    <ele>116</ele>
    <time>2026-06-06T10:50:01Z</time>
    <extensions>
     <gpxdata:hr>142</gpxdata:hr>
     <gpxdata:distance>9689.50</gpxdata:distance>
     <gpxdata:speed>6.589</gpxdata:speed>
    </extensions>
   </trkpt>
   <trkpt lat="51.0183550" lon="13.8429289">
    <ele>116</ele>
    <time>2026-06-06T10:50:02Z</time>
    <extensions>
     <gpxdata:hr>141</gpxdata:hr>
     <gpxdata:distance>9696.00</gpxdata:distance>
     <gpxdata:speed>6.550</gpxdata:speed>
    </extensions>
   </trkpt>
   <trkpt lat="51.0183063" lon="13.8429801">
    <ele>116</ele>
    <time>2026-06-06T10:50:03Z</time>
    <extensions>
     <gpxdata:hr>141</gpxdata:hr>
     <gpxdata:distance>9702.50</gpxdata:distance>
     <gpxdata:speed>6.519</gpxdata:speed>
    </extensions>
   </trkpt>
   <trkpt lat="51.0182577" lon="13.8430329">
    <ele>116</ele>
    <time>2026-06-06T10:50:04Z</time>
    <extensions>
     <gpxdata:hr>140</gpxdata:hr>
     <gpxdata:distance>9709.00</gpxdata:distance>
     <gpxdata:speed>6.517</gpxdata:speed>
    </extensions>
   </trkpt>
   <trkpt lat="51.0182098" lon="13.8430875">
    <ele>116</ele>
    <time>2026-06-06T10:50:05Z</time>
    <extensions>
     <gpxdata:hr>139</gpxdata:hr>
     <gpxdata:distance>9715.50</gpxdata:distance>
     <gpxdata:speed>6.533</gpxdata:speed>
    </extensions>
   </trkpt>
   <trkpt lat="51.0181620" lon="13.8431433">
    <ele>116</ele>
    <time>2026-06-06T10:50:06Z</time>
    <extensions>
     <gpxdata:hr>140</gpxdata:hr>
     <gpxdata:distance>9722.00</gpxdata:distance>
     <gpxdata:speed>6.542</gpxdata:speed>
    </extensions>
   </trkpt>
   <trkpt lat="51.0181147" lon="13.8432002">
    <ele>115</ele>
    <time>2026-06-06T10:50:07Z</time>
    <extensions>
     <gpxdata:hr>140</gpxdata:hr>
     <gpxdata:distance>9729.00</gpxdata:distance>
     <gpxdata:speed>6.561</gpxdata:speed>
    </extensions>
   </trkpt>
   <trkpt lat="51.0180677" lon="13.8432589">
    <ele>115</ele>
    <time>2026-06-06T10:50:08Z</time>
    <extensions>
     <gpxdata:hr>140</gpxdata:hr>
     <gpxdata:distance>9736.00</gpxdata:distance>
     <gpxdata:speed>6.575</gpxdata:speed>
    </extensions>
   </trkpt>
   <trkpt lat="51.0180207" lon="13.8433181">
    <ele>115</ele>
    <time>2026-06-06T10:50:09Z</time>
    <extensions>
     <gpxdata:hr>140</gpxdata:hr>
     <gpxdata:distance>9742.50</gpxdata:distance>
     <gpxdata:speed>6.606</gpxdata:speed>
    </extensions>
   </trkpt>
   <trkpt lat="51.0179737" lon="13.8433766">
    <ele>115</ele>
    <time>2026-06-06T10:50:10Z</time>
    <extensions>
     <gpxdata:hr>141</gpxdata:hr>
     <gpxdata:distance>9749.00</gpxdata:distance>
     <gpxdata:speed>6.631</gpxdata:speed>
    </extensions>
   </trkpt>
   <trkpt lat="51.0179276" lon="13.8434344">
    <ele>115</ele>
    <time>2026-06-06T10:50:11Z</time>
    <extensions>
     <gpxdata:hr>142</gpxdata:hr>
     <gpxdata:distance>9755.50</gpxdata:distance>
     <gpxdata:speed>6.631</gpxdata:speed>
    </extensions>
   </trkpt>
   <trkpt lat="51.0178830" lon="13.8434916">
    <ele>115</ele>
    <time>2026-06-06T10:50:12Z</time>
    <extensions>
     <gpxdata:hr>142</gpxdata:hr>
     <gpxdata:distance>9762.00</gpxdata:distance>
     <gpxdata:speed>6.592</gpxdata:speed>
    </extensions>
   </trkpt>
   <trkpt lat="51.0178414" lon="13.8435500">
    <ele>115</ele>
    <time>2026-06-06T10:50:13Z</time>
    <extensions>
     <gpxdata:hr>141</gpxdata:hr>
     <gpxdata:distance>9768.00</gpxdata:distance>
     <gpxdata:speed>6.511</gpxdata:speed>
    </extensions>
   </trkpt>
   <trkpt lat="51.0178037" lon="13.8436102">
    <ele>115</ele>
    <time>2026-06-06T10:50:14Z</time>
    <extensions>
     <gpxdata:hr>141</gpxdata:hr>
     <gpxdata:distance>9774.00</gpxdata:distance>
     <gpxdata:speed>6.392</gpxdata:speed>
    </extensions>
   </trkpt>
   <trkpt lat="51.0177696" lon="13.8436735">
    <ele>115</ele>
    <time>2026-06-06T10:50:15Z</time>
    <extensions>
     <gpxdata:hr>139</gpxdata:hr>
     <gpxdata:distance>9780.00</gpxdata:distance>
     <gpxdata:speed>6.231</gpxdata:speed>
    </extensions>
   </trkpt>
   <trkpt lat="51.0177386" lon="13.8437418">
    <ele>115</ele>
    <time>2026-06-06T10:50:16Z</time>
    <extensions>
     <gpxdata:hr>138</gpxdata:hr>
     <gpxdata:distance>9786.00</gpxdata:distance>
     <gpxdata:speed>6.100</gpxdata:speed>
    </extensions>
   </trkpt>
   <trkpt lat="51.0177101" lon="13.8438153">
    <ele>115</ele>
    <time>2026-06-06T10:50:17Z</time>
    <extensions>
     <gpxdata:hr>136</gpxdata:hr>
     <gpxdata:distance>9792.00</gpxdata:distance>
     <gpxdata:speed>6.044</gpxdata:speed>
    </extensions>
   </trkpt>
   <trkpt lat="51.0176838" lon="13.8438939">
    <ele>115</ele>
    <time>2026-06-06T10:50:18Z</time>
    <extensions>
     <gpxdata:hr>134</gpxdata:hr>
     <gpxdata:distance>9798.00</gpxdata:distance>
     <gpxdata:speed>6.058</gpxdata:speed>
    </extensions>
   </trkpt>
   <trkpt lat="51.0176601" lon="13.8439762">
    <ele>115</ele>
    <time>2026-06-06T10:50:19Z</time>
    <extensions>
     <gpxdata:hr>134</gpxdata:hr>
     <gpxdata:distance>9804.50</gpxdata:distance>
     <gpxdata:speed>6.117</gpxdata:speed>
    </extensions>
   </trkpt>
   <trkpt lat="51.0176392" lon="13.8440613">
    <ele>115</ele>
    <time>2026-06-06T10:50:20Z</time>
    <extensions>
     <gpxdata:hr>133</gpxdata:hr>
     <gpxdata:distance>9811.00</gpxdata:distance>
     <gpxdata:speed>6.183</gpxdata:speed>
    </extensions>
   </trkpt>
   <trkpt lat="51.0176204" lon="13.8441475">
    <ele>115</ele>
    <time>2026-06-06T10:50:21Z</time>
    <extensions>
     <gpxdata:hr>133</gpxdata:hr>
     <gpxdata:distance>9817.50</gpxdata:distance>
     <gpxdata:speed>6.244</gpxdata:speed>
    </extensions>
   </trkpt>
   <trkpt lat="51.0176029" lon="13.8442345">
    <ele>115</ele>
    <time>2026-06-06T10:50:22Z</time>
    <extensions>
     <gpxdata:hr>133</gpxdata:hr>
     <gpxdata:distance>9824.00</gpxdata:distance>
     <gpxdata:speed>6.281</gpxdata:speed>
    </extensions>
   </trkpt>
   <trkpt lat="51.0175869" lon="13.8443225">
    <ele>115</ele>
    <time>2026-06-06T10:50:23Z</time>
    <extensions>
     <gpxdata:hr>133</gpxdata:hr>
     <gpxdata:distance>9830.50</gpxdata:distance>
     <gpxdata:speed>6.314</gpxdata:speed>
    </extensions>
   </trkpt>
   <trkpt lat="51.0175732" lon="13.8444126">
    <ele>115</ele>
    <time>2026-06-06T10:50:24Z</time>
    <extensions>
     <gpxdata:hr>132</gpxdata:hr>
     <gpxdata:distance>9837.00</gpxdata:distance>
     <gpxdata:speed>6.347</gpxdata:speed>
    </extensions>
   </trkpt>
   <trkpt lat="51.0175615" lon="13.8445048">
    <ele>115</ele>
    <time>2026-06-06T10:50:25Z</time>
    <extensions>
     <gpxdata:hr>133</gpxdata:hr>
     <gpxdata:distance>9843.50</gpxdata:distance>
     <gpxdata:speed>6.411</gpxdata:speed>
    </extensions>
   </trkpt>
   <trkpt lat="51.0175519" lon="13.8445985">
    <ele>115</ele>
    <time>2026-06-06T10:50:26Z</time>
    <extensions>
     <gpxdata:hr>132</gpxdata:hr>
     <gpxdata:distance>9850.00</gpxdata:distance>
     <gpxdata:speed>6.481</gpxdata:speed>
    </extensions>
   </trkpt>
   <trkpt lat="51.0175443" lon="13.8446923">
    <ele>115</ele>
    <time>2026-06-06T10:50:27Z</time>
    <extensions>
     <gpxdata:hr>131</gpxdata:hr>
     <gpxdata:distance>9856.50</gpxdata:distance>
     <gpxdata:speed>6.544</gpxdata:speed>
    </extensions>
   </trkpt>
   <trkpt lat="51.0175386" lon="13.8447856">
    <ele>115</ele>
    <time>2026-06-06T10:50:28Z</time>
    <extensions>
     <gpxdata:hr>131</gpxdata:hr>
     <gpxdata:distance>9863.00</gpxdata:distance>
     <gpxdata:speed>6.569</gpxdata:speed>
    </extensions>
   </trkpt>
   <trkpt lat="51.0175339" lon="13.8448773">
    <ele>115</ele>
    <time>2026-06-06T10:50:29Z</time>
    <extensions>
     <gpxdata:hr>130</gpxdata:hr>
     <gpxdata:distance>9869.50</gpxdata:distance>
     <gpxdata:speed>6.561</gpxdata:speed>
    </extensions>
   </trkpt>
   <trkpt lat="51.0175300" lon="13.8449666">
    <ele>115</ele>
    <time>2026-06-06T10:50:30Z</time>
    <extensions>
     <gpxdata:hr>131</gpxdata:hr>
     <gpxdata:distance>9876.00</gpxdata:distance>
     <gpxdata:speed>6.514</gpxdata:speed>
    </extensions>
   </trkpt>
   <trkpt lat="51.0175274" lon="13.8450539">
    <ele>115</ele>
    <time>2026-06-06T10:50:31Z</time>
    <extensions>
     <gpxdata:hr>131</gpxdata:hr>
     <gpxdata:distance>9882.00</gpxdata:distance>
     <gpxdata:speed>6.419</gpxdata:speed>
    </extensions>
   </trkpt>
   <trkpt lat="51.0175261" lon="13.8451398">
    <ele>115</ele>
    <time>2026-06-06T10:50:32Z</time>
    <extensions>
     <gpxdata:hr>130</gpxdata:hr>
     <gpxdata:distance>9888.00</gpxdata:distance>
     <gpxdata:speed>6.319</gpxdata:speed>
    </extensions>
   </trkpt>
   <trkpt lat="51.0175260" lon="13.8452264">
    <ele>115</ele>
    <time>2026-06-06T10:50:33Z</time>
    <extensions>
     <gpxdata:hr>129</gpxdata:hr>
     <gpxdata:distance>9894.00</gpxdata:distance>
     <gpxdata:speed>6.214</gpxdata:speed>
    </extensions>
   </trkpt>
   <trkpt lat="51.0175260" lon="13.8453164">
    <ele>115</ele>
    <time>2026-06-06T10:50:34Z</time>
    <extensions>
     <gpxdata:hr>129</gpxdata:hr>
     <gpxdata:distance>9900.00</gpxdata:distance>
     <gpxdata:speed>6.175</gpxdata:speed>
    </extensions>
   </trkpt>
   <trkpt lat="51.0175258" lon="13.8454092">
    <ele>115</ele>
    <time>2026-06-06T10:50:35Z</time>
    <extensions>
     <gpxdata:hr>129</gpxdata:hr>
     <gpxdata:distance>9906.50</gpxdata:distance>
     <gpxdata:speed>6.239</gpxdata:speed>
    </extensions>
   </trkpt>
   <trkpt lat="51.0175266" lon="13.8455045">
    <ele>114</ele>
    <time>2026-06-06T10:50:36Z</time>
    <extensions>
     <gpxdata:hr>128</gpxdata:hr>
     <gpxdata:distance>9913.00</gpxdata:distance>
     <gpxdata:speed>6.333</gpxdata:speed>
    </extensions>
   </trkpt>
   <trkpt lat="51.0175287" lon="13.8456019">
    <ele>114</ele>
    <time>2026-06-06T10:50:37Z</time>
    <extensions>
     <gpxdata:hr>127</gpxdata:hr>
     <gpxdata:distance>9920.00</gpxdata:distance>
     <gpxdata:speed>6.450</gpxdata:speed>
    </extensions>
   </trkpt>
   <trkpt lat="51.0175312" lon="13.8457006">
    <ele>114</ele>
    <time>2026-06-06T10:50:38Z</time>
    <extensions>
     <gpxdata:hr>126</gpxdata:hr>
     <gpxdata:distance>9927.00</gpxdata:distance>
     <gpxdata:speed>6.575</gpxdata:speed>
    </extensions>
   </trkpt>
   <trkpt lat="51.0175339" lon="13.8457993">
    <ele>114</ele>
    <time>2026-06-06T10:50:39Z</time>
    <extensions>
     <gpxdata:hr>126</gpxdata:hr>
     <gpxdata:distance>9934.00</gpxdata:distance>
     <gpxdata:speed>6.689</gpxdata:speed>
    </extensions>
   </trkpt>
   <trkpt lat="51.0175370" lon="13.8458976">
    <ele>114</ele>
    <time>2026-06-06T10:50:40Z</time>
    <extensions>
     <gpxdata:hr>125</gpxdata:hr>
     <gpxdata:distance>9941.00</gpxdata:distance>
     <gpxdata:speed>6.758</gpxdata:speed>
    </extensions>
   </trkpt>
   <trkpt lat="51.0175375" lon="13.8459945">
    <ele>114</ele>
    <time>2026-06-06T10:50:41Z</time>
    <extensions>
     <gpxdata:hr>124</gpxdata:hr>
     <gpxdata:distance>9947.50</gpxdata:distance>
     <gpxdata:speed>6.797</gpxdata:speed>
    </extensions>
   </trkpt>
   <trkpt lat="51.0175315" lon="13.8460892">
    <ele>114</ele>
    <time>2026-06-06T10:50:42Z</time>
    <extensions>
     <gpxdata:hr>125</gpxdata:hr>
     <gpxdata:distance>9954.00</gpxdata:distance>
     <gpxdata:speed>6.792</gpxdata:speed>
    </extensions>
   </trkpt>
   <trkpt lat="51.0175169" lon="13.8461818">
    <ele>114</ele>
    <time>2026-06-06T10:50:43Z</time>
    <extensions>
     <gpxdata:hr>125</gpxdata:hr>
     <gpxdata:distance>9961.00</gpxdata:distance>
     <gpxdata:speed>6.761</gpxdata:speed>
    </extensions>
   </trkpt>
   <trkpt lat="51.0174936" lon="13.8462729">
    <ele>114</ele>
    <time>2026-06-06T10:50:44Z</time>
    <extensions>
     <gpxdata:hr>125</gpxdata:hr>
     <gpxdata:distance>9968.00</gpxdata:distance>
     <gpxdata:speed>6.767</gpxdata:speed>
    </extensions>
   </trkpt>
   <trkpt lat="51.0174611" lon="13.8463625">
    <ele>114</ele>
    <time>2026-06-06T10:50:45Z</time>
    <extensions>
     <gpxdata:hr>125</gpxdata:hr>
     <gpxdata:distance>9975.50</gpxdata:distance>
     <gpxdata:speed>6.836</gpxdata:speed>
    </extensions>
   </trkpt>
   <trkpt lat="51.0174209" lon="13.8464531">
    <ele>113</ele>
    <time>2026-06-06T10:50:46Z</time>
    <extensions>
     <gpxdata:hr>124</gpxdata:hr>
     <gpxdata:distance>9983.00</gpxdata:distance>
     <gpxdata:speed>7.003</gpxdata:speed>
    </extensions>
   </trkpt>
   <trkpt lat="51.0173757" lon="13.8465464">
    <ele>113</ele>
    <time>2026-06-06T10:50:47Z</time>
    <extensions>
     <gpxdata:hr>124</gpxdata:hr>
     <gpxdata:distance>9991.00</gpxdata:distance>
     <gpxdata:speed>7.278</gpxdata:speed>
    </extensions>
   </trkpt>
   <trkpt lat="51.0173264" lon="13.8466421">
    <ele>113</ele>
    <time>2026-06-06T10:50:48Z</time>
    <extensions>
     <gpxdata:hr>124</gpxdata:hr>
     <gpxdata:distance>9999.00</gpxdata:distance>
     <gpxdata:speed>7.606</gpxdata:speed>
    </extensions>
   </trkpt>
   <trkpt lat="51.0172738" lon="13.8467405">
    <ele>112</ele>
    <time>2026-06-06T10:50:49Z</time>
    <extensions>
     <gpxdata:hr>124</gpxdata:hr>
     <gpxdata:distance>10008.00</gpxdata:distance>
     <gpxdata:speed>7.958</gpxdata:speed>
    </extensions>
   </trkpt>
   <trkpt lat="51.0172187" lon="13.8468400">
    <ele>112</ele>
    <time>2026-06-06T10:50:50Z</time>
    <extensions>
     <gpxdata:hr>124</gpxdata:hr>
     <gpxdata:distance>10017.00</gpxdata:distance>
     <gpxdata:speed>8.842</gpxdata:speed>
    </extensions>
   </trkpt>
   <trkpt lat="51.0171616" lon="13.8469397">
    <ele>112</ele>
    <time>2026-06-06T10:50:51Z</time>
    <extensions>
     <gpxdata:hr>124</gpxdata:hr>
     <gpxdata:distance>10026.50</gpxdata:distance>
     <gpxdata:speed>9.083</gpxdata:speed>
    </extensions>
   </trkpt>
   <trkpt lat="51.0171025" lon="13.8470390">
    <ele>112</ele>
    <time>2026-06-06T10:50:52Z</time>
    <extensions>
     <gpxdata:hr>124</gpxdata:hr>
     <gpxdata:distance>10036.00</gpxdata:distance>
     <gpxdata:speed>9.292</gpxdata:speed>
    </extensions>
   </trkpt>
   <trkpt lat="51.0170414" lon="13.8471366">
    <ele>111</ele>
    <time>2026-06-06T10:50:53Z</time>
    <extensions>
     <gpxdata:hr>124</gpxdata:hr>
     <gpxdata:distance>10045.50</gpxdata:distance>
     <gpxdata:speed>9.450</gpxdata:speed>
    </extensions>
   </trkpt>
   <trkpt lat="51.0169789" lon="13.8472315">
    <ele>111</ele>
    <time>2026-06-06T10:50:54Z</time>
    <extensions>
     <gpxdata:hr>125</gpxdata:hr>
     <gpxdata:distance>10055.00</gpxdata:distance>
     <gpxdata:speed>9.550</gpxdata:speed>
    </extensions>
   </trkpt>
   <trkpt lat="51.0169149" lon="13.8473238">
    <ele>111</ele>
    <time>2026-06-06T10:50:55Z</time>
    <extensions>
     <gpxdata:hr>125</gpxdata:hr>
     <gpxdata:distance>10065.00</gpxdata:distance>
     <gpxdata:speed>9.572</gpxdata:speed>
    </extensions>
   </trkpt>
   <trkpt lat="51.0168505" lon="13.8474136">
    <ele>111</ele>
    <time>2026-06-06T10:50:56Z</time>
    <extensions>
     <gpxdata:hr>126</gpxdata:hr>
     <gpxdata:distance>10075.00</gpxdata:distance>
     <gpxdata:speed>9.586</gpxdata:speed>
    </extensions>
   </trkpt>
   <trkpt lat="51.0167866" lon="13.8475011">
    <ele>111</ele>
    <time>2026-06-06T10:50:57Z</time>
    <extensions>
     <gpxdata:hr>127</gpxdata:hr>
     <gpxdata:distance>10084.00</gpxdata:distance>
     <gpxdata:speed>9.572</gpxdata:speed>
    </extensions>
   </trkpt>
   <trkpt lat="51.0167236" lon="13.8475865">
    <ele>111</ele>
    <time>2026-06-06T10:50:58Z</time>
    <extensions>
     <gpxdata:hr>127</gpxdata:hr>
     <gpxdata:distance>10093.00</gpxdata:distance>
     <gpxdata:speed>9.508</gpxdata:speed>
    </extensions>
   </trkpt>
   <trkpt lat="51.0166617" lon="13.8476706">
    <ele>110</ele>
    <time>2026-06-06T10:50:59Z</time>
    <extensions>
     <gpxdata:hr>128</gpxdata:hr>
     <gpxdata:distance>10102.00</gpxdata:distance>
     <gpxdata:speed>9.397</gpxdata:speed>
    </extensions>
   </trkpt>
   <trkpt lat="51.0166014" lon="13.8477538">
    <ele>110</ele>
    <time>2026-06-06T10:51:00Z</time>
    <extensions>
     <gpxdata:hr>128</gpxdata:hr>
     <gpxdata:distance>10111.00</gpxdata:distance>
     <gpxdata:speed>9.200</gpxdata:speed>
    </extensions>
   </trkpt>
   <trkpt lat="51.0165422" lon="13.8478363">
    <ele>110</ele>
    <time>2026-06-06T10:51:01Z</time>
    <extensions>
     <gpxdata:hr>128</gpxdata:hr>
     <gpxdata:distance>10120.00</gpxdata:distance>
     <gpxdata:speed>9.075</gpxdata:speed>
    </extensions>
   </trkpt>
   <trkpt lat="51.0164841" lon="13.8479174">
    <ele>110</ele>
    <time>2026-06-06T10:51:02Z</time>
    <extensions>
     <gpxdata:hr>128</gpxdata:hr>
     <gpxdata:distance>10129.00</gpxdata:distance>
     <gpxdata:speed>8.956</gpxdata:speed>
    </extensions>
   </trkpt>
   <trkpt lat="51.0164271" lon="13.8479970">
    <ele>110</ele>
    <time>2026-06-06T10:51:03Z</time>
    <extensions>
     <gpxdata:hr>128</gpxdata:hr>
     <gpxdata:distance>10137.50</gpxdata:distance>
     <gpxdata:speed>8.686</gpxdata:speed>
    </extensions>
   </trkpt>
   <trkpt lat="51.0163715" lon="13.8480748">
    <ele>110</ele>
    <time>2026-06-06T10:51:04Z</time>
    <extensions>
     <gpxdata:hr>129</gpxdata:hr>
     <gpxdata:distance>10146.00</gpxdata:distance>
     <gpxdata:speed>8.525</gpxdata:speed>
    </extensions>
   </trkpt>
   <trkpt lat="51.0163172" lon="13.8481502">
    <ele>110</ele>
    <time>2026-06-06T10:51:05Z</time>
    <extensions>
     <gpxdata:hr>129</gpxdata:hr>
     <gpxdata:distance>10154.00</gpxdata:distance>
     <gpxdata:speed>8.314</gpxdata:speed>
    </extensions>
   </trkpt>
   <trkpt lat="51.0162642" lon="13.8482225">
    <ele>110</ele>
    <time>2026-06-06T10:51:06Z</time>
    <extensions>
     <gpxdata:hr>130</gpxdata:hr>
     <gpxdata:distance>10162.00</gpxdata:distance>
     <gpxdata:speed>8.108</gpxdata:speed>
    </extensions>
   </trkpt>
   <trkpt lat="51.0162112" lon="13.8482908">
    <ele>110</ele>
    <time>2026-06-06T10:51:07Z</time>
    <extensions>
     <gpxdata:hr>130</gpxdata:hr>
     <gpxdata:distance>10169.50</gpxdata:distance>
     <gpxdata:speed>7.867</gpxdata:speed>
    </extensions>
   </trkpt>
   <trkpt lat="51.0161559" lon="13.8483512">
    <ele>110</ele>
    <time>2026-06-06T10:51:08Z</time>
    <extensions>
     <gpxdata:hr>131</gpxdata:hr>
     <gpxdata:distance>10177.00</gpxdata:distance>
     <gpxdata:speed>7.689</gpxdata:speed>
    </extensions>
   </trkpt>
   <trkpt lat="51.0160980" lon="13.8484007">
    <ele>110</ele>
    <time>2026-06-06T10:51:09Z</time>
    <extensions>
     <gpxdata:hr>132</gpxdata:hr>
     <gpxdata:distance>10184.00</gpxdata:distance>
     <gpxdata:speed>7.583</gpxdata:speed>
    </extensions>
   </trkpt>
   <trkpt lat="51.0160399" lon="13.8484457">
    <ele>110</ele>
    <time>2026-06-06T10:51:10Z</time>
    <extensions>
     <gpxdata:hr>133</gpxdata:hr>
     <gpxdata:distance>10191.00</gpxdata:distance>
     <gpxdata:speed>7.417</gpxdata:speed>
    </extensions>
   </trkpt>
   <trkpt lat="51.0159844" lon="13.8484987">
    <ele>110</ele>
    <time>2026-06-06T10:51:11Z</time>
    <extensions>
     <gpxdata:hr>133</gpxdata:hr>
     <gpxdata:distance>10198.50</gpxdata:distance>
     <gpxdata:speed>7.261</gpxdata:speed>
    </extensions>
   </trkpt>
   <trkpt lat="51.0159331" lon="13.8485668">
    <ele>110</ele>
    <time>2026-06-06T10:51:12Z</time>
    <extensions>
     <gpxdata:hr>135</gpxdata:hr>
     <gpxdata:distance>10206.00</gpxdata:distance>
     <gpxdata:speed>7.264</gpxdata:speed>
    </extensions>
   </trkpt>
   <trkpt lat="51.0158852" lon="13.8486486">
    <ele>110</ele>
    <time>2026-06-06T10:51:13Z</time>
    <extensions>
     <gpxdata:hr>136</gpxdata:hr>
     <gpxdata:distance>10214.00</gpxdata:distance>
     <gpxdata:speed>7.381</gpxdata:speed>
    </extensions>
   </trkpt>
   <trkpt lat="51.0158389" lon="13.8487382">
    <ele>111</ele>
    <time>2026-06-06T10:51:14Z</time>
    <extensions>
     <gpxdata:hr>137</gpxdata:hr>
     <gpxdata:distance>10222.00</gpxdata:distance>
     <gpxdata:speed>7.572</gpxdata:speed>
    </extensions>
   </trkpt>
   <trkpt lat="51.0157921" lon="13.8488292">
    <ele>111</ele>
    <time>2026-06-06T10:51:15Z</time>
    <extensions>
     <gpxdata:hr>138</gpxdata:hr>
     <gpxdata:distance>10230.00</gpxdata:distance>
     <gpxdata:speed>7.758</gpxdata:speed>
    </extensions>
   </trkpt>
   <trkpt lat="51.0157429" lon="13.8489195">
    <ele>111</ele>
    <time>2026-06-06T10:51:16Z</time>
    <extensions>
     <gpxdata:hr>139</gpxdata:hr>
     <gpxdata:distance>10238.00</gpxdata:distance>
     <gpxdata:speed>7.908</gpxdata:speed>
    </extensions>
   </trkpt>
   <trkpt lat="51.0156912" lon="13.8490080">
    <ele>111</ele>
    <time>2026-06-06T10:51:17Z</time>
    <extensions>
     <gpxdata:hr>139</gpxdata:hr>
     <gpxdata:distance>10246.50</gpxdata:distance>
     <gpxdata:speed>8.061</gpxdata:speed>
    </extensions>
   </trkpt>
   <trkpt lat="51.0156385" lon="13.8490962">
    <ele>111</ele>
    <time>2026-06-06T10:51:18Z</time>
    <extensions>
     <gpxdata:hr>140</gpxdata:hr>
     <gpxdata:distance>10255.00</gpxdata:distance>
     <gpxdata:speed>8.206</gpxdata:speed>
    </extensions>
   </trkpt>
   <trkpt lat="51.0155861" lon="13.8491857">
    <ele>111</ele>
    <time>2026-06-06T10:51:19Z</time>
    <extensions>
     <gpxdata:hr>140</gpxdata:hr>
     <gpxdata:distance>10263.50</gpxdata:distance>
     <gpxdata:speed>8.439</gpxdata:speed>
    </extensions>
   </trkpt>
   <trkpt lat="51.0155342" lon="13.8492769">
    <ele>111</ele>
    <time>2026-06-06T10:51:20Z</time>
    <extensions>
     <gpxdata:hr>140</gpxdata:hr>
     <gpxdata:distance>10272.00</gpxdata:distance>
     <gpxdata:speed>8.508</gpxdata:speed>
    </extensions>
   </trkpt>
   <trkpt lat="51.0154819" lon="13.8493687">
    <ele>111</ele>
    <time>2026-06-06T10:51:21Z</time>
    <extensions>
     <gpxdata:hr>140</gpxdata:hr>
     <gpxdata:distance>10281.00</gpxdata:distance>
     <gpxdata:speed>8.581</gpxdata:speed>
    </extensions>
   </trkpt>
   <trkpt lat="51.0154292" lon="13.8494601">
    <ele>110</ele>
    <time>2026-06-06T10:51:22Z</time>
    <extensions>
     <gpxdata:hr>139</gpxdata:hr>
     <gpxdata:distance>10290.00</gpxdata:distance>
     <gpxdata:speed>8.650</gpxdata:speed>
    </extensions>
   </trkpt>
   <trkpt lat="51.0153769" lon="13.8495505">
    <ele>110</ele>
    <time>2026-06-06T10:51:23Z</time>
    <extensions>
     <gpxdata:hr>138</gpxdata:hr>
     <gpxdata:distance>10298.50</gpxdata:distance>
     <gpxdata:speed>8.653</gpxdata:speed>
    </extensions>
   </trkpt>
   <trkpt lat="51.0153250" lon="13.8496403">
    <ele>110</ele>
    <time>2026-06-06T10:51:24Z</time>
    <extensions>
     <gpxdata:hr>138</gpxdata:hr>
     <gpxdata:distance>10307.00</gpxdata:distance>
     <gpxdata:speed>8.592</gpxdata:speed>
    </extensions>
   </trkpt>
   <trkpt lat="51.0152732" lon="13.8497293">
    <ele>110</ele>
    <time>2026-06-06T10:51:25Z</time>
    <extensions>
     <gpxdata:hr>137</gpxdata:hr>
     <gpxdata:distance>10315.50</gpxdata:distance>
     <gpxdata:speed>8.553</gpxdata:speed>
    </extensions>
   </trkpt>
   <trkpt lat="51.0152215" lon="13.8498175">
    <ele>110</ele>
    <time>2026-06-06T10:51:26Z</time>
    <extensions>
     <gpxdata:hr>138</gpxdata:hr>
     <gpxdata:distance>10324.00</gpxdata:distance>
     <gpxdata:speed>8.525</gpxdata:speed>
    </extensions>
   </trkpt>
   <trkpt lat="51.0151695" lon="13.8499059">
    <ele>110</ele>
    <time>2026-06-06T10:51:27Z</time>
    <extensions>
     <gpxdata:hr>138</gpxdata:hr>
     <gpxdata:distance>10332.50</gpxdata:distance>
     <gpxdata:speed>8.500</gpxdata:speed>
    </extensions>
   </trkpt>
   <trkpt lat="51.0151169" lon="13.8499931">
    <ele>110</ele>
    <time>2026-06-06T10:51:28Z</time>
    <extensions>
     <gpxdata:hr>138</gpxdata:hr>
     <gpxdata:distance>10341.00</gpxdata:distance>
     <gpxdata:speed>8.500</gpxdata:speed>
    </extensions>
   </trkpt>
   <trkpt lat="51.0150634" lon="13.8500801">
    <ele>110</ele>
    <time>2026-06-06T10:51:29Z</time>
    <extensions>
     <gpxdata:hr>139</gpxdata:hr>
     <gpxdata:distance>10349.50</gpxdata:distance>
     <gpxdata:speed>8.483</gpxdata:speed>
    </extensions>
   </trkpt>
   <trkpt lat="51.0150086" lon="13.8501672">
    <ele>110</ele>
    <time>2026-06-06T10:51:30Z</time>
    <extensions>
     <gpxdata:hr>139</gpxdata:hr>
     <gpxdata:distance>10358.00</gpxdata:distance>
     <gpxdata:speed>8.503</gpxdata:speed>
    </extensions>
   </trkpt>
   <trkpt lat="51.0149524" lon="13.8502547">
    <ele>110</ele>
    <time>2026-06-06T10:51:31Z</time>
    <extensions>
     <gpxdata:hr>139</gpxdata:hr>
     <gpxdata:distance>10366.50</gpxdata:distance>
     <gpxdata:speed>8.556</gpxdata:speed>
    </extensions>
   </trkpt>
   <trkpt lat="51.0148956" lon="13.8503429">
    <ele>110</ele>
    <time>2026-06-06T10:51:32Z</time>
    <extensions>
     <gpxdata:hr>139</gpxdata:hr>
     <gpxdata:distance>10375.00</gpxdata:distance>
     <gpxdata:speed>8.628</gpxdata:speed>
    </extensions>
   </trkpt>
   <trkpt lat="51.0148384" lon="13.8504314">
    <ele>110</ele>
    <time>2026-06-06T10:51:33Z</time>
    <extensions>
     <gpxdata:hr>139</gpxdata:hr>
     <gpxdata:distance>10384.00</gpxdata:distance>
     <gpxdata:speed>8.697</gpxdata:speed>
    </extensions>
   </trkpt>
   <trkpt lat="51.0147805" lon="13.8505197">
    <ele>110</ele>
    <time>2026-06-06T10:51:34Z</time>
    <extensions>
     <gpxdata:hr>139</gpxdata:hr>
     <gpxdata:distance>10393.00</gpxdata:distance>
     <gpxdata:speed>8.758</gpxdata:speed>
    </extensions>
   </trkpt>
   <trkpt lat="51.0147223" lon="13.8506083">
    <ele>110</ele>
    <time>2026-06-06T10:51:35Z</time>
    <extensions>
     <gpxdata:hr>140</gpxdata:hr>
     <gpxdata:distance>10402.00</gpxdata:distance>
     <gpxdata:speed>8.817</gpxdata:speed>
    </extensions>
   </trkpt>
   <trkpt lat="51.0146644" lon="13.8506976">
    <ele>110</ele>
    <time>2026-06-06T10:51:36Z</time>
    <extensions>
     <gpxdata:hr>140</gpxdata:hr>
     <gpxdata:distance>10411.00</gpxdata:distance>
     <gpxdata:speed>8.872</gpxdata:speed>
    </extensions>
   </trkpt>
   <trkpt lat="51.0146068" lon="13.8507872">
    <ele>110</ele>
    <time>2026-06-06T10:51:37Z</time>
    <extensions>
     <gpxdata:hr>141</gpxdata:hr>
     <gpxdata:distance>10420.00</gpxdata:distance>
     <gpxdata:speed>8.911</gpxdata:speed>
    </extensions>
   </trkpt>
   <trkpt lat="51.0145488" lon="13.8508762">
    <ele>110</ele>
    <time>2026-06-06T10:51:38Z</time>
    <extensions>
     <gpxdata:hr>141</gpxdata:hr>
     <gpxdata:distance>10429.00</gpxdata:distance>
     <gpxdata:speed>8.933</gpxdata:speed>
    </extensions>
   </trkpt>
   <trkpt lat="51.0144900" lon="13.8509643">
    <ele>110</ele>
    <time>2026-06-06T10:51:39Z</time>
    <extensions>
     <gpxdata:hr>141</gpxdata:hr>
     <gpxdata:distance>10438.00</gpxdata:distance>
     <gpxdata:speed>8.953</gpxdata:speed>
    </extensions>
   </trkpt>
   <trkpt lat="51.0144307" lon="13.8510522">
    <ele>110</ele>
    <time>2026-06-06T10:51:40Z</time>
    <extensions>
     <gpxdata:hr>141</gpxdata:hr>
     <gpxdata:distance>10447.00</gpxdata:distance>
     <gpxdata:speed>8.975</gpxdata:speed>
    </extensions>
   </trkpt>
   <trkpt lat="51.0143714" lon="13.8511404">
    <ele>110</ele>
    <time>2026-06-06T10:51:41Z</time>
    <extensions>
     <gpxdata:hr>142</gpxdata:hr>
     <gpxdata:distance>10456.00</gpxdata:distance>
     <gpxdata:speed>8.997</gpxdata:speed>
    </extensions>
   </trkpt>
   <trkpt lat="51.0143119" lon="13.8512282">
    <ele>110</ele>
    <time>2026-06-06T10:51:42Z</time>
    <extensions>
     <gpxdata:hr>142</gpxdata:hr>
     <gpxdata:distance>10465.00</gpxdata:distance>
     <gpxdata:speed>9.014</gpxdata:speed>
    </extensions>
   </trkpt>
   <trkpt lat="51.0142525" lon="13.8513146">
    <ele>110</ele>
    <time>2026-06-06T10:51:43Z</time>
    <extensions>
     <gpxdata:hr>142</gpxdata:hr>
     <gpxdata:distance>10474.00</gpxdata:distance>
     <gpxdata:speed>9.025</gpxdata:speed>
    </extensions>
   </trkpt>
   <trkpt lat="51.0141933" lon="13.8513993">
    <ele>110</ele>
    <time>2026-06-06T10:51:44Z</time>
    <extensions>
     <gpxdata:hr>142</gpxdata:hr>
     <gpxdata:distance>10483.00</gpxdata:distance>
     <gpxdata:speed>9.000</gpxdata:speed>
    </extensions>
   </trkpt>
   <trkpt lat="51.0141344" lon="13.8514825">
    <ele>110</ele>
    <time>2026-06-06T10:51:45Z</time>
    <extensions>
     <gpxdata:hr>142</gpxdata:hr>
     <gpxdata:distance>10491.50</gpxdata:distance>
     <gpxdata:speed>8.950</gpxdata:speed>
    </extensions>
   </trkpt>
   <trkpt lat="51.0140750" lon="13.8515640">
    <ele>110</ele>
    <time>2026-06-06T10:51:46Z</time>
    <extensions>
     <gpxdata:hr>143</gpxdata:hr>
     <gpxdata:distance>10500.00</gpxdata:distance>
     <gpxdata:speed>8.883</gpxdata:speed>
    </extensions>
   </trkpt>
   <trkpt lat="51.0140149" lon="13.8516448">
    <ele>110</ele>
    <time>2026-06-06T10:51:47Z</time>
    <extensions>
     <gpxdata:hr>143</gpxdata:hr>
     <gpxdata:distance>10509.00</gpxdata:distance>
     <gpxdata:speed>8.839</gpxdata:speed>
    </extensions>
   </trkpt>
   <trkpt lat="51.0139541" lon="13.8517250">
    <ele>110</ele>
    <time>2026-06-06T10:51:48Z</time>
    <extensions>
     <gpxdata:hr>144</gpxdata:hr>
     <gpxdata:distance>10518.00</gpxdata:distance>
     <gpxdata:speed>8.819</gpxdata:speed>
    </extensions>
   </trkpt>
   <trkpt lat="51.0138929" lon="13.8518048">
    <ele>111</ele>
    <time>2026-06-06T10:51:49Z</time>
    <extensions>
     <gpxdata:hr>144</gpxdata:hr>
     <gpxdata:distance>10527.00</gpxdata:distance>
     <gpxdata:speed>8.814</gpxdata:speed>
    </extensions>
   </trkpt>
   <trkpt lat="51.0138317" lon="13.8518837">
    <ele>111</ele>
    <time>2026-06-06T10:51:50Z</time>
    <extensions>
     <gpxdata:hr>145</gpxdata:hr>
     <gpxdata:distance>10536.00</gpxdata:distance>
     <gpxdata:speed>8.811</gpxdata:speed>
    </extensions>
   </trkpt>
   <trkpt lat="51.0137706" lon="13.8519619">
    <ele>111</ele>
    <time>2026-06-06T10:51:51Z</time>
    <extensions>
     <gpxdata:hr>145</gpxdata:hr>
     <gpxdata:distance>10544.50</gpxdata:distance>
     <gpxdata:speed>8.794</gpxdata:speed>
    </extensions>
   </trkpt>
   <trkpt lat="51.0137104" lon="13.8520403">
    <ele>111</ele>
    <time>2026-06-06T10:51:52Z</time>
    <extensions>
     <gpxdata:hr>145</gpxdata:hr>
     <gpxdata:distance>10553.00</gpxdata:distance>
     <gpxdata:speed>8.769</gpxdata:speed>
    </extensions>
   </trkpt>
   <trkpt lat="51.0136517" lon="13.8521193">
    <ele>111</ele>
    <time>2026-06-06T10:51:53Z</time>
    <extensions>
     <gpxdata:hr>145</gpxdata:hr>
     <gpxdata:distance>10561.50</gpxdata:distance>
     <gpxdata:speed>8.725</gpxdata:speed>
    </extensions>
   </trkpt>
   <trkpt lat="51.0135935" lon="13.8521992">
    <ele>111</ele>
    <time>2026-06-06T10:51:54Z</time>
    <extensions>
     <gpxdata:hr>144</gpxdata:hr>
     <gpxdata:distance>10570.00</gpxdata:distance>
     <gpxdata:speed>8.664</gpxdata:speed>
    </extensions>
   </trkpt>
   <trkpt lat="51.0135357" lon="13.8522813">
    <ele>111</ele>
    <time>2026-06-06T10:51:55Z</time>
    <extensions>
     <gpxdata:hr>145</gpxdata:hr>
     <gpxdata:distance>10578.50</gpxdata:distance>
     <gpxdata:speed>8.633</gpxdata:speed>
    </extensions>
   </trkpt>
   <trkpt lat="51.0134774" lon="13.8523657">
    <ele>112</ele>
    <time>2026-06-06T10:51:56Z</time>
    <extensions>
     <gpxdata:hr>146</gpxdata:hr>
     <gpxdata:distance>10587.00</gpxdata:distance>
     <gpxdata:speed>8.642</gpxdata:speed>
    </extensions>
   </trkpt>
   <trkpt lat="51.0134189" lon="13.8524516">
    <ele>112</ele>
    <time>2026-06-06T10:51:57Z</time>
    <extensions>
     <gpxdata:hr>147</gpxdata:hr>
     <gpxdata:distance>10596.00</gpxdata:distance>
     <gpxdata:speed>8.697</gpxdata:speed>
    </extensions>
   </trkpt>
   <trkpt lat="51.0133598" lon="13.8525382">
    <ele>112</ele>
    <time>2026-06-06T10:51:58Z</time>
    <extensions>
     <gpxdata:hr>147</gpxdata:hr>
     <gpxdata:distance>10605.00</gpxdata:distance>
     <gpxdata:speed>8.753</gpxdata:speed>
    </extensions>
   </trkpt>
   <trkpt lat="51.0133002" lon="13.8526248">
    <ele>112</ele>
    <time>2026-06-06T10:51:59Z</time>
    <extensions>
     <gpxdata:hr>147</gpxdata:hr>
     <gpxdata:distance>10614.00</gpxdata:distance>
     <gpxdata:speed>8.822</gpxdata:speed>
    </extensions>
   </trkpt>
   <trkpt lat="51.0132404" lon="13.8527115">
    <ele>112</ele>
    <time>2026-06-06T10:52:00Z</time>
    <extensions>
     <gpxdata:hr>147</gpxdata:hr>
     <gpxdata:distance>10623.00</gpxdata:distance>
     <gpxdata:speed>8.872</gpxdata:speed>
    </extensions>
   </trkpt>
   <trkpt lat="51.0131806" lon="13.8527977">
    <ele>112</ele>
    <time>2026-06-06T10:52:01Z</time>
    <extensions>
     <gpxdata:hr>147</gpxdata:hr>
     <gpxdata:distance>10632.00</gpxdata:distance>
     <gpxdata:speed>8.919</gpxdata:speed>
    </extensions>
   </trkpt>
   <trkpt lat="51.0131214" lon="13.8528840">
    <ele>112</ele>
    <time>2026-06-06T10:52:02Z</time>
    <extensions>
     <gpxdata:hr>146</gpxdata:hr>
     <gpxdata:distance>10641.00</gpxdata:distance>
     <gpxdata:speed>8.936</gpxdata:speed>
    </extensions>
   </trkpt>
   <trkpt lat="51.0130627" lon="13.8529701">
    <ele>112</ele>
    <time>2026-06-06T10:52:03Z</time>
    <extensions>
     <gpxdata:hr>145</gpxdata:hr>
     <gpxdata:distance>10650.00</gpxdata:distance>
     <gpxdata:speed>8.936</gpxdata:speed>
    </extensions>
   </trkpt>
   <trkpt lat="51.0130043" lon="13.8530561">
    <ele>112</ele>
    <time>2026-06-06T10:52:04Z</time>
    <extensions>
     <gpxdata:hr>145</gpxdata:hr>
     <gpxdata:distance>10659.00</gpxdata:distance>
     <gpxdata:speed>8.919</gpxdata:speed>
    </extensions>
   </trkpt>
   <trkpt lat="51.0129462" lon="13.8531430">
    <ele>112</ele>
    <time>2026-06-06T10:52:05Z</time>
    <extensions>
     <gpxdata:hr>144</gpxdata:hr>
     <gpxdata:distance>10668.00</gpxdata:distance>
     <gpxdata:speed>8.903</gpxdata:speed>
    </extensions>
   </trkpt>
   <trkpt lat="51.0128889" lon="13.8532305">
    <ele>112</ele>
    <time>2026-06-06T10:52:06Z</time>
    <extensions>
     <gpxdata:hr>145</gpxdata:hr>
     <gpxdata:distance>10677.00</gpxdata:distance>
     <gpxdata:speed>8.903</gpxdata:speed>
    </extensions>
   </trkpt>
   <trkpt lat="51.0128321" lon="13.8533173">
    <ele>112</ele>
    <time>2026-06-06T10:52:07Z</time>
    <extensions>
     <gpxdata:hr>145</gpxdata:hr>
     <gpxdata:distance>10685.50</gpxdata:distance>
     <gpxdata:speed>8.881</gpxdata:speed>
    </extensions>
   </trkpt>
   <trkpt lat="51.0127755" lon="13.8534031">
    <ele>112</ele>
    <time>2026-06-06T10:52:08Z</time>
    <extensions>
     <gpxdata:hr>145</gpxdata:hr>
     <gpxdata:distance>10694.00</gpxdata:distance>
     <gpxdata:speed>8.839</gpxdata:speed>
    </extensions>
   </trkpt>
   <trkpt lat="51.0127183" lon="13.8534879">
    <ele>112</ele>
    <time>2026-06-06T10:52:09Z</time>
    <extensions>
     <gpxdata:hr>146</gpxdata:hr>
     <gpxdata:distance>10703.00</gpxdata:distance>
     <gpxdata:speed>8.789</gpxdata:speed>
    </extensions>
   </trkpt>
   <trkpt lat="51.0126605" lon="13.8535729">
    <ele>111</ele>
    <time>2026-06-06T10:52:10Z</time>
    <extensions>
     <gpxdata:hr>146</gpxdata:hr>
     <gpxdata:distance>10712.00</gpxdata:distance>
     <gpxdata:speed>8.764</gpxdata:speed>
    </extensions>
   </trkpt>
   <trkpt lat="51.0126026" lon="13.8536597">
    <ele>111</ele>
    <time>2026-06-06T10:52:11Z</time>
    <extensions>
     <gpxdata:hr>146</gpxdata:hr>
     <gpxdata:distance>10720.50</gpxdata:distance>
     <gpxdata:speed>8.775</gpxdata:speed>
    </extensions>
   </trkpt>
   <trkpt lat="51.0125446" lon="13.8537475">
    <ele>112</ele>
    <time>2026-06-06T10:52:12Z</time>
    <extensions>
     <gpxdata:hr>145</gpxdata:hr>
     <gpxdata:distance>10729.00</gpxdata:distance>
     <gpxdata:speed>8.808</gpxdata:speed>
    </extensions>
   </trkpt>
   <trkpt lat="51.0124867" lon="13.8538353">
    <ele>112</ele>
    <time>2026-06-06T10:52:13Z</time>
    <extensions>
     <gpxdata:hr>145</gpxdata:hr>
     <gpxdata:distance>10738.00</gpxdata:distance>
     <gpxdata:speed>8.842</gpxdata:speed>
    </extensions>
   </trkpt>
   <trkpt lat="51.0124291" lon="13.8539232">
    <ele>112</ele>
    <time>2026-06-06T10:52:14Z</time>
    <extensions>
     <gpxdata:hr>145</gpxdata:hr>
     <gpxdata:distance>10747.00</gpxdata:distance>
     <gpxdata:speed>8.864</gpxdata:speed>
    </extensions>
   </trkpt>
   <trkpt lat="51.0123726" lon="13.8540120">
    <ele>112</ele>
    <time>2026-06-06T10:52:15Z</time>
    <extensions>
     <gpxdata:hr>145</gpxdata:hr>
     <gpxdata:distance>10756.00</gpxdata:distance>
     <gpxdata:speed>8.867</gpxdata:speed>
    </extensions>
   </trkpt>
   <trkpt lat="51.0123174" lon="13.8541019">
    <ele>112</ele>
    <time>2026-06-06T10:52:16Z</time>
    <extensions>
     <gpxdata:hr>145</gpxdata:hr>
     <gpxdata:distance>10765.00</gpxdata:distance>
     <gpxdata:speed>8.856</gpxdata:speed>
    </extensions>
   </trkpt>
   <trkpt lat="51.0122636" lon="13.8541933">
    <ele>112</ele>
    <time>2026-06-06T10:52:17Z</time>
    <extensions>
     <gpxdata:hr>146</gpxdata:hr>
     <gpxdata:distance>10773.50</gpxdata:distance>
     <gpxdata:speed>8.839</gpxdata:speed>
    </extensions>
   </trkpt>
   <trkpt lat="51.0122113" lon="13.8542871">
    <ele>112</ele>
    <time>2026-06-06T10:52:18Z</time>
    <extensions>
     <gpxdata:hr>145</gpxdata:hr>
     <gpxdata:distance>10782.00</gpxdata:distance>
     <gpxdata:speed>8.811</gpxdata:speed>
    </extensions>
   </trkpt>
   <trkpt lat="51.0121598" lon="13.8543830">
    <ele>111</ele>
    <time>2026-06-06T10:52:19Z</time>
    <extensions>
     <gpxdata:hr>145</gpxdata:hr>
     <gpxdata:distance>10791.00</gpxdata:distance>
     <gpxdata:speed>8.803</gpxdata:speed>
    </extensions>
   </trkpt>
   <trkpt lat="51.0121086" lon="13.8544797">
    <ele>111</ele>
    <time>2026-06-06T10:52:20Z</time>
    <extensions>
     <gpxdata:hr>145</gpxdata:hr>
     <gpxdata:distance>10800.00</gpxdata:distance>
     <gpxdata:speed>8.819</gpxdata:speed>
    </extensions>
   </trkpt>
   <trkpt lat="51.0120572" lon="13.8545763">
    <ele>111</ele>
    <time>2026-06-06T10:52:21Z</time>
    <extensions>
     <gpxdata:hr>145</gpxdata:hr>
     <gpxdata:distance>10809.00</gpxdata:distance>
     <gpxdata:speed>8.828</gpxdata:speed>
    </extensions>
   </trkpt>
   <trkpt lat="51.0120061" lon="13.8546727">
    <ele>111</ele>
    <time>2026-06-06T10:52:22Z</time>
    <extensions>
     <gpxdata:hr>144</gpxdata:hr>
     <gpxdata:distance>10818.00</gpxdata:distance>
     <gpxdata:speed>8.836</gpxdata:speed>
    </extensions>
   </trkpt>
   <trkpt lat="51.0119549" lon="13.8547686">
    <ele>111</ele>
    <time>2026-06-06T10:52:23Z</time>
    <extensions>
     <gpxdata:hr>143</gpxdata:hr>
     <gpxdata:distance>10826.50</gpxdata:distance>
     <gpxdata:speed>8.831</gpxdata:speed>
    </extensions>
   </trkpt>
   <trkpt lat="51.0119039" lon="13.8548640">
    <ele>111</ele>
    <time>2026-06-06T10:52:24Z</time>
    <extensions>
     <gpxdata:hr>142</gpxdata:hr>
     <gpxdata:distance>10835.00</gpxdata:distance>
     <gpxdata:speed>8.822</gpxdata:speed>
    </extensions>
   </trkpt>
   <trkpt lat="51.0118535" lon="13.8549589">
    <ele>111</ele>
    <time>2026-06-06T10:52:25Z</time>
    <extensions>
     <gpxdata:hr>142</gpxdata:hr>
     <gpxdata:distance>10844.00</gpxdata:distance>
     <gpxdata:speed>8.800</gpxdata:speed>
    </extensions>
   </trkpt>
   <trkpt lat="51.0118037" lon="13.8550530">
    <ele>112</ele>
    <time>2026-06-06T10:52:26Z</time>
    <extensions>
     <gpxdata:hr>142</gpxdata:hr>
     <gpxdata:distance>10853.00</gpxdata:distance>
     <gpxdata:speed>8.761</gpxdata:speed>
    </extensions>
   </trkpt>
   <trkpt lat="51.0117543" lon="13.8551456">
    <ele>112</ele>
    <time>2026-06-06T10:52:27Z</time>
    <extensions>
     <gpxdata:hr>142</gpxdata:hr>
     <gpxdata:distance>10861.50</gpxdata:distance>
     <gpxdata:speed>8.706</gpxdata:speed>
    </extensions>
   </trkpt>
   <trkpt lat="51.0117053" lon="13.8552375">
    <ele>111</ele>
    <time>2026-06-06T10:52:28Z</time>
    <extensions>
     <gpxdata:hr>142</gpxdata:hr>
     <gpxdata:distance>10870.00</gpxdata:distance>
     <gpxdata:speed>8.633</gpxdata:speed>
    </extensions>
   </trkpt>
   <trkpt lat="51.0116562" lon="13.8553283">
    <ele>111</ele>
    <time>2026-06-06T10:52:29Z</time>
    <extensions>
     <gpxdata:hr>142</gpxdata:hr>
     <gpxdata:distance>10878.00</gpxdata:distance>
     <gpxdata:speed>8.567</gpxdata:speed>
    </extensions>
   </trkpt>
   <trkpt lat="51.0116063" lon="13.8554185">
    <ele>111</ele>
    <time>2026-06-06T10:52:30Z</time>
    <extensions>
     <gpxdata:hr>142</gpxdata:hr>
     <gpxdata:distance>10886.00</gpxdata:distance>
     <gpxdata:speed>8.506</gpxdata:speed>
    </extensions>
   </trkpt>
   <trkpt lat="51.0115558" lon="13.8555089">
    <ele>112</ele>
    <time>2026-06-06T10:52:31Z</time>
    <extensions>
     <gpxdata:hr>142</gpxdata:hr>
     <gpxdata:distance>10894.50</gpxdata:distance>
     <gpxdata:speed>8.475</gpxdata:speed>
    </extensions>
   </trkpt>
   <trkpt lat="51.0115050" lon="13.8556003">
    <ele>112</ele>
    <time>2026-06-06T10:52:32Z</time>
    <extensions>
     <gpxdata:hr>142</gpxdata:hr>
     <gpxdata:distance>10903.00</gpxdata:distance>
     <gpxdata:speed>8.478</gpxdata:speed>
    </extensions>
   </trkpt>
   <trkpt lat="51.0114541" lon="13.8556925">
    <ele>112</ele>
    <time>2026-06-06T10:52:33Z</time>
    <extensions>
     <gpxdata:hr>142</gpxdata:hr>
     <gpxdata:distance>10912.00</gpxdata:distance>
     <gpxdata:speed>8.503</gpxdata:speed>
    </extensions>
   </trkpt>
   <trkpt lat="51.0114028" lon="13.8557843">
    <ele>112</ele>
    <time>2026-06-06T10:52:34Z</time>
    <extensions>
     <gpxdata:hr>141</gpxdata:hr>
     <gpxdata:distance>10921.00</gpxdata:distance>
     <gpxdata:speed>8.531</gpxdata:speed>
    </extensions>
   </trkpt>
   <trkpt lat="51.0113506" lon="13.8558752">
    <ele>112</ele>
    <time>2026-06-06T10:52:35Z</time>
    <extensions>
     <gpxdata:hr>141</gpxdata:hr>
     <gpxdata:distance>10929.50</gpxdata:distance>
     <gpxdata:speed>8.547</gpxdata:speed>
    </extensions>
   </trkpt>
   <trkpt lat="51.0112973" lon="13.8559649">
    <ele>112</ele>
    <time>2026-06-06T10:52:36Z</time>
    <extensions>
     <gpxdata:hr>141</gpxdata:hr>
     <gpxdata:distance>10938.00</gpxdata:distance>
     <gpxdata:speed>8.572</gpxdata:speed>
    </extensions>
   </trkpt>
   <trkpt lat="51.0112430" lon="13.8560534">
    <ele>112</ele>
    <time>2026-06-06T10:52:37Z</time>
    <extensions>
     <gpxdata:hr>142</gpxdata:hr>
     <gpxdata:distance>10946.50</gpxdata:distance>
     <gpxdata:speed>8.594</gpxdata:speed>
    </extensions>
   </trkpt>
   <trkpt lat="51.0111886" lon="13.8561416">
    <ele>112</ele>
    <time>2026-06-06T10:52:38Z</time>
    <extensions>
     <gpxdata:hr>142</gpxdata:hr>
     <gpxdata:distance>10955.00</gpxdata:distance>
     <gpxdata:speed>8.617</gpxdata:speed>
    </extensions>
   </trkpt>
   <trkpt lat="51.0111342" lon="13.8562297">
    <ele>112</ele>
    <time>2026-06-06T10:52:39Z</time>
    <extensions>
     <gpxdata:hr>142</gpxdata:hr>
     <gpxdata:distance>10963.50</gpxdata:distance>
     <gpxdata:speed>8.628</gpxdata:speed>
    </extensions>
   </trkpt>
   <trkpt lat="51.0110803" lon="13.8563176">
    <ele>112</ele>
    <time>2026-06-06T10:52:40Z</time>
    <extensions>
     <gpxdata:hr>142</gpxdata:hr>
     <gpxdata:distance>10972.00</gpxdata:distance>
     <gpxdata:speed>8.633</gpxdata:speed>
    </extensions>
   </trkpt>
   <trkpt lat="51.0110274" lon="13.8564069">
    <ele>112</ele>
    <time>2026-06-06T10:52:41Z</time>
    <extensions>
     <gpxdata:hr>142</gpxdata:hr>
     <gpxdata:distance>10981.00</gpxdata:distance>
     <gpxdata:speed>8.617</gpxdata:speed>
    </extensions>
   </trkpt>
   <trkpt lat="51.0109756" lon="13.8564981">
    <ele>112</ele>
    <time>2026-06-06T10:52:42Z</time>
    <extensions>
     <gpxdata:hr>141</gpxdata:hr>
     <gpxdata:distance>10990.00</gpxdata:distance>
     <gpxdata:speed>8.611</gpxdata:speed>
    </extensions>
   </trkpt>
   <trkpt lat="51.0109244" lon="13.8565905">
    <ele>112</ele>
    <time>2026-06-06T10:52:43Z</time>
    <extensions>
     <gpxdata:hr>141</gpxdata:hr>
     <gpxdata:distance>10998.50</gpxdata:distance>
     <gpxdata:speed>8.614</gpxdata:speed>
    </extensions>
   </trkpt>
   <trkpt lat="51.0108737" lon="13.8566829">
    <ele>111</ele>
    <time>2026-06-06T10:52:44Z</time>
    <extensions>
     <gpxdata:hr>141</gpxdata:hr>
     <gpxdata:distance>11007.00</gpxdata:distance>
     <gpxdata:speed>8.617</gpxdata:speed>
    </extensions>
   </trkpt>
   <trkpt lat="51.0108230" lon="13.8567748">
    <ele>111</ele>
    <time>2026-06-06T10:52:45Z</time>
    <extensions>
     <gpxdata:hr>140</gpxdata:hr>
     <gpxdata:distance>11015.50</gpxdata:distance>
     <gpxdata:speed>8.606</gpxdata:speed>
    </extensions>
   </trkpt>
   <trkpt lat="51.0107719" lon="13.8568652">
    <ele>111</ele>
    <time>2026-06-06T10:52:46Z</time>
    <extensions>
     <gpxdata:hr>140</gpxdata:hr>
     <gpxdata:distance>11024.00</gpxdata:distance>
     <gpxdata:speed>8.589</gpxdata:speed>
    </extensions>
   </trkpt>
   <trkpt lat="51.0107201" lon="13.8569537">
    <ele>111</ele>
    <time>2026-06-06T10:52:47Z</time>
    <extensions>
     <gpxdata:hr>139</gpxdata:hr>
     <gpxdata:distance>11032.50</gpxdata:distance>
     <gpxdata:speed>8.558</gpxdata:speed>
    </extensions>
   </trkpt>
   <trkpt lat="51.0106683" lon="13.8570415">
    <ele>111</ele>
    <time>2026-06-06T10:52:48Z</time>
    <extensions>
     <gpxdata:hr>139</gpxdata:hr>
     <gpxdata:distance>11041.00</gpxdata:distance>
     <gpxdata:speed>8.525</gpxdata:speed>
    </extensions>
   </trkpt>
   <trkpt lat="51.0106176" lon="13.8571295">
    <ele>111</ele>
    <time>2026-06-06T10:52:49Z</time>
    <extensions>
     <gpxdata:hr>139</gpxdata:hr>
     <gpxdata:distance>11049.50</gpxdata:distance>
     <gpxdata:speed>8.492</gpxdata:speed>
    </extensions>
   </trkpt>
   <trkpt lat="51.0105685" lon="13.8572182">
    <ele>111</ele>
    <time>2026-06-06T10:52:50Z</time>
    <extensions>
     <gpxdata:hr>140</gpxdata:hr>
     <gpxdata:distance>11058.00</gpxdata:distance>
     <gpxdata:speed>8.444</gpxdata:speed>
    </extensions>
   </trkpt>
   <trkpt lat="51.0105209" lon="13.8573076">
    <ele>111</ele>
    <time>2026-06-06T10:52:51Z</time>
    <extensions>
     <gpxdata:hr>140</gpxdata:hr>
     <gpxdata:distance>11066.00</gpxdata:distance>
     <gpxdata:speed>8.381</gpxdata:speed>
    </extensions>
   </trkpt>
   <trkpt lat="51.0104737" lon="13.8573979">
    <ele>111</ele>
    <time>2026-06-06T10:52:52Z</time>
    <extensions>
     <gpxdata:hr>140</gpxdata:hr>
     <gpxdata:distance>11074.00</gpxdata:distance>
     <gpxdata:speed>8.319</gpxdata:speed>
    </extensions>
   </trkpt>
   <trkpt lat="51.0104268" lon="13.8574895">
    <ele>111</ele>
    <time>2026-06-06T10:52:53Z</time>
    <extensions>
     <gpxdata:hr>140</gpxdata:hr>
     <gpxdata:distance>11082.50</gpxdata:distance>
     <gpxdata:speed>8.289</gpxdata:speed>
    </extensions>
   </trkpt>
   <trkpt lat="51.0103802" lon="13.8575831">
    <ele>111</ele>
    <time>2026-06-06T10:52:54Z</time>
    <extensions>
     <gpxdata:hr>140</gpxdata:hr>
     <gpxdata:distance>11091.00</gpxdata:distance>
     <gpxdata:speed>8.283</gpxdata:speed>
    </extensions>
   </trkpt>
   <trkpt lat="51.0103338" lon="13.8576785">
    <ele>111</ele>
    <time>2026-06-06T10:52:55Z</time>
    <extensions>
     <gpxdata:hr>140</gpxdata:hr>
     <gpxdata:distance>11099.50</gpxdata:distance>
     <gpxdata:speed>8.314</gpxdata:speed>
    </extensions>
   </trkpt>
   <trkpt lat="51.0102876" lon="13.8577757">
    <ele>111</ele>
    <time>2026-06-06T10:52:56Z</time>
    <extensions>
     <gpxdata:hr>140</gpxdata:hr>
     <gpxdata:distance>11108.00</gpxdata:distance>
     <gpxdata:speed>8.361</gpxdata:speed>
    </extensions>
   </trkpt>
   <trkpt lat="51.0102416" lon="13.8578743">
    <ele>111</ele>
    <time>2026-06-06T10:52:57Z</time>
    <extensions>
     <gpxdata:hr>140</gpxdata:hr>
     <gpxdata:distance>11116.50</gpxdata:distance>
     <gpxdata:speed>8.419</gpxdata:speed>
    </extensions>
   </trkpt>
   <trkpt lat="51.0101954" lon="13.8579740">
    <ele>111</ele>
    <time>2026-06-06T10:52:58Z</time>
    <extensions>
     <gpxdata:hr>140</gpxdata:hr>
     <gpxdata:distance>11125.00</gpxdata:distance>
     <gpxdata:speed>8.481</gpxdata:speed>
    </extensions>
   </trkpt>
   <trkpt lat="51.0101493" lon="13.8580748">
    <ele>111</ele>
    <time>2026-06-06T10:52:59Z</time>
    <extensions>
     <gpxdata:hr>140</gpxdata:hr>
     <gpxdata:distance>11133.50</gpxdata:distance>
     <gpxdata:speed>8.547</gpxdata:speed>
    </extensions>
   </trkpt>
   <trkpt lat="51.0101040" lon="13.8581777">
    <ele>111</ele>
    <time>2026-06-06T10:53:00Z</time>
    <extensions>
     <gpxdata:hr>140</gpxdata:hr>
     <gpxdata:distance>11142.00</gpxdata:distance>
     <gpxdata:speed>8.611</gpxdata:speed>
    </extensions>
   </trkpt>
   <trkpt lat="51.0100594" lon="13.8582826">
    <ele>111</ele>
    <time>2026-06-06T10:53:01Z</time>
    <extensions>
     <gpxdata:hr>140</gpxdata:hr>
     <gpxdata:distance>11151.00</gpxdata:distance>
     <gpxdata:speed>8.681</gpxdata:speed>
    </extensions>
   </trkpt>
   <trkpt lat="51.0100154" lon="13.8583884">
    <ele>111</ele>
    <time>2026-06-06T10:53:02Z</time>
    <extensions>
     <gpxdata:hr>139</gpxdata:hr>
     <gpxdata:distance>11160.00</gpxdata:distance>
     <gpxdata:speed>8.753</gpxdata:speed>
    </extensions>
   </trkpt>
   <trkpt lat="51.0099718" lon="13.8584938">
    <ele>111</ele>
    <time>2026-06-06T10:53:03Z</time>
    <extensions>
     <gpxdata:hr>139</gpxdata:hr>
     <gpxdata:distance>11169.00</gpxdata:distance>
     <gpxdata:speed>8.803</gpxdata:speed>
    </extensions>
   </trkpt>
   <trkpt lat="51.0099277" lon="13.8585974">
    <ele>110</ele>
    <time>2026-06-06T10:53:04Z</time>
    <extensions>
     <gpxdata:hr>138</gpxdata:hr>
     <gpxdata:distance>11178.00</gpxdata:distance>
     <gpxdata:speed>8.811</gpxdata:speed>
    </extensions>
   </trkpt>
   <trkpt lat="51.0098830" lon="13.8586987">
    <ele>110</ele>
    <time>2026-06-06T10:53:05Z</time>
    <extensions>
     <gpxdata:hr>138</gpxdata:hr>
     <gpxdata:distance>11186.50</gpxdata:distance>
     <gpxdata:speed>8.797</gpxdata:speed>
    </extensions>
   </trkpt>
   <trkpt lat="51.0098377" lon="13.8587975">
    <ele>110</ele>
    <time>2026-06-06T10:53:06Z</time>
    <extensions>
     <gpxdata:hr>138</gpxdata:hr>
     <gpxdata:distance>11195.00</gpxdata:distance>
     <gpxdata:speed>8.750</gpxdata:speed>
    </extensions>
   </trkpt>
   <trkpt lat="51.0097925" lon="13.8588949">
    <ele>110</ele>
    <time>2026-06-06T10:53:07Z</time>
    <extensions>
     <gpxdata:hr>138</gpxdata:hr>
     <gpxdata:distance>11203.50</gpxdata:distance>
     <gpxdata:speed>8.683</gpxdata:speed>
    </extensions>
   </trkpt>
   <trkpt lat="51.0097476" lon="13.8589916">
    <ele>110</ele>
    <time>2026-06-06T10:53:08Z</time>
    <extensions>
     <gpxdata:hr>138</gpxdata:hr>
     <gpxdata:distance>11212.00</gpxdata:distance>
     <gpxdata:speed>8.614</gpxdata:speed>
    </extensions>
   </trkpt>
   <trkpt lat="51.0097023" lon="13.8590871">
    <ele>110</ele>
    <time>2026-06-06T10:53:09Z</time>
    <extensions>
     <gpxdata:hr>140</gpxdata:hr>
     <gpxdata:distance>11220.50</gpxdata:distance>
     <gpxdata:speed>8.547</gpxdata:speed>
    </extensions>
   </trkpt>
   <trkpt lat="51.0096569" lon="13.8591790">
    <ele>110</ele>
    <time>2026-06-06T10:53:10Z</time>
    <extensions>
     <gpxdata:hr>140</gpxdata:hr>
     <gpxdata:distance>11229.00</gpxdata:distance>
     <gpxdata:speed>8.489</gpxdata:speed>
    </extensions>
   </trkpt>
   <trkpt lat="51.0096110" lon="13.8592666">
    <ele>110</ele>
    <time>2026-06-06T10:53:11Z</time>
    <extensions>
     <gpxdata:hr>140</gpxdata:hr>
     <gpxdata:distance>11236.50</gpxdata:distance>
     <gpxdata:speed>8.372</gpxdata:speed>
    </extensions>
   </trkpt>
   <trkpt lat="51.0095641" lon="13.8593488">
    <ele>110</ele>
    <time>2026-06-06T10:53:12Z</time>
    <extensions>
     <gpxdata:hr>138</gpxdata:hr>
     <gpxdata:distance>11244.00</gpxdata:distance>
     <gpxdata:speed>8.064</gpxdata:speed>
    </extensions>
   </trkpt>
   <trkpt lat="51.0095182" lon="13.8594289">
    <ele>110</ele>
    <time>2026-06-06T10:53:13Z</time>
    <extensions>
     <gpxdata:hr>138</gpxdata:hr>
     <gpxdata:distance>11252.00</gpxdata:distance>
     <gpxdata:speed>7.850</gpxdata:speed>
    </extensions>
   </trkpt>
   <trkpt lat="51.0094749" lon="13.8595093">
    <ele>110</ele>
    <time>2026-06-06T10:53:14Z</time>
    <extensions>
     <gpxdata:hr>137</gpxdata:hr>
     <gpxdata:distance>11260.00</gpxdata:distance>
     <gpxdata:speed>7.664</gpxdata:speed>
    </extensions>
   </trkpt>
   <trkpt lat="51.0094345" lon="13.8595898">
    <ele>111</ele>
    <time>2026-06-06T10:53:15Z</time>
    <extensions>
     <gpxdata:hr>136</gpxdata:hr>
     <gpxdata:distance>11267.00</gpxdata:distance>
     <gpxdata:speed>7.500</gpxdata:speed>
    </extensions>
   </trkpt>
   <trkpt lat="51.0093972" lon="13.8596695">
    <ele>111</ele>
    <time>2026-06-06T10:53:16Z</time>
    <extensions>
     <gpxdata:hr>136</gpxdata:hr>
     <gpxdata:distance>11274.00</gpxdata:distance>
     <gpxdata:speed>7.286</gpxdata:speed>
    </extensions>
   </trkpt>
   <trkpt lat="51.0093634" lon="13.8597485">
    <ele>111</ele>
    <time>2026-06-06T10:53:17Z</time>
    <extensions>
     <gpxdata:hr>136</gpxdata:hr>
     <gpxdata:distance>11280.50</gpxdata:distance>
     <gpxdata:speed>7.036</gpxdata:speed>
    </extensions>
   </trkpt>
   <trkpt lat="51.0093338" lon="13.8598256">
    <ele>111</ele>
    <time>2026-06-06T10:53:18Z</time>
    <extensions>
     <gpxdata:hr>135</gpxdata:hr>
     <gpxdata:distance>11287.00</gpxdata:distance>
     <gpxdata:speed>6.778</gpxdata:speed>
    </extensions>
   </trkpt>
   <trkpt lat="51.0093094" lon="13.8598988">
    <ele>111</ele>
    <time>2026-06-06T10:53:19Z</time>
    <extensions>
     <gpxdata:hr>134</gpxdata:hr>
     <gpxdata:distance>11293.00</gpxdata:distance>
     <gpxdata:speed>6.439</gpxdata:speed>
    </extensions>
   </trkpt>
   <trkpt lat="51.0092958" lon="13.8599504">
    <ele>111</ele>
    <time>2026-06-06T10:53:20Z</time>
    <extensions>
     <gpxdata:hr>133</gpxdata:hr>
     <gpxdata:distance>11299.00</gpxdata:distance>
     <gpxdata:speed>5.944</gpxdata:speed>
    </extensions>
   </trkpt>
   <trkpt lat="51.0092797" lon="13.8600140">
    <ele>111</ele>
    <time>2026-06-06T10:53:21Z</time>
    <extensions>
     <gpxdata:hr>132</gpxdata:hr>
     <gpxdata:distance>11304.00</gpxdata:distance>
     <gpxdata:speed>5.592</gpxdata:speed>
    </extensions>
   </trkpt>
   <trkpt lat="51.0092611" lon="13.8600764">
    <ele>111</ele>
    <time>2026-06-06T10:53:22Z</time>
    <extensions>
     <gpxdata:hr>131</gpxdata:hr>
     <gpxdata:distance>11309.00</gpxdata:distance>
     <gpxdata:speed>5.336</gpxdata:speed>
    </extensions>
   </trkpt>
   <trkpt lat="51.0092415" lon="13.8601334">
    <ele>111</ele>
    <time>2026-06-06T10:53:23Z</time>
    <extensions>
     <gpxdata:hr>130</gpxdata:hr>
     <gpxdata:distance>11313.50</gpxdata:distance>
     <gpxdata:speed>5.036</gpxdata:speed>
    </extensions>
   </trkpt>
   <trkpt lat="51.0092239" lon="13.8601851">
    <ele>111</ele>
    <time>2026-06-06T10:53:24Z</time>
    <extensions>
     <gpxdata:hr>129</gpxdata:hr>
     <gpxdata:distance>11318.00</gpxdata:distance>
     <gpxdata:speed>4.611</gpxdata:speed>
    </extensions>
   </trkpt>
   <trkpt lat="51.0092099" lon="13.8602301">
    <ele>111</ele>
    <time>2026-06-06T10:53:25Z</time>
    <extensions>
     <gpxdata:hr>128</gpxdata:hr>
     <gpxdata:distance>11321.00</gpxdata:distance>
     <gpxdata:speed>4.139</gpxdata:speed>
    </extensions>
   </trkpt>
   <trkpt lat="51.0092025" lon="13.8602643">
    <ele>111</ele>
    <time>2026-06-06T10:53:26Z</time>
    <extensions>
     <gpxdata:hr>126</gpxdata:hr>
     <gpxdata:distance>11324.00</gpxdata:distance>
     <gpxdata:speed>3.525</gpxdata:speed>
    </extensions>
   </trkpt>
   <trkpt lat="51.0092042" lon="13.8602741">
    <ele>111</ele>
    <time>2026-06-06T10:53:27Z</time>
    <extensions>
     <gpxdata:hr>125</gpxdata:hr>
     <gpxdata:distance>11325.00</gpxdata:distance>
     <gpxdata:speed>2.492</gpxdata:speed>
    </extensions>
   </trkpt>
   <trkpt lat="51.0092119" lon="13.8602723">
    <ele>111</ele>
    <time>2026-06-06T10:53:28Z</time>
    <extensions>
     <gpxdata:hr>125</gpxdata:hr>
     <gpxdata:distance>11326.00</gpxdata:distance>
     <gpxdata:speed>2.125</gpxdata:speed>
    </extensions>
   </trkpt>
   <trkpt lat="51.0092238" lon="13.8602519">
    <ele>111</ele>
    <time>2026-06-06T10:53:29Z</time>
    <extensions>
     <gpxdata:hr>125</gpxdata:hr>
     <gpxdata:distance>11329.00</gpxdata:distance>
     <gpxdata:speed>2.125</gpxdata:speed>
    </extensions>
   </trkpt>
   <trkpt lat="51.0092375" lon="13.8602142">
    <ele>111</ele>
    <time>2026-06-06T10:53:30Z</time>
    <extensions>
     <gpxdata:hr>125</gpxdata:hr>
     <gpxdata:distance>11332.00</gpxdata:distance>
     <gpxdata:speed>2.375</gpxdata:speed>
    </extensions>
   </trkpt>
   <trkpt lat="51.0092599" lon="13.8601314">
    <ele>110</ele>
    <time>2026-06-06T10:53:31Z</time>
    <extensions>
     <gpxdata:hr>126</gpxdata:hr>
     <gpxdata:distance>11337.00</gpxdata:distance>
     <gpxdata:speed>4.017</gpxdata:speed>
    </extensions>
   </trkpt>
   <trkpt lat="51.0092768" lon="13.8600613">
    <ele>110</ele>
    <time>2026-06-06T10:53:32Z</time>
    <extensions>
     <gpxdata:hr>126</gpxdata:hr>
     <gpxdata:distance>11342.00</gpxdata:distance>
     <gpxdata:speed>4.294</gpxdata:speed>
    </extensions>
   </trkpt>
   <trkpt lat="51.0092937" lon="13.8599915">
    <ele>110</ele>
    <time>2026-06-06T10:53:33Z</time>
    <extensions>
     <gpxdata:hr>127</gpxdata:hr>
     <gpxdata:distance>11347.00</gpxdata:distance>
     <gpxdata:speed>4.594</gpxdata:speed>
    </extensions>
   </trkpt>
   <trkpt lat="51.0093125" lon="13.8599210">
    <ele>110</ele>
    <time>2026-06-06T10:53:34Z</time>
    <extensions>
     <gpxdata:hr>127</gpxdata:hr>
     <gpxdata:distance>11352.00</gpxdata:distance>
     <gpxdata:speed>4.831</gpxdata:speed>
    </extensions>
   </trkpt>
   <trkpt lat="51.0093342" lon="13.8598508">
    <ele>110</ele>
    <time>2026-06-06T10:53:35Z</time>
    <extensions>
     <gpxdata:hr>127</gpxdata:hr>
     <gpxdata:distance>11357.50</gpxdata:distance>
     <gpxdata:speed>5.264</gpxdata:speed>
    </extensions>
   </trkpt>
   <trkpt lat="51.0093585" lon="13.8597803">
    <ele>110</ele>
    <time>2026-06-06T10:53:36Z</time>
    <extensions>
     <gpxdata:hr>128</gpxdata:hr>
     <gpxdata:distance>11363.00</gpxdata:distance>
     <gpxdata:speed>5.456</gpxdata:speed>
    </extensions>
   </trkpt>
   <trkpt lat="51.0093849" lon="13.8597093">
    <ele>110</ele>
    <time>2026-06-06T10:53:37Z</time>
    <extensions>
     <gpxdata:hr>128</gpxdata:hr>
     <gpxdata:distance>11369.00</gpxdata:distance>
     <gpxdata:speed>5.625</gpxdata:speed>
    </extensions>
   </trkpt>
   <trkpt lat="51.0094135" lon="13.8596387">
    <ele>111</ele>
    <time>2026-06-06T10:53:38Z</time>
    <extensions>
     <gpxdata:hr>128</gpxdata:hr>
     <gpxdata:distance>11375.00</gpxdata:distance>
     <gpxdata:speed>5.769</gpxdata:speed>
    </extensions>
   </trkpt>
   <trkpt lat="51.0094441" lon="13.8595686">
    <ele>111</ele>
    <time>2026-06-06T10:53:39Z</time>
    <extensions>
     <gpxdata:hr>128</gpxdata:hr>
     <gpxdata:distance>11381.00</gpxdata:distance>
     <gpxdata:speed>5.878</gpxdata:speed>
    </extensions>
   </trkpt>
   <trkpt lat="51.0094762" lon="13.8594988">
    <ele>111</ele>
    <time>2026-06-06T10:53:40Z</time>
    <extensions>
     <gpxdata:hr>129</gpxdata:hr>
     <gpxdata:distance>11387.00</gpxdata:distance>
     <gpxdata:speed>5.972</gpxdata:speed>
    </extensions>
   </trkpt>
   <trkpt lat="51.0095206" lon="13.8594057">
    <ele>111</ele>
    <time>2026-06-06T10:53:41Z</time>
    <extensions>
     <gpxdata:hr>129</gpxdata:hr>
     <gpxdata:distance>11393.50</gpxdata:distance>
     <gpxdata:speed>6.050</gpxdata:speed>
    </extensions>
   </trkpt>
   <trkpt lat="51.0095569" lon="13.8593339">
    <ele>111</ele>
    <time>2026-06-06T10:53:42Z</time>
    <extensions>
     <gpxdata:hr>129</gpxdata:hr>
     <gpxdata:distance>11400.00</gpxdata:distance>
     <gpxdata:speed>6.133</gpxdata:speed>
    </extensions>
   </trkpt>
   <trkpt lat="51.0095928" lon="13.8592653">
    <ele>111</ele>
    <time>2026-06-06T10:53:43Z</time>
    <extensions>
     <gpxdata:hr>128</gpxdata:hr>
     <gpxdata:distance>11406.00</gpxdata:distance>
     <gpxdata:speed>6.181</gpxdata:speed>
    </extensions>
   </trkpt>
   <trkpt lat="51.0096283" lon="13.8591972">
    <ele>111</ele>
    <time>2026-06-06T10:53:44Z</time>
    <extensions>
     <gpxdata:hr>128</gpxdata:hr>
     <gpxdata:distance>11412.00</gpxdata:distance>
     <gpxdata:speed>6.186</gpxdata:speed>
    </extensions>
   </trkpt>
   <trkpt lat="51.0096641" lon="13.8591296">
    <ele>111</ele>
    <time>2026-06-06T10:53:45Z</time>
    <extensions>
     <gpxdata:hr>128</gpxdata:hr>
     <gpxdata:distance>11418.00</gpxdata:distance>
     <gpxdata:speed>6.197</gpxdata:speed>
    </extensions>
   </trkpt>
   <trkpt lat="51.0097013" lon="13.8590624">
    <ele>111</ele>
    <time>2026-06-06T10:53:46Z</time>
    <extensions>
     <gpxdata:hr>128</gpxdata:hr>
     <gpxdata:distance>11424.00</gpxdata:distance>
     <gpxdata:speed>6.211</gpxdata:speed>
    </extensions>
   </trkpt>
   <trkpt lat="51.0097389" lon="13.8589945">
    <ele>111</ele>
    <time>2026-06-06T10:53:47Z</time>
    <extensions>
     <gpxdata:hr>127</gpxdata:hr>
     <gpxdata:distance>11430.50</gpxdata:distance>
     <gpxdata:speed>6.250</gpxdata:speed>
    </extensions>
   </trkpt>
   <trkpt lat="51.0097762" lon="13.8589248">
    <ele>111</ele>
    <time>2026-06-06T10:53:48Z</time>
    <extensions>
     <gpxdata:hr>126</gpxdata:hr>
     <gpxdata:distance>11437.00</gpxdata:distance>
     <gpxdata:speed>6.294</gpxdata:speed>
    </extensions>
   </trkpt>
   <trkpt lat="51.0098134" lon="13.8588530">
    <ele>111</ele>
    <time>2026-06-06T10:53:49Z</time>
    <extensions>
     <gpxdata:hr>126</gpxdata:hr>
     <gpxdata:distance>11443.50</gpxdata:distance>
     <gpxdata:speed>6.347</gpxdata:speed>
    </extensions>
   </trkpt>
   <trkpt lat="51.0098497" lon="13.8587784">
    <ele>111</ele>
    <time>2026-06-06T10:53:50Z</time>
    <extensions>
     <gpxdata:hr>125</gpxdata:hr>
     <gpxdata:distance>11450.00</gpxdata:distance>
     <gpxdata:speed>6.464</gpxdata:speed>
    </extensions>
   </trkpt>
   <trkpt lat="51.0098850" lon="13.8587004">
    <ele>111</ele>
    <time>2026-06-06T10:53:51Z</time>
    <extensions>
     <gpxdata:hr>125</gpxdata:hr>
     <gpxdata:distance>11457.00</gpxdata:distance>
     <gpxdata:speed>6.561</gpxdata:speed>
    </extensions>
   </trkpt>
   <trkpt lat="51.0099195" lon="13.8586192">
    <ele>111</ele>
    <time>2026-06-06T10:53:52Z</time>
    <extensions>
     <gpxdata:hr>125</gpxdata:hr>
     <gpxdata:distance>11464.00</gpxdata:distance>
     <gpxdata:speed>6.678</gpxdata:speed>
    </extensions>
   </trkpt>
   <trkpt lat="51.0099530" lon="13.8585353">
    <ele>111</ele>
    <time>2026-06-06T10:53:53Z</time>
    <extensions>
     <gpxdata:hr>126</gpxdata:hr>
     <gpxdata:distance>11471.00</gpxdata:distance>
     <gpxdata:speed>6.803</gpxdata:speed>
    </extensions>
   </trkpt>
   <trkpt lat="51.0099856" lon="13.8584493">
    <ele>111</ele>
    <time>2026-06-06T10:53:54Z</time>
    <extensions>
     <gpxdata:hr>127</gpxdata:hr>
     <gpxdata:distance>11478.00</gpxdata:distance>
     <gpxdata:speed>6.897</gpxdata:speed>
    </extensions>
   </trkpt>
   <trkpt lat="51.0100178" lon="13.8583623">
    <ele>111</ele>
    <time>2026-06-06T10:53:55Z</time>
    <extensions>
     <gpxdata:hr>128</gpxdata:hr>
     <gpxdata:distance>11485.00</gpxdata:distance>
     <gpxdata:speed>6.983</gpxdata:speed>
    </extensions>
   </trkpt>
   <trkpt lat="51.0100502" lon="13.8582760">
    <ele>111</ele>
    <time>2026-06-06T10:53:56Z</time>
    <extensions>
     <gpxdata:hr>128</gpxdata:hr>
     <gpxdata:distance>11492.00</gpxdata:distance>
     <gpxdata:speed>7.022</gpxdata:speed>
    </extensions>
   </trkpt>
   <trkpt lat="51.0100837" lon="13.8581903">
    <ele>111</ele>
    <time>2026-06-06T10:53:57Z</time>
    <extensions>
     <gpxdata:hr>128</gpxdata:hr>
     <gpxdata:distance>11499.00</gpxdata:distance>
     <gpxdata:speed>7.017</gpxdata:speed>
    </extensions>
   </trkpt>
   <trkpt lat="51.0101185" lon="13.8581057">
    <ele>111</ele>
    <time>2026-06-06T10:53:58Z</time>
    <extensions>
     <gpxdata:hr>128</gpxdata:hr>
     <gpxdata:distance>11506.00</gpxdata:distance>
     <gpxdata:speed>7.058</gpxdata:speed>
    </extensions>
   </trkpt>
   <trkpt lat="51.0101541" lon="13.8580224">
    <ele>111</ele>
    <time>2026-06-06T10:53:59Z</time>
    <extensions>
     <gpxdata:hr>128</gpxdata:hr>
     <gpxdata:distance>11513.00</gpxdata:distance>
     <gpxdata:speed>7.069</gpxdata:speed>
    </extensions>
   </trkpt>
   <trkpt lat="51.0101904" lon="13.8579408">
    <ele>111</ele>
    <time>2026-06-06T10:54:00Z</time>
    <extensions>
     <gpxdata:hr>128</gpxdata:hr>
     <gpxdata:distance>11520.00</gpxdata:distance>
     <gpxdata:speed>7.050</gpxdata:speed>
    </extensions>
   </trkpt>
   <trkpt lat="51.0102274" lon="13.8578609">
    <ele>111</ele>
    <time>2026-06-06T10:54:01Z</time>
    <extensions>
     <gpxdata:hr>128</gpxdata:hr>
     <gpxdata:distance>11527.00</gpxdata:distance>
     <gpxdata:speed>7.017</gpxdata:speed>
    </extensions>
   </trkpt>
   <trkpt lat="51.0102646" lon="13.8577820">
    <ele>112</ele>
    <time>2026-06-06T10:54:02Z</time>
    <extensions>
     <gpxdata:hr>128</gpxdata:hr>
     <gpxdata:distance>11534.00</gpxdata:distance>
     <gpxdata:speed>6.989</gpxdata:speed>
    </extensions>
   </trkpt>
   <trkpt lat="51.0103015" lon="13.8577031">
    <ele>112</ele>
    <time>2026-06-06T10:54:03Z</time>
    <extensions>
     <gpxdata:hr>128</gpxdata:hr>
     <gpxdata:distance>11540.50</gpxdata:distance>
     <gpxdata:speed>6.958</gpxdata:speed>
    </extensions>
   </trkpt>
   <trkpt lat="51.0103398" lon="13.8576244">
    <ele>112</ele>
    <time>2026-06-06T10:54:04Z</time>
    <extensions>
     <gpxdata:hr>128</gpxdata:hr>
     <gpxdata:distance>11547.00</gpxdata:distance>
     <gpxdata:speed>6.936</gpxdata:speed>
    </extensions>
   </trkpt>
   <trkpt lat="51.0103797" lon="13.8575470">
    <ele>112</ele>
    <time>2026-06-06T10:54:05Z</time>
    <extensions>
     <gpxdata:hr>128</gpxdata:hr>
     <gpxdata:distance>11554.50</gpxdata:distance>
     <gpxdata:speed>6.956</gpxdata:speed>
    </extensions>
   </trkpt>
   <trkpt lat="51.0104209" lon="13.8574714">
    <ele>112</ele>
    <time>2026-06-06T10:54:06Z</time>
    <extensions>
     <gpxdata:hr>128</gpxdata:hr>
     <gpxdata:distance>11562.00</gpxdata:distance>
     <gpxdata:speed>6.975</gpxdata:speed>
    </extensions>
   </trkpt>
   <trkpt lat="51.0104625" lon="13.8573972">
    <ele>112</ele>
    <time>2026-06-06T10:54:07Z</time>
    <extensions>
     <gpxdata:hr>128</gpxdata:hr>
     <gpxdata:distance>11568.50</gpxdata:distance>
     <gpxdata:speed>6.981</gpxdata:speed>
    </extensions>
   </trkpt>
   <trkpt lat="51.0105047" lon="13.8573230">
    <ele>112</ele>
    <time>2026-06-06T10:54:08Z</time>
    <extensions>
     <gpxdata:hr>128</gpxdata:hr>
     <gpxdata:distance>11575.00</gpxdata:distance>
     <gpxdata:speed>6.967</gpxdata:speed>
    </extensions>
   </trkpt>
   <trkpt lat="51.0105476" lon="13.8572470">
    <ele>112</ele>
    <time>2026-06-06T10:54:09Z</time>
    <extensions>
     <gpxdata:hr>128</gpxdata:hr>
     <gpxdata:distance>11582.50</gpxdata:distance>
     <gpxdata:speed>6.986</gpxdata:speed>
    </extensions>
   </trkpt>
   <trkpt lat="51.0105914" lon="13.8571686">
    <ele>112</ele>
    <time>2026-06-06T10:54:10Z</time>
    <extensions>
     <gpxdata:hr>128</gpxdata:hr>
     <gpxdata:distance>11590.00</gpxdata:distance>
     <gpxdata:speed>7.053</gpxdata:speed>
    </extensions>
   </trkpt>
   <trkpt lat="51.0106359" lon="13.8570884">
    <ele>112</ele>
    <time>2026-06-06T10:54:11Z</time>
    <extensions>
     <gpxdata:hr>129</gpxdata:hr>
     <gpxdata:distance>11597.50</gpxdata:distance>
     <gpxdata:speed>7.161</gpxdata:speed>
    </extensions>
   </trkpt>
   <trkpt lat="51.0106809" lon="13.8570070">
    <ele>112</ele>
    <time>2026-06-06T10:54:12Z</time>
    <extensions>
     <gpxdata:hr>128</gpxdata:hr>
     <gpxdata:distance>11605.00</gpxdata:distance>
     <gpxdata:speed>7.278</gpxdata:speed>
    </extensions>
   </trkpt>
   <trkpt lat="51.0107263" lon="13.8569248">
    <ele>112</ele>
    <time>2026-06-06T10:54:13Z</time>
    <extensions>
     <gpxdata:hr>129</gpxdata:hr>
     <gpxdata:distance>11612.50</gpxdata:distance>
     <gpxdata:speed>7.386</gpxdata:speed>
    </extensions>
   </trkpt>
   <trkpt lat="51.0107727" lon="13.8568420">
    <ele>112</ele>
    <time>2026-06-06T10:54:14Z</time>
    <extensions>
     <gpxdata:hr>129</gpxdata:hr>
     <gpxdata:distance>11620.00</gpxdata:distance>
     <gpxdata:speed>7.486</gpxdata:speed>
    </extensions>
   </trkpt>
   <trkpt lat="51.0108204" lon="13.8567589">
    <ele>112</ele>
    <time>2026-06-06T10:54:15Z</time>
    <extensions>
     <gpxdata:hr>128</gpxdata:hr>
     <gpxdata:distance>11628.00</gpxdata:distance>
     <gpxdata:speed>7.653</gpxdata:speed>
    </extensions>
   </trkpt>
   <trkpt lat="51.0108690" lon="13.8566757">
    <ele>112</ele>
    <time>2026-06-06T10:54:16Z</time>
    <extensions>
     <gpxdata:hr>128</gpxdata:hr>
     <gpxdata:distance>11636.00</gpxdata:distance>
     <gpxdata:speed>7.811</gpxdata:speed>
    </extensions>
   </trkpt>
   <trkpt lat="51.0109178" lon="13.8565924">
    <ele>112</ele>
    <time>2026-06-06T10:54:17Z</time>
    <extensions>
     <gpxdata:hr>128</gpxdata:hr>
     <gpxdata:distance>11644.00</gpxdata:distance>
     <gpxdata:speed>7.903</gpxdata:speed>
    </extensions>
   </trkpt>
   <trkpt lat="51.0109664" lon="13.8565083">
    <ele>112</ele>
    <time>2026-06-06T10:54:18Z</time>
    <extensions>
     <gpxdata:hr>128</gpxdata:hr>
     <gpxdata:distance>11652.00</gpxdata:distance>
     <gpxdata:speed>7.939</gpxdata:speed>
    </extensions>
   </trkpt>
   <trkpt lat="51.0110143" lon="13.8564229">
    <ele>112</ele>
    <time>2026-06-06T10:54:19Z</time>
    <extensions>
     <gpxdata:hr>128</gpxdata:hr>
     <gpxdata:distance>11660.00</gpxdata:distance>
     <gpxdata:speed>7.961</gpxdata:speed>
    </extensions>
   </trkpt>
   <trkpt lat="51.0110627" lon="13.8563376">
    <ele>112</ele>
    <time>2026-06-06T10:54:20Z</time>
    <extensions>
     <gpxdata:hr>128</gpxdata:hr>
     <gpxdata:distance>11668.00</gpxdata:distance>
     <gpxdata:speed>8.003</gpxdata:speed>
    </extensions>
   </trkpt>
   <trkpt lat="51.0111121" lon="13.8562546">
    <ele>112</ele>
    <time>2026-06-06T10:54:21Z</time>
    <extensions>
     <gpxdata:hr>127</gpxdata:hr>
     <gpxdata:distance>11676.00</gpxdata:distance>
     <gpxdata:speed>8.025</gpxdata:speed>
    </extensions>
   </trkpt>
   <trkpt lat="51.0111623" lon="13.8561738">
    <ele>112</ele>
    <time>2026-06-06T10:54:22Z</time>
    <extensions>
     <gpxdata:hr>127</gpxdata:hr>
     <gpxdata:distance>11684.00</gpxdata:distance>
     <gpxdata:speed>8.003</gpxdata:speed>
    </extensions>
   </trkpt>
   <trkpt lat="51.0112126" lon="13.8560935">
    <ele>112</ele>
    <time>2026-06-06T10:54:23Z</time>
    <extensions>
     <gpxdata:hr>128</gpxdata:hr>
     <gpxdata:distance>11692.00</gpxdata:distance>
     <gpxdata:speed>7.983</gpxdata:speed>
    </extensions>
   </trkpt>
   <trkpt lat="51.0112618" lon="13.8560122">
    <ele>112</ele>
    <time>2026-06-06T10:54:24Z</time>
    <extensions>
     <gpxdata:hr>128</gpxdata:hr>
     <gpxdata:distance>11700.00</gpxdata:distance>
     <gpxdata:speed>7.972</gpxdata:speed>
    </extensions>
   </trkpt>
   <trkpt lat="51.0113113" lon="13.8559305">
    <ele>112</ele>
    <time>2026-06-06T10:54:25Z</time>
    <extensions>
     <gpxdata:hr>128</gpxdata:hr>
     <gpxdata:distance>11708.00</gpxdata:distance>
     <gpxdata:speed>7.947</gpxdata:speed>
    </extensions>
   </trkpt>
   <trkpt lat="51.0113619" lon="13.8558480">
    <ele>112</ele>
    <time>2026-06-06T10:54:26Z</time>
    <extensions>
     <gpxdata:hr>128</gpxdata:hr>
     <gpxdata:distance>11716.00</gpxdata:distance>
     <gpxdata:speed>7.953</gpxdata:speed>
    </extensions>
   </trkpt>
   <trkpt lat="51.0114140" lon="13.8557630">
    <ele>112</ele>
    <time>2026-06-06T10:54:27Z</time>
    <extensions>
     <gpxdata:hr>128</gpxdata:hr>
     <gpxdata:distance>11724.00</gpxdata:distance>
     <gpxdata:speed>8.006</gpxdata:speed>
    </extensions>
   </trkpt>
   <trkpt lat="51.0114653" lon="13.8556750">
    <ele>112</ele>
    <time>2026-06-06T10:54:28Z</time>
    <extensions>
     <gpxdata:hr>129</gpxdata:hr>
     <gpxdata:distance>11732.00</gpxdata:distance>
     <gpxdata:speed>8.122</gpxdata:speed>
    </extensions>
   </trkpt>
   <trkpt lat="51.0115155" lon="13.8555843">
    <ele>112</ele>
    <time>2026-06-06T10:54:29Z</time>
    <extensions>
     <gpxdata:hr>129</gpxdata:hr>
     <gpxdata:distance>11740.50</gpxdata:distance>
     <gpxdata:speed>8.219</gpxdata:speed>
    </extensions>
   </trkpt>
   <trkpt lat="51.0115657" lon="13.8554907">
    <ele>112</ele>
    <time>2026-06-06T10:54:30Z</time>
    <extensions>
     <gpxdata:hr>130</gpxdata:hr>
     <gpxdata:distance>11749.00</gpxdata:distance>
     <gpxdata:speed>8.300</gpxdata:speed>
    </extensions>
   </trkpt>
   <trkpt lat="51.0116161" lon="13.8553959">
    <ele>112</ele>
    <time>2026-06-06T10:54:31Z</time>
    <extensions>
     <gpxdata:hr>130</gpxdata:hr>
     <gpxdata:distance>11758.00</gpxdata:distance>
     <gpxdata:speed>8.417</gpxdata:speed>
    </extensions>
   </trkpt>
   <trkpt lat="51.0116670" lon="13.8553013">
    <ele>112</ele>
    <time>2026-06-06T10:54:32Z</time>
    <extensions>
     <gpxdata:hr>130</gpxdata:hr>
     <gpxdata:distance>11767.00</gpxdata:distance>
     <gpxdata:speed>8.508</gpxdata:speed>
    </extensions>
   </trkpt>
   <trkpt lat="51.0117190" lon="13.8552074">
    <ele>112</ele>
    <time>2026-06-06T10:54:33Z</time>
    <extensions>
     <gpxdata:hr>130</gpxdata:hr>
     <gpxdata:distance>11775.50</gpxdata:distance>
     <gpxdata:speed>8.586</gpxdata:speed>
    </extensions>
   </trkpt>
   <trkpt lat="51.0117720" lon="13.8551139">
    <ele>112</ele>
    <time>2026-06-06T10:54:34Z</time>
    <extensions>
     <gpxdata:hr>130</gpxdata:hr>
     <gpxdata:distance>11784.00</gpxdata:distance>
     <gpxdata:speed>8.667</gpxdata:speed>
    </extensions>
   </trkpt>
   <trkpt lat="51.0118243" lon="13.8550206">
    <ele>112</ele>
    <time>2026-06-06T10:54:35Z</time>
    <extensions>
     <gpxdata:hr>130</gpxdata:hr>
     <gpxdata:distance>11793.00</gpxdata:distance>
     <gpxdata:speed>8.758</gpxdata:speed>
    </extensions>
   </trkpt>
   <trkpt lat="51.0118747" lon="13.8549287">
    <ele>112</ele>
    <time>2026-06-06T10:54:36Z</time>
    <extensions>
     <gpxdata:hr>129</gpxdata:hr>
     <gpxdata:distance>11802.00</gpxdata:distance>
     <gpxdata:speed>8.742</gpxdata:speed>
    </extensions>
   </trkpt>
   <trkpt lat="51.0119233" lon="13.8548397">
    <ele>112</ele>
    <time>2026-06-06T10:54:37Z</time>
    <extensions>
     <gpxdata:hr>129</gpxdata:hr>
     <gpxdata:distance>11810.00</gpxdata:distance>
     <gpxdata:speed>8.633</gpxdata:speed>
    </extensions>
   </trkpt>
   <trkpt lat="51.0119711" lon="13.8547522">
    <ele>112</ele>
    <time>2026-06-06T10:54:38Z</time>
    <extensions>
     <gpxdata:hr>129</gpxdata:hr>
     <gpxdata:distance>11818.00</gpxdata:distance>
     <gpxdata:speed>8.481</gpxdata:speed>
    </extensions>
   </trkpt>
   <trkpt lat="51.0120182" lon="13.8546631">
    <ele>111</ele>
    <time>2026-06-06T10:54:39Z</time>
    <extensions>
     <gpxdata:hr>129</gpxdata:hr>
     <gpxdata:distance>11826.00</gpxdata:distance>
     <gpxdata:speed>8.358</gpxdata:speed>
    </extensions>
   </trkpt>
   <trkpt lat="51.0120648" lon="13.8545712">
    <ele>111</ele>
    <time>2026-06-06T10:54:40Z</time>
    <extensions>
     <gpxdata:hr>129</gpxdata:hr>
     <gpxdata:distance>11834.00</gpxdata:distance>
     <gpxdata:speed>8.303</gpxdata:speed>
    </extensions>
   </trkpt>
   <trkpt lat="51.0121115" lon="13.8544771">
    <ele>111</ele>
    <time>2026-06-06T10:54:41Z</time>
    <extensions>
     <gpxdata:hr>128</gpxdata:hr>
     <gpxdata:distance>11842.50</gpxdata:distance>
     <gpxdata:speed>8.308</gpxdata:speed>
    </extensions>
   </trkpt>
   <trkpt lat="51.0121592" lon="13.8543828">
    <ele>111</ele>
    <time>2026-06-06T10:54:42Z</time>
    <extensions>
     <gpxdata:hr>128</gpxdata:hr>
     <gpxdata:distance>11851.00</gpxdata:distance>
     <gpxdata:speed>8.339</gpxdata:speed>
    </extensions>
   </trkpt>
   <trkpt lat="51.0122086" lon="13.8542900">
    <ele>112</ele>
    <time>2026-06-06T10:54:43Z</time>
    <extensions>
     <gpxdata:hr>128</gpxdata:hr>
     <gpxdata:distance>11859.50</gpxdata:distance>
     <gpxdata:speed>8.386</gpxdata:speed>
    </extensions>
   </trkpt>
   <trkpt lat="51.0122593" lon="13.8541990">
    <ele>112</ele>
    <time>2026-06-06T10:54:44Z</time>
    <extensions>
     <gpxdata:hr>128</gpxdata:hr>
     <gpxdata:distance>11868.00</gpxdata:distance>
     <gpxdata:speed>8.425</gpxdata:speed>
    </extensions>
   </trkpt>
   <trkpt lat="51.0123108" lon="13.8541088">
    <ele>112</ele>
    <time>2026-06-06T10:54:45Z</time>
    <extensions>
     <gpxdata:hr>128</gpxdata:hr>
     <gpxdata:distance>11876.50</gpxdata:distance>
     <gpxdata:speed>8.447</gpxdata:speed>
    </extensions>
   </trkpt>
   <trkpt lat="51.0123627" lon="13.8540187">
    <ele>112</ele>
    <time>2026-06-06T10:54:46Z</time>
    <extensions>
     <gpxdata:hr>128</gpxdata:hr>
     <gpxdata:distance>11885.00</gpxdata:distance>
     <gpxdata:speed>8.475</gpxdata:speed>
    </extensions>
   </trkpt>
   <trkpt lat="51.0124153" lon="13.8539299">
    <ele>112</ele>
    <time>2026-06-06T10:54:47Z</time>
    <extensions>
     <gpxdata:hr>128</gpxdata:hr>
     <gpxdata:distance>11893.50</gpxdata:distance>
     <gpxdata:speed>8.503</gpxdata:speed>
    </extensions>
   </trkpt>
   <trkpt lat="51.0124693" lon="13.8538435">
    <ele>112</ele>
    <time>2026-06-06T10:54:48Z</time>
    <extensions>
     <gpxdata:hr>128</gpxdata:hr>
     <gpxdata:distance>11902.00</gpxdata:distance>
     <gpxdata:speed>8.519</gpxdata:speed>
    </extensions>
   </trkpt>
   <trkpt lat="51.0125256" lon="13.8537596">
    <ele>112</ele>
    <time>2026-06-06T10:54:49Z</time>
    <extensions>
     <gpxdata:hr>128</gpxdata:hr>
     <gpxdata:distance>11911.00</gpxdata:distance>
     <gpxdata:speed>8.525</gpxdata:speed>
    </extensions>
   </trkpt>
   <trkpt lat="51.0125827" lon="13.8536755">
    <ele>112</ele>
    <time>2026-06-06T10:54:50Z</time>
    <extensions>
     <gpxdata:hr>128</gpxdata:hr>
     <gpxdata:distance>11920.00</gpxdata:distance>
     <gpxdata:speed>8.561</gpxdata:speed>
    </extensions>
   </trkpt>
   <trkpt lat="51.0126398" lon="13.8535901">
    <ele>112</ele>
    <time>2026-06-06T10:54:51Z</time>
    <extensions>
     <gpxdata:hr>128</gpxdata:hr>
     <gpxdata:distance>11928.50</gpxdata:distance>
     <gpxdata:speed>8.606</gpxdata:speed>
    </extensions>
   </trkpt>
   <trkpt lat="51.0126965" lon="13.8535041">
    <ele>112</ele>
    <time>2026-06-06T10:54:52Z</time>
    <extensions>
     <gpxdata:hr>128</gpxdata:hr>
     <gpxdata:distance>11937.00</gpxdata:distance>
     <gpxdata:speed>8.647</gpxdata:speed>
    </extensions>
   </trkpt>
   <trkpt lat="51.0127530" lon="13.8534193">
    <ele>112</ele>
    <time>2026-06-06T10:54:53Z</time>
    <extensions>
     <gpxdata:hr>128</gpxdata:hr>
     <gpxdata:distance>11945.50</gpxdata:distance>
     <gpxdata:speed>8.672</gpxdata:speed>
    </extensions>
   </trkpt>
   <trkpt lat="51.0128094" lon="13.8533355">
    <ele>112</ele>
    <time>2026-06-06T10:54:54Z</time>
    <extensions>
     <gpxdata:hr>128</gpxdata:hr>
     <gpxdata:distance>11954.00</gpxdata:distance>
     <gpxdata:speed>8.658</gpxdata:speed>
    </extensions>
   </trkpt>
   <trkpt lat="51.0128656" lon="13.8532508">
    <ele>112</ele>
    <time>2026-06-06T10:54:55Z</time>
    <extensions>
     <gpxdata:hr>128</gpxdata:hr>
     <gpxdata:distance>11963.00</gpxdata:distance>
     <gpxdata:speed>8.633</gpxdata:speed>
    </extensions>
   </trkpt>
   <trkpt lat="51.0129216" lon="13.8531640">
    <ele>112</ele>
    <time>2026-06-06T10:54:56Z</time>
    <extensions>
     <gpxdata:hr>129</gpxdata:hr>
     <gpxdata:distance>11972.00</gpxdata:distance>
     <gpxdata:speed>8.636</gpxdata:speed>
    </extensions>
   </trkpt>
   <trkpt lat="51.0129781" lon="13.8530770">
    <ele>112</ele>
    <time>2026-06-06T10:54:57Z</time>
    <extensions>
     <gpxdata:hr>129</gpxdata:hr>
     <gpxdata:distance>11980.50</gpxdata:distance>
     <gpxdata:speed>8.667</gpxdata:speed>
    </extensions>
   </trkpt>
   <trkpt lat="51.0130359" lon="13.8529924">
    <ele>112</ele>
    <time>2026-06-06T10:54:58Z</time>
    <extensions>
     <gpxdata:hr>129</gpxdata:hr>
     <gpxdata:distance>11989.00</gpxdata:distance>
     <gpxdata:speed>8.697</gpxdata:speed>
    </extensions>
   </trkpt>
   <trkpt lat="51.0130946" lon="13.8529097">
    <ele>112</ele>
    <time>2026-06-06T10:54:59Z</time>
    <extensions>
     <gpxdata:hr>129</gpxdata:hr>
     <gpxdata:distance>11998.00</gpxdata:distance>
     <gpxdata:speed>8.717</gpxdata:speed>
    </extensions>
   </trkpt>
   <trkpt lat="51.0131530" lon="13.8528267">
    <ele>112</ele>
    <time>2026-06-06T10:55:00Z</time>
    <extensions>
     <gpxdata:hr>129</gpxdata:hr>
     <gpxdata:distance>12007.00</gpxdata:distance>
     <gpxdata:speed>8.717</gpxdata:speed>
    </extensions>
   </trkpt>
   <trkpt lat="51.0132106" lon="13.8527427">
    <ele>112</ele>
    <time>2026-06-06T10:55:01Z</time>
    <extensions>
     <gpxdata:hr>129</gpxdata:hr>
     <gpxdata:distance>12015.50</gpxdata:distance>
     <gpxdata:speed>8.719</gpxdata:speed>
    </extensions>
   </trkpt>
   <trkpt lat="51.0132666" lon="13.8526573">
    <ele>112</ele>
    <time>2026-06-06T10:55:02Z</time>
    <extensions>
     <gpxdata:hr>130</gpxdata:hr>
     <gpxdata:distance>12024.00</gpxdata:distance>
     <gpxdata:speed>8.711</gpxdata:speed>
    </extensions>
   </trkpt>
   <trkpt lat="51.0133217" lon="13.8525717">
    <ele>112</ele>
    <time>2026-06-06T10:55:03Z</time>
    <extensions>
     <gpxdata:hr>129</gpxdata:hr>
     <gpxdata:distance>12032.50</gpxdata:distance>
     <gpxdata:speed>8.683</gpxdata:speed>
    </extensions>
   </trkpt>
   <trkpt lat="51.0133768" lon="13.8524866">
    <ele>112</ele>
    <time>2026-06-06T10:55:04Z</time>
    <extensions>
     <gpxdata:hr>130</gpxdata:hr>
     <gpxdata:distance>12041.00</gpxdata:distance>
     <gpxdata:speed>8.644</gpxdata:speed>
    </extensions>
   </trkpt>
   <trkpt lat="51.0134317" lon="13.8524021">
    <ele>112</ele>
    <time>2026-06-06T10:55:05Z</time>
    <extensions>
     <gpxdata:hr>130</gpxdata:hr>
     <gpxdata:distance>12049.50</gpxdata:distance>
     <gpxdata:speed>8.617</gpxdata:speed>
    </extensions>
   </trkpt>
   <trkpt lat="51.0134872" lon="13.8523197">
    <ele>112</ele>
    <time>2026-06-06T10:55:06Z</time>
    <extensions>
     <gpxdata:hr>131</gpxdata:hr>
     <gpxdata:distance>12058.00</gpxdata:distance>
     <gpxdata:speed>8.581</gpxdata:speed>
    </extensions>
   </trkpt>
   <trkpt lat="51.0135433" lon="13.8522400">
    <ele>112</ele>
    <time>2026-06-06T10:55:07Z</time>
    <extensions>
     <gpxdata:hr>131</gpxdata:hr>
     <gpxdata:distance>12066.50</gpxdata:distance>
     <gpxdata:speed>8.533</gpxdata:speed>
    </extensions>
   </trkpt>
   <trkpt lat="51.0136008" lon="13.8521635">
    <ele>112</ele>
    <time>2026-06-06T10:55:08Z</time>
    <extensions>
     <gpxdata:hr>131</gpxdata:hr>
     <gpxdata:distance>12075.00</gpxdata:distance>
     <gpxdata:speed>8.478</gpxdata:speed>
    </extensions>
   </trkpt>
   <trkpt lat="51.0136584" lon="13.8520901">
    <ele>112</ele>
    <time>2026-06-06T10:55:09Z</time>
    <extensions>
     <gpxdata:hr>131</gpxdata:hr>
     <gpxdata:distance>12083.00</gpxdata:distance>
     <gpxdata:speed>8.436</gpxdata:speed>
    </extensions>
   </trkpt>
   <trkpt lat="51.0137169" lon="13.8520173">
    <ele>112</ele>
    <time>2026-06-06T10:55:10Z</time>
    <extensions>
     <gpxdata:hr>131</gpxdata:hr>
     <gpxdata:distance>12091.00</gpxdata:distance>
     <gpxdata:speed>8.353</gpxdata:speed>
    </extensions>
   </trkpt>
   <trkpt lat="51.0137762" lon="13.8519436">
    <ele>112</ele>
    <time>2026-06-06T10:55:11Z</time>
    <extensions>
     <gpxdata:hr>132</gpxdata:hr>
     <gpxdata:distance>12099.50</gpxdata:distance>
     <gpxdata:speed>8.333</gpxdata:speed>
    </extensions>
   </trkpt>
   <trkpt lat="51.0138367" lon="13.8518692">
    <ele>112</ele>
    <time>2026-06-06T10:55:12Z</time>
    <extensions>
     <gpxdata:hr>131</gpxdata:hr>
     <gpxdata:distance>12108.00</gpxdata:distance>
     <gpxdata:speed>8.358</gpxdata:speed>
    </extensions>
   </trkpt>
   <trkpt lat="51.0138983" lon="13.8517948">
    <ele>112</ele>
    <time>2026-06-06T10:55:13Z</time>
    <extensions>
     <gpxdata:hr>131</gpxdata:hr>
     <gpxdata:distance>12117.00</gpxdata:distance>
     <gpxdata:speed>8.417</gpxdata:speed>
    </extensions>
   </trkpt>
   <trkpt lat="51.0139613" lon="13.8517198">
    <ele>112</ele>
    <time>2026-06-06T10:55:14Z</time>
    <extensions>
     <gpxdata:hr>131</gpxdata:hr>
     <gpxdata:distance>12126.00</gpxdata:distance>
     <gpxdata:speed>8.486</gpxdata:speed>
    </extensions>
   </trkpt>
   <trkpt lat="51.0140249" lon="13.8516439">
    <ele>112</ele>
    <time>2026-06-06T10:55:15Z</time>
    <extensions>
     <gpxdata:hr>131</gpxdata:hr>
     <gpxdata:distance>12134.50</gpxdata:distance>
     <gpxdata:speed>8.586</gpxdata:speed>
    </extensions>
   </trkpt>
   <trkpt lat="51.0140882" lon="13.8515647">
    <ele>112</ele>
    <time>2026-06-06T10:55:16Z</time>
    <extensions>
     <gpxdata:hr>131</gpxdata:hr>
     <gpxdata:distance>12143.00</gpxdata:distance>
     <gpxdata:speed>8.675</gpxdata:speed>
    </extensions>
   </trkpt>
   <trkpt lat="51.0141507" lon="13.8514823">
    <ele>112</ele>
    <time>2026-06-06T10:55:17Z</time>
    <extensions>
     <gpxdata:hr>132</gpxdata:hr>
     <gpxdata:distance>12152.00</gpxdata:distance>
     <gpxdata:speed>8.781</gpxdata:speed>
    </extensions>
   </trkpt>
   <trkpt lat="51.0142125" lon="13.8513983">
    <ele>112</ele>
    <time>2026-06-06T10:55:18Z</time>
    <extensions>
     <gpxdata:hr>134</gpxdata:hr>
     <gpxdata:distance>12161.00</gpxdata:distance>
     <gpxdata:speed>8.875</gpxdata:speed>
    </extensions>
   </trkpt>
   <trkpt lat="51.0142736" lon="13.8513135">
    <ele>112</ele>
    <time>2026-06-06T10:55:19Z</time>
    <extensions>
     <gpxdata:hr>135</gpxdata:hr>
     <gpxdata:distance>12170.00</gpxdata:distance>
     <gpxdata:speed>8.936</gpxdata:speed>
    </extensions>
   </trkpt>
   <trkpt lat="51.0143338" lon="13.8512262">
    <ele>112</ele>
    <time>2026-06-06T10:55:20Z</time>
    <extensions>
     <gpxdata:hr>135</gpxdata:hr>
     <gpxdata:distance>12179.00</gpxdata:distance>
     <gpxdata:speed>8.986</gpxdata:speed>
    </extensions>
   </trkpt>
   <trkpt lat="51.0143929" lon="13.8511362">
    <ele>112</ele>
    <time>2026-06-06T10:55:21Z</time>
    <extensions>
     <gpxdata:hr>136</gpxdata:hr>
     <gpxdata:distance>12188.50</gpxdata:distance>
     <gpxdata:speed>9.042</gpxdata:speed>
    </extensions>
   </trkpt>
   <trkpt lat="51.0144513" lon="13.8510443">
    <ele>112</ele>
    <time>2026-06-06T10:55:22Z</time>
    <extensions>
     <gpxdata:hr>136</gpxdata:hr>
     <gpxdata:distance>12198.00</gpxdata:distance>
     <gpxdata:speed>9.094</gpxdata:speed>
    </extensions>
   </trkpt>
   <trkpt lat="51.0145088" lon="13.8509511">
    <ele>112</ele>
    <time>2026-06-06T10:55:23Z</time>
    <extensions>
     <gpxdata:hr>136</gpxdata:hr>
     <gpxdata:distance>12207.00</gpxdata:distance>
     <gpxdata:speed>9.119</gpxdata:speed>
    </extensions>
   </trkpt>
   <trkpt lat="51.0145658" lon="13.8508573">
    <ele>112</ele>
    <time>2026-06-06T10:55:24Z</time>
    <extensions>
     <gpxdata:hr>134</gpxdata:hr>
     <gpxdata:distance>12216.00</gpxdata:distance>
     <gpxdata:speed>9.131</gpxdata:speed>
    </extensions>
   </trkpt>
   <trkpt lat="51.0146229" lon="13.8507640">
    <ele>111</ele>
    <time>2026-06-06T10:55:25Z</time>
    <extensions>
     <gpxdata:hr>133</gpxdata:hr>
     <gpxdata:distance>12225.00</gpxdata:distance>
     <gpxdata:speed>9.131</gpxdata:speed>
    </extensions>
   </trkpt>
   <trkpt lat="51.0146800" lon="13.8506715">
    <ele>111</ele>
    <time>2026-06-06T10:55:26Z</time>
    <extensions>
     <gpxdata:hr>131</gpxdata:hr>
     <gpxdata:distance>12234.00</gpxdata:distance>
     <gpxdata:speed>9.125</gpxdata:speed>
    </extensions>
   </trkpt>
   <trkpt lat="51.0147375" lon="13.8505801">
    <ele>111</ele>
    <time>2026-06-06T10:55:27Z</time>
    <extensions>
     <gpxdata:hr>130</gpxdata:hr>
     <gpxdata:distance>12243.00</gpxdata:distance>
     <gpxdata:speed>9.106</gpxdata:speed>
    </extensions>
   </trkpt>
   <trkpt lat="51.0147956" lon="13.8504896">
    <ele>111</ele>
    <time>2026-06-06T10:55:28Z</time>
    <extensions>
     <gpxdata:hr>129</gpxdata:hr>
     <gpxdata:distance>12252.00</gpxdata:distance>
     <gpxdata:speed>9.089</gpxdata:speed>
    </extensions>
   </trkpt>
   <trkpt lat="51.0148538" lon="13.8504008">
    <ele>111</ele>
    <time>2026-06-06T10:55:29Z</time>
    <extensions>
     <gpxdata:hr>128</gpxdata:hr>
     <gpxdata:distance>12261.00</gpxdata:distance>
     <gpxdata:speed>9.078</gpxdata:speed>
    </extensions>
   </trkpt>
   <trkpt lat="51.0149120" lon="13.8503120">
    <ele>111</ele>
    <time>2026-06-06T10:55:30Z</time>
    <extensions>
     <gpxdata:hr>128</gpxdata:hr>
     <gpxdata:distance>12270.00</gpxdata:distance>
     <gpxdata:speed>9.042</gpxdata:speed>
    </extensions>
   </trkpt>
   <trkpt lat="51.0149698" lon="13.8502221">
    <ele>111</ele>
    <time>2026-06-06T10:55:31Z</time>
    <extensions>
     <gpxdata:hr>128</gpxdata:hr>
     <gpxdata:distance>12279.00</gpxdata:distance>
     <gpxdata:speed>9.025</gpxdata:speed>
    </extensions>
   </trkpt>
   <trkpt lat="51.0150271" lon="13.8501305">
    <ele>111</ele>
    <time>2026-06-06T10:55:32Z</time>
    <extensions>
     <gpxdata:hr>128</gpxdata:hr>
     <gpxdata:distance>12288.00</gpxdata:distance>
     <gpxdata:speed>9.017</gpxdata:speed>
    </extensions>
   </trkpt>
   <trkpt lat="51.0150837" lon="13.8500368">
    <ele>111</ele>
    <time>2026-06-06T10:55:33Z</time>
    <extensions>
     <gpxdata:hr>128</gpxdata:hr>
     <gpxdata:distance>12297.00</gpxdata:distance>
     <gpxdata:speed>9.033</gpxdata:speed>
    </extensions>
   </trkpt>
   <trkpt lat="51.0151408" lon="13.8499424">
    <ele>111</ele>
    <time>2026-06-06T10:55:34Z</time>
    <extensions>
     <gpxdata:hr>129</gpxdata:hr>
     <gpxdata:distance>12306.00</gpxdata:distance>
     <gpxdata:speed>9.056</gpxdata:speed>
    </extensions>
   </trkpt>
   <trkpt lat="51.0151984" lon="13.8498484">
    <ele>111</ele>
    <time>2026-06-06T10:55:35Z</time>
    <extensions>
     <gpxdata:hr>129</gpxdata:hr>
     <gpxdata:distance>12315.50</gpxdata:distance>
     <gpxdata:speed>9.097</gpxdata:speed>
    </extensions>
   </trkpt>
   <trkpt lat="51.0152564" lon="13.8497555">
    <ele>111</ele>
    <time>2026-06-06T10:55:36Z</time>
    <extensions>
     <gpxdata:hr>130</gpxdata:hr>
     <gpxdata:distance>12325.00</gpxdata:distance>
     <gpxdata:speed>9.125</gpxdata:speed>
    </extensions>
   </trkpt>
   <trkpt lat="51.0153149" lon="13.8496633">
    <ele>111</ele>
    <time>2026-06-06T10:55:37Z</time>
    <extensions>
     <gpxdata:hr>130</gpxdata:hr>
     <gpxdata:distance>12334.00</gpxdata:distance>
     <gpxdata:speed>9.133</gpxdata:speed>
    </extensions>
   </trkpt>
   <trkpt lat="51.0153734" lon="13.8495709">
    <ele>111</ele>
    <time>2026-06-06T10:55:38Z</time>
    <extensions>
     <gpxdata:hr>130</gpxdata:hr>
     <gpxdata:distance>12343.00</gpxdata:distance>
     <gpxdata:speed>9.147</gpxdata:speed>
    </extensions>
   </trkpt>
   <trkpt lat="51.0154317" lon="13.8494770">
    <ele>111</ele>
    <time>2026-06-06T10:55:39Z</time>
    <extensions>
     <gpxdata:hr>129</gpxdata:hr>
     <gpxdata:distance>12352.50</gpxdata:distance>
     <gpxdata:speed>9.161</gpxdata:speed>
    </extensions>
   </trkpt>
   <trkpt lat="51.0154892" lon="13.8493809">
    <ele>111</ele>
    <time>2026-06-06T10:55:40Z</time>
    <extensions>
     <gpxdata:hr>129</gpxdata:hr>
     <gpxdata:distance>12362.00</gpxdata:distance>
     <gpxdata:speed>9.194</gpxdata:speed>
    </extensions>
   </trkpt>
   <trkpt lat="51.0155462" lon="13.8492837">
    <ele>111</ele>
    <time>2026-06-06T10:55:41Z</time>
    <extensions>
     <gpxdata:hr>129</gpxdata:hr>
     <gpxdata:distance>12371.00</gpxdata:distance>
     <gpxdata:speed>9.228</gpxdata:speed>
    </extensions>
   </trkpt>
   <trkpt lat="51.0156023" lon="13.8491855">
    <ele>111</ele>
    <time>2026-06-06T10:55:42Z</time>
    <extensions>
     <gpxdata:hr>129</gpxdata:hr>
     <gpxdata:distance>12380.00</gpxdata:distance>
     <gpxdata:speed>9.256</gpxdata:speed>
    </extensions>
   </trkpt>
   <trkpt lat="51.0156570" lon="13.8490865">
    <ele>111</ele>
    <time>2026-06-06T10:55:43Z</time>
    <extensions>
     <gpxdata:hr>129</gpxdata:hr>
     <gpxdata:distance>12389.50</gpxdata:distance>
     <gpxdata:speed>9.264</gpxdata:speed>
    </extensions>
   </trkpt>
   <trkpt lat="51.0157116" lon="13.8489887">
    <ele>111</ele>
    <time>2026-06-06T10:55:44Z</time>
    <extensions>
     <gpxdata:hr>130</gpxdata:hr>
     <gpxdata:distance>12399.00</gpxdata:distance>
     <gpxdata:speed>9.247</gpxdata:speed>
    </extensions>
   </trkpt>
   <trkpt lat="51.0157664" lon="13.8488925">
    <ele>111</ele>
    <time>2026-06-06T10:55:45Z</time>
    <extensions>
     <gpxdata:hr>130</gpxdata:hr>
     <gpxdata:distance>12408.00</gpxdata:distance>
     <gpxdata:speed>9.217</gpxdata:speed>
    </extensions>
   </trkpt>
   <trkpt lat="51.0158214" lon="13.8487974">
    <ele>111</ele>
    <time>2026-06-06T10:55:46Z</time>
    <extensions>
     <gpxdata:hr>130</gpxdata:hr>
     <gpxdata:distance>12417.00</gpxdata:distance>
     <gpxdata:speed>9.172</gpxdata:speed>
    </extensions>
   </trkpt>
   <trkpt lat="51.0158757" lon="13.8487031">
    <ele>111</ele>
    <time>2026-06-06T10:55:47Z</time>
    <extensions>
     <gpxdata:hr>130</gpxdata:hr>
     <gpxdata:distance>12426.00</gpxdata:distance>
     <gpxdata:speed>9.131</gpxdata:speed>
    </extensions>
   </trkpt>
   <trkpt lat="51.0159271" lon="13.8486084">
    <ele>111</ele>
    <time>2026-06-06T10:55:48Z</time>
    <extensions>
     <gpxdata:hr>129</gpxdata:hr>
     <gpxdata:distance>12435.00</gpxdata:distance>
     <gpxdata:speed>9.064</gpxdata:speed>
    </extensions>
   </trkpt>
   <trkpt lat="51.0159777" lon="13.8485139">
    <ele>111</ele>
    <time>2026-06-06T10:55:49Z</time>
    <extensions>
     <gpxdata:hr>129</gpxdata:hr>
     <gpxdata:distance>12443.50</gpxdata:distance>
     <gpxdata:speed>8.953</gpxdata:speed>
    </extensions>
   </trkpt>
   <trkpt lat="51.0160314" lon="13.8484276">
    <ele>111</ele>
    <time>2026-06-06T10:55:50Z</time>
    <extensions>
     <gpxdata:hr>129</gpxdata:hr>
     <gpxdata:distance>12452.00</gpxdata:distance>
     <gpxdata:speed>8.864</gpxdata:speed>
    </extensions>
   </trkpt>
   <trkpt lat="51.0160898" lon="13.8483553">
    <ele>111</ele>
    <time>2026-06-06T10:55:51Z</time>
    <extensions>
     <gpxdata:hr>129</gpxdata:hr>
     <gpxdata:distance>12460.50</gpxdata:distance>
     <gpxdata:speed>8.739</gpxdata:speed>
    </extensions>
   </trkpt>
   <trkpt lat="51.0161532" lon="13.8482942">
    <ele>111</ele>
    <time>2026-06-06T10:55:52Z</time>
    <extensions>
     <gpxdata:hr>129</gpxdata:hr>
     <gpxdata:distance>12469.00</gpxdata:distance>
     <gpxdata:speed>8.383</gpxdata:speed>
    </extensions>
   </trkpt>
   <trkpt lat="51.0162199" lon="13.8482339">
    <ele>111</ele>
    <time>2026-06-06T10:55:53Z</time>
    <extensions>
     <gpxdata:hr>129</gpxdata:hr>
     <gpxdata:distance>12477.50</gpxdata:distance>
     <gpxdata:speed>8.364</gpxdata:speed>
    </extensions>
   </trkpt>
   <trkpt lat="51.0162876" lon="13.8481666">
    <ele>111</ele>
    <time>2026-06-06T10:55:54Z</time>
    <extensions>
     <gpxdata:hr>129</gpxdata:hr>
     <gpxdata:distance>12486.00</gpxdata:distance>
     <gpxdata:speed>8.536</gpxdata:speed>
    </extensions>
   </trkpt>
   <trkpt lat="51.0163543" lon="13.8480894">
    <ele>110</ele>
    <time>2026-06-06T10:55:55Z</time>
    <extensions>
     <gpxdata:hr>128</gpxdata:hr>
     <gpxdata:distance>12495.00</gpxdata:distance>
     <gpxdata:speed>8.756</gpxdata:speed>
    </extensions>
   </trkpt>
   <trkpt lat="51.0164205" lon="13.8480030">
    <ele>110</ele>
    <time>2026-06-06T10:55:56Z</time>
    <extensions>
     <gpxdata:hr>128</gpxdata:hr>
     <gpxdata:distance>12504.00</gpxdata:distance>
     <gpxdata:speed>8.942</gpxdata:speed>
    </extensions>
   </trkpt>
   <trkpt lat="51.0164867" lon="13.8479089">
    <ele>110</ele>
    <time>2026-06-06T10:55:57Z</time>
    <extensions>
     <gpxdata:hr>129</gpxdata:hr>
     <gpxdata:distance>12514.00</gpxdata:distance>
     <gpxdata:speed>9.164</gpxdata:speed>
    </extensions>
   </trkpt>
   <trkpt lat="51.0165527" lon="13.8478105">
    <ele>110</ele>
    <time>2026-06-06T10:55:58Z</time>
    <extensions>
     <gpxdata:hr>129</gpxdata:hr>
     <gpxdata:distance>12524.00</gpxdata:distance>
     <gpxdata:speed>9.708</gpxdata:speed>
    </extensions>
   </trkpt>
   <trkpt lat="51.0166190" lon="13.8477121">
    <ele>110</ele>
    <time>2026-06-06T10:55:59Z</time>
    <extensions>
     <gpxdata:hr>129</gpxdata:hr>
     <gpxdata:distance>12534.00</gpxdata:distance>
     <gpxdata:speed>9.925</gpxdata:speed>
    </extensions>
   </trkpt>
   <trkpt lat="51.0166857" lon="13.8476154">
    <ele>110</ele>
    <time>2026-06-06T10:56:00Z</time>
    <extensions>
     <gpxdata:hr>129</gpxdata:hr>
     <gpxdata:distance>12544.00</gpxdata:distance>
     <gpxdata:speed>9.972</gpxdata:speed>
    </extensions>
   </trkpt>
   <trkpt lat="51.0167530" lon="13.8475207">
    <ele>110</ele>
    <time>2026-06-06T10:56:01Z</time>
    <extensions>
     <gpxdata:hr>130</gpxdata:hr>
     <gpxdata:distance>12554.00</gpxdata:distance>
     <gpxdata:speed>9.981</gpxdata:speed>
    </extensions>
   </trkpt>
   <trkpt lat="51.0168206" lon="13.8474281">
    <ele>109</ele>
    <time>2026-06-06T10:56:02Z</time>
    <extensions>
     <gpxdata:hr>130</gpxdata:hr>
     <gpxdata:distance>12564.00</gpxdata:distance>
     <gpxdata:speed>9.961</gpxdata:speed>
    </extensions>
   </trkpt>
   <trkpt lat="51.0168881" lon="13.8473372">
    <ele>109</ele>
    <time>2026-06-06T10:56:03Z</time>
    <extensions>
     <gpxdata:hr>130</gpxdata:hr>
     <gpxdata:distance>12574.00</gpxdata:distance>
     <gpxdata:speed>9.933</gpxdata:speed>
    </extensions>
   </trkpt>
   <trkpt lat="51.0169542" lon="13.8472472">
    <ele>109</ele>
    <time>2026-06-06T10:56:04Z</time>
    <extensions>
     <gpxdata:hr>130</gpxdata:hr>
     <gpxdata:distance>12584.00</gpxdata:distance>
     <gpxdata:speed>9.853</gpxdata:speed>
    </extensions>
   </trkpt>
   <trkpt lat="51.0170179" lon="13.8471579">
    <ele>109</ele>
    <time>2026-06-06T10:56:05Z</time>
    <extensions>
     <gpxdata:hr>130</gpxdata:hr>
     <gpxdata:distance>12593.50</gpxdata:distance>
     <gpxdata:speed>9.786</gpxdata:speed>
    </extensions>
   </trkpt>
   <trkpt lat="51.0170781" lon="13.8470679">
    <ele>110</ele>
    <time>2026-06-06T10:56:06Z</time>
    <extensions>
     <gpxdata:hr>130</gpxdata:hr>
     <gpxdata:distance>12603.00</gpxdata:distance>
     <gpxdata:speed>9.656</gpxdata:speed>
    </extensions>
   </trkpt>
   <trkpt lat="51.0171345" lon="13.8469765">
    <ele>110</ele>
    <time>2026-06-06T10:56:07Z</time>
    <extensions>
     <gpxdata:hr>130</gpxdata:hr>
     <gpxdata:distance>12611.50</gpxdata:distance>
     <gpxdata:speed>9.486</gpxdata:speed>
    </extensions>
   </trkpt>
   <trkpt lat="51.0171879" lon="13.8468841">
    <ele>110</ele>
    <time>2026-06-06T10:56:08Z</time>
    <extensions>
     <gpxdata:hr>132</gpxdata:hr>
     <gpxdata:distance>12620.00</gpxdata:distance>
     <gpxdata:speed>9.089</gpxdata:speed>
    </extensions>
   </trkpt>
   <trkpt lat="51.0172390" lon="13.8467921">
    <ele>110</ele>
    <time>2026-06-06T10:56:09Z</time>
    <extensions>
     <gpxdata:hr>133</gpxdata:hr>
     <gpxdata:distance>12629.00</gpxdata:distance>
     <gpxdata:speed>8.892</gpxdata:speed>
    </extensions>
   </trkpt>
   <trkpt lat="51.0172878" lon="13.8467011">
    <ele>111</ele>
    <time>2026-06-06T10:56:10Z</time>
    <extensions>
     <gpxdata:hr>133</gpxdata:hr>
     <gpxdata:distance>12638.00</gpxdata:distance>
     <gpxdata:speed>8.686</gpxdata:speed>
    </extensions>
   </trkpt>
   <trkpt lat="51.0173340" lon="13.8466109">
    <ele>111</ele>
    <time>2026-06-06T10:56:11Z</time>
    <extensions>
     <gpxdata:hr>134</gpxdata:hr>
     <gpxdata:distance>12646.00</gpxdata:distance>
     <gpxdata:speed>8.467</gpxdata:speed>
    </extensions>
   </trkpt>
   <trkpt lat="51.0173772" lon="13.8465216">
    <ele>111</ele>
    <time>2026-06-06T10:56:12Z</time>
    <extensions>
     <gpxdata:hr>135</gpxdata:hr>
     <gpxdata:distance>12654.00</gpxdata:distance>
     <gpxdata:speed>8.233</gpxdata:speed>
    </extensions>
   </trkpt>
   <trkpt lat="51.0174170" lon="13.8464332">
    <ele>111</ele>
    <time>2026-06-06T10:56:13Z</time>
    <extensions>
     <gpxdata:hr>134</gpxdata:hr>
     <gpxdata:distance>12661.50</gpxdata:distance>
     <gpxdata:speed>7.992</gpxdata:speed>
    </extensions>
   </trkpt>
   <trkpt lat="51.0174538" lon="13.8463478">
    <ele>111</ele>
    <time>2026-06-06T10:56:14Z</time>
    <extensions>
     <gpxdata:hr>134</gpxdata:hr>
     <gpxdata:distance>12669.00</gpxdata:distance>
     <gpxdata:speed>7.700</gpxdata:speed>
    </extensions>
   </trkpt>
   <trkpt lat="51.0174875" lon="13.8462645">
    <ele>111</ele>
    <time>2026-06-06T10:56:15Z</time>
    <extensions>
     <gpxdata:hr>134</gpxdata:hr>
     <gpxdata:distance>12676.00</gpxdata:distance>
     <gpxdata:speed>7.361</gpxdata:speed>
    </extensions>
   </trkpt>
   <trkpt lat="51.0175165" lon="13.8461799">
    <ele>111</ele>
    <time>2026-06-06T10:56:16Z</time>
    <extensions>
     <gpxdata:hr>134</gpxdata:hr>
     <gpxdata:distance>12683.00</gpxdata:distance>
     <gpxdata:speed>7.069</gpxdata:speed>
    </extensions>
   </trkpt>
   <trkpt lat="51.0175399" lon="13.8460910">
    <ele>112</ele>
    <time>2026-06-06T10:56:17Z</time>
    <extensions>
     <gpxdata:hr>135</gpxdata:hr>
     <gpxdata:distance>12689.50</gpxdata:distance>
     <gpxdata:speed>6.892</gpxdata:speed>
    </extensions>
   </trkpt>
   <trkpt lat="51.0175564" lon="13.8459970">
    <ele>112</ele>
    <time>2026-06-06T10:56:18Z</time>
    <extensions>
     <gpxdata:hr>135</gpxdata:hr>
     <gpxdata:distance>12696.00</gpxdata:distance>
     <gpxdata:speed>6.878</gpxdata:speed>
    </extensions>
   </trkpt>
   <trkpt lat="51.0175661" lon="13.8458982">
    <ele>112</ele>
    <time>2026-06-06T10:56:19Z</time>
    <extensions>
     <gpxdata:hr>135</gpxdata:hr>
     <gpxdata:distance>12703.50</gpxdata:distance>
     <gpxdata:speed>6.919</gpxdata:speed>
    </extensions>
   </trkpt>
   <trkpt lat="51.0175707" lon="13.8457962">
    <ele>112</ele>
    <time>2026-06-06T10:56:20Z</time>
    <extensions>
     <gpxdata:hr>136</gpxdata:hr>
     <gpxdata:distance>12711.00</gpxdata:distance>
     <gpxdata:speed>7.025</gpxdata:speed>
    </extensions>
   </trkpt>
   <trkpt lat="51.0175719" lon="13.8456919">
    <ele>113</ele>
    <time>2026-06-06T10:56:21Z</time>
    <extensions>
     <gpxdata:hr>137</gpxdata:hr>
     <gpxdata:distance>12718.00</gpxdata:distance>
     <gpxdata:speed>7.064</gpxdata:speed>
    </extensions>
   </trkpt>
   <trkpt lat="51.0175716" lon="13.8455865">
    <ele>113</ele>
    <time>2026-06-06T10:56:22Z</time>
    <extensions>
     <gpxdata:hr>136</gpxdata:hr>
     <gpxdata:distance>12725.00</gpxdata:distance>
     <gpxdata:speed>7.133</gpxdata:speed>
    </extensions>
   </trkpt>
   <trkpt lat="51.0175711" lon="13.8454808">
    <ele>113</ele>
    <time>2026-06-06T10:56:23Z</time>
    <extensions>
     <gpxdata:hr>138</gpxdata:hr>
     <gpxdata:distance>12732.50</gpxdata:distance>
     <gpxdata:speed>7.200</gpxdata:speed>
    </extensions>
   </trkpt>
   <trkpt lat="51.0175707" lon="13.8453751">
    <ele>113</ele>
    <time>2026-06-06T10:56:24Z</time>
    <extensions>
     <gpxdata:hr>140</gpxdata:hr>
     <gpxdata:distance>12740.00</gpxdata:distance>
     <gpxdata:speed>7.258</gpxdata:speed>
    </extensions>
   </trkpt>
   <trkpt lat="51.0175692" lon="13.8452703">
    <ele>113</ele>
    <time>2026-06-06T10:56:25Z</time>
    <extensions>
     <gpxdata:hr>141</gpxdata:hr>
     <gpxdata:distance>12747.50</gpxdata:distance>
     <gpxdata:speed>7.300</gpxdata:speed>
    </extensions>
   </trkpt>
   <trkpt lat="51.0175673" lon="13.8451665">
    <ele>113</ele>
    <time>2026-06-06T10:56:26Z</time>
    <extensions>
     <gpxdata:hr>141</gpxdata:hr>
     <gpxdata:distance>12755.00</gpxdata:distance>
     <gpxdata:speed>7.311</gpxdata:speed>
    </extensions>
   </trkpt>
   <trkpt lat="51.0175656" lon="13.8450637">
    <ele>113</ele>
    <time>2026-06-06T10:56:27Z</time>
    <extensions>
     <gpxdata:hr>143</gpxdata:hr>
     <gpxdata:distance>12762.00</gpxdata:distance>
     <gpxdata:speed>7.297</gpxdata:speed>
    </extensions>
   </trkpt>
   <trkpt lat="51.0175651" lon="13.8449608">
    <ele>114</ele>
    <time>2026-06-06T10:56:28Z</time>
    <extensions>
     <gpxdata:hr>143</gpxdata:hr>
     <gpxdata:distance>12769.00</gpxdata:distance>
     <gpxdata:speed>7.267</gpxdata:speed>
    </extensions>
   </trkpt>
   <trkpt lat="51.0175663" lon="13.8448572">
    <ele>114</ele>
    <time>2026-06-06T10:56:29Z</time>
    <extensions>
     <gpxdata:hr>142</gpxdata:hr>
     <gpxdata:distance>12776.00</gpxdata:distance>
     <gpxdata:speed>7.253</gpxdata:speed>
    </extensions>
   </trkpt>
   <trkpt lat="51.0175704" lon="13.8447525">
    <ele>114</ele>
    <time>2026-06-06T10:56:30Z</time>
    <extensions>
     <gpxdata:hr>143</gpxdata:hr>
     <gpxdata:distance>12783.00</gpxdata:distance>
     <gpxdata:speed>7.264</gpxdata:speed>
    </extensions>
   </trkpt>
   <trkpt lat="51.0175765" lon="13.8446472">
    <ele>114</ele>
    <time>2026-06-06T10:56:31Z</time>
    <extensions>
     <gpxdata:hr>142</gpxdata:hr>
     <gpxdata:distance>12790.50</gpxdata:distance>
     <gpxdata:speed>7.297</gpxdata:speed>
    </extensions>
   </trkpt>
   <trkpt lat="51.0175842" lon="13.8445410">
    <ele>114</ele>
    <time>2026-06-06T10:56:32Z</time>
    <extensions>
     <gpxdata:hr>141</gpxdata:hr>
     <gpxdata:distance>12798.00</gpxdata:distance>
     <gpxdata:speed>7.336</gpxdata:speed>
    </extensions>
   </trkpt>
   <trkpt lat="51.0175928" lon="13.8444334">
    <ele>114</ele>
    <time>2026-06-06T10:56:33Z</time>
    <extensions>
     <gpxdata:hr>142</gpxdata:hr>
     <gpxdata:distance>12806.00</gpxdata:distance>
     <gpxdata:speed>7.389</gpxdata:speed>
    </extensions>
   </trkpt>
   <trkpt lat="51.0176022" lon="13.8443257">
    <ele>114</ele>
    <time>2026-06-06T10:56:34Z</time>
    <extensions>
     <gpxdata:hr>142</gpxdata:hr>
     <gpxdata:distance>12814.00</gpxdata:distance>
     <gpxdata:speed>7.461</gpxdata:speed>
    </extensions>
   </trkpt>
   <trkpt lat="51.0176145" lon="13.8442191">
    <ele>114</ele>
    <time>2026-06-06T10:56:35Z</time>
    <extensions>
     <gpxdata:hr>142</gpxdata:hr>
     <gpxdata:distance>12821.50</gpxdata:distance>
     <gpxdata:speed>7.508</gpxdata:speed>
    </extensions>
   </trkpt>
   <trkpt lat="51.0176305" lon="13.8441163">
    <ele>114</ele>
    <time>2026-06-06T10:56:36Z</time>
    <extensions>
     <gpxdata:hr>142</gpxdata:hr>
     <gpxdata:distance>12829.00</gpxdata:distance>
     <gpxdata:speed>7.533</gpxdata:speed>
    </extensions>
   </trkpt>
   <trkpt lat="51.0176510" lon="13.8440186">
    <ele>115</ele>
    <time>2026-06-06T10:56:37Z</time>
    <extensions>
     <gpxdata:hr>142</gpxdata:hr>
     <gpxdata:distance>12836.00</gpxdata:distance>
     <gpxdata:speed>7.483</gpxdata:speed>
    </extensions>
   </trkpt>
   <trkpt lat="51.0176755" lon="13.8439248">
    <ele>115</ele>
    <time>2026-06-06T10:56:38Z</time>
    <extensions>
     <gpxdata:hr>141</gpxdata:hr>
     <gpxdata:distance>12843.00</gpxdata:distance>
     <gpxdata:speed>7.386</gpxdata:speed>
    </extensions>
   </trkpt>
   <trkpt lat="51.0177043" lon="13.8438342">
    <ele>115</ele>
    <time>2026-06-06T10:56:39Z</time>
    <extensions>
     <gpxdata:hr>140</gpxdata:hr>
     <gpxdata:distance>12850.00</gpxdata:distance>
     <gpxdata:speed>7.294</gpxdata:speed>
    </extensions>
   </trkpt>
   <trkpt lat="51.0177376" lon="13.8437446">
    <ele>115</ele>
    <time>2026-06-06T10:56:40Z</time>
    <extensions>
     <gpxdata:hr>139</gpxdata:hr>
     <gpxdata:distance>12857.00</gpxdata:distance>
     <gpxdata:speed>7.242</gpxdata:speed>
    </extensions>
   </trkpt>
   <trkpt lat="51.0177745" lon="13.8436556">
    <ele>115</ele>
    <time>2026-06-06T10:56:41Z</time>
    <extensions>
     <gpxdata:hr>138</gpxdata:hr>
     <gpxdata:distance>12864.50</gpxdata:distance>
     <gpxdata:speed>7.275</gpxdata:speed>
    </extensions>
   </trkpt>
   <trkpt lat="51.0178164" lon="13.8435698">
    <ele>116</ele>
    <time>2026-06-06T10:56:42Z</time>
    <extensions>
     <gpxdata:hr>137</gpxdata:hr>
     <gpxdata:distance>12872.00</gpxdata:distance>
     <gpxdata:speed>7.344</gpxdata:speed>
    </extensions>
   </trkpt>
   <trkpt lat="51.0178632" lon="13.8434895">
    <ele>116</ele>
    <time>2026-06-06T10:56:43Z</time>
    <extensions>
     <gpxdata:hr>137</gpxdata:hr>
     <gpxdata:distance>12880.00</gpxdata:distance>
     <gpxdata:speed>7.436</gpxdata:speed>
    </extensions>
   </trkpt>
   <trkpt lat="51.0179143" lon="13.8434148">
    <ele>116</ele>
    <time>2026-06-06T10:56:44Z</time>
    <extensions>
     <gpxdata:hr>138</gpxdata:hr>
     <gpxdata:distance>12888.00</gpxdata:distance>
     <gpxdata:speed>7.508</gpxdata:speed>
    </extensions>
   </trkpt>
   <trkpt lat="51.0179686" lon="13.8433442">
    <ele>116</ele>
    <time>2026-06-06T10:56:45Z</time>
    <extensions>
     <gpxdata:hr>138</gpxdata:hr>
     <gpxdata:distance>12895.50</gpxdata:distance>
     <gpxdata:speed>7.578</gpxdata:speed>
    </extensions>
   </trkpt>
   <trkpt lat="51.0180246" lon="13.8432759">
    <ele>116</ele>
    <time>2026-06-06T10:56:46Z</time>
    <extensions>
     <gpxdata:hr>138</gpxdata:hr>
     <gpxdata:distance>12903.00</gpxdata:distance>
     <gpxdata:speed>7.650</gpxdata:speed>
    </extensions>
   </trkpt>
   <trkpt lat="51.0180811" lon="13.8432079">
    <ele>116</ele>
    <time>2026-06-06T10:56:47Z</time>
    <extensions>
     <gpxdata:hr>139</gpxdata:hr>
     <gpxdata:distance>12911.00</gpxdata:distance>
     <gpxdata:speed>7.717</gpxdata:speed>
    </extensions>
   </trkpt>
   <trkpt lat="51.0181380" lon="13.8431395">
    <ele>116</ele>
    <time>2026-06-06T10:56:48Z</time>
    <extensions>
     <gpxdata:hr>139</gpxdata:hr>
     <gpxdata:distance>12919.00</gpxdata:distance>
     <gpxdata:speed>7.775</gpxdata:speed>
    </extensions>
   </trkpt>
   <trkpt lat="51.0181955" lon="13.8430719">
    <ele>116</ele>
    <time>2026-06-06T10:56:49Z</time>
    <extensions>
     <gpxdata:hr>140</gpxdata:hr>
     <gpxdata:distance>12927.00</gpxdata:distance>
     <gpxdata:speed>7.839</gpxdata:speed>
    </extensions>
   </trkpt>
   <trkpt lat="51.0182540" lon="13.8430064">
    <ele>116</ele>
    <time>2026-06-06T10:56:50Z</time>
    <extensions>
     <gpxdata:hr>141</gpxdata:hr>
     <gpxdata:distance>12935.00</gpxdata:distance>
     <gpxdata:speed>7.897</gpxdata:speed>
    </extensions>
   </trkpt>
   <trkpt lat="51.0183134" lon="13.8429432">
    <ele>116</ele>
    <time>2026-06-06T10:56:51Z</time>
    <extensions>
     <gpxdata:hr>140</gpxdata:hr>
     <gpxdata:distance>12943.00</gpxdata:distance>
     <gpxdata:speed>7.936</gpxdata:speed>
    </extensions>
   </trkpt>
   <trkpt lat="51.0183737" lon="13.8428817">
    <ele>116</ele>
    <time>2026-06-06T10:56:52Z</time>
    <extensions>
     <gpxdata:hr>140</gpxdata:hr>
     <gpxdata:distance>12951.00</gpxdata:distance>
     <gpxdata:speed>7.947</gpxdata:speed>
    </extensions>
   </trkpt>
   <trkpt lat="51.0184339" lon="13.8428207">
    <ele>116</ele>
    <time>2026-06-06T10:56:53Z</time>
    <extensions>
     <gpxdata:hr>140</gpxdata:hr>
     <gpxdata:distance>12959.00</gpxdata:distance>
     <gpxdata:speed>7.961</gpxdata:speed>
    </extensions>
   </trkpt>
   <trkpt lat="51.0184940" lon="13.8427596">
    <ele>116</ele>
    <time>2026-06-06T10:56:54Z</time>
    <extensions>
     <gpxdata:hr>139</gpxdata:hr>
     <gpxdata:distance>12967.00</gpxdata:distance>
     <gpxdata:speed>7.958</gpxdata:speed>
    </extensions>
   </trkpt>
   <trkpt lat="51.0185541" lon="13.8426982">
    <ele>116</ele>
    <time>2026-06-06T10:56:55Z</time>
    <extensions>
     <gpxdata:hr>139</gpxdata:hr>
     <gpxdata:distance>12975.00</gpxdata:distance>
     <gpxdata:speed>7.956</gpxdata:speed>
    </extensions>
   </trkpt>
   <trkpt lat="51.0186141" lon="13.8426370">
    <ele>116</ele>
    <time>2026-06-06T10:56:56Z</time>
    <extensions>
     <gpxdata:hr>139</gpxdata:hr>
     <gpxdata:distance>12983.00</gpxdata:distance>
     <gpxdata:speed>7.958</gpxdata:speed>
    </extensions>
   </trkpt>
   <trkpt lat="51.0186737" lon="13.8425760">
    <ele>116</ele>
    <time>2026-06-06T10:56:57Z</time>
    <extensions>
     <gpxdata:hr>138</gpxdata:hr>
     <gpxdata:distance>12990.50</gpxdata:distance>
     <gpxdata:speed>7.947</gpxdata:speed>
    </extensions>
   </trkpt>
   <trkpt lat="51.0187337" lon="13.8425157">
    <ele>116</ele>
    <time>2026-06-06T10:56:58Z</time>
    <extensions>
     <gpxdata:hr>138</gpxdata:hr>
     <gpxdata:distance>12998.00</gpxdata:distance>
     <gpxdata:speed>7.928</gpxdata:speed>
    </extensions>
   </trkpt>
   <trkpt lat="51.0187946" lon="13.8424566">
    <ele>116</ele>
    <time>2026-06-06T10:56:59Z</time>
    <extensions>
     <gpxdata:hr>138</gpxdata:hr>
     <gpxdata:distance>13006.00</gpxdata:distance>
     <gpxdata:speed>7.919</gpxdata:speed>
    </extensions>
   </trkpt>
   <trkpt lat="51.0188563" lon="13.8423997">
    <ele>116</ele>
    <time>2026-06-06T10:57:00Z</time>
    <extensions>
     <gpxdata:hr>138</gpxdata:hr>
     <gpxdata:distance>13014.00</gpxdata:distance>
     <gpxdata:speed>7.933</gpxdata:speed>
    </extensions>
   </trkpt>
   <trkpt lat="51.0189181" lon="13.8423444">
    <ele>116</ele>
    <time>2026-06-06T10:57:01Z</time>
    <extensions>
     <gpxdata:hr>138</gpxdata:hr>
     <gpxdata:distance>13022.00</gpxdata:distance>
     <gpxdata:speed>7.936</gpxdata:speed>
    </extensions>
   </trkpt>
   <trkpt lat="51.0189789" lon="13.8422895">
    <ele>116</ele>
    <time>2026-06-06T10:57:02Z</time>
    <extensions>
     <gpxdata:hr>138</gpxdata:hr>
     <gpxdata:distance>13030.00</gpxdata:distance>
     <gpxdata:speed>7.914</gpxdata:speed>
    </extensions>
   </trkpt>
   <trkpt lat="51.0190376" lon="13.8422343">
    <ele>116</ele>
    <time>2026-06-06T10:57:03Z</time>
    <extensions>
     <gpxdata:hr>137</gpxdata:hr>
     <gpxdata:distance>13037.50</gpxdata:distance>
     <gpxdata:speed>7.861</gpxdata:speed>
    </extensions>
   </trkpt>
   <trkpt lat="51.0190946" lon="13.8421803">
    <ele>116</ele>
    <time>2026-06-06T10:57:04Z</time>
    <extensions>
     <gpxdata:hr>137</gpxdata:hr>
     <gpxdata:distance>13045.00</gpxdata:distance>
     <gpxdata:speed>7.758</gpxdata:speed>
    </extensions>
   </trkpt>
   <trkpt lat="51.0191514" lon="13.8421278">
    <ele>116</ele>
    <time>2026-06-06T10:57:05Z</time>
    <extensions>
     <gpxdata:hr>137</gpxdata:hr>
     <gpxdata:distance>13052.50</gpxdata:distance>
     <gpxdata:speed>7.625</gpxdata:speed>
    </extensions>
   </trkpt>
   <trkpt lat="51.0192087" lon="13.8420772">
    <ele>116</ele>
    <time>2026-06-06T10:57:06Z</time>
    <extensions>
     <gpxdata:hr>137</gpxdata:hr>
     <gpxdata:distance>13060.00</gpxdata:distance>
     <gpxdata:speed>7.522</gpxdata:speed>
    </extensions>
   </trkpt>
   <trkpt lat="51.0192671" lon="13.8420305">
    <ele>116</ele>
    <time>2026-06-06T10:57:07Z</time>
    <extensions>
     <gpxdata:hr>136</gpxdata:hr>
     <gpxdata:distance>13067.00</gpxdata:distance>
     <gpxdata:speed>7.453</gpxdata:speed>
    </extensions>
   </trkpt>
   <trkpt lat="51.0193268" lon="13.8419913">
    <ele>116</ele>
    <time>2026-06-06T10:57:08Z</time>
    <extensions>
     <gpxdata:hr>135</gpxdata:hr>
     <gpxdata:distance>13074.00</gpxdata:distance>
     <gpxdata:speed>7.389</gpxdata:speed>
    </extensions>
   </trkpt>
   <trkpt lat="51.0193876" lon="13.8419610">
    <ele>116</ele>
    <time>2026-06-06T10:57:09Z</time>
    <extensions>
     <gpxdata:hr>134</gpxdata:hr>
     <gpxdata:distance>13081.50</gpxdata:distance>
     <gpxdata:speed>7.292</gpxdata:speed>
    </extensions>
   </trkpt>
   <trkpt lat="51.0194489" lon="13.8419379">
    <ele>116</ele>
    <time>2026-06-06T10:57:10Z</time>
    <extensions>
     <gpxdata:hr>133</gpxdata:hr>
     <gpxdata:distance>13089.00</gpxdata:distance>
     <gpxdata:speed>7.169</gpxdata:speed>
    </extensions>
   </trkpt>
   <trkpt lat="51.0195089" lon="13.8419173">
    <ele>116</ele>
    <time>2026-06-06T10:57:11Z</time>
    <extensions>
     <gpxdata:hr>134</gpxdata:hr>
     <gpxdata:distance>13095.50</gpxdata:distance>
     <gpxdata:speed>7.053</gpxdata:speed>
    </extensions>
   </trkpt>
   <trkpt lat="51.0195673" lon="13.8418952">
    <ele>115</ele>
    <time>2026-06-06T10:57:12Z</time>
    <extensions>
     <gpxdata:hr>134</gpxdata:hr>
     <gpxdata:distance>13102.00</gpxdata:distance>
     <gpxdata:speed>6.867</gpxdata:speed>
    </extensions>
   </trkpt>
   <trkpt lat="51.0196237" lon="13.8418704">
    <ele>115</ele>
    <time>2026-06-06T10:57:13Z</time>
    <extensions>
     <gpxdata:hr>133</gpxdata:hr>
     <gpxdata:distance>13108.50</gpxdata:distance>
     <gpxdata:speed>6.725</gpxdata:speed>
    </extensions>
   </trkpt>
   <trkpt lat="51.0196749" lon="13.8418456">
    <ele>115</ele>
    <time>2026-06-06T10:57:14Z</time>
    <extensions>
     <gpxdata:hr>133</gpxdata:hr>
     <gpxdata:distance>13115.00</gpxdata:distance>
     <gpxdata:speed>6.569</gpxdata:speed>
    </extensions>
   </trkpt>
   <trkpt lat="51.0197173" lon="13.8418263">
    <ele>115</ele>
    <time>2026-06-06T10:57:15Z</time>
    <extensions>
     <gpxdata:hr>132</gpxdata:hr>
     <gpxdata:distance>13120.00</gpxdata:distance>
     <gpxdata:speed>6.008</gpxdata:speed>
    </extensions>
   </trkpt>
   <trkpt lat="51.0197427" lon="13.8418214">
    <ele>115</ele>
    <time>2026-06-06T10:57:16Z</time>
    <extensions>
     <gpxdata:hr>131</gpxdata:hr>
     <gpxdata:distance>13125.00</gpxdata:distance>
     <gpxdata:speed>5.014</gpxdata:speed>
    </extensions>
   </trkpt>
   <trkpt lat="51.0197708" lon="13.8418324">
    <ele>115</ele>
    <time>2026-06-06T10:57:17Z</time>
    <extensions>
     <gpxdata:hr>129</gpxdata:hr>
     <gpxdata:distance>13128.50</gpxdata:distance>
     <gpxdata:speed>4.283</gpxdata:speed>
    </extensions>
   </trkpt>
   <trkpt lat="51.0197973" lon="13.8418658">
    <ele>115</ele>
    <time>2026-06-06T10:57:18Z</time>
    <extensions>
     <gpxdata:hr>128</gpxdata:hr>
     <gpxdata:distance>13132.00</gpxdata:distance>
     <gpxdata:speed>4.056</gpxdata:speed>
    </extensions>
   </trkpt>
   <trkpt lat="51.0198231" lon="13.8419177">
    <ele>115</ele>
    <time>2026-06-06T10:57:19Z</time>
    <extensions>
     <gpxdata:hr>127</gpxdata:hr>
     <gpxdata:distance>13137.00</gpxdata:distance>
     <gpxdata:speed>4.431</gpxdata:speed>
    </extensions>
   </trkpt>
   <trkpt lat="51.0198492" lon="13.8419830">
    <ele>115</ele>
    <time>2026-06-06T10:57:20Z</time>
    <extensions>
     <gpxdata:hr>126</gpxdata:hr>
     <gpxdata:distance>13142.00</gpxdata:distance>
     <gpxdata:speed>4.956</gpxdata:speed>
    </extensions>
   </trkpt>
   <trkpt lat="51.0198768" lon="13.8420557">
    <ele>114</ele>
    <time>2026-06-06T10:57:21Z</time>
    <extensions>
     <gpxdata:hr>126</gpxdata:hr>
     <gpxdata:distance>13148.00</gpxdata:distance>
     <gpxdata:speed>5.250</gpxdata:speed>
    </extensions>
   </trkpt>
   <trkpt lat="51.0199060" lon="13.8421341">
    <ele>114</ele>
    <time>2026-06-06T10:57:22Z</time>
    <extensions>
     <gpxdata:hr>126</gpxdata:hr>
     <gpxdata:distance>13154.00</gpxdata:distance>
     <gpxdata:speed>5.531</gpxdata:speed>
    </extensions>
   </trkpt>
   <trkpt lat="51.0199361" lon="13.8422162">
    <ele>114</ele>
    <time>2026-06-06T10:57:23Z</time>
    <extensions>
     <gpxdata:hr>126</gpxdata:hr>
     <gpxdata:distance>13161.00</gpxdata:distance>
     <gpxdata:speed>5.853</gpxdata:speed>
    </extensions>
   </trkpt>
   <trkpt lat="51.0199781" lon="13.8423292">
    <ele>114</ele>
    <time>2026-06-06T10:57:24Z</time>
    <extensions>
     <gpxdata:hr>126</gpxdata:hr>
     <gpxdata:distance>13168.00</gpxdata:distance>
     <gpxdata:speed>6.142</gpxdata:speed>
    </extensions>
   </trkpt>
   <trkpt lat="51.0200120" lon="13.8424189">
    <ele>114</ele>
    <time>2026-06-06T10:57:25Z</time>
    <extensions>
     <gpxdata:hr>126</gpxdata:hr>
     <gpxdata:distance>13175.00</gpxdata:distance>
     <gpxdata:speed>6.758</gpxdata:speed>
    </extensions>
   </trkpt>
   <trkpt lat="51.0200451" lon="13.8425047">
    <ele>114</ele>
    <time>2026-06-06T10:57:26Z</time>
    <extensions>
     <gpxdata:hr>127</gpxdata:hr>
     <gpxdata:distance>13182.00</gpxdata:distance>
     <gpxdata:speed>6.939</gpxdata:speed>
    </extensions>
   </trkpt>
   <trkpt lat="51.0200788" lon="13.8425874">
    <ele>114</ele>
    <time>2026-06-06T10:57:27Z</time>
    <extensions>
     <gpxdata:hr>129</gpxdata:hr>
     <gpxdata:distance>13189.00</gpxdata:distance>
     <gpxdata:speed>6.922</gpxdata:speed>
    </extensions>
   </trkpt>
   <trkpt lat="51.0201138" lon="13.8426684">
    <ele>113</ele>
    <time>2026-06-06T10:57:28Z</time>
    <extensions>
     <gpxdata:hr>129</gpxdata:hr>
     <gpxdata:distance>13196.00</gpxdata:distance>
     <gpxdata:speed>6.864</gpxdata:speed>
    </extensions>
   </trkpt>
   <trkpt lat="51.0201489" lon="13.8427499">
    <ele>113</ele>
    <time>2026-06-06T10:57:29Z</time>
    <extensions>
     <gpxdata:hr>129</gpxdata:hr>
     <gpxdata:distance>13203.00</gpxdata:distance>
     <gpxdata:speed>6.878</gpxdata:speed>
    </extensions>
   </trkpt>
   <trkpt lat="51.0201831" lon="13.8428335">
    <ele>113</ele>
    <time>2026-06-06T10:57:30Z</time>
    <extensions>
     <gpxdata:hr>128</gpxdata:hr>
     <gpxdata:distance>13210.00</gpxdata:distance>
     <gpxdata:speed>6.925</gpxdata:speed>
    </extensions>
   </trkpt>
   <trkpt lat="51.0202154" lon="13.8429196">
    <ele>113</ele>
    <time>2026-06-06T10:57:31Z</time>
    <extensions>
     <gpxdata:hr>127</gpxdata:hr>
     <gpxdata:distance>13217.00</gpxdata:distance>
     <gpxdata:speed>7.000</gpxdata:speed>
    </extensions>
   </trkpt>
   <trkpt lat="51.0202461" lon="13.8430071">
    <ele>113</ele>
    <time>2026-06-06T10:57:32Z</time>
    <extensions>
     <gpxdata:hr>127</gpxdata:hr>
     <gpxdata:distance>13224.00</gpxdata:distance>
     <gpxdata:speed>7.025</gpxdata:speed>
    </extensions>
   </trkpt>
   <trkpt lat="51.0202757" lon="13.8430927">
    <ele>113</ele>
    <time>2026-06-06T10:57:33Z</time>
    <extensions>
     <gpxdata:hr>127</gpxdata:hr>
     <gpxdata:distance>13230.50</gpxdata:distance>
     <gpxdata:speed>7.028</gpxdata:speed>
    </extensions>
   </trkpt>
   <trkpt lat="51.0203028" lon="13.8431706">
    <ele>113</ele>
    <time>2026-06-06T10:57:34Z</time>
    <extensions>
     <gpxdata:hr>126</gpxdata:hr>
     <gpxdata:distance>13237.00</gpxdata:distance>
     <gpxdata:speed>6.944</gpxdata:speed>
    </extensions>
   </trkpt>
   <trkpt lat="51.0203250" lon="13.8432354">
    <ele>113</ele>
    <time>2026-06-06T10:57:35Z</time>
    <extensions>
     <gpxdata:hr>126</gpxdata:hr>
     <gpxdata:distance>13242.00</gpxdata:distance>
     <gpxdata:speed>6.300</gpxdata:speed>
    </extensions>
   </trkpt>
   <trkpt lat="51.0203384" lon="13.8432691">
    <ele>113</ele>
    <time>2026-06-06T10:57:36Z</time>
    <extensions>
     <gpxdata:hr>125</gpxdata:hr>
     <gpxdata:distance>13247.00</gpxdata:distance>
     <gpxdata:speed>5.314</gpxdata:speed>
    </extensions>
   </trkpt>
   <trkpt lat="51.0203554" lon="13.8432940">
    <ele>112</ele>
    <time>2026-06-06T10:57:37Z</time>
    <extensions>
     <gpxdata:hr>124</gpxdata:hr>
     <gpxdata:distance>13249.50</gpxdata:distance>
     <gpxdata:speed>5.197</gpxdata:speed>
    </extensions>
   </trkpt>
   <trkpt lat="51.0203757" lon="13.8432956">
    <ele>112</ele>
    <time>2026-06-06T10:57:38Z</time>
    <extensions>
     <gpxdata:hr>123</gpxdata:hr>
     <gpxdata:distance>13252.00</gpxdata:distance>
     <gpxdata:speed>3.172</gpxdata:speed>
    </extensions>
   </trkpt>
   <trkpt lat="51.0204006" lon="13.8432745">
    <ele>112</ele>
    <time>2026-06-06T10:57:39Z</time>
    <extensions>
     <gpxdata:hr>123</gpxdata:hr>
     <gpxdata:distance>13255.50</gpxdata:distance>
     <gpxdata:speed>3.172</gpxdata:speed>
    </extensions>
   </trkpt>
   <trkpt lat="51.0204323" lon="13.8432398">
    <ele>112</ele>
    <time>2026-06-06T10:57:40Z</time>
    <extensions>
     <gpxdata:hr>122</gpxdata:hr>
     <gpxdata:distance>13259.00</gpxdata:distance>
     <gpxdata:speed>3.886</gpxdata:speed>
    </extensions>
   </trkpt>
   <trkpt lat="51.0204709" lon="13.8431964">
    <ele>112</ele>
    <time>2026-06-06T10:57:41Z</time>
    <extensions>
     <gpxdata:hr>122</gpxdata:hr>
     <gpxdata:distance>13265.00</gpxdata:distance>
     <gpxdata:speed>4.639</gpxdata:speed>
    </extensions>
   </trkpt>
   <trkpt lat="51.0205147" lon="13.8431473">
    <ele>111</ele>
    <time>2026-06-06T10:57:42Z</time>
    <extensions>
     <gpxdata:hr>122</gpxdata:hr>
     <gpxdata:distance>13271.00</gpxdata:distance>
     <gpxdata:speed>5.361</gpxdata:speed>
    </extensions>
   </trkpt>
   <trkpt lat="51.0205632" lon="13.8430971">
    <ele>111</ele>
    <time>2026-06-06T10:57:43Z</time>
    <extensions>
     <gpxdata:hr>122</gpxdata:hr>
     <gpxdata:distance>13277.50</gpxdata:distance>
     <gpxdata:speed>5.914</gpxdata:speed>
    </extensions>
   </trkpt>
   <trkpt lat="51.0206343" lon="13.8430296">
    <ele>111</ele>
    <time>2026-06-06T10:57:44Z</time>
    <extensions>
     <gpxdata:hr>122</gpxdata:hr>
     <gpxdata:distance>13284.00</gpxdata:distance>
     <gpxdata:speed>6.344</gpxdata:speed>
    </extensions>
   </trkpt>
   <trkpt lat="51.0206937" lon="13.8429776">
    <ele>111</ele>
    <time>2026-06-06T10:57:45Z</time>
    <extensions>
     <gpxdata:hr>126</gpxdata:hr>
     <gpxdata:distance>13291.50</gpxdata:distance>
     <gpxdata:speed>6.819</gpxdata:speed>
    </extensions>
   </trkpt>
   <trkpt lat="51.0207525" lon="13.8429269">
    <ele>111</ele>
    <time>2026-06-06T10:57:46Z</time>
    <extensions>
     <gpxdata:hr>128</gpxdata:hr>
     <gpxdata:distance>13299.00</gpxdata:distance>
     <gpxdata:speed>7.081</gpxdata:speed>
    </extensions>
   </trkpt>
   <trkpt lat="51.0208132" lon="13.8428773">
    <ele>111</ele>
    <time>2026-06-06T10:57:47Z</time>
    <extensions>
     <gpxdata:hr>129</gpxdata:hr>
     <gpxdata:distance>13306.50</gpxdata:distance>
     <gpxdata:speed>7.081</gpxdata:speed>
    </extensions>
   </trkpt>
   <trkpt lat="51.0208760" lon="13.8428297">
    <ele>111</ele>
    <time>2026-06-06T10:57:48Z</time>
    <extensions>
     <gpxdata:hr>130</gpxdata:hr>
     <gpxdata:distance>13314.00</gpxdata:distance>
     <gpxdata:speed>7.486</gpxdata:speed>
    </extensions>
   </trkpt>
   <trkpt lat="51.0209396" lon="13.8427837">
    <ele>111</ele>
    <time>2026-06-06T10:57:49Z</time>
    <extensions>
     <gpxdata:hr>132</gpxdata:hr>
     <gpxdata:distance>13321.50</gpxdata:distance>
     <gpxdata:speed>7.667</gpxdata:speed>
    </extensions>
   </trkpt>
   <trkpt lat="51.0210041" lon="13.8427400">
    <ele>111</ele>
    <time>2026-06-06T10:57:50Z</time>
    <extensions>
     <gpxdata:hr>133</gpxdata:hr>
     <gpxdata:distance>13329.00</gpxdata:distance>
     <gpxdata:speed>7.711</gpxdata:speed>
    </extensions>
   </trkpt>
   <trkpt lat="51.0210692" lon="13.8426950">
    <ele>111</ele>
    <time>2026-06-06T10:57:51Z</time>
    <extensions>
     <gpxdata:hr>132</gpxdata:hr>
     <gpxdata:distance>13337.00</gpxdata:distance>
     <gpxdata:speed>7.756</gpxdata:speed>
    </extensions>
   </trkpt>
   <trkpt lat="51.0211330" lon="13.8426465">
    <ele>111</ele>
    <time>2026-06-06T10:57:52Z</time>
    <extensions>
     <gpxdata:hr>132</gpxdata:hr>
     <gpxdata:distance>13345.00</gpxdata:distance>
     <gpxdata:speed>7.872</gpxdata:speed>
    </extensions>
   </trkpt>
   <trkpt lat="51.0211949" lon="13.8425956">
    <ele>112</ele>
    <time>2026-06-06T10:57:53Z</time>
    <extensions>
     <gpxdata:hr>131</gpxdata:hr>
     <gpxdata:distance>13353.00</gpxdata:distance>
     <gpxdata:speed>7.850</gpxdata:speed>
    </extensions>
   </trkpt>
   <trkpt lat="51.0212563" lon="13.8425435">
    <ele>112</ele>
    <time>2026-06-06T10:57:54Z</time>
    <extensions>
     <gpxdata:hr>131</gpxdata:hr>
     <gpxdata:distance>13361.00</gpxdata:distance>
     <gpxdata:speed>7.767</gpxdata:speed>
    </extensions>
   </trkpt>
   <trkpt lat="51.0213166" lon="13.8424905">
    <ele>112</ele>
    <time>2026-06-06T10:57:55Z</time>
    <extensions>
     <gpxdata:hr>131</gpxdata:hr>
     <gpxdata:distance>13368.50</gpxdata:distance>
     <gpxdata:speed>7.764</gpxdata:speed>
    </extensions>
   </trkpt>
   <trkpt lat="51.0213768" lon="13.8424360">
    <ele>112</ele>
    <time>2026-06-06T10:57:56Z</time>
    <extensions>
     <gpxdata:hr>132</gpxdata:hr>
     <gpxdata:distance>13376.00</gpxdata:distance>
     <gpxdata:speed>7.719</gpxdata:speed>
    </extensions>
   </trkpt>
   <trkpt lat="51.0214368" lon="13.8423816">
    <ele>112</ele>
    <time>2026-06-06T10:57:57Z</time>
    <extensions>
     <gpxdata:hr>131</gpxdata:hr>
     <gpxdata:distance>13383.50</gpxdata:distance>
     <gpxdata:speed>7.728</gpxdata:speed>
    </extensions>
   </trkpt>
   <trkpt lat="51.0214967" lon="13.8423272">
    <ele>112</ele>
    <time>2026-06-06T10:57:58Z</time>
    <extensions>
     <gpxdata:hr>131</gpxdata:hr>
     <gpxdata:distance>13391.00</gpxdata:distance>
     <gpxdata:speed>7.714</gpxdata:speed>
    </extensions>
   </trkpt>
   <trkpt lat="51.0215572" lon="13.8422724">
    <ele>112</ele>
    <time>2026-06-06T10:57:59Z</time>
    <extensions>
     <gpxdata:hr>132</gpxdata:hr>
     <gpxdata:distance>13399.00</gpxdata:distance>
     <gpxdata:speed>7.706</gpxdata:speed>
    </extensions>
   </trkpt>
   <trkpt lat="51.0216188" lon="13.8422197">
    <ele>112</ele>
    <time>2026-06-06T10:58:00Z</time>
    <extensions>
     <gpxdata:hr>132</gpxdata:hr>
     <gpxdata:distance>13407.00</gpxdata:distance>
     <gpxdata:speed>7.725</gpxdata:speed>
    </extensions>
   </trkpt>
   <trkpt lat="51.0216816" lon="13.8421706">
    <ele>112</ele>
    <time>2026-06-06T10:58:01Z</time>
    <extensions>
     <gpxdata:hr>133</gpxdata:hr>
     <gpxdata:distance>13415.00</gpxdata:distance>
     <gpxdata:speed>7.750</gpxdata:speed>
    </extensions>
   </trkpt>
   <trkpt lat="51.0217454" lon="13.8421226">
    <ele>112</ele>
    <time>2026-06-06T10:58:02Z</time>
    <extensions>
     <gpxdata:hr>132</gpxdata:hr>
     <gpxdata:distance>13423.00</gpxdata:distance>
     <gpxdata:speed>7.767</gpxdata:speed>
    </extensions>
   </trkpt>
   <trkpt lat="51.0218092" lon="13.8420738">
    <ele>112</ele>
    <time>2026-06-06T10:58:03Z</time>
    <extensions>
     <gpxdata:hr>132</gpxdata:hr>
     <gpxdata:distance>13430.50</gpxdata:distance>
     <gpxdata:speed>7.800</gpxdata:speed>
    </extensions>
   </trkpt>
   <trkpt lat="51.0218734" lon="13.8420228">
    <ele>112</ele>
    <time>2026-06-06T10:58:04Z</time>
    <extensions>
     <gpxdata:hr>133</gpxdata:hr>
     <gpxdata:distance>13438.00</gpxdata:distance>
     <gpxdata:speed>7.825</gpxdata:speed>
    </extensions>
   </trkpt>
   <trkpt lat="51.0219381" lon="13.8419694">
    <ele>112</ele>
    <time>2026-06-06T10:58:05Z</time>
    <extensions>
     <gpxdata:hr>134</gpxdata:hr>
     <gpxdata:distance>13446.50</gpxdata:distance>
     <gpxdata:speed>7.892</gpxdata:speed>
    </extensions>
   </trkpt>
   <trkpt lat="51.0220012" lon="13.8419137">
    <ele>112</ele>
    <time>2026-06-06T10:58:06Z</time>
    <extensions>
     <gpxdata:hr>134</gpxdata:hr>
     <gpxdata:distance>13455.00</gpxdata:distance>
     <gpxdata:speed>7.975</gpxdata:speed>
    </extensions>
   </trkpt>
   <trkpt lat="51.0220626" lon="13.8418564">
    <ele>112</ele>
    <time>2026-06-06T10:58:07Z</time>
    <extensions>
     <gpxdata:hr>135</gpxdata:hr>
     <gpxdata:distance>13462.50</gpxdata:distance>
     <gpxdata:speed>7.986</gpxdata:speed>
    </extensions>
   </trkpt>
   <trkpt lat="51.0221231" lon="13.8417978">
    <ele>112</ele>
    <time>2026-06-06T10:58:08Z</time>
    <extensions>
     <gpxdata:hr>134</gpxdata:hr>
     <gpxdata:distance>13470.00</gpxdata:distance>
     <gpxdata:speed>7.961</gpxdata:speed>
    </extensions>
   </trkpt>
   <trkpt lat="51.0221849" lon="13.8417402">
    <ele>112</ele>
    <time>2026-06-06T10:58:09Z</time>
    <extensions>
     <gpxdata:hr>135</gpxdata:hr>
     <gpxdata:distance>13478.00</gpxdata:distance>
     <gpxdata:speed>7.939</gpxdata:speed>
    </extensions>
   </trkpt>
   <trkpt lat="51.0222484" lon="13.8416846">
    <ele>112</ele>
    <time>2026-06-06T10:58:10Z</time>
    <extensions>
     <gpxdata:hr>134</gpxdata:hr>
     <gpxdata:distance>13486.00</gpxdata:distance>
     <gpxdata:speed>7.969</gpxdata:speed>
    </extensions>
   </trkpt>
   <trkpt lat="51.0223141" lon="13.8416327">
    <ele>112</ele>
    <time>2026-06-06T10:58:11Z</time>
    <extensions>
     <gpxdata:hr>133</gpxdata:hr>
     <gpxdata:distance>13494.50</gpxdata:distance>
     <gpxdata:speed>8.014</gpxdata:speed>
    </extensions>
   </trkpt>
   <trkpt lat="51.0223819" lon="13.8415845">
    <ele>112</ele>
    <time>2026-06-06T10:58:12Z</time>
    <extensions>
     <gpxdata:hr>133</gpxdata:hr>
     <gpxdata:distance>13503.00</gpxdata:distance>
     <gpxdata:speed>8.075</gpxdata:speed>
    </extensions>
   </trkpt>
   <trkpt lat="51.0224519" lon="13.8415394">
    <ele>112</ele>
    <time>2026-06-06T10:58:13Z</time>
    <extensions>
     <gpxdata:hr>133</gpxdata:hr>
     <gpxdata:distance>13511.50</gpxdata:distance>
     <gpxdata:speed>8.147</gpxdata:speed>
    </extensions>
   </trkpt>
   <trkpt lat="51.0225223" lon="13.8414956">
    <ele>112</ele>
    <time>2026-06-06T10:58:14Z</time>
    <extensions>
     <gpxdata:hr>133</gpxdata:hr>
     <gpxdata:distance>13520.00</gpxdata:distance>
     <gpxdata:speed>8.244</gpxdata:speed>
    </extensions>
   </trkpt>
   <trkpt lat="51.0225926" lon="13.8414519">
    <ele>111</ele>
    <time>2026-06-06T10:58:15Z</time>
    <extensions>
     <gpxdata:hr>133</gpxdata:hr>
     <gpxdata:distance>13528.00</gpxdata:distance>
     <gpxdata:speed>8.297</gpxdata:speed>
    </extensions>
   </trkpt>
   <trkpt lat="51.0226625" lon="13.8414086">
    <ele>111</ele>
    <time>2026-06-06T10:58:16Z</time>
    <extensions>
     <gpxdata:hr>133</gpxdata:hr>
     <gpxdata:distance>13536.00</gpxdata:distance>
     <gpxdata:speed>8.331</gpxdata:speed>
    </extensions>
   </trkpt>
   <trkpt lat="51.0227318" lon="13.8413651">
    <ele>111</ele>
    <time>2026-06-06T10:58:17Z</time>
    <extensions>
     <gpxdata:hr>133</gpxdata:hr>
     <gpxdata:distance>13544.50</gpxdata:distance>
     <gpxdata:speed>8.333</gpxdata:speed>
    </extensions>
   </trkpt>
   <trkpt lat="51.0228003" lon="13.8413204">
    <ele>111</ele>
    <time>2026-06-06T10:58:18Z</time>
    <extensions>
     <gpxdata:hr>133</gpxdata:hr>
     <gpxdata:distance>13553.00</gpxdata:distance>
     <gpxdata:speed>8.322</gpxdata:speed>
    </extensions>
   </trkpt>
   <trkpt lat="51.0228676" lon="13.8412752">
    <ele>111</ele>
    <time>2026-06-06T10:58:19Z</time>
    <extensions>
     <gpxdata:hr>133</gpxdata:hr>
     <gpxdata:distance>13561.00</gpxdata:distance>
     <gpxdata:speed>8.303</gpxdata:speed>
    </extensions>
   </trkpt>
   <trkpt lat="51.0229334" lon="13.8412297">
    <ele>111</ele>
    <time>2026-06-06T10:58:20Z</time>
    <extensions>
     <gpxdata:hr>132</gpxdata:hr>
     <gpxdata:distance>13569.00</gpxdata:distance>
     <gpxdata:speed>8.239</gpxdata:speed>
    </extensions>
   </trkpt>
   <trkpt lat="51.0229981" lon="13.8411829">
    <ele>111</ele>
    <time>2026-06-06T10:58:21Z</time>
    <extensions>
     <gpxdata:hr>132</gpxdata:hr>
     <gpxdata:distance>13577.00</gpxdata:distance>
     <gpxdata:speed>8.153</gpxdata:speed>
    </extensions>
   </trkpt>
   <trkpt lat="51.0230624" lon="13.8411350">
    <ele>111</ele>
    <time>2026-06-06T10:58:22Z</time>
    <extensions>
     <gpxdata:hr>132</gpxdata:hr>
     <gpxdata:distance>13585.00</gpxdata:distance>
     <gpxdata:speed>8.072</gpxdata:speed>
    </extensions>
   </trkpt>
   <trkpt lat="51.0231270" lon="13.8410864">
    <ele>111</ele>
    <time>2026-06-06T10:58:23Z</time>
    <extensions>
     <gpxdata:hr>131</gpxdata:hr>
     <gpxdata:distance>13593.00</gpxdata:distance>
     <gpxdata:speed>8.019</gpxdata:speed>
    </extensions>
   </trkpt>
   <trkpt lat="51.0231913" lon="13.8410362">
    <ele>111</ele>
    <time>2026-06-06T10:58:24Z</time>
    <extensions>
     <gpxdata:hr>131</gpxdata:hr>
     <gpxdata:distance>13601.00</gpxdata:distance>
     <gpxdata:speed>8.006</gpxdata:speed>
    </extensions>
   </trkpt>
   <trkpt lat="51.0232553" lon="13.8409856">
    <ele>112</ele>
    <time>2026-06-06T10:58:25Z</time>
    <extensions>
     <gpxdata:hr>131</gpxdata:hr>
     <gpxdata:distance>13609.00</gpxdata:distance>
     <gpxdata:speed>7.989</gpxdata:speed>
    </extensions>
   </trkpt>
   <trkpt lat="51.0233198" lon="13.8409362">
    <ele>112</ele>
    <time>2026-06-06T10:58:26Z</time>
    <extensions>
     <gpxdata:hr>131</gpxdata:hr>
     <gpxdata:distance>13617.00</gpxdata:distance>
     <gpxdata:speed>7.975</gpxdata:speed>
    </extensions>
   </trkpt>
   <trkpt lat="51.0233847" lon="13.8408877">
    <ele>112</ele>
    <time>2026-06-06T10:58:27Z</time>
    <extensions>
     <gpxdata:hr>132</gpxdata:hr>
     <gpxdata:distance>13625.00</gpxdata:distance>
     <gpxdata:speed>7.969</gpxdata:speed>
    </extensions>
   </trkpt>
   <trkpt lat="51.0234496" lon="13.8408396">
    <ele>112</ele>
    <time>2026-06-06T10:58:28Z</time>
    <extensions>
     <gpxdata:hr>132</gpxdata:hr>
     <gpxdata:distance>13633.00</gpxdata:distance>
     <gpxdata:speed>7.972</gpxdata:speed>
    </extensions>
   </trkpt>
   <trkpt lat="51.0235140" lon="13.8407926">
    <ele>112</ele>
    <time>2026-06-06T10:58:29Z</time>
    <extensions>
     <gpxdata:hr>133</gpxdata:hr>
     <gpxdata:distance>13641.00</gpxdata:distance>
     <gpxdata:speed>7.964</gpxdata:speed>
    </extensions>
   </trkpt>
   <trkpt lat="51.0235789" lon="13.8407491">
    <ele>112</ele>
    <time>2026-06-06T10:58:30Z</time>
    <extensions>
     <gpxdata:hr>133</gpxdata:hr>
     <gpxdata:distance>13649.00</gpxdata:distance>
     <gpxdata:speed>7.931</gpxdata:speed>
    </extensions>
   </trkpt>
   <trkpt lat="51.0236453" lon="13.8407107">
    <ele>112</ele>
    <time>2026-06-06T10:58:31Z</time>
    <extensions>
     <gpxdata:hr>133</gpxdata:hr>
     <gpxdata:distance>13656.50</gpxdata:distance>
     <gpxdata:speed>7.897</gpxdata:speed>
    </extensions>
   </trkpt>
   <trkpt lat="51.0237115" lon="13.8406756">
    <ele>112</ele>
    <time>2026-06-06T10:58:32Z</time>
    <extensions>
     <gpxdata:hr>133</gpxdata:hr>
     <gpxdata:distance>13664.00</gpxdata:distance>
     <gpxdata:speed>7.894</gpxdata:speed>
    </extensions>
   </trkpt>
   <trkpt lat="51.0237760" lon="13.8406411">
    <ele>112</ele>
    <time>2026-06-06T10:58:33Z</time>
    <extensions>
     <gpxdata:hr>133</gpxdata:hr>
     <gpxdata:distance>13671.50</gpxdata:distance>
     <gpxdata:speed>7.844</gpxdata:speed>
    </extensions>
   </trkpt>
   <trkpt lat="51.0238391" lon="13.8406041">
    <ele>112</ele>
    <time>2026-06-06T10:58:34Z</time>
    <extensions>
     <gpxdata:hr>134</gpxdata:hr>
     <gpxdata:distance>13679.00</gpxdata:distance>
     <gpxdata:speed>7.736</gpxdata:speed>
    </extensions>
   </trkpt>
   <trkpt lat="51.0239016" lon="13.8405653">
    <ele>112</ele>
    <time>2026-06-06T10:58:35Z</time>
    <extensions>
     <gpxdata:hr>132</gpxdata:hr>
     <gpxdata:distance>13686.50</gpxdata:distance>
     <gpxdata:speed>7.644</gpxdata:speed>
    </extensions>
   </trkpt>
   <trkpt lat="51.0239644" lon="13.8405281">
    <ele>112</ele>
    <time>2026-06-06T10:58:36Z</time>
    <extensions>
     <gpxdata:hr>133</gpxdata:hr>
     <gpxdata:distance>13694.00</gpxdata:distance>
     <gpxdata:speed>7.586</gpxdata:speed>
    </extensions>
   </trkpt>
   <trkpt lat="51.0240290" lon="13.8404945">
    <ele>112</ele>
    <time>2026-06-06T10:58:37Z</time>
    <extensions>
     <gpxdata:hr>133</gpxdata:hr>
     <gpxdata:distance>13701.50</gpxdata:distance>
     <gpxdata:speed>7.544</gpxdata:speed>
    </extensions>
   </trkpt>
   <trkpt lat="51.0240936" lon="13.8404648">
    <ele>112</ele>
    <time>2026-06-06T10:58:38Z</time>
    <extensions>
     <gpxdata:hr>133</gpxdata:hr>
     <gpxdata:distance>13709.00</gpxdata:distance>
     <gpxdata:speed>7.556</gpxdata:speed>
    </extensions>
   </trkpt>
   <trkpt lat="51.0241566" lon="13.8404352">
    <ele>112</ele>
    <time>2026-06-06T10:58:39Z</time>
    <extensions>
     <gpxdata:hr>133</gpxdata:hr>
     <gpxdata:distance>13716.50</gpxdata:distance>
     <gpxdata:speed>7.522</gpxdata:speed>
    </extensions>
   </trkpt>
   <trkpt lat="51.0242172" lon="13.8404022">
    <ele>112</ele>
    <time>2026-06-06T10:58:40Z</time>
    <extensions>
     <gpxdata:hr>134</gpxdata:hr>
     <gpxdata:distance>13724.00</gpxdata:distance>
     <gpxdata:speed>7.431</gpxdata:speed>
    </extensions>
   </trkpt>
   <trkpt lat="51.0242733" lon="13.8403675">
    <ele>112</ele>
    <time>2026-06-06T10:58:41Z</time>
    <extensions>
     <gpxdata:hr>135</gpxdata:hr>
     <gpxdata:distance>13730.50</gpxdata:distance>
     <gpxdata:speed>7.281</gpxdata:speed>
    </extensions>
   </trkpt>
   <trkpt lat="51.0243223" lon="13.8403348">
    <ele>112</ele>
    <time>2026-06-06T10:58:42Z</time>
    <extensions>
     <gpxdata:hr>136</gpxdata:hr>
     <gpxdata:distance>13737.00</gpxdata:distance>
     <gpxdata:speed>6.769</gpxdata:speed>
    </extensions>
   </trkpt>
   <trkpt lat="51.0243529" lon="13.8403133">
    <ele>112</ele>
    <time>2026-06-06T10:58:43Z</time>
    <extensions>
     <gpxdata:hr>135</gpxdata:hr>
     <gpxdata:distance>13742.00</gpxdata:distance>
     <gpxdata:speed>5.997</gpxdata:speed>
    </extensions>
   </trkpt>
   <trkpt lat="51.0243865" lon="13.8402881">
    <ele>112</ele>
    <time>2026-06-06T10:58:44Z</time>
    <extensions>
     <gpxdata:hr>134</gpxdata:hr>
     <gpxdata:distance>13747.00</gpxdata:distance>
     <gpxdata:speed>5.339</gpxdata:speed>
    </extensions>
   </trkpt>
   <trkpt lat="51.0244164" lon="13.8402625">
    <ele>112</ele>
    <time>2026-06-06T10:58:45Z</time>
    <extensions>
     <gpxdata:hr>134</gpxdata:hr>
     <gpxdata:distance>13750.50</gpxdata:distance>
     <gpxdata:speed>4.597</gpxdata:speed>
    </extensions>
   </trkpt>
   <trkpt lat="51.0244431" lon="13.8402377">
    <ele>112</ele>
    <time>2026-06-06T10:58:46Z</time>
    <extensions>
     <gpxdata:hr>133</gpxdata:hr>
     <gpxdata:distance>13754.00</gpxdata:distance>
     <gpxdata:speed>3.986</gpxdata:speed>
    </extensions>
   </trkpt>
   <trkpt lat="51.0244704" lon="13.8402167">
    <ele>112</ele>
    <time>2026-06-06T10:58:47Z</time>
    <extensions>
     <gpxdata:hr>133</gpxdata:hr>
     <gpxdata:distance>13757.50</gpxdata:distance>
     <gpxdata:speed>3.608</gpxdata:speed>
    </extensions>
   </trkpt>
   <trkpt lat="51.0245015" lon="13.8402030">
    <ele>112</ele>
    <time>2026-06-06T10:58:48Z</time>
    <extensions>
     <gpxdata:hr>132</gpxdata:hr>
     <gpxdata:distance>13761.00</gpxdata:distance>
     <gpxdata:speed>3.572</gpxdata:speed>
    </extensions>
   </trkpt>
   <trkpt lat="51.0245374" lon="13.8401959">
    <ele>112</ele>
    <time>2026-06-06T10:58:49Z</time>
    <extensions>
     <gpxdata:hr>131</gpxdata:hr>
     <gpxdata:distance>13765.50</gpxdata:distance>
     <gpxdata:speed>3.814</gpxdata:speed>
    </extensions>
   </trkpt>
   <trkpt lat="51.0245778" lon="13.8401913">
    <ele>111</ele>
    <time>2026-06-06T10:58:50Z</time>
    <extensions>
     <gpxdata:hr>130</gpxdata:hr>
     <gpxdata:distance>13770.00</gpxdata:distance>
     <gpxdata:speed>4.192</gpxdata:speed>
    </extensions>
   </trkpt>
   <trkpt lat="51.0246213" lon="13.8401847">
    <ele>111</ele>
    <time>2026-06-06T10:58:51Z</time>
    <extensions>
     <gpxdata:hr>130</gpxdata:hr>
     <gpxdata:distance>13775.00</gpxdata:distance>
     <gpxdata:speed>4.556</gpxdata:speed>
    </extensions>
   </trkpt>
   <trkpt lat="51.0246677" lon="13.8401719">
    <ele>111</ele>
    <time>2026-06-06T10:58:52Z</time>
    <extensions>
     <gpxdata:hr>130</gpxdata:hr>
     <gpxdata:distance>13780.00</gpxdata:distance>
     <gpxdata:speed>4.700</gpxdata:speed>
    </extensions>
   </trkpt>
   <trkpt lat="51.0247175" lon="13.8401544">
    <ele>111</ele>
    <time>2026-06-06T10:58:53Z</time>
    <extensions>
     <gpxdata:hr>130</gpxdata:hr>
     <gpxdata:distance>13786.00</gpxdata:distance>
     <gpxdata:speed>4.956</gpxdata:speed>
    </extensions>
   </trkpt>
   <trkpt lat="51.0247714" lon="13.8401356">
    <ele>111</ele>
    <time>2026-06-06T10:58:54Z</time>
    <extensions>
     <gpxdata:hr>130</gpxdata:hr>
     <gpxdata:distance>13792.00</gpxdata:distance>
     <gpxdata:speed>5.633</gpxdata:speed>
    </extensions>
   </trkpt>
   <trkpt lat="51.0248487" lon="13.8401127">
    <ele>111</ele>
    <time>2026-06-06T10:58:55Z</time>
    <extensions>
     <gpxdata:hr>128</gpxdata:hr>
     <gpxdata:distance>13798.50</gpxdata:distance>
     <gpxdata:speed>6.122</gpxdata:speed>
    </extensions>
   </trkpt>
   <trkpt lat="51.0249132" lon="13.8400958">
    <ele>111</ele>
    <time>2026-06-06T10:58:56Z</time>
    <extensions>
     <gpxdata:hr>127</gpxdata:hr>
     <gpxdata:distance>13805.00</gpxdata:distance>
     <gpxdata:speed>6.539</gpxdata:speed>
    </extensions>
   </trkpt>
   <trkpt lat="51.0249781" lon="13.8400812">
    <ele>111</ele>
    <time>2026-06-06T10:58:57Z</time>
    <extensions>
     <gpxdata:hr>127</gpxdata:hr>
     <gpxdata:distance>13812.50</gpxdata:distance>
     <gpxdata:speed>6.872</gpxdata:speed>
    </extensions>
   </trkpt>
   <trkpt lat="51.0250435" lon="13.8400706">
    <ele>111</ele>
    <time>2026-06-06T10:58:58Z</time>
    <extensions>
     <gpxdata:hr>128</gpxdata:hr>
     <gpxdata:distance>13820.00</gpxdata:distance>
     <gpxdata:speed>7.111</gpxdata:speed>
    </extensions>
   </trkpt>
   <trkpt lat="51.0251083" lon="13.8400616">
    <ele>111</ele>
    <time>2026-06-06T10:58:59Z</time>
    <extensions>
     <gpxdata:hr>129</gpxdata:hr>
     <gpxdata:distance>13827.00</gpxdata:distance>
     <gpxdata:speed>7.194</gpxdata:speed>
    </extensions>
   </trkpt>
   <trkpt lat="51.0251724" lon="13.8400521">
    <ele>111</ele>
    <time>2026-06-06T10:59:00Z</time>
    <extensions>
     <gpxdata:hr>129</gpxdata:hr>
     <gpxdata:distance>13834.00</gpxdata:distance>
     <gpxdata:speed>7.167</gpxdata:speed>
    </extensions>
   </trkpt>
   <trkpt lat="51.0252345" lon="13.8400407">
    <ele>111</ele>
    <time>2026-06-06T10:59:01Z</time>
    <extensions>
     <gpxdata:hr>129</gpxdata:hr>
     <gpxdata:distance>13841.00</gpxdata:distance>
     <gpxdata:speed>7.136</gpxdata:speed>
    </extensions>
   </trkpt>
   <trkpt lat="51.0252936" lon="13.8400256">
    <ele>111</ele>
    <time>2026-06-06T10:59:02Z</time>
    <extensions>
     <gpxdata:hr>131</gpxdata:hr>
     <gpxdata:distance>13848.00</gpxdata:distance>
     <gpxdata:speed>6.969</gpxdata:speed>
    </extensions>
   </trkpt>
   <trkpt lat="51.0253496" lon="13.8400056">
    <ele>111</ele>
    <time>2026-06-06T10:59:03Z</time>
    <extensions>
     <gpxdata:hr>131</gpxdata:hr>
     <gpxdata:distance>13854.50</gpxdata:distance>
     <gpxdata:speed>6.839</gpxdata:speed>
    </extensions>
   </trkpt>
   <trkpt lat="51.0254040" lon="13.8399801">
    <ele>111</ele>
    <time>2026-06-06T10:59:04Z</time>
    <extensions>
     <gpxdata:hr>131</gpxdata:hr>
     <gpxdata:distance>13861.00</gpxdata:distance>
     <gpxdata:speed>6.672</gpxdata:speed>
    </extensions>
   </trkpt>
   <trkpt lat="51.0254581" lon="13.8399534">
    <ele>111</ele>
    <time>2026-06-06T10:59:05Z</time>
    <extensions>
     <gpxdata:hr>130</gpxdata:hr>
     <gpxdata:distance>13867.00</gpxdata:distance>
     <gpxdata:speed>6.478</gpxdata:speed>
    </extensions>
   </trkpt>
   <trkpt lat="51.0255121" lon="13.8399265">
    <ele>111</ele>
    <time>2026-06-06T10:59:06Z</time>
    <extensions>
     <gpxdata:hr>129</gpxdata:hr>
     <gpxdata:distance>13873.00</gpxdata:distance>
     <gpxdata:speed>6.419</gpxdata:speed>
    </extensions>
   </trkpt>
   <trkpt lat="51.0255661" lon="13.8398997">
    <ele>111</ele>
    <time>2026-06-06T10:59:07Z</time>
    <extensions>
     <gpxdata:hr>128</gpxdata:hr>
     <gpxdata:distance>13879.50</gpxdata:distance>
     <gpxdata:speed>6.378</gpxdata:speed>
    </extensions>
   </trkpt>
   <trkpt lat="51.0256214" lon="13.8398731">
    <ele>111</ele>
    <time>2026-06-06T10:59:08Z</time>
    <extensions>
     <gpxdata:hr>127</gpxdata:hr>
     <gpxdata:distance>13886.00</gpxdata:distance>
     <gpxdata:speed>6.333</gpxdata:speed>
    </extensions>
   </trkpt>
   <trkpt lat="51.0256787" lon="13.8398468">
    <ele>111</ele>
    <time>2026-06-06T10:59:09Z</time>
    <extensions>
     <gpxdata:hr>126</gpxdata:hr>
     <gpxdata:distance>13892.50</gpxdata:distance>
     <gpxdata:speed>6.372</gpxdata:speed>
    </extensions>
   </trkpt>
   <trkpt lat="51.0257380" lon="13.8398206">
    <ele>111</ele>
    <time>2026-06-06T10:59:10Z</time>
    <extensions>
     <gpxdata:hr>125</gpxdata:hr>
     <gpxdata:distance>13899.00</gpxdata:distance>
     <gpxdata:speed>6.472</gpxdata:speed>
    </extensions>
   </trkpt>
   <trkpt lat="51.0257994" lon="13.8397939">
    <ele>111</ele>
    <time>2026-06-06T10:59:11Z</time>
    <extensions>
     <gpxdata:hr>125</gpxdata:hr>
     <gpxdata:distance>13906.50</gpxdata:distance>
     <gpxdata:speed>6.608</gpxdata:speed>
    </extensions>
   </trkpt>
   <trkpt lat="51.0258629" lon="13.8397663">
    <ele>111</ele>
    <time>2026-06-06T10:59:12Z</time>
    <extensions>
     <gpxdata:hr>125</gpxdata:hr>
     <gpxdata:distance>13914.00</gpxdata:distance>
     <gpxdata:speed>6.775</gpxdata:speed>
    </extensions>
   </trkpt>
   <trkpt lat="51.0259281" lon="13.8397372">
    <ele>111</ele>
    <time>2026-06-06T10:59:13Z</time>
    <extensions>
     <gpxdata:hr>126</gpxdata:hr>
     <gpxdata:distance>13921.50</gpxdata:distance>
     <gpxdata:speed>7.208</gpxdata:speed>
    </extensions>
   </trkpt>
   <trkpt lat="51.0259948" lon="13.8397066">
    <ele>111</ele>
    <time>2026-06-06T10:59:14Z</time>
    <extensions>
     <gpxdata:hr>127</gpxdata:hr>
     <gpxdata:distance>13929.00</gpxdata:distance>
     <gpxdata:speed>7.442</gpxdata:speed>
    </extensions>
   </trkpt>
   <trkpt lat="51.0260623" lon="13.8396750">
    <ele>111</ele>
    <time>2026-06-06T10:59:15Z</time>
    <extensions>
     <gpxdata:hr>127</gpxdata:hr>
     <gpxdata:distance>13936.50</gpxdata:distance>
     <gpxdata:speed>7.636</gpxdata:speed>
    </extensions>
   </trkpt>
   <trkpt lat="51.0261299" lon="13.8396427">
    <ele>111</ele>
    <time>2026-06-06T10:59:16Z</time>
    <extensions>
     <gpxdata:hr>128</gpxdata:hr>
     <gpxdata:distance>13944.00</gpxdata:distance>
     <gpxdata:speed>7.742</gpxdata:speed>
    </extensions>
   </trkpt>
   <trkpt lat="51.0261974" lon="13.8396110">
    <ele>111</ele>
    <time>2026-06-06T10:59:17Z</time>
    <extensions>
     <gpxdata:hr>128</gpxdata:hr>
     <gpxdata:distance>13952.00</gpxdata:distance>
     <gpxdata:speed>7.786</gpxdata:speed>
    </extensions>
   </trkpt>
   <trkpt lat="51.0262654" lon="13.8395794">
    <ele>111</ele>
    <time>2026-06-06T10:59:18Z</time>
    <extensions>
     <gpxdata:hr>129</gpxdata:hr>
     <gpxdata:distance>13960.00</gpxdata:distance>
     <gpxdata:speed>7.789</gpxdata:speed>
    </extensions>
   </trkpt>
   <trkpt lat="51.0263338" lon="13.8395477">
    <ele>111</ele>
    <time>2026-06-06T10:59:19Z</time>
    <extensions>
     <gpxdata:hr>130</gpxdata:hr>
     <gpxdata:distance>13968.00</gpxdata:distance>
     <gpxdata:speed>7.867</gpxdata:speed>
    </extensions>
   </trkpt>
   <trkpt lat="51.0264026" lon="13.8395171">
    <ele>111</ele>
    <time>2026-06-06T10:59:20Z</time>
    <extensions>
     <gpxdata:hr>130</gpxdata:hr>
     <gpxdata:distance>13976.00</gpxdata:distance>
     <gpxdata:speed>7.908</gpxdata:speed>
    </extensions>
   </trkpt>
   <trkpt lat="51.0264716" lon="13.8394872">
    <ele>111</ele>
    <time>2026-06-06T10:59:21Z</time>
    <extensions>
     <gpxdata:hr>130</gpxdata:hr>
     <gpxdata:distance>13984.00</gpxdata:distance>
     <gpxdata:speed>7.947</gpxdata:speed>
    </extensions>
   </trkpt>
   <trkpt lat="51.0265408" lon="13.8394556">
    <ele>111</ele>
    <time>2026-06-06T10:59:22Z</time>
    <extensions>
     <gpxdata:hr>130</gpxdata:hr>
     <gpxdata:distance>13992.00</gpxdata:distance>
     <gpxdata:speed>7.961</gpxdata:speed>
    </extensions>
   </trkpt>
   <trkpt lat="51.0266102" lon="13.8394232">
    <ele>111</ele>
    <time>2026-06-06T10:59:23Z</time>
    <extensions>
     <gpxdata:hr>131</gpxdata:hr>
     <gpxdata:distance>14000.00</gpxdata:distance>
     <gpxdata:speed>7.994</gpxdata:speed>
    </extensions>
   </trkpt>
   <trkpt lat="51.0266787" lon="13.8393907">
    <ele>111</ele>
    <time>2026-06-06T10:59:24Z</time>
    <extensions>
     <gpxdata:hr>131</gpxdata:hr>
     <gpxdata:distance>14008.00</gpxdata:distance>
     <gpxdata:speed>8.019</gpxdata:speed>
    </extensions>
   </trkpt>
   <trkpt lat="51.0267469" lon="13.8393585">
    <ele>111</ele>
    <time>2026-06-06T10:59:25Z</time>
    <extensions>
     <gpxdata:hr>130</gpxdata:hr>
     <gpxdata:distance>14016.00</gpxdata:distance>
     <gpxdata:speed>7.994</gpxdata:speed>
    </extensions>
   </trkpt>
   <trkpt lat="51.0268158" lon="13.8393272">
    <ele>111</ele>
    <time>2026-06-06T10:59:26Z</time>
    <extensions>
     <gpxdata:hr>130</gpxdata:hr>
     <gpxdata:distance>14024.00</gpxdata:distance>
     <gpxdata:speed>7.969</gpxdata:speed>
    </extensions>
   </trkpt>
   <trkpt lat="51.0268843" lon="13.8392962">
    <ele>111</ele>
    <time>2026-06-06T10:59:27Z</time>
    <extensions>
     <gpxdata:hr>131</gpxdata:hr>
     <gpxdata:distance>14032.00</gpxdata:distance>
     <gpxdata:speed>7.981</gpxdata:speed>
    </extensions>
   </trkpt>
   <trkpt lat="51.0269515" lon="13.8392641">
    <ele>111</ele>
    <time>2026-06-06T10:59:28Z</time>
    <extensions>
     <gpxdata:hr>131</gpxdata:hr>
     <gpxdata:distance>14040.00</gpxdata:distance>
     <gpxdata:speed>7.961</gpxdata:speed>
    </extensions>
   </trkpt>
   <trkpt lat="51.0270185" lon="13.8392314">
    <ele>111</ele>
    <time>2026-06-06T10:59:29Z</time>
    <extensions>
     <gpxdata:hr>131</gpxdata:hr>
     <gpxdata:distance>14047.50</gpxdata:distance>
     <gpxdata:speed>7.900</gpxdata:speed>
    </extensions>
   </trkpt>
   <trkpt lat="51.0270859" lon="13.8391977">
    <ele>111</ele>
    <time>2026-06-06T10:59:30Z</time>
    <extensions>
     <gpxdata:hr>131</gpxdata:hr>
     <gpxdata:distance>14055.00</gpxdata:distance>
     <gpxdata:speed>7.872</gpxdata:speed>
    </extensions>
   </trkpt>
   <trkpt lat="51.0271533" lon="13.8391639">
    <ele>111</ele>
    <time>2026-06-06T10:59:31Z</time>
    <extensions>
     <gpxdata:hr>131</gpxdata:hr>
     <gpxdata:distance>14063.00</gpxdata:distance>
     <gpxdata:speed>7.878</gpxdata:speed>
    </extensions>
   </trkpt>
   <trkpt lat="51.0272209" lon="13.8391316">
    <ele>111</ele>
    <time>2026-06-06T10:59:32Z</time>
    <extensions>
     <gpxdata:hr>132</gpxdata:hr>
     <gpxdata:distance>14071.00</gpxdata:distance>
     <gpxdata:speed>7.872</gpxdata:speed>
    </extensions>
   </trkpt>
   <trkpt lat="51.0272878" lon="13.8391018">
    <ele>112</ele>
    <time>2026-06-06T10:59:33Z</time>
    <extensions>
     <gpxdata:hr>133</gpxdata:hr>
     <gpxdata:distance>14078.50</gpxdata:distance>
     <gpxdata:speed>7.864</gpxdata:speed>
    </extensions>
   </trkpt>
   <trkpt lat="51.0273544" lon="13.8390727">
    <ele>112</ele>
    <time>2026-06-06T10:59:34Z</time>
    <extensions>
     <gpxdata:hr>133</gpxdata:hr>
     <gpxdata:distance>14086.00</gpxdata:distance>
     <gpxdata:speed>7.808</gpxdata:speed>
    </extensions>
   </trkpt>
   <trkpt lat="51.0274206" lon="13.8390437">
    <ele>112</ele>
    <time>2026-06-06T10:59:35Z</time>
    <extensions>
     <gpxdata:hr>133</gpxdata:hr>
     <gpxdata:distance>14094.00</gpxdata:distance>
     <gpxdata:speed>7.767</gpxdata:speed>
    </extensions>
   </trkpt>
   <trkpt lat="51.0274875" lon="13.8390133">
    <ele>112</ele>
    <time>2026-06-06T10:59:36Z</time>
    <extensions>
     <gpxdata:hr>132</gpxdata:hr>
     <gpxdata:distance>14102.00</gpxdata:distance>
     <gpxdata:speed>7.722</gpxdata:speed>
    </extensions>
   </trkpt>
   <trkpt lat="51.0275552" lon="13.8389815">
    <ele>112</ele>
    <time>2026-06-06T10:59:37Z</time>
    <extensions>
     <gpxdata:hr>132</gpxdata:hr>
     <gpxdata:distance>14110.00</gpxdata:distance>
     <gpxdata:speed>7.744</gpxdata:speed>
    </extensions>
   </trkpt>
   <trkpt lat="51.0276236" lon="13.8389506">
    <ele>112</ele>
    <time>2026-06-06T10:59:38Z</time>
    <extensions>
     <gpxdata:hr>131</gpxdata:hr>
     <gpxdata:distance>14118.00</gpxdata:distance>
     <gpxdata:speed>7.789</gpxdata:speed>
    </extensions>
   </trkpt>
   <trkpt lat="51.0276921" lon="13.8389206">
    <ele>112</ele>
    <time>2026-06-06T10:59:39Z</time>
    <extensions>
     <gpxdata:hr>130</gpxdata:hr>
     <gpxdata:distance>14125.50</gpxdata:distance>
     <gpxdata:speed>7.831</gpxdata:speed>
    </extensions>
   </trkpt>
   <trkpt lat="51.0277600" lon="13.8388902">
    <ele>112</ele>
    <time>2026-06-06T10:59:40Z</time>
    <extensions>
     <gpxdata:hr>131</gpxdata:hr>
     <gpxdata:distance>14133.00</gpxdata:distance>
     <gpxdata:speed>7.850</gpxdata:speed>
    </extensions>
   </trkpt>
   <trkpt lat="51.0278277" lon="13.8388594">
    <ele>112</ele>
    <time>2026-06-06T10:59:41Z</time>
    <extensions>
     <gpxdata:hr>132</gpxdata:hr>
     <gpxdata:distance>14141.00</gpxdata:distance>
     <gpxdata:speed>7.844</gpxdata:speed>
    </extensions>
   </trkpt>
   <trkpt lat="51.0278959" lon="13.8388293">
    <ele>112</ele>
    <time>2026-06-06T10:59:42Z</time>
    <extensions>
     <gpxdata:hr>133</gpxdata:hr>
     <gpxdata:distance>14149.00</gpxdata:distance>
     <gpxdata:speed>7.844</gpxdata:speed>
    </extensions>
   </trkpt>
   <trkpt lat="51.0279636" lon="13.8387976">
    <ele>112</ele>
    <time>2026-06-06T10:59:43Z</time>
    <extensions>
     <gpxdata:hr>132</gpxdata:hr>
     <gpxdata:distance>14157.00</gpxdata:distance>
     <gpxdata:speed>7.858</gpxdata:speed>
    </extensions>
   </trkpt>
   <trkpt lat="51.0280305" lon="13.8387629">
    <ele>112</ele>
    <time>2026-06-06T10:59:44Z</time>
    <extensions>
     <gpxdata:hr>132</gpxdata:hr>
     <gpxdata:distance>14165.00</gpxdata:distance>
     <gpxdata:speed>7.858</gpxdata:speed>
    </extensions>
   </trkpt>
   <trkpt lat="51.0280961" lon="13.8387258">
    <ele>112</ele>
    <time>2026-06-06T10:59:45Z</time>
    <extensions>
     <gpxdata:hr>132</gpxdata:hr>
     <gpxdata:distance>14172.50</gpxdata:distance>
     <gpxdata:speed>7.853</gpxdata:speed>
    </extensions>
   </trkpt>
   <trkpt lat="51.0281599" lon="13.8386853">
    <ele>111</ele>
    <time>2026-06-06T10:59:46Z</time>
    <extensions>
     <gpxdata:hr>131</gpxdata:hr>
     <gpxdata:distance>14180.00</gpxdata:distance>
     <gpxdata:speed>7.811</gpxdata:speed>
    </extensions>
   </trkpt>
   <trkpt lat="51.0282218" lon="13.8386408">
    <ele>111</ele>
    <time>2026-06-06T10:59:47Z</time>
    <extensions>
     <gpxdata:hr>131</gpxdata:hr>
     <gpxdata:distance>14187.50</gpxdata:distance>
     <gpxdata:speed>7.753</gpxdata:speed>
    </extensions>
   </trkpt>
   <trkpt lat="51.0282823" lon="13.8385940">
    <ele>111</ele>
    <time>2026-06-06T10:59:48Z</time>
    <extensions>
     <gpxdata:hr>131</gpxdata:hr>
     <gpxdata:distance>14195.00</gpxdata:distance>
     <gpxdata:speed>7.683</gpxdata:speed>
    </extensions>
   </trkpt>
   <trkpt lat="51.0283430" lon="13.8385474">
    <ele>111</ele>
    <time>2026-06-06T10:59:49Z</time>
    <extensions>
     <gpxdata:hr>132</gpxdata:hr>
     <gpxdata:distance>14202.50</gpxdata:distance>
     <gpxdata:speed>7.617</gpxdata:speed>
    </extensions>
   </trkpt>
   <trkpt lat="51.0284055" lon="13.8385024">
    <ele>111</ele>
    <time>2026-06-06T10:59:50Z</time>
    <extensions>
     <gpxdata:hr>132</gpxdata:hr>
     <gpxdata:distance>14210.00</gpxdata:distance>
     <gpxdata:speed>7.581</gpxdata:speed>
    </extensions>
   </trkpt>
   <trkpt lat="51.0284699" lon="13.8384620">
    <ele>111</ele>
    <time>2026-06-06T10:59:51Z</time>
    <extensions>
     <gpxdata:hr>132</gpxdata:hr>
     <gpxdata:distance>14218.00</gpxdata:distance>
     <gpxdata:speed>7.617</gpxdata:speed>
    </extensions>
   </trkpt>
   <trkpt lat="51.0285359" lon="13.8384263">
    <ele>111</ele>
    <time>2026-06-06T10:59:52Z</time>
    <extensions>
     <gpxdata:hr>134</gpxdata:hr>
     <gpxdata:distance>14226.00</gpxdata:distance>
     <gpxdata:speed>7.650</gpxdata:speed>
    </extensions>
   </trkpt>
   <trkpt lat="51.0286027" lon="13.8383923">
    <ele>111</ele>
    <time>2026-06-06T10:59:53Z</time>
    <extensions>
     <gpxdata:hr>135</gpxdata:hr>
     <gpxdata:distance>14233.50</gpxdata:distance>
     <gpxdata:speed>7.689</gpxdata:speed>
    </extensions>
   </trkpt>
   <trkpt lat="51.0286692" lon="13.8383577">
    <ele>112</ele>
    <time>2026-06-06T10:59:54Z</time>
    <extensions>
     <gpxdata:hr>136</gpxdata:hr>
     <gpxdata:distance>14241.00</gpxdata:distance>
     <gpxdata:speed>7.722</gpxdata:speed>
    </extensions>
   </trkpt>
   <trkpt lat="51.0287357" lon="13.8383233">
    <ele>112</ele>
    <time>2026-06-06T10:59:55Z</time>
    <extensions>
     <gpxdata:hr>135</gpxdata:hr>
     <gpxdata:distance>14249.00</gpxdata:distance>
     <gpxdata:speed>7.744</gpxdata:speed>
    </extensions>
   </trkpt>
   <trkpt lat="51.0288029" lon="13.8382901">
    <ele>112</ele>
    <time>2026-06-06T10:59:56Z</time>
    <extensions>
     <gpxdata:hr>135</gpxdata:hr>
     <gpxdata:distance>14257.00</gpxdata:distance>
     <gpxdata:speed>7.750</gpxdata:speed>
    </extensions>
   </trkpt>
   <trkpt lat="51.0288712" lon="13.8382579">
    <ele>112</ele>
    <time>2026-06-06T10:59:57Z</time>
    <extensions>
     <gpxdata:hr>133</gpxdata:hr>
     <gpxdata:distance>14265.00</gpxdata:distance>
     <gpxdata:speed>7.789</gpxdata:speed>
    </extensions>
   </trkpt>
   <trkpt lat="51.0289401" lon="13.8382257">
    <ele>112</ele>
    <time>2026-06-06T10:59:58Z</time>
    <extensions>
     <gpxdata:hr>133</gpxdata:hr>
     <gpxdata:distance>14273.00</gpxdata:distance>
     <gpxdata:speed>7.842</gpxdata:speed>
    </extensions>
   </trkpt>
   <trkpt lat="51.0290096" lon="13.8381927">
    <ele>112</ele>
    <time>2026-06-06T10:59:59Z</time>
    <extensions>
     <gpxdata:hr>133</gpxdata:hr>
     <gpxdata:distance>14281.00</gpxdata:distance>
     <gpxdata:speed>7.900</gpxdata:speed>
    </extensions>
   </trkpt>
   <trkpt lat="51.0290799" lon="13.8381592">
    <ele>112</ele>
    <time>2026-06-06T11:00:00Z</time>
    <extensions>
     <gpxdata:hr>133</gpxdata:hr>
     <gpxdata:distance>14289.00</gpxdata:distance>
     <gpxdata:speed>7.967</gpxdata:speed>
    </extensions>
   </trkpt>
   <trkpt lat="51.0291507" lon="13.8381261">
    <ele>112</ele>
    <time>2026-06-06T11:00:01Z</time>
    <extensions>
     <gpxdata:hr>133</gpxdata:hr>
     <gpxdata:distance>14297.50</gpxdata:distance>
     <gpxdata:speed>8.039</gpxdata:speed>
    </extensions>
   </trkpt>
   <trkpt lat="51.0292211" lon="13.8380938">
    <ele>111</ele>
    <time>2026-06-06T11:00:02Z</time>
    <extensions>
     <gpxdata:hr>133</gpxdata:hr>
     <gpxdata:distance>14306.00</gpxdata:distance>
     <gpxdata:speed>8.106</gpxdata:speed>
    </extensions>
   </trkpt>
   <trkpt lat="51.0292909" lon="13.8380625">
    <ele>111</ele>
    <time>2026-06-06T11:00:03Z</time>
    <extensions>
     <gpxdata:hr>133</gpxdata:hr>
     <gpxdata:distance>14314.00</gpxdata:distance>
     <gpxdata:speed>8.114</gpxdata:speed>
    </extensions>
   </trkpt>
   <trkpt lat="51.0293598" lon="13.8380322">
    <ele>111</ele>
    <time>2026-06-06T11:00:04Z</time>
    <extensions>
     <gpxdata:hr>132</gpxdata:hr>
     <gpxdata:distance>14322.00</gpxdata:distance>
     <gpxdata:speed>8.097</gpxdata:speed>
    </extensions>
   </trkpt>
   <trkpt lat="51.0294274" lon="13.8380034">
    <ele>111</ele>
    <time>2026-06-06T11:00:05Z</time>
    <extensions>
     <gpxdata:hr>132</gpxdata:hr>
     <gpxdata:distance>14329.50</gpxdata:distance>
     <gpxdata:speed>8.044</gpxdata:speed>
    </extensions>
   </trkpt>
   <trkpt lat="51.0294937" lon="13.8379754">
    <ele>111</ele>
    <time>2026-06-06T11:00:06Z</time>
    <extensions>
     <gpxdata:hr>131</gpxdata:hr>
     <gpxdata:distance>14337.00</gpxdata:distance>
     <gpxdata:speed>7.956</gpxdata:speed>
    </extensions>
   </trkpt>
   <trkpt lat="51.0295586" lon="13.8379474">
    <ele>111</ele>
    <time>2026-06-06T11:00:07Z</time>
    <extensions>
     <gpxdata:hr>130</gpxdata:hr>
     <gpxdata:distance>14344.50</gpxdata:distance>
     <gpxdata:speed>7.842</gpxdata:speed>
    </extensions>
   </trkpt>
   <trkpt lat="51.0296229" lon="13.8379193">
    <ele>111</ele>
    <time>2026-06-06T11:00:08Z</time>
    <extensions>
     <gpxdata:hr>130</gpxdata:hr>
     <gpxdata:distance>14352.00</gpxdata:distance>
     <gpxdata:speed>7.719</gpxdata:speed>
    </extensions>
   </trkpt>
   <trkpt lat="51.0296881" lon="13.8378904">
    <ele>111</ele>
    <time>2026-06-06T11:00:09Z</time>
    <extensions>
     <gpxdata:hr>130</gpxdata:hr>
     <gpxdata:distance>14359.50</gpxdata:distance>
     <gpxdata:speed>7.622</gpxdata:speed>
    </extensions>
   </trkpt>
   <trkpt lat="51.0297548" lon="13.8378593">
    <ele>111</ele>
    <time>2026-06-06T11:00:10Z</time>
    <extensions>
     <gpxdata:hr>129</gpxdata:hr>
     <gpxdata:distance>14367.00</gpxdata:distance>
     <gpxdata:speed>7.606</gpxdata:speed>
    </extensions>
   </trkpt>
   <trkpt lat="51.0298226" lon="13.8378260">
    <ele>111</ele>
    <time>2026-06-06T11:00:11Z</time>
    <extensions>
     <gpxdata:hr>129</gpxdata:hr>
     <gpxdata:distance>14375.00</gpxdata:distance>
     <gpxdata:speed>7.664</gpxdata:speed>
    </extensions>
   </trkpt>
   <trkpt lat="51.0298912" lon="13.8377928">
    <ele>111</ele>
    <time>2026-06-06T11:00:12Z</time>
    <extensions>
     <gpxdata:hr>129</gpxdata:hr>
     <gpxdata:distance>14383.00</gpxdata:distance>
     <gpxdata:speed>7.747</gpxdata:speed>
    </extensions>
   </trkpt>
   <trkpt lat="51.0299602" lon="13.8377631">
    <ele>111</ele>
    <time>2026-06-06T11:00:13Z</time>
    <extensions>
     <gpxdata:hr>130</gpxdata:hr>
     <gpxdata:distance>14391.00</gpxdata:distance>
     <gpxdata:speed>7.819</gpxdata:speed>
    </extensions>
   </trkpt>
   <trkpt lat="51.0300293" lon="13.8377363">
    <ele>111</ele>
    <time>2026-06-06T11:00:14Z</time>
    <extensions>
     <gpxdata:hr>130</gpxdata:hr>
     <gpxdata:distance>14399.00</gpxdata:distance>
     <gpxdata:speed>7.856</gpxdata:speed>
    </extensions>
   </trkpt>
   <trkpt lat="51.0300984" lon="13.8377088">
    <ele>111</ele>
    <time>2026-06-06T11:00:15Z</time>
    <extensions>
     <gpxdata:hr>131</gpxdata:hr>
     <gpxdata:distance>14407.00</gpxdata:distance>
     <gpxdata:speed>7.872</gpxdata:speed>
    </extensions>
   </trkpt>
   <trkpt lat="51.0301680" lon="13.8376789">
    <ele>111</ele>
    <time>2026-06-06T11:00:16Z</time>
    <extensions>
     <gpxdata:hr>130</gpxdata:hr>
     <gpxdata:distance>14415.00</gpxdata:distance>
     <gpxdata:speed>7.894</gpxdata:speed>
    </extensions>
   </trkpt>
   <trkpt lat="51.0302382" lon="13.8376473">
    <ele>111</ele>
    <time>2026-06-06T11:00:17Z</time>
    <extensions>
     <gpxdata:hr>130</gpxdata:hr>
     <gpxdata:distance>14423.00</gpxdata:distance>
     <gpxdata:speed>7.950</gpxdata:speed>
    </extensions>
   </trkpt>
   <trkpt lat="51.0303095" lon="13.8376150">
    <ele>112</ele>
    <time>2026-06-06T11:00:18Z</time>
    <extensions>
     <gpxdata:hr>130</gpxdata:hr>
     <gpxdata:distance>14431.00</gpxdata:distance>
     <gpxdata:speed>8.019</gpxdata:speed>
    </extensions>
   </trkpt>
   <trkpt lat="51.0303820" lon="13.8375826">
    <ele>112</ele>
    <time>2026-06-06T11:00:19Z</time>
    <extensions>
     <gpxdata:hr>130</gpxdata:hr>
     <gpxdata:distance>14439.50</gpxdata:distance>
     <gpxdata:speed>8.111</gpxdata:speed>
    </extensions>
   </trkpt>
   <trkpt lat="51.0304557" lon="13.8375505">
    <ele>112</ele>
    <time>2026-06-06T11:00:20Z</time>
    <extensions>
     <gpxdata:hr>131</gpxdata:hr>
     <gpxdata:distance>14448.00</gpxdata:distance>
     <gpxdata:speed>8.214</gpxdata:speed>
    </extensions>
   </trkpt>
   <trkpt lat="51.0305304" lon="13.8375185">
    <ele>111</ele>
    <time>2026-06-06T11:00:21Z</time>
    <extensions>
     <gpxdata:hr>131</gpxdata:hr>
     <gpxdata:distance>14456.50</gpxdata:distance>
     <gpxdata:speed>8.353</gpxdata:speed>
    </extensions>
   </trkpt>
   <trkpt lat="51.0306055" lon="13.8374865">
    <ele>111</ele>
    <time>2026-06-06T11:00:22Z</time>
    <extensions>
     <gpxdata:hr>132</gpxdata:hr>
     <gpxdata:distance>14465.00</gpxdata:distance>
     <gpxdata:speed>8.494</gpxdata:speed>
    </extensions>
   </trkpt>
   <trkpt lat="51.0306809" lon="13.8374545">
    <ele>111</ele>
    <time>2026-06-06T11:00:23Z</time>
    <extensions>
     <gpxdata:hr>133</gpxdata:hr>
     <gpxdata:distance>14473.50</gpxdata:distance>
     <gpxdata:speed>8.569</gpxdata:speed>
    </extensions>
   </trkpt>
   <trkpt lat="51.0307571" lon="13.8374230">
    <ele>110</ele>
    <time>2026-06-06T11:00:24Z</time>
    <extensions>
     <gpxdata:hr>133</gpxdata:hr>
     <gpxdata:distance>14482.00</gpxdata:distance>
     <gpxdata:speed>8.633</gpxdata:speed>
    </extensions>
   </trkpt>
   <trkpt lat="51.0308337" lon="13.8373928">
    <ele>110</ele>
    <time>2026-06-06T11:00:25Z</time>
    <extensions>
     <gpxdata:hr>134</gpxdata:hr>
     <gpxdata:distance>14491.00</gpxdata:distance>
     <gpxdata:speed>8.719</gpxdata:speed>
    </extensions>
   </trkpt>
   <trkpt lat="51.0309106" lon="13.8373636">
    <ele>110</ele>
    <time>2026-06-06T11:00:26Z</time>
    <extensions>
     <gpxdata:hr>134</gpxdata:hr>
     <gpxdata:distance>14500.00</gpxdata:distance>
     <gpxdata:speed>8.753</gpxdata:speed>
    </extensions>
   </trkpt>
   <trkpt lat="51.0309880" lon="13.8373352">
    <ele>110</ele>
    <time>2026-06-06T11:00:27Z</time>
    <extensions>
     <gpxdata:hr>133</gpxdata:hr>
     <gpxdata:distance>14509.00</gpxdata:distance>
     <gpxdata:speed>8.786</gpxdata:speed>
    </extensions>
   </trkpt>
   <trkpt lat="51.0310653" lon="13.8373065">
    <ele>110</ele>
    <time>2026-06-06T11:00:28Z</time>
    <extensions>
     <gpxdata:hr>134</gpxdata:hr>
     <gpxdata:distance>14518.00</gpxdata:distance>
     <gpxdata:speed>8.825</gpxdata:speed>
    </extensions>
   </trkpt>
   <trkpt lat="51.0311425" lon="13.8372769">
    <ele>110</ele>
    <time>2026-06-06T11:00:29Z</time>
    <extensions>
     <gpxdata:hr>134</gpxdata:hr>
     <gpxdata:distance>14526.50</gpxdata:distance>
     <gpxdata:speed>8.822</gpxdata:speed>
    </extensions>
   </trkpt>
   <trkpt lat="51.0312194" lon="13.8372458">
    <ele>110</ele>
    <time>2026-06-06T11:00:30Z</time>
    <extensions>
     <gpxdata:hr>134</gpxdata:hr>
     <gpxdata:distance>14535.00</gpxdata:distance>
     <gpxdata:speed>8.836</gpxdata:speed>
    </extensions>
   </trkpt>
   <trkpt lat="51.0312960" lon="13.8372128">
    <ele>109</ele>
    <time>2026-06-06T11:00:31Z</time>
    <extensions>
     <gpxdata:hr>133</gpxdata:hr>
     <gpxdata:distance>14544.00</gpxdata:distance>
     <gpxdata:speed>8.836</gpxdata:speed>
    </extensions>
   </trkpt>
   <trkpt lat="51.0313719" lon="13.8371754">
    <ele>109</ele>
    <time>2026-06-06T11:00:32Z</time>
    <extensions>
     <gpxdata:hr>134</gpxdata:hr>
     <gpxdata:distance>14553.00</gpxdata:distance>
     <gpxdata:speed>8.842</gpxdata:speed>
    </extensions>
   </trkpt>
   <trkpt lat="51.0314454" lon="13.8371298">
    <ele>109</ele>
    <time>2026-06-06T11:00:33Z</time>
    <extensions>
     <gpxdata:hr>134</gpxdata:hr>
     <gpxdata:distance>14562.00</gpxdata:distance>
     <gpxdata:speed>8.847</gpxdata:speed>
    </extensions>
   </trkpt>
   <trkpt lat="51.0315149" lon="13.8370747">
    <ele>109</ele>
    <time>2026-06-06T11:00:34Z</time>
    <extensions>
     <gpxdata:hr>135</gpxdata:hr>
     <gpxdata:distance>14571.00</gpxdata:distance>
     <gpxdata:speed>8.831</gpxdata:speed>
    </extensions>
   </trkpt>
   <trkpt lat="51.0315804" lon="13.8370133">
    <ele>109</ele>
    <time>2026-06-06T11:00:35Z</time>
    <extensions>
     <gpxdata:hr>136</gpxdata:hr>
     <gpxdata:distance>14579.50</gpxdata:distance>
     <gpxdata:speed>8.767</gpxdata:speed>
    </extensions>
   </trkpt>
   <trkpt lat="51.0316409" lon="13.8369498">
    <ele>109</ele>
    <time>2026-06-06T11:00:36Z</time>
    <extensions>
     <gpxdata:hr>135</gpxdata:hr>
     <gpxdata:distance>14588.00</gpxdata:distance>
     <gpxdata:speed>8.650</gpxdata:speed>
    </extensions>
   </trkpt>
   <trkpt lat="51.0316987" lon="13.8368879">
    <ele>109</ele>
    <time>2026-06-06T11:00:37Z</time>
    <extensions>
     <gpxdata:hr>135</gpxdata:hr>
     <gpxdata:distance>14595.50</gpxdata:distance>
     <gpxdata:speed>8.153</gpxdata:speed>
    </extensions>
   </trkpt>
   <trkpt lat="51.0317575" lon="13.8368294">
    <ele>110</ele>
    <time>2026-06-06T11:00:38Z</time>
    <extensions>
     <gpxdata:hr>135</gpxdata:hr>
     <gpxdata:distance>14603.00</gpxdata:distance>
     <gpxdata:speed>7.856</gpxdata:speed>
    </extensions>
   </trkpt>
   <trkpt lat="51.0318183" lon="13.8367721">
    <ele>110</ele>
    <time>2026-06-06T11:00:39Z</time>
    <extensions>
     <gpxdata:hr>135</gpxdata:hr>
     <gpxdata:distance>14611.00</gpxdata:distance>
     <gpxdata:speed>7.828</gpxdata:speed>
    </extensions>
   </trkpt>
   <trkpt lat="51.0318804" lon="13.8367144">
    <ele>110</ele>
    <time>2026-06-06T11:00:40Z</time>
    <extensions>
     <gpxdata:hr>136</gpxdata:hr>
     <gpxdata:distance>14619.00</gpxdata:distance>
     <gpxdata:speed>7.933</gpxdata:speed>
    </extensions>
   </trkpt>
   <trkpt lat="51.0319424" lon="13.8366578">
    <ele>110</ele>
    <time>2026-06-06T11:00:41Z</time>
    <extensions>
     <gpxdata:hr>135</gpxdata:hr>
     <gpxdata:distance>14627.00</gpxdata:distance>
     <gpxdata:speed>8.017</gpxdata:speed>
    </extensions>
   </trkpt>
   <trkpt lat="51.0320044" lon="13.8366030">
    <ele>110</ele>
    <time>2026-06-06T11:00:42Z</time>
    <extensions>
     <gpxdata:hr>135</gpxdata:hr>
     <gpxdata:distance>14635.00</gpxdata:distance>
     <gpxdata:speed>7.942</gpxdata:speed>
    </extensions>
   </trkpt>
   <trkpt lat="51.0320670" lon="13.8365489">
    <ele>110</ele>
    <time>2026-06-06T11:00:43Z</time>
    <extensions>
     <gpxdata:hr>134</gpxdata:hr>
     <gpxdata:distance>14643.00</gpxdata:distance>
     <gpxdata:speed>7.886</gpxdata:speed>
    </extensions>
   </trkpt>
   <trkpt lat="51.0321312" lon="13.8364931">
    <ele>110</ele>
    <time>2026-06-06T11:00:44Z</time>
    <extensions>
     <gpxdata:hr>134</gpxdata:hr>
     <gpxdata:distance>14651.00</gpxdata:distance>
     <gpxdata:speed>7.939</gpxdata:speed>
    </extensions>
   </trkpt>
   <trkpt lat="51.0321965" lon="13.8364354">
    <ele>110</ele>
    <time>2026-06-06T11:00:45Z</time>
    <extensions>
     <gpxdata:hr>135</gpxdata:hr>
     <gpxdata:distance>14659.00</gpxdata:distance>
     <gpxdata:speed>8.103</gpxdata:speed>
    </extensions>
   </trkpt>
   <trkpt lat="51.0322626" lon="13.8363756">
    <ele>110</ele>
    <time>2026-06-06T11:00:46Z</time>
    <extensions>
     <gpxdata:hr>136</gpxdata:hr>
     <gpxdata:distance>14667.00</gpxdata:distance>
     <gpxdata:speed>8.200</gpxdata:speed>
    </extensions>
   </trkpt>
   <trkpt lat="51.0323289" lon="13.8363136">
    <ele>110</ele>
    <time>2026-06-06T11:00:47Z</time>
    <extensions>
     <gpxdata:hr>138</gpxdata:hr>
     <gpxdata:distance>14675.50</gpxdata:distance>
     <gpxdata:speed>8.394</gpxdata:speed>
    </extensions>
   </trkpt>
   <trkpt lat="51.0323956" lon="13.8362508">
    <ele>110</ele>
    <time>2026-06-06T11:00:48Z</time>
    <extensions>
     <gpxdata:hr>139</gpxdata:hr>
     <gpxdata:distance>14684.00</gpxdata:distance>
     <gpxdata:speed>8.475</gpxdata:speed>
    </extensions>
   </trkpt>
   <trkpt lat="51.0324624" lon="13.8361874">
    <ele>110</ele>
    <time>2026-06-06T11:00:49Z</time>
    <extensions>
     <gpxdata:hr>138</gpxdata:hr>
     <gpxdata:distance>14693.00</gpxdata:distance>
     <gpxdata:speed>8.533</gpxdata:speed>
    </extensions>
   </trkpt>
   <trkpt lat="51.0325285" lon="13.8361213">
    <ele>110</ele>
    <time>2026-06-06T11:00:50Z</time>
    <extensions>
     <gpxdata:hr>138</gpxdata:hr>
     <gpxdata:distance>14702.00</gpxdata:distance>
     <gpxdata:speed>8.581</gpxdata:speed>
    </extensions>
   </trkpt>
   <trkpt lat="51.0325935" lon="13.8360507">
    <ele>110</ele>
    <time>2026-06-06T11:00:51Z</time>
    <extensions>
     <gpxdata:hr>139</gpxdata:hr>
     <gpxdata:distance>14710.50</gpxdata:distance>
     <gpxdata:speed>8.622</gpxdata:speed>
    </extensions>
   </trkpt>
   <trkpt lat="51.0326570" lon="13.8359764">
    <ele>110</ele>
    <time>2026-06-06T11:00:52Z</time>
    <extensions>
     <gpxdata:hr>139</gpxdata:hr>
     <gpxdata:distance>14719.00</gpxdata:distance>
     <gpxdata:speed>8.711</gpxdata:speed>
    </extensions>
   </trkpt>
   <trkpt lat="51.0327197" lon="13.8358991">
    <ele>110</ele>
    <time>2026-06-06T11:00:53Z</time>
    <extensions>
     <gpxdata:hr>140</gpxdata:hr>
     <gpxdata:distance>14728.00</gpxdata:distance>
     <gpxdata:speed>8.761</gpxdata:speed>
    </extensions>
   </trkpt>
   <trkpt lat="51.0327819" lon="13.8358196">
    <ele>110</ele>
    <time>2026-06-06T11:00:54Z</time>
    <extensions>
     <gpxdata:hr>140</gpxdata:hr>
     <gpxdata:distance>14737.00</gpxdata:distance>
     <gpxdata:speed>8.806</gpxdata:speed>
    </extensions>
   </trkpt>
   <trkpt lat="51.0328435" lon="13.8357377">
    <ele>110</ele>
    <time>2026-06-06T11:00:55Z</time>
    <extensions>
     <gpxdata:hr>140</gpxdata:hr>
     <gpxdata:distance>14746.00</gpxdata:distance>
     <gpxdata:speed>8.853</gpxdata:speed>
    </extensions>
   </trkpt>
   <trkpt lat="51.0329049" lon="13.8356539">
    <ele>110</ele>
    <time>2026-06-06T11:00:56Z</time>
    <extensions>
     <gpxdata:hr>140</gpxdata:hr>
     <gpxdata:distance>14755.00</gpxdata:distance>
     <gpxdata:speed>8.919</gpxdata:speed>
    </extensions>
   </trkpt>
   <trkpt lat="51.0329656" lon="13.8355688">
    <ele>110</ele>
    <time>2026-06-06T11:00:57Z</time>
    <extensions>
     <gpxdata:hr>139</gpxdata:hr>
     <gpxdata:distance>14764.00</gpxdata:distance>
     <gpxdata:speed>8.964</gpxdata:speed>
    </extensions>
   </trkpt>
   <trkpt lat="51.0330256" lon="13.8354824">
    <ele>110</ele>
    <time>2026-06-06T11:00:58Z</time>
    <extensions>
     <gpxdata:hr>139</gpxdata:hr>
     <gpxdata:distance>14773.00</gpxdata:distance>
     <gpxdata:speed>8.981</gpxdata:speed>
    </extensions>
   </trkpt>
   <trkpt lat="51.0330845" lon="13.8353950">
    <ele>110</ele>
    <time>2026-06-06T11:00:59Z</time>
    <extensions>
     <gpxdata:hr>139</gpxdata:hr>
     <gpxdata:distance>14782.00</gpxdata:distance>
     <gpxdata:speed>8.992</gpxdata:speed>
    </extensions>
   </trkpt>
   <trkpt lat="51.0331423" lon="13.8353064">
    <ele>110</ele>
    <time>2026-06-06T11:01:00Z</time>
    <extensions>
     <gpxdata:hr>140</gpxdata:hr>
     <gpxdata:distance>14791.00</gpxdata:distance>
     <gpxdata:speed>8.981</gpxdata:speed>
    </extensions>
   </trkpt>
   <trkpt lat="51.0331988" lon="13.8352164">
    <ele>110</ele>
    <time>2026-06-06T11:01:01Z</time>
    <extensions>
     <gpxdata:hr>140</gpxdata:hr>
     <gpxdata:distance>14800.00</gpxdata:distance>
     <gpxdata:speed>8.967</gpxdata:speed>
    </extensions>
   </trkpt>
   <trkpt lat="51.0332542" lon="13.8351257">
    <ele>110</ele>
    <time>2026-06-06T11:01:02Z</time>
    <extensions>
     <gpxdata:hr>140</gpxdata:hr>
     <gpxdata:distance>14809.00</gpxdata:distance>
     <gpxdata:speed>8.944</gpxdata:speed>
    </extensions>
   </trkpt>
   <trkpt lat="51.0333093" lon="13.8350355">
    <ele>110</ele>
    <time>2026-06-06T11:01:03Z</time>
    <extensions>
     <gpxdata:hr>140</gpxdata:hr>
     <gpxdata:distance>14817.50</gpxdata:distance>
     <gpxdata:speed>8.914</gpxdata:speed>
    </extensions>
   </trkpt>
   <trkpt lat="51.0333646" lon="13.8349461">
    <ele>110</ele>
    <time>2026-06-06T11:01:04Z</time>
    <extensions>
     <gpxdata:hr>139</gpxdata:hr>
     <gpxdata:distance>14826.00</gpxdata:distance>
     <gpxdata:speed>8.875</gpxdata:speed>
    </extensions>
   </trkpt>
   <trkpt lat="51.0334205" lon="13.8348576">
    <ele>110</ele>
    <time>2026-06-06T11:01:05Z</time>
    <extensions>
     <gpxdata:hr>140</gpxdata:hr>
     <gpxdata:distance>14835.00</gpxdata:distance>
     <gpxdata:speed>8.842</gpxdata:speed>
    </extensions>
   </trkpt>
   <trkpt lat="51.0334761" lon="13.8347694">
    <ele>110</ele>
    <time>2026-06-06T11:01:06Z</time>
    <extensions>
     <gpxdata:hr>140</gpxdata:hr>
     <gpxdata:distance>14844.00</gpxdata:distance>
     <gpxdata:speed>8.822</gpxdata:speed>
    </extensions>
   </trkpt>
   <trkpt lat="51.0335315" lon="13.8346812">
    <ele>110</ele>
    <time>2026-06-06T11:01:07Z</time>
    <extensions>
     <gpxdata:hr>140</gpxdata:hr>
     <gpxdata:distance>14852.50</gpxdata:distance>
     <gpxdata:speed>8.792</gpxdata:speed>
    </extensions>
   </trkpt>
   <trkpt lat="51.0335870" lon="13.8345929">
    <ele>110</ele>
    <time>2026-06-06T11:01:08Z</time>
    <extensions>
     <gpxdata:hr>140</gpxdata:hr>
     <gpxdata:distance>14861.00</gpxdata:distance>
     <gpxdata:speed>8.769</gpxdata:speed>
    </extensions>
   </trkpt>
   <trkpt lat="51.0336424" lon="13.8345046">
    <ele>110</ele>
    <time>2026-06-06T11:01:09Z</time>
    <extensions>
     <gpxdata:hr>139</gpxdata:hr>
     <gpxdata:distance>14870.00</gpxdata:distance>
     <gpxdata:speed>8.758</gpxdata:speed>
    </extensions>
   </trkpt>
   <trkpt lat="51.0336979" lon="13.8344166">
    <ele>110</ele>
    <time>2026-06-06T11:01:10Z</time>
    <extensions>
     <gpxdata:hr>139</gpxdata:hr>
     <gpxdata:distance>14879.00</gpxdata:distance>
     <gpxdata:speed>8.750</gpxdata:speed>
    </extensions>
   </trkpt>
   <trkpt lat="51.0337533" lon="13.8343290">
    <ele>110</ele>
    <time>2026-06-06T11:01:11Z</time>
    <extensions>
     <gpxdata:hr>140</gpxdata:hr>
     <gpxdata:distance>14887.50</gpxdata:distance>
     <gpxdata:speed>8.742</gpxdata:speed>
    </extensions>
   </trkpt>
   <trkpt lat="51.0338079" lon="13.8342407">
    <ele>110</ele>
    <time>2026-06-06T11:01:12Z</time>
    <extensions>
     <gpxdata:hr>140</gpxdata:hr>
     <gpxdata:distance>14896.00</gpxdata:distance>
     <gpxdata:speed>8.719</gpxdata:speed>
    </extensions>
   </trkpt>
   <trkpt lat="51.0338617" lon="13.8341509">
    <ele>110</ele>
    <time>2026-06-06T11:01:13Z</time>
    <extensions>
     <gpxdata:hr>140</gpxdata:hr>
     <gpxdata:distance>14904.50</gpxdata:distance>
     <gpxdata:speed>8.703</gpxdata:speed>
    </extensions>
   </trkpt>
   <trkpt lat="51.0339154" lon="13.8340612">
    <ele>110</ele>
    <time>2026-06-06T11:01:14Z</time>
    <extensions>
     <gpxdata:hr>140</gpxdata:hr>
     <gpxdata:distance>14913.00</gpxdata:distance>
     <gpxdata:speed>8.694</gpxdata:speed>
    </extensions>
   </trkpt>
   <trkpt lat="51.0339698" lon="13.8339714">
    <ele>110</ele>
    <time>2026-06-06T11:01:15Z</time>
    <extensions>
     <gpxdata:hr>141</gpxdata:hr>
     <gpxdata:distance>14922.00</gpxdata:distance>
     <gpxdata:speed>8.686</gpxdata:speed>
    </extensions>
   </trkpt>
   <trkpt lat="51.0340241" lon="13.8338815">
    <ele>110</ele>
    <time>2026-06-06T11:01:16Z</time>
    <extensions>
     <gpxdata:hr>140</gpxdata:hr>
     <gpxdata:distance>14931.00</gpxdata:distance>
     <gpxdata:speed>8.706</gpxdata:speed>
    </extensions>
   </trkpt>
   <trkpt lat="51.0340782" lon="13.8337908">
    <ele>110</ele>
    <time>2026-06-06T11:01:17Z</time>
    <extensions>
     <gpxdata:hr>141</gpxdata:hr>
     <gpxdata:distance>14939.50</gpxdata:distance>
     <gpxdata:speed>8.711</gpxdata:speed>
    </extensions>
   </trkpt>
   <trkpt lat="51.0341317" lon="13.8336998">
    <ele>110</ele>
    <time>2026-06-06T11:01:18Z</time>
    <extensions>
     <gpxdata:hr>140</gpxdata:hr>
     <gpxdata:distance>14948.00</gpxdata:distance>
     <gpxdata:speed>8.725</gpxdata:speed>
    </extensions>
   </trkpt>
   <trkpt lat="51.0341850" lon="13.8336087">
    <ele>110</ele>
    <time>2026-06-06T11:01:19Z</time>
    <extensions>
     <gpxdata:hr>139</gpxdata:hr>
     <gpxdata:distance>14957.00</gpxdata:distance>
     <gpxdata:speed>8.722</gpxdata:speed>
    </extensions>
   </trkpt>
   <trkpt lat="51.0342378" lon="13.8335170">
    <ele>110</ele>
    <time>2026-06-06T11:01:20Z</time>
    <extensions>
     <gpxdata:hr>138</gpxdata:hr>
     <gpxdata:distance>14966.00</gpxdata:distance>
     <gpxdata:speed>8.717</gpxdata:speed>
    </extensions>
   </trkpt>
   <trkpt lat="51.0342902" lon="13.8334245">
    <ele>110</ele>
    <time>2026-06-06T11:01:21Z</time>
    <extensions>
     <gpxdata:hr>138</gpxdata:hr>
     <gpxdata:distance>14974.50</gpxdata:distance>
     <gpxdata:speed>8.714</gpxdata:speed>
    </extensions>
   </trkpt>
   <trkpt lat="51.0343420" lon="13.8333315">
    <ele>110</ele>
    <time>2026-06-06T11:01:22Z</time>
    <extensions>
     <gpxdata:hr>139</gpxdata:hr>
     <gpxdata:distance>14983.00</gpxdata:distance>
     <gpxdata:speed>8.717</gpxdata:speed>
    </extensions>
   </trkpt>
   <trkpt lat="51.0343927" lon="13.8332379">
    <ele>110</ele>
    <time>2026-06-06T11:01:23Z</time>
    <extensions>
     <gpxdata:hr>140</gpxdata:hr>
     <gpxdata:distance>14991.50</gpxdata:distance>
     <gpxdata:speed>8.708</gpxdata:speed>
    </extensions>
   </trkpt>
   <trkpt lat="51.0344411" lon="13.8331427">
    <ele>110</ele>
    <time>2026-06-06T11:01:24Z</time>
    <extensions>
     <gpxdata:hr>141</gpxdata:hr>
     <gpxdata:distance>15000.00</gpxdata:distance>
     <gpxdata:speed>8.681</gpxdata:speed>
    </extensions>
   </trkpt>
   <trkpt lat="51.0344867" lon="13.8330443">
    <ele>110</ele>
    <time>2026-06-06T11:01:25Z</time>
    <extensions>
     <gpxdata:hr>142</gpxdata:hr>
     <gpxdata:distance>15008.50</gpxdata:distance>
     <gpxdata:speed>8.644</gpxdata:speed>
    </extensions>
   </trkpt>
   <trkpt lat="51.0345297" lon="13.8329424">
    <ele>110</ele>
    <time>2026-06-06T11:01:26Z</time>
    <extensions>
     <gpxdata:hr>141</gpxdata:hr>
     <gpxdata:distance>15017.00</gpxdata:distance>
     <gpxdata:speed>8.619</gpxdata:speed>
    </extensions>
   </trkpt>
   <trkpt lat="51.0345710" lon="13.8328379">
    <ele>110</ele>
    <time>2026-06-06T11:01:27Z</time>
    <extensions>
     <gpxdata:hr>141</gpxdata:hr>
     <gpxdata:distance>15026.00</gpxdata:distance>
     <gpxdata:speed>8.617</gpxdata:speed>
    </extensions>
   </trkpt>
   <trkpt lat="51.0346110" lon="13.8327315">
    <ele>110</ele>
    <time>2026-06-06T11:01:28Z</time>
    <extensions>
     <gpxdata:hr>141</gpxdata:hr>
     <gpxdata:distance>15035.00</gpxdata:distance>
     <gpxdata:speed>8.628</gpxdata:speed>
    </extensions>
   </trkpt>
   <trkpt lat="51.0346492" lon="13.8326229">
    <ele>110</ele>
    <time>2026-06-06T11:01:29Z</time>
    <extensions>
     <gpxdata:hr>141</gpxdata:hr>
     <gpxdata:distance>15043.50</gpxdata:distance>
     <gpxdata:speed>8.644</gpxdata:speed>
    </extensions>
   </trkpt>
   <trkpt lat="51.0346855" lon="13.8325120">
    <ele>110</ele>
    <time>2026-06-06T11:01:30Z</time>
    <extensions>
     <gpxdata:hr>140</gpxdata:hr>
     <gpxdata:distance>15052.00</gpxdata:distance>
     <gpxdata:speed>8.664</gpxdata:speed>
    </extensions>
   </trkpt>
   <trkpt lat="51.0347194" lon="13.8324000">
    <ele>110</ele>
    <time>2026-06-06T11:01:31Z</time>
    <extensions>
     <gpxdata:hr>140</gpxdata:hr>
     <gpxdata:distance>15061.00</gpxdata:distance>
     <gpxdata:speed>8.697</gpxdata:speed>
    </extensions>
   </trkpt>
   <trkpt lat="51.0347523" lon="13.8322886">
    <ele>109</ele>
    <time>2026-06-06T11:01:32Z</time>
    <extensions>
     <gpxdata:hr>139</gpxdata:hr>
     <gpxdata:distance>15070.00</gpxdata:distance>
     <gpxdata:speed>8.689</gpxdata:speed>
    </extensions>
   </trkpt>
   <trkpt lat="51.0347871" lon="13.8321795">
    <ele>110</ele>
    <time>2026-06-06T11:01:33Z</time>
    <extensions>
     <gpxdata:hr>139</gpxdata:hr>
     <gpxdata:distance>15078.50</gpxdata:distance>
     <gpxdata:speed>8.658</gpxdata:speed>
    </extensions>
   </trkpt>
   <trkpt lat="51.0348251" lon="13.8320725">
    <ele>110</ele>
    <time>2026-06-06T11:01:34Z</time>
    <extensions>
     <gpxdata:hr>139</gpxdata:hr>
     <gpxdata:distance>15087.00</gpxdata:distance>
     <gpxdata:speed>8.628</gpxdata:speed>
    </extensions>
   </trkpt>
   <trkpt lat="51.0348654" lon="13.8319663">
    <ele>110</ele>
    <time>2026-06-06T11:01:35Z</time>
    <extensions>
     <gpxdata:hr>140</gpxdata:hr>
     <gpxdata:distance>15095.50</gpxdata:distance>
     <gpxdata:speed>8.628</gpxdata:speed>
    </extensions>
   </trkpt>
   <trkpt lat="51.0349064" lon="13.8318599">
    <ele>110</ele>
    <time>2026-06-06T11:01:36Z</time>
    <extensions>
     <gpxdata:hr>140</gpxdata:hr>
     <gpxdata:distance>15104.00</gpxdata:distance>
     <gpxdata:speed>8.653</gpxdata:speed>
    </extensions>
   </trkpt>
   <trkpt lat="51.0349473" lon="13.8317526">
    <ele>110</ele>
    <time>2026-06-06T11:01:37Z</time>
    <extensions>
     <gpxdata:hr>140</gpxdata:hr>
     <gpxdata:distance>15113.00</gpxdata:distance>
     <gpxdata:speed>8.683</gpxdata:speed>
    </extensions>
   </trkpt>
   <trkpt lat="51.0349874" lon="13.8316440">
    <ele>110</ele>
    <time>2026-06-06T11:01:38Z</time>
    <extensions>
     <gpxdata:hr>140</gpxdata:hr>
     <gpxdata:distance>15122.00</gpxdata:distance>
     <gpxdata:speed>8.717</gpxdata:speed>
    </extensions>
   </trkpt>
   <trkpt lat="51.0350264" lon="13.8315333">
    <ele>110</ele>
    <time>2026-06-06T11:01:39Z</time>
    <extensions>
     <gpxdata:hr>140</gpxdata:hr>
     <gpxdata:distance>15130.50</gpxdata:distance>
     <gpxdata:speed>8.750</gpxdata:speed>
    </extensions>
   </trkpt>
   <trkpt lat="51.0350630" lon="13.8314201">
    <ele>110</ele>
    <time>2026-06-06T11:01:40Z</time>
    <extensions>
     <gpxdata:hr>139</gpxdata:hr>
     <gpxdata:distance>15139.00</gpxdata:distance>
     <gpxdata:speed>8.797</gpxdata:speed>
    </extensions>
   </trkpt>
   <trkpt lat="51.0350967" lon="13.8313044">
    <ele>110</ele>
    <time>2026-06-06T11:01:41Z</time>
    <extensions>
     <gpxdata:hr>138</gpxdata:hr>
     <gpxdata:distance>15148.00</gpxdata:distance>
     <gpxdata:speed>8.833</gpxdata:speed>
    </extensions>
   </trkpt>
   <trkpt lat="51.0351287" lon="13.8311873">
    <ele>110</ele>
    <time>2026-06-06T11:01:42Z</time>
    <extensions>
     <gpxdata:hr>138</gpxdata:hr>
     <gpxdata:distance>15157.00</gpxdata:distance>
     <gpxdata:speed>8.867</gpxdata:speed>
    </extensions>
   </trkpt>
   <trkpt lat="51.0351605" lon="13.8310700">
    <ele>110</ele>
    <time>2026-06-06T11:01:43Z</time>
    <extensions>
     <gpxdata:hr>137</gpxdata:hr>
     <gpxdata:distance>15166.00</gpxdata:distance>
     <gpxdata:speed>8.892</gpxdata:speed>
    </extensions>
   </trkpt>
   <trkpt lat="51.0351923" lon="13.8309529">
    <ele>110</ele>
    <time>2026-06-06T11:01:44Z</time>
    <extensions>
     <gpxdata:hr>138</gpxdata:hr>
     <gpxdata:distance>15175.00</gpxdata:distance>
     <gpxdata:speed>8.906</gpxdata:speed>
    </extensions>
   </trkpt>
   <trkpt lat="51.0352243" lon="13.8308357">
    <ele>110</ele>
    <time>2026-06-06T11:01:45Z</time>
    <extensions>
     <gpxdata:hr>138</gpxdata:hr>
     <gpxdata:distance>15184.00</gpxdata:distance>
     <gpxdata:speed>8.917</gpxdata:speed>
    </extensions>
   </trkpt>
   <trkpt lat="51.0352566" lon="13.8307185">
    <ele>110</ele>
    <time>2026-06-06T11:01:46Z</time>
    <extensions>
     <gpxdata:hr>138</gpxdata:hr>
     <gpxdata:distance>15193.00</gpxdata:distance>
     <gpxdata:speed>8.928</gpxdata:speed>
    </extensions>
   </trkpt>
   <trkpt lat="51.0352899" lon="13.8306015">
    <ele>109</ele>
    <time>2026-06-06T11:01:47Z</time>
    <extensions>
     <gpxdata:hr>138</gpxdata:hr>
     <gpxdata:distance>15202.00</gpxdata:distance>
     <gpxdata:speed>8.939</gpxdata:speed>
    </extensions>
   </trkpt>
   <trkpt lat="51.0353237" lon="13.8304852">
    <ele>109</ele>
    <time>2026-06-06T11:01:48Z</time>
    <extensions>
     <gpxdata:hr>137</gpxdata:hr>
     <gpxdata:distance>15211.00</gpxdata:distance>
     <gpxdata:speed>8.958</gpxdata:speed>
    </extensions>
   </trkpt>
   <trkpt lat="51.0353574" lon="13.8303693">
    <ele>109</ele>
    <time>2026-06-06T11:01:49Z</time>
    <extensions>
     <gpxdata:hr>137</gpxdata:hr>
     <gpxdata:distance>15220.00</gpxdata:distance>
     <gpxdata:speed>8.961</gpxdata:speed>
    </extensions>
   </trkpt>
   <trkpt lat="51.0353910" lon="13.8302534">
    <ele>109</ele>
    <time>2026-06-06T11:01:50Z</time>
    <extensions>
     <gpxdata:hr>137</gpxdata:hr>
     <gpxdata:distance>15229.00</gpxdata:distance>
     <gpxdata:speed>8.950</gpxdata:speed>
    </extensions>
   </trkpt>
   <trkpt lat="51.0354245" lon="13.8301373">
    <ele>109</ele>
    <time>2026-06-06T11:01:51Z</time>
    <extensions>
     <gpxdata:hr>137</gpxdata:hr>
     <gpxdata:distance>15238.00</gpxdata:distance>
     <gpxdata:speed>8.947</gpxdata:speed>
    </extensions>
   </trkpt>
   <trkpt lat="51.0354566" lon="13.8300212">
    <ele>109</ele>
    <time>2026-06-06T11:01:52Z</time>
    <extensions>
     <gpxdata:hr>137</gpxdata:hr>
     <gpxdata:distance>15247.00</gpxdata:distance>
     <gpxdata:speed>8.944</gpxdata:speed>
    </extensions>
   </trkpt>
   <trkpt lat="51.0354876" lon="13.8299052">
    <ele>109</ele>
    <time>2026-06-06T11:01:53Z</time>
    <extensions>
     <gpxdata:hr>137</gpxdata:hr>
     <gpxdata:distance>15255.50</gpxdata:distance>
     <gpxdata:speed>8.917</gpxdata:speed>
    </extensions>
   </trkpt>
   <trkpt lat="51.0355179" lon="13.8297896">
    <ele>109</ele>
    <time>2026-06-06T11:01:54Z</time>
    <extensions>
     <gpxdata:hr>138</gpxdata:hr>
     <gpxdata:distance>15264.00</gpxdata:distance>
     <gpxdata:speed>8.883</gpxdata:speed>
    </extensions>
   </trkpt>
   <trkpt lat="51.0355496" lon="13.8296747">
    <ele>109</ele>
    <time>2026-06-06T11:01:55Z</time>
    <extensions>
     <gpxdata:hr>138</gpxdata:hr>
     <gpxdata:distance>15273.00</gpxdata:distance>
     <gpxdata:speed>8.844</gpxdata:speed>
    </extensions>
   </trkpt>
   <trkpt lat="51.0355827" lon="13.8295609">
    <ele>109</ele>
    <time>2026-06-06T11:01:56Z</time>
    <extensions>
     <gpxdata:hr>137</gpxdata:hr>
     <gpxdata:distance>15282.00</gpxdata:distance>
     <gpxdata:speed>8.828</gpxdata:speed>
    </extensions>
   </trkpt>
   <trkpt lat="51.0356159" lon="13.8294476">
    <ele>110</ele>
    <time>2026-06-06T11:01:57Z</time>
    <extensions>
     <gpxdata:hr>136</gpxdata:hr>
     <gpxdata:distance>15290.50</gpxdata:distance>
     <gpxdata:speed>8.811</gpxdata:speed>
    </extensions>
   </trkpt>
   <trkpt lat="51.0356483" lon="13.8293343">
    <ele>110</ele>
    <time>2026-06-06T11:01:58Z</time>
    <extensions>
     <gpxdata:hr>135</gpxdata:hr>
     <gpxdata:distance>15299.00</gpxdata:distance>
     <gpxdata:speed>8.792</gpxdata:speed>
    </extensions>
   </trkpt>
   <trkpt lat="51.0356795" lon="13.8292209">
    <ele>110</ele>
    <time>2026-06-06T11:01:59Z</time>
    <extensions>
     <gpxdata:hr>134</gpxdata:hr>
     <gpxdata:distance>15308.00</gpxdata:distance>
     <gpxdata:speed>8.758</gpxdata:speed>
    </extensions>
   </trkpt>
   <trkpt lat="51.0357111" lon="13.8291074">
    <ele>110</ele>
    <time>2026-06-06T11:02:00Z</time>
    <extensions>
     <gpxdata:hr>135</gpxdata:hr>
     <gpxdata:distance>15317.00</gpxdata:distance>
     <gpxdata:speed>8.728</gpxdata:speed>
    </extensions>
   </trkpt>
   <trkpt lat="51.0357431" lon="13.8289934">
    <ele>110</ele>
    <time>2026-06-06T11:02:01Z</time>
    <extensions>
     <gpxdata:hr>135</gpxdata:hr>
     <gpxdata:distance>15325.50</gpxdata:distance>
     <gpxdata:speed>8.717</gpxdata:speed>
    </extensions>
   </trkpt>
   <trkpt lat="51.0357750" lon="13.8288789">
    <ele>110</ele>
    <time>2026-06-06T11:02:02Z</time>
    <extensions>
     <gpxdata:hr>135</gpxdata:hr>
     <gpxdata:distance>15334.00</gpxdata:distance>
     <gpxdata:speed>8.728</gpxdata:speed>
    </extensions>
   </trkpt>
   <trkpt lat="51.0358066" lon="13.8287643">
    <ele>110</ele>
    <time>2026-06-06T11:02:03Z</time>
    <extensions>
     <gpxdata:hr>135</gpxdata:hr>
     <gpxdata:distance>15343.00</gpxdata:distance>
     <gpxdata:speed>8.742</gpxdata:speed>
    </extensions>
   </trkpt>
   <trkpt lat="51.0358381" lon="13.8286492">
    <ele>110</ele>
    <time>2026-06-06T11:02:04Z</time>
    <extensions>
     <gpxdata:hr>135</gpxdata:hr>
     <gpxdata:distance>15352.00</gpxdata:distance>
     <gpxdata:speed>8.744</gpxdata:speed>
    </extensions>
   </trkpt>
   <trkpt lat="51.0358696" lon="13.8285338">
    <ele>110</ele>
    <time>2026-06-06T11:02:05Z</time>
    <extensions>
     <gpxdata:hr>135</gpxdata:hr>
     <gpxdata:distance>15360.50</gpxdata:distance>
     <gpxdata:speed>8.758</gpxdata:speed>
    </extensions>
   </trkpt>
   <trkpt lat="51.0359013" lon="13.8284185">
    <ele>110</ele>
    <time>2026-06-06T11:02:06Z</time>
    <extensions>
     <gpxdata:hr>135</gpxdata:hr>
     <gpxdata:distance>15369.00</gpxdata:distance>
     <gpxdata:speed>8.775</gpxdata:speed>
    </extensions>
   </trkpt>
   <trkpt lat="51.0359326" lon="13.8283036">
    <ele>110</ele>
    <time>2026-06-06T11:02:07Z</time>
    <extensions>
     <gpxdata:hr>135</gpxdata:hr>
     <gpxdata:distance>15378.00</gpxdata:distance>
     <gpxdata:speed>8.786</gpxdata:speed>
    </extensions>
   </trkpt>
   <trkpt lat="51.0359637" lon="13.8281889">
    <ele>110</ele>
    <time>2026-06-06T11:02:08Z</time>
    <extensions>
     <gpxdata:hr>135</gpxdata:hr>
     <gpxdata:distance>15387.00</gpxdata:distance>
     <gpxdata:speed>8.775</gpxdata:speed>
    </extensions>
   </trkpt>
   <trkpt lat="51.0359944" lon="13.8280749">
    <ele>110</ele>
    <time>2026-06-06T11:02:09Z</time>
    <extensions>
     <gpxdata:hr>135</gpxdata:hr>
     <gpxdata:distance>15395.50</gpxdata:distance>
     <gpxdata:speed>8.764</gpxdata:speed>
    </extensions>
   </trkpt>
   <trkpt lat="51.0360257" lon="13.8279616">
    <ele>110</ele>
    <time>2026-06-06T11:02:10Z</time>
    <extensions>
     <gpxdata:hr>135</gpxdata:hr>
     <gpxdata:distance>15404.00</gpxdata:distance>
     <gpxdata:speed>8.733</gpxdata:speed>
    </extensions>
   </trkpt>
   <trkpt lat="51.0360574" lon="13.8278493">
    <ele>110</ele>
    <time>2026-06-06T11:02:11Z</time>
    <extensions>
     <gpxdata:hr>135</gpxdata:hr>
     <gpxdata:distance>15413.00</gpxdata:distance>
     <gpxdata:speed>8.708</gpxdata:speed>
    </extensions>
   </trkpt>
   <trkpt lat="51.0360893" lon="13.8277377">
    <ele>109</ele>
    <time>2026-06-06T11:02:12Z</time>
    <extensions>
     <gpxdata:hr>136</gpxdata:hr>
     <gpxdata:distance>15422.00</gpxdata:distance>
     <gpxdata:speed>8.678</gpxdata:speed>
    </extensions>
   </trkpt>
   <trkpt lat="51.0361242" lon="13.8276286">
    <ele>109</ele>
    <time>2026-06-06T11:02:13Z</time>
    <extensions>
     <gpxdata:hr>137</gpxdata:hr>
     <gpxdata:distance>15430.50</gpxdata:distance>
     <gpxdata:speed>8.644</gpxdata:speed>
    </extensions>
   </trkpt>
   <trkpt lat="51.0361639" lon="13.8275241">
    <ele>109</ele>
    <time>2026-06-06T11:02:14Z</time>
    <extensions>
     <gpxdata:hr>137</gpxdata:hr>
     <gpxdata:distance>15439.00</gpxdata:distance>
     <gpxdata:speed>8.619</gpxdata:speed>
    </extensions>
   </trkpt>
   <trkpt lat="51.0362074" lon="13.8274236">
    <ele>109</ele>
    <time>2026-06-06T11:02:15Z</time>
    <extensions>
     <gpxdata:hr>137</gpxdata:hr>
     <gpxdata:distance>15447.50</gpxdata:distance>
     <gpxdata:speed>8.603</gpxdata:speed>
    </extensions>
   </trkpt>
   <trkpt lat="51.0362529" lon="13.8273255">
    <ele>109</ele>
    <time>2026-06-06T11:02:16Z</time>
    <extensions>
     <gpxdata:hr>137</gpxdata:hr>
     <gpxdata:distance>15456.00</gpxdata:distance>
     <gpxdata:speed>8.581</gpxdata:speed>
    </extensions>
   </trkpt>
   <trkpt lat="51.0362988" lon="13.8272279">
    <ele>109</ele>
    <time>2026-06-06T11:02:17Z</time>
    <extensions>
     <gpxdata:hr>137</gpxdata:hr>
     <gpxdata:distance>15464.50</gpxdata:distance>
     <gpxdata:speed>8.561</gpxdata:speed>
    </extensions>
   </trkpt>
   <trkpt lat="51.0363446" lon="13.8271297">
    <ele>109</ele>
    <time>2026-06-06T11:02:18Z</time>
    <extensions>
     <gpxdata:hr>137</gpxdata:hr>
     <gpxdata:distance>15473.00</gpxdata:distance>
     <gpxdata:speed>8.547</gpxdata:speed>
    </extensions>
   </trkpt>
   <trkpt lat="51.0363906" lon="13.8270307">
    <ele>109</ele>
    <time>2026-06-06T11:02:19Z</time>
    <extensions>
     <gpxdata:hr>137</gpxdata:hr>
     <gpxdata:distance>15481.50</gpxdata:distance>
     <gpxdata:speed>8.550</gpxdata:speed>
    </extensions>
   </trkpt>
   <trkpt lat="51.0364359" lon="13.8269306">
    <ele>109</ele>
    <time>2026-06-06T11:02:20Z</time>
    <extensions>
     <gpxdata:hr>136</gpxdata:hr>
     <gpxdata:distance>15490.00</gpxdata:distance>
     <gpxdata:speed>8.572</gpxdata:speed>
    </extensions>
   </trkpt>
   <trkpt lat="51.0364802" lon="13.8268305">
    <ele>109</ele>
    <time>2026-06-06T11:02:21Z</time>
    <extensions>
     <gpxdata:hr>138</gpxdata:hr>
     <gpxdata:distance>15498.50</gpxdata:distance>
     <gpxdata:speed>8.594</gpxdata:speed>
    </extensions>
   </trkpt>
   <trkpt lat="51.0365243" lon="13.8267322">
    <ele>109</ele>
    <time>2026-06-06T11:02:22Z</time>
    <extensions>
     <gpxdata:hr>139</gpxdata:hr>
     <gpxdata:distance>15507.00</gpxdata:distance>
     <gpxdata:speed>8.575</gpxdata:speed>
    </extensions>
   </trkpt>
   <trkpt lat="51.0365682" lon="13.8266343">
    <ele>109</ele>
    <time>2026-06-06T11:02:23Z</time>
    <extensions>
     <gpxdata:hr>138</gpxdata:hr>
     <gpxdata:distance>15515.50</gpxdata:distance>
     <gpxdata:speed>8.525</gpxdata:speed>
    </extensions>
   </trkpt>
   <trkpt lat="51.0366119" lon="13.8265358">
    <ele>109</ele>
    <time>2026-06-06T11:02:24Z</time>
    <extensions>
     <gpxdata:hr>138</gpxdata:hr>
     <gpxdata:distance>15524.00</gpxdata:distance>
     <gpxdata:speed>8.489</gpxdata:speed>
    </extensions>
   </trkpt>
   <trkpt lat="51.0366559" lon="13.8264365">
    <ele>109</ele>
    <time>2026-06-06T11:02:25Z</time>
    <extensions>
     <gpxdata:hr>137</gpxdata:hr>
     <gpxdata:distance>15532.50</gpxdata:distance>
     <gpxdata:speed>8.478</gpxdata:speed>
    </extensions>
   </trkpt>
   <trkpt lat="51.0367008" lon="13.8263376">
    <ele>109</ele>
    <time>2026-06-06T11:02:26Z</time>
    <extensions>
     <gpxdata:hr>136</gpxdata:hr>
     <gpxdata:distance>15541.00</gpxdata:distance>
     <gpxdata:speed>8.497</gpxdata:speed>
    </extensions>
   </trkpt>
   <trkpt lat="51.0367468" lon="13.8262392">
    <ele>109</ele>
    <time>2026-06-06T11:02:27Z</time>
    <extensions>
     <gpxdata:hr>136</gpxdata:hr>
     <gpxdata:distance>15549.50</gpxdata:distance>
     <gpxdata:speed>8.511</gpxdata:speed>
    </extensions>
   </trkpt>
   <trkpt lat="51.0367933" lon="13.8261409">
    <ele>109</ele>
    <time>2026-06-06T11:02:28Z</time>
    <extensions>
     <gpxdata:hr>136</gpxdata:hr>
     <gpxdata:distance>15558.00</gpxdata:distance>
     <gpxdata:speed>8.536</gpxdata:speed>
    </extensions>
   </trkpt>
   <trkpt lat="51.0368396" lon="13.8260421">
    <ele>109</ele>
    <time>2026-06-06T11:02:29Z</time>
    <extensions>
     <gpxdata:hr>137</gpxdata:hr>
     <gpxdata:distance>15566.50</gpxdata:distance>
     <gpxdata:speed>8.564</gpxdata:speed>
    </extensions>
   </trkpt>
   <trkpt lat="51.0368850" lon="13.8259426">
    <ele>109</ele>
    <time>2026-06-06T11:02:30Z</time>
    <extensions>
     <gpxdata:hr>138</gpxdata:hr>
     <gpxdata:distance>15575.00</gpxdata:distance>
     <gpxdata:speed>8.583</gpxdata:speed>
    </extensions>
   </trkpt>
   <trkpt lat="51.0369292" lon="13.8258421">
    <ele>109</ele>
    <time>2026-06-06T11:02:31Z</time>
    <extensions>
     <gpxdata:hr>138</gpxdata:hr>
     <gpxdata:distance>15584.00</gpxdata:distance>
     <gpxdata:speed>8.589</gpxdata:speed>
    </extensions>
   </trkpt>
   <trkpt lat="51.0369727" lon="13.8257404">
    <ele>109</ele>
    <time>2026-06-06T11:02:32Z</time>
    <extensions>
     <gpxdata:hr>138</gpxdata:hr>
     <gpxdata:distance>15593.00</gpxdata:distance>
     <gpxdata:speed>8.583</gpxdata:speed>
    </extensions>
   </trkpt>
   <trkpt lat="51.0370161" lon="13.8256376">
    <ele>109</ele>
    <time>2026-06-06T11:02:33Z</time>
    <extensions>
     <gpxdata:hr>138</gpxdata:hr>
     <gpxdata:distance>15601.50</gpxdata:distance>
     <gpxdata:speed>8.597</gpxdata:speed>
    </extensions>
   </trkpt>
   <trkpt lat="51.0370595" lon="13.8255342">
    <ele>109</ele>
    <time>2026-06-06T11:02:34Z</time>
    <extensions>
     <gpxdata:hr>137</gpxdata:hr>
     <gpxdata:distance>15610.00</gpxdata:distance>
     <gpxdata:speed>8.628</gpxdata:speed>
    </extensions>
   </trkpt>
   <trkpt lat="51.0371033" lon="13.8254299">
    <ele>109</ele>
    <time>2026-06-06T11:02:35Z</time>
    <extensions>
     <gpxdata:hr>137</gpxdata:hr>
     <gpxdata:distance>15619.00</gpxdata:distance>
     <gpxdata:speed>8.658</gpxdata:speed>
    </extensions>
   </trkpt>
   <trkpt lat="51.0371476" lon="13.8253250">
    <ele>109</ele>
    <time>2026-06-06T11:02:36Z</time>
    <extensions>
     <gpxdata:hr>136</gpxdata:hr>
     <gpxdata:distance>15628.00</gpxdata:distance>
     <gpxdata:speed>8.703</gpxdata:speed>
    </extensions>
   </trkpt>
   <trkpt lat="51.0371927" lon="13.8252202">
    <ele>109</ele>
    <time>2026-06-06T11:02:37Z</time>
    <extensions>
     <gpxdata:hr>135</gpxdata:hr>
     <gpxdata:distance>15636.50</gpxdata:distance>
     <gpxdata:speed>8.753</gpxdata:speed>
    </extensions>
   </trkpt>
   <trkpt lat="51.0372387" lon="13.8251159">
    <ele>109</ele>
    <time>2026-06-06T11:02:38Z</time>
    <extensions>
     <gpxdata:hr>135</gpxdata:hr>
     <gpxdata:distance>15645.00</gpxdata:distance>
     <gpxdata:speed>8.800</gpxdata:speed>
    </extensions>
   </trkpt>
   <trkpt lat="51.0372847" lon="13.8250116">
    <ele>109</ele>
    <time>2026-06-06T11:02:39Z</time>
    <extensions>
     <gpxdata:hr>136</gpxdata:hr>
     <gpxdata:distance>15654.00</gpxdata:distance>
     <gpxdata:speed>8.839</gpxdata:speed>
    </extensions>
   </trkpt>
   <trkpt lat="51.0373303" lon="13.8249071">
    <ele>109</ele>
    <time>2026-06-06T11:02:40Z</time>
    <extensions>
     <gpxdata:hr>136</gpxdata:hr>
     <gpxdata:distance>15663.00</gpxdata:distance>
     <gpxdata:speed>8.867</gpxdata:speed>
    </extensions>
   </trkpt>
   <trkpt lat="51.0373756" lon="13.8248022">
    <ele>109</ele>
    <time>2026-06-06T11:02:41Z</time>
    <extensions>
     <gpxdata:hr>136</gpxdata:hr>
     <gpxdata:distance>15672.00</gpxdata:distance>
     <gpxdata:speed>8.878</gpxdata:speed>
    </extensions>
   </trkpt>
   <trkpt lat="51.0374207" lon="13.8246970">
    <ele>109</ele>
    <time>2026-06-06T11:02:42Z</time>
    <extensions>
     <gpxdata:hr>136</gpxdata:hr>
     <gpxdata:distance>15681.00</gpxdata:distance>
     <gpxdata:speed>8.892</gpxdata:speed>
    </extensions>
   </trkpt>
   <trkpt lat="51.0374656" lon="13.8245916">
    <ele>109</ele>
    <time>2026-06-06T11:02:43Z</time>
    <extensions>
     <gpxdata:hr>136</gpxdata:hr>
     <gpxdata:distance>15690.00</gpxdata:distance>
     <gpxdata:speed>8.903</gpxdata:speed>
    </extensions>
   </trkpt>
   <trkpt lat="51.0375105" lon="13.8244867">
    <ele>109</ele>
    <time>2026-06-06T11:02:44Z</time>
    <extensions>
     <gpxdata:hr>136</gpxdata:hr>
     <gpxdata:distance>15699.00</gpxdata:distance>
     <gpxdata:speed>8.906</gpxdata:speed>
    </extensions>
   </trkpt>
   <trkpt lat="51.0375556" lon="13.8243824">
    <ele>109</ele>
    <time>2026-06-06T11:02:45Z</time>
    <extensions>
     <gpxdata:hr>137</gpxdata:hr>
     <gpxdata:distance>15707.50</gpxdata:distance>
     <gpxdata:speed>8.900</gpxdata:speed>
    </extensions>
   </trkpt>
   <trkpt lat="51.0376005" lon="13.8242781">
    <ele>109</ele>
    <time>2026-06-06T11:02:46Z</time>
    <extensions>
     <gpxdata:hr>137</gpxdata:hr>
     <gpxdata:distance>15716.00</gpxdata:distance>
     <gpxdata:speed>8.883</gpxdata:speed>
    </extensions>
   </trkpt>
   <trkpt lat="51.0376455" lon="13.8241738">
    <ele>109</ele>
    <time>2026-06-06T11:02:47Z</time>
    <extensions>
     <gpxdata:hr>137</gpxdata:hr>
     <gpxdata:distance>15725.00</gpxdata:distance>
     <gpxdata:speed>8.872</gpxdata:speed>
    </extensions>
   </trkpt>
   <trkpt lat="51.0376909" lon="13.8240698">
    <ele>109</ele>
    <time>2026-06-06T11:02:48Z</time>
    <extensions>
     <gpxdata:hr>137</gpxdata:hr>
     <gpxdata:distance>15734.00</gpxdata:distance>
     <gpxdata:speed>8.869</gpxdata:speed>
    </extensions>
   </trkpt>
   <trkpt lat="51.0377363" lon="13.8239662">
    <ele>109</ele>
    <time>2026-06-06T11:02:49Z</time>
    <extensions>
     <gpxdata:hr>137</gpxdata:hr>
     <gpxdata:distance>15743.00</gpxdata:distance>
     <gpxdata:speed>8.867</gpxdata:speed>
    </extensions>
   </trkpt>
   <trkpt lat="51.0377819" lon="13.8238632">
    <ele>109</ele>
    <time>2026-06-06T11:02:50Z</time>
    <extensions>
     <gpxdata:hr>137</gpxdata:hr>
     <gpxdata:distance>15752.00</gpxdata:distance>
     <gpxdata:speed>8.853</gpxdata:speed>
    </extensions>
   </trkpt>
   <trkpt lat="51.0378277" lon="13.8237598">
    <ele>109</ele>
    <time>2026-06-06T11:02:51Z</time>
    <extensions>
     <gpxdata:hr>137</gpxdata:hr>
     <gpxdata:distance>15761.00</gpxdata:distance>
     <gpxdata:speed>8.842</gpxdata:speed>
    </extensions>
   </trkpt>
   <trkpt lat="51.0378731" lon="13.8236558">
    <ele>109</ele>
    <time>2026-06-06T11:02:52Z</time>
    <extensions>
     <gpxdata:hr>137</gpxdata:hr>
     <gpxdata:distance>15770.00</gpxdata:distance>
     <gpxdata:speed>8.850</gpxdata:speed>
    </extensions>
   </trkpt>
   <trkpt lat="51.0379174" lon="13.8235518">
    <ele>109</ele>
    <time>2026-06-06T11:02:53Z</time>
    <extensions>
     <gpxdata:hr>137</gpxdata:hr>
     <gpxdata:distance>15778.50</gpxdata:distance>
     <gpxdata:speed>8.850</gpxdata:speed>
    </extensions>
   </trkpt>
   <trkpt lat="51.0379606" lon="13.8234480">
    <ele>109</ele>
    <time>2026-06-06T11:02:54Z</time>
    <extensions>
     <gpxdata:hr>137</gpxdata:hr>
     <gpxdata:distance>15787.00</gpxdata:distance>
     <gpxdata:speed>8.828</gpxdata:speed>
    </extensions>
   </trkpt>
   <trkpt lat="51.0380036" lon="13.8233450">
    <ele>109</ele>
    <time>2026-06-06T11:02:55Z</time>
    <extensions>
     <gpxdata:hr>138</gpxdata:hr>
     <gpxdata:distance>15795.50</gpxdata:distance>
     <gpxdata:speed>8.783</gpxdata:speed>
    </extensions>
   </trkpt>
   <trkpt lat="51.0380466" lon="13.8232421">
    <ele>109</ele>
    <time>2026-06-06T11:02:56Z</time>
    <extensions>
     <gpxdata:hr>138</gpxdata:hr>
     <gpxdata:distance>15804.00</gpxdata:distance>
     <gpxdata:speed>8.736</gpxdata:speed>
    </extensions>
   </trkpt>
   <trkpt lat="51.0380899" lon="13.8231388">
    <ele>109</ele>
    <time>2026-06-06T11:02:57Z</time>
    <extensions>
     <gpxdata:hr>138</gpxdata:hr>
     <gpxdata:distance>15813.00</gpxdata:distance>
     <gpxdata:speed>8.711</gpxdata:speed>
    </extensions>
   </trkpt>
   <trkpt lat="51.0381330" lon="13.8230356">
    <ele>109</ele>
    <time>2026-06-06T11:02:58Z</time>
    <extensions>
     <gpxdata:hr>138</gpxdata:hr>
     <gpxdata:distance>15822.00</gpxdata:distance>
     <gpxdata:speed>8.711</gpxdata:speed>
    </extensions>
   </trkpt>
   <trkpt lat="51.0381763" lon="13.8229343">
    <ele>109</ele>
    <time>2026-06-06T11:02:59Z</time>
    <extensions>
     <gpxdata:hr>138</gpxdata:hr>
     <gpxdata:distance>15830.50</gpxdata:distance>
     <gpxdata:speed>8.694</gpxdata:speed>
    </extensions>
   </trkpt>
   <trkpt lat="51.0382186" lon="13.8228324">
    <ele>109</ele>
    <time>2026-06-06T11:03:00Z</time>
    <extensions>
     <gpxdata:hr>139</gpxdata:hr>
     <gpxdata:distance>15839.00</gpxdata:distance>
     <gpxdata:speed>8.644</gpxdata:speed>
    </extensions>
   </trkpt>
   <trkpt lat="51.0382587" lon="13.8227285">
    <ele>109</ele>
    <time>2026-06-06T11:03:01Z</time>
    <extensions>
     <gpxdata:hr>140</gpxdata:hr>
     <gpxdata:distance>15847.50</gpxdata:distance>
     <gpxdata:speed>8.611</gpxdata:speed>
    </extensions>
   </trkpt>
   <trkpt lat="51.0382979" lon="13.8226230">
    <ele>109</ele>
    <time>2026-06-06T11:03:02Z</time>
    <extensions>
     <gpxdata:hr>140</gpxdata:hr>
     <gpxdata:distance>15856.00</gpxdata:distance>
     <gpxdata:speed>8.589</gpxdata:speed>
    </extensions>
   </trkpt>
   <trkpt lat="51.0383378" lon="13.8225171">
    <ele>109</ele>
    <time>2026-06-06T11:03:03Z</time>
    <extensions>
     <gpxdata:hr>141</gpxdata:hr>
     <gpxdata:distance>15864.50</gpxdata:distance>
     <gpxdata:speed>8.589</gpxdata:speed>
    </extensions>
   </trkpt>
   <trkpt lat="51.0383800" lon="13.8224121">
    <ele>109</ele>
    <time>2026-06-06T11:03:04Z</time>
    <extensions>
     <gpxdata:hr>141</gpxdata:hr>
     <gpxdata:distance>15873.00</gpxdata:distance>
     <gpxdata:speed>8.614</gpxdata:speed>
    </extensions>
   </trkpt>
   <trkpt lat="51.0384249" lon="13.8223094">
    <ele>109</ele>
    <time>2026-06-06T11:03:05Z</time>
    <extensions>
     <gpxdata:hr>140</gpxdata:hr>
     <gpxdata:distance>15882.00</gpxdata:distance>
     <gpxdata:speed>8.653</gpxdata:speed>
    </extensions>
   </trkpt>
   <trkpt lat="51.0384716" lon="13.8222080">
    <ele>109</ele>
    <time>2026-06-06T11:03:06Z</time>
    <extensions>
     <gpxdata:hr>140</gpxdata:hr>
     <gpxdata:distance>15891.00</gpxdata:distance>
     <gpxdata:speed>8.689</gpxdata:speed>
    </extensions>
   </trkpt>
   <trkpt lat="51.0385187" lon="13.8221066">
    <ele>109</ele>
    <time>2026-06-06T11:03:07Z</time>
    <extensions>
     <gpxdata:hr>138</gpxdata:hr>
     <gpxdata:distance>15900.00</gpxdata:distance>
     <gpxdata:speed>8.725</gpxdata:speed>
    </extensions>
   </trkpt>
   <trkpt lat="51.0385652" lon="13.8220043">
    <ele>109</ele>
    <time>2026-06-06T11:03:08Z</time>
    <extensions>
     <gpxdata:hr>138</gpxdata:hr>
     <gpxdata:distance>15909.00</gpxdata:distance>
     <gpxdata:speed>8.756</gpxdata:speed>
    </extensions>
   </trkpt>
   <trkpt lat="51.0386109" lon="13.8219011">
    <ele>109</ele>
    <time>2026-06-06T11:03:09Z</time>
    <extensions>
     <gpxdata:hr>139</gpxdata:hr>
     <gpxdata:distance>15917.50</gpxdata:distance>
     <gpxdata:speed>8.781</gpxdata:speed>
    </extensions>
   </trkpt>
   <trkpt lat="51.0386562" lon="13.8217981">
    <ele>109</ele>
    <time>2026-06-06T11:03:10Z</time>
    <extensions>
     <gpxdata:hr>139</gpxdata:hr>
     <gpxdata:distance>15926.00</gpxdata:distance>
     <gpxdata:speed>8.800</gpxdata:speed>
    </extensions>
   </trkpt>
   <trkpt lat="51.0387021" lon="13.8216962">
    <ele>109</ele>
    <time>2026-06-06T11:03:11Z</time>
    <extensions>
     <gpxdata:hr>139</gpxdata:hr>
     <gpxdata:distance>15935.00</gpxdata:distance>
     <gpxdata:speed>8.797</gpxdata:speed>
    </extensions>
   </trkpt>
   <trkpt lat="51.0387487" lon="13.8215952">
    <ele>108</ele>
    <time>2026-06-06T11:03:12Z</time>
    <extensions>
     <gpxdata:hr>139</gpxdata:hr>
     <gpxdata:distance>15944.00</gpxdata:distance>
     <gpxdata:speed>8.789</gpxdata:speed>
    </extensions>
   </trkpt>
   <trkpt lat="51.0387950" lon="13.8214943">
    <ele>109</ele>
    <time>2026-06-06T11:03:13Z</time>
    <extensions>
     <gpxdata:hr>139</gpxdata:hr>
     <gpxdata:distance>15952.50</gpxdata:distance>
     <gpxdata:speed>8.783</gpxdata:speed>
    </extensions>
   </trkpt>
   <trkpt lat="51.0388411" lon="13.8213934">
    <ele>109</ele>
    <time>2026-06-06T11:03:14Z</time>
    <extensions>
     <gpxdata:hr>139</gpxdata:hr>
     <gpxdata:distance>15961.00</gpxdata:distance>
     <gpxdata:speed>8.772</gpxdata:speed>
    </extensions>
   </trkpt>
   <trkpt lat="51.0388868" lon="13.8212925">
    <ele>109</ele>
    <time>2026-06-06T11:03:15Z</time>
    <extensions>
     <gpxdata:hr>139</gpxdata:hr>
     <gpxdata:distance>15970.00</gpxdata:distance>
     <gpxdata:speed>8.756</gpxdata:speed>
    </extensions>
   </trkpt>
   <trkpt lat="51.0389328" lon="13.8211923">
    <ele>109</ele>
    <time>2026-06-06T11:03:16Z</time>
    <extensions>
     <gpxdata:hr>139</gpxdata:hr>
     <gpxdata:distance>15979.00</gpxdata:distance>
     <gpxdata:speed>8.739</gpxdata:speed>
    </extensions>
   </trkpt>
   <trkpt lat="51.0389791" lon="13.8210926">
    <ele>109</ele>
    <time>2026-06-06T11:03:17Z</time>
    <extensions>
     <gpxdata:hr>139</gpxdata:hr>
     <gpxdata:distance>15987.50</gpxdata:distance>
     <gpxdata:speed>8.717</gpxdata:speed>
    </extensions>
   </trkpt>
   <trkpt lat="51.0390255" lon="13.8209926">
    <ele>109</ele>
    <time>2026-06-06T11:03:18Z</time>
    <extensions>
     <gpxdata:hr>138</gpxdata:hr>
     <gpxdata:distance>15996.00</gpxdata:distance>
     <gpxdata:speed>8.706</gpxdata:speed>
    </extensions>
   </trkpt>
   <trkpt lat="51.0390718" lon="13.8208921">
    <ele>109</ele>
    <time>2026-06-06T11:03:19Z</time>
    <extensions>
     <gpxdata:hr>139</gpxdata:hr>
     <gpxdata:distance>16004.50</gpxdata:distance>
     <gpxdata:speed>8.706</gpxdata:speed>
    </extensions>
   </trkpt>
   <trkpt lat="51.0391188" lon="13.8207924">
    <ele>109</ele>
    <time>2026-06-06T11:03:20Z</time>
    <extensions>
     <gpxdata:hr>138</gpxdata:hr>
     <gpxdata:distance>16013.00</gpxdata:distance>
     <gpxdata:speed>8.711</gpxdata:speed>
    </extensions>
   </trkpt>
   <trkpt lat="51.0391671" lon="13.8206948">
    <ele>109</ele>
    <time>2026-06-06T11:03:21Z</time>
    <extensions>
     <gpxdata:hr>138</gpxdata:hr>
     <gpxdata:distance>16022.00</gpxdata:distance>
     <gpxdata:speed>8.714</gpxdata:speed>
    </extensions>
   </trkpt>
   <trkpt lat="51.0392171" lon="13.8205996">
    <ele>108</ele>
    <time>2026-06-06T11:03:22Z</time>
    <extensions>
     <gpxdata:hr>138</gpxdata:hr>
     <gpxdata:distance>16031.00</gpxdata:distance>
     <gpxdata:speed>8.703</gpxdata:speed>
    </extensions>
   </trkpt>
   <trkpt lat="51.0392687" lon="13.8205068">
    <ele>108</ele>
    <time>2026-06-06T11:03:23Z</time>
    <extensions>
     <gpxdata:hr>138</gpxdata:hr>
     <gpxdata:distance>16039.50</gpxdata:distance>
     <gpxdata:speed>8.697</gpxdata:speed>
    </extensions>
   </trkpt>
   <trkpt lat="51.0393213" lon="13.8204163">
    <ele>108</ele>
    <time>2026-06-06T11:03:24Z</time>
    <extensions>
     <gpxdata:hr>138</gpxdata:hr>
     <gpxdata:distance>16048.00</gpxdata:distance>
     <gpxdata:speed>8.689</gpxdata:speed>
    </extensions>
   </trkpt>
   <trkpt lat="51.0393740" lon="13.8203270">
    <ele>108</ele>
    <time>2026-06-06T11:03:25Z</time>
    <extensions>
     <gpxdata:hr>139</gpxdata:hr>
     <gpxdata:distance>16056.50</gpxdata:distance>
     <gpxdata:speed>8.664</gpxdata:speed>
    </extensions>
   </trkpt>
   <trkpt lat="51.0394266" lon="13.8202381">
    <ele>108</ele>
    <time>2026-06-06T11:03:26Z</time>
    <extensions>
     <gpxdata:hr>138</gpxdata:hr>
     <gpxdata:distance>16065.00</gpxdata:distance>
     <gpxdata:speed>8.631</gpxdata:speed>
    </extensions>
   </trkpt>
   <trkpt lat="51.0394792" lon="13.8201507">
    <ele>108</ele>
    <time>2026-06-06T11:03:27Z</time>
    <extensions>
     <gpxdata:hr>137</gpxdata:hr>
     <gpxdata:distance>16073.50</gpxdata:distance>
     <gpxdata:speed>8.600</gpxdata:speed>
    </extensions>
   </trkpt>
   <trkpt lat="51.0395325" lon="13.8200650">
    <ele>108</ele>
    <time>2026-06-06T11:03:28Z</time>
    <extensions>
     <gpxdata:hr>137</gpxdata:hr>
     <gpxdata:distance>16082.00</gpxdata:distance>
     <gpxdata:speed>8.556</gpxdata:speed>
    </extensions>
   </trkpt>
   <trkpt lat="51.0395868" lon="13.8199806">
    <ele>108</ele>
    <time>2026-06-06T11:03:29Z</time>
    <extensions>
     <gpxdata:hr>136</gpxdata:hr>
     <gpxdata:distance>16090.50</gpxdata:distance>
     <gpxdata:speed>8.514</gpxdata:speed>
    </extensions>
   </trkpt>
   <trkpt lat="51.0396423" lon="13.8198978">
    <ele>108</ele>
    <time>2026-06-06T11:03:30Z</time>
    <extensions>
     <gpxdata:hr>135</gpxdata:hr>
     <gpxdata:distance>16099.00</gpxdata:distance>
     <gpxdata:speed>8.494</gpxdata:speed>
    </extensions>
   </trkpt>
   <trkpt lat="51.0396998" lon="13.8198179">
    <ele>108</ele>
    <time>2026-06-06T11:03:31Z</time>
    <extensions>
     <gpxdata:hr>136</gpxdata:hr>
     <gpxdata:distance>16107.50</gpxdata:distance>
     <gpxdata:speed>8.489</gpxdata:speed>
    </extensions>
   </trkpt>
   <trkpt lat="51.0397592" lon="13.8197409">
    <ele>108</ele>
    <time>2026-06-06T11:03:32Z</time>
    <extensions>
     <gpxdata:hr>136</gpxdata:hr>
     <gpxdata:distance>16116.00</gpxdata:distance>
     <gpxdata:speed>8.497</gpxdata:speed>
    </extensions>
   </trkpt>
   <trkpt lat="51.0398198" lon="13.8196660">
    <ele>109</ele>
    <time>2026-06-06T11:03:33Z</time>
    <extensions>
     <gpxdata:hr>136</gpxdata:hr>
     <gpxdata:distance>16124.50</gpxdata:distance>
     <gpxdata:speed>8.506</gpxdata:speed>
    </extensions>
   </trkpt>
   <trkpt lat="51.0398823" lon="13.8195965">
    <ele>108</ele>
    <time>2026-06-06T11:03:34Z</time>
    <extensions>
     <gpxdata:hr>137</gpxdata:hr>
     <gpxdata:distance>16133.00</gpxdata:distance>
     <gpxdata:speed>8.517</gpxdata:speed>
    </extensions>
   </trkpt>
   <trkpt lat="51.0399466" lon="13.8195304">
    <ele>108</ele>
    <time>2026-06-06T11:03:35Z</time>
    <extensions>
     <gpxdata:hr>138</gpxdata:hr>
     <gpxdata:distance>16141.50</gpxdata:distance>
     <gpxdata:speed>8.503</gpxdata:speed>
    </extensions>
   </trkpt>
   <trkpt lat="51.0400103" lon="13.8194623">
    <ele>108</ele>
    <time>2026-06-06T11:03:36Z</time>
    <extensions>
     <gpxdata:hr>138</gpxdata:hr>
     <gpxdata:distance>16150.00</gpxdata:distance>
     <gpxdata:speed>8.514</gpxdata:speed>
    </extensions>
   </trkpt>
   <trkpt lat="51.0400724" lon="13.8193903">
    <ele>108</ele>
    <time>2026-06-06T11:03:37Z</time>
    <extensions>
     <gpxdata:hr>138</gpxdata:hr>
     <gpxdata:distance>16158.50</gpxdata:distance>
     <gpxdata:speed>8.528</gpxdata:speed>
    </extensions>
   </trkpt>
   <trkpt lat="51.0401333" lon="13.8193161">
    <ele>108</ele>
    <time>2026-06-06T11:03:38Z</time>
    <extensions>
     <gpxdata:hr>137</gpxdata:hr>
     <gpxdata:distance>16167.00</gpxdata:distance>
     <gpxdata:speed>8.539</gpxdata:speed>
    </extensions>
   </trkpt>
   <trkpt lat="51.0401940" lon="13.8192412">
    <ele>108</ele>
    <time>2026-06-06T11:03:39Z</time>
    <extensions>
     <gpxdata:hr>136</gpxdata:hr>
     <gpxdata:distance>16175.50</gpxdata:distance>
     <gpxdata:speed>8.539</gpxdata:speed>
    </extensions>
   </trkpt>
   <trkpt lat="51.0402555" lon="13.8191674">
    <ele>108</ele>
    <time>2026-06-06T11:03:40Z</time>
    <extensions>
     <gpxdata:hr>136</gpxdata:hr>
     <gpxdata:distance>16184.00</gpxdata:distance>
     <gpxdata:speed>8.547</gpxdata:speed>
    </extensions>
   </trkpt>
   <trkpt lat="51.0403186" lon="13.8190949">
    <ele>108</ele>
    <time>2026-06-06T11:03:41Z</time>
    <extensions>
     <gpxdata:hr>136</gpxdata:hr>
     <gpxdata:distance>16193.00</gpxdata:distance>
     <gpxdata:speed>8.558</gpxdata:speed>
    </extensions>
   </trkpt>
   <trkpt lat="51.0403826" lon="13.8190231">
    <ele>108</ele>
    <time>2026-06-06T11:03:42Z</time>
    <extensions>
     <gpxdata:hr>136</gpxdata:hr>
     <gpxdata:distance>16202.00</gpxdata:distance>
     <gpxdata:speed>8.603</gpxdata:speed>
    </extensions>
   </trkpt>
   <trkpt lat="51.0404466" lon="13.8189510">
    <ele>108</ele>
    <time>2026-06-06T11:03:43Z</time>
    <extensions>
     <gpxdata:hr>138</gpxdata:hr>
     <gpxdata:distance>16210.50</gpxdata:distance>
     <gpxdata:speed>8.642</gpxdata:speed>
    </extensions>
   </trkpt>
   <trkpt lat="51.0405098" lon="13.8188779">
    <ele>108</ele>
    <time>2026-06-06T11:03:44Z</time>
    <extensions>
     <gpxdata:hr>138</gpxdata:hr>
     <gpxdata:distance>16219.00</gpxdata:distance>
     <gpxdata:speed>8.669</gpxdata:speed>
    </extensions>
   </trkpt>
   <trkpt lat="51.0405724" lon="13.8188058">
    <ele>108</ele>
    <time>2026-06-06T11:03:45Z</time>
    <extensions>
     <gpxdata:hr>138</gpxdata:hr>
     <gpxdata:distance>16227.50</gpxdata:distance>
     <gpxdata:speed>8.675</gpxdata:speed>
    </extensions>
   </trkpt>
   <trkpt lat="51.0406364" lon="13.8187381">
    <ele>108</ele>
    <time>2026-06-06T11:03:46Z</time>
    <extensions>
     <gpxdata:hr>138</gpxdata:hr>
     <gpxdata:distance>16236.00</gpxdata:distance>
     <gpxdata:speed>8.642</gpxdata:speed>
    </extensions>
   </trkpt>
   <trkpt lat="51.0407025" lon="13.8186759">
    <ele>108</ele>
    <time>2026-06-06T11:03:47Z</time>
    <extensions>
     <gpxdata:hr>139</gpxdata:hr>
     <gpxdata:distance>16245.00</gpxdata:distance>
     <gpxdata:speed>8.619</gpxdata:speed>
    </extensions>
   </trkpt>
   <trkpt lat="51.0407693" lon="13.8186165">
    <ele>108</ele>
    <time>2026-06-06T11:03:48Z</time>
    <extensions>
     <gpxdata:hr>138</gpxdata:hr>
     <gpxdata:distance>16254.00</gpxdata:distance>
     <gpxdata:speed>8.600</gpxdata:speed>
    </extensions>
   </trkpt>
   <trkpt lat="51.0408364" lon="13.8185572">
    <ele>108</ele>
    <time>2026-06-06T11:03:49Z</time>
    <extensions>
     <gpxdata:hr>138</gpxdata:hr>
     <gpxdata:distance>16262.50</gpxdata:distance>
     <gpxdata:speed>8.575</gpxdata:speed>
    </extensions>
   </trkpt>
   <trkpt lat="51.0409034" lon="13.8184968">
    <ele>108</ele>
    <time>2026-06-06T11:03:50Z</time>
    <extensions>
     <gpxdata:hr>138</gpxdata:hr>
     <gpxdata:distance>16271.00</gpxdata:distance>
     <gpxdata:speed>8.569</gpxdata:speed>
    </extensions>
   </trkpt>
   <trkpt lat="51.0409701" lon="13.8184357">
    <ele>108</ele>
    <time>2026-06-06T11:03:51Z</time>
    <extensions>
     <gpxdata:hr>138</gpxdata:hr>
     <gpxdata:distance>16279.50</gpxdata:distance>
     <gpxdata:speed>8.569</gpxdata:speed>
    </extensions>
   </trkpt>
   <trkpt lat="51.0410365" lon="13.8183727">
    <ele>108</ele>
    <time>2026-06-06T11:03:52Z</time>
    <extensions>
     <gpxdata:hr>139</gpxdata:hr>
     <gpxdata:distance>16288.00</gpxdata:distance>
     <gpxdata:speed>8.569</gpxdata:speed>
    </extensions>
   </trkpt>
   <trkpt lat="51.0411028" lon="13.8183086">
    <ele>108</ele>
    <time>2026-06-06T11:03:53Z</time>
    <extensions>
     <gpxdata:hr>139</gpxdata:hr>
     <gpxdata:distance>16296.50</gpxdata:distance>
     <gpxdata:speed>8.583</gpxdata:speed>
    </extensions>
   </trkpt>
   <trkpt lat="51.0411690" lon="13.8182433">
    <ele>108</ele>
    <time>2026-06-06T11:03:54Z</time>
    <extensions>
     <gpxdata:hr>139</gpxdata:hr>
     <gpxdata:distance>16305.00</gpxdata:distance>
     <gpxdata:speed>8.603</gpxdata:speed>
    </extensions>
   </trkpt>
   <trkpt lat="51.0412348" lon="13.8181772">
    <ele>108</ele>
    <time>2026-06-06T11:03:55Z</time>
    <extensions>
     <gpxdata:hr>139</gpxdata:hr>
     <gpxdata:distance>16313.50</gpxdata:distance>
     <gpxdata:speed>8.625</gpxdata:speed>
    </extensions>
   </trkpt>
   <trkpt lat="51.0413002" lon="13.8181100">
    <ele>108</ele>
    <time>2026-06-06T11:03:56Z</time>
    <extensions>
     <gpxdata:hr>138</gpxdata:hr>
     <gpxdata:distance>16322.00</gpxdata:distance>
     <gpxdata:speed>8.636</gpxdata:speed>
    </extensions>
   </trkpt>
   <trkpt lat="51.0413655" lon="13.8180430">
    <ele>108</ele>
    <time>2026-06-06T11:03:57Z</time>
    <extensions>
     <gpxdata:hr>138</gpxdata:hr>
     <gpxdata:distance>16331.00</gpxdata:distance>
     <gpxdata:speed>8.644</gpxdata:speed>
    </extensions>
   </trkpt>
   <trkpt lat="51.0414313" lon="13.8179761">
    <ele>108</ele>
    <time>2026-06-06T11:03:58Z</time>
    <extensions>
     <gpxdata:hr>137</gpxdata:hr>
     <gpxdata:distance>16340.00</gpxdata:distance>
     <gpxdata:speed>8.647</gpxdata:speed>
    </extensions>
   </trkpt>
   <trkpt lat="51.0414973" lon="13.8179098">
    <ele>108</ele>
    <time>2026-06-06T11:03:59Z</time>
    <extensions>
     <gpxdata:hr>137</gpxdata:hr>
     <gpxdata:distance>16348.50</gpxdata:distance>
     <gpxdata:speed>8.667</gpxdata:speed>
    </extensions>
   </trkpt>
   <trkpt lat="51.0415636" lon="13.8178456">
    <ele>108</ele>
    <time>2026-06-06T11:04:00Z</time>
    <extensions>
     <gpxdata:hr>137</gpxdata:hr>
     <gpxdata:distance>16357.00</gpxdata:distance>
     <gpxdata:speed>8.675</gpxdata:speed>
    </extensions>
   </trkpt>
   <trkpt lat="51.0416302" lon="13.8177817">
    <ele>108</ele>
    <time>2026-06-06T11:04:01Z</time>
    <extensions>
     <gpxdata:hr>137</gpxdata:hr>
     <gpxdata:distance>16365.50</gpxdata:distance>
     <gpxdata:speed>8.658</gpxdata:speed>
    </extensions>
   </trkpt>
   <trkpt lat="51.0416967" lon="13.8177175">
    <ele>108</ele>
    <time>2026-06-06T11:04:02Z</time>
    <extensions>
     <gpxdata:hr>137</gpxdata:hr>
     <gpxdata:distance>16374.00</gpxdata:distance>
     <gpxdata:speed>8.661</gpxdata:speed>
    </extensions>
   </trkpt>
   <trkpt lat="51.0417634" lon="13.8176543">
    <ele>108</ele>
    <time>2026-06-06T11:04:03Z</time>
    <extensions>
     <gpxdata:hr>138</gpxdata:hr>
     <gpxdata:distance>16383.00</gpxdata:distance>
     <gpxdata:speed>8.661</gpxdata:speed>
    </extensions>
   </trkpt>
   <trkpt lat="51.0418318" lon="13.8175939">
    <ele>108</ele>
    <time>2026-06-06T11:04:04Z</time>
    <extensions>
     <gpxdata:hr>138</gpxdata:hr>
     <gpxdata:distance>16392.00</gpxdata:distance>
     <gpxdata:speed>8.656</gpxdata:speed>
    </extensions>
   </trkpt>
   <trkpt lat="51.0419021" lon="13.8175377">
    <ele>108</ele>
    <time>2026-06-06T11:04:05Z</time>
    <extensions>
     <gpxdata:hr>138</gpxdata:hr>
     <gpxdata:distance>16400.50</gpxdata:distance>
     <gpxdata:speed>8.681</gpxdata:speed>
    </extensions>
   </trkpt>
   <trkpt lat="51.0419738" lon="13.8174852">
    <ele>108</ele>
    <time>2026-06-06T11:04:06Z</time>
    <extensions>
     <gpxdata:hr>137</gpxdata:hr>
     <gpxdata:distance>16409.00</gpxdata:distance>
     <gpxdata:speed>8.708</gpxdata:speed>
    </extensions>
   </trkpt>
   <trkpt lat="51.0420465" lon="13.8174350">
    <ele>108</ele>
    <time>2026-06-06T11:04:07Z</time>
    <extensions>
     <gpxdata:hr>137</gpxdata:hr>
     <gpxdata:distance>16418.00</gpxdata:distance>
     <gpxdata:speed>8.733</gpxdata:speed>
    </extensions>
   </trkpt>
   <trkpt lat="51.0421191" lon="13.8173855">
    <ele>108</ele>
    <time>2026-06-06T11:04:08Z</time>
    <extensions>
     <gpxdata:hr>137</gpxdata:hr>
     <gpxdata:distance>16427.00</gpxdata:distance>
     <gpxdata:speed>8.764</gpxdata:speed>
    </extensions>
   </trkpt>
   <trkpt lat="51.0421909" lon="13.8173354">
    <ele>108</ele>
    <time>2026-06-06T11:04:09Z</time>
    <extensions>
     <gpxdata:hr>137</gpxdata:hr>
     <gpxdata:distance>16435.50</gpxdata:distance>
     <gpxdata:speed>8.769</gpxdata:speed>
    </extensions>
   </trkpt>
   <trkpt lat="51.0422623" lon="13.8172850">
    <ele>108</ele>
    <time>2026-06-06T11:04:10Z</time>
    <extensions>
     <gpxdata:hr>137</gpxdata:hr>
     <gpxdata:distance>16444.00</gpxdata:distance>
     <gpxdata:speed>8.750</gpxdata:speed>
    </extensions>
   </trkpt>
   <trkpt lat="51.0423333" lon="13.8172352">
    <ele>108</ele>
    <time>2026-06-06T11:04:11Z</time>
    <extensions>
     <gpxdata:hr>138</gpxdata:hr>
     <gpxdata:distance>16453.00</gpxdata:distance>
     <gpxdata:speed>8.731</gpxdata:speed>
    </extensions>
   </trkpt>
   <trkpt lat="51.0424036" lon="13.8171863">
    <ele>108</ele>
    <time>2026-06-06T11:04:12Z</time>
    <extensions>
     <gpxdata:hr>139</gpxdata:hr>
     <gpxdata:distance>16462.00</gpxdata:distance>
     <gpxdata:speed>8.694</gpxdata:speed>
    </extensions>
   </trkpt>
   <trkpt lat="51.0424726" lon="13.8171383">
    <ele>109</ele>
    <time>2026-06-06T11:04:13Z</time>
    <extensions>
     <gpxdata:hr>138</gpxdata:hr>
     <gpxdata:distance>16470.00</gpxdata:distance>
     <gpxdata:speed>8.642</gpxdata:speed>
    </extensions>
   </trkpt>
   <trkpt lat="51.0425414" lon="13.8170900">
    <ele>109</ele>
    <time>2026-06-06T11:04:14Z</time>
    <extensions>
     <gpxdata:hr>138</gpxdata:hr>
     <gpxdata:distance>16478.00</gpxdata:distance>
     <gpxdata:speed>8.544</gpxdata:speed>
    </extensions>
   </trkpt>
   <trkpt lat="51.0426113" lon="13.8170409">
    <ele>109</ele>
    <time>2026-06-06T11:04:15Z</time>
    <extensions>
     <gpxdata:hr>138</gpxdata:hr>
     <gpxdata:distance>16486.50</gpxdata:distance>
     <gpxdata:speed>8.497</gpxdata:speed>
    </extensions>
   </trkpt>
   <trkpt lat="51.0426818" lon="13.8169910">
    <ele>109</ele>
    <time>2026-06-06T11:04:16Z</time>
    <extensions>
     <gpxdata:hr>138</gpxdata:hr>
     <gpxdata:distance>16495.00</gpxdata:distance>
     <gpxdata:speed>8.514</gpxdata:speed>
    </extensions>
   </trkpt>
   <trkpt lat="51.0427527" lon="13.8169407">
    <ele>108</ele>
    <time>2026-06-06T11:04:17Z</time>
    <extensions>
     <gpxdata:hr>138</gpxdata:hr>
     <gpxdata:distance>16504.00</gpxdata:distance>
     <gpxdata:speed>8.544</gpxdata:speed>
    </extensions>
   </trkpt>
   <trkpt lat="51.0428246" lon="13.8168907">
    <ele>108</ele>
    <time>2026-06-06T11:04:18Z</time>
    <extensions>
     <gpxdata:hr>138</gpxdata:hr>
     <gpxdata:distance>16513.00</gpxdata:distance>
     <gpxdata:speed>8.572</gpxdata:speed>
    </extensions>
   </trkpt>
   <trkpt lat="51.0428966" lon="13.8168406">
    <ele>108</ele>
    <time>2026-06-06T11:04:19Z</time>
    <extensions>
     <gpxdata:hr>138</gpxdata:hr>
     <gpxdata:distance>16521.50</gpxdata:distance>
     <gpxdata:speed>8.633</gpxdata:speed>
    </extensions>
   </trkpt>
   <trkpt lat="51.0429688" lon="13.8167904">
    <ele>108</ele>
    <time>2026-06-06T11:04:20Z</time>
    <extensions>
     <gpxdata:hr>139</gpxdata:hr>
     <gpxdata:distance>16530.00</gpxdata:distance>
     <gpxdata:speed>8.664</gpxdata:speed>
    </extensions>
   </trkpt>
   <trkpt lat="51.0430410" lon="13.8167414">
    <ele>108</ele>
    <time>2026-06-06T11:04:21Z</time>
    <extensions>
     <gpxdata:hr>139</gpxdata:hr>
     <gpxdata:distance>16539.00</gpxdata:distance>
     <gpxdata:speed>8.703</gpxdata:speed>
    </extensions>
   </trkpt>
   <trkpt lat="51.0431132" lon="13.8166927">
    <ele>108</ele>
    <time>2026-06-06T11:04:22Z</time>
    <extensions>
     <gpxdata:hr>139</gpxdata:hr>
     <gpxdata:distance>16548.00</gpxdata:distance>
     <gpxdata:speed>8.708</gpxdata:speed>
    </extensions>
   </trkpt>
   <trkpt lat="51.0431851" lon="13.8166432">
    <ele>108</ele>
    <time>2026-06-06T11:04:23Z</time>
    <extensions>
     <gpxdata:hr>138</gpxdata:hr>
     <gpxdata:distance>16556.50</gpxdata:distance>
     <gpxdata:speed>8.714</gpxdata:speed>
    </extensions>
   </trkpt>
   <trkpt lat="51.0432572" lon="13.8165936">
    <ele>108</ele>
    <time>2026-06-06T11:04:24Z</time>
    <extensions>
     <gpxdata:hr>138</gpxdata:hr>
     <gpxdata:distance>16565.00</gpxdata:distance>
     <gpxdata:speed>8.719</gpxdata:speed>
    </extensions>
   </trkpt>
   <trkpt lat="51.0433296" lon="13.8165446">
    <ele>108</ele>
    <time>2026-06-06T11:04:25Z</time>
    <extensions>
     <gpxdata:hr>138</gpxdata:hr>
     <gpxdata:distance>16574.00</gpxdata:distance>
     <gpxdata:speed>8.731</gpxdata:speed>
    </extensions>
   </trkpt>
   <trkpt lat="51.0434017" lon="13.8164956">
    <ele>108</ele>
    <time>2026-06-06T11:04:26Z</time>
    <extensions>
     <gpxdata:hr>137</gpxdata:hr>
     <gpxdata:distance>16583.00</gpxdata:distance>
     <gpxdata:speed>8.742</gpxdata:speed>
    </extensions>
   </trkpt>
   <trkpt lat="51.0434732" lon="13.8164454">
    <ele>108</ele>
    <time>2026-06-06T11:04:27Z</time>
    <extensions>
     <gpxdata:hr>137</gpxdata:hr>
     <gpxdata:distance>16591.50</gpxdata:distance>
     <gpxdata:speed>8.739</gpxdata:speed>
    </extensions>
   </trkpt>
   <trkpt lat="51.0435441" lon="13.8163945">
    <ele>108</ele>
    <time>2026-06-06T11:04:28Z</time>
    <extensions>
     <gpxdata:hr>137</gpxdata:hr>
     <gpxdata:distance>16600.00</gpxdata:distance>
     <gpxdata:speed>8.722</gpxdata:speed>
    </extensions>
   </trkpt>
   <trkpt lat="51.0436150" lon="13.8163441">
    <ele>108</ele>
    <time>2026-06-06T11:04:29Z</time>
    <extensions>
     <gpxdata:hr>137</gpxdata:hr>
     <gpxdata:distance>16608.50</gpxdata:distance>
     <gpxdata:speed>8.697</gpxdata:speed>
    </extensions>
   </trkpt>
   <trkpt lat="51.0436858" lon="13.8162943">
    <ele>108</ele>
    <time>2026-06-06T11:04:30Z</time>
    <extensions>
     <gpxdata:hr>137</gpxdata:hr>
     <gpxdata:distance>16617.00</gpxdata:distance>
     <gpxdata:speed>8.681</gpxdata:speed>
    </extensions>
   </trkpt>
   <trkpt lat="51.0437565" lon="13.8162459">
    <ele>108</ele>
    <time>2026-06-06T11:04:31Z</time>
    <extensions>
     <gpxdata:hr>137</gpxdata:hr>
     <gpxdata:distance>16625.50</gpxdata:distance>
     <gpxdata:speed>8.661</gpxdata:speed>
    </extensions>
   </trkpt>
   <trkpt lat="51.0438274" lon="13.8161983">
    <ele>108</ele>
    <time>2026-06-06T11:04:32Z</time>
    <extensions>
     <gpxdata:hr>137</gpxdata:hr>
     <gpxdata:distance>16634.00</gpxdata:distance>
     <gpxdata:speed>8.628</gpxdata:speed>
    </extensions>
   </trkpt>
   <trkpt lat="51.0438973" lon="13.8161502">
    <ele>108</ele>
    <time>2026-06-06T11:04:33Z</time>
    <extensions>
     <gpxdata:hr>138</gpxdata:hr>
     <gpxdata:distance>16642.50</gpxdata:distance>
     <gpxdata:speed>8.608</gpxdata:speed>
    </extensions>
   </trkpt>
   <trkpt lat="51.0439671" lon="13.8161014">
    <ele>108</ele>
    <time>2026-06-06T11:04:34Z</time>
    <extensions>
     <gpxdata:hr>137</gpxdata:hr>
     <gpxdata:distance>16651.00</gpxdata:distance>
     <gpxdata:speed>8.558</gpxdata:speed>
    </extensions>
   </trkpt>
   <trkpt lat="51.0440371" lon="13.8160525">
    <ele>108</ele>
    <time>2026-06-06T11:04:35Z</time>
    <extensions>
     <gpxdata:hr>137</gpxdata:hr>
     <gpxdata:distance>16660.00</gpxdata:distance>
     <gpxdata:speed>8.542</gpxdata:speed>
    </extensions>
   </trkpt>
   <trkpt lat="51.0441075" lon="13.8160038">
    <ele>108</ele>
    <time>2026-06-06T11:04:36Z</time>
    <extensions>
     <gpxdata:hr>137</gpxdata:hr>
     <gpxdata:distance>16669.00</gpxdata:distance>
     <gpxdata:speed>8.531</gpxdata:speed>
    </extensions>
   </trkpt>
   <trkpt lat="51.0441787" lon="13.8159541">
    <ele>108</ele>
    <time>2026-06-06T11:04:37Z</time>
    <extensions>
     <gpxdata:hr>137</gpxdata:hr>
     <gpxdata:distance>16677.50</gpxdata:distance>
     <gpxdata:speed>8.542</gpxdata:speed>
    </extensions>
   </trkpt>
   <trkpt lat="51.0442504" lon="13.8159035">
    <ele>108</ele>
    <time>2026-06-06T11:04:38Z</time>
    <extensions>
     <gpxdata:hr>137</gpxdata:hr>
     <gpxdata:distance>16686.00</gpxdata:distance>
     <gpxdata:speed>8.589</gpxdata:speed>
    </extensions>
   </trkpt>
   <trkpt lat="51.0443233" lon="13.8158529">
    <ele>108</ele>
    <time>2026-06-06T11:04:39Z</time>
    <extensions>
     <gpxdata:hr>137</gpxdata:hr>
     <gpxdata:distance>16695.00</gpxdata:distance>
     <gpxdata:speed>8.636</gpxdata:speed>
    </extensions>
   </trkpt>
   <trkpt lat="51.0443967" lon="13.8158031">
    <ele>108</ele>
    <time>2026-06-06T11:04:40Z</time>
    <extensions>
     <gpxdata:hr>138</gpxdata:hr>
     <gpxdata:distance>16704.00</gpxdata:distance>
     <gpxdata:speed>8.717</gpxdata:speed>
    </extensions>
   </trkpt>
   <trkpt lat="51.0444704" lon="13.8157548">
    <ele>108</ele>
    <time>2026-06-06T11:04:41Z</time>
    <extensions>
     <gpxdata:hr>139</gpxdata:hr>
     <gpxdata:distance>16712.50</gpxdata:distance>
     <gpxdata:speed>8.764</gpxdata:speed>
    </extensions>
   </trkpt>
   <trkpt lat="51.0445446" lon="13.8157097">
    <ele>108</ele>
    <time>2026-06-06T11:04:42Z</time>
    <extensions>
     <gpxdata:hr>139</gpxdata:hr>
     <gpxdata:distance>16721.00</gpxdata:distance>
     <gpxdata:speed>8.797</gpxdata:speed>
    </extensions>
   </trkpt>
   <trkpt lat="51.0446190" lon="13.8156684">
    <ele>108</ele>
    <time>2026-06-06T11:04:43Z</time>
    <extensions>
     <gpxdata:hr>139</gpxdata:hr>
     <gpxdata:distance>16730.00</gpxdata:distance>
     <gpxdata:speed>8.808</gpxdata:speed>
    </extensions>
   </trkpt>
   <trkpt lat="51.0446936" lon="13.8156286">
    <ele>108</ele>
    <time>2026-06-06T11:04:44Z</time>
    <extensions>
     <gpxdata:hr>138</gpxdata:hr>
     <gpxdata:distance>16739.00</gpxdata:distance>
     <gpxdata:speed>8.794</gpxdata:speed>
    </extensions>
   </trkpt>
   <trkpt lat="51.0447680" lon="13.8155886">
    <ele>108</ele>
    <time>2026-06-06T11:04:45Z</time>
    <extensions>
     <gpxdata:hr>139</gpxdata:hr>
     <gpxdata:distance>16747.50</gpxdata:distance>
     <gpxdata:speed>8.783</gpxdata:speed>
    </extensions>
   </trkpt>
   <trkpt lat="51.0448426" lon="13.8155494">
    <ele>108</ele>
    <time>2026-06-06T11:04:46Z</time>
    <extensions>
     <gpxdata:hr>138</gpxdata:hr>
     <gpxdata:distance>16756.00</gpxdata:distance>
     <gpxdata:speed>8.772</gpxdata:speed>
    </extensions>
   </trkpt>
   <trkpt lat="51.0449175" lon="13.8155110">
    <ele>108</ele>
    <time>2026-06-06T11:04:47Z</time>
    <extensions>
     <gpxdata:hr>138</gpxdata:hr>
     <gpxdata:distance>16765.00</gpxdata:distance>
     <gpxdata:speed>8.764</gpxdata:speed>
    </extensions>
   </trkpt>
   <trkpt lat="51.0449925" lon="13.8154740">
    <ele>108</ele>
    <time>2026-06-06T11:04:48Z</time>
    <extensions>
     <gpxdata:hr>138</gpxdata:hr>
     <gpxdata:distance>16774.00</gpxdata:distance>
     <gpxdata:speed>8.767</gpxdata:speed>
    </extensions>
   </trkpt>
   <trkpt lat="51.0450674" lon="13.8154379">
    <ele>108</ele>
    <time>2026-06-06T11:04:49Z</time>
    <extensions>
     <gpxdata:hr>139</gpxdata:hr>
     <gpxdata:distance>16782.50</gpxdata:distance>
     <gpxdata:speed>8.756</gpxdata:speed>
    </extensions>
   </trkpt>
   <trkpt lat="51.0451420" lon="13.8154007">
    <ele>108</ele>
    <time>2026-06-06T11:04:50Z</time>
    <extensions>
     <gpxdata:hr>139</gpxdata:hr>
     <gpxdata:distance>16791.00</gpxdata:distance>
     <gpxdata:speed>8.739</gpxdata:speed>
    </extensions>
   </trkpt>
   <trkpt lat="51.0452169" lon="13.8153620">
    <ele>108</ele>
    <time>2026-06-06T11:04:51Z</time>
    <extensions>
     <gpxdata:hr>140</gpxdata:hr>
     <gpxdata:distance>16800.00</gpxdata:distance>
     <gpxdata:speed>8.728</gpxdata:speed>
    </extensions>
   </trkpt>
   <trkpt lat="51.0452920" lon="13.8153218">
    <ele>108</ele>
    <time>2026-06-06T11:04:52Z</time>
    <extensions>
     <gpxdata:hr>140</gpxdata:hr>
     <gpxdata:distance>16809.00</gpxdata:distance>
     <gpxdata:speed>8.744</gpxdata:speed>
    </extensions>
   </trkpt>
   <trkpt lat="51.0453665" lon="13.8152806">
    <ele>108</ele>
    <time>2026-06-06T11:04:53Z</time>
    <extensions>
     <gpxdata:hr>140</gpxdata:hr>
     <gpxdata:distance>16817.50</gpxdata:distance>
     <gpxdata:speed>8.775</gpxdata:speed>
    </extensions>
   </trkpt>
   <trkpt lat="51.0454402" lon="13.8152382">
    <ele>108</ele>
    <time>2026-06-06T11:04:54Z</time>
    <extensions>
     <gpxdata:hr>140</gpxdata:hr>
     <gpxdata:distance>16826.00</gpxdata:distance>
     <gpxdata:speed>8.767</gpxdata:speed>
    </extensions>
   </trkpt>
   <trkpt lat="51.0455132" lon="13.8151943">
    <ele>108</ele>
    <time>2026-06-06T11:04:55Z</time>
    <extensions>
     <gpxdata:hr>140</gpxdata:hr>
     <gpxdata:distance>16835.00</gpxdata:distance>
     <gpxdata:speed>8.747</gpxdata:speed>
    </extensions>
   </trkpt>
   <trkpt lat="51.0455856" lon="13.8151500">
    <ele>108</ele>
    <time>2026-06-06T11:04:56Z</time>
    <extensions>
     <gpxdata:hr>139</gpxdata:hr>
     <gpxdata:distance>16844.00</gpxdata:distance>
     <gpxdata:speed>8.725</gpxdata:speed>
    </extensions>
   </trkpt>
   <trkpt lat="51.0456580" lon="13.8151046">
    <ele>108</ele>
    <time>2026-06-06T11:04:57Z</time>
    <extensions>
     <gpxdata:hr>139</gpxdata:hr>
     <gpxdata:distance>16852.50</gpxdata:distance>
     <gpxdata:speed>8.694</gpxdata:speed>
    </extensions>
   </trkpt>
   <trkpt lat="51.0457296" lon="13.8150570">
    <ele>108</ele>
    <time>2026-06-06T11:04:58Z</time>
    <extensions>
     <gpxdata:hr>139</gpxdata:hr>
     <gpxdata:distance>16861.00</gpxdata:distance>
     <gpxdata:speed>8.692</gpxdata:speed>
    </extensions>
   </trkpt>
   <trkpt lat="51.0458009" lon="13.8150070">
    <ele>108</ele>
    <time>2026-06-06T11:04:59Z</time>
    <extensions>
     <gpxdata:hr>139</gpxdata:hr>
     <gpxdata:distance>16869.50</gpxdata:distance>
     <gpxdata:speed>8.669</gpxdata:speed>
    </extensions>
   </trkpt>
   <trkpt lat="51.0458727" lon="13.8149553">
    <ele>108</ele>
    <time>2026-06-06T11:05:00Z</time>
    <extensions>
     <gpxdata:hr>140</gpxdata:hr>
     <gpxdata:distance>16878.00</gpxdata:distance>
     <gpxdata:speed>8.678</gpxdata:speed>
    </extensions>
   </trkpt>
   <trkpt lat="51.0459435" lon="13.8149034">
    <ele>108</ele>
    <time>2026-06-06T11:05:01Z</time>
    <extensions>
     <gpxdata:hr>140</gpxdata:hr>
     <gpxdata:distance>16887.00</gpxdata:distance>
     <gpxdata:speed>8.714</gpxdata:speed>
    </extensions>
   </trkpt>
   <trkpt lat="51.0460122" lon="13.8148534">
    <ele>108</ele>
    <time>2026-06-06T11:05:02Z</time>
    <extensions>
     <gpxdata:hr>140</gpxdata:hr>
     <gpxdata:distance>16896.00</gpxdata:distance>
     <gpxdata:speed>8.692</gpxdata:speed>
    </extensions>
   </trkpt>
   <trkpt lat="51.0460784" lon="13.8148053">
    <ele>108</ele>
    <time>2026-06-06T11:05:03Z</time>
    <extensions>
     <gpxdata:hr>140</gpxdata:hr>
     <gpxdata:distance>16904.00</gpxdata:distance>
     <gpxdata:speed>8.572</gpxdata:speed>
    </extensions>
   </trkpt>
   <trkpt lat="51.0461417" lon="13.8147582">
    <ele>108</ele>
    <time>2026-06-06T11:05:04Z</time>
    <extensions>
     <gpxdata:hr>140</gpxdata:hr>
     <gpxdata:distance>16912.00</gpxdata:distance>
     <gpxdata:speed>8.394</gpxdata:speed>
    </extensions>
   </trkpt>
   <trkpt lat="51.0462030" lon="13.8147130">
    <ele>109</ele>
    <time>2026-06-06T11:05:05Z</time>
    <extensions>
     <gpxdata:hr>140</gpxdata:hr>
     <gpxdata:distance>16919.50</gpxdata:distance>
     <gpxdata:speed>7.908</gpxdata:speed>
    </extensions>
   </trkpt>
   <trkpt lat="51.0462610" lon="13.8146711">
    <ele>109</ele>
    <time>2026-06-06T11:05:06Z</time>
    <extensions>
     <gpxdata:hr>140</gpxdata:hr>
     <gpxdata:distance>16927.00</gpxdata:distance>
     <gpxdata:speed>7.631</gpxdata:speed>
    </extensions>
   </trkpt>
   <trkpt lat="51.0463139" lon="13.8146334">
    <ele>109</ele>
    <time>2026-06-06T11:05:07Z</time>
    <extensions>
     <gpxdata:hr>141</gpxdata:hr>
     <gpxdata:distance>16933.00</gpxdata:distance>
     <gpxdata:speed>7.206</gpxdata:speed>
    </extensions>
   </trkpt>
   <trkpt lat="51.0463611" lon="13.8145993">
    <ele>110</ele>
    <time>2026-06-06T11:05:08Z</time>
    <extensions>
     <gpxdata:hr>139</gpxdata:hr>
     <gpxdata:distance>16939.00</gpxdata:distance>
     <gpxdata:speed>6.569</gpxdata:speed>
    </extensions>
   </trkpt>
   <trkpt lat="51.0463931" lon="13.8145772">
    <ele>110</ele>
    <time>2026-06-06T11:05:09Z</time>
    <extensions>
     <gpxdata:hr>137</gpxdata:hr>
     <gpxdata:distance>16944.50</gpxdata:distance>
     <gpxdata:speed>5.953</gpxdata:speed>
    </extensions>
   </trkpt>
   <trkpt lat="51.0464328" lon="13.8145500">
    <ele>110</ele>
    <time>2026-06-06T11:05:10Z</time>
    <extensions>
     <gpxdata:hr>136</gpxdata:hr>
     <gpxdata:distance>16950.00</gpxdata:distance>
     <gpxdata:speed>5.592</gpxdata:speed>
    </extensions>
   </trkpt>
   <trkpt lat="51.0464744" lon="13.8145196">
    <ele>110</ele>
    <time>2026-06-06T11:05:11Z</time>
    <extensions>
     <gpxdata:hr>135</gpxdata:hr>
     <gpxdata:distance>16955.00</gpxdata:distance>
     <gpxdata:speed>5.400</gpxdata:speed>
    </extensions>
   </trkpt>
   <trkpt lat="51.0465180" lon="13.8144859">
    <ele>109</ele>
    <time>2026-06-06T11:05:12Z</time>
    <extensions>
     <gpxdata:hr>134</gpxdata:hr>
     <gpxdata:distance>16960.00</gpxdata:distance>
     <gpxdata:speed>5.353</gpxdata:speed>
    </extensions>
   </trkpt>
   <trkpt lat="51.0465646" lon="13.8144488">
    <ele>109</ele>
    <time>2026-06-06T11:05:13Z</time>
    <extensions>
     <gpxdata:hr>134</gpxdata:hr>
     <gpxdata:distance>16966.50</gpxdata:distance>
     <gpxdata:speed>5.544</gpxdata:speed>
    </extensions>
   </trkpt>
   <trkpt lat="51.0466148" lon="13.8144085">
    <ele>109</ele>
    <time>2026-06-06T11:05:14Z</time>
    <extensions>
     <gpxdata:hr>132</gpxdata:hr>
     <gpxdata:distance>16973.00</gpxdata:distance>
     <gpxdata:speed>5.911</gpxdata:speed>
    </extensions>
   </trkpt>
   <trkpt lat="51.0466852" lon="13.8143512">
    <ele>109</ele>
    <time>2026-06-06T11:05:15Z</time>
    <extensions>
     <gpxdata:hr>132</gpxdata:hr>
     <gpxdata:distance>16979.50</gpxdata:distance>
     <gpxdata:speed>6.128</gpxdata:speed>
    </extensions>
   </trkpt>
   <trkpt lat="51.0467423" lon="13.8143037">
    <ele>109</ele>
    <time>2026-06-06T11:05:16Z</time>
    <extensions>
     <gpxdata:hr>132</gpxdata:hr>
     <gpxdata:distance>16986.00</gpxdata:distance>
     <gpxdata:speed>6.331</gpxdata:speed>
    </extensions>
   </trkpt>
   <trkpt lat="51.0467989" lon="13.8142569">
    <ele>109</ele>
    <time>2026-06-06T11:05:17Z</time>
    <extensions>
     <gpxdata:hr>131</gpxdata:hr>
     <gpxdata:distance>16993.00</gpxdata:distance>
     <gpxdata:speed>6.525</gpxdata:speed>
    </extensions>
   </trkpt>
   <trkpt lat="51.0468551" lon="13.8142097">
    <ele>109</ele>
    <time>2026-06-06T11:05:18Z</time>
    <extensions>
     <gpxdata:hr>132</gpxdata:hr>
     <gpxdata:distance>17000.00</gpxdata:distance>
     <gpxdata:speed>6.919</gpxdata:speed>
    </extensions>
   </trkpt>
   <trkpt lat="51.0469115" lon="13.8141613">
    <ele>110</ele>
    <time>2026-06-06T11:05:19Z</time>
    <extensions>
     <gpxdata:hr>133</gpxdata:hr>
     <gpxdata:distance>17007.50</gpxdata:distance>
     <gpxdata:speed>6.978</gpxdata:speed>
    </extensions>
   </trkpt>
   <trkpt lat="51.0469683" lon="13.8141110">
    <ele>110</ele>
    <time>2026-06-06T11:05:20Z</time>
    <extensions>
     <gpxdata:hr>135</gpxdata:hr>
     <gpxdata:distance>17015.00</gpxdata:distance>
     <gpxdata:speed>7.078</gpxdata:speed>
    </extensions>
   </trkpt>
   <trkpt lat="51.0470254" lon="13.8140594">
    <ele>110</ele>
    <time>2026-06-06T11:05:21Z</time>
    <extensions>
     <gpxdata:hr>135</gpxdata:hr>
     <gpxdata:distance>17022.00</gpxdata:distance>
     <gpxdata:speed>7.206</gpxdata:speed>
    </extensions>
   </trkpt>
   <trkpt lat="51.0470829" lon="13.8140069">
    <ele>110</ele>
    <time>2026-06-06T11:05:22Z</time>
    <extensions>
     <gpxdata:hr>136</gpxdata:hr>
     <gpxdata:distance>17029.00</gpxdata:distance>
     <gpxdata:speed>7.267</gpxdata:speed>
    </extensions>
   </trkpt>
   <trkpt lat="51.0471408" lon="13.8139535">
    <ele>110</ele>
    <time>2026-06-06T11:05:23Z</time>
    <extensions>
     <gpxdata:hr>136</gpxdata:hr>
     <gpxdata:distance>17036.50</gpxdata:distance>
     <gpxdata:speed>7.347</gpxdata:speed>
    </extensions>
   </trkpt>
   <trkpt lat="51.0471992" lon="13.8139004">
    <ele>110</ele>
    <time>2026-06-06T11:05:24Z</time>
    <extensions>
     <gpxdata:hr>137</gpxdata:hr>
     <gpxdata:distance>17044.00</gpxdata:distance>
     <gpxdata:speed>7.417</gpxdata:speed>
    </extensions>
   </trkpt>
   <trkpt lat="51.0472588" lon="13.8138482">
    <ele>110</ele>
    <time>2026-06-06T11:05:25Z</time>
    <extensions>
     <gpxdata:hr>137</gpxdata:hr>
     <gpxdata:distance>17051.50</gpxdata:distance>
     <gpxdata:speed>7.461</gpxdata:speed>
    </extensions>
   </trkpt>
   <trkpt lat="51.0473195" lon="13.8137960">
    <ele>110</ele>
    <time>2026-06-06T11:05:26Z</time>
    <extensions>
     <gpxdata:hr>137</gpxdata:hr>
     <gpxdata:distance>17059.00</gpxdata:distance>
     <gpxdata:speed>7.514</gpxdata:speed>
    </extensions>
   </trkpt>
   <trkpt lat="51.0473806" lon="13.8137434">
    <ele>110</ele>
    <time>2026-06-06T11:05:27Z</time>
    <extensions>
     <gpxdata:hr>136</gpxdata:hr>
     <gpxdata:distance>17067.00</gpxdata:distance>
     <gpxdata:speed>7.589</gpxdata:speed>
    </extensions>
   </trkpt>
   <trkpt lat="51.0474414" lon="13.8136911">
    <ele>110</ele>
    <time>2026-06-06T11:05:28Z</time>
    <extensions>
     <gpxdata:hr>135</gpxdata:hr>
     <gpxdata:distance>17075.00</gpxdata:distance>
     <gpxdata:speed>7.644</gpxdata:speed>
    </extensions>
   </trkpt>
   <trkpt lat="51.0475019" lon="13.8136393">
    <ele>110</ele>
    <time>2026-06-06T11:05:29Z</time>
    <extensions>
     <gpxdata:hr>136</gpxdata:hr>
     <gpxdata:distance>17082.50</gpxdata:distance>
     <gpxdata:speed>7.664</gpxdata:speed>
    </extensions>
   </trkpt>
   <trkpt lat="51.0475617" lon="13.8135871">
    <ele>110</ele>
    <time>2026-06-06T11:05:30Z</time>
    <extensions>
     <gpxdata:hr>137</gpxdata:hr>
     <gpxdata:distance>17090.00</gpxdata:distance>
     <gpxdata:speed>7.658</gpxdata:speed>
    </extensions>
   </trkpt>
   <trkpt lat="51.0476216" lon="13.8135335">
    <ele>110</ele>
    <time>2026-06-06T11:05:31Z</time>
    <extensions>
     <gpxdata:hr>138</gpxdata:hr>
     <gpxdata:distance>17097.50</gpxdata:distance>
     <gpxdata:speed>7.636</gpxdata:speed>
    </extensions>
   </trkpt>
   <trkpt lat="51.0476821" lon="13.8134787">
    <ele>110</ele>
    <time>2026-06-06T11:05:32Z</time>
    <extensions>
     <gpxdata:hr>138</gpxdata:hr>
     <gpxdata:distance>17105.00</gpxdata:distance>
     <gpxdata:speed>7.658</gpxdata:speed>
    </extensions>
   </trkpt>
   <trkpt lat="51.0477439" lon="13.8134247">
    <ele>110</ele>
    <time>2026-06-06T11:05:33Z</time>
    <extensions>
     <gpxdata:hr>139</gpxdata:hr>
     <gpxdata:distance>17113.00</gpxdata:distance>
     <gpxdata:speed>7.703</gpxdata:speed>
    </extensions>
   </trkpt>
   <trkpt lat="51.0478064" lon="13.8133713">
    <ele>110</ele>
    <time>2026-06-06T11:05:34Z</time>
    <extensions>
     <gpxdata:hr>140</gpxdata:hr>
     <gpxdata:distance>17121.00</gpxdata:distance>
     <gpxdata:speed>7.761</gpxdata:speed>
    </extensions>
   </trkpt>
   <trkpt lat="51.0478692" lon="13.8133172">
    <ele>110</ele>
    <time>2026-06-06T11:05:35Z</time>
    <extensions>
     <gpxdata:hr>140</gpxdata:hr>
     <gpxdata:distance>17129.00</gpxdata:distance>
     <gpxdata:speed>7.817</gpxdata:speed>
    </extensions>
   </trkpt>
   <trkpt lat="51.0479319" lon="13.8132619">
    <ele>110</ele>
    <time>2026-06-06T11:05:36Z</time>
    <extensions>
     <gpxdata:hr>140</gpxdata:hr>
     <gpxdata:distance>17137.00</gpxdata:distance>
     <gpxdata:speed>7.864</gpxdata:speed>
    </extensions>
   </trkpt>
   <trkpt lat="51.0479948" lon="13.8132062">
    <ele>110</ele>
    <time>2026-06-06T11:05:37Z</time>
    <extensions>
     <gpxdata:hr>140</gpxdata:hr>
     <gpxdata:distance>17145.00</gpxdata:distance>
     <gpxdata:speed>7.906</gpxdata:speed>
    </extensions>
   </trkpt>
   <trkpt lat="51.0480582" lon="13.8131517">
    <ele>110</ele>
    <time>2026-06-06T11:05:38Z</time>
    <extensions>
     <gpxdata:hr>141</gpxdata:hr>
     <gpxdata:distance>17153.00</gpxdata:distance>
     <gpxdata:speed>7.944</gpxdata:speed>
    </extensions>
   </trkpt>
   <trkpt lat="51.0481220" lon="13.8130983">
    <ele>110</ele>
    <time>2026-06-06T11:05:39Z</time>
    <extensions>
     <gpxdata:hr>141</gpxdata:hr>
     <gpxdata:distance>17161.00</gpxdata:distance>
     <gpxdata:speed>7.969</gpxdata:speed>
    </extensions>
   </trkpt>
   <trkpt lat="51.0481859" lon="13.8130457">
    <ele>110</ele>
    <time>2026-06-06T11:05:40Z</time>
    <extensions>
     <gpxdata:hr>140</gpxdata:hr>
     <gpxdata:distance>17169.00</gpxdata:distance>
     <gpxdata:speed>7.992</gpxdata:speed>
    </extensions>
   </trkpt>
   <trkpt lat="51.0482497" lon="13.8129941">
    <ele>110</ele>
    <time>2026-06-06T11:05:41Z</time>
    <extensions>
     <gpxdata:hr>141</gpxdata:hr>
     <gpxdata:distance>17177.00</gpxdata:distance>
     <gpxdata:speed>7.997</gpxdata:speed>
    </extensions>
   </trkpt>
   <trkpt lat="51.0483131" lon="13.8129418">
    <ele>110</ele>
    <time>2026-06-06T11:05:42Z</time>
    <extensions>
     <gpxdata:hr>142</gpxdata:hr>
     <gpxdata:distance>17185.00</gpxdata:distance>
     <gpxdata:speed>7.986</gpxdata:speed>
    </extensions>
   </trkpt>
   <trkpt lat="51.0483766" lon="13.8128872">
    <ele>110</ele>
    <time>2026-06-06T11:05:43Z</time>
    <extensions>
     <gpxdata:hr>143</gpxdata:hr>
     <gpxdata:distance>17193.00</gpxdata:distance>
     <gpxdata:speed>7.975</gpxdata:speed>
    </extensions>
   </trkpt>
   <trkpt lat="51.0484419" lon="13.8128302">
    <ele>111</ele>
    <time>2026-06-06T11:05:44Z</time>
    <extensions>
     <gpxdata:hr>143</gpxdata:hr>
     <gpxdata:distance>17201.00</gpxdata:distance>
     <gpxdata:speed>8.006</gpxdata:speed>
    </extensions>
   </trkpt>
   <trkpt lat="51.0485087" lon="13.8127720">
    <ele>110</ele>
    <time>2026-06-06T11:05:45Z</time>
    <extensions>
     <gpxdata:hr>142</gpxdata:hr>
     <gpxdata:distance>17209.50</gpxdata:distance>
     <gpxdata:speed>8.125</gpxdata:speed>
    </extensions>
   </trkpt>
   <trkpt lat="51.0485771" lon="13.8127132">
    <ele>110</ele>
    <time>2026-06-06T11:05:46Z</time>
    <extensions>
     <gpxdata:hr>142</gpxdata:hr>
     <gpxdata:distance>17218.00</gpxdata:distance>
     <gpxdata:speed>8.253</gpxdata:speed>
    </extensions>
   </trkpt>
   <trkpt lat="51.0486467" lon="13.8126559">
    <ele>110</ele>
    <time>2026-06-06T11:05:47Z</time>
    <extensions>
     <gpxdata:hr>142</gpxdata:hr>
     <gpxdata:distance>17227.00</gpxdata:distance>
     <gpxdata:speed>8.392</gpxdata:speed>
    </extensions>
   </trkpt>
   <trkpt lat="51.0487176" lon="13.8126000">
    <ele>109</ele>
    <time>2026-06-06T11:05:48Z</time>
    <extensions>
     <gpxdata:hr>141</gpxdata:hr>
     <gpxdata:distance>17236.00</gpxdata:distance>
     <gpxdata:speed>8.508</gpxdata:speed>
    </extensions>
   </trkpt>
   <trkpt lat="51.0487887" lon="13.8125458">
    <ele>109</ele>
    <time>2026-06-06T11:05:49Z</time>
    <extensions>
     <gpxdata:hr>141</gpxdata:hr>
     <gpxdata:distance>17244.50</gpxdata:distance>
     <gpxdata:speed>8.667</gpxdata:speed>
    </extensions>
   </trkpt>
   <trkpt lat="51.0488595" lon="13.8124922">
    <ele>109</ele>
    <time>2026-06-06T11:05:50Z</time>
    <extensions>
     <gpxdata:hr>141</gpxdata:hr>
     <gpxdata:distance>17253.00</gpxdata:distance>
     <gpxdata:speed>8.717</gpxdata:speed>
    </extensions>
   </trkpt>
   <trkpt lat="51.0489290" lon="13.8124368">
    <ele>108</ele>
    <time>2026-06-06T11:05:51Z</time>
    <extensions>
     <gpxdata:hr>142</gpxdata:hr>
     <gpxdata:distance>17261.50</gpxdata:distance>
     <gpxdata:speed>8.708</gpxdata:speed>
    </extensions>
   </trkpt>
   <trkpt lat="51.0489964" lon="13.8123781">
    <ele>108</ele>
    <time>2026-06-06T11:05:52Z</time>
    <extensions>
     <gpxdata:hr>142</gpxdata:hr>
     <gpxdata:distance>17270.00</gpxdata:distance>
     <gpxdata:speed>8.672</gpxdata:speed>
    </extensions>
   </trkpt>
   <trkpt lat="51.0490624" lon="13.8123175">
    <ele>108</ele>
    <time>2026-06-06T11:05:53Z</time>
    <extensions>
     <gpxdata:hr>142</gpxdata:hr>
     <gpxdata:distance>17278.50</gpxdata:distance>
     <gpxdata:speed>8.603</gpxdata:speed>
    </extensions>
   </trkpt>
   <trkpt lat="51.0491286" lon="13.8122578">
    <ele>108</ele>
    <time>2026-06-06T11:05:54Z</time>
    <extensions>
     <gpxdata:hr>142</gpxdata:hr>
     <gpxdata:distance>17287.00</gpxdata:distance>
     <gpxdata:speed>8.567</gpxdata:speed>
    </extensions>
   </trkpt>
   <trkpt lat="51.0491963" lon="13.8122011">
    <ele>108</ele>
    <time>2026-06-06T11:05:55Z</time>
    <extensions>
     <gpxdata:hr>142</gpxdata:hr>
     <gpxdata:distance>17295.50</gpxdata:distance>
     <gpxdata:speed>8.539</gpxdata:speed>
    </extensions>
   </trkpt>
   <trkpt lat="51.0492656" lon="13.8121473">
    <ele>108</ele>
    <time>2026-06-06T11:05:56Z</time>
    <extensions>
     <gpxdata:hr>141</gpxdata:hr>
     <gpxdata:distance>17304.00</gpxdata:distance>
     <gpxdata:speed>8.544</gpxdata:speed>
    </extensions>
   </trkpt>
   <trkpt lat="51.0493357" lon="13.8120941">
    <ele>108</ele>
    <time>2026-06-06T11:05:57Z</time>
    <extensions>
     <gpxdata:hr>141</gpxdata:hr>
     <gpxdata:distance>17313.00</gpxdata:distance>
     <gpxdata:speed>8.561</gpxdata:speed>
    </extensions>
   </trkpt>
   <trkpt lat="51.0494060" lon="13.8120405">
    <ele>108</ele>
    <time>2026-06-06T11:05:58Z</time>
    <extensions>
     <gpxdata:hr>142</gpxdata:hr>
     <gpxdata:distance>17322.00</gpxdata:distance>
     <gpxdata:speed>8.594</gpxdata:speed>
    </extensions>
   </trkpt>
   <trkpt lat="51.0494758" lon="13.8119857">
    <ele>108</ele>
    <time>2026-06-06T11:05:59Z</time>
    <extensions>
     <gpxdata:hr>141</gpxdata:hr>
     <gpxdata:distance>17330.50</gpxdata:distance>
     <gpxdata:speed>8.619</gpxdata:speed>
    </extensions>
   </trkpt>
   <trkpt lat="51.0495444" lon="13.8119297">
    <ele>108</ele>
    <time>2026-06-06T11:06:00Z</time>
    <extensions>
     <gpxdata:hr>141</gpxdata:hr>
     <gpxdata:distance>17339.00</gpxdata:distance>
     <gpxdata:speed>8.631</gpxdata:speed>
    </extensions>
   </trkpt>
   <trkpt lat="51.0496122" lon="13.8118720">
    <ele>108</ele>
    <time>2026-06-06T11:06:01Z</time>
    <extensions>
     <gpxdata:hr>141</gpxdata:hr>
     <gpxdata:distance>17347.50</gpxdata:distance>
     <gpxdata:speed>8.608</gpxdata:speed>
    </extensions>
   </trkpt>
   <trkpt lat="51.0496794" lon="13.8118129">
    <ele>108</ele>
    <time>2026-06-06T11:06:02Z</time>
    <extensions>
     <gpxdata:hr>141</gpxdata:hr>
     <gpxdata:distance>17356.00</gpxdata:distance>
     <gpxdata:speed>8.592</gpxdata:speed>
    </extensions>
   </trkpt>
   <trkpt lat="51.0497470" lon="13.8117536">
    <ele>108</ele>
    <time>2026-06-06T11:06:03Z</time>
    <extensions>
     <gpxdata:hr>141</gpxdata:hr>
     <gpxdata:distance>17364.50</gpxdata:distance>
     <gpxdata:speed>8.581</gpxdata:speed>
    </extensions>
   </trkpt>
   <trkpt lat="51.0498149" lon="13.8116955">
    <ele>108</ele>
    <time>2026-06-06T11:06:04Z</time>
    <extensions>
     <gpxdata:hr>141</gpxdata:hr>
     <gpxdata:distance>17373.00</gpxdata:distance>
     <gpxdata:speed>8.589</gpxdata:speed>
    </extensions>
   </trkpt>
   <trkpt lat="51.0498832" lon="13.8116391">
    <ele>108</ele>
    <time>2026-06-06T11:06:05Z</time>
    <extensions>
     <gpxdata:hr>141</gpxdata:hr>
     <gpxdata:distance>17381.50</gpxdata:distance>
     <gpxdata:speed>8.589</gpxdata:speed>
    </extensions>
   </trkpt>
   <trkpt lat="51.0499520" lon="13.8115831">
    <ele>108</ele>
    <time>2026-06-06T11:06:06Z</time>
    <extensions>
     <gpxdata:hr>141</gpxdata:hr>
     <gpxdata:distance>17390.00</gpxdata:distance>
     <gpxdata:speed>8.583</gpxdata:speed>
    </extensions>
   </trkpt>
   <trkpt lat="51.0500211" lon="13.8115256">
    <ele>108</ele>
    <time>2026-06-06T11:06:07Z</time>
    <extensions>
     <gpxdata:hr>141</gpxdata:hr>
     <gpxdata:distance>17399.00</gpxdata:distance>
     <gpxdata:speed>8.592</gpxdata:speed>
    </extensions>
   </trkpt>
   <trkpt lat="51.0500896" lon="13.8114659">
    <ele>108</ele>
    <time>2026-06-06T11:06:08Z</time>
    <extensions>
     <gpxdata:hr>141</gpxdata:hr>
     <gpxdata:distance>17408.00</gpxdata:distance>
     <gpxdata:speed>8.633</gpxdata:speed>
    </extensions>
   </trkpt>
   <trkpt lat="51.0501575" lon="13.8114044">
    <ele>108</ele>
    <time>2026-06-06T11:06:09Z</time>
    <extensions>
     <gpxdata:hr>140</gpxdata:hr>
     <gpxdata:distance>17416.50</gpxdata:distance>
     <gpxdata:speed>8.647</gpxdata:speed>
    </extensions>
   </trkpt>
   <trkpt lat="51.0502259" lon="13.8113418">
    <ele>108</ele>
    <time>2026-06-06T11:06:10Z</time>
    <extensions>
     <gpxdata:hr>140</gpxdata:hr>
     <gpxdata:distance>17425.00</gpxdata:distance>
     <gpxdata:speed>8.664</gpxdata:speed>
    </extensions>
   </trkpt>
   <trkpt lat="51.0502945" lon="13.8112785">
    <ele>108</ele>
    <time>2026-06-06T11:06:11Z</time>
    <extensions>
     <gpxdata:hr>140</gpxdata:hr>
     <gpxdata:distance>17434.00</gpxdata:distance>
     <gpxdata:speed>8.708</gpxdata:speed>
    </extensions>
   </trkpt>
   <trkpt lat="51.0503632" lon="13.8112147">
    <ele>108</ele>
    <time>2026-06-06T11:06:12Z</time>
    <extensions>
     <gpxdata:hr>140</gpxdata:hr>
     <gpxdata:distance>17443.00</gpxdata:distance>
     <gpxdata:speed>8.750</gpxdata:speed>
    </extensions>
   </trkpt>
   <trkpt lat="51.0504314" lon="13.8111504">
    <ele>108</ele>
    <time>2026-06-06T11:06:13Z</time>
    <extensions>
     <gpxdata:hr>139</gpxdata:hr>
     <gpxdata:distance>17452.00</gpxdata:distance>
     <gpxdata:speed>8.783</gpxdata:speed>
    </extensions>
   </trkpt>
   <trkpt lat="51.0504991" lon="13.8110861">
    <ele>108</ele>
    <time>2026-06-06T11:06:14Z</time>
    <extensions>
     <gpxdata:hr>139</gpxdata:hr>
     <gpxdata:distance>17461.00</gpxdata:distance>
     <gpxdata:speed>8.792</gpxdata:speed>
    </extensions>
   </trkpt>
   <trkpt lat="51.0505665" lon="13.8110221">
    <ele>108</ele>
    <time>2026-06-06T11:06:15Z</time>
    <extensions>
     <gpxdata:hr>139</gpxdata:hr>
     <gpxdata:distance>17469.50</gpxdata:distance>
     <gpxdata:speed>8.783</gpxdata:speed>
    </extensions>
   </trkpt>
   <trkpt lat="51.0506335" lon="13.8109576">
    <ele>108</ele>
    <time>2026-06-06T11:06:16Z</time>
    <extensions>
     <gpxdata:hr>139</gpxdata:hr>
     <gpxdata:distance>17478.00</gpxdata:distance>
     <gpxdata:speed>8.769</gpxdata:speed>
    </extensions>
   </trkpt>
   <trkpt lat="51.0507005" lon="13.8108933">
    <ele>108</ele>
    <time>2026-06-06T11:06:17Z</time>
    <extensions>
     <gpxdata:hr>138</gpxdata:hr>
     <gpxdata:distance>17486.50</gpxdata:distance>
     <gpxdata:speed>8.750</gpxdata:speed>
    </extensions>
   </trkpt>
   <trkpt lat="51.0507675" lon="13.8108286">
    <ele>108</ele>
    <time>2026-06-06T11:06:18Z</time>
    <extensions>
     <gpxdata:hr>138</gpxdata:hr>
     <gpxdata:distance>17495.00</gpxdata:distance>
     <gpxdata:speed>8.742</gpxdata:speed>
    </extensions>
   </trkpt>
   <trkpt lat="51.0508325" lon="13.8107619">
    <ele>108</ele>
    <time>2026-06-06T11:06:19Z</time>
    <extensions>
     <gpxdata:hr>137</gpxdata:hr>
     <gpxdata:distance>17504.00</gpxdata:distance>
     <gpxdata:speed>8.733</gpxdata:speed>
    </extensions>
   </trkpt>
   <trkpt lat="51.0508963" lon="13.8106943">
    <ele>108</ele>
    <time>2026-06-06T11:06:20Z</time>
    <extensions>
     <gpxdata:hr>137</gpxdata:hr>
     <gpxdata:distance>17513.00</gpxdata:distance>
     <gpxdata:speed>8.686</gpxdata:speed>
    </extensions>
   </trkpt>
   <trkpt lat="51.0509589" lon="13.8106276">
    <ele>108</ele>
    <time>2026-06-06T11:06:21Z</time>
    <extensions>
     <gpxdata:hr>136</gpxdata:hr>
     <gpxdata:distance>17521.00</gpxdata:distance>
     <gpxdata:speed>8.631</gpxdata:speed>
    </extensions>
   </trkpt>
   <trkpt lat="51.0510211" lon="13.8105625">
    <ele>108</ele>
    <time>2026-06-06T11:06:22Z</time>
    <extensions>
     <gpxdata:hr>135</gpxdata:hr>
     <gpxdata:distance>17529.00</gpxdata:distance>
     <gpxdata:speed>8.539</gpxdata:speed>
    </extensions>
   </trkpt>
   <trkpt lat="51.0510835" lon="13.8104995">
    <ele>108</ele>
    <time>2026-06-06T11:06:23Z</time>
    <extensions>
     <gpxdata:hr>133</gpxdata:hr>
     <gpxdata:distance>17537.50</gpxdata:distance>
     <gpxdata:speed>8.453</gpxdata:speed>
    </extensions>
   </trkpt>
   <trkpt lat="51.0511449" lon="13.8104395">
    <ele>108</ele>
    <time>2026-06-06T11:06:24Z</time>
    <extensions>
     <gpxdata:hr>134</gpxdata:hr>
     <gpxdata:distance>17546.00</gpxdata:distance>
     <gpxdata:speed>8.375</gpxdata:speed>
    </extensions>
   </trkpt>
   <trkpt lat="51.0512051" lon="13.8103836">
    <ele>108</ele>
    <time>2026-06-06T11:06:25Z</time>
    <extensions>
     <gpxdata:hr>135</gpxdata:hr>
     <gpxdata:distance>17553.50</gpxdata:distance>
     <gpxdata:speed>8.239</gpxdata:speed>
    </extensions>
   </trkpt>
   <trkpt lat="51.0512642" lon="13.8103317">
    <ele>108</ele>
    <time>2026-06-06T11:06:26Z</time>
    <extensions>
     <gpxdata:hr>136</gpxdata:hr>
     <gpxdata:distance>17561.00</gpxdata:distance>
     <gpxdata:speed>7.842</gpxdata:speed>
    </extensions>
   </trkpt>
   <trkpt lat="51.0513224" lon="13.8102819">
    <ele>108</ele>
    <time>2026-06-06T11:06:27Z</time>
    <extensions>
     <gpxdata:hr>137</gpxdata:hr>
     <gpxdata:distance>17568.50</gpxdata:distance>
     <gpxdata:speed>7.583</gpxdata:speed>
    </extensions>
   </trkpt>
   <trkpt lat="51.0513796" lon="13.8102318">
    <ele>108</ele>
    <time>2026-06-06T11:06:28Z</time>
    <extensions>
     <gpxdata:hr>136</gpxdata:hr>
     <gpxdata:distance>17576.00</gpxdata:distance>
     <gpxdata:speed>7.453</gpxdata:speed>
    </extensions>
   </trkpt>
   <trkpt lat="51.0514360" lon="13.8101812">
    <ele>108</ele>
    <time>2026-06-06T11:06:29Z</time>
    <extensions>
     <gpxdata:hr>135</gpxdata:hr>
     <gpxdata:distance>17583.00</gpxdata:distance>
     <gpxdata:speed>7.344</gpxdata:speed>
    </extensions>
   </trkpt>
   <trkpt lat="51.0514931" lon="13.8101301">
    <ele>108</ele>
    <time>2026-06-06T11:06:30Z</time>
    <extensions>
     <gpxdata:hr>134</gpxdata:hr>
     <gpxdata:distance>17590.00</gpxdata:distance>
     <gpxdata:speed>7.272</gpxdata:speed>
    </extensions>
   </trkpt>
   <trkpt lat="51.0515504" lon="13.8100785">
    <ele>109</ele>
    <time>2026-06-06T11:06:31Z</time>
    <extensions>
     <gpxdata:hr>133</gpxdata:hr>
     <gpxdata:distance>17597.50</gpxdata:distance>
     <gpxdata:speed>7.350</gpxdata:speed>
    </extensions>
   </trkpt>
   <trkpt lat="51.0516071" lon="13.8100270">
    <ele>109</ele>
    <time>2026-06-06T11:06:32Z</time>
    <extensions>
     <gpxdata:hr>132</gpxdata:hr>
     <gpxdata:distance>17605.00</gpxdata:distance>
     <gpxdata:speed>7.336</gpxdata:speed>
    </extensions>
   </trkpt>
   <trkpt lat="51.0516628" lon="13.8099760">
    <ele>109</ele>
    <time>2026-06-06T11:06:33Z</time>
    <extensions>
     <gpxdata:hr>133</gpxdata:hr>
     <gpxdata:distance>17612.00</gpxdata:distance>
     <gpxdata:speed>7.267</gpxdata:speed>
    </extensions>
   </trkpt>
   <trkpt lat="51.0517173" lon="13.8099235">
    <ele>109</ele>
    <time>2026-06-06T11:06:34Z</time>
    <extensions>
     <gpxdata:hr>133</gpxdata:hr>
     <gpxdata:distance>17619.00</gpxdata:distance>
     <gpxdata:speed>7.167</gpxdata:speed>
    </extensions>
   </trkpt>
   <trkpt lat="51.0517705" lon="13.8098693">
    <ele>109</ele>
    <time>2026-06-06T11:06:35Z</time>
    <extensions>
     <gpxdata:hr>133</gpxdata:hr>
     <gpxdata:distance>17626.00</gpxdata:distance>
     <gpxdata:speed>7.117</gpxdata:speed>
    </extensions>
   </trkpt>
   <trkpt lat="51.0518225" lon="13.8098148">
    <ele>109</ele>
    <time>2026-06-06T11:06:36Z</time>
    <extensions>
     <gpxdata:hr>133</gpxdata:hr>
     <gpxdata:distance>17633.00</gpxdata:distance>
     <gpxdata:speed>7.075</gpxdata:speed>
    </extensions>
   </trkpt>
   <trkpt lat="51.0518742" lon="13.8097642">
    <ele>109</ele>
    <time>2026-06-06T11:06:37Z</time>
    <extensions>
     <gpxdata:hr>133</gpxdata:hr>
     <gpxdata:distance>17640.00</gpxdata:distance>
     <gpxdata:speed>7.014</gpxdata:speed>
    </extensions>
   </trkpt>
   <trkpt lat="51.0519273" lon="13.8097225">
    <ele>109</ele>
    <time>2026-06-06T11:06:38Z</time>
    <extensions>
     <gpxdata:hr>133</gpxdata:hr>
     <gpxdata:distance>17647.00</gpxdata:distance>
     <gpxdata:speed>6.914</gpxdata:speed>
    </extensions>
   </trkpt>
   <trkpt lat="51.0519815" lon="13.8096933">
    <ele>109</ele>
    <time>2026-06-06T11:06:39Z</time>
    <extensions>
     <gpxdata:hr>132</gpxdata:hr>
     <gpxdata:distance>17653.50</gpxdata:distance>
     <gpxdata:speed>6.803</gpxdata:speed>
    </extensions>
   </trkpt>
   <trkpt lat="51.0520361" lon="13.8096704">
    <ele>109</ele>
    <time>2026-06-06T11:06:40Z</time>
    <extensions>
     <gpxdata:hr>131</gpxdata:hr>
     <gpxdata:distance>17660.00</gpxdata:distance>
     <gpxdata:speed>6.653</gpxdata:speed>
    </extensions>
   </trkpt>
   <trkpt lat="51.0520905" lon="13.8096436">
    <ele>109</ele>
    <time>2026-06-06T11:06:41Z</time>
    <extensions>
     <gpxdata:hr>130</gpxdata:hr>
     <gpxdata:distance>17666.00</gpxdata:distance>
     <gpxdata:speed>6.425</gpxdata:speed>
    </extensions>
   </trkpt>
   <trkpt lat="51.0521455" lon="13.8096068">
    <ele>109</ele>
    <time>2026-06-06T11:06:42Z</time>
    <extensions>
     <gpxdata:hr>130</gpxdata:hr>
     <gpxdata:distance>17672.00</gpxdata:distance>
     <gpxdata:speed>6.419</gpxdata:speed>
    </extensions>
   </trkpt>
   <trkpt lat="51.0522006" lon="13.8095584">
    <ele>109</ele>
    <time>2026-06-06T11:06:43Z</time>
    <extensions>
     <gpxdata:hr>129</gpxdata:hr>
     <gpxdata:distance>17679.50</gpxdata:distance>
     <gpxdata:speed>6.600</gpxdata:speed>
    </extensions>
   </trkpt>
   <trkpt lat="51.0522524" lon="13.8095042">
    <ele>109</ele>
    <time>2026-06-06T11:06:44Z</time>
    <extensions>
     <gpxdata:hr>128</gpxdata:hr>
     <gpxdata:distance>17687.00</gpxdata:distance>
     <gpxdata:speed>6.792</gpxdata:speed>
    </extensions>
   </trkpt>
   <trkpt lat="51.0522994" lon="13.8094505">
    <ele>108</ele>
    <time>2026-06-06T11:06:45Z</time>
    <extensions>
     <gpxdata:hr>128</gpxdata:hr>
     <gpxdata:distance>17693.00</gpxdata:distance>
     <gpxdata:speed>6.797</gpxdata:speed>
    </extensions>
   </trkpt>
   <trkpt lat="51.0523429" lon="13.8093990">
    <ele>108</ele>
    <time>2026-06-06T11:06:46Z</time>
    <extensions>
     <gpxdata:hr>128</gpxdata:hr>
     <gpxdata:distance>17699.00</gpxdata:distance>
     <gpxdata:speed>6.411</gpxdata:speed>
    </extensions>
   </trkpt>
   <trkpt lat="51.0523849" lon="13.8093490">
    <ele>108</ele>
    <time>2026-06-06T11:06:47Z</time>
    <extensions>
     <gpxdata:hr>127</gpxdata:hr>
     <gpxdata:distance>17705.00</gpxdata:distance>
     <gpxdata:speed>6.208</gpxdata:speed>
    </extensions>
   </trkpt>
   <trkpt lat="51.0524260" lon="13.8092994">
    <ele>108</ele>
    <time>2026-06-06T11:06:48Z</time>
    <extensions>
     <gpxdata:hr>126</gpxdata:hr>
     <gpxdata:distance>17711.00</gpxdata:distance>
     <gpxdata:speed>6.022</gpxdata:speed>
    </extensions>
   </trkpt>
   <trkpt lat="51.0524557" lon="13.8092637">
    <ele>108</ele>
    <time>2026-06-06T11:06:49Z</time>
    <extensions>
     <gpxdata:hr>127</gpxdata:hr>
     <gpxdata:distance>17716.50</gpxdata:distance>
     <gpxdata:speed>5.875</gpxdata:speed>
    </extensions>
   </trkpt>
   <trkpt lat="51.0524944" lon="13.8092193">
    <ele>108</ele>
    <time>2026-06-06T11:06:50Z</time>
    <extensions>
     <gpxdata:hr>127</gpxdata:hr>
     <gpxdata:distance>17722.00</gpxdata:distance>
     <gpxdata:speed>5.811</gpxdata:speed>
    </extensions>
   </trkpt>
   <trkpt lat="51.0525363" lon="13.8091719">
    <ele>108</ele>
    <time>2026-06-06T11:06:51Z</time>
    <extensions>
     <gpxdata:hr>127</gpxdata:hr>
     <gpxdata:distance>17728.00</gpxdata:distance>
     <gpxdata:speed>5.825</gpxdata:speed>
    </extensions>
   </trkpt>
   <trkpt lat="51.0525792" lon="13.8091229">
    <ele>108</ele>
    <time>2026-06-06T11:06:52Z</time>
    <extensions>
     <gpxdata:hr>128</gpxdata:hr>
     <gpxdata:distance>17734.00</gpxdata:distance>
     <gpxdata:speed>5.872</gpxdata:speed>
    </extensions>
   </trkpt>
   <trkpt lat="51.0526220" lon="13.8090726">
    <ele>108</ele>
    <time>2026-06-06T11:06:53Z</time>
    <extensions>
     <gpxdata:hr>128</gpxdata:hr>
     <gpxdata:distance>17740.00</gpxdata:distance>
     <gpxdata:speed>5.922</gpxdata:speed>
    </extensions>
   </trkpt>
   <trkpt lat="51.0526639" lon="13.8090214">
    <ele>108</ele>
    <time>2026-06-06T11:06:54Z</time>
    <extensions>
     <gpxdata:hr>128</gpxdata:hr>
     <gpxdata:distance>17746.00</gpxdata:distance>
     <gpxdata:speed>5.917</gpxdata:speed>
    </extensions>
   </trkpt>
   <trkpt lat="51.0527056" lon="13.8089707">
    <ele>108</ele>
    <time>2026-06-06T11:06:55Z</time>
    <extensions>
     <gpxdata:hr>129</gpxdata:hr>
     <gpxdata:distance>17752.00</gpxdata:distance>
     <gpxdata:speed>5.867</gpxdata:speed>
    </extensions>
   </trkpt>
   <trkpt lat="51.0527476" lon="13.8089216">
    <ele>108</ele>
    <time>2026-06-06T11:06:56Z</time>
    <extensions>
     <gpxdata:hr>129</gpxdata:hr>
     <gpxdata:distance>17758.00</gpxdata:distance>
     <gpxdata:speed>5.842</gpxdata:speed>
    </extensions>
   </trkpt>
   <trkpt lat="51.0527899" lon="13.8088751">
    <ele>108</ele>
    <time>2026-06-06T11:06:57Z</time>
    <extensions>
     <gpxdata:hr>130</gpxdata:hr>
     <gpxdata:distance>17763.50</gpxdata:distance>
     <gpxdata:speed>5.808</gpxdata:speed>
    </extensions>
   </trkpt>
   <trkpt lat="51.0528305" lon="13.8088307">
    <ele>108</ele>
    <time>2026-06-06T11:06:58Z</time>
    <extensions>
     <gpxdata:hr>130</gpxdata:hr>
     <gpxdata:distance>17769.00</gpxdata:distance>
     <gpxdata:speed>5.761</gpxdata:speed>
    </extensions>
   </trkpt>
   <trkpt lat="51.0528700" lon="13.8087847">
    <ele>107</ele>
    <time>2026-06-06T11:06:59Z</time>
    <extensions>
     <gpxdata:hr>130</gpxdata:hr>
     <gpxdata:distance>17774.50</gpxdata:distance>
     <gpxdata:speed>5.625</gpxdata:speed>
    </extensions>
   </trkpt>
   <trkpt lat="51.0529090" lon="13.8087365">
    <ele>107</ele>
    <time>2026-06-06T11:07:00Z</time>
    <extensions>
     <gpxdata:hr>130</gpxdata:hr>
     <gpxdata:distance>17780.00</gpxdata:distance>
     <gpxdata:speed>5.558</gpxdata:speed>
    </extensions>
   </trkpt>
   <trkpt lat="51.0529504" lon="13.8086891">
    <ele>107</ele>
    <time>2026-06-06T11:07:01Z</time>
    <extensions>
     <gpxdata:hr>130</gpxdata:hr>
     <gpxdata:distance>17785.50</gpxdata:distance>
     <gpxdata:speed>5.558</gpxdata:speed>
    </extensions>
   </trkpt>
   <trkpt lat="51.0529945" lon="13.8086427">
    <ele>107</ele>
    <time>2026-06-06T11:07:02Z</time>
    <extensions>
     <gpxdata:hr>130</gpxdata:hr>
     <gpxdata:distance>17791.00</gpxdata:distance>
     <gpxdata:speed>5.631</gpxdata:speed>
    </extensions>
   </trkpt>
   <trkpt lat="51.0530414" lon="13.8085962">
    <ele>108</ele>
    <time>2026-06-06T11:07:03Z</time>
    <extensions>
     <gpxdata:hr>130</gpxdata:hr>
     <gpxdata:distance>17797.50</gpxdata:distance>
     <gpxdata:speed>5.758</gpxdata:speed>
    </extensions>
   </trkpt>
   <trkpt lat="51.0530909" lon="13.8085492">
    <ele>108</ele>
    <time>2026-06-06T11:07:04Z</time>
    <extensions>
     <gpxdata:hr>131</gpxdata:hr>
     <gpxdata:distance>17804.00</gpxdata:distance>
     <gpxdata:speed>5.936</gpxdata:speed>
    </extensions>
   </trkpt>
   <trkpt lat="51.0531614" lon="13.8084867">
    <ele>108</ele>
    <time>2026-06-06T11:07:05Z</time>
    <extensions>
     <gpxdata:hr>130</gpxdata:hr>
     <gpxdata:distance>17810.50</gpxdata:distance>
     <gpxdata:speed>6.150</gpxdata:speed>
    </extensions>
   </trkpt>
   <trkpt lat="51.0532200" lon="13.8084384">
    <ele>108</ele>
    <time>2026-06-06T11:07:06Z</time>
    <extensions>
     <gpxdata:hr>131</gpxdata:hr>
     <gpxdata:distance>17817.00</gpxdata:distance>
     <gpxdata:speed>6.700</gpxdata:speed>
    </extensions>
   </trkpt>
   <trkpt lat="51.0532773" lon="13.8083905">
    <ele>108</ele>
    <time>2026-06-06T11:07:07Z</time>
    <extensions>
     <gpxdata:hr>131</gpxdata:hr>
     <gpxdata:distance>17824.50</gpxdata:distance>
     <gpxdata:speed>6.981</gpxdata:speed>
    </extensions>
   </trkpt>
   <trkpt lat="51.0533341" lon="13.8083414">
    <ele>108</ele>
    <time>2026-06-06T11:07:08Z</time>
    <extensions>
     <gpxdata:hr>131</gpxdata:hr>
     <gpxdata:distance>17832.00</gpxdata:distance>
     <gpxdata:speed>7.067</gpxdata:speed>
    </extensions>
   </trkpt>
   <trkpt lat="51.0533901" lon="13.8082902">
    <ele>108</ele>
    <time>2026-06-06T11:07:09Z</time>
    <extensions>
     <gpxdata:hr>133</gpxdata:hr>
     <gpxdata:distance>17839.00</gpxdata:distance>
     <gpxdata:speed>7.108</gpxdata:speed>
    </extensions>
   </trkpt>
   <trkpt lat="51.0534461" lon="13.8082374">
    <ele>108</ele>
    <time>2026-06-06T11:07:10Z</time>
    <extensions>
     <gpxdata:hr>135</gpxdata:hr>
     <gpxdata:distance>17846.00</gpxdata:distance>
     <gpxdata:speed>7.150</gpxdata:speed>
    </extensions>
   </trkpt>
   <trkpt lat="51.0535002" lon="13.8081806">
    <ele>108</ele>
    <time>2026-06-06T11:07:11Z</time>
    <extensions>
     <gpxdata:hr>135</gpxdata:hr>
     <gpxdata:distance>17853.50</gpxdata:distance>
     <gpxdata:speed>7.217</gpxdata:speed>
    </extensions>
   </trkpt>
   <trkpt lat="51.0535523" lon="13.8081181">
    <ele>108</ele>
    <time>2026-06-06T11:07:12Z</time>
    <extensions>
     <gpxdata:hr>135</gpxdata:hr>
     <gpxdata:distance>17861.00</gpxdata:distance>
     <gpxdata:speed>7.203</gpxdata:speed>
    </extensions>
   </trkpt>
   <trkpt lat="51.0536030" lon="13.8080521">
    <ele>109</ele>
    <time>2026-06-06T11:07:13Z</time>
    <extensions>
     <gpxdata:hr>136</gpxdata:hr>
     <gpxdata:distance>17868.00</gpxdata:distance>
     <gpxdata:speed>7.261</gpxdata:speed>
    </extensions>
   </trkpt>
   <trkpt lat="51.0536546" lon="13.8079862">
    <ele>109</ele>
    <time>2026-06-06T11:07:14Z</time>
    <extensions>
     <gpxdata:hr>136</gpxdata:hr>
     <gpxdata:distance>17875.00</gpxdata:distance>
     <gpxdata:speed>7.281</gpxdata:speed>
    </extensions>
   </trkpt>
   <trkpt lat="51.0537083" lon="13.8079230">
    <ele>109</ele>
    <time>2026-06-06T11:07:15Z</time>
    <extensions>
     <gpxdata:hr>136</gpxdata:hr>
     <gpxdata:distance>17882.50</gpxdata:distance>
     <gpxdata:speed>7.322</gpxdata:speed>
    </extensions>
   </trkpt>
   <trkpt lat="51.0537632" lon="13.8078618">
    <ele>109</ele>
    <time>2026-06-06T11:07:16Z</time>
    <extensions>
     <gpxdata:hr>137</gpxdata:hr>
     <gpxdata:distance>17890.00</gpxdata:distance>
     <gpxdata:speed>7.372</gpxdata:speed>
    </extensions>
   </trkpt>
   <trkpt lat="51.0538190" lon="13.8078024">
    <ele>109</ele>
    <time>2026-06-06T11:07:17Z</time>
    <extensions>
     <gpxdata:hr>138</gpxdata:hr>
     <gpxdata:distance>17897.50</gpxdata:distance>
     <gpxdata:speed>7.411</gpxdata:speed>
    </extensions>
   </trkpt>
   <trkpt lat="51.0538753" lon="13.8077443">
    <ele>109</ele>
    <time>2026-06-06T11:07:18Z</time>
    <extensions>
     <gpxdata:hr>137</gpxdata:hr>
     <gpxdata:distance>17905.00</gpxdata:distance>
     <gpxdata:speed>7.433</gpxdata:speed>
    </extensions>
   </trkpt>
   <trkpt lat="51.0539314" lon="13.8076874">
    <ele>109</ele>
    <time>2026-06-06T11:07:19Z</time>
    <extensions>
     <gpxdata:hr>137</gpxdata:hr>
     <gpxdata:distance>17912.50</gpxdata:distance>
     <gpxdata:speed>7.450</gpxdata:speed>
    </extensions>
   </trkpt>
   <trkpt lat="51.0539880" lon="13.8076313">
    <ele>109</ele>
    <time>2026-06-06T11:07:20Z</time>
    <extensions>
     <gpxdata:hr>137</gpxdata:hr>
     <gpxdata:distance>17920.00</gpxdata:distance>
     <gpxdata:speed>7.433</gpxdata:speed>
    </extensions>
   </trkpt>
   <trkpt lat="51.0540459" lon="13.8075769">
    <ele>109</ele>
    <time>2026-06-06T11:07:21Z</time>
    <extensions>
     <gpxdata:hr>138</gpxdata:hr>
     <gpxdata:distance>17927.50</gpxdata:distance>
     <gpxdata:speed>7.436</gpxdata:speed>
    </extensions>
   </trkpt>
   <trkpt lat="51.0541050" lon="13.8075230">
    <ele>109</ele>
    <time>2026-06-06T11:07:22Z</time>
    <extensions>
     <gpxdata:hr>138</gpxdata:hr>
     <gpxdata:distance>17935.00</gpxdata:distance>
     <gpxdata:speed>7.467</gpxdata:speed>
    </extensions>
   </trkpt>
   <trkpt lat="51.0541643" lon="13.8074697">
    <ele>109</ele>
    <time>2026-06-06T11:07:23Z</time>
    <extensions>
     <gpxdata:hr>137</gpxdata:hr>
     <gpxdata:distance>17942.50</gpxdata:distance>
     <gpxdata:speed>7.519</gpxdata:speed>
    </extensions>
   </trkpt>
   <trkpt lat="51.0542238" lon="13.8074179">
    <ele>109</ele>
    <time>2026-06-06T11:07:24Z</time>
    <extensions>
     <gpxdata:hr>138</gpxdata:hr>
     <gpxdata:distance>17950.00</gpxdata:distance>
     <gpxdata:speed>7.542</gpxdata:speed>
    </extensions>
   </trkpt>
   <trkpt lat="51.0542839" lon="13.8073675">
    <ele>109</ele>
    <time>2026-06-06T11:07:25Z</time>
    <extensions>
     <gpxdata:hr>137</gpxdata:hr>
     <gpxdata:distance>17957.50</gpxdata:distance>
     <gpxdata:speed>7.542</gpxdata:speed>
    </extensions>
   </trkpt>
   <trkpt lat="51.0543454" lon="13.8073175">
    <ele>109</ele>
    <time>2026-06-06T11:07:26Z</time>
    <extensions>
     <gpxdata:hr>137</gpxdata:hr>
     <gpxdata:distance>17965.00</gpxdata:distance>
     <gpxdata:speed>7.556</gpxdata:speed>
    </extensions>
   </trkpt>
   <trkpt lat="51.0544077" lon="13.8072679">
    <ele>109</ele>
    <time>2026-06-06T11:07:27Z</time>
    <extensions>
     <gpxdata:hr>138</gpxdata:hr>
     <gpxdata:distance>17973.00</gpxdata:distance>
     <gpxdata:speed>7.608</gpxdata:speed>
    </extensions>
   </trkpt>
   <trkpt lat="51.0544712" lon="13.8072204">
    <ele>109</ele>
    <time>2026-06-06T11:07:28Z</time>
    <extensions>
     <gpxdata:hr>138</gpxdata:hr>
     <gpxdata:distance>17981.00</gpxdata:distance>
     <gpxdata:speed>7.656</gpxdata:speed>
    </extensions>
   </trkpt>
   <trkpt lat="51.0545350" lon="13.8071751">
    <ele>109</ele>
    <time>2026-06-06T11:07:29Z</time>
    <extensions>
     <gpxdata:hr>137</gpxdata:hr>
     <gpxdata:distance>17988.50</gpxdata:distance>
     <gpxdata:speed>7.706</gpxdata:speed>
    </extensions>
   </trkpt>
   <trkpt lat="51.0545991" lon="13.8071336">
    <ele>109</ele>
    <time>2026-06-06T11:07:30Z</time>
    <extensions>
     <gpxdata:hr>136</gpxdata:hr>
     <gpxdata:distance>17996.00</gpxdata:distance>
     <gpxdata:speed>7.725</gpxdata:speed>
    </extensions>
   </trkpt>
   <trkpt lat="51.0546617" lon="13.8070927">
    <ele>109</ele>
    <time>2026-06-06T11:07:31Z</time>
    <extensions>
     <gpxdata:hr>136</gpxdata:hr>
     <gpxdata:distance>18003.50</gpxdata:distance>
     <gpxdata:speed>7.717</gpxdata:speed>
    </extensions>
   </trkpt>
   <trkpt lat="51.0547252" lon="13.8070520">
    <ele>109</ele>
    <time>2026-06-06T11:07:32Z</time>
    <extensions>
     <gpxdata:hr>135</gpxdata:hr>
     <gpxdata:distance>18011.00</gpxdata:distance>
     <gpxdata:speed>7.644</gpxdata:speed>
    </extensions>
   </trkpt>
   <trkpt lat="51.0547937" lon="13.8070117">
    <ele>109</ele>
    <time>2026-06-06T11:07:33Z</time>
    <extensions>
     <gpxdata:hr>134</gpxdata:hr>
     <gpxdata:distance>18019.50</gpxdata:distance>
     <gpxdata:speed>7.650</gpxdata:speed>
    </extensions>
   </trkpt>
   <trkpt lat="51.0548654" lon="13.8069705">
    <ele>109</ele>
    <time>2026-06-06T11:07:34Z</time>
    <extensions>
     <gpxdata:hr>134</gpxdata:hr>
     <gpxdata:distance>18028.00</gpxdata:distance>
     <gpxdata:speed>7.856</gpxdata:speed>
    </extensions>
   </trkpt>
   <trkpt lat="51.0549372" lon="13.8069297">
    <ele>109</ele>
    <time>2026-06-06T11:07:35Z</time>
    <extensions>
     <gpxdata:hr>133</gpxdata:hr>
     <gpxdata:distance>18036.50</gpxdata:distance>
     <gpxdata:speed>8.072</gpxdata:speed>
    </extensions>
   </trkpt>
   <trkpt lat="51.0550073" lon="13.8068885">
    <ele>108</ele>
    <time>2026-06-06T11:07:36Z</time>
    <extensions>
     <gpxdata:hr>133</gpxdata:hr>
     <gpxdata:distance>18045.00</gpxdata:distance>
     <gpxdata:speed>8.189</gpxdata:speed>
    </extensions>
   </trkpt>
   <trkpt lat="51.0550765" lon="13.8068454">
    <ele>108</ele>
    <time>2026-06-06T11:07:37Z</time>
    <extensions>
     <gpxdata:hr>133</gpxdata:hr>
     <gpxdata:distance>18053.00</gpxdata:distance>
     <gpxdata:speed>8.208</gpxdata:speed>
    </extensions>
   </trkpt>
   <trkpt lat="51.0551452" lon="13.8068008">
    <ele>108</ele>
    <time>2026-06-06T11:07:38Z</time>
    <extensions>
     <gpxdata:hr>134</gpxdata:hr>
     <gpxdata:distance>18061.00</gpxdata:distance>
     <gpxdata:speed>8.228</gpxdata:speed>
    </extensions>
   </trkpt>
   <trkpt lat="51.0552139" lon="13.8067566">
    <ele>108</ele>
    <time>2026-06-06T11:07:39Z</time>
    <extensions>
     <gpxdata:hr>134</gpxdata:hr>
     <gpxdata:distance>18069.50</gpxdata:distance>
     <gpxdata:speed>8.239</gpxdata:speed>
    </extensions>
   </trkpt>
   <trkpt lat="51.0552832" lon="13.8067124">
    <ele>108</ele>
    <time>2026-06-06T11:07:40Z</time>
    <extensions>
     <gpxdata:hr>135</gpxdata:hr>
     <gpxdata:distance>18078.00</gpxdata:distance>
     <gpxdata:speed>8.247</gpxdata:speed>
    </extensions>
   </trkpt>
   <trkpt lat="51.0553532" lon="13.8066688">
    <ele>108</ele>
    <time>2026-06-06T11:07:41Z</time>
    <extensions>
     <gpxdata:hr>135</gpxdata:hr>
     <gpxdata:distance>18086.50</gpxdata:distance>
     <gpxdata:speed>8.281</gpxdata:speed>
    </extensions>
   </trkpt>
   <trkpt lat="51.0554237" lon="13.8066262">
    <ele>108</ele>
    <time>2026-06-06T11:07:42Z</time>
    <extensions>
     <gpxdata:hr>135</gpxdata:hr>
     <gpxdata:distance>18095.00</gpxdata:distance>
     <gpxdata:speed>8.319</gpxdata:speed>
    </extensions>
   </trkpt>
   <trkpt lat="51.0554938" lon="13.8065838">
    <ele>108</ele>
    <time>2026-06-06T11:07:43Z</time>
    <extensions>
     <gpxdata:hr>136</gpxdata:hr>
     <gpxdata:distance>18103.00</gpxdata:distance>
     <gpxdata:speed>8.356</gpxdata:speed>
    </extensions>
   </trkpt>
   <trkpt lat="51.0555629" lon="13.8065409">
    <ele>108</ele>
    <time>2026-06-06T11:07:44Z</time>
    <extensions>
     <gpxdata:hr>136</gpxdata:hr>
     <gpxdata:distance>18111.00</gpxdata:distance>
     <gpxdata:speed>8.356</gpxdata:speed>
    </extensions>
   </trkpt>
   <trkpt lat="51.0556316" lon="13.8064983">
    <ele>108</ele>
    <time>2026-06-06T11:07:45Z</time>
    <extensions>
     <gpxdata:hr>136</gpxdata:hr>
     <gpxdata:distance>18119.50</gpxdata:distance>
     <gpxdata:speed>8.319</gpxdata:speed>
    </extensions>
   </trkpt>
   <trkpt lat="51.0556996" lon="13.8064556">
    <ele>108</ele>
    <time>2026-06-06T11:07:46Z</time>
    <extensions>
     <gpxdata:hr>135</gpxdata:hr>
     <gpxdata:distance>18128.00</gpxdata:distance>
     <gpxdata:speed>8.289</gpxdata:speed>
    </extensions>
   </trkpt>
   <trkpt lat="51.0557670" lon="13.8064132">
    <ele>108</ele>
    <time>2026-06-06T11:07:47Z</time>
    <extensions>
     <gpxdata:hr>136</gpxdata:hr>
     <gpxdata:distance>18136.00</gpxdata:distance>
     <gpxdata:speed>8.239</gpxdata:speed>
    </extensions>
   </trkpt>
   <trkpt lat="51.0558340" lon="13.8063712">
    <ele>109</ele>
    <time>2026-06-06T11:07:48Z</time>
    <extensions>
     <gpxdata:hr>135</gpxdata:hr>
     <gpxdata:distance>18144.00</gpxdata:distance>
     <gpxdata:speed>8.183</gpxdata:speed>
    </extensions>
   </trkpt>
   <trkpt lat="51.0559006" lon="13.8063293">
    <ele>109</ele>
    <time>2026-06-06T11:07:49Z</time>
    <extensions>
     <gpxdata:hr>135</gpxdata:hr>
     <gpxdata:distance>18152.00</gpxdata:distance>
     <gpxdata:speed>8.125</gpxdata:speed>
    </extensions>
   </trkpt>
   <trkpt lat="51.0559673" lon="13.8062877">
    <ele>109</ele>
    <time>2026-06-06T11:07:50Z</time>
    <extensions>
     <gpxdata:hr>135</gpxdata:hr>
     <gpxdata:distance>18160.00</gpxdata:distance>
     <gpxdata:speed>8.075</gpxdata:speed>
    </extensions>
   </trkpt>
   <trkpt lat="51.0560341" lon="13.8062467">
    <ele>109</ele>
    <time>2026-06-06T11:07:51Z</time>
    <extensions>
     <gpxdata:hr>135</gpxdata:hr>
     <gpxdata:distance>18168.00</gpxdata:distance>
     <gpxdata:speed>8.044</gpxdata:speed>
    </extensions>
   </trkpt>
   <trkpt lat="51.0561010" lon="13.8062053">
    <ele>109</ele>
    <time>2026-06-06T11:07:52Z</time>
    <extensions>
     <gpxdata:hr>135</gpxdata:hr>
     <gpxdata:distance>18176.00</gpxdata:distance>
     <gpxdata:speed>8.019</gpxdata:speed>
    </extensions>
   </trkpt>
   <trkpt lat="51.0561674" lon="13.8061639">
    <ele>109</ele>
    <time>2026-06-06T11:07:53Z</time>
    <extensions>
     <gpxdata:hr>136</gpxdata:hr>
     <gpxdata:distance>18183.50</gpxdata:distance>
     <gpxdata:speed>8.006</gpxdata:speed>
    </extensions>
   </trkpt>
   <trkpt lat="51.0562329" lon="13.8061228">
    <ele>109</ele>
    <time>2026-06-06T11:07:54Z</time>
    <extensions>
     <gpxdata:hr>136</gpxdata:hr>
     <gpxdata:distance>18191.00</gpxdata:distance>
     <gpxdata:speed>7.975</gpxdata:speed>
    </extensions>
   </trkpt>
   <trkpt lat="51.0562968" lon="13.8060831">
    <ele>109</ele>
    <time>2026-06-06T11:07:55Z</time>
    <extensions>
     <gpxdata:hr>136</gpxdata:hr>
     <gpxdata:distance>18199.00</gpxdata:distance>
     <gpxdata:speed>7.917</gpxdata:speed>
    </extensions>
   </trkpt>
   <trkpt lat="51.0563590" lon="13.8060458">
    <ele>109</ele>
    <time>2026-06-06T11:07:56Z</time>
    <extensions>
     <gpxdata:hr>136</gpxdata:hr>
     <gpxdata:distance>18207.00</gpxdata:distance>
     <gpxdata:speed>7.803</gpxdata:speed>
    </extensions>
   </trkpt>
   <trkpt lat="51.0564195" lon="13.8060094">
    <ele>109</ele>
    <time>2026-06-06T11:07:57Z</time>
    <extensions>
     <gpxdata:hr>135</gpxdata:hr>
     <gpxdata:distance>18214.00</gpxdata:distance>
     <gpxdata:speed>7.597</gpxdata:speed>
    </extensions>
   </trkpt>
   <trkpt lat="51.0564766" lon="13.8059708">
    <ele>109</ele>
    <time>2026-06-06T11:07:58Z</time>
    <extensions>
     <gpxdata:hr>135</gpxdata:hr>
     <gpxdata:distance>18221.00</gpxdata:distance>
     <gpxdata:speed>7.286</gpxdata:speed>
    </extensions>
   </trkpt>
   <trkpt lat="51.0565293" lon="13.8059327">
    <ele>109</ele>
    <time>2026-06-06T11:07:59Z</time>
    <extensions>
     <gpxdata:hr>135</gpxdata:hr>
     <gpxdata:distance>18227.50</gpxdata:distance>
     <gpxdata:speed>6.992</gpxdata:speed>
    </extensions>
   </trkpt>
   <trkpt lat="51.0565793" lon="13.8058975">
    <ele>109</ele>
    <time>2026-06-06T11:08:00Z</time>
    <extensions>
     <gpxdata:hr>134</gpxdata:hr>
     <gpxdata:distance>18234.00</gpxdata:distance>
     <gpxdata:speed>6.542</gpxdata:speed>
    </extensions>
   </trkpt>
   <trkpt lat="51.0566308" lon="13.8058638">
    <ele>109</ele>
    <time>2026-06-06T11:08:01Z</time>
    <extensions>
     <gpxdata:hr>133</gpxdata:hr>
     <gpxdata:distance>18240.00</gpxdata:distance>
     <gpxdata:speed>6.219</gpxdata:speed>
    </extensions>
   </trkpt>
   <trkpt lat="51.0566861" lon="13.8058286">
    <ele>109</ele>
    <time>2026-06-06T11:08:02Z</time>
    <extensions>
     <gpxdata:hr>134</gpxdata:hr>
     <gpxdata:distance>18246.00</gpxdata:distance>
     <gpxdata:speed>6.347</gpxdata:speed>
    </extensions>
   </trkpt>
   <trkpt lat="51.0567456" lon="13.8057892">
    <ele>109</ele>
    <time>2026-06-06T11:08:03Z</time>
    <extensions>
     <gpxdata:hr>133</gpxdata:hr>
     <gpxdata:distance>18253.50</gpxdata:distance>
     <gpxdata:speed>6.536</gpxdata:speed>
    </extensions>
   </trkpt>
   <trkpt lat="51.0568083" lon="13.8057445">
    <ele>109</ele>
    <time>2026-06-06T11:08:04Z</time>
    <extensions>
     <gpxdata:hr>132</gpxdata:hr>
     <gpxdata:distance>18261.00</gpxdata:distance>
     <gpxdata:speed>6.806</gpxdata:speed>
    </extensions>
   </trkpt>
   <trkpt lat="51.0568723" lon="13.8056950">
    <ele>108</ele>
    <time>2026-06-06T11:08:05Z</time>
    <extensions>
     <gpxdata:hr>131</gpxdata:hr>
     <gpxdata:distance>18269.00</gpxdata:distance>
     <gpxdata:speed>7.114</gpxdata:speed>
    </extensions>
   </trkpt>
   <trkpt lat="51.0569365" lon="13.8056413">
    <ele>108</ele>
    <time>2026-06-06T11:08:06Z</time>
    <extensions>
     <gpxdata:hr>131</gpxdata:hr>
     <gpxdata:distance>18277.00</gpxdata:distance>
     <gpxdata:speed>7.383</gpxdata:speed>
    </extensions>
   </trkpt>
   <trkpt lat="51.0570001" lon="13.8055832">
    <ele>108</ele>
    <time>2026-06-06T11:08:07Z</time>
    <extensions>
     <gpxdata:hr>132</gpxdata:hr>
     <gpxdata:distance>18285.00</gpxdata:distance>
     <gpxdata:speed>7.617</gpxdata:speed>
    </extensions>
   </trkpt>
   <trkpt lat="51.0570618" lon="13.8055208">
    <ele>109</ele>
    <time>2026-06-06T11:08:08Z</time>
    <extensions>
     <gpxdata:hr>134</gpxdata:hr>
     <gpxdata:distance>18293.00</gpxdata:distance>
     <gpxdata:speed>7.800</gpxdata:speed>
    </extensions>
   </trkpt>
   <trkpt lat="51.0571220" lon="13.8054553">
    <ele>109</ele>
    <time>2026-06-06T11:08:09Z</time>
    <extensions>
     <gpxdata:hr>136</gpxdata:hr>
     <gpxdata:distance>18301.00</gpxdata:distance>
     <gpxdata:speed>8.031</gpxdata:speed>
    </extensions>
   </trkpt>
   <trkpt lat="51.0571812" lon="13.8053876">
    <ele>109</ele>
    <time>2026-06-06T11:08:10Z</time>
    <extensions>
     <gpxdata:hr>138</gpxdata:hr>
     <gpxdata:distance>18309.00</gpxdata:distance>
     <gpxdata:speed>8.072</gpxdata:speed>
    </extensions>
   </trkpt>
   <trkpt lat="51.0572394" lon="13.8053180">
    <ele>109</ele>
    <time>2026-06-06T11:08:11Z</time>
    <extensions>
     <gpxdata:hr>140</gpxdata:hr>
     <gpxdata:distance>18317.00</gpxdata:distance>
     <gpxdata:speed>8.094</gpxdata:speed>
    </extensions>
   </trkpt>
   <trkpt lat="51.0572972" lon="13.8052464">
    <ele>109</ele>
    <time>2026-06-06T11:08:12Z</time>
    <extensions>
     <gpxdata:hr>141</gpxdata:hr>
     <gpxdata:distance>18325.00</gpxdata:distance>
     <gpxdata:speed>8.106</gpxdata:speed>
    </extensions>
   </trkpt>
   <trkpt lat="51.0573550" lon="13.8051731">
    <ele>109</ele>
    <time>2026-06-06T11:08:13Z</time>
    <extensions>
     <gpxdata:hr>142</gpxdata:hr>
     <gpxdata:distance>18333.50</gpxdata:distance>
     <gpxdata:speed>8.147</gpxdata:speed>
    </extensions>
   </trkpt>
   <trkpt lat="51.0574127" lon="13.8050994">
    <ele>110</ele>
    <time>2026-06-06T11:08:14Z</time>
    <extensions>
     <gpxdata:hr>141</gpxdata:hr>
     <gpxdata:distance>18342.00</gpxdata:distance>
     <gpxdata:speed>8.203</gpxdata:speed>
    </extensions>
   </trkpt>
   <trkpt lat="51.0574704" lon="13.8050247">
    <ele>110</ele>
    <time>2026-06-06T11:08:15Z</time>
    <extensions>
     <gpxdata:hr>141</gpxdata:hr>
     <gpxdata:distance>18350.00</gpxdata:distance>
     <gpxdata:speed>8.219</gpxdata:speed>
    </extensions>
   </trkpt>
   <trkpt lat="51.0575281" lon="13.8049496">
    <ele>110</ele>
    <time>2026-06-06T11:08:16Z</time>
    <extensions>
     <gpxdata:hr>140</gpxdata:hr>
     <gpxdata:distance>18358.00</gpxdata:distance>
     <gpxdata:speed>8.242</gpxdata:speed>
    </extensions>
   </trkpt>
   <trkpt lat="51.0575859" lon="13.8048748">
    <ele>110</ele>
    <time>2026-06-06T11:08:17Z</time>
    <extensions>
     <gpxdata:hr>140</gpxdata:hr>
     <gpxdata:distance>18366.50</gpxdata:distance>
     <gpxdata:speed>8.258</gpxdata:speed>
    </extensions>
   </trkpt>
   <trkpt lat="51.0576439" lon="13.8048012">
    <ele>110</ele>
    <time>2026-06-06T11:08:18Z</time>
    <extensions>
     <gpxdata:hr>140</gpxdata:hr>
     <gpxdata:distance>18375.00</gpxdata:distance>
     <gpxdata:speed>8.272</gpxdata:speed>
    </extensions>
   </trkpt>
   <trkpt lat="51.0577024" lon="13.8047292">
    <ele>110</ele>
    <time>2026-06-06T11:08:19Z</time>
    <extensions>
     <gpxdata:hr>139</gpxdata:hr>
     <gpxdata:distance>18383.00</gpxdata:distance>
     <gpxdata:speed>8.264</gpxdata:speed>
    </extensions>
   </trkpt>
   <trkpt lat="51.0577619" lon="13.8046590">
    <ele>110</ele>
    <time>2026-06-06T11:08:20Z</time>
    <extensions>
     <gpxdata:hr>139</gpxdata:hr>
     <gpxdata:distance>18391.00</gpxdata:distance>
     <gpxdata:speed>8.253</gpxdata:speed>
    </extensions>
   </trkpt>
   <trkpt lat="51.0578222" lon="13.8045904">
    <ele>110</ele>
    <time>2026-06-06T11:08:21Z</time>
    <extensions>
     <gpxdata:hr>139</gpxdata:hr>
     <gpxdata:distance>18399.50</gpxdata:distance>
     <gpxdata:speed>8.256</gpxdata:speed>
    </extensions>
   </trkpt>
   <trkpt lat="51.0578823" lon="13.8045221">
    <ele>110</ele>
    <time>2026-06-06T11:08:22Z</time>
    <extensions>
     <gpxdata:hr>139</gpxdata:hr>
     <gpxdata:distance>18408.00</gpxdata:distance>
     <gpxdata:speed>8.258</gpxdata:speed>
    </extensions>
   </trkpt>
   <trkpt lat="51.0579428" lon="13.8044542">
    <ele>110</ele>
    <time>2026-06-06T11:08:23Z</time>
    <extensions>
     <gpxdata:hr>139</gpxdata:hr>
     <gpxdata:distance>18416.00</gpxdata:distance>
     <gpxdata:speed>8.244</gpxdata:speed>
    </extensions>
   </trkpt>
   <trkpt lat="51.0580043" lon="13.8043881">
    <ele>110</ele>
    <time>2026-06-06T11:08:24Z</time>
    <extensions>
     <gpxdata:hr>138</gpxdata:hr>
     <gpxdata:distance>18424.00</gpxdata:distance>
     <gpxdata:speed>8.247</gpxdata:speed>
    </extensions>
   </trkpt>
   <trkpt lat="51.0580666" lon="13.8043233">
    <ele>110</ele>
    <time>2026-06-06T11:08:25Z</time>
    <extensions>
     <gpxdata:hr>137</gpxdata:hr>
     <gpxdata:distance>18432.50</gpxdata:distance>
     <gpxdata:speed>8.253</gpxdata:speed>
    </extensions>
   </trkpt>
   <trkpt lat="51.0581295" lon="13.8042594">
    <ele>110</ele>
    <time>2026-06-06T11:08:26Z</time>
    <extensions>
     <gpxdata:hr>137</gpxdata:hr>
     <gpxdata:distance>18441.00</gpxdata:distance>
     <gpxdata:speed>8.269</gpxdata:speed>
    </extensions>
   </trkpt>
   <trkpt lat="51.0581927" lon="13.8041950">
    <ele>110</ele>
    <time>2026-06-06T11:08:27Z</time>
    <extensions>
     <gpxdata:hr>136</gpxdata:hr>
     <gpxdata:distance>18449.50</gpxdata:distance>
     <gpxdata:speed>8.281</gpxdata:speed>
    </extensions>
   </trkpt>
   <trkpt lat="51.0582553" lon="13.8041290">
    <ele>110</ele>
    <time>2026-06-06T11:08:28Z</time>
    <extensions>
     <gpxdata:hr>136</gpxdata:hr>
     <gpxdata:distance>18458.00</gpxdata:distance>
     <gpxdata:speed>8.311</gpxdata:speed>
    </extensions>
   </trkpt>
   <trkpt lat="51.0583168" lon="13.8040605">
    <ele>110</ele>
    <time>2026-06-06T11:08:29Z</time>
    <extensions>
     <gpxdata:hr>135</gpxdata:hr>
     <gpxdata:distance>18466.00</gpxdata:distance>
     <gpxdata:speed>8.331</gpxdata:speed>
    </extensions>
   </trkpt>
   <trkpt lat="51.0583772" lon="13.8039894">
    <ele>109</ele>
    <time>2026-06-06T11:08:30Z</time>
    <extensions>
     <gpxdata:hr>135</gpxdata:hr>
     <gpxdata:distance>18474.00</gpxdata:distance>
     <gpxdata:speed>8.342</gpxdata:speed>
    </extensions>
   </trkpt>
   <trkpt lat="51.0584371" lon="13.8039170">
    <ele>109</ele>
    <time>2026-06-06T11:08:31Z</time>
    <extensions>
     <gpxdata:hr>135</gpxdata:hr>
     <gpxdata:distance>18482.50</gpxdata:distance>
     <gpxdata:speed>8.350</gpxdata:speed>
    </extensions>
   </trkpt>
   <trkpt lat="51.0584970" lon="13.8038453">
    <ele>109</ele>
    <time>2026-06-06T11:08:32Z</time>
    <extensions>
     <gpxdata:hr>135</gpxdata:hr>
     <gpxdata:distance>18491.00</gpxdata:distance>
     <gpxdata:speed>8.358</gpxdata:speed>
    </extensions>
   </trkpt>
   <trkpt lat="51.0585568" lon="13.8037739">
    <ele>109</ele>
    <time>2026-06-06T11:08:33Z</time>
    <extensions>
     <gpxdata:hr>135</gpxdata:hr>
     <gpxdata:distance>18499.50</gpxdata:distance>
     <gpxdata:speed>8.347</gpxdata:speed>
    </extensions>
   </trkpt>
   <trkpt lat="51.0586167" lon="13.8037027">
    <ele>109</ele>
    <time>2026-06-06T11:08:34Z</time>
    <extensions>
     <gpxdata:hr>135</gpxdata:hr>
     <gpxdata:distance>18508.00</gpxdata:distance>
     <gpxdata:speed>8.342</gpxdata:speed>
    </extensions>
   </trkpt>
   <trkpt lat="51.0586769" lon="13.8036321">
    <ele>109</ele>
    <time>2026-06-06T11:08:35Z</time>
    <extensions>
     <gpxdata:hr>135</gpxdata:hr>
     <gpxdata:distance>18516.00</gpxdata:distance>
     <gpxdata:speed>8.336</gpxdata:speed>
    </extensions>
   </trkpt>
   <trkpt lat="51.0587376" lon="13.8035617">
    <ele>109</ele>
    <time>2026-06-06T11:08:36Z</time>
    <extensions>
     <gpxdata:hr>135</gpxdata:hr>
     <gpxdata:distance>18524.00</gpxdata:distance>
     <gpxdata:speed>8.333</gpxdata:speed>
    </extensions>
   </trkpt>
   <trkpt lat="51.0587985" lon="13.8034912">
    <ele>109</ele>
    <time>2026-06-06T11:08:37Z</time>
    <extensions>
     <gpxdata:hr>135</gpxdata:hr>
     <gpxdata:distance>18532.50</gpxdata:distance>
     <gpxdata:speed>8.344</gpxdata:speed>
    </extensions>
   </trkpt>
   <trkpt lat="51.0588593" lon="13.8034206">
    <ele>109</ele>
    <time>2026-06-06T11:08:38Z</time>
    <extensions>
     <gpxdata:hr>135</gpxdata:hr>
     <gpxdata:distance>18541.00</gpxdata:distance>
     <gpxdata:speed>8.358</gpxdata:speed>
    </extensions>
   </trkpt>
   <trkpt lat="51.0589193" lon="13.8033486">
    <ele>109</ele>
    <time>2026-06-06T11:08:39Z</time>
    <extensions>
     <gpxdata:hr>136</gpxdata:hr>
     <gpxdata:distance>18549.50</gpxdata:distance>
     <gpxdata:speed>8.361</gpxdata:speed>
    </extensions>
   </trkpt>
   <trkpt lat="51.0589781" lon="13.8032745">
    <ele>109</ele>
    <time>2026-06-06T11:08:40Z</time>
    <extensions>
     <gpxdata:hr>136</gpxdata:hr>
     <gpxdata:distance>18558.00</gpxdata:distance>
     <gpxdata:speed>8.361</gpxdata:speed>
    </extensions>
   </trkpt>
   <trkpt lat="51.0590367" lon="13.8031989">
    <ele>109</ele>
    <time>2026-06-06T11:08:41Z</time>
    <extensions>
     <gpxdata:hr>136</gpxdata:hr>
     <gpxdata:distance>18566.50</gpxdata:distance>
     <gpxdata:speed>8.358</gpxdata:speed>
    </extensions>
   </trkpt>
   <trkpt lat="51.0590947" lon="13.8031222">
    <ele>109</ele>
    <time>2026-06-06T11:08:42Z</time>
    <extensions>
     <gpxdata:hr>136</gpxdata:hr>
     <gpxdata:distance>18575.00</gpxdata:distance>
     <gpxdata:speed>8.375</gpxdata:speed>
    </extensions>
   </trkpt>
   <trkpt lat="51.0591508" lon="13.8030429">
    <ele>109</ele>
    <time>2026-06-06T11:08:43Z</time>
    <extensions>
     <gpxdata:hr>136</gpxdata:hr>
     <gpxdata:distance>18583.00</gpxdata:distance>
     <gpxdata:speed>8.381</gpxdata:speed>
    </extensions>
   </trkpt>
   <trkpt lat="51.0592045" lon="13.8029598">
    <ele>109</ele>
    <time>2026-06-06T11:08:44Z</time>
    <extensions>
     <gpxdata:hr>136</gpxdata:hr>
     <gpxdata:distance>18591.00</gpxdata:distance>
     <gpxdata:speed>8.367</gpxdata:speed>
    </extensions>
   </trkpt>
   <trkpt lat="51.0592559" lon="13.8028741">
    <ele>108</ele>
    <time>2026-06-06T11:08:45Z</time>
    <extensions>
     <gpxdata:hr>136</gpxdata:hr>
     <gpxdata:distance>18599.50</gpxdata:distance>
     <gpxdata:speed>8.358</gpxdata:speed>
    </extensions>
   </trkpt>
   <trkpt lat="51.0593052" lon="13.8027852">
    <ele>108</ele>
    <time>2026-06-06T11:08:46Z</time>
    <extensions>
     <gpxdata:hr>136</gpxdata:hr>
     <gpxdata:distance>18608.00</gpxdata:distance>
     <gpxdata:speed>8.333</gpxdata:speed>
    </extensions>
   </trkpt>
   <trkpt lat="51.0593523" lon="13.8026937">
    <ele>108</ele>
    <time>2026-06-06T11:08:47Z</time>
    <extensions>
     <gpxdata:hr>137</gpxdata:hr>
     <gpxdata:distance>18616.50</gpxdata:distance>
     <gpxdata:speed>8.325</gpxdata:speed>
    </extensions>
   </trkpt>
   <trkpt lat="51.0593978" lon="13.8026008">
    <ele>108</ele>
    <time>2026-06-06T11:08:48Z</time>
    <extensions>
     <gpxdata:hr>137</gpxdata:hr>
     <gpxdata:distance>18625.00</gpxdata:distance>
     <gpxdata:speed>8.303</gpxdata:speed>
    </extensions>
   </trkpt>
   <trkpt lat="51.0594425" lon="13.8025078">
    <ele>108</ele>
    <time>2026-06-06T11:08:49Z</time>
    <extensions>
     <gpxdata:hr>137</gpxdata:hr>
     <gpxdata:distance>18633.00</gpxdata:distance>
     <gpxdata:speed>8.281</gpxdata:speed>
    </extensions>
   </trkpt>
   <trkpt lat="51.0594870" lon="13.8024150">
    <ele>108</ele>
    <time>2026-06-06T11:08:50Z</time>
    <extensions>
     <gpxdata:hr>137</gpxdata:hr>
     <gpxdata:distance>18641.00</gpxdata:distance>
     <gpxdata:speed>8.247</gpxdata:speed>
    </extensions>
   </trkpt>
   <trkpt lat="51.0595315" lon="13.8023220">
    <ele>108</ele>
    <time>2026-06-06T11:08:51Z</time>
    <extensions>
     <gpxdata:hr>136</gpxdata:hr>
     <gpxdata:distance>18649.00</gpxdata:distance>
     <gpxdata:speed>8.219</gpxdata:speed>
    </extensions>
   </trkpt>
   <trkpt lat="51.0595749" lon="13.8022278">
    <ele>108</ele>
    <time>2026-06-06T11:08:52Z</time>
    <extensions>
     <gpxdata:hr>136</gpxdata:hr>
     <gpxdata:distance>18657.00</gpxdata:distance>
     <gpxdata:speed>8.206</gpxdata:speed>
    </extensions>
   </trkpt>
   <trkpt lat="51.0596167" lon="13.8021318">
    <ele>108</ele>
    <time>2026-06-06T11:08:53Z</time>
    <extensions>
     <gpxdata:hr>136</gpxdata:hr>
     <gpxdata:distance>18665.50</gpxdata:distance>
     <gpxdata:speed>8.197</gpxdata:speed>
    </extensions>
   </trkpt>
   <trkpt lat="51.0596571" lon="13.8020346">
    <ele>108</ele>
    <time>2026-06-06T11:08:54Z</time>
    <extensions>
     <gpxdata:hr>136</gpxdata:hr>
     <gpxdata:distance>18674.00</gpxdata:distance>
     <gpxdata:speed>8.186</gpxdata:speed>
    </extensions>
   </trkpt>
   <trkpt lat="51.0596966" lon="13.8019365">
    <ele>108</ele>
    <time>2026-06-06T11:08:55Z</time>
    <extensions>
     <gpxdata:hr>136</gpxdata:hr>
     <gpxdata:distance>18682.00</gpxdata:distance>
     <gpxdata:speed>8.175</gpxdata:speed>
    </extensions>
   </trkpt>
   <trkpt lat="51.0597347" lon="13.8018372">
    <ele>108</ele>
    <time>2026-06-06T11:08:56Z</time>
    <extensions>
     <gpxdata:hr>136</gpxdata:hr>
     <gpxdata:distance>18690.00</gpxdata:distance>
     <gpxdata:speed>8.164</gpxdata:speed>
    </extensions>
   </trkpt>
   <trkpt lat="51.0597722" lon="13.8017370">
    <ele>108</ele>
    <time>2026-06-06T11:08:57Z</time>
    <extensions>
     <gpxdata:hr>136</gpxdata:hr>
     <gpxdata:distance>18698.00</gpxdata:distance>
     <gpxdata:speed>8.156</gpxdata:speed>
    </extensions>
   </trkpt>
   <trkpt lat="51.0598097" lon="13.8016361">
    <ele>108</ele>
    <time>2026-06-06T11:08:58Z</time>
    <extensions>
     <gpxdata:hr>137</gpxdata:hr>
     <gpxdata:distance>18706.00</gpxdata:distance>
     <gpxdata:speed>8.161</gpxdata:speed>
    </extensions>
   </trkpt>
   <trkpt lat="51.0598477" lon="13.8015355">
    <ele>108</ele>
    <time>2026-06-06T11:08:59Z</time>
    <extensions>
     <gpxdata:hr>137</gpxdata:hr>
     <gpxdata:distance>18714.50</gpxdata:distance>
     <gpxdata:speed>8.175</gpxdata:speed>
    </extensions>
   </trkpt>
   <trkpt lat="51.0598855" lon="13.8014352">
    <ele>108</ele>
    <time>2026-06-06T11:09:00Z</time>
    <extensions>
     <gpxdata:hr>136</gpxdata:hr>
     <gpxdata:distance>18723.00</gpxdata:distance>
     <gpxdata:speed>8.189</gpxdata:speed>
    </extensions>
   </trkpt>
   <trkpt lat="51.0599229" lon="13.8013348">
    <ele>108</ele>
    <time>2026-06-06T11:09:01Z</time>
    <extensions>
     <gpxdata:hr>137</gpxdata:hr>
     <gpxdata:distance>18731.00</gpxdata:distance>
     <gpxdata:speed>8.183</gpxdata:speed>
    </extensions>
   </trkpt>
   <trkpt lat="51.0599600" lon="13.8012328">
    <ele>108</ele>
    <time>2026-06-06T11:09:02Z</time>
    <extensions>
     <gpxdata:hr>137</gpxdata:hr>
     <gpxdata:distance>18739.00</gpxdata:distance>
     <gpxdata:speed>8.175</gpxdata:speed>
    </extensions>
   </trkpt>
   <trkpt lat="51.0599971" lon="13.8011286">
    <ele>108</ele>
    <time>2026-06-06T11:09:03Z</time>
    <extensions>
     <gpxdata:hr>136</gpxdata:hr>
     <gpxdata:distance>18747.50</gpxdata:distance>
     <gpxdata:speed>8.208</gpxdata:speed>
    </extensions>
   </trkpt>
   <trkpt lat="51.0600349" lon="13.8010231">
    <ele>107</ele>
    <time>2026-06-06T11:09:04Z</time>
    <extensions>
     <gpxdata:hr>136</gpxdata:hr>
     <gpxdata:distance>18756.00</gpxdata:distance>
     <gpxdata:speed>8.275</gpxdata:speed>
    </extensions>
   </trkpt>
   <trkpt lat="51.0600733" lon="13.8009164">
    <ele>107</ele>
    <time>2026-06-06T11:09:05Z</time>
    <extensions>
     <gpxdata:hr>136</gpxdata:hr>
     <gpxdata:distance>18764.50</gpxdata:distance>
     <gpxdata:speed>8.356</gpxdata:speed>
    </extensions>
   </trkpt>
   <trkpt lat="51.0601115" lon="13.8008079">
    <ele>107</ele>
    <time>2026-06-06T11:09:06Z</time>
    <extensions>
     <gpxdata:hr>136</gpxdata:hr>
     <gpxdata:distance>18773.00</gpxdata:distance>
     <gpxdata:speed>8.444</gpxdata:speed>
    </extensions>
   </trkpt>
   <trkpt lat="51.0601494" lon="13.8006979">
    <ele>107</ele>
    <time>2026-06-06T11:09:07Z</time>
    <extensions>
     <gpxdata:hr>136</gpxdata:hr>
     <gpxdata:distance>18782.00</gpxdata:distance>
     <gpxdata:speed>8.536</gpxdata:speed>
    </extensions>
   </trkpt>
   <trkpt lat="51.0601878" lon="13.8005872">
    <ele>107</ele>
    <time>2026-06-06T11:09:08Z</time>
    <extensions>
     <gpxdata:hr>138</gpxdata:hr>
     <gpxdata:distance>18791.00</gpxdata:distance>
     <gpxdata:speed>8.628</gpxdata:speed>
    </extensions>
   </trkpt>
   <trkpt lat="51.0602266" lon="13.8004766">
    <ele>106</ele>
    <time>2026-06-06T11:09:09Z</time>
    <extensions>
     <gpxdata:hr>140</gpxdata:hr>
     <gpxdata:distance>18799.50</gpxdata:distance>
     <gpxdata:speed>8.725</gpxdata:speed>
    </extensions>
   </trkpt>
   <trkpt lat="51.0602651" lon="13.8003656">
    <ele>106</ele>
    <time>2026-06-06T11:09:10Z</time>
    <extensions>
     <gpxdata:hr>140</gpxdata:hr>
     <gpxdata:distance>18808.00</gpxdata:distance>
     <gpxdata:speed>8.792</gpxdata:speed>
    </extensions>
   </trkpt>
   <trkpt lat="51.0603029" lon="13.8002539">
    <ele>105</ele>
    <time>2026-06-06T11:09:11Z</time>
    <extensions>
     <gpxdata:hr>140</gpxdata:hr>
     <gpxdata:distance>18817.00</gpxdata:distance>
     <gpxdata:speed>8.836</gpxdata:speed>
    </extensions>
   </trkpt>
   <trkpt lat="51.0603406" lon="13.8001419">
    <ele>105</ele>
    <time>2026-06-06T11:09:12Z</time>
    <extensions>
     <gpxdata:hr>141</gpxdata:hr>
     <gpxdata:distance>18826.00</gpxdata:distance>
     <gpxdata:speed>8.867</gpxdata:speed>
    </extensions>
   </trkpt>
   <trkpt lat="51.0603784" lon="13.8000302">
    <ele>105</ele>
    <time>2026-06-06T11:09:13Z</time>
    <extensions>
     <gpxdata:hr>141</gpxdata:hr>
     <gpxdata:distance>18835.00</gpxdata:distance>
     <gpxdata:speed>8.881</gpxdata:speed>
    </extensions>
   </trkpt>
   <trkpt lat="51.0604164" lon="13.7999190">
    <ele>104</ele>
    <time>2026-06-06T11:09:14Z</time>
    <extensions>
     <gpxdata:hr>140</gpxdata:hr>
     <gpxdata:distance>18844.00</gpxdata:distance>
     <gpxdata:speed>8.875</gpxdata:speed>
    </extensions>
   </trkpt>
   <trkpt lat="51.0604545" lon="13.7998079">
    <ele>104</ele>
    <time>2026-06-06T11:09:15Z</time>
    <extensions>
     <gpxdata:hr>139</gpxdata:hr>
     <gpxdata:distance>18853.00</gpxdata:distance>
     <gpxdata:speed>8.872</gpxdata:speed>
    </extensions>
   </trkpt>
   <trkpt lat="51.0604919" lon="13.7996962">
    <ele>104</ele>
    <time>2026-06-06T11:09:16Z</time>
    <extensions>
     <gpxdata:hr>138</gpxdata:hr>
     <gpxdata:distance>18862.00</gpxdata:distance>
     <gpxdata:speed>8.869</gpxdata:speed>
    </extensions>
   </trkpt>
   <trkpt lat="51.0605289" lon="13.7995839">
    <ele>104</ele>
    <time>2026-06-06T11:09:17Z</time>
    <extensions>
     <gpxdata:hr>138</gpxdata:hr>
     <gpxdata:distance>18870.50</gpxdata:distance>
     <gpxdata:speed>8.872</gpxdata:speed>
    </extensions>
   </trkpt>
   <trkpt lat="51.0605660" lon="13.7994719">
    <ele>104</ele>
    <time>2026-06-06T11:09:18Z</time>
    <extensions>
     <gpxdata:hr>138</gpxdata:hr>
     <gpxdata:distance>18879.00</gpxdata:distance>
     <gpxdata:speed>8.869</gpxdata:speed>
    </extensions>
   </trkpt>
   <trkpt lat="51.0606034" lon="13.7993602">
    <ele>104</ele>
    <time>2026-06-06T11:09:19Z</time>
    <extensions>
     <gpxdata:hr>137</gpxdata:hr>
     <gpxdata:distance>18888.00</gpxdata:distance>
     <gpxdata:speed>8.864</gpxdata:speed>
    </extensions>
   </trkpt>
   <trkpt lat="51.0606409" lon="13.7992488">
    <ele>104</ele>
    <time>2026-06-06T11:09:20Z</time>
    <extensions>
     <gpxdata:hr>136</gpxdata:hr>
     <gpxdata:distance>18897.00</gpxdata:distance>
     <gpxdata:speed>8.864</gpxdata:speed>
    </extensions>
   </trkpt>
   <trkpt lat="51.0606782" lon="13.7991380">
    <ele>104</ele>
    <time>2026-06-06T11:09:21Z</time>
    <extensions>
     <gpxdata:hr>137</gpxdata:hr>
     <gpxdata:distance>18906.00</gpxdata:distance>
     <gpxdata:speed>8.853</gpxdata:speed>
    </extensions>
   </trkpt>
   <trkpt lat="51.0607154" lon="13.7990274">
    <ele>104</ele>
    <time>2026-06-06T11:09:22Z</time>
    <extensions>
     <gpxdata:hr>137</gpxdata:hr>
     <gpxdata:distance>18915.00</gpxdata:distance>
     <gpxdata:speed>8.831</gpxdata:speed>
    </extensions>
   </trkpt>
   <trkpt lat="51.0607515" lon="13.7989171">
    <ele>104</ele>
    <time>2026-06-06T11:09:23Z</time>
    <extensions>
     <gpxdata:hr>137</gpxdata:hr>
     <gpxdata:distance>18923.50</gpxdata:distance>
     <gpxdata:speed>8.811</gpxdata:speed>
    </extensions>
   </trkpt>
   <trkpt lat="51.0607858" lon="13.7988085">
    <ele>104</ele>
    <time>2026-06-06T11:09:24Z</time>
    <extensions>
     <gpxdata:hr>138</gpxdata:hr>
     <gpxdata:distance>18932.00</gpxdata:distance>
     <gpxdata:speed>8.769</gpxdata:speed>
    </extensions>
   </trkpt>
   <trkpt lat="51.0608191" lon="13.7987028">
    <ele>104</ele>
    <time>2026-06-06T11:09:25Z</time>
    <extensions>
     <gpxdata:hr>138</gpxdata:hr>
     <gpxdata:distance>18940.00</gpxdata:distance>
     <gpxdata:speed>8.667</gpxdata:speed>
    </extensions>
   </trkpt>
   <trkpt lat="51.0608521" lon="13.7985991">
    <ele>104</ele>
    <time>2026-06-06T11:09:26Z</time>
    <extensions>
     <gpxdata:hr>137</gpxdata:hr>
     <gpxdata:distance>18948.00</gpxdata:distance>
     <gpxdata:speed>8.517</gpxdata:speed>
    </extensions>
   </trkpt>
   <trkpt lat="51.0608847" lon="13.7984948">
    <ele>104</ele>
    <time>2026-06-06T11:09:27Z</time>
    <extensions>
     <gpxdata:hr>137</gpxdata:hr>
     <gpxdata:distance>18956.50</gpxdata:distance>
     <gpxdata:speed>8.381</gpxdata:speed>
    </extensions>
   </trkpt>
   <trkpt lat="51.0609164" lon="13.7983889">
    <ele>104</ele>
    <time>2026-06-06T11:09:28Z</time>
    <extensions>
     <gpxdata:hr>136</gpxdata:hr>
     <gpxdata:distance>18965.00</gpxdata:distance>
     <gpxdata:speed>8.275</gpxdata:speed>
    </extensions>
   </trkpt>
   <trkpt lat="51.0609470" lon="13.7982811">
    <ele>105</ele>
    <time>2026-06-06T11:09:29Z</time>
    <extensions>
     <gpxdata:hr>136</gpxdata:hr>
     <gpxdata:distance>18973.00</gpxdata:distance>
     <gpxdata:speed>8.256</gpxdata:speed>
    </extensions>
   </trkpt>
   <trkpt lat="51.0609764" lon="13.7981715">
    <ele>105</ele>
    <time>2026-06-06T11:09:30Z</time>
    <extensions>
     <gpxdata:hr>137</gpxdata:hr>
     <gpxdata:distance>18981.00</gpxdata:distance>
     <gpxdata:speed>8.281</gpxdata:speed>
    </extensions>
   </trkpt>
   <trkpt lat="51.0610053" lon="13.7980608">
    <ele>105</ele>
    <time>2026-06-06T11:09:31Z</time>
    <extensions>
     <gpxdata:hr>137</gpxdata:hr>
     <gpxdata:distance>18989.50</gpxdata:distance>
     <gpxdata:speed>8.306</gpxdata:speed>
    </extensions>
   </trkpt>
   <trkpt lat="51.0610341" lon="13.7979493">
    <ele>105</ele>
    <time>2026-06-06T11:09:32Z</time>
    <extensions>
     <gpxdata:hr>137</gpxdata:hr>
     <gpxdata:distance>18998.00</gpxdata:distance>
     <gpxdata:speed>8.331</gpxdata:speed>
    </extensions>
   </trkpt>
   <trkpt lat="51.0610635" lon="13.7978376">
    <ele>105</ele>
    <time>2026-06-06T11:09:33Z</time>
    <extensions>
     <gpxdata:hr>138</gpxdata:hr>
     <gpxdata:distance>19006.50</gpxdata:distance>
     <gpxdata:speed>8.364</gpxdata:speed>
    </extensions>
   </trkpt>
   <trkpt lat="51.0610931" lon="13.7977258">
    <ele>105</ele>
    <time>2026-06-06T11:09:34Z</time>
    <extensions>
     <gpxdata:hr>138</gpxdata:hr>
     <gpxdata:distance>19015.00</gpxdata:distance>
     <gpxdata:speed>8.394</gpxdata:speed>
    </extensions>
   </trkpt>
   <trkpt lat="51.0611225" lon="13.7976136">
    <ele>105</ele>
    <time>2026-06-06T11:09:35Z</time>
    <extensions>
     <gpxdata:hr>138</gpxdata:hr>
     <gpxdata:distance>19023.50</gpxdata:distance>
     <gpxdata:speed>8.425</gpxdata:speed>
    </extensions>
   </trkpt>
   <trkpt lat="51.0611518" lon="13.7975008">
    <ele>105</ele>
    <time>2026-06-06T11:09:36Z</time>
    <extensions>
     <gpxdata:hr>138</gpxdata:hr>
     <gpxdata:distance>19032.00</gpxdata:distance>
     <gpxdata:speed>8.456</gpxdata:speed>
    </extensions>
   </trkpt>
   <trkpt lat="51.0611813" lon="13.7973871">
    <ele>105</ele>
    <time>2026-06-06T11:09:37Z</time>
    <extensions>
     <gpxdata:hr>138</gpxdata:hr>
     <gpxdata:distance>19040.50</gpxdata:distance>
     <gpxdata:speed>8.489</gpxdata:speed>
    </extensions>
   </trkpt>
   <trkpt lat="51.0612111" lon="13.7972730">
    <ele>105</ele>
    <time>2026-06-06T11:09:38Z</time>
    <extensions>
     <gpxdata:hr>138</gpxdata:hr>
     <gpxdata:distance>19049.00</gpxdata:distance>
     <gpxdata:speed>8.536</gpxdata:speed>
    </extensions>
   </trkpt>
   <trkpt lat="51.0612415" lon="13.7971591">
    <ele>105</ele>
    <time>2026-06-06T11:09:39Z</time>
    <extensions>
     <gpxdata:hr>139</gpxdata:hr>
     <gpxdata:distance>19058.00</gpxdata:distance>
     <gpxdata:speed>8.575</gpxdata:speed>
    </extensions>
   </trkpt>
   <trkpt lat="51.0612717" lon="13.7970448">
    <ele>105</ele>
    <time>2026-06-06T11:09:40Z</time>
    <extensions>
     <gpxdata:hr>139</gpxdata:hr>
     <gpxdata:distance>19067.00</gpxdata:distance>
     <gpxdata:speed>8.606</gpxdata:speed>
    </extensions>
   </trkpt>
   <trkpt lat="51.0613013" lon="13.7969296">
    <ele>105</ele>
    <time>2026-06-06T11:09:41Z</time>
    <extensions>
     <gpxdata:hr>139</gpxdata:hr>
     <gpxdata:distance>19075.50</gpxdata:distance>
     <gpxdata:speed>8.631</gpxdata:speed>
    </extensions>
   </trkpt>
   <trkpt lat="51.0613303" lon="13.7968141">
    <ele>105</ele>
    <time>2026-06-06T11:09:42Z</time>
    <extensions>
     <gpxdata:hr>139</gpxdata:hr>
     <gpxdata:distance>19084.00</gpxdata:distance>
     <gpxdata:speed>8.658</gpxdata:speed>
    </extensions>
   </trkpt>
   <trkpt lat="51.0613590" lon="13.7966981">
    <ele>105</ele>
    <time>2026-06-06T11:09:43Z</time>
    <extensions>
     <gpxdata:hr>140</gpxdata:hr>
     <gpxdata:distance>19092.50</gpxdata:distance>
     <gpxdata:speed>8.678</gpxdata:speed>
    </extensions>
   </trkpt>
   <trkpt lat="51.0613867" lon="13.7965814">
    <ele>105</ele>
    <time>2026-06-06T11:09:44Z</time>
    <extensions>
     <gpxdata:hr>139</gpxdata:hr>
     <gpxdata:distance>19101.00</gpxdata:distance>
     <gpxdata:speed>8.692</gpxdata:speed>
    </extensions>
   </trkpt>
   <trkpt lat="51.0614122" lon="13.7964634">
    <ele>105</ele>
    <time>2026-06-06T11:09:45Z</time>
    <extensions>
     <gpxdata:hr>138</gpxdata:hr>
     <gpxdata:distance>19110.00</gpxdata:distance>
     <gpxdata:speed>8.708</gpxdata:speed>
    </extensions>
   </trkpt>
   <trkpt lat="51.0614352" lon="13.7963440">
    <ele>106</ele>
    <time>2026-06-06T11:09:46Z</time>
    <extensions>
     <gpxdata:hr>137</gpxdata:hr>
     <gpxdata:distance>19119.00</gpxdata:distance>
     <gpxdata:speed>8.714</gpxdata:speed>
    </extensions>
   </trkpt>
   <trkpt lat="51.0614563" lon="13.7962237">
    <ele>106</ele>
    <time>2026-06-06T11:09:47Z</time>
    <extensions>
     <gpxdata:hr>136</gpxdata:hr>
     <gpxdata:distance>19127.50</gpxdata:distance>
     <gpxdata:speed>8.725</gpxdata:speed>
    </extensions>
   </trkpt>
   <trkpt lat="51.0614758" lon="13.7961029">
    <ele>106</ele>
    <time>2026-06-06T11:09:48Z</time>
    <extensions>
     <gpxdata:hr>136</gpxdata:hr>
     <gpxdata:distance>19136.00</gpxdata:distance>
     <gpxdata:speed>8.731</gpxdata:speed>
    </extensions>
   </trkpt>
   <trkpt lat="51.0614919" lon="13.7959824">
    <ele>106</ele>
    <time>2026-06-06T11:09:49Z</time>
    <extensions>
     <gpxdata:hr>136</gpxdata:hr>
     <gpxdata:distance>19145.00</gpxdata:distance>
     <gpxdata:speed>8.728</gpxdata:speed>
    </extensions>
   </trkpt>
   <trkpt lat="51.0615019" lon="13.7958616">
    <ele>106</ele>
    <time>2026-06-06T11:09:50Z</time>
    <extensions>
     <gpxdata:hr>136</gpxdata:hr>
     <gpxdata:distance>19154.00</gpxdata:distance>
     <gpxdata:speed>8.683</gpxdata:speed>
    </extensions>
   </trkpt>
   <trkpt lat="51.0615032" lon="13.7957409">
    <ele>106</ele>
    <time>2026-06-06T11:09:51Z</time>
    <extensions>
     <gpxdata:hr>136</gpxdata:hr>
     <gpxdata:distance>19162.50</gpxdata:distance>
     <gpxdata:speed>8.633</gpxdata:speed>
    </extensions>
   </trkpt>
   <trkpt lat="51.0614950" lon="13.7956216">
    <ele>106</ele>
    <time>2026-06-06T11:09:52Z</time>
    <extensions>
     <gpxdata:hr>136</gpxdata:hr>
     <gpxdata:distance>19171.00</gpxdata:distance>
     <gpxdata:speed>8.581</gpxdata:speed>
    </extensions>
   </trkpt>
   <trkpt lat="51.0614772" lon="13.7955052">
    <ele>106</ele>
    <time>2026-06-06T11:09:53Z</time>
    <extensions>
     <gpxdata:hr>135</gpxdata:hr>
     <gpxdata:distance>19179.00</gpxdata:distance>
     <gpxdata:speed>8.531</gpxdata:speed>
    </extensions>
   </trkpt>
   <trkpt lat="51.0614511" lon="13.7953929">
    <ele>106</ele>
    <time>2026-06-06T11:09:54Z</time>
    <extensions>
     <gpxdata:hr>135</gpxdata:hr>
     <gpxdata:distance>19187.00</gpxdata:distance>
     <gpxdata:speed>8.483</gpxdata:speed>
    </extensions>
   </trkpt>
   <trkpt lat="51.0614212" lon="13.7952846">
    <ele>106</ele>
    <time>2026-06-06T11:09:55Z</time>
    <extensions>
     <gpxdata:hr>135</gpxdata:hr>
     <gpxdata:distance>19195.50</gpxdata:distance>
     <gpxdata:speed>8.442</gpxdata:speed>
    </extensions>
   </trkpt>
   <trkpt lat="51.0613950" lon="13.7951785">
    <ele>106</ele>
    <time>2026-06-06T11:09:56Z</time>
    <extensions>
     <gpxdata:hr>135</gpxdata:hr>
     <gpxdata:distance>19204.00</gpxdata:distance>
     <gpxdata:speed>8.361</gpxdata:speed>
    </extensions>
   </trkpt>
   <trkpt lat="51.0613792" lon="13.7950794">
    <ele>106</ele>
    <time>2026-06-06T11:09:57Z</time>
    <extensions>
     <gpxdata:hr>135</gpxdata:hr>
     <gpxdata:distance>19211.00</gpxdata:distance>
     <gpxdata:speed>8.011</gpxdata:speed>
    </extensions>
   </trkpt>
   <trkpt lat="51.0613761" lon="13.7949907">
    <ele>106</ele>
    <time>2026-06-06T11:09:58Z</time>
    <extensions>
     <gpxdata:hr>136</gpxdata:hr>
     <gpxdata:distance>19218.00</gpxdata:distance>
     <gpxdata:speed>7.275</gpxdata:speed>
    </extensions>
   </trkpt>
   <trkpt lat="51.0613825" lon="13.7949074">
    <ele>106</ele>
    <time>2026-06-06T11:09:59Z</time>
    <extensions>
     <gpxdata:hr>136</gpxdata:hr>
     <gpxdata:distance>19223.50</gpxdata:distance>
     <gpxdata:speed>6.472</gpxdata:speed>
    </extensions>
   </trkpt>
   <trkpt lat="51.0613950" lon="13.7948230">
    <ele>106</ele>
    <time>2026-06-06T11:10:00Z</time>
    <extensions>
     <gpxdata:hr>136</gpxdata:hr>
     <gpxdata:distance>19229.00</gpxdata:distance>
     <gpxdata:speed>6.172</gpxdata:speed>
    </extensions>
   </trkpt>
   <trkpt lat="51.0614109" lon="13.7947341">
    <ele>106</ele>
    <time>2026-06-06T11:10:01Z</time>
    <extensions>
     <gpxdata:hr>136</gpxdata:hr>
     <gpxdata:distance>19236.00</gpxdata:distance>
     <gpxdata:speed>6.275</gpxdata:speed>
    </extensions>
   </trkpt>
   <trkpt lat="51.0614288" lon="13.7946397">
    <ele>107</ele>
    <time>2026-06-06T11:10:02Z</time>
    <extensions>
     <gpxdata:hr>137</gpxdata:hr>
     <gpxdata:distance>19243.00</gpxdata:distance>
     <gpxdata:speed>6.519</gpxdata:speed>
    </extensions>
   </trkpt>
   <trkpt lat="51.0614480" lon="13.7945403">
    <ele>107</ele>
    <time>2026-06-06T11:10:03Z</time>
    <extensions>
     <gpxdata:hr>138</gpxdata:hr>
     <gpxdata:distance>19250.00</gpxdata:distance>
     <gpxdata:speed>6.842</gpxdata:speed>
    </extensions>
   </trkpt>
   <trkpt lat="51.0614680" lon="13.7944377">
    <ele>107</ele>
    <time>2026-06-06T11:10:04Z</time>
    <extensions>
     <gpxdata:hr>139</gpxdata:hr>
     <gpxdata:distance>19257.00</gpxdata:distance>
     <gpxdata:speed>7.003</gpxdata:speed>
    </extensions>
   </trkpt>
   <trkpt lat="51.0614887" lon="13.7943326">
    <ele>107</ele>
    <time>2026-06-06T11:10:05Z</time>
    <extensions>
     <gpxdata:hr>139</gpxdata:hr>
     <gpxdata:distance>19265.00</gpxdata:distance>
     <gpxdata:speed>7.161</gpxdata:speed>
    </extensions>
   </trkpt>
   <trkpt lat="51.0615100" lon="13.7942257">
    <ele>107</ele>
    <time>2026-06-06T11:10:06Z</time>
    <extensions>
     <gpxdata:hr>141</gpxdata:hr>
     <gpxdata:distance>19273.00</gpxdata:distance>
     <gpxdata:speed>7.328</gpxdata:speed>
    </extensions>
   </trkpt>
   <trkpt lat="51.0615313" lon="13.7941176">
    <ele>107</ele>
    <time>2026-06-06T11:10:07Z</time>
    <extensions>
     <gpxdata:hr>141</gpxdata:hr>
     <gpxdata:distance>19281.00</gpxdata:distance>
     <gpxdata:speed>7.492</gpxdata:speed>
    </extensions>
   </trkpt>
   <trkpt lat="51.0615520" lon="13.7940078">
    <ele>107</ele>
    <time>2026-06-06T11:10:08Z</time>
    <extensions>
     <gpxdata:hr>142</gpxdata:hr>
     <gpxdata:distance>19289.00</gpxdata:distance>
     <gpxdata:speed>7.800</gpxdata:speed>
    </extensions>
   </trkpt>
   <trkpt lat="51.0615724" lon="13.7938962">
    <ele>107</ele>
    <time>2026-06-06T11:10:09Z</time>
    <extensions>
     <gpxdata:hr>142</gpxdata:hr>
     <gpxdata:distance>19297.00</gpxdata:distance>
     <gpxdata:speed>7.950</gpxdata:speed>
    </extensions>
   </trkpt>
   <trkpt lat="51.0615925" lon="13.7937824">
    <ele>107</ele>
    <time>2026-06-06T11:10:10Z</time>
    <extensions>
     <gpxdata:hr>143</gpxdata:hr>
     <gpxdata:distance>19305.00</gpxdata:distance>
     <gpxdata:speed>8.083</gpxdata:speed>
    </extensions>
   </trkpt>
   <trkpt lat="51.0616130" lon="13.7936668">
    <ele>107</ele>
    <time>2026-06-06T11:10:11Z</time>
    <extensions>
     <gpxdata:hr>143</gpxdata:hr>
     <gpxdata:distance>19313.50</gpxdata:distance>
     <gpxdata:speed>8.219</gpxdata:speed>
    </extensions>
   </trkpt>
   <trkpt lat="51.0616341" lon="13.7935495">
    <ele>107</ele>
    <time>2026-06-06T11:10:12Z</time>
    <extensions>
     <gpxdata:hr>144</gpxdata:hr>
     <gpxdata:distance>19322.00</gpxdata:distance>
     <gpxdata:speed>8.356</gpxdata:speed>
    </extensions>
   </trkpt>
   <trkpt lat="51.0616561" lon="13.7934309">
    <ele>107</ele>
    <time>2026-06-06T11:10:13Z</time>
    <extensions>
     <gpxdata:hr>143</gpxdata:hr>
     <gpxdata:distance>19330.50</gpxdata:distance>
     <gpxdata:speed>8.486</gpxdata:speed>
    </extensions>
   </trkpt>
   <trkpt lat="51.0616790" lon="13.7933119">
    <ele>106</ele>
    <time>2026-06-06T11:10:14Z</time>
    <extensions>
     <gpxdata:hr>143</gpxdata:hr>
     <gpxdata:distance>19339.00</gpxdata:distance>
     <gpxdata:speed>8.592</gpxdata:speed>
    </extensions>
   </trkpt>
   <trkpt lat="51.0617019" lon="13.7931926">
    <ele>106</ele>
    <time>2026-06-06T11:10:15Z</time>
    <extensions>
     <gpxdata:hr>143</gpxdata:hr>
     <gpxdata:distance>19348.00</gpxdata:distance>
     <gpxdata:speed>8.650</gpxdata:speed>
    </extensions>
   </trkpt>
   <trkpt lat="51.0617247" lon="13.7930736">
    <ele>106</ele>
    <time>2026-06-06T11:10:16Z</time>
    <extensions>
     <gpxdata:hr>143</gpxdata:hr>
     <gpxdata:distance>19357.00</gpxdata:distance>
     <gpxdata:speed>8.686</gpxdata:speed>
    </extensions>
   </trkpt>
   <trkpt lat="51.0617477" lon="13.7929546">
    <ele>106</ele>
    <time>2026-06-06T11:10:17Z</time>
    <extensions>
     <gpxdata:hr>144</gpxdata:hr>
     <gpxdata:distance>19365.50</gpxdata:distance>
     <gpxdata:speed>8.692</gpxdata:speed>
    </extensions>
   </trkpt>
   <trkpt lat="51.0617706" lon="13.7928353">
    <ele>106</ele>
    <time>2026-06-06T11:10:18Z</time>
    <extensions>
     <gpxdata:hr>143</gpxdata:hr>
     <gpxdata:distance>19374.00</gpxdata:distance>
     <gpxdata:speed>8.708</gpxdata:speed>
    </extensions>
   </trkpt>
   <trkpt lat="51.0617926" lon="13.7927153">
    <ele>105</ele>
    <time>2026-06-06T11:10:19Z</time>
    <extensions>
     <gpxdata:hr>144</gpxdata:hr>
     <gpxdata:distance>19382.50</gpxdata:distance>
     <gpxdata:speed>8.725</gpxdata:speed>
    </extensions>
   </trkpt>
   <trkpt lat="51.0618134" lon="13.7925942">
    <ele>105</ele>
    <time>2026-06-06T11:10:20Z</time>
    <extensions>
     <gpxdata:hr>145</gpxdata:hr>
     <gpxdata:distance>19391.00</gpxdata:distance>
     <gpxdata:speed>8.742</gpxdata:speed>
    </extensions>
   </trkpt>
   <trkpt lat="51.0618337" lon="13.7924720">
    <ele>105</ele>
    <time>2026-06-06T11:10:21Z</time>
    <extensions>
     <gpxdata:hr>144</gpxdata:hr>
     <gpxdata:distance>19400.00</gpxdata:distance>
     <gpxdata:speed>8.761</gpxdata:speed>
    </extensions>
   </trkpt>
   <trkpt lat="51.0618542" lon="13.7923491">
    <ele>105</ele>
    <time>2026-06-06T11:10:22Z</time>
    <extensions>
     <gpxdata:hr>144</gpxdata:hr>
     <gpxdata:distance>19409.00</gpxdata:distance>
     <gpxdata:speed>8.797</gpxdata:speed>
    </extensions>
   </trkpt>
   <trkpt lat="51.0618742" lon="13.7922260">
    <ele>105</ele>
    <time>2026-06-06T11:10:23Z</time>
    <extensions>
     <gpxdata:hr>144</gpxdata:hr>
     <gpxdata:distance>19418.00</gpxdata:distance>
     <gpxdata:speed>8.836</gpxdata:speed>
    </extensions>
   </trkpt>
   <trkpt lat="51.0618936" lon="13.7921031">
    <ele>105</ele>
    <time>2026-06-06T11:10:24Z</time>
    <extensions>
     <gpxdata:hr>145</gpxdata:hr>
     <gpxdata:distance>19427.00</gpxdata:distance>
     <gpxdata:speed>8.853</gpxdata:speed>
    </extensions>
   </trkpt>
   <trkpt lat="51.0619125" lon="13.7919802">
    <ele>105</ele>
    <time>2026-06-06T11:10:25Z</time>
    <extensions>
     <gpxdata:hr>143</gpxdata:hr>
     <gpxdata:distance>19436.00</gpxdata:distance>
     <gpxdata:speed>8.853</gpxdata:speed>
    </extensions>
   </trkpt>
   <trkpt lat="51.0619319" lon="13.7918575">
    <ele>105</ele>
    <time>2026-06-06T11:10:26Z</time>
    <extensions>
     <gpxdata:hr>143</gpxdata:hr>
     <gpxdata:distance>19445.00</gpxdata:distance>
     <gpxdata:speed>8.853</gpxdata:speed>
    </extensions>
   </trkpt>
   <trkpt lat="51.0619520" lon="13.7917350">
    <ele>105</ele>
    <time>2026-06-06T11:10:27Z</time>
    <extensions>
     <gpxdata:hr>143</gpxdata:hr>
     <gpxdata:distance>19453.50</gpxdata:distance>
     <gpxdata:speed>8.858</gpxdata:speed>
    </extensions>
   </trkpt>
   <trkpt lat="51.0619722" lon="13.7916127">
    <ele>105</ele>
    <time>2026-06-06T11:10:28Z</time>
    <extensions>
     <gpxdata:hr>143</gpxdata:hr>
     <gpxdata:distance>19462.00</gpxdata:distance>
     <gpxdata:speed>8.858</gpxdata:speed>
    </extensions>
   </trkpt>
   <trkpt lat="51.0619919" lon="13.7914900">
    <ele>105</ele>
    <time>2026-06-06T11:10:29Z</time>
    <extensions>
     <gpxdata:hr>143</gpxdata:hr>
     <gpxdata:distance>19471.00</gpxdata:distance>
     <gpxdata:speed>8.856</gpxdata:speed>
    </extensions>
   </trkpt>
   <trkpt lat="51.0620115" lon="13.7913666">
    <ele>105</ele>
    <time>2026-06-06T11:10:30Z</time>
    <extensions>
     <gpxdata:hr>143</gpxdata:hr>
     <gpxdata:distance>19480.00</gpxdata:distance>
     <gpxdata:speed>8.858</gpxdata:speed>
    </extensions>
   </trkpt>
   <trkpt lat="51.0620318" lon="13.7912432">
    <ele>105</ele>
    <time>2026-06-06T11:10:31Z</time>
    <extensions>
     <gpxdata:hr>143</gpxdata:hr>
     <gpxdata:distance>19489.00</gpxdata:distance>
     <gpxdata:speed>8.878</gpxdata:speed>
    </extensions>
   </trkpt>
   <trkpt lat="51.0620526" lon="13.7911197">
    <ele>105</ele>
    <time>2026-06-06T11:10:32Z</time>
    <extensions>
     <gpxdata:hr>144</gpxdata:hr>
     <gpxdata:distance>19498.00</gpxdata:distance>
     <gpxdata:speed>8.894</gpxdata:speed>
    </extensions>
   </trkpt>
   <trkpt lat="51.0620730" lon="13.7909959">
    <ele>105</ele>
    <time>2026-06-06T11:10:33Z</time>
    <extensions>
     <gpxdata:hr>143</gpxdata:hr>
     <gpxdata:distance>19507.00</gpxdata:distance>
     <gpxdata:speed>8.911</gpxdata:speed>
    </extensions>
   </trkpt>
   <trkpt lat="51.0620926" lon="13.7908722">
    <ele>105</ele>
    <time>2026-06-06T11:10:34Z</time>
    <extensions>
     <gpxdata:hr>143</gpxdata:hr>
     <gpxdata:distance>19516.00</gpxdata:distance>
     <gpxdata:speed>8.925</gpxdata:speed>
    </extensions>
   </trkpt>
   <trkpt lat="51.0621115" lon="13.7907488">
    <ele>105</ele>
    <time>2026-06-06T11:10:35Z</time>
    <extensions>
     <gpxdata:hr>143</gpxdata:hr>
     <gpxdata:distance>19525.00</gpxdata:distance>
     <gpxdata:speed>8.922</gpxdata:speed>
    </extensions>
   </trkpt>
   <trkpt lat="51.0621298" lon="13.7906257">
    <ele>105</ele>
    <time>2026-06-06T11:10:36Z</time>
    <extensions>
     <gpxdata:hr>143</gpxdata:hr>
     <gpxdata:distance>19534.00</gpxdata:distance>
     <gpxdata:speed>8.906</gpxdata:speed>
    </extensions>
   </trkpt>
   <trkpt lat="51.0621481" lon="13.7905025">
    <ele>105</ele>
    <time>2026-06-06T11:10:37Z</time>
    <extensions>
     <gpxdata:hr>143</gpxdata:hr>
     <gpxdata:distance>19542.50</gpxdata:distance>
     <gpxdata:speed>8.886</gpxdata:speed>
    </extensions>
   </trkpt>
   <trkpt lat="51.0621668" lon="13.7903787">
    <ele>105</ele>
    <time>2026-06-06T11:10:38Z</time>
    <extensions>
     <gpxdata:hr>143</gpxdata:hr>
     <gpxdata:distance>19551.00</gpxdata:distance>
     <gpxdata:speed>8.883</gpxdata:speed>
    </extensions>
   </trkpt>
   <trkpt lat="51.0621861" lon="13.7902551">
    <ele>105</ele>
    <time>2026-06-06T11:10:39Z</time>
    <extensions>
     <gpxdata:hr>144</gpxdata:hr>
     <gpxdata:distance>19560.00</gpxdata:distance>
     <gpxdata:speed>8.894</gpxdata:speed>
    </extensions>
   </trkpt>
   <trkpt lat="51.0622045" lon="13.7901314">
    <ele>105</ele>
    <time>2026-06-06T11:10:40Z</time>
    <extensions>
     <gpxdata:hr>144</gpxdata:hr>
     <gpxdata:distance>19569.00</gpxdata:distance>
     <gpxdata:speed>8.897</gpxdata:speed>
    </extensions>
   </trkpt>
   <trkpt lat="51.0622203" lon="13.7900070">
    <ele>105</ele>
    <time>2026-06-06T11:10:41Z</time>
    <extensions>
     <gpxdata:hr>144</gpxdata:hr>
     <gpxdata:distance>19578.00</gpxdata:distance>
     <gpxdata:speed>8.897</gpxdata:speed>
    </extensions>
   </trkpt>
   <trkpt lat="51.0622331" lon="13.7898832">
    <ele>105</ele>
    <time>2026-06-06T11:10:42Z</time>
    <extensions>
     <gpxdata:hr>143</gpxdata:hr>
     <gpxdata:distance>19587.00</gpxdata:distance>
     <gpxdata:speed>8.892</gpxdata:speed>
    </extensions>
   </trkpt>
   <trkpt lat="51.0622435" lon="13.7897612">
    <ele>105</ele>
    <time>2026-06-06T11:10:43Z</time>
    <extensions>
     <gpxdata:hr>143</gpxdata:hr>
     <gpxdata:distance>19595.50</gpxdata:distance>
     <gpxdata:speed>8.844</gpxdata:speed>
    </extensions>
   </trkpt>
   <trkpt lat="51.0622523" lon="13.7896433">
    <ele>105</ele>
    <time>2026-06-06T11:10:44Z</time>
    <extensions>
     <gpxdata:hr>142</gpxdata:hr>
     <gpxdata:distance>19604.00</gpxdata:distance>
     <gpxdata:speed>8.756</gpxdata:speed>
    </extensions>
   </trkpt>
   <trkpt lat="51.0622597" lon="13.7895316">
    <ele>105</ele>
    <time>2026-06-06T11:10:45Z</time>
    <extensions>
     <gpxdata:hr>141</gpxdata:hr>
     <gpxdata:distance>19612.00</gpxdata:distance>
     <gpxdata:speed>8.372</gpxdata:speed>
    </extensions>
   </trkpt>
   <trkpt lat="51.0622654" lon="13.7894260">
    <ele>105</ele>
    <time>2026-06-06T11:10:46Z</time>
    <extensions>
     <gpxdata:hr>141</gpxdata:hr>
     <gpxdata:distance>19620.00</gpxdata:distance>
     <gpxdata:speed>7.950</gpxdata:speed>
    </extensions>
   </trkpt>
   <trkpt lat="51.0622705" lon="13.7893259">
    <ele>106</ele>
    <time>2026-06-06T11:10:47Z</time>
    <extensions>
     <gpxdata:hr>141</gpxdata:hr>
     <gpxdata:distance>19626.50</gpxdata:distance>
     <gpxdata:speed>7.539</gpxdata:speed>
    </extensions>
   </trkpt>
   <trkpt lat="51.0622765" lon="13.7892309">
    <ele>106</ele>
    <time>2026-06-06T11:10:48Z</time>
    <extensions>
     <gpxdata:hr>140</gpxdata:hr>
     <gpxdata:distance>19633.00</gpxdata:distance>
     <gpxdata:speed>7.181</gpxdata:speed>
    </extensions>
   </trkpt>
   <trkpt lat="51.0622837" lon="13.7891413">
    <ele>106</ele>
    <time>2026-06-06T11:10:49Z</time>
    <extensions>
     <gpxdata:hr>138</gpxdata:hr>
     <gpxdata:distance>19639.50</gpxdata:distance>
     <gpxdata:speed>6.833</gpxdata:speed>
    </extensions>
   </trkpt>
   <trkpt lat="51.0622917" lon="13.7890559">
    <ele>106</ele>
    <time>2026-06-06T11:10:50Z</time>
    <extensions>
     <gpxdata:hr>137</gpxdata:hr>
     <gpxdata:distance>19646.00</gpxdata:distance>
     <gpxdata:speed>6.464</gpxdata:speed>
    </extensions>
   </trkpt>
   <trkpt lat="51.0623002" lon="13.7889717">
    <ele>106</ele>
    <time>2026-06-06T11:10:51Z</time>
    <extensions>
     <gpxdata:hr>137</gpxdata:hr>
     <gpxdata:distance>19652.00</gpxdata:distance>
     <gpxdata:speed>6.197</gpxdata:speed>
    </extensions>
   </trkpt>
   <trkpt lat="51.0623079" lon="13.7888851">
    <ele>106</ele>
    <time>2026-06-06T11:10:52Z</time>
    <extensions>
     <gpxdata:hr>136</gpxdata:hr>
     <gpxdata:distance>19658.00</gpxdata:distance>
     <gpxdata:speed>6.108</gpxdata:speed>
    </extensions>
   </trkpt>
   <trkpt lat="51.0623134" lon="13.7887927">
    <ele>106</ele>
    <time>2026-06-06T11:10:53Z</time>
    <extensions>
     <gpxdata:hr>136</gpxdata:hr>
     <gpxdata:distance>19664.50</gpxdata:distance>
     <gpxdata:speed>6.208</gpxdata:speed>
    </extensions>
   </trkpt>
   <trkpt lat="51.0623186" lon="13.7886927">
    <ele>106</ele>
    <time>2026-06-06T11:10:54Z</time>
    <extensions>
     <gpxdata:hr>135</gpxdata:hr>
     <gpxdata:distance>19671.00</gpxdata:distance>
     <gpxdata:speed>6.508</gpxdata:speed>
    </extensions>
   </trkpt>
   <trkpt lat="51.0623260" lon="13.7885860">
    <ele>106</ele>
    <time>2026-06-06T11:10:55Z</time>
    <extensions>
     <gpxdata:hr>135</gpxdata:hr>
     <gpxdata:distance>19679.00</gpxdata:distance>
     <gpxdata:speed>6.756</gpxdata:speed>
    </extensions>
   </trkpt>
   <trkpt lat="51.0623361" lon="13.7884743">
    <ele>106</ele>
    <time>2026-06-06T11:10:56Z</time>
    <extensions>
     <gpxdata:hr>134</gpxdata:hr>
     <gpxdata:distance>19687.00</gpxdata:distance>
     <gpxdata:speed>7.044</gpxdata:speed>
    </extensions>
   </trkpt>
   <trkpt lat="51.0623486" lon="13.7883597">
    <ele>106</ele>
    <time>2026-06-06T11:10:57Z</time>
    <extensions>
     <gpxdata:hr>135</gpxdata:hr>
     <gpxdata:distance>19695.00</gpxdata:distance>
     <gpxdata:speed>7.678</gpxdata:speed>
    </extensions>
   </trkpt>
   <trkpt lat="51.0623616" lon="13.7882431">
    <ele>106</ele>
    <time>2026-06-06T11:10:58Z</time>
    <extensions>
     <gpxdata:hr>136</gpxdata:hr>
     <gpxdata:distance>19703.00</gpxdata:distance>
     <gpxdata:speed>7.958</gpxdata:speed>
    </extensions>
   </trkpt>
   <trkpt lat="51.0623731" lon="13.7881256">
    <ele>106</ele>
    <time>2026-06-06T11:10:59Z</time>
    <extensions>
     <gpxdata:hr>137</gpxdata:hr>
     <gpxdata:distance>19711.00</gpxdata:distance>
     <gpxdata:speed>8.131</gpxdata:speed>
    </extensions>
   </trkpt>
   <trkpt lat="51.0623830" lon="13.7880081">
    <ele>106</ele>
    <time>2026-06-06T11:11:00Z</time>
    <extensions>
     <gpxdata:hr>138</gpxdata:hr>
     <gpxdata:distance>19719.00</gpxdata:distance>
     <gpxdata:speed>8.208</gpxdata:speed>
    </extensions>
   </trkpt>
   <trkpt lat="51.0623922" lon="13.7878906">
    <ele>107</ele>
    <time>2026-06-06T11:11:01Z</time>
    <extensions>
     <gpxdata:hr>140</gpxdata:hr>
     <gpxdata:distance>19727.50</gpxdata:distance>
     <gpxdata:speed>8.231</gpxdata:speed>
    </extensions>
   </trkpt>
   <trkpt lat="51.0624012" lon="13.7877742">
    <ele>107</ele>
    <time>2026-06-06T11:11:02Z</time>
    <extensions>
     <gpxdata:hr>140</gpxdata:hr>
     <gpxdata:distance>19736.00</gpxdata:distance>
     <gpxdata:speed>8.247</gpxdata:speed>
    </extensions>
   </trkpt>
   <trkpt lat="51.0624100" lon="13.7876596">
    <ele>107</ele>
    <time>2026-06-06T11:11:03Z</time>
    <extensions>
     <gpxdata:hr>140</gpxdata:hr>
     <gpxdata:distance>19744.00</gpxdata:distance>
     <gpxdata:speed>8.183</gpxdata:speed>
    </extensions>
   </trkpt>
   <trkpt lat="51.0624186" lon="13.7875468">
    <ele>107</ele>
    <time>2026-06-06T11:11:04Z</time>
    <extensions>
     <gpxdata:hr>143</gpxdata:hr>
     <gpxdata:distance>19752.00</gpxdata:distance>
     <gpxdata:speed>8.164</gpxdata:speed>
    </extensions>
   </trkpt>
   <trkpt lat="51.0624276" lon="13.7874354">
    <ele>107</ele>
    <time>2026-06-06T11:11:05Z</time>
    <extensions>
     <gpxdata:hr>143</gpxdata:hr>
     <gpxdata:distance>19760.00</gpxdata:distance>
     <gpxdata:speed>8.092</gpxdata:speed>
    </extensions>
   </trkpt>
   <trkpt lat="51.0624373" lon="13.7873244">
    <ele>107</ele>
    <time>2026-06-06T11:11:06Z</time>
    <extensions>
     <gpxdata:hr>143</gpxdata:hr>
     <gpxdata:distance>19768.00</gpxdata:distance>
     <gpxdata:speed>8.014</gpxdata:speed>
    </extensions>
   </trkpt>
   <trkpt lat="51.0624494" lon="13.7872145">
    <ele>107</ele>
    <time>2026-06-06T11:11:07Z</time>
    <extensions>
     <gpxdata:hr>144</gpxdata:hr>
     <gpxdata:distance>19775.50</gpxdata:distance>
     <gpxdata:speed>7.961</gpxdata:speed>
    </extensions>
   </trkpt>
   <trkpt lat="51.0624658" lon="13.7871066">
    <ele>107</ele>
    <time>2026-06-06T11:11:08Z</time>
    <extensions>
     <gpxdata:hr>145</gpxdata:hr>
     <gpxdata:distance>19783.00</gpxdata:distance>
     <gpxdata:speed>7.908</gpxdata:speed>
    </extensions>
   </trkpt>
   <trkpt lat="51.0624872" lon="13.7870004">
    <ele>107</ele>
    <time>2026-06-06T11:11:09Z</time>
    <extensions>
     <gpxdata:hr>144</gpxdata:hr>
     <gpxdata:distance>19791.00</gpxdata:distance>
     <gpxdata:speed>7.858</gpxdata:speed>
    </extensions>
   </trkpt>
   <trkpt lat="51.0625110" lon="13.7868946">
    <ele>107</ele>
    <time>2026-06-06T11:11:10Z</time>
    <extensions>
     <gpxdata:hr>144</gpxdata:hr>
     <gpxdata:distance>19799.00</gpxdata:distance>
     <gpxdata:speed>7.842</gpxdata:speed>
    </extensions>
   </trkpt>
   <trkpt lat="51.0625354" lon="13.7867882">
    <ele>107</ele>
    <time>2026-06-06T11:11:11Z</time>
    <extensions>
     <gpxdata:hr>144</gpxdata:hr>
     <gpxdata:distance>19807.00</gpxdata:distance>
     <gpxdata:speed>7.847</gpxdata:speed>
    </extensions>
   </trkpt>
   <trkpt lat="51.0625593" lon="13.7866809">
    <ele>107</ele>
    <time>2026-06-06T11:11:12Z</time>
    <extensions>
     <gpxdata:hr>145</gpxdata:hr>
     <gpxdata:distance>19815.00</gpxdata:distance>
     <gpxdata:speed>7.869</gpxdata:speed>
    </extensions>
   </trkpt>
   <trkpt lat="51.0625822" lon="13.7865725">
    <ele>107</ele>
    <time>2026-06-06T11:11:13Z</time>
    <extensions>
     <gpxdata:hr>145</gpxdata:hr>
     <gpxdata:distance>19823.00</gpxdata:distance>
     <gpxdata:speed>7.897</gpxdata:speed>
    </extensions>
   </trkpt>
   <trkpt lat="51.0626039" lon="13.7864631">
    <ele>107</ele>
    <time>2026-06-06T11:11:14Z</time>
    <extensions>
     <gpxdata:hr>145</gpxdata:hr>
     <gpxdata:distance>19831.00</gpxdata:distance>
     <gpxdata:speed>7.933</gpxdata:speed>
    </extensions>
   </trkpt>
   <trkpt lat="51.0626241" lon="13.7863531">
    <ele>107</ele>
    <time>2026-06-06T11:11:15Z</time>
    <extensions>
     <gpxdata:hr>146</gpxdata:hr>
     <gpxdata:distance>19839.00</gpxdata:distance>
     <gpxdata:speed>7.964</gpxdata:speed>
    </extensions>
   </trkpt>
   <trkpt lat="51.0626422" lon="13.7862428">
    <ele>107</ele>
    <time>2026-06-06T11:11:16Z</time>
    <extensions>
     <gpxdata:hr>145</gpxdata:hr>
     <gpxdata:distance>19847.00</gpxdata:distance>
     <gpxdata:speed>7.978</gpxdata:speed>
    </extensions>
   </trkpt>
   <trkpt lat="51.0626579" lon="13.7861330">
    <ele>107</ele>
    <time>2026-06-06T11:11:17Z</time>
    <extensions>
     <gpxdata:hr>144</gpxdata:hr>
     <gpxdata:distance>19855.00</gpxdata:distance>
     <gpxdata:speed>7.975</gpxdata:speed>
    </extensions>
   </trkpt>
   <trkpt lat="51.0626711" lon="13.7860255">
    <ele>107</ele>
    <time>2026-06-06T11:11:18Z</time>
    <extensions>
     <gpxdata:hr>145</gpxdata:hr>
     <gpxdata:distance>19863.00</gpxdata:distance>
     <gpxdata:speed>7.936</gpxdata:speed>
    </extensions>
   </trkpt>
   <trkpt lat="51.0626827" lon="13.7859219">
    <ele>107</ele>
    <time>2026-06-06T11:11:19Z</time>
    <extensions>
     <gpxdata:hr>145</gpxdata:hr>
     <gpxdata:distance>19870.00</gpxdata:distance>
     <gpxdata:speed>7.831</gpxdata:speed>
    </extensions>
   </trkpt>
   <trkpt lat="51.0626931" lon="13.7858228">
    <ele>108</ele>
    <time>2026-06-06T11:11:20Z</time>
    <extensions>
     <gpxdata:hr>145</gpxdata:hr>
     <gpxdata:distance>19877.00</gpxdata:distance>
     <gpxdata:speed>7.653</gpxdata:speed>
    </extensions>
   </trkpt>
   <trkpt lat="51.0627029" lon="13.7857272">
    <ele>108</ele>
    <time>2026-06-06T11:11:21Z</time>
    <extensions>
     <gpxdata:hr>145</gpxdata:hr>
     <gpxdata:distance>19884.00</gpxdata:distance>
     <gpxdata:speed>7.156</gpxdata:speed>
    </extensions>
   </trkpt>
   <trkpt lat="51.0627131" lon="13.7856338">
    <ele>108</ele>
    <time>2026-06-06T11:11:22Z</time>
    <extensions>
     <gpxdata:hr>144</gpxdata:hr>
     <gpxdata:distance>19891.00</gpxdata:distance>
     <gpxdata:speed>6.894</gpxdata:speed>
    </extensions>
   </trkpt>
   <trkpt lat="51.0627237" lon="13.7855411">
    <ele>108</ele>
    <time>2026-06-06T11:11:23Z</time>
    <extensions>
     <gpxdata:hr>144</gpxdata:hr>
     <gpxdata:distance>19897.50</gpxdata:distance>
     <gpxdata:speed>6.739</gpxdata:speed>
    </extensions>
   </trkpt>
   <trkpt lat="51.0627342" lon="13.7854480">
    <ele>108</ele>
    <time>2026-06-06T11:11:24Z</time>
    <extensions>
     <gpxdata:hr>144</gpxdata:hr>
     <gpxdata:distance>19904.00</gpxdata:distance>
     <gpxdata:speed>6.689</gpxdata:speed>
    </extensions>
   </trkpt>
   <trkpt lat="51.0627456" lon="13.7853545">
    <ele>108</ele>
    <time>2026-06-06T11:11:25Z</time>
    <extensions>
     <gpxdata:hr>145</gpxdata:hr>
     <gpxdata:distance>19910.50</gpxdata:distance>
     <gpxdata:speed>6.675</gpxdata:speed>
    </extensions>
   </trkpt>
   <trkpt lat="51.0627568" lon="13.7852608">
    <ele>108</ele>
    <time>2026-06-06T11:11:26Z</time>
    <extensions>
     <gpxdata:hr>145</gpxdata:hr>
     <gpxdata:distance>19917.00</gpxdata:distance>
     <gpxdata:speed>6.700</gpxdata:speed>
    </extensions>
   </trkpt>
   <trkpt lat="51.0627673" lon="13.7851678">
    <ele>108</ele>
    <time>2026-06-06T11:11:27Z</time>
    <extensions>
     <gpxdata:hr>144</gpxdata:hr>
     <gpxdata:distance>19923.50</gpxdata:distance>
     <gpxdata:speed>6.681</gpxdata:speed>
    </extensions>
   </trkpt>
   <trkpt lat="51.0627781" lon="13.7850769">
    <ele>108</ele>
    <time>2026-06-06T11:11:28Z</time>
    <extensions>
     <gpxdata:hr>143</gpxdata:hr>
     <gpxdata:distance>19930.00</gpxdata:distance>
     <gpxdata:speed>6.606</gpxdata:speed>
    </extensions>
   </trkpt>
   <trkpt lat="51.0627895" lon="13.7849879">
    <ele>108</ele>
    <time>2026-06-06T11:11:29Z</time>
    <extensions>
     <gpxdata:hr>142</gpxdata:hr>
     <gpxdata:distance>19936.50</gpxdata:distance>
     <gpxdata:speed>6.517</gpxdata:speed>
    </extensions>
   </trkpt>
   <trkpt lat="51.0628003" lon="13.7849011">
    <ele>108</ele>
    <time>2026-06-06T11:11:30Z</time>
    <extensions>
     <gpxdata:hr>140</gpxdata:hr>
     <gpxdata:distance>19943.00</gpxdata:distance>
     <gpxdata:speed>6.436</gpxdata:speed>
    </extensions>
   </trkpt>
   <trkpt lat="51.0628093" lon="13.7848156">
    <ele>108</ele>
    <time>2026-06-06T11:11:31Z</time>
    <extensions>
     <gpxdata:hr>138</gpxdata:hr>
     <gpxdata:distance>19949.00</gpxdata:distance>
     <gpxdata:speed>6.336</gpxdata:speed>
    </extensions>
   </trkpt>
   <trkpt lat="51.0628159" lon="13.7847309">
    <ele>108</ele>
    <time>2026-06-06T11:11:32Z</time>
    <extensions>
     <gpxdata:hr>137</gpxdata:hr>
     <gpxdata:distance>19955.00</gpxdata:distance>
     <gpxdata:speed>6.233</gpxdata:speed>
    </extensions>
   </trkpt>
   <trkpt lat="51.0628207" lon="13.7846435">
    <ele>107</ele>
    <time>2026-06-06T11:11:33Z</time>
    <extensions>
     <gpxdata:hr>137</gpxdata:hr>
     <gpxdata:distance>19961.00</gpxdata:distance>
     <gpxdata:speed>6.142</gpxdata:speed>
    </extensions>
   </trkpt>
   <trkpt lat="51.0628246" lon="13.7845535">
    <ele>107</ele>
    <time>2026-06-06T11:11:34Z</time>
    <extensions>
     <gpxdata:hr>137</gpxdata:hr>
     <gpxdata:distance>19967.00</gpxdata:distance>
     <gpxdata:speed>6.158</gpxdata:speed>
    </extensions>
   </trkpt>
   <trkpt lat="51.0628301" lon="13.7844611">
    <ele>107</ele>
    <time>2026-06-06T11:11:35Z</time>
    <extensions>
     <gpxdata:hr>136</gpxdata:hr>
     <gpxdata:distance>19973.50</gpxdata:distance>
     <gpxdata:speed>6.219</gpxdata:speed>
    </extensions>
   </trkpt>
   <trkpt lat="51.0628387" lon="13.7843666">
    <ele>107</ele>
    <time>2026-06-06T11:11:36Z</time>
    <extensions>
     <gpxdata:hr>137</gpxdata:hr>
     <gpxdata:distance>19980.00</gpxdata:distance>
     <gpxdata:speed>6.317</gpxdata:speed>
    </extensions>
   </trkpt>
   <trkpt lat="51.0628503" lon="13.7842693">
    <ele>107</ele>
    <time>2026-06-06T11:11:37Z</time>
    <extensions>
     <gpxdata:hr>136</gpxdata:hr>
     <gpxdata:distance>19987.00</gpxdata:distance>
     <gpxdata:speed>6.444</gpxdata:speed>
    </extensions>
   </trkpt>
   <trkpt lat="51.0628642" lon="13.7841682">
    <ele>107</ele>
    <time>2026-06-06T11:11:38Z</time>
    <extensions>
     <gpxdata:hr>137</gpxdata:hr>
     <gpxdata:distance>19994.00</gpxdata:distance>
     <gpxdata:speed>6.619</gpxdata:speed>
    </extensions>
   </trkpt>
   <trkpt lat="51.0628797" lon="13.7840618">
    <ele>107</ele>
    <time>2026-06-06T11:11:39Z</time>
    <extensions>
     <gpxdata:hr>138</gpxdata:hr>
     <gpxdata:distance>20002.00</gpxdata:distance>
     <gpxdata:speed>7.117</gpxdata:speed>
    </extensions>
   </trkpt>
   <trkpt lat="51.0628961" lon="13.7839495">
    <ele>107</ele>
    <time>2026-06-06T11:11:40Z</time>
    <extensions>
     <gpxdata:hr>139</gpxdata:hr>
     <gpxdata:distance>20010.00</gpxdata:distance>
     <gpxdata:speed>7.517</gpxdata:speed>
    </extensions>
   </trkpt>
   <trkpt lat="51.0629132" lon="13.7838326">
    <ele>107</ele>
    <time>2026-06-06T11:11:41Z</time>
    <extensions>
     <gpxdata:hr>139</gpxdata:hr>
     <gpxdata:distance>20018.50</gpxdata:distance>
     <gpxdata:speed>7.933</gpxdata:speed>
    </extensions>
   </trkpt>
   <trkpt lat="51.0629304" lon="13.7837132">
    <ele>108</ele>
    <time>2026-06-06T11:11:42Z</time>
    <extensions>
     <gpxdata:hr>139</gpxdata:hr>
     <gpxdata:distance>20027.00</gpxdata:distance>
     <gpxdata:speed>8.247</gpxdata:speed>
    </extensions>
   </trkpt>
   <trkpt lat="51.0629471" lon="13.7835926">
    <ele>108</ele>
    <time>2026-06-06T11:11:43Z</time>
    <extensions>
     <gpxdata:hr>140</gpxdata:hr>
     <gpxdata:distance>20035.50</gpxdata:distance>
     <gpxdata:speed>8.419</gpxdata:speed>
    </extensions>
   </trkpt>
   <trkpt lat="51.0629624" lon="13.7834714">
    <ele>108</ele>
    <time>2026-06-06T11:11:44Z</time>
    <extensions>
     <gpxdata:hr>141</gpxdata:hr>
     <gpxdata:distance>20044.00</gpxdata:distance>
     <gpxdata:speed>8.519</gpxdata:speed>
    </extensions>
   </trkpt>
   <trkpt lat="51.0629759" lon="13.7833501">
    <ele>108</ele>
    <time>2026-06-06T11:11:45Z</time>
    <extensions>
     <gpxdata:hr>141</gpxdata:hr>
     <gpxdata:distance>20052.50</gpxdata:distance>
     <gpxdata:speed>8.572</gpxdata:speed>
    </extensions>
   </trkpt>
   <trkpt lat="51.0629888" lon="13.7832281">
    <ele>108</ele>
    <time>2026-06-06T11:11:46Z</time>
    <extensions>
     <gpxdata:hr>141</gpxdata:hr>
     <gpxdata:distance>20061.00</gpxdata:distance>
     <gpxdata:speed>8.581</gpxdata:speed>
    </extensions>
   </trkpt>
   <trkpt lat="51.0630016" lon="13.7831055">
    <ele>108</ele>
    <time>2026-06-06T11:11:47Z</time>
    <extensions>
     <gpxdata:hr>142</gpxdata:hr>
     <gpxdata:distance>20070.00</gpxdata:distance>
     <gpxdata:speed>8.633</gpxdata:speed>
    </extensions>
   </trkpt>
   <trkpt lat="51.0630135" lon="13.7829816">
    <ele>108</ele>
    <time>2026-06-06T11:11:48Z</time>
    <extensions>
     <gpxdata:hr>142</gpxdata:hr>
     <gpxdata:distance>20079.00</gpxdata:distance>
     <gpxdata:speed>8.683</gpxdata:speed>
    </extensions>
   </trkpt>
   <trkpt lat="51.0630240" lon="13.7828562">
    <ele>108</ele>
    <time>2026-06-06T11:11:49Z</time>
    <extensions>
     <gpxdata:hr>142</gpxdata:hr>
     <gpxdata:distance>20087.50</gpxdata:distance>
     <gpxdata:speed>8.756</gpxdata:speed>
    </extensions>
   </trkpt>
   <trkpt lat="51.0630331" lon="13.7827298">
    <ele>108</ele>
    <time>2026-06-06T11:11:50Z</time>
    <extensions>
     <gpxdata:hr>143</gpxdata:hr>
     <gpxdata:distance>20096.00</gpxdata:distance>
     <gpxdata:speed>8.819</gpxdata:speed>
    </extensions>
   </trkpt>
   <trkpt lat="51.0630410" lon="13.7826021">
    <ele>107</ele>
    <time>2026-06-06T11:11:51Z</time>
    <extensions>
     <gpxdata:hr>145</gpxdata:hr>
     <gpxdata:distance>20105.00</gpxdata:distance>
     <gpxdata:speed>8.858</gpxdata:speed>
    </extensions>
   </trkpt>
   <trkpt lat="51.0630482" lon="13.7824739">
    <ele>107</ele>
    <time>2026-06-06T11:11:52Z</time>
    <extensions>
     <gpxdata:hr>146</gpxdata:hr>
     <gpxdata:distance>20114.00</gpxdata:distance>
     <gpxdata:speed>8.908</gpxdata:speed>
    </extensions>
   </trkpt>
   <trkpt lat="51.0630549" lon="13.7823445">
    <ele>106</ele>
    <time>2026-06-06T11:11:53Z</time>
    <extensions>
     <gpxdata:hr>145</gpxdata:hr>
     <gpxdata:distance>20123.00</gpxdata:distance>
     <gpxdata:speed>8.944</gpxdata:speed>
    </extensions>
   </trkpt>
   <trkpt lat="51.0630608" lon="13.7822139">
    <ele>106</ele>
    <time>2026-06-06T11:11:54Z</time>
    <extensions>
     <gpxdata:hr>145</gpxdata:hr>
     <gpxdata:distance>20132.00</gpxdata:distance>
     <gpxdata:speed>9.033</gpxdata:speed>
    </extensions>
   </trkpt>
   <trkpt lat="51.0630658" lon="13.7820825">
    <ele>106</ele>
    <time>2026-06-06T11:11:55Z</time>
    <extensions>
     <gpxdata:hr>144</gpxdata:hr>
     <gpxdata:distance>20141.50</gpxdata:distance>
     <gpxdata:speed>9.094</gpxdata:speed>
    </extensions>
   </trkpt>
   <trkpt lat="51.0630698" lon="13.7819504">
    <ele>106</ele>
    <time>2026-06-06T11:11:56Z</time>
    <extensions>
     <gpxdata:hr>143</gpxdata:hr>
     <gpxdata:distance>20151.00</gpxdata:distance>
     <gpxdata:speed>9.139</gpxdata:speed>
    </extensions>
   </trkpt>
   <trkpt lat="51.0630732" lon="13.7818174">
    <ele>106</ele>
    <time>2026-06-06T11:11:57Z</time>
    <extensions>
     <gpxdata:hr>144</gpxdata:hr>
     <gpxdata:distance>20160.00</gpxdata:distance>
     <gpxdata:speed>9.186</gpxdata:speed>
    </extensions>
   </trkpt>
   <trkpt lat="51.0630763" lon="13.7816835">
    <ele>105</ele>
    <time>2026-06-06T11:11:58Z</time>
    <extensions>
     <gpxdata:hr>144</gpxdata:hr>
     <gpxdata:distance>20169.00</gpxdata:distance>
     <gpxdata:speed>9.236</gpxdata:speed>
    </extensions>
   </trkpt>
   <trkpt lat="51.0630787" lon="13.7815492">
    <ele>106</ele>
    <time>2026-06-06T11:11:59Z</time>
    <extensions>
     <gpxdata:hr>145</gpxdata:hr>
     <gpxdata:distance>20178.50</gpxdata:distance>
     <gpxdata:speed>9.292</gpxdata:speed>
    </extensions>
   </trkpt>
   <trkpt lat="51.0630801" lon="13.7814140">
    <ele>106</ele>
    <time>2026-06-06T11:12:00Z</time>
    <extensions>
     <gpxdata:hr>144</gpxdata:hr>
     <gpxdata:distance>20188.00</gpxdata:distance>
     <gpxdata:speed>9.333</gpxdata:speed>
    </extensions>
   </trkpt>
   <trkpt lat="51.0630809" lon="13.7812782">
    <ele>106</ele>
    <time>2026-06-06T11:12:01Z</time>
    <extensions>
     <gpxdata:hr>144</gpxdata:hr>
     <gpxdata:distance>20197.50</gpxdata:distance>
     <gpxdata:speed>9.381</gpxdata:speed>
    </extensions>
   </trkpt>
   <trkpt lat="51.0630806" lon="13.7811426">
    <ele>106</ele>
    <time>2026-06-06T11:12:02Z</time>
    <extensions>
     <gpxdata:hr>145</gpxdata:hr>
     <gpxdata:distance>20207.00</gpxdata:distance>
     <gpxdata:speed>9.425</gpxdata:speed>
    </extensions>
   </trkpt>
   <trkpt lat="51.0630780" lon="13.7810078">
    <ele>106</ele>
    <time>2026-06-06T11:12:03Z</time>
    <extensions>
     <gpxdata:hr>145</gpxdata:hr>
     <gpxdata:distance>20216.50</gpxdata:distance>
     <gpxdata:speed>9.444</gpxdata:speed>
    </extensions>
   </trkpt>
   <trkpt lat="51.0630723" lon="13.7808743">
    <ele>106</ele>
    <time>2026-06-06T11:12:04Z</time>
    <extensions>
     <gpxdata:hr>144</gpxdata:hr>
     <gpxdata:distance>20226.00</gpxdata:distance>
     <gpxdata:speed>9.442</gpxdata:speed>
    </extensions>
   </trkpt>
   <trkpt lat="51.0630639" lon="13.7807418">
    <ele>106</ele>
    <time>2026-06-06T11:12:05Z</time>
    <extensions>
     <gpxdata:hr>145</gpxdata:hr>
     <gpxdata:distance>20235.50</gpxdata:distance>
     <gpxdata:speed>9.414</gpxdata:speed>
    </extensions>
   </trkpt>
   <trkpt lat="51.0630542" lon="13.7806099">
    <ele>106</ele>
    <time>2026-06-06T11:12:06Z</time>
    <extensions>
     <gpxdata:hr>146</gpxdata:hr>
     <gpxdata:distance>20245.00</gpxdata:distance>
     <gpxdata:speed>9.381</gpxdata:speed>
    </extensions>
   </trkpt>
   <trkpt lat="51.0630440" lon="13.7804785">
    <ele>106</ele>
    <time>2026-06-06T11:12:07Z</time>
    <extensions>
     <gpxdata:hr>147</gpxdata:hr>
     <gpxdata:distance>20254.00</gpxdata:distance>
     <gpxdata:speed>9.356</gpxdata:speed>
    </extensions>
   </trkpt>
   <trkpt lat="51.0630342" lon="13.7803475">
    <ele>106</ele>
    <time>2026-06-06T11:12:08Z</time>
    <extensions>
     <gpxdata:hr>146</gpxdata:hr>
     <gpxdata:distance>20263.00</gpxdata:distance>
     <gpxdata:speed>9.319</gpxdata:speed>
    </extensions>
   </trkpt>
   <trkpt lat="51.0630248" lon="13.7802166">
    <ele>106</ele>
    <time>2026-06-06T11:12:09Z</time>
    <extensions>
     <gpxdata:hr>146</gpxdata:hr>
     <gpxdata:distance>20272.50</gpxdata:distance>
     <gpxdata:speed>9.289</gpxdata:speed>
    </extensions>
   </trkpt>
   <trkpt lat="51.0630160" lon="13.7800859">
    <ele>106</ele>
    <time>2026-06-06T11:12:10Z</time>
    <extensions>
     <gpxdata:hr>146</gpxdata:hr>
     <gpxdata:distance>20282.00</gpxdata:distance>
     <gpxdata:speed>9.264</gpxdata:speed>
    </extensions>
   </trkpt>
   <trkpt lat="51.0630073" lon="13.7799556">
    <ele>106</ele>
    <time>2026-06-06T11:12:11Z</time>
    <extensions>
     <gpxdata:hr>146</gpxdata:hr>
     <gpxdata:distance>20291.00</gpxdata:distance>
     <gpxdata:speed>9.239</gpxdata:speed>
    </extensions>
   </trkpt>
   <trkpt lat="51.0629984" lon="13.7798253">
    <ele>106</ele>
    <time>2026-06-06T11:12:12Z</time>
    <extensions>
     <gpxdata:hr>146</gpxdata:hr>
     <gpxdata:distance>20300.00</gpxdata:distance>
     <gpxdata:speed>9.214</gpxdata:speed>
    </extensions>
   </trkpt>
   <trkpt lat="51.0629888" lon="13.7796953">
    <ele>106</ele>
    <time>2026-06-06T11:12:13Z</time>
    <extensions>
     <gpxdata:hr>146</gpxdata:hr>
     <gpxdata:distance>20309.00</gpxdata:distance>
     <gpxdata:speed>9.197</gpxdata:speed>
    </extensions>
   </trkpt>
   <trkpt lat="51.0629795" lon="13.7795668">
    <ele>106</ele>
    <time>2026-06-06T11:12:14Z</time>
    <extensions>
     <gpxdata:hr>146</gpxdata:hr>
     <gpxdata:distance>20318.00</gpxdata:distance>
     <gpxdata:speed>9.181</gpxdata:speed>
    </extensions>
   </trkpt>
   <trkpt lat="51.0629709" lon="13.7794403">
    <ele>106</ele>
    <time>2026-06-06T11:12:15Z</time>
    <extensions>
     <gpxdata:hr>147</gpxdata:hr>
     <gpxdata:distance>20327.00</gpxdata:distance>
     <gpxdata:speed>9.125</gpxdata:speed>
    </extensions>
   </trkpt>
   <trkpt lat="51.0629627" lon="13.7793153">
    <ele>106</ele>
    <time>2026-06-06T11:12:16Z</time>
    <extensions>
     <gpxdata:hr>146</gpxdata:hr>
     <gpxdata:distance>20336.00</gpxdata:distance>
     <gpxdata:speed>9.039</gpxdata:speed>
    </extensions>
   </trkpt>
   <trkpt lat="51.0629541" lon="13.7791914">
    <ele>106</ele>
    <time>2026-06-06T11:12:17Z</time>
    <extensions>
     <gpxdata:hr>147</gpxdata:hr>
     <gpxdata:distance>20344.50</gpxdata:distance>
     <gpxdata:speed>8.950</gpxdata:speed>
    </extensions>
   </trkpt>
   <trkpt lat="51.0629453" lon="13.7790673">
    <ele>106</ele>
    <time>2026-06-06T11:12:18Z</time>
    <extensions>
     <gpxdata:hr>146</gpxdata:hr>
     <gpxdata:distance>20353.00</gpxdata:distance>
     <gpxdata:speed>8.869</gpxdata:speed>
    </extensions>
   </trkpt>
   <trkpt lat="51.0629369" lon="13.7789429">
    <ele>106</ele>
    <time>2026-06-06T11:12:19Z</time>
    <extensions>
     <gpxdata:hr>145</gpxdata:hr>
     <gpxdata:distance>20362.00</gpxdata:distance>
     <gpxdata:speed>8.828</gpxdata:speed>
    </extensions>
   </trkpt>
   <trkpt lat="51.0629286" lon="13.7788179">
    <ele>106</ele>
    <time>2026-06-06T11:12:20Z</time>
    <extensions>
     <gpxdata:hr>144</gpxdata:hr>
     <gpxdata:distance>20371.00</gpxdata:distance>
     <gpxdata:speed>8.806</gpxdata:speed>
    </extensions>
   </trkpt>
   <trkpt lat="51.0629205" lon="13.7786923">
    <ele>106</ele>
    <time>2026-06-06T11:12:21Z</time>
    <extensions>
     <gpxdata:hr>145</gpxdata:hr>
     <gpxdata:distance>20380.00</gpxdata:distance>
     <gpxdata:speed>8.800</gpxdata:speed>
    </extensions>
   </trkpt>
   <trkpt lat="51.0629123" lon="13.7785662">
    <ele>106</ele>
    <time>2026-06-06T11:12:22Z</time>
    <extensions>
     <gpxdata:hr>144</gpxdata:hr>
     <gpxdata:distance>20389.00</gpxdata:distance>
     <gpxdata:speed>8.811</gpxdata:speed>
    </extensions>
   </trkpt>
   <trkpt lat="51.0629040" lon="13.7784396">
    <ele>106</ele>
    <time>2026-06-06T11:12:23Z</time>
    <extensions>
     <gpxdata:hr>144</gpxdata:hr>
     <gpxdata:distance>20398.00</gpxdata:distance>
     <gpxdata:speed>8.828</gpxdata:speed>
    </extensions>
   </trkpt>
   <trkpt lat="51.0628960" lon="13.7783124">
    <ele>106</ele>
    <time>2026-06-06T11:12:24Z</time>
    <extensions>
     <gpxdata:hr>145</gpxdata:hr>
     <gpxdata:distance>20407.00</gpxdata:distance>
     <gpxdata:speed>8.850</gpxdata:speed>
    </extensions>
   </trkpt>
   <trkpt lat="51.0628881" lon="13.7781846">
    <ele>106</ele>
    <time>2026-06-06T11:12:25Z</time>
    <extensions>
     <gpxdata:hr>145</gpxdata:hr>
     <gpxdata:distance>20416.00</gpxdata:distance>
     <gpxdata:speed>8.883</gpxdata:speed>
    </extensions>
   </trkpt>
   <trkpt lat="51.0628799" lon="13.7780572">
    <ele>106</ele>
    <time>2026-06-06T11:12:26Z</time>
    <extensions>
     <gpxdata:hr>146</gpxdata:hr>
     <gpxdata:distance>20425.00</gpxdata:distance>
     <gpxdata:speed>8.919</gpxdata:speed>
    </extensions>
   </trkpt>
   <trkpt lat="51.0628712" lon="13.7779307">
    <ele>106</ele>
    <time>2026-06-06T11:12:27Z</time>
    <extensions>
     <gpxdata:hr>145</gpxdata:hr>
     <gpxdata:distance>20433.50</gpxdata:distance>
     <gpxdata:speed>8.928</gpxdata:speed>
    </extensions>
   </trkpt>
   <trkpt lat="51.0628614" lon="13.7778051">
    <ele>106</ele>
    <time>2026-06-06T11:12:28Z</time>
    <extensions>
     <gpxdata:hr>145</gpxdata:hr>
     <gpxdata:distance>20442.00</gpxdata:distance>
     <gpxdata:speed>8.917</gpxdata:speed>
    </extensions>
   </trkpt>
   <trkpt lat="51.0628510" lon="13.7776803">
    <ele>105</ele>
    <time>2026-06-06T11:12:29Z</time>
    <extensions>
     <gpxdata:hr>145</gpxdata:hr>
     <gpxdata:distance>20451.00</gpxdata:distance>
     <gpxdata:speed>8.894</gpxdata:speed>
    </extensions>
   </trkpt>
   <trkpt lat="51.0628414" lon="13.7775561">
    <ele>105</ele>
    <time>2026-06-06T11:12:30Z</time>
    <extensions>
     <gpxdata:hr>145</gpxdata:hr>
     <gpxdata:distance>20460.00</gpxdata:distance>
     <gpxdata:speed>8.864</gpxdata:speed>
    </extensions>
   </trkpt>
   <trkpt lat="51.0628332" lon="13.7774322">
    <ele>105</ele>
    <time>2026-06-06T11:12:31Z</time>
    <extensions>
     <gpxdata:hr>145</gpxdata:hr>
     <gpxdata:distance>20468.50</gpxdata:distance>
     <gpxdata:speed>8.825</gpxdata:speed>
    </extensions>
   </trkpt>
   <trkpt lat="51.0628263" lon="13.7773084">
    <ele>105</ele>
    <time>2026-06-06T11:12:32Z</time>
    <extensions>
     <gpxdata:hr>145</gpxdata:hr>
     <gpxdata:distance>20477.00</gpxdata:distance>
     <gpxdata:speed>8.792</gpxdata:speed>
    </extensions>
   </trkpt>
   <trkpt lat="51.0628203" lon="13.7771839">
    <ele>105</ele>
    <time>2026-06-06T11:12:33Z</time>
    <extensions>
     <gpxdata:hr>145</gpxdata:hr>
     <gpxdata:distance>20486.00</gpxdata:distance>
     <gpxdata:speed>8.761</gpxdata:speed>
    </extensions>
   </trkpt>
   <trkpt lat="51.0628145" lon="13.7770588">
    <ele>106</ele>
    <time>2026-06-06T11:12:34Z</time>
    <extensions>
     <gpxdata:hr>144</gpxdata:hr>
     <gpxdata:distance>20495.00</gpxdata:distance>
     <gpxdata:speed>8.756</gpxdata:speed>
    </extensions>
   </trkpt>
   <trkpt lat="51.0628087" lon="13.7769342">
    <ele>106</ele>
    <time>2026-06-06T11:12:35Z</time>
    <extensions>
     <gpxdata:hr>144</gpxdata:hr>
     <gpxdata:distance>20503.50</gpxdata:distance>
     <gpxdata:speed>8.764</gpxdata:speed>
    </extensions>
   </trkpt>
   <trkpt lat="51.0628022" lon="13.7768113">
    <ele>106</ele>
    <time>2026-06-06T11:12:36Z</time>
    <extensions>
     <gpxdata:hr>143</gpxdata:hr>
     <gpxdata:distance>20512.00</gpxdata:distance>
     <gpxdata:speed>8.753</gpxdata:speed>
    </extensions>
   </trkpt>
   <trkpt lat="51.0627939" lon="13.7766895">
    <ele>106</ele>
    <time>2026-06-06T11:12:37Z</time>
    <extensions>
     <gpxdata:hr>143</gpxdata:hr>
     <gpxdata:distance>20520.50</gpxdata:distance>
     <gpxdata:speed>8.700</gpxdata:speed>
    </extensions>
   </trkpt>
   <trkpt lat="51.0627847" lon="13.7765673">
    <ele>106</ele>
    <time>2026-06-06T11:12:38Z</time>
    <extensions>
     <gpxdata:hr>143</gpxdata:hr>
     <gpxdata:distance>20529.00</gpxdata:distance>
     <gpxdata:speed>8.656</gpxdata:speed>
    </extensions>
   </trkpt>
   <trkpt lat="51.0627749" lon="13.7764443">
    <ele>106</ele>
    <time>2026-06-06T11:12:39Z</time>
    <extensions>
     <gpxdata:hr>143</gpxdata:hr>
     <gpxdata:distance>20538.00</gpxdata:distance>
     <gpxdata:speed>8.644</gpxdata:speed>
    </extensions>
   </trkpt>
   <trkpt lat="51.0627648" lon="13.7763211">
    <ele>106</ele>
    <time>2026-06-06T11:12:40Z</time>
    <extensions>
     <gpxdata:hr>143</gpxdata:hr>
     <gpxdata:distance>20547.00</gpxdata:distance>
     <gpxdata:speed>8.658</gpxdata:speed>
    </extensions>
   </trkpt>
   <trkpt lat="51.0627542" lon="13.7761984">
    <ele>106</ele>
    <time>2026-06-06T11:12:41Z</time>
    <extensions>
     <gpxdata:hr>143</gpxdata:hr>
     <gpxdata:distance>20555.50</gpxdata:distance>
     <gpxdata:speed>8.667</gpxdata:speed>
    </extensions>
   </trkpt>
   <trkpt lat="51.0627442" lon="13.7760765">
    <ele>106</ele>
    <time>2026-06-06T11:12:42Z</time>
    <extensions>
     <gpxdata:hr>142</gpxdata:hr>
     <gpxdata:distance>20564.00</gpxdata:distance>
     <gpxdata:speed>8.661</gpxdata:speed>
    </extensions>
   </trkpt>
   <trkpt lat="51.0627350" lon="13.7759553">
    <ele>106</ele>
    <time>2026-06-06T11:12:43Z</time>
    <extensions>
     <gpxdata:hr>142</gpxdata:hr>
     <gpxdata:distance>20572.50</gpxdata:distance>
     <gpxdata:speed>8.633</gpxdata:speed>
    </extensions>
   </trkpt>
   <trkpt lat="51.0627261" lon="13.7758350">
    <ele>106</ele>
    <time>2026-06-06T11:12:44Z</time>
    <extensions>
     <gpxdata:hr>142</gpxdata:hr>
     <gpxdata:distance>20581.00</gpxdata:distance>
     <gpxdata:speed>8.600</gpxdata:speed>
    </extensions>
   </trkpt>
   <trkpt lat="51.0627172" lon="13.7757163">
    <ele>106</ele>
    <time>2026-06-06T11:12:45Z</time>
    <extensions>
     <gpxdata:hr>142</gpxdata:hr>
     <gpxdata:distance>20589.50</gpxdata:distance>
     <gpxdata:speed>8.553</gpxdata:speed>
    </extensions>
   </trkpt>
   <trkpt lat="51.0627081" lon="13.7755985">
    <ele>106</ele>
    <time>2026-06-06T11:12:46Z</time>
    <extensions>
     <gpxdata:hr>142</gpxdata:hr>
     <gpxdata:distance>20598.00</gpxdata:distance>
     <gpxdata:speed>8.483</gpxdata:speed>
    </extensions>
   </trkpt>
   <trkpt lat="51.0626994" lon="13.7754793">
    <ele>106</ele>
    <time>2026-06-06T11:12:47Z</time>
    <extensions>
     <gpxdata:hr>142</gpxdata:hr>
     <gpxdata:distance>20606.50</gpxdata:distance>
     <gpxdata:speed>8.417</gpxdata:speed>
    </extensions>
   </trkpt>
   <trkpt lat="51.0626916" lon="13.7753567">
    <ele>106</ele>
    <time>2026-06-06T11:12:48Z</time>
    <extensions>
     <gpxdata:hr>142</gpxdata:hr>
     <gpxdata:distance>20615.00</gpxdata:distance>
     <gpxdata:speed>8.425</gpxdata:speed>
    </extensions>
   </trkpt>
   <trkpt lat="51.0626851" lon="13.7752307">
    <ele>106</ele>
    <time>2026-06-06T11:12:49Z</time>
    <extensions>
     <gpxdata:hr>141</gpxdata:hr>
     <gpxdata:distance>20623.50</gpxdata:distance>
     <gpxdata:speed>8.508</gpxdata:speed>
    </extensions>
   </trkpt>
   <trkpt lat="51.0626788" lon="13.7751023">
    <ele>106</ele>
    <time>2026-06-06T11:12:50Z</time>
    <extensions>
     <gpxdata:hr>141</gpxdata:hr>
     <gpxdata:distance>20632.00</gpxdata:distance>
     <gpxdata:speed>8.636</gpxdata:speed>
    </extensions>
   </trkpt>
   <trkpt lat="51.0626720" lon="13.7749730">
    <ele>107</ele>
    <time>2026-06-06T11:12:51Z</time>
    <extensions>
     <gpxdata:hr>141</gpxdata:hr>
     <gpxdata:distance>20641.50</gpxdata:distance>
     <gpxdata:speed>8.767</gpxdata:speed>
    </extensions>
   </trkpt>
   <trkpt lat="51.0626654" lon="13.7748445">
    <ele>107</ele>
    <time>2026-06-06T11:12:52Z</time>
    <extensions>
     <gpxdata:hr>141</gpxdata:hr>
     <gpxdata:distance>20651.00</gpxdata:distance>
     <gpxdata:speed>8.867</gpxdata:speed>
    </extensions>
   </trkpt>
   <trkpt lat="51.0626619" lon="13.7747202">
    <ele>107</ele>
    <time>2026-06-06T11:12:53Z</time>
    <extensions>
     <gpxdata:hr>141</gpxdata:hr>
     <gpxdata:distance>20659.50</gpxdata:distance>
     <gpxdata:speed>8.911</gpxdata:speed>
    </extensions>
   </trkpt>
   <trkpt lat="51.0626604" lon="13.7746038">
    <ele>107</ele>
    <time>2026-06-06T11:12:54Z</time>
    <extensions>
     <gpxdata:hr>142</gpxdata:hr>
     <gpxdata:distance>20668.00</gpxdata:distance>
     <gpxdata:speed>8.817</gpxdata:speed>
    </extensions>
   </trkpt>
   <trkpt lat="51.0626588" lon="13.7744966">
    <ele>107</ele>
    <time>2026-06-06T11:12:55Z</time>
    <extensions>
     <gpxdata:hr>143</gpxdata:hr>
     <gpxdata:distance>20675.50</gpxdata:distance>
     <gpxdata:speed>8.553</gpxdata:speed>
    </extensions>
   </trkpt>
   <trkpt lat="51.0626565" lon="13.7743981">
    <ele>107</ele>
    <time>2026-06-06T11:12:56Z</time>
    <extensions>
     <gpxdata:hr>142</gpxdata:hr>
     <gpxdata:distance>20683.00</gpxdata:distance>
     <gpxdata:speed>7.689</gpxdata:speed>
    </extensions>
   </trkpt>
   <trkpt lat="51.0626537" lon="13.7743052">
    <ele>107</ele>
    <time>2026-06-06T11:12:57Z</time>
    <extensions>
     <gpxdata:hr>142</gpxdata:hr>
     <gpxdata:distance>20689.00</gpxdata:distance>
     <gpxdata:speed>7.114</gpxdata:speed>
    </extensions>
   </trkpt>
   <trkpt lat="51.0626502" lon="13.7742147">
    <ele>106</ele>
    <time>2026-06-06T11:12:58Z</time>
    <extensions>
     <gpxdata:hr>142</gpxdata:hr>
     <gpxdata:distance>20695.00</gpxdata:distance>
     <gpxdata:speed>6.736</gpxdata:speed>
    </extensions>
   </trkpt>
   <trkpt lat="51.0626466" lon="13.7741255">
    <ele>106</ele>
    <time>2026-06-06T11:12:59Z</time>
    <extensions>
     <gpxdata:hr>141</gpxdata:hr>
     <gpxdata:distance>20701.50</gpxdata:distance>
     <gpxdata:speed>6.542</gpxdata:speed>
    </extensions>
   </trkpt>
   <trkpt lat="51.0626425" lon="13.7740371">
    <ele>106</ele>
    <time>2026-06-06T11:13:00Z</time>
    <extensions>
     <gpxdata:hr>141</gpxdata:hr>
     <gpxdata:distance>20708.00</gpxdata:distance>
     <gpxdata:speed>6.408</gpxdata:speed>
    </extensions>
   </trkpt>
   <trkpt lat="51.0626375" lon="13.7739485">
    <ele>106</ele>
    <time>2026-06-06T11:13:01Z</time>
    <extensions>
     <gpxdata:hr>138</gpxdata:hr>
     <gpxdata:distance>20714.50</gpxdata:distance>
     <gpxdata:speed>6.300</gpxdata:speed>
    </extensions>
   </trkpt>
   <trkpt lat="51.0626316" lon="13.7738582">
    <ele>106</ele>
    <time>2026-06-06T11:13:02Z</time>
    <extensions>
     <gpxdata:hr>136</gpxdata:hr>
     <gpxdata:distance>20721.00</gpxdata:distance>
     <gpxdata:speed>6.281</gpxdata:speed>
    </extensions>
   </trkpt>
   <trkpt lat="51.0626263" lon="13.7737655">
    <ele>106</ele>
    <time>2026-06-06T11:13:03Z</time>
    <extensions>
     <gpxdata:hr>136</gpxdata:hr>
     <gpxdata:distance>20727.50</gpxdata:distance>
     <gpxdata:speed>6.372</gpxdata:speed>
    </extensions>
   </trkpt>
   <trkpt lat="51.0626220" lon="13.7736728">
    <ele>106</ele>
    <time>2026-06-06T11:13:04Z</time>
    <extensions>
     <gpxdata:hr>135</gpxdata:hr>
     <gpxdata:distance>20734.00</gpxdata:distance>
     <gpxdata:speed>6.500</gpxdata:speed>
    </extensions>
   </trkpt>
   <trkpt lat="51.0626185" lon="13.7735815">
    <ele>106</ele>
    <time>2026-06-06T11:13:05Z</time>
    <extensions>
     <gpxdata:hr>134</gpxdata:hr>
     <gpxdata:distance>20740.00</gpxdata:distance>
     <gpxdata:speed>6.467</gpxdata:speed>
    </extensions>
   </trkpt>
   <trkpt lat="51.0626157" lon="13.7734911">
    <ele>106</ele>
    <time>2026-06-06T11:13:06Z</time>
    <extensions>
     <gpxdata:hr>133</gpxdata:hr>
     <gpxdata:distance>20746.00</gpxdata:distance>
     <gpxdata:speed>6.392</gpxdata:speed>
    </extensions>
   </trkpt>
   <trkpt lat="51.0626129" lon="13.7734004">
    <ele>106</ele>
    <time>2026-06-06T11:13:07Z</time>
    <extensions>
     <gpxdata:hr>133</gpxdata:hr>
     <gpxdata:distance>20752.50</gpxdata:distance>
     <gpxdata:speed>6.358</gpxdata:speed>
    </extensions>
   </trkpt>
   <trkpt lat="51.0626097" lon="13.7733088">
    <ele>106</ele>
    <time>2026-06-06T11:13:08Z</time>
    <extensions>
     <gpxdata:hr>133</gpxdata:hr>
     <gpxdata:distance>20759.00</gpxdata:distance>
     <gpxdata:speed>6.361</gpxdata:speed>
    </extensions>
   </trkpt>
   <trkpt lat="51.0626045" lon="13.7732150">
    <ele>105</ele>
    <time>2026-06-06T11:13:09Z</time>
    <extensions>
     <gpxdata:hr>134</gpxdata:hr>
     <gpxdata:distance>20765.50</gpxdata:distance>
     <gpxdata:speed>6.389</gpxdata:speed>
    </extensions>
   </trkpt>
   <trkpt lat="51.0625958" lon="13.7731165">
    <ele>105</ele>
    <time>2026-06-06T11:13:10Z</time>
    <extensions>
     <gpxdata:hr>134</gpxdata:hr>
     <gpxdata:distance>20772.00</gpxdata:distance>
     <gpxdata:speed>6.469</gpxdata:speed>
    </extensions>
   </trkpt>
   <trkpt lat="51.0625833" lon="13.7730115">
    <ele>105</ele>
    <time>2026-06-06T11:13:11Z</time>
    <extensions>
     <gpxdata:hr>134</gpxdata:hr>
     <gpxdata:distance>20780.00</gpxdata:distance>
     <gpxdata:speed>6.906</gpxdata:speed>
    </extensions>
   </trkpt>
   <trkpt lat="51.0625680" lon="13.7729014">
    <ele>105</ele>
    <time>2026-06-06T11:13:12Z</time>
    <extensions>
     <gpxdata:hr>133</gpxdata:hr>
     <gpxdata:distance>20788.00</gpxdata:distance>
     <gpxdata:speed>7.375</gpxdata:speed>
    </extensions>
   </trkpt>
   <trkpt lat="51.0625510" lon="13.7727882">
    <ele>105</ele>
    <time>2026-06-06T11:13:13Z</time>
    <extensions>
     <gpxdata:hr>133</gpxdata:hr>
     <gpxdata:distance>20796.00</gpxdata:distance>
     <gpxdata:speed>7.744</gpxdata:speed>
    </extensions>
   </trkpt>
   <trkpt lat="51.0625337" lon="13.7726738">
    <ele>105</ele>
    <time>2026-06-06T11:13:14Z</time>
    <extensions>
     <gpxdata:hr>132</gpxdata:hr>
     <gpxdata:distance>20804.00</gpxdata:distance>
     <gpxdata:speed>7.978</gpxdata:speed>
    </extensions>
   </trkpt>
   <trkpt lat="51.0625162" lon="13.7725589">
    <ele>106</ele>
    <time>2026-06-06T11:13:15Z</time>
    <extensions>
     <gpxdata:hr>133</gpxdata:hr>
     <gpxdata:distance>20812.00</gpxdata:distance>
     <gpxdata:speed>8.089</gpxdata:speed>
    </extensions>
   </trkpt>
   <trkpt lat="51.0624983" lon="13.7724439">
    <ele>106</ele>
    <time>2026-06-06T11:13:16Z</time>
    <extensions>
     <gpxdata:hr>135</gpxdata:hr>
     <gpxdata:distance>20820.00</gpxdata:distance>
     <gpxdata:speed>8.167</gpxdata:speed>
    </extensions>
   </trkpt>
   <trkpt lat="51.0624801" lon="13.7723280">
    <ele>106</ele>
    <time>2026-06-06T11:13:17Z</time>
    <extensions>
     <gpxdata:hr>136</gpxdata:hr>
     <gpxdata:distance>20828.50</gpxdata:distance>
     <gpxdata:speed>8.225</gpxdata:speed>
    </extensions>
   </trkpt>
   <trkpt lat="51.0624624" lon="13.7722107">
    <ele>106</ele>
    <time>2026-06-06T11:13:18Z</time>
    <extensions>
     <gpxdata:hr>137</gpxdata:hr>
     <gpxdata:distance>20837.00</gpxdata:distance>
     <gpxdata:speed>8.319</gpxdata:speed>
    </extensions>
   </trkpt>
   <trkpt lat="51.0624459" lon="13.7720920">
    <ele>106</ele>
    <time>2026-06-06T11:13:19Z</time>
    <extensions>
     <gpxdata:hr>138</gpxdata:hr>
     <gpxdata:distance>20845.50</gpxdata:distance>
     <gpxdata:speed>8.411</gpxdata:speed>
    </extensions>
   </trkpt>
   <trkpt lat="51.0624301" lon="13.7719722">
    <ele>106</ele>
    <time>2026-06-06T11:13:20Z</time>
    <extensions>
     <gpxdata:hr>139</gpxdata:hr>
     <gpxdata:distance>20854.00</gpxdata:distance>
     <gpxdata:speed>8.475</gpxdata:speed>
    </extensions>
   </trkpt>
   <trkpt lat="51.0624142" lon="13.7718518">
    <ele>106</ele>
    <time>2026-06-06T11:13:21Z</time>
    <extensions>
     <gpxdata:hr>140</gpxdata:hr>
     <gpxdata:distance>20862.50</gpxdata:distance>
     <gpxdata:speed>8.539</gpxdata:speed>
    </extensions>
   </trkpt>
   <trkpt lat="51.0623974" lon="13.7717311">
    <ele>106</ele>
    <time>2026-06-06T11:13:22Z</time>
    <extensions>
     <gpxdata:hr>141</gpxdata:hr>
     <gpxdata:distance>20871.00</gpxdata:distance>
     <gpxdata:speed>8.575</gpxdata:speed>
    </extensions>
   </trkpt>
   <trkpt lat="51.0623804" lon="13.7716106">
    <ele>106</ele>
    <time>2026-06-06T11:13:23Z</time>
    <extensions>
     <gpxdata:hr>141</gpxdata:hr>
     <gpxdata:distance>20880.00</gpxdata:distance>
     <gpxdata:speed>8.608</gpxdata:speed>
    </extensions>
   </trkpt>
   <trkpt lat="51.0623641" lon="13.7714906">
    <ele>106</ele>
    <time>2026-06-06T11:13:24Z</time>
    <extensions>
     <gpxdata:hr>141</gpxdata:hr>
     <gpxdata:distance>20889.00</gpxdata:distance>
     <gpxdata:speed>8.622</gpxdata:speed>
    </extensions>
   </trkpt>
   <trkpt lat="51.0623475" lon="13.7713715">
    <ele>106</ele>
    <time>2026-06-06T11:13:25Z</time>
    <extensions>
     <gpxdata:hr>142</gpxdata:hr>
     <gpxdata:distance>20897.50</gpxdata:distance>
     <gpxdata:speed>8.611</gpxdata:speed>
    </extensions>
   </trkpt>
   <trkpt lat="51.0623309" lon="13.7712543">
    <ele>107</ele>
    <time>2026-06-06T11:13:26Z</time>
    <extensions>
     <gpxdata:hr>142</gpxdata:hr>
     <gpxdata:distance>20906.00</gpxdata:distance>
     <gpxdata:speed>8.589</gpxdata:speed>
    </extensions>
   </trkpt>
   <trkpt lat="51.0623142" lon="13.7711413">
    <ele>107</ele>
    <time>2026-06-06T11:13:27Z</time>
    <extensions>
     <gpxdata:hr>143</gpxdata:hr>
     <gpxdata:distance>20914.00</gpxdata:distance>
     <gpxdata:speed>8.517</gpxdata:speed>
    </extensions>
   </trkpt>
   <trkpt lat="51.0622970" lon="13.7710347">
    <ele>107</ele>
    <time>2026-06-06T11:13:28Z</time>
    <extensions>
     <gpxdata:hr>144</gpxdata:hr>
     <gpxdata:distance>20922.00</gpxdata:distance>
     <gpxdata:speed>8.367</gpxdata:speed>
    </extensions>
   </trkpt>
   <trkpt lat="51.0622787" lon="13.7709359">
    <ele>107</ele>
    <time>2026-06-06T11:13:29Z</time>
    <extensions>
     <gpxdata:hr>143</gpxdata:hr>
     <gpxdata:distance>20929.00</gpxdata:distance>
     <gpxdata:speed>7.806</gpxdata:speed>
    </extensions>
   </trkpt>
   <trkpt lat="51.0622593" lon="13.7708446">
    <ele>107</ele>
    <time>2026-06-06T11:13:30Z</time>
    <extensions>
     <gpxdata:hr>141</gpxdata:hr>
     <gpxdata:distance>20936.00</gpxdata:distance>
     <gpxdata:speed>7.344</gpxdata:speed>
    </extensions>
   </trkpt>
   <trkpt lat="51.0622425" lon="13.7707566">
    <ele>107</ele>
    <time>2026-06-06T11:13:31Z</time>
    <extensions>
     <gpxdata:hr>141</gpxdata:hr>
     <gpxdata:distance>20942.50</gpxdata:distance>
     <gpxdata:speed>6.900</gpxdata:speed>
    </extensions>
   </trkpt>
   <trkpt lat="51.0622283" lon="13.7706684">
    <ele>107</ele>
    <time>2026-06-06T11:13:32Z</time>
    <extensions>
     <gpxdata:hr>140</gpxdata:hr>
     <gpxdata:distance>20949.00</gpxdata:distance>
     <gpxdata:speed>6.622</gpxdata:speed>
    </extensions>
   </trkpt>
   <trkpt lat="51.0622135" lon="13.7705775">
    <ele>107</ele>
    <time>2026-06-06T11:13:33Z</time>
    <extensions>
     <gpxdata:hr>139</gpxdata:hr>
     <gpxdata:distance>20955.50</gpxdata:distance>
     <gpxdata:speed>6.533</gpxdata:speed>
    </extensions>
   </trkpt>
   <trkpt lat="51.0621963" lon="13.7704828">
    <ele>107</ele>
    <time>2026-06-06T11:13:34Z</time>
    <extensions>
     <gpxdata:hr>137</gpxdata:hr>
     <gpxdata:distance>20962.00</gpxdata:distance>
     <gpxdata:speed>6.689</gpxdata:speed>
    </extensions>
   </trkpt>
   <trkpt lat="51.0621771" lon="13.7703848">
    <ele>107</ele>
    <time>2026-06-06T11:13:35Z</time>
    <extensions>
     <gpxdata:hr>137</gpxdata:hr>
     <gpxdata:distance>20969.50</gpxdata:distance>
     <gpxdata:speed>6.939</gpxdata:speed>
    </extensions>
   </trkpt>
   <trkpt lat="51.0621560" lon="13.7702837">
    <ele>106</ele>
    <time>2026-06-06T11:13:36Z</time>
    <extensions>
     <gpxdata:hr>136</gpxdata:hr>
     <gpxdata:distance>20977.00</gpxdata:distance>
     <gpxdata:speed>7.122</gpxdata:speed>
    </extensions>
   </trkpt>
   <trkpt lat="51.0621334" lon="13.7701807">
    <ele>106</ele>
    <time>2026-06-06T11:13:37Z</time>
    <extensions>
     <gpxdata:hr>137</gpxdata:hr>
     <gpxdata:distance>20984.50</gpxdata:distance>
     <gpxdata:speed>7.242</gpxdata:speed>
    </extensions>
   </trkpt>
   <trkpt lat="51.0621092" lon="13.7700768">
    <ele>106</ele>
    <time>2026-06-06T11:13:38Z</time>
    <extensions>
     <gpxdata:hr>138</gpxdata:hr>
     <gpxdata:distance>20992.00</gpxdata:distance>
     <gpxdata:speed>7.364</gpxdata:speed>
    </extensions>
   </trkpt>
   <trkpt lat="51.0620841" lon="13.7699720">
    <ele>106</ele>
    <time>2026-06-06T11:13:39Z</time>
    <extensions>
     <gpxdata:hr>139</gpxdata:hr>
     <gpxdata:distance>21000.00</gpxdata:distance>
     <gpxdata:speed>7.486</gpxdata:speed>
    </extensions>
   </trkpt>
   <trkpt lat="51.0620590" lon="13.7698663">
    <ele>106</ele>
    <time>2026-06-06T11:13:40Z</time>
    <extensions>
     <gpxdata:hr>140</gpxdata:hr>
     <gpxdata:distance>21008.00</gpxdata:distance>
     <gpxdata:speed>7.744</gpxdata:speed>
    </extensions>
   </trkpt>
   <trkpt lat="51.0620341" lon="13.7697595">
    <ele>106</ele>
    <time>2026-06-06T11:13:41Z</time>
    <extensions>
     <gpxdata:hr>141</gpxdata:hr>
     <gpxdata:distance>21016.00</gpxdata:distance>
     <gpxdata:speed>7.844</gpxdata:speed>
    </extensions>
   </trkpt>
   <trkpt lat="51.0620097" lon="13.7696523">
    <ele>106</ele>
    <time>2026-06-06T11:13:42Z</time>
    <extensions>
     <gpxdata:hr>141</gpxdata:hr>
     <gpxdata:distance>21024.00</gpxdata:distance>
     <gpxdata:speed>7.917</gpxdata:speed>
    </extensions>
   </trkpt>
   <trkpt lat="51.0619849" lon="13.7695449">
    <ele>106</ele>
    <time>2026-06-06T11:13:43Z</time>
    <extensions>
     <gpxdata:hr>141</gpxdata:hr>
     <gpxdata:distance>21031.50</gpxdata:distance>
     <gpxdata:speed>7.944</gpxdata:speed>
    </extensions>
   </trkpt>
   <trkpt lat="51.0619597" lon="13.7694379">
    <ele>106</ele>
    <time>2026-06-06T11:13:44Z</time>
    <extensions>
     <gpxdata:hr>141</gpxdata:hr>
     <gpxdata:distance>21039.00</gpxdata:distance>
     <gpxdata:speed>7.989</gpxdata:speed>
    </extensions>
   </trkpt>
   <trkpt lat="51.0619338" lon="13.7693305">
    <ele>107</ele>
    <time>2026-06-06T11:13:45Z</time>
    <extensions>
     <gpxdata:hr>141</gpxdata:hr>
     <gpxdata:distance>21047.50</gpxdata:distance>
     <gpxdata:speed>7.986</gpxdata:speed>
    </extensions>
   </trkpt>
   <trkpt lat="51.0619080" lon="13.7692226">
    <ele>107</ele>
    <time>2026-06-06T11:13:46Z</time>
    <extensions>
     <gpxdata:hr>141</gpxdata:hr>
     <gpxdata:distance>21056.00</gpxdata:distance>
     <gpxdata:speed>8.033</gpxdata:speed>
    </extensions>
   </trkpt>
   <trkpt lat="51.0618822" lon="13.7691139">
    <ele>107</ele>
    <time>2026-06-06T11:13:47Z</time>
    <extensions>
     <gpxdata:hr>141</gpxdata:hr>
     <gpxdata:distance>21064.00</gpxdata:distance>
     <gpxdata:speed>8.067</gpxdata:speed>
    </extensions>
   </trkpt>
   <trkpt lat="51.0618565" lon="13.7690047">
    <ele>107</ele>
    <time>2026-06-06T11:13:48Z</time>
    <extensions>
     <gpxdata:hr>141</gpxdata:hr>
     <gpxdata:distance>21072.00</gpxdata:distance>
     <gpxdata:speed>8.111</gpxdata:speed>
    </extensions>
   </trkpt>
   <trkpt lat="51.0618309" lon="13.7688951">
    <ele>107</ele>
    <time>2026-06-06T11:13:49Z</time>
    <extensions>
     <gpxdata:hr>141</gpxdata:hr>
     <gpxdata:distance>21080.00</gpxdata:distance>
     <gpxdata:speed>8.131</gpxdata:speed>
    </extensions>
   </trkpt>
   <trkpt lat="51.0618068" lon="13.7687844">
    <ele>107</ele>
    <time>2026-06-06T11:13:50Z</time>
    <extensions>
     <gpxdata:hr>141</gpxdata:hr>
     <gpxdata:distance>21088.00</gpxdata:distance>
     <gpxdata:speed>8.153</gpxdata:speed>
    </extensions>
   </trkpt>
   <trkpt lat="51.0617854" lon="13.7686721">
    <ele>107</ele>
    <time>2026-06-06T11:13:51Z</time>
    <extensions>
     <gpxdata:hr>141</gpxdata:hr>
     <gpxdata:distance>21096.50</gpxdata:distance>
     <gpxdata:speed>8.172</gpxdata:speed>
    </extensions>
   </trkpt>
   <trkpt lat="51.0617658" lon="13.7685588">
    <ele>107</ele>
    <time>2026-06-06T11:13:52Z</time>
    <extensions>
     <gpxdata:hr>140</gpxdata:hr>
     <gpxdata:distance>21105.00</gpxdata:distance>
     <gpxdata:speed>8.186</gpxdata:speed>
    </extensions>
   </trkpt>
   <trkpt lat="51.0617454" lon="13.7684457">
    <ele>107</ele>
    <time>2026-06-06T11:13:53Z</time>
    <extensions>
     <gpxdata:hr>140</gpxdata:hr>
     <gpxdata:distance>21113.00</gpxdata:distance>
     <gpxdata:speed>8.203</gpxdata:speed>
    </extensions>
   </trkpt>
   <trkpt lat="51.0617228" lon="13.7683344">
    <ele>107</ele>
    <time>2026-06-06T11:13:54Z</time>
    <extensions>
     <gpxdata:hr>141</gpxdata:hr>
     <gpxdata:distance>21121.00</gpxdata:distance>
     <gpxdata:speed>8.211</gpxdata:speed>
    </extensions>
   </trkpt>
   <trkpt lat="51.0616978" lon="13.7682249">
    <ele>107</ele>
    <time>2026-06-06T11:13:55Z</time>
    <extensions>
     <gpxdata:hr>141</gpxdata:hr>
     <gpxdata:distance>21129.00</gpxdata:distance>
     <gpxdata:speed>8.200</gpxdata:speed>
    </extensions>
   </trkpt>
   <trkpt lat="51.0616710" lon="13.7681167">
    <ele>107</ele>
    <time>2026-06-06T11:13:56Z</time>
    <extensions>
     <gpxdata:hr>141</gpxdata:hr>
     <gpxdata:distance>21137.00</gpxdata:distance>
     <gpxdata:speed>8.189</gpxdata:speed>
    </extensions>
   </trkpt>
   <trkpt lat="51.0616435" lon="13.7680096">
    <ele>107</ele>
    <time>2026-06-06T11:13:57Z</time>
    <extensions>
     <gpxdata:hr>141</gpxdata:hr>
     <gpxdata:distance>21145.50</gpxdata:distance>
     <gpxdata:speed>8.172</gpxdata:speed>
    </extensions>
   </trkpt>
   <trkpt lat="51.0616155" lon="13.7679045">
    <ele>107</ele>
    <time>2026-06-06T11:13:58Z</time>
    <extensions>
     <gpxdata:hr>141</gpxdata:hr>
     <gpxdata:distance>21154.00</gpxdata:distance>
     <gpxdata:speed>8.142</gpxdata:speed>
    </extensions>
   </trkpt>
   <trkpt lat="51.0615878" lon="13.7678015">
    <ele>107</ele>
    <time>2026-06-06T11:13:59Z</time>
    <extensions>
     <gpxdata:hr>141</gpxdata:hr>
     <gpxdata:distance>21161.50</gpxdata:distance>
     <gpxdata:speed>8.083</gpxdata:speed>
    </extensions>
   </trkpt>
   <trkpt lat="51.0615608" lon="13.7677011">
    <ele>107</ele>
    <time>2026-06-06T11:14:00Z</time>
    <extensions>
     <gpxdata:hr>140</gpxdata:hr>
     <gpxdata:distance>21169.00</gpxdata:distance>
     <gpxdata:speed>7.992</gpxdata:speed>
    </extensions>
   </trkpt>
   <trkpt lat="51.0615352" lon="13.7676025">
    <ele>107</ele>
    <time>2026-06-06T11:14:01Z</time>
    <extensions>
     <gpxdata:hr>140</gpxdata:hr>
     <gpxdata:distance>21176.50</gpxdata:distance>
     <gpxdata:speed>7.861</gpxdata:speed>
    </extensions>
   </trkpt>
   <trkpt lat="51.0615111" lon="13.7675044">
    <ele>107</ele>
    <time>2026-06-06T11:14:02Z</time>
    <extensions>
     <gpxdata:hr>140</gpxdata:hr>
     <gpxdata:distance>21184.00</gpxdata:distance>
     <gpxdata:speed>7.717</gpxdata:speed>
    </extensions>
   </trkpt>
   <trkpt lat="51.0614886" lon="13.7674058">
    <ele>107</ele>
    <time>2026-06-06T11:14:03Z</time>
    <extensions>
     <gpxdata:hr>140</gpxdata:hr>
     <gpxdata:distance>21191.50</gpxdata:distance>
     <gpxdata:speed>7.594</gpxdata:speed>
    </extensions>
   </trkpt>
   <trkpt lat="51.0614672" lon="13.7673059">
    <ele>107</ele>
    <time>2026-06-06T11:14:04Z</time>
    <extensions>
     <gpxdata:hr>138</gpxdata:hr>
     <gpxdata:distance>21199.00</gpxdata:distance>
     <gpxdata:speed>7.475</gpxdata:speed>
    </extensions>
   </trkpt>
   <trkpt lat="51.0614446" lon="13.7672053">
    <ele>107</ele>
    <time>2026-06-06T11:14:05Z</time>
    <extensions>
     <gpxdata:hr>137</gpxdata:hr>
     <gpxdata:distance>21206.50</gpxdata:distance>
     <gpxdata:speed>7.439</gpxdata:speed>
    </extensions>
   </trkpt>
   <trkpt lat="51.0614202" lon="13.7671037">
    <ele>107</ele>
    <time>2026-06-06T11:14:06Z</time>
    <extensions>
     <gpxdata:hr>137</gpxdata:hr>
     <gpxdata:distance>21214.00</gpxdata:distance>
     <gpxdata:speed>7.472</gpxdata:speed>
    </extensions>
   </trkpt>
   <trkpt lat="51.0613937" lon="13.7670006">
    <ele>107</ele>
    <time>2026-06-06T11:14:07Z</time>
    <extensions>
     <gpxdata:hr>136</gpxdata:hr>
     <gpxdata:distance>21221.50</gpxdata:distance>
     <gpxdata:speed>7.561</gpxdata:speed>
    </extensions>
   </trkpt>
   <trkpt lat="51.0613668" lon="13.7668964">
    <ele>107</ele>
    <time>2026-06-06T11:14:08Z</time>
    <extensions>
     <gpxdata:hr>136</gpxdata:hr>
     <gpxdata:distance>21229.00</gpxdata:distance>
     <gpxdata:speed>7.658</gpxdata:speed>
    </extensions>
   </trkpt>
   <trkpt lat="51.0613395" lon="13.7667916">
    <ele>106</ele>
    <time>2026-06-06T11:14:09Z</time>
    <extensions>
     <gpxdata:hr>135</gpxdata:hr>
     <gpxdata:distance>21237.00</gpxdata:distance>
     <gpxdata:speed>7.731</gpxdata:speed>
    </extensions>
   </trkpt>
   <trkpt lat="51.0613111" lon="13.7666876">
    <ele>106</ele>
    <time>2026-06-06T11:14:10Z</time>
    <extensions>
     <gpxdata:hr>135</gpxdata:hr>
     <gpxdata:distance>21245.00</gpxdata:distance>
     <gpxdata:speed>7.797</gpxdata:speed>
    </extensions>
   </trkpt>
   <trkpt lat="51.0612814" lon="13.7665862">
    <ele>106</ele>
    <time>2026-06-06T11:14:11Z</time>
    <extensions>
     <gpxdata:hr>135</gpxdata:hr>
     <gpxdata:distance>21253.00</gpxdata:distance>
     <gpxdata:speed>7.836</gpxdata:speed>
    </extensions>
   </trkpt>
   <trkpt lat="51.0612499" lon="13.7664889">
    <ele>106</ele>
    <time>2026-06-06T11:14:12Z</time>
    <extensions>
     <gpxdata:hr>135</gpxdata:hr>
     <gpxdata:distance>21261.00</gpxdata:distance>
     <gpxdata:speed>7.828</gpxdata:speed>
    </extensions>
   </trkpt>
   <trkpt lat="51.0612172" lon="13.7663955">
    <ele>106</ele>
    <time>2026-06-06T11:14:13Z</time>
    <extensions>
     <gpxdata:hr>135</gpxdata:hr>
     <gpxdata:distance>21268.50</gpxdata:distance>
     <gpxdata:speed>7.758</gpxdata:speed>
    </extensions>
   </trkpt>
   <trkpt lat="51.0611850" lon="13.7663029">
    <ele>106</ele>
    <time>2026-06-06T11:14:14Z</time>
    <extensions>
     <gpxdata:hr>135</gpxdata:hr>
     <gpxdata:distance>21276.00</gpxdata:distance>
     <gpxdata:speed>7.658</gpxdata:speed>
    </extensions>
   </trkpt>
   <trkpt lat="51.0611538" lon="13.7662075">
    <ele>106</ele>
    <time>2026-06-06T11:14:15Z</time>
    <extensions>
     <gpxdata:hr>134</gpxdata:hr>
     <gpxdata:distance>21283.50</gpxdata:distance>
     <gpxdata:speed>7.581</gpxdata:speed>
    </extensions>
   </trkpt>
   <trkpt lat="51.0611239" lon="13.7661083">
    <ele>106</ele>
    <time>2026-06-06T11:14:16Z</time>
    <extensions>
     <gpxdata:hr>134</gpxdata:hr>
     <gpxdata:distance>21291.00</gpxdata:distance>
     <gpxdata:speed>7.583</gpxdata:speed>
    </extensions>
   </trkpt>
   <trkpt lat="51.0610939" lon="13.7660073">
    <ele>106</ele>
    <time>2026-06-06T11:14:17Z</time>
    <extensions>
     <gpxdata:hr>134</gpxdata:hr>
     <gpxdata:distance>21298.50</gpxdata:distance>
     <gpxdata:speed>7.636</gpxdata:speed>
    </extensions>
   </trkpt>
   <trkpt lat="51.0610627" lon="13.7659059">
    <ele>106</ele>
    <time>2026-06-06T11:14:18Z</time>
    <extensions>
     <gpxdata:hr>134</gpxdata:hr>
     <gpxdata:distance>21306.00</gpxdata:distance>
     <gpxdata:speed>7.700</gpxdata:speed>
    </extensions>
   </trkpt>
   <trkpt lat="51.0610288" lon="13.7658065">
    <ele>106</ele>
    <time>2026-06-06T11:14:19Z</time>
    <extensions>
     <gpxdata:hr>134</gpxdata:hr>
     <gpxdata:distance>21314.00</gpxdata:distance>
     <gpxdata:speed>7.764</gpxdata:speed>
    </extensions>
   </trkpt>
   <trkpt lat="51.0609930" lon="13.7657086">
    <ele>106</ele>
    <time>2026-06-06T11:14:20Z</time>
    <extensions>
     <gpxdata:hr>135</gpxdata:hr>
     <gpxdata:distance>21322.00</gpxdata:distance>
     <gpxdata:speed>7.811</gpxdata:speed>
    </extensions>
   </trkpt>
   <trkpt lat="51.0609574" lon="13.7656104">
    <ele>106</ele>
    <time>2026-06-06T11:14:21Z</time>
    <extensions>
     <gpxdata:hr>135</gpxdata:hr>
     <gpxdata:distance>21330.00</gpxdata:distance>
     <gpxdata:speed>7.844</gpxdata:speed>
    </extensions>
   </trkpt>
   <trkpt lat="51.0609230" lon="13.7655106">
    <ele>106</ele>
    <time>2026-06-06T11:14:22Z</time>
    <extensions>
     <gpxdata:hr>135</gpxdata:hr>
     <gpxdata:distance>21338.00</gpxdata:distance>
     <gpxdata:speed>7.872</gpxdata:speed>
    </extensions>
   </trkpt>
   <trkpt lat="51.0608902" lon="13.7654100">
    <ele>106</ele>
    <time>2026-06-06T11:14:23Z</time>
    <extensions>
     <gpxdata:hr>136</gpxdata:hr>
     <gpxdata:distance>21346.00</gpxdata:distance>
     <gpxdata:speed>7.908</gpxdata:speed>
    </extensions>
   </trkpt>
   <trkpt lat="51.0608572" lon="13.7653104">
    <ele>106</ele>
    <time>2026-06-06T11:14:24Z</time>
    <extensions>
     <gpxdata:hr>136</gpxdata:hr>
     <gpxdata:distance>21354.00</gpxdata:distance>
     <gpxdata:speed>7.917</gpxdata:speed>
    </extensions>
   </trkpt>
   <trkpt lat="51.0608225" lon="13.7652121">
    <ele>106</ele>
    <time>2026-06-06T11:14:25Z</time>
    <extensions>
     <gpxdata:hr>137</gpxdata:hr>
     <gpxdata:distance>21362.00</gpxdata:distance>
     <gpxdata:speed>7.908</gpxdata:speed>
    </extensions>
   </trkpt>
   <trkpt lat="51.0607863" lon="13.7651155">
    <ele>106</ele>
    <time>2026-06-06T11:14:26Z</time>
    <extensions>
     <gpxdata:hr>137</gpxdata:hr>
     <gpxdata:distance>21370.00</gpxdata:distance>
     <gpxdata:speed>7.908</gpxdata:speed>
    </extensions>
   </trkpt>
   <trkpt lat="51.0607491" lon="13.7650200">
    <ele>106</ele>
    <time>2026-06-06T11:14:27Z</time>
    <extensions>
     <gpxdata:hr>137</gpxdata:hr>
     <gpxdata:distance>21377.50</gpxdata:distance>
     <gpxdata:speed>7.897</gpxdata:speed>
    </extensions>
   </trkpt>
   <trkpt lat="51.0607112" lon="13.7649248">
    <ele>106</ele>
    <time>2026-06-06T11:14:28Z</time>
    <extensions>
     <gpxdata:hr>137</gpxdata:hr>
     <gpxdata:distance>21385.00</gpxdata:distance>
     <gpxdata:speed>7.883</gpxdata:speed>
    </extensions>
   </trkpt>
   <trkpt lat="51.0606731" lon="13.7648290">
    <ele>106</ele>
    <time>2026-06-06T11:14:29Z</time>
    <extensions>
     <gpxdata:hr>137</gpxdata:hr>
     <gpxdata:distance>21393.00</gpxdata:distance>
     <gpxdata:speed>7.889</gpxdata:speed>
    </extensions>
   </trkpt>
   <trkpt lat="51.0606356" lon="13.7647331">
    <ele>106</ele>
    <time>2026-06-06T11:14:30Z</time>
    <extensions>
     <gpxdata:hr>138</gpxdata:hr>
     <gpxdata:distance>21401.00</gpxdata:distance>
     <gpxdata:speed>7.906</gpxdata:speed>
    </extensions>
   </trkpt>
   <trkpt lat="51.0605987" lon="13.7646365">
    <ele>106</ele>
    <time>2026-06-06T11:14:31Z</time>
    <extensions>
     <gpxdata:hr>137</gpxdata:hr>
     <gpxdata:distance>21409.00</gpxdata:distance>
     <gpxdata:speed>7.900</gpxdata:speed>
    </extensions>
   </trkpt>
   <trkpt lat="51.0605615" lon="13.7645409">
    <ele>106</ele>
    <time>2026-06-06T11:14:32Z</time>
    <extensions>
     <gpxdata:hr>138</gpxdata:hr>
     <gpxdata:distance>21417.00</gpxdata:distance>
     <gpxdata:speed>7.903</gpxdata:speed>
    </extensions>
   </trkpt>
   <trkpt lat="51.0605237" lon="13.7644464">
    <ele>106</ele>
    <time>2026-06-06T11:14:33Z</time>
    <extensions>
     <gpxdata:hr>138</gpxdata:hr>
     <gpxdata:distance>21425.00</gpxdata:distance>
     <gpxdata:speed>7.889</gpxdata:speed>
    </extensions>
   </trkpt>
   <trkpt lat="51.0604852" lon="13.7643529">
    <ele>106</ele>
    <time>2026-06-06T11:14:34Z</time>
    <extensions>
     <gpxdata:hr>138</gpxdata:hr>
     <gpxdata:distance>21433.00</gpxdata:distance>
     <gpxdata:speed>7.869</gpxdata:speed>
    </extensions>
   </trkpt>
   <trkpt lat="51.0604460" lon="13.7642606">
    <ele>106</ele>
    <time>2026-06-06T11:14:35Z</time>
    <extensions>
     <gpxdata:hr>138</gpxdata:hr>
     <gpxdata:distance>21440.50</gpxdata:distance>
     <gpxdata:speed>7.853</gpxdata:speed>
    </extensions>
   </trkpt>
   <trkpt lat="51.0604067" lon="13.7641691">
    <ele>106</ele>
    <time>2026-06-06T11:14:36Z</time>
    <extensions>
     <gpxdata:hr>138</gpxdata:hr>
     <gpxdata:distance>21448.00</gpxdata:distance>
     <gpxdata:speed>7.836</gpxdata:speed>
    </extensions>
   </trkpt>
   <trkpt lat="51.0603685" lon="13.7640800">
    <ele>106</ele>
    <time>2026-06-06T11:14:37Z</time>
    <extensions>
     <gpxdata:hr>139</gpxdata:hr>
     <gpxdata:distance>21455.50</gpxdata:distance>
     <gpxdata:speed>7.803</gpxdata:speed>
    </extensions>
   </trkpt>
   <trkpt lat="51.0603327" lon="13.7639958">
    <ele>106</ele>
    <time>2026-06-06T11:14:38Z</time>
    <extensions>
     <gpxdata:hr>139</gpxdata:hr>
     <gpxdata:distance>21463.00</gpxdata:distance>
     <gpxdata:speed>7.706</gpxdata:speed>
    </extensions>
   </trkpt>
   <trkpt lat="51.0602995" lon="13.7639177">
    <ele>106</ele>
    <time>2026-06-06T11:14:39Z</time>
    <extensions>
     <gpxdata:hr>139</gpxdata:hr>
     <gpxdata:distance>21469.50</gpxdata:distance>
     <gpxdata:speed>7.183</gpxdata:speed>
    </extensions>
   </trkpt>
   <trkpt lat="51.0602671" lon="13.7638438">
    <ele>106</ele>
    <time>2026-06-06T11:14:40Z</time>
    <extensions>
     <gpxdata:hr>138</gpxdata:hr>
     <gpxdata:distance>21476.00</gpxdata:distance>
     <gpxdata:speed>6.711</gpxdata:speed>
    </extensions>
   </trkpt>
   <trkpt lat="51.0602344" lon="13.7637693">
    <ele>106</ele>
    <time>2026-06-06T11:14:41Z</time>
    <extensions>
     <gpxdata:hr>137</gpxdata:hr>
     <gpxdata:distance>21482.50</gpxdata:distance>
     <gpxdata:speed>6.456</gpxdata:speed>
    </extensions>
   </trkpt>
   <trkpt lat="51.0602015" lon="13.7636898">
    <ele>106</ele>
    <time>2026-06-06T11:14:42Z</time>
    <extensions>
     <gpxdata:hr>137</gpxdata:hr>
     <gpxdata:distance>21489.00</gpxdata:distance>
     <gpxdata:speed>6.506</gpxdata:speed>
    </extensions>
   </trkpt>
   <trkpt lat="51.0601681" lon="13.7636060">
    <ele>105</ele>
    <time>2026-06-06T11:14:43Z</time>
    <extensions>
     <gpxdata:hr>136</gpxdata:hr>
     <gpxdata:distance>21496.00</gpxdata:distance>
     <gpxdata:speed>6.742</gpxdata:speed>
    </extensions>
   </trkpt>
   <trkpt lat="51.0601334" lon="13.7635197">
    <ele>105</ele>
    <time>2026-06-06T11:14:44Z</time>
    <extensions>
     <gpxdata:hr>134</gpxdata:hr>
     <gpxdata:distance>21503.00</gpxdata:distance>
     <gpxdata:speed>6.931</gpxdata:speed>
    </extensions>
   </trkpt>
   <trkpt lat="51.0600974" lon="13.7634321">
    <ele>105</ele>
    <time>2026-06-06T11:14:45Z</time>
    <extensions>
     <gpxdata:hr>134</gpxdata:hr>
     <gpxdata:distance>21510.50</gpxdata:distance>
     <gpxdata:speed>7.089</gpxdata:speed>
    </extensions>
   </trkpt>
   <trkpt lat="51.0600598" lon="13.7633437">
    <ele>105</ele>
    <time>2026-06-06T11:14:46Z</time>
    <extensions>
     <gpxdata:hr>135</gpxdata:hr>
     <gpxdata:distance>21518.00</gpxdata:distance>
     <gpxdata:speed>7.169</gpxdata:speed>
    </extensions>
   </trkpt>
   <trkpt lat="51.0600221" lon="13.7632545">
    <ele>105</ele>
    <time>2026-06-06T11:14:47Z</time>
    <extensions>
     <gpxdata:hr>135</gpxdata:hr>
     <gpxdata:distance>21525.50</gpxdata:distance>
     <gpxdata:speed>7.261</gpxdata:speed>
    </extensions>
   </trkpt>
   <trkpt lat="51.0599848" lon="13.7631657">
    <ele>105</ele>
    <time>2026-06-06T11:14:48Z</time>
    <extensions>
     <gpxdata:hr>136</gpxdata:hr>
     <gpxdata:distance>21533.00</gpxdata:distance>
     <gpxdata:speed>7.339</gpxdata:speed>
    </extensions>
   </trkpt>
   <trkpt lat="51.0599474" lon="13.7630775">
    <ele>105</ele>
    <time>2026-06-06T11:14:49Z</time>
    <extensions>
     <gpxdata:hr>136</gpxdata:hr>
     <gpxdata:distance>21540.50</gpxdata:distance>
     <gpxdata:speed>7.378</gpxdata:speed>
    </extensions>
   </trkpt>
   <trkpt lat="51.0599095" lon="13.7629900">
    <ele>105</ele>
    <time>2026-06-06T11:14:50Z</time>
    <extensions>
     <gpxdata:hr>136</gpxdata:hr>
     <gpxdata:distance>21548.00</gpxdata:distance>
     <gpxdata:speed>7.414</gpxdata:speed>
    </extensions>
   </trkpt>
   <trkpt lat="51.0598705" lon="13.7629032">
    <ele>105</ele>
    <time>2026-06-06T11:14:51Z</time>
    <extensions>
     <gpxdata:hr>135</gpxdata:hr>
     <gpxdata:distance>21555.50</gpxdata:distance>
     <gpxdata:speed>7.444</gpxdata:speed>
    </extensions>
   </trkpt>
   <trkpt lat="51.0598303" lon="13.7628170">
    <ele>105</ele>
    <time>2026-06-06T11:14:52Z</time>
    <extensions>
     <gpxdata:hr>135</gpxdata:hr>
     <gpxdata:distance>21563.00</gpxdata:distance>
     <gpxdata:speed>7.467</gpxdata:speed>
    </extensions>
   </trkpt>
   <trkpt lat="51.0597893" lon="13.7627315">
    <ele>105</ele>
    <time>2026-06-06T11:14:53Z</time>
    <extensions>
     <gpxdata:hr>134</gpxdata:hr>
     <gpxdata:distance>21570.50</gpxdata:distance>
     <gpxdata:speed>7.494</gpxdata:speed>
    </extensions>
   </trkpt>
   <trkpt lat="51.0597478" lon="13.7626459">
    <ele>105</ele>
    <time>2026-06-06T11:14:54Z</time>
    <extensions>
     <gpxdata:hr>133</gpxdata:hr>
     <gpxdata:distance>21578.00</gpxdata:distance>
     <gpxdata:speed>7.511</gpxdata:speed>
    </extensions>
   </trkpt>
   <trkpt lat="51.0597057" lon="13.7625605">
    <ele>105</ele>
    <time>2026-06-06T11:14:55Z</time>
    <extensions>
     <gpxdata:hr>133</gpxdata:hr>
     <gpxdata:distance>21585.50</gpxdata:distance>
     <gpxdata:speed>7.536</gpxdata:speed>
    </extensions>
   </trkpt>
   <trkpt lat="51.0596633" lon="13.7624753">
    <ele>105</ele>
    <time>2026-06-06T11:14:56Z</time>
    <extensions>
     <gpxdata:hr>132</gpxdata:hr>
     <gpxdata:distance>21593.00</gpxdata:distance>
     <gpxdata:speed>7.561</gpxdata:speed>
    </extensions>
   </trkpt>
   <trkpt lat="51.0596207" lon="13.7623898">
    <ele>105</ele>
    <time>2026-06-06T11:14:57Z</time>
    <extensions>
     <gpxdata:hr>132</gpxdata:hr>
     <gpxdata:distance>21600.50</gpxdata:distance>
     <gpxdata:speed>7.575</gpxdata:speed>
    </extensions>
   </trkpt>
   <trkpt lat="51.0595784" lon="13.7623040">
    <ele>105</ele>
    <time>2026-06-06T11:14:58Z</time>
    <extensions>
     <gpxdata:hr>133</gpxdata:hr>
     <gpxdata:distance>21608.00</gpxdata:distance>
     <gpxdata:speed>7.594</gpxdata:speed>
    </extensions>
   </trkpt>
   <trkpt lat="51.0595359" lon="13.7622189">
    <ele>105</ele>
    <time>2026-06-06T11:14:59Z</time>
    <extensions>
     <gpxdata:hr>132</gpxdata:hr>
     <gpxdata:distance>21616.00</gpxdata:distance>
     <gpxdata:speed>7.606</gpxdata:speed>
    </extensions>
   </trkpt>
   <trkpt lat="51.0594918" lon="13.7621363">
    <ele>105</ele>
    <time>2026-06-06T11:15:00Z</time>
    <extensions>
     <gpxdata:hr>133</gpxdata:hr>
     <gpxdata:distance>21624.00</gpxdata:distance>
     <gpxdata:speed>7.603</gpxdata:speed>
    </extensions>
   </trkpt>
   <trkpt lat="51.0594456" lon="13.7620568">
    <ele>105</ele>
    <time>2026-06-06T11:15:01Z</time>
    <extensions>
     <gpxdata:hr>133</gpxdata:hr>
     <gpxdata:distance>21631.50</gpxdata:distance>
     <gpxdata:speed>7.597</gpxdata:speed>
    </extensions>
   </trkpt>
   <trkpt lat="51.0593998" lon="13.7619764">
    <ele>105</ele>
    <time>2026-06-06T11:15:02Z</time>
    <extensions>
     <gpxdata:hr>133</gpxdata:hr>
     <gpxdata:distance>21639.00</gpxdata:distance>
     <gpxdata:speed>7.594</gpxdata:speed>
    </extensions>
   </trkpt>
   <trkpt lat="51.0593563" lon="13.7618928">
    <ele>105</ele>
    <time>2026-06-06T11:15:03Z</time>
    <extensions>
     <gpxdata:hr>132</gpxdata:hr>
     <gpxdata:distance>21646.50</gpxdata:distance>
     <gpxdata:speed>7.594</gpxdata:speed>
    </extensions>
   </trkpt>
   <trkpt lat="51.0593144" lon="13.7618066">
    <ele>105</ele>
    <time>2026-06-06T11:15:04Z</time>
    <extensions>
     <gpxdata:hr>132</gpxdata:hr>
     <gpxdata:distance>21654.00</gpxdata:distance>
     <gpxdata:speed>7.600</gpxdata:speed>
    </extensions>
   </trkpt>
   <trkpt lat="51.0592730" lon="13.7617194">
    <ele>105</ele>
    <time>2026-06-06T11:15:05Z</time>
    <extensions>
     <gpxdata:hr>132</gpxdata:hr>
     <gpxdata:distance>21661.50</gpxdata:distance>
     <gpxdata:speed>7.614</gpxdata:speed>
    </extensions>
   </trkpt>
   <trkpt lat="51.0592317" lon="13.7616318">
    <ele>105</ele>
    <time>2026-06-06T11:15:06Z</time>
    <extensions>
     <gpxdata:hr>131</gpxdata:hr>
     <gpxdata:distance>21669.00</gpxdata:distance>
     <gpxdata:speed>7.625</gpxdata:speed>
    </extensions>
   </trkpt>
   <trkpt lat="51.0591904" lon="13.7615439">
    <ele>105</ele>
    <time>2026-06-06T11:15:07Z</time>
    <extensions>
     <gpxdata:hr>131</gpxdata:hr>
     <gpxdata:distance>21677.00</gpxdata:distance>
     <gpxdata:speed>7.633</gpxdata:speed>
    </extensions>
   </trkpt>
   <trkpt lat="51.0591485" lon="13.7614563">
    <ele>105</ele>
    <time>2026-06-06T11:15:08Z</time>
    <extensions>
     <gpxdata:hr>131</gpxdata:hr>
     <gpxdata:distance>21685.00</gpxdata:distance>
     <gpxdata:speed>7.650</gpxdata:speed>
    </extensions>
   </trkpt>
   <trkpt lat="51.0591058" lon="13.7613698">
    <ele>105</ele>
    <time>2026-06-06T11:15:09Z</time>
    <extensions>
     <gpxdata:hr>132</gpxdata:hr>
     <gpxdata:distance>21692.50</gpxdata:distance>
     <gpxdata:speed>7.669</gpxdata:speed>
    </extensions>
   </trkpt>
   <trkpt lat="51.0590624" lon="13.7612841">
    <ele>105</ele>
    <time>2026-06-06T11:15:10Z</time>
    <extensions>
     <gpxdata:hr>132</gpxdata:hr>
     <gpxdata:distance>21700.00</gpxdata:distance>
     <gpxdata:speed>7.678</gpxdata:speed>
    </extensions>
   </trkpt>
   <trkpt lat="51.0590189" lon="13.7611985">
    <ele>105</ele>
    <time>2026-06-06T11:15:11Z</time>
    <extensions>
     <gpxdata:hr>131</gpxdata:hr>
     <gpxdata:distance>21707.50</gpxdata:distance>
     <gpxdata:speed>7.683</gpxdata:speed>
    </extensions>
   </trkpt>
   <trkpt lat="51.0589757" lon="13.7611125">
    <ele>105</ele>
    <time>2026-06-06T11:15:12Z</time>
    <extensions>
     <gpxdata:hr>131</gpxdata:hr>
     <gpxdata:distance>21715.00</gpxdata:distance>
     <gpxdata:speed>7.694</gpxdata:speed>
    </extensions>
   </trkpt>
   <trkpt lat="51.0589328" lon="13.7610263">
    <ele>105</ele>
    <time>2026-06-06T11:15:13Z</time>
    <extensions>
     <gpxdata:hr>131</gpxdata:hr>
     <gpxdata:distance>21723.00</gpxdata:distance>
     <gpxdata:speed>7.697</gpxdata:speed>
    </extensions>
   </trkpt>
   <trkpt lat="51.0588901" lon="13.7609397">
    <ele>105</ele>
    <time>2026-06-06T11:15:14Z</time>
    <extensions>
     <gpxdata:hr>131</gpxdata:hr>
     <gpxdata:distance>21731.00</gpxdata:distance>
     <gpxdata:speed>7.694</gpxdata:speed>
    </extensions>
   </trkpt>
   <trkpt lat="51.0588478" lon="13.7608528">
    <ele>105</ele>
    <time>2026-06-06T11:15:15Z</time>
    <extensions>
     <gpxdata:hr>131</gpxdata:hr>
     <gpxdata:distance>21738.50</gpxdata:distance>
     <gpxdata:speed>7.700</gpxdata:speed>
    </extensions>
   </trkpt>
   <trkpt lat="51.0588051" lon="13.7607661">
    <ele>105</ele>
    <time>2026-06-06T11:15:16Z</time>
    <extensions>
     <gpxdata:hr>130</gpxdata:hr>
     <gpxdata:distance>21746.00</gpxdata:distance>
     <gpxdata:speed>7.697</gpxdata:speed>
    </extensions>
   </trkpt>
   <trkpt lat="51.0587616" lon="13.7606802">
    <ele>105</ele>
    <time>2026-06-06T11:15:17Z</time>
    <extensions>
     <gpxdata:hr>130</gpxdata:hr>
     <gpxdata:distance>21754.00</gpxdata:distance>
     <gpxdata:speed>7.697</gpxdata:speed>
    </extensions>
   </trkpt>
   <trkpt lat="51.0587181" lon="13.7605942">
    <ele>105</ele>
    <time>2026-06-06T11:15:18Z</time>
    <extensions>
     <gpxdata:hr>131</gpxdata:hr>
     <gpxdata:distance>21762.00</gpxdata:distance>
     <gpxdata:speed>7.708</gpxdata:speed>
    </extensions>
   </trkpt>
   <trkpt lat="51.0586748" lon="13.7605076">
    <ele>105</ele>
    <time>2026-06-06T11:15:19Z</time>
    <extensions>
     <gpxdata:hr>131</gpxdata:hr>
     <gpxdata:distance>21769.50</gpxdata:distance>
     <gpxdata:speed>7.717</gpxdata:speed>
    </extensions>
   </trkpt>
   <trkpt lat="51.0586313" lon="13.7604214">
    <ele>105</ele>
    <time>2026-06-06T11:15:20Z</time>
    <extensions>
     <gpxdata:hr>131</gpxdata:hr>
     <gpxdata:distance>21777.00</gpxdata:distance>
     <gpxdata:speed>7.725</gpxdata:speed>
    </extensions>
   </trkpt>
   <trkpt lat="51.0585879" lon="13.7603351">
    <ele>105</ele>
    <time>2026-06-06T11:15:21Z</time>
    <extensions>
     <gpxdata:hr>132</gpxdata:hr>
     <gpxdata:distance>21784.50</gpxdata:distance>
     <gpxdata:speed>7.728</gpxdata:speed>
    </extensions>
   </trkpt>
   <trkpt lat="51.0585447" lon="13.7602490">
    <ele>105</ele>
    <time>2026-06-06T11:15:22Z</time>
    <extensions>
     <gpxdata:hr>133</gpxdata:hr>
     <gpxdata:distance>21792.00</gpxdata:distance>
     <gpxdata:speed>7.728</gpxdata:speed>
    </extensions>
   </trkpt>
   <trkpt lat="51.0585016" lon="13.7601646">
    <ele>105</ele>
    <time>2026-06-06T11:15:23Z</time>
    <extensions>
     <gpxdata:hr>132</gpxdata:hr>
     <gpxdata:distance>21800.00</gpxdata:distance>
     <gpxdata:speed>7.722</gpxdata:speed>
    </extensions>
   </trkpt>
   <trkpt lat="51.0584593" lon="13.7600826">
    <ele>105</ele>
    <time>2026-06-06T11:15:24Z</time>
    <extensions>
     <gpxdata:hr>132</gpxdata:hr>
     <gpxdata:distance>21808.00</gpxdata:distance>
     <gpxdata:speed>7.675</gpxdata:speed>
    </extensions>
   </trkpt>
   <trkpt lat="51.0584186" lon="13.7600024">
    <ele>105</ele>
    <time>2026-06-06T11:15:25Z</time>
    <extensions>
     <gpxdata:hr>132</gpxdata:hr>
     <gpxdata:distance>21815.00</gpxdata:distance>
     <gpxdata:speed>7.578</gpxdata:speed>
    </extensions>
   </trkpt>
   <trkpt lat="51.0583794" lon="13.7599238">
    <ele>105</ele>
    <time>2026-06-06T11:15:26Z</time>
    <extensions>
     <gpxdata:hr>132</gpxdata:hr>
     <gpxdata:distance>21822.00</gpxdata:distance>
     <gpxdata:speed>7.442</gpxdata:speed>
    </extensions>
   </trkpt>
   <trkpt lat="51.0583418" lon="13.7598470">
    <ele>105</ele>
    <time>2026-06-06T11:15:27Z</time>
    <extensions>
     <gpxdata:hr>132</gpxdata:hr>
     <gpxdata:distance>21829.00</gpxdata:distance>
     <gpxdata:speed>7.289</gpxdata:speed>
    </extensions>
   </trkpt>
   <trkpt lat="51.0583046" lon="13.7597724">
    <ele>105</ele>
    <time>2026-06-06T11:15:28Z</time>
    <extensions>
     <gpxdata:hr>132</gpxdata:hr>
     <gpxdata:distance>21836.00</gpxdata:distance>
     <gpxdata:speed>6.917</gpxdata:speed>
    </extensions>
   </trkpt>
   <trkpt lat="51.0582680" lon="13.7597004">
    <ele>105</ele>
    <time>2026-06-06T11:15:29Z</time>
    <extensions>
     <gpxdata:hr>132</gpxdata:hr>
     <gpxdata:distance>21842.50</gpxdata:distance>
     <gpxdata:speed>6.736</gpxdata:speed>
    </extensions>
   </trkpt>
   <trkpt lat="51.0582332" lon="13.7596330">
    <ele>105</ele>
    <time>2026-06-06T11:15:30Z</time>
    <extensions>
     <gpxdata:hr>132</gpxdata:hr>
     <gpxdata:distance>21849.00</gpxdata:distance>
     <gpxdata:speed>6.553</gpxdata:speed>
    </extensions>
   </trkpt>
   <trkpt lat="51.0582042" lon="13.7595757">
    <ele>105</ele>
    <time>2026-06-06T11:15:31Z</time>
    <extensions>
     <gpxdata:hr>130</gpxdata:hr>
     <gpxdata:distance>21854.00</gpxdata:distance>
     <gpxdata:speed>6.169</gpxdata:speed>
    </extensions>
   </trkpt>
   <trkpt lat="51.0581882" lon="13.7595430">
    <ele>105</ele>
    <time>2026-06-06T11:15:32Z</time>
    <extensions>
     <gpxdata:hr>129</gpxdata:hr>
     <gpxdata:distance>21859.00</gpxdata:distance>
     <gpxdata:speed>5.222</gpxdata:speed>
    </extensions>
   </trkpt>
   <trkpt lat="51.0581699" lon="13.7595084">
    <ele>104</ele>
    <time>2026-06-06T11:15:33Z</time>
    <extensions>
     <gpxdata:hr>129</gpxdata:hr>
     <gpxdata:distance>21862.00</gpxdata:distance>
     <gpxdata:speed>4.189</gpxdata:speed>
    </extensions>
   </trkpt>
   <trkpt lat="51.0581493" lon="13.7594746">
    <ele>104</ele>
    <time>2026-06-06T11:15:34Z</time>
    <extensions>
     <gpxdata:hr>128</gpxdata:hr>
     <gpxdata:distance>21865.00</gpxdata:distance>
     <gpxdata:speed>3.692</gpxdata:speed>
    </extensions>
   </trkpt>
   <trkpt lat="51.0581251" lon="13.7594394">
    <ele>104</ele>
    <time>2026-06-06T11:15:35Z</time>
    <extensions>
     <gpxdata:hr>127</gpxdata:hr>
     <gpxdata:distance>21869.00</gpxdata:distance>
     <gpxdata:speed>3.642</gpxdata:speed>
    </extensions>
   </trkpt>
   <trkpt lat="51.0580973" lon="13.7594000">
    <ele>104</ele>
    <time>2026-06-06T11:15:36Z</time>
    <extensions>
     <gpxdata:hr>126</gpxdata:hr>
     <gpxdata:distance>21873.00</gpxdata:distance>
     <gpxdata:speed>3.914</gpxdata:speed>
    </extensions>
   </trkpt>
   <trkpt lat="51.0580669" lon="13.7593541">
    <ele>104</ele>
    <time>2026-06-06T11:15:37Z</time>
    <extensions>
     <gpxdata:hr>125</gpxdata:hr>
     <gpxdata:distance>21878.00</gpxdata:distance>
     <gpxdata:speed>4.308</gpxdata:speed>
    </extensions>
   </trkpt>
   <trkpt lat="51.0580351" lon="13.7593016">
    <ele>104</ele>
    <time>2026-06-06T11:15:38Z</time>
    <extensions>
     <gpxdata:hr>124</gpxdata:hr>
     <gpxdata:distance>21883.00</gpxdata:distance>
     <gpxdata:speed>4.744</gpxdata:speed>
    </extensions>
   </trkpt>
   <trkpt lat="51.0580033" lon="13.7592425">
    <ele>104</ele>
    <time>2026-06-06T11:15:39Z</time>
    <extensions>
     <gpxdata:hr>125</gpxdata:hr>
     <gpxdata:distance>21888.50</gpxdata:distance>
     <gpxdata:speed>4.936</gpxdata:speed>
    </extensions>
   </trkpt>
   <trkpt lat="51.0579726" lon="13.7591774">
    <ele>104</ele>
    <time>2026-06-06T11:15:40Z</time>
    <extensions>
     <gpxdata:hr>125</gpxdata:hr>
     <gpxdata:distance>21894.00</gpxdata:distance>
     <gpxdata:speed>5.144</gpxdata:speed>
    </extensions>
   </trkpt>
   <trkpt lat="51.0579427" lon="13.7591080">
    <ele>104</ele>
    <time>2026-06-06T11:15:41Z</time>
    <extensions>
     <gpxdata:hr>125</gpxdata:hr>
     <gpxdata:distance>21900.00</gpxdata:distance>
     <gpxdata:speed>5.361</gpxdata:speed>
    </extensions>
   </trkpt>
   <trkpt lat="51.0579122" lon="13.7590370">
    <ele>104</ele>
    <time>2026-06-06T11:15:42Z</time>
    <extensions>
     <gpxdata:hr>126</gpxdata:hr>
     <gpxdata:distance>21906.00</gpxdata:distance>
     <gpxdata:speed>5.800</gpxdata:speed>
    </extensions>
   </trkpt>
   <trkpt lat="51.0578805" lon="13.7589658">
    <ele>104</ele>
    <time>2026-06-06T11:15:43Z</time>
    <extensions>
     <gpxdata:hr>126</gpxdata:hr>
     <gpxdata:distance>21912.00</gpxdata:distance>
     <gpxdata:speed>5.964</gpxdata:speed>
    </extensions>
   </trkpt>
   <trkpt lat="51.0578366" lon="13.7588711">
    <ele>104</ele>
    <time>2026-06-06T11:15:44Z</time>
    <extensions>
     <gpxdata:hr>125</gpxdata:hr>
     <gpxdata:distance>21918.00</gpxdata:distance>
     <gpxdata:speed>6.078</gpxdata:speed>
    </extensions>
   </trkpt>
   <trkpt lat="51.0578010" lon="13.7587969">
    <ele>104</ele>
    <time>2026-06-06T11:15:45Z</time>
    <extensions>
     <gpxdata:hr>125</gpxdata:hr>
     <gpxdata:distance>21924.50</gpxdata:distance>
     <gpxdata:speed>6.158</gpxdata:speed>
    </extensions>
   </trkpt>
   <trkpt lat="51.0577661" lon="13.7587244">
    <ele>104</ele>
    <time>2026-06-06T11:15:46Z</time>
    <extensions>
     <gpxdata:hr>127</gpxdata:hr>
     <gpxdata:distance>21931.00</gpxdata:distance>
     <gpxdata:speed>6.239</gpxdata:speed>
    </extensions>
   </trkpt>
   <trkpt lat="51.0577313" lon="13.7586512">
    <ele>104</ele>
    <time>2026-06-06T11:15:47Z</time>
    <extensions>
     <gpxdata:hr>127</gpxdata:hr>
     <gpxdata:distance>21937.50</gpxdata:distance>
     <gpxdata:speed>6.325</gpxdata:speed>
    </extensions>
   </trkpt>
   <trkpt lat="51.0576969" lon="13.7585779">
    <ele>105</ele>
    <time>2026-06-06T11:15:48Z</time>
    <extensions>
     <gpxdata:hr>127</gpxdata:hr>
     <gpxdata:distance>21944.00</gpxdata:distance>
     <gpxdata:speed>6.386</gpxdata:speed>
    </extensions>
   </trkpt>
   <trkpt lat="51.0576624" lon="13.7585058">
    <ele>105</ele>
    <time>2026-06-06T11:15:49Z</time>
    <extensions>
     <gpxdata:hr>127</gpxdata:hr>
     <gpxdata:distance>21950.00</gpxdata:distance>
     <gpxdata:speed>6.408</gpxdata:speed>
    </extensions>
   </trkpt>
   <trkpt lat="51.0576279" lon="13.7584341">
    <ele>105</ele>
    <time>2026-06-06T11:15:50Z</time>
    <extensions>
     <gpxdata:hr>127</gpxdata:hr>
     <gpxdata:distance>21956.00</gpxdata:distance>
     <gpxdata:speed>6.383</gpxdata:speed>
    </extensions>
   </trkpt>
   <trkpt lat="51.0575933" lon="13.7583621">
    <ele>105</ele>
    <time>2026-06-06T11:15:51Z</time>
    <extensions>
     <gpxdata:hr>127</gpxdata:hr>
     <gpxdata:distance>21962.50</gpxdata:distance>
     <gpxdata:speed>6.361</gpxdata:speed>
    </extensions>
   </trkpt>
   <trkpt lat="51.0575581" lon="13.7582898">
    <ele>105</ele>
    <time>2026-06-06T11:15:52Z</time>
    <extensions>
     <gpxdata:hr>127</gpxdata:hr>
     <gpxdata:distance>21969.00</gpxdata:distance>
     <gpxdata:speed>6.364</gpxdata:speed>
    </extensions>
   </trkpt>
   <trkpt lat="51.0575227" lon="13.7582164">
    <ele>105</ele>
    <time>2026-06-06T11:15:53Z</time>
    <extensions>
     <gpxdata:hr>127</gpxdata:hr>
     <gpxdata:distance>21975.50</gpxdata:distance>
     <gpxdata:speed>6.386</gpxdata:speed>
    </extensions>
   </trkpt>
   <trkpt lat="51.0574872" lon="13.7581421">
    <ele>105</ele>
    <time>2026-06-06T11:15:54Z</time>
    <extensions>
     <gpxdata:hr>127</gpxdata:hr>
     <gpxdata:distance>21982.00</gpxdata:distance>
     <gpxdata:speed>6.422</gpxdata:speed>
    </extensions>
   </trkpt>
   <trkpt lat="51.0574515" lon="13.7580672">
    <ele>105</ele>
    <time>2026-06-06T11:15:55Z</time>
    <extensions>
     <gpxdata:hr>127</gpxdata:hr>
     <gpxdata:distance>21988.50</gpxdata:distance>
     <gpxdata:speed>6.464</gpxdata:speed>
    </extensions>
   </trkpt>
   <trkpt lat="51.0574154" lon="13.7579915">
    <ele>105</ele>
    <time>2026-06-06T11:15:56Z</time>
    <extensions>
     <gpxdata:hr>127</gpxdata:hr>
     <gpxdata:distance>21995.00</gpxdata:distance>
     <gpxdata:speed>6.506</gpxdata:speed>
    </extensions>
   </trkpt>
   <trkpt lat="51.0573789" lon="13.7579157">
    <ele>105</ele>
    <time>2026-06-06T11:15:57Z</time>
    <extensions>
     <gpxdata:hr>128</gpxdata:hr>
     <gpxdata:distance>22001.50</gpxdata:distance>
     <gpxdata:speed>6.556</gpxdata:speed>
    </extensions>
   </trkpt>
   <trkpt lat="51.0573426" lon="13.7578398">
    <ele>105</ele>
    <time>2026-06-06T11:15:58Z</time>
    <extensions>
     <gpxdata:hr>128</gpxdata:hr>
     <gpxdata:distance>22008.00</gpxdata:distance>
     <gpxdata:speed>6.597</gpxdata:speed>
    </extensions>
   </trkpt>
   <trkpt lat="51.0573072" lon="13.7577637">
    <ele>105</ele>
    <time>2026-06-06T11:15:59Z</time>
    <extensions>
     <gpxdata:hr>127</gpxdata:hr>
     <gpxdata:distance>22015.00</gpxdata:distance>
     <gpxdata:speed>6.619</gpxdata:speed>
    </extensions>
   </trkpt>
   <trkpt lat="51.0572719" lon="13.7576880">
    <ele>105</ele>
    <time>2026-06-06T11:16:00Z</time>
    <extensions>
     <gpxdata:hr>127</gpxdata:hr>
     <gpxdata:distance>22022.00</gpxdata:distance>
     <gpxdata:speed>6.622</gpxdata:speed>
    </extensions>
   </trkpt>
   <trkpt lat="51.0572363" lon="13.7576133">
    <ele>105</ele>
    <time>2026-06-06T11:16:01Z</time>
    <extensions>
     <gpxdata:hr>127</gpxdata:hr>
     <gpxdata:distance>22028.50</gpxdata:distance>
     <gpxdata:speed>6.617</gpxdata:speed>
    </extensions>
   </trkpt>
   <trkpt lat="51.0572005" lon="13.7575387">
    <ele>105</ele>
    <time>2026-06-06T11:16:02Z</time>
    <extensions>
     <gpxdata:hr>126</gpxdata:hr>
     <gpxdata:distance>22035.00</gpxdata:distance>
     <gpxdata:speed>6.600</gpxdata:speed>
    </extensions>
   </trkpt>
   <trkpt lat="51.0571652" lon="13.7574639">
    <ele>105</ele>
    <time>2026-06-06T11:16:03Z</time>
    <extensions>
     <gpxdata:hr>126</gpxdata:hr>
     <gpxdata:distance>22041.50</gpxdata:distance>
     <gpxdata:speed>6.594</gpxdata:speed>
    </extensions>
   </trkpt>
   <trkpt lat="51.0571304" lon="13.7573888">
    <ele>105</ele>
    <time>2026-06-06T11:16:04Z</time>
    <extensions>
     <gpxdata:hr>126</gpxdata:hr>
     <gpxdata:distance>22048.00</gpxdata:distance>
     <gpxdata:speed>6.581</gpxdata:speed>
    </extensions>
   </trkpt>
   <trkpt lat="51.0570959" lon="13.7573134">
    <ele>105</ele>
    <time>2026-06-06T11:16:05Z</time>
    <extensions>
     <gpxdata:hr>126</gpxdata:hr>
     <gpxdata:distance>22054.50</gpxdata:distance>
     <gpxdata:speed>6.564</gpxdata:speed>
    </extensions>
   </trkpt>
   <trkpt lat="51.0570617" lon="13.7572380">
    <ele>105</ele>
    <time>2026-06-06T11:16:06Z</time>
    <extensions>
     <gpxdata:hr>127</gpxdata:hr>
     <gpxdata:distance>22061.00</gpxdata:distance>
     <gpxdata:speed>6.550</gpxdata:speed>
    </extensions>
   </trkpt>
   <trkpt lat="51.0570270" lon="13.7571625">
    <ele>105</ele>
    <time>2026-06-06T11:16:07Z</time>
    <extensions>
     <gpxdata:hr>128</gpxdata:hr>
     <gpxdata:distance>22067.50</gpxdata:distance>
     <gpxdata:speed>6.536</gpxdata:speed>
    </extensions>
   </trkpt>
   <trkpt lat="51.0569919" lon="13.7570868">
    <ele>105</ele>
    <time>2026-06-06T11:16:08Z</time>
    <extensions>
     <gpxdata:hr>128</gpxdata:hr>
     <gpxdata:distance>22074.00</gpxdata:distance>
     <gpxdata:speed>6.539</gpxdata:speed>
    </extensions>
   </trkpt>
   <trkpt lat="51.0569564" lon="13.7570113">
    <ele>105</ele>
    <time>2026-06-06T11:16:09Z</time>
    <extensions>
     <gpxdata:hr>129</gpxdata:hr>
     <gpxdata:distance>22080.50</gpxdata:distance>
     <gpxdata:speed>6.561</gpxdata:speed>
    </extensions>
   </trkpt>
   <trkpt lat="51.0569211" lon="13.7569353">
    <ele>105</ele>
    <time>2026-06-06T11:16:10Z</time>
    <extensions>
     <gpxdata:hr>129</gpxdata:hr>
     <gpxdata:distance>22087.00</gpxdata:distance>
     <gpxdata:speed>6.569</gpxdata:speed>
    </extensions>
   </trkpt>
   <trkpt lat="51.0568866" lon="13.7568588">
    <ele>105</ele>
    <time>2026-06-06T11:16:11Z</time>
    <extensions>
     <gpxdata:hr>128</gpxdata:hr>
     <gpxdata:distance>22093.50</gpxdata:distance>
     <gpxdata:speed>6.581</gpxdata:speed>
    </extensions>
   </trkpt>
   <trkpt lat="51.0568521" lon="13.7567818">
    <ele>105</ele>
    <time>2026-06-06T11:16:12Z</time>
    <extensions>
     <gpxdata:hr>128</gpxdata:hr>
     <gpxdata:distance>22100.00</gpxdata:distance>
     <gpxdata:speed>6.581</gpxdata:speed>
    </extensions>
   </trkpt>
   <trkpt lat="51.0568166" lon="13.7567055">
    <ele>105</ele>
    <time>2026-06-06T11:16:13Z</time>
    <extensions>
     <gpxdata:hr>128</gpxdata:hr>
     <gpxdata:distance>22107.00</gpxdata:distance>
     <gpxdata:speed>6.597</gpxdata:speed>
    </extensions>
   </trkpt>
   <trkpt lat="51.0567799" lon="13.7566303">
    <ele>105</ele>
    <time>2026-06-06T11:16:14Z</time>
    <extensions>
     <gpxdata:hr>128</gpxdata:hr>
     <gpxdata:distance>22114.00</gpxdata:distance>
     <gpxdata:speed>6.611</gpxdata:speed>
    </extensions>
   </trkpt>
   <trkpt lat="51.0567427" lon="13.7565546">
    <ele>105</ele>
    <time>2026-06-06T11:16:15Z</time>
    <extensions>
     <gpxdata:hr>128</gpxdata:hr>
     <gpxdata:distance>22120.50</gpxdata:distance>
     <gpxdata:speed>6.631</gpxdata:speed>
    </extensions>
   </trkpt>
   <trkpt lat="51.0567059" lon="13.7564780">
    <ele>105</ele>
    <time>2026-06-06T11:16:16Z</time>
    <extensions>
     <gpxdata:hr>128</gpxdata:hr>
     <gpxdata:distance>22127.00</gpxdata:distance>
     <gpxdata:speed>6.667</gpxdata:speed>
    </extensions>
   </trkpt>
   <trkpt lat="51.0566704" lon="13.7563990">
    <ele>105</ele>
    <time>2026-06-06T11:16:17Z</time>
    <extensions>
     <gpxdata:hr>128</gpxdata:hr>
     <gpxdata:distance>22134.00</gpxdata:distance>
     <gpxdata:speed>6.694</gpxdata:speed>
    </extensions>
   </trkpt>
   <trkpt lat="51.0566361" lon="13.7563173">
    <ele>105</ele>
    <time>2026-06-06T11:16:18Z</time>
    <extensions>
     <gpxdata:hr>128</gpxdata:hr>
     <gpxdata:distance>22141.00</gpxdata:distance>
     <gpxdata:speed>6.728</gpxdata:speed>
    </extensions>
   </trkpt>
   <trkpt lat="51.0566013" lon="13.7562340">
    <ele>105</ele>
    <time>2026-06-06T11:16:19Z</time>
    <extensions>
     <gpxdata:hr>129</gpxdata:hr>
     <gpxdata:distance>22148.00</gpxdata:distance>
     <gpxdata:speed>6.789</gpxdata:speed>
    </extensions>
   </trkpt>
   <trkpt lat="51.0565657" lon="13.7561505">
    <ele>105</ele>
    <time>2026-06-06T11:16:20Z</time>
    <extensions>
     <gpxdata:hr>129</gpxdata:hr>
     <gpxdata:distance>22155.00</gpxdata:distance>
     <gpxdata:speed>6.867</gpxdata:speed>
    </extensions>
   </trkpt>
   <trkpt lat="51.0565297" lon="13.7560668">
    <ele>105</ele>
    <time>2026-06-06T11:16:21Z</time>
    <extensions>
     <gpxdata:hr>128</gpxdata:hr>
     <gpxdata:distance>22162.00</gpxdata:distance>
     <gpxdata:speed>6.936</gpxdata:speed>
    </extensions>
   </trkpt>
   <trkpt lat="51.0564936" lon="13.7559831">
    <ele>105</ele>
    <time>2026-06-06T11:16:22Z</time>
    <extensions>
     <gpxdata:hr>129</gpxdata:hr>
     <gpxdata:distance>22169.00</gpxdata:distance>
     <gpxdata:speed>6.994</gpxdata:speed>
    </extensions>
   </trkpt>
   <trkpt lat="51.0564570" lon="13.7558997">
    <ele>105</ele>
    <time>2026-06-06T11:16:23Z</time>
    <extensions>
     <gpxdata:hr>128</gpxdata:hr>
     <gpxdata:distance>22176.00</gpxdata:distance>
     <gpxdata:speed>7.033</gpxdata:speed>
    </extensions>
   </trkpt>
   <trkpt lat="51.0564198" lon="13.7558165">
    <ele>105</ele>
    <time>2026-06-06T11:16:24Z</time>
    <extensions>
     <gpxdata:hr>128</gpxdata:hr>
     <gpxdata:distance>22183.00</gpxdata:distance>
     <gpxdata:speed>7.069</gpxdata:speed>
    </extensions>
   </trkpt>
   <trkpt lat="51.0563830" lon="13.7557341">
    <ele>105</ele>
    <time>2026-06-06T11:16:25Z</time>
    <extensions>
     <gpxdata:hr>129</gpxdata:hr>
     <gpxdata:distance>22190.00</gpxdata:distance>
     <gpxdata:speed>7.106</gpxdata:speed>
    </extensions>
   </trkpt>
   <trkpt lat="51.0563463" lon="13.7556533">
    <ele>105</ele>
    <time>2026-06-06T11:16:26Z</time>
    <extensions>
     <gpxdata:hr>129</gpxdata:hr>
     <gpxdata:distance>22197.00</gpxdata:distance>
     <gpxdata:speed>7.097</gpxdata:speed>
    </extensions>
   </trkpt>
   <trkpt lat="51.0563098" lon="13.7555739">
    <ele>105</ele>
    <time>2026-06-06T11:16:27Z</time>
    <extensions>
     <gpxdata:hr>130</gpxdata:hr>
     <gpxdata:distance>22204.00</gpxdata:distance>
     <gpxdata:speed>7.050</gpxdata:speed>
    </extensions>
   </trkpt>
   <trkpt lat="51.0562754" lon="13.7554941">
    <ele>105</ele>
    <time>2026-06-06T11:16:28Z</time>
    <extensions>
     <gpxdata:hr>131</gpxdata:hr>
     <gpxdata:distance>22211.00</gpxdata:distance>
     <gpxdata:speed>6.994</gpxdata:speed>
    </extensions>
   </trkpt>
   <trkpt lat="51.0562391" lon="13.7554168">
    <ele>105</ele>
    <time>2026-06-06T11:16:29Z</time>
    <extensions>
     <gpxdata:hr>131</gpxdata:hr>
     <gpxdata:distance>22217.50</gpxdata:distance>
     <gpxdata:speed>6.917</gpxdata:speed>
    </extensions>
   </trkpt>
   <trkpt lat="51.0562042" lon="13.7553396">
    <ele>105</ele>
    <time>2026-06-06T11:16:30Z</time>
    <extensions>
     <gpxdata:hr>130</gpxdata:hr>
     <gpxdata:distance>22224.00</gpxdata:distance>
     <gpxdata:speed>6.869</gpxdata:speed>
    </extensions>
   </trkpt>
   <trkpt lat="51.0561700" lon="13.7552657">
    <ele>105</ele>
    <time>2026-06-06T11:16:31Z</time>
    <extensions>
     <gpxdata:hr>128</gpxdata:hr>
     <gpxdata:distance>22230.50</gpxdata:distance>
     <gpxdata:speed>6.786</gpxdata:speed>
    </extensions>
   </trkpt>
   <trkpt lat="51.0561362" lon="13.7551934">
    <ele>105</ele>
    <time>2026-06-06T11:16:32Z</time>
    <extensions>
     <gpxdata:hr>128</gpxdata:hr>
     <gpxdata:distance>22237.00</gpxdata:distance>
     <gpxdata:speed>6.642</gpxdata:speed>
    </extensions>
   </trkpt>
   <trkpt lat="51.0561043" lon="13.7551241">
    <ele>105</ele>
    <time>2026-06-06T11:16:33Z</time>
    <extensions>
     <gpxdata:hr>127</gpxdata:hr>
     <gpxdata:distance>22243.00</gpxdata:distance>
     <gpxdata:speed>6.519</gpxdata:speed>
    </extensions>
   </trkpt>
   <trkpt lat="51.0560754" lon="13.7550585">
    <ele>105</ele>
    <time>2026-06-06T11:16:34Z</time>
    <extensions>
     <gpxdata:hr>126</gpxdata:hr>
     <gpxdata:distance>22249.00</gpxdata:distance>
     <gpxdata:speed>6.086</gpxdata:speed>
    </extensions>
   </trkpt>
   <trkpt lat="51.0560562" lon="13.7550148">
    <ele>105</ele>
    <time>2026-06-06T11:16:35Z</time>
    <extensions>
     <gpxdata:hr>125</gpxdata:hr>
     <gpxdata:distance>22254.00</gpxdata:distance>
     <gpxdata:speed>5.692</gpxdata:speed>
    </extensions>
   </trkpt>
   <trkpt lat="51.0560334" lon="13.7549642">
    <ele>105</ele>
    <time>2026-06-06T11:16:36Z</time>
    <extensions>
     <gpxdata:hr>126</gpxdata:hr>
     <gpxdata:distance>22259.00</gpxdata:distance>
     <gpxdata:speed>5.253</gpxdata:speed>
    </extensions>
   </trkpt>
   <trkpt lat="51.0560109" lon="13.7549144">
    <ele>105</ele>
    <time>2026-06-06T11:16:37Z</time>
    <extensions>
     <gpxdata:hr>126</gpxdata:hr>
     <gpxdata:distance>22263.50</gpxdata:distance>
     <gpxdata:speed>4.797</gpxdata:speed>
    </extensions>
   </trkpt>
   <trkpt lat="51.0559900" lon="13.7548658">
    <ele>105</ele>
    <time>2026-06-06T11:16:38Z</time>
    <extensions>
     <gpxdata:hr>125</gpxdata:hr>
     <gpxdata:distance>22268.00</gpxdata:distance>
     <gpxdata:speed>4.439</gpxdata:speed>
    </extensions>
   </trkpt>
   <trkpt lat="51.0559710" lon="13.7548181">
    <ele>105</ele>
    <time>2026-06-06T11:16:39Z</time>
    <extensions>
     <gpxdata:hr>124</gpxdata:hr>
     <gpxdata:distance>22272.00</gpxdata:distance>
     <gpxdata:speed>4.228</gpxdata:speed>
    </extensions>
   </trkpt>
   <trkpt lat="51.0559539" lon="13.7547719">
    <ele>105</ele>
    <time>2026-06-06T11:16:40Z</time>
    <extensions>
     <gpxdata:hr>123</gpxdata:hr>
     <gpxdata:distance>22276.00</gpxdata:distance>
     <gpxdata:speed>4.019</gpxdata:speed>
    </extensions>
   </trkpt>
   <trkpt lat="51.0559381" lon="13.7547292">
    <ele>105</ele>
    <time>2026-06-06T11:16:41Z</time>
    <extensions>
     <gpxdata:hr>121</gpxdata:hr>
     <gpxdata:distance>22279.00</gpxdata:distance>
     <gpxdata:speed>3.800</gpxdata:speed>
    </extensions>
   </trkpt>
   <trkpt lat="51.0559232" lon="13.7546908">
    <ele>105</ele>
    <time>2026-06-06T11:16:42Z</time>
    <extensions>
     <gpxdata:hr>119</gpxdata:hr>
     <gpxdata:distance>22282.00</gpxdata:distance>
     <gpxdata:speed>3.475</gpxdata:speed>
    </extensions>
   </trkpt>
   <trkpt lat="51.0559085" lon="13.7546561">
    <ele>105</ele>
    <time>2026-06-06T11:16:43Z</time>
    <extensions>
     <gpxdata:hr>118</gpxdata:hr>
     <gpxdata:distance>22285.00</gpxdata:distance>
     <gpxdata:speed>3.169</gpxdata:speed>
    </extensions>
   </trkpt>
   <trkpt lat="51.0558996" lon="13.7546374">
    <ele>104</ele>
    <time>2026-06-06T11:16:44Z</time>
    <extensions>
     <gpxdata:hr>118</gpxdata:hr>
     <gpxdata:distance>22288.00</gpxdata:distance>
     <gpxdata:speed>2.958</gpxdata:speed>
    </extensions>
   </trkpt>
   <trkpt lat="51.0558859" lon="13.7546111">
    <ele>104</ele>
    <time>2026-06-06T11:16:45Z</time>
    <extensions>
     <gpxdata:hr>120</gpxdata:hr>
     <gpxdata:distance>22291.00</gpxdata:distance>
     <gpxdata:speed>2.936</gpxdata:speed>
    </extensions>
   </trkpt>
   <trkpt lat="51.0558582" lon="13.7545576">
    <ele>104</ele>
    <time>2026-06-06T11:16:46Z</time>
    <extensions>
     <gpxdata:hr>120</gpxdata:hr>
     <gpxdata:distance>22294.00</gpxdata:distance>
     <gpxdata:speed>3.114</gpxdata:speed>
    </extensions>
   </trkpt>
   <trkpt lat="51.0558378" lon="13.7545108">
    <ele>104</ele>
    <time>2026-06-06T11:16:47Z</time>
    <extensions>
     <gpxdata:hr>120</gpxdata:hr>
     <gpxdata:distance>22298.00</gpxdata:distance>
     <gpxdata:speed>3.258</gpxdata:speed>
    </extensions>
   </trkpt>
   <trkpt lat="51.0558197" lon="13.7544592">
    <ele>104</ele>
    <time>2026-06-06T11:16:48Z</time>
    <extensions>
     <gpxdata:hr>119</gpxdata:hr>
     <gpxdata:distance>22302.00</gpxdata:distance>
     <gpxdata:speed>3.747</gpxdata:speed>
    </extensions>
   </trkpt>
   <trkpt lat="51.0558008" lon="13.7544036">
    <ele>104</ele>
    <time>2026-06-06T11:16:49Z</time>
    <extensions>
     <gpxdata:hr>119</gpxdata:hr>
     <gpxdata:distance>22306.50</gpxdata:distance>
     <gpxdata:speed>3.967</gpxdata:speed>
    </extensions>
   </trkpt>
   <trkpt lat="51.0557787" lon="13.7543463">
    <ele>104</ele>
    <time>2026-06-06T11:16:50Z</time>
    <extensions>
     <gpxdata:hr>119</gpxdata:hr>
     <gpxdata:distance>22311.00</gpxdata:distance>
     <gpxdata:speed>4.389</gpxdata:speed>
    </extensions>
   </trkpt>
   <trkpt lat="51.0557533" lon="13.7542889">
    <ele>104</ele>
    <time>2026-06-06T11:16:51Z</time>
    <extensions>
     <gpxdata:hr>118</gpxdata:hr>
     <gpxdata:distance>22316.00</gpxdata:distance>
     <gpxdata:speed>4.683</gpxdata:speed>
    </extensions>
   </trkpt>
   <trkpt lat="51.0557265" lon="13.7542310">
    <ele>104</ele>
    <time>2026-06-06T11:16:52Z</time>
    <extensions>
     <gpxdata:hr>117</gpxdata:hr>
     <gpxdata:distance>22321.00</gpxdata:distance>
     <gpxdata:speed>4.883</gpxdata:speed>
    </extensions>
   </trkpt>
   <trkpt lat="51.0556998" lon="13.7541718">
    <ele>104</ele>
    <time>2026-06-06T11:16:53Z</time>
    <extensions>
     <gpxdata:hr>117</gpxdata:hr>
     <gpxdata:distance>22326.00</gpxdata:distance>
     <gpxdata:speed>4.992</gpxdata:speed>
    </extensions>
   </trkpt>
   <trkpt lat="51.0556752" lon="13.7541105">
    <ele>104</ele>
    <time>2026-06-06T11:16:54Z</time>
    <extensions>
     <gpxdata:hr>117</gpxdata:hr>
     <gpxdata:distance>22331.00</gpxdata:distance>
     <gpxdata:speed>5.058</gpxdata:speed>
    </extensions>
   </trkpt>
   <trkpt lat="51.0556522" lon="13.7540494">
    <ele>104</ele>
    <time>2026-06-06T11:16:55Z</time>
    <extensions>
     <gpxdata:hr>117</gpxdata:hr>
     <gpxdata:distance>22336.00</gpxdata:distance>
     <gpxdata:speed>5.072</gpxdata:speed>
    </extensions>
   </trkpt>
   <trkpt lat="51.0556287" lon="13.7539894">
    <ele>104</ele>
    <time>2026-06-06T11:16:56Z</time>
    <extensions>
     <gpxdata:hr>118</gpxdata:hr>
     <gpxdata:distance>22341.00</gpxdata:distance>
     <gpxdata:speed>4.956</gpxdata:speed>
    </extensions>
   </trkpt>
   <trkpt lat="51.0556037" lon="13.7539291">
    <ele>104</ele>
    <time>2026-06-06T11:16:57Z</time>
    <extensions>
     <gpxdata:hr>119</gpxdata:hr>
     <gpxdata:distance>22346.00</gpxdata:distance>
     <gpxdata:speed>4.947</gpxdata:speed>
    </extensions>
   </trkpt>
   <trkpt lat="51.0555780" lon="13.7538667">
    <ele>104</ele>
    <time>2026-06-06T11:16:58Z</time>
    <extensions>
     <gpxdata:hr>119</gpxdata:hr>
     <gpxdata:distance>22351.00</gpxdata:distance>
     <gpxdata:speed>5.103</gpxdata:speed>
    </extensions>
   </trkpt>
   <trkpt lat="51.0555520" lon="13.7538020">
    <ele>104</ele>
    <time>2026-06-06T11:16:59Z</time>
    <extensions>
     <gpxdata:hr>119</gpxdata:hr>
     <gpxdata:distance>22356.50</gpxdata:distance>
     <gpxdata:speed>5.211</gpxdata:speed>
    </extensions>
   </trkpt>
   <trkpt lat="51.0555259" lon="13.7537359">
    <ele>104</ele>
    <time>2026-06-06T11:17:00Z</time>
    <extensions>
     <gpxdata:hr>120</gpxdata:hr>
     <gpxdata:distance>22362.00</gpxdata:distance>
     <gpxdata:speed>5.311</gpxdata:speed>
    </extensions>
   </trkpt>
   <trkpt lat="51.0554996" lon="13.7536698">
    <ele>104</ele>
    <time>2026-06-06T11:17:01Z</time>
    <extensions>
     <gpxdata:hr>120</gpxdata:hr>
     <gpxdata:distance>22367.50</gpxdata:distance>
     <gpxdata:speed>5.381</gpxdata:speed>
    </extensions>
   </trkpt>
   <trkpt lat="51.0554738" lon="13.7536049">
    <ele>104</ele>
    <time>2026-06-06T11:17:02Z</time>
    <extensions>
     <gpxdata:hr>119</gpxdata:hr>
     <gpxdata:distance>22373.00</gpxdata:distance>
     <gpxdata:speed>5.411</gpxdata:speed>
    </extensions>
   </trkpt>
   <trkpt lat="51.0554486" lon="13.7535411">
    <ele>104</ele>
    <time>2026-06-06T11:17:03Z</time>
    <extensions>
     <gpxdata:hr>120</gpxdata:hr>
     <gpxdata:distance>22378.50</gpxdata:distance>
     <gpxdata:speed>5.381</gpxdata:speed>
    </extensions>
   </trkpt>
   <trkpt lat="51.0554247" lon="13.7534778">
    <ele>104</ele>
    <time>2026-06-06T11:17:04Z</time>
    <extensions>
     <gpxdata:hr>120</gpxdata:hr>
     <gpxdata:distance>22384.00</gpxdata:distance>
     <gpxdata:speed>5.328</gpxdata:speed>
    </extensions>
   </trkpt>
   <trkpt lat="51.0554020" lon="13.7534153">
    <ele>104</ele>
    <time>2026-06-06T11:17:05Z</time>
    <extensions>
     <gpxdata:hr>119</gpxdata:hr>
     <gpxdata:distance>22389.00</gpxdata:distance>
     <gpxdata:speed>5.261</gpxdata:speed>
    </extensions>
   </trkpt>
   <trkpt lat="51.0553789" lon="13.7533553">
    <ele>104</ele>
    <time>2026-06-06T11:17:06Z</time>
    <extensions>
     <gpxdata:hr>118</gpxdata:hr>
     <gpxdata:distance>22394.00</gpxdata:distance>
     <gpxdata:speed>5.175</gpxdata:speed>
    </extensions>
   </trkpt>
   <trkpt lat="51.0553545" lon="13.7532981">
    <ele>104</ele>
    <time>2026-06-06T11:17:07Z</time>
    <extensions>
     <gpxdata:hr>117</gpxdata:hr>
     <gpxdata:distance>22398.50</gpxdata:distance>
     <gpxdata:speed>5.072</gpxdata:speed>
    </extensions>
   </trkpt>
   <trkpt lat="51.0553297" lon="13.7532431">
    <ele>104</ele>
    <time>2026-06-06T11:17:08Z</time>
    <extensions>
     <gpxdata:hr>117</gpxdata:hr>
     <gpxdata:distance>22403.00</gpxdata:distance>
     <gpxdata:speed>4.983</gpxdata:speed>
    </extensions>
   </trkpt>
   <trkpt lat="51.0553055" lon="13.7531893">
    <ele>104</ele>
    <time>2026-06-06T11:17:09Z</time>
    <extensions>
     <gpxdata:hr>116</gpxdata:hr>
     <gpxdata:distance>22407.50</gpxdata:distance>
     <gpxdata:speed>4.883</gpxdata:speed>
    </extensions>
   </trkpt>
   <trkpt lat="51.0552840" lon="13.7531367">
    <ele>104</ele>
    <time>2026-06-06T11:17:10Z</time>
    <extensions>
     <gpxdata:hr>117</gpxdata:hr>
     <gpxdata:distance>22412.00</gpxdata:distance>
     <gpxdata:speed>4.656</gpxdata:speed>
    </extensions>
   </trkpt>
   <trkpt lat="51.0552661" lon="13.7530862">
    <ele>104</ele>
    <time>2026-06-06T11:17:11Z</time>
    <extensions>
     <gpxdata:hr>116</gpxdata:hr>
     <gpxdata:distance>22416.00</gpxdata:distance>
     <gpxdata:speed>4.378</gpxdata:speed>
    </extensions>
   </trkpt>
   <trkpt lat="51.0552500" lon="13.7530377">
    <ele>104</ele>
    <time>2026-06-06T11:17:12Z</time>
    <extensions>
     <gpxdata:hr>116</gpxdata:hr>
     <gpxdata:distance>22420.00</gpxdata:distance>
     <gpxdata:speed>4.028</gpxdata:speed>
    </extensions>
   </trkpt>
   <trkpt lat="51.0552326" lon="13.7529890">
    <ele>104</ele>
    <time>2026-06-06T11:17:13Z</time>
    <extensions>
     <gpxdata:hr>116</gpxdata:hr>
     <gpxdata:distance>22424.00</gpxdata:distance>
     <gpxdata:speed>3.858</gpxdata:speed>
    </extensions>
   </trkpt>
   <trkpt lat="51.0552137" lon="13.7529386">
    <ele>104</ele>
    <time>2026-06-06T11:17:14Z</time>
    <extensions>
     <gpxdata:hr>114</gpxdata:hr>
     <gpxdata:distance>22428.00</gpxdata:distance>
     <gpxdata:speed>4.014</gpxdata:speed>
    </extensions>
   </trkpt>
   <trkpt lat="51.0551963" lon="13.7528889">
    <ele>104</ele>
    <time>2026-06-06T11:17:15Z</time>
    <extensions>
     <gpxdata:hr>114</gpxdata:hr>
     <gpxdata:distance>22432.00</gpxdata:distance>
     <gpxdata:speed>4.172</gpxdata:speed>
    </extensions>
   </trkpt>
   <trkpt lat="51.0551818" lon="13.7528439">
    <ele>104</ele>
    <time>2026-06-06T11:17:16Z</time>
    <extensions>
     <gpxdata:hr>114</gpxdata:hr>
     <gpxdata:distance>22436.00</gpxdata:distance>
     <gpxdata:speed>3.958</gpxdata:speed>
    </extensions>
   </trkpt>
   <trkpt lat="51.0551686" lon="13.7528040">
    <ele>104</ele>
    <time>2026-06-06T11:17:17Z</time>
    <extensions>
     <gpxdata:hr>114</gpxdata:hr>
     <gpxdata:distance>22439.00</gpxdata:distance>
     <gpxdata:speed>3.467</gpxdata:speed>
    </extensions>
   </trkpt>
   <trkpt lat="51.0551538" lon="13.7527669">
    <ele>104</ele>
    <time>2026-06-06T11:17:18Z</time>
    <extensions>
     <gpxdata:hr>114</gpxdata:hr>
     <gpxdata:distance>22442.00</gpxdata:distance>
     <gpxdata:speed>3.133</gpxdata:speed>
    </extensions>
   </trkpt>
   <trkpt lat="51.0551370" lon="13.7527283">
    <ele>104</ele>
    <time>2026-06-06T11:17:19Z</time>
    <extensions>
     <gpxdata:hr>116</gpxdata:hr>
     <gpxdata:distance>22445.50</gpxdata:distance>
     <gpxdata:speed>3.150</gpxdata:speed>
    </extensions>
   </trkpt>
   <trkpt lat="51.0551186" lon="13.7526854">
    <ele>104</ele>
    <time>2026-06-06T11:17:20Z</time>
    <extensions>
     <gpxdata:hr>116</gpxdata:hr>
     <gpxdata:distance>22449.00</gpxdata:distance>
     <gpxdata:speed>3.281</gpxdata:speed>
    </extensions>
   </trkpt>
   <trkpt lat="51.0550991" lon="13.7526352">
    <ele>104</ele>
    <time>2026-06-06T11:17:21Z</time>
    <extensions>
     <gpxdata:hr>116</gpxdata:hr>
     <gpxdata:distance>22453.00</gpxdata:distance>
     <gpxdata:speed>3.486</gpxdata:speed>
    </extensions>
   </trkpt>
   <trkpt lat="51.0550772" lon="13.7525772">
    <ele>104</ele>
    <time>2026-06-06T11:17:22Z</time>
    <extensions>
     <gpxdata:hr>116</gpxdata:hr>
     <gpxdata:distance>22457.00</gpxdata:distance>
     <gpxdata:speed>4.167</gpxdata:speed>
    </extensions>
   </trkpt>
   <trkpt lat="51.0550529" lon="13.7525122">
    <ele>104</ele>
    <time>2026-06-06T11:17:23Z</time>
    <extensions>
     <gpxdata:hr>116</gpxdata:hr>
     <gpxdata:distance>22463.00</gpxdata:distance>
     <gpxdata:speed>4.767</gpxdata:speed>
    </extensions>
   </trkpt>
   <trkpt lat="51.0550275" lon="13.7524419">
    <ele>104</ele>
    <time>2026-06-06T11:17:24Z</time>
    <extensions>
     <gpxdata:hr>117</gpxdata:hr>
     <gpxdata:distance>22469.00</gpxdata:distance>
     <gpxdata:speed>5.275</gpxdata:speed>
    </extensions>
   </trkpt>
   <trkpt lat="51.0550017" lon="13.7523688">
    <ele>104</ele>
    <time>2026-06-06T11:17:25Z</time>
    <extensions>
     <gpxdata:hr>118</gpxdata:hr>
     <gpxdata:distance>22475.00</gpxdata:distance>
     <gpxdata:speed>5.611</gpxdata:speed>
    </extensions>
   </trkpt>
   <trkpt lat="51.0549758" lon="13.7522946">
    <ele>104</ele>
    <time>2026-06-06T11:17:26Z</time>
    <extensions>
     <gpxdata:hr>119</gpxdata:hr>
     <gpxdata:distance>22481.00</gpxdata:distance>
     <gpxdata:speed>5.778</gpxdata:speed>
    </extensions>
   </trkpt>
   <trkpt lat="51.0549504" lon="13.7522198">
    <ele>105</ele>
    <time>2026-06-06T11:17:27Z</time>
    <extensions>
     <gpxdata:hr>120</gpxdata:hr>
     <gpxdata:distance>22486.50</gpxdata:distance>
     <gpxdata:speed>5.861</gpxdata:speed>
    </extensions>
   </trkpt>
   <trkpt lat="51.0549255" lon="13.7521446">
    <ele>105</ele>
    <time>2026-06-06T11:17:28Z</time>
    <extensions>
     <gpxdata:hr>121</gpxdata:hr>
     <gpxdata:distance>22492.00</gpxdata:distance>
     <gpxdata:speed>5.889</gpxdata:speed>
    </extensions>
   </trkpt>
   <trkpt lat="51.0548999" lon="13.7520702">
    <ele>105</ele>
    <time>2026-06-06T11:17:29Z</time>
    <extensions>
     <gpxdata:hr>124</gpxdata:hr>
     <gpxdata:distance>22498.00</gpxdata:distance>
     <gpxdata:speed>5.928</gpxdata:speed>
    </extensions>
   </trkpt>
   <trkpt lat="51.0548730" lon="13.7519972">
    <ele>105</ele>
    <time>2026-06-06T11:17:30Z</time>
    <extensions>
     <gpxdata:hr>126</gpxdata:hr>
     <gpxdata:distance>22504.00</gpxdata:distance>
     <gpxdata:speed>5.925</gpxdata:speed>
    </extensions>
   </trkpt>
   <trkpt lat="51.0548455" lon="13.7519252">
    <ele>105</ele>
    <time>2026-06-06T11:17:31Z</time>
    <extensions>
     <gpxdata:hr>127</gpxdata:hr>
     <gpxdata:distance>22510.00</gpxdata:distance>
     <gpxdata:speed>5.919</gpxdata:speed>
    </extensions>
   </trkpt>
   <trkpt lat="51.0548186" lon="13.7518529">
    <ele>105</ele>
    <time>2026-06-06T11:17:32Z</time>
    <extensions>
     <gpxdata:hr>126</gpxdata:hr>
     <gpxdata:distance>22516.00</gpxdata:distance>
     <gpxdata:speed>5.939</gpxdata:speed>
    </extensions>
   </trkpt>
   <trkpt lat="51.0547933" lon="13.7517800">
    <ele>105</ele>
    <time>2026-06-06T11:17:33Z</time>
    <extensions>
     <gpxdata:hr>124</gpxdata:hr>
     <gpxdata:distance>22522.00</gpxdata:distance>
     <gpxdata:speed>5.928</gpxdata:speed>
    </extensions>
   </trkpt>
   <trkpt lat="51.0547691" lon="13.7517071">
    <ele>105</ele>
    <time>2026-06-06T11:17:34Z</time>
    <extensions>
     <gpxdata:hr>122</gpxdata:hr>
     <gpxdata:distance>22528.00</gpxdata:distance>
     <gpxdata:speed>5.883</gpxdata:speed>
    </extensions>
   </trkpt>
   <trkpt lat="51.0547457" lon="13.7516352">
    <ele>105</ele>
    <time>2026-06-06T11:17:35Z</time>
    <extensions>
     <gpxdata:hr>121</gpxdata:hr>
     <gpxdata:distance>22533.50</gpxdata:distance>
     <gpxdata:speed>5.833</gpxdata:speed>
    </extensions>
   </trkpt>
   <trkpt lat="51.0547220" lon="13.7515646">
    <ele>105</ele>
    <time>2026-06-06T11:17:36Z</time>
    <extensions>
     <gpxdata:hr>120</gpxdata:hr>
     <gpxdata:distance>22539.00</gpxdata:distance>
     <gpxdata:speed>5.758</gpxdata:speed>
    </extensions>
   </trkpt>
   <trkpt lat="51.0546982" lon="13.7514958">
    <ele>105</ele>
    <time>2026-06-06T11:17:37Z</time>
    <extensions>
     <gpxdata:hr>120</gpxdata:hr>
     <gpxdata:distance>22544.50</gpxdata:distance>
     <gpxdata:speed>5.692</gpxdata:speed>
    </extensions>
   </trkpt>
   <trkpt lat="51.0546743" lon="13.7514296">
    <ele>105</ele>
    <time>2026-06-06T11:17:38Z</time>
    <extensions>
     <gpxdata:hr>120</gpxdata:hr>
     <gpxdata:distance>22550.00</gpxdata:distance>
     <gpxdata:speed>5.606</gpxdata:speed>
    </extensions>
   </trkpt>
   <trkpt lat="51.0546513" lon="13.7513672">
    <ele>105</ele>
    <time>2026-06-06T11:17:39Z</time>
    <extensions>
     <gpxdata:hr>121</gpxdata:hr>
     <gpxdata:distance>22555.00</gpxdata:distance>
     <gpxdata:speed>5.489</gpxdata:speed>
    </extensions>
   </trkpt>
   <trkpt lat="51.0546305" lon="13.7513105">
    <ele>105</ele>
    <time>2026-06-06T11:17:40Z</time>
    <extensions>
     <gpxdata:hr>121</gpxdata:hr>
     <gpxdata:distance>22560.00</gpxdata:distance>
     <gpxdata:speed>5.058</gpxdata:speed>
    </extensions>
   </trkpt>
   <trkpt lat="51.0546125" lon="13.7512594">
    <ele>105</ele>
    <time>2026-06-06T11:17:41Z</time>
    <extensions>
     <gpxdata:hr>122</gpxdata:hr>
     <gpxdata:distance>22563.50</gpxdata:distance>
     <gpxdata:speed>4.536</gpxdata:speed>
    </extensions>
   </trkpt>
   <trkpt lat="51.0545969" lon="13.7512123">
    <ele>106</ele>
    <time>2026-06-06T11:17:42Z</time>
    <extensions>
     <gpxdata:hr>122</gpxdata:hr>
     <gpxdata:distance>22567.00</gpxdata:distance>
     <gpxdata:speed>4.064</gpxdata:speed>
    </extensions>
   </trkpt>
   <trkpt lat="51.0545822" lon="13.7511676">
    <ele>106</ele>
    <time>2026-06-06T11:17:43Z</time>
    <extensions>
     <gpxdata:hr>123</gpxdata:hr>
     <gpxdata:distance>22570.50</gpxdata:distance>
     <gpxdata:speed>3.747</gpxdata:speed>
    </extensions>
   </trkpt>
   <trkpt lat="51.0545669" lon="13.7511259">
    <ele>106</ele>
    <time>2026-06-06T11:17:44Z</time>
    <extensions>
     <gpxdata:hr>122</gpxdata:hr>
     <gpxdata:distance>22574.00</gpxdata:distance>
     <gpxdata:speed>3.592</gpxdata:speed>
    </extensions>
   </trkpt>
   <trkpt lat="51.0545507" lon="13.7510855">
    <ele>106</ele>
    <time>2026-06-06T11:17:45Z</time>
    <extensions>
     <gpxdata:hr>122</gpxdata:hr>
     <gpxdata:distance>22577.50</gpxdata:distance>
     <gpxdata:speed>3.444</gpxdata:speed>
    </extensions>
   </trkpt>
   <trkpt lat="51.0545349" lon="13.7510444">
    <ele>106</ele>
    <time>2026-06-06T11:17:46Z</time>
    <extensions>
     <gpxdata:hr>121</gpxdata:hr>
     <gpxdata:distance>22581.00</gpxdata:distance>
     <gpxdata:speed>3.406</gpxdata:speed>
    </extensions>
   </trkpt>
   <trkpt lat="51.0545200" lon="13.7510026">
    <ele>106</ele>
    <time>2026-06-06T11:17:47Z</time>
    <extensions>
     <gpxdata:hr>120</gpxdata:hr>
     <gpxdata:distance>22584.50</gpxdata:distance>
     <gpxdata:speed>3.414</gpxdata:speed>
    </extensions>
   </trkpt>
   <trkpt lat="51.0545057" lon="13.7509609">
    <ele>106</ele>
    <time>2026-06-06T11:17:48Z</time>
    <extensions>
     <gpxdata:hr>120</gpxdata:hr>
     <gpxdata:distance>22588.00</gpxdata:distance>
     <gpxdata:speed>3.381</gpxdata:speed>
    </extensions>
   </trkpt>
   <trkpt lat="51.0544925" lon="13.7509195">
    <ele>106</ele>
    <time>2026-06-06T11:17:49Z</time>
    <extensions>
     <gpxdata:hr>119</gpxdata:hr>
     <gpxdata:distance>22591.00</gpxdata:distance>
     <gpxdata:speed>3.325</gpxdata:speed>
    </extensions>
   </trkpt>
   <trkpt lat="51.0544808" lon="13.7508789">
    <ele>106</ele>
    <time>2026-06-06T11:17:50Z</time>
    <extensions>
     <gpxdata:hr>118</gpxdata:hr>
     <gpxdata:distance>22594.00</gpxdata:distance>
     <gpxdata:speed>3.239</gpxdata:speed>
    </extensions>
   </trkpt>
   <trkpt lat="51.0544697" lon="13.7508386">
    <ele>106</ele>
    <time>2026-06-06T11:17:51Z</time>
    <extensions>
     <gpxdata:hr>118</gpxdata:hr>
     <gpxdata:distance>22597.00</gpxdata:distance>
     <gpxdata:speed>3.142</gpxdata:speed>
    </extensions>
   </trkpt>
   <trkpt lat="51.0544581" lon="13.7507985">
    <ele>106</ele>
    <time>2026-06-06T11:17:52Z</time>
    <extensions>
     <gpxdata:hr>118</gpxdata:hr>
     <gpxdata:distance>22600.00</gpxdata:distance>
     <gpxdata:speed>3.103</gpxdata:speed>
    </extensions>
   </trkpt>
   <trkpt lat="51.0544456" lon="13.7507576">
    <ele>106</ele>
    <time>2026-06-06T11:17:53Z</time>
    <extensions>
     <gpxdata:hr>118</gpxdata:hr>
     <gpxdata:distance>22603.00</gpxdata:distance>
     <gpxdata:speed>3.103</gpxdata:speed>
    </extensions>
   </trkpt>
   <trkpt lat="51.0544322" lon="13.7507142">
    <ele>106</ele>
    <time>2026-06-06T11:17:54Z</time>
    <extensions>
     <gpxdata:hr>117</gpxdata:hr>
     <gpxdata:distance>22606.00</gpxdata:distance>
     <gpxdata:speed>3.150</gpxdata:speed>
    </extensions>
   </trkpt>
   <trkpt lat="51.0544190" lon="13.7506688">
    <ele>106</ele>
    <time>2026-06-06T11:17:55Z</time>
    <extensions>
     <gpxdata:hr>117</gpxdata:hr>
     <gpxdata:distance>22610.00</gpxdata:distance>
     <gpxdata:speed>3.264</gpxdata:speed>
    </extensions>
   </trkpt>
   <trkpt lat="51.0544068" lon="13.7506251">
    <ele>106</ele>
    <time>2026-06-06T11:17:56Z</time>
    <extensions>
     <gpxdata:hr>116</gpxdata:hr>
     <gpxdata:distance>22614.00</gpxdata:distance>
     <gpxdata:speed>3.364</gpxdata:speed>
    </extensions>
   </trkpt>
   <trkpt lat="51.0543961" lon="13.7505856">
    <ele>106</ele>
    <time>2026-06-06T11:17:57Z</time>
    <extensions>
     <gpxdata:hr>115</gpxdata:hr>
     <gpxdata:distance>22616.50</gpxdata:distance>
     <gpxdata:speed>3.314</gpxdata:speed>
    </extensions>
   </trkpt>
   <trkpt lat="51.0543867" lon="13.7505502">
    <ele>106</ele>
    <time>2026-06-06T11:17:58Z</time>
    <extensions>
     <gpxdata:hr>115</gpxdata:hr>
     <gpxdata:distance>22619.00</gpxdata:distance>
     <gpxdata:speed>3.147</gpxdata:speed>
    </extensions>
   </trkpt>
   <trkpt lat="51.0543822" lon="13.7505317">
    <ele>106</ele>
    <time>2026-06-06T11:17:59Z</time>
    <extensions>
     <gpxdata:hr>114</gpxdata:hr>
     <gpxdata:distance>22621.50</gpxdata:distance>
     <gpxdata:speed>2.936</gpxdata:speed>
    </extensions>
   </trkpt>
   <trkpt lat="51.0543766" lon="13.7505076">
    <ele>106</ele>
    <time>2026-06-06T11:18:00Z</time>
    <extensions>
     <gpxdata:hr>114</gpxdata:hr>
     <gpxdata:distance>22624.00</gpxdata:distance>
     <gpxdata:speed>2.647</gpxdata:speed>
    </extensions>
   </trkpt>
   <trkpt lat="51.0543704" lon="13.7504808">
    <ele>106</ele>
    <time>2026-06-06T11:18:01Z</time>
    <extensions>
     <gpxdata:hr>114</gpxdata:hr>
     <gpxdata:distance>22626.00</gpxdata:distance>
     <gpxdata:speed>2.347</gpxdata:speed>
    </extensions>
   </trkpt>
   <trkpt lat="51.0543636" lon="13.7504532">
    <ele>106</ele>
    <time>2026-06-06T11:18:02Z</time>
    <extensions>
     <gpxdata:hr>113</gpxdata:hr>
     <gpxdata:distance>22628.00</gpxdata:distance>
     <gpxdata:speed>2.225</gpxdata:speed>
    </extensions>
   </trkpt>
   <trkpt lat="51.0543564" lon="13.7504250">
    <ele>106</ele>
    <time>2026-06-06T11:18:03Z</time>
    <extensions>
     <gpxdata:hr>113</gpxdata:hr>
     <gpxdata:distance>22630.00</gpxdata:distance>
     <gpxdata:speed>2.169</gpxdata:speed>
    </extensions>
   </trkpt>
   <trkpt lat="51.0543487" lon="13.7503959">
    <ele>106</ele>
    <time>2026-06-06T11:18:04Z</time>
    <extensions>
     <gpxdata:hr>113</gpxdata:hr>
     <gpxdata:distance>22632.00</gpxdata:distance>
     <gpxdata:speed>2.178</gpxdata:speed>
    </extensions>
   </trkpt>
   <trkpt lat="51.0543399" lon="13.7503641">
    <ele>106</ele>
    <time>2026-06-06T11:18:05Z</time>
    <extensions>
     <gpxdata:hr>111</gpxdata:hr>
     <gpxdata:distance>22635.00</gpxdata:distance>
     <gpxdata:speed>2.286</gpxdata:speed>
    </extensions>
   </trkpt>
   <trkpt lat="51.0543302" lon="13.7503289">
    <ele>106</ele>
    <time>2026-06-06T11:18:06Z</time>
    <extensions>
     <gpxdata:hr>111</gpxdata:hr>
     <gpxdata:distance>22638.00</gpxdata:distance>
     <gpxdata:speed>2.558</gpxdata:speed>
    </extensions>
   </trkpt>
   <trkpt lat="51.0543198" lon="13.7502902">
    <ele>106</ele>
    <time>2026-06-06T11:18:07Z</time>
    <extensions>
     <gpxdata:hr>110</gpxdata:hr>
     <gpxdata:distance>22641.00</gpxdata:distance>
     <gpxdata:speed>2.797</gpxdata:speed>
    </extensions>
   </trkpt>
   <trkpt lat="51.0543088" lon="13.7502493">
    <ele>106</ele>
    <time>2026-06-06T11:18:08Z</time>
    <extensions>
     <gpxdata:hr>109</gpxdata:hr>
     <gpxdata:distance>22644.00</gpxdata:distance>
     <gpxdata:speed>2.972</gpxdata:speed>
    </extensions>
   </trkpt>
   <trkpt lat="51.0542900" lon="13.7501820">
    <ele>106</ele>
    <time>2026-06-06T11:18:09Z</time>
    <extensions>
     <gpxdata:hr>109</gpxdata:hr>
     <gpxdata:distance>22647.50</gpxdata:distance>
     <gpxdata:speed>3.094</gpxdata:speed>
    </extensions>
   </trkpt>
   <trkpt lat="51.0542767" lon="13.7501361">
    <ele>106</ele>
    <time>2026-06-06T11:18:10Z</time>
    <extensions>
     <gpxdata:hr>109</gpxdata:hr>
     <gpxdata:distance>22651.00</gpxdata:distance>
     <gpxdata:speed>3.158</gpxdata:speed>
    </extensions>
   </trkpt>
   <trkpt lat="51.0542647" lon="13.7500959">
    <ele>106</ele>
    <time>2026-06-06T11:18:11Z</time>
    <extensions>
     <gpxdata:hr>110</gpxdata:hr>
     <gpxdata:distance>22654.00</gpxdata:distance>
     <gpxdata:speed>3.158</gpxdata:speed>
    </extensions>
   </trkpt>
   <trkpt lat="51.0542524" lon="13.7500572">
    <ele>105</ele>
    <time>2026-06-06T11:18:12Z</time>
    <extensions>
     <gpxdata:hr>110</gpxdata:hr>
     <gpxdata:distance>22657.00</gpxdata:distance>
     <gpxdata:speed>3.108</gpxdata:speed>
    </extensions>
   </trkpt>
   <trkpt lat="51.0542392" lon="13.7500183">
    <ele>105</ele>
    <time>2026-06-06T11:18:13Z</time>
    <extensions>
     <gpxdata:hr>110</gpxdata:hr>
     <gpxdata:distance>22660.00</gpxdata:distance>
     <gpxdata:speed>3.039</gpxdata:speed>
    </extensions>
   </trkpt>
   <trkpt lat="51.0542254" lon="13.7499794">
    <ele>105</ele>
    <time>2026-06-06T11:18:14Z</time>
    <extensions>
     <gpxdata:hr>111</gpxdata:hr>
     <gpxdata:distance>22663.00</gpxdata:distance>
     <gpxdata:speed>3.125</gpxdata:speed>
    </extensions>
   </trkpt>
   <trkpt lat="51.0542125" lon="13.7499412">
    <ele>105</ele>
    <time>2026-06-06T11:18:15Z</time>
    <extensions>
     <gpxdata:hr>113</gpxdata:hr>
     <gpxdata:distance>22666.00</gpxdata:distance>
     <gpxdata:speed>3.139</gpxdata:speed>
    </extensions>
   </trkpt>
   <trkpt lat="51.0542013" lon="13.7499043">
    <ele>105</ele>
    <time>2026-06-06T11:18:16Z</time>
    <extensions>
     <gpxdata:hr>113</gpxdata:hr>
     <gpxdata:distance>22669.00</gpxdata:distance>
     <gpxdata:speed>3.058</gpxdata:speed>
    </extensions>
   </trkpt>
   <trkpt lat="51.0541956" lon="13.7498837">
    <ele>105</ele>
    <time>2026-06-06T11:18:17Z</time>
    <extensions>
     <gpxdata:hr>113</gpxdata:hr>
     <gpxdata:distance>22671.50</gpxdata:distance>
     <gpxdata:speed>2.950</gpxdata:speed>
    </extensions>
   </trkpt>
   <trkpt lat="51.0541882" lon="13.7498545">
    <ele>105</ele>
    <time>2026-06-06T11:18:18Z</time>
    <extensions>
     <gpxdata:hr>112</gpxdata:hr>
     <gpxdata:distance>22674.00</gpxdata:distance>
     <gpxdata:speed>2.856</gpxdata:speed>
    </extensions>
   </trkpt>
   <trkpt lat="51.0541797" lon="13.7498201">
    <ele>105</ele>
    <time>2026-06-06T11:18:19Z</time>
    <extensions>
     <gpxdata:hr>111</gpxdata:hr>
     <gpxdata:distance>22677.00</gpxdata:distance>
     <gpxdata:speed>2.836</gpxdata:speed>
    </extensions>
   </trkpt>
  </trkseg>
 </trk>
</gpx>
